-1.8961,-1.8686,-1.8586,-1.8476,-1.8696,-1.8659,-1.8174,-1.7862,-1.7643,-1.7423,-1.7158,-1.681,-1.6544,-1.6269,-1.5738,-1.5894,-1.5482,-1.5793,-1.5455,-1.4274,-1.3935,-1.2342,-1.0428,-0.85513,-0.49623,0.066836,0.23621,0.23896,0.49532,0.11444,-0.9714,-1.5546,-2.7046,-3.4571,-3.3445,-2.5727,-1.5574,-0.66103,0.1767,0.53102,0.66652,1.3926,1.182,1.1023,0.82858,0.82217,0.88351,0.90365,0.93204,1.0465,1.2268,1.1042,1.1032,0.98148,0.62899,0.014649,-0.071413,0.020142,0.017396,0.271,0.32594,0.48708,0.42848,0.27467,0.19044,0.20875
-1.388,-1.2973,-1.1197,-1.1124,-0.91464,-0.92654,-1.0511,-1.2864,-1.4383,-1.5061,-1.6608,-1.8888,-1.8769,-1.9016,-1.9703,-1.9849,-1.9941,-1.8906,-1.7551,-1.757,-1.8036,-1.7579,-1.7075,-1.6398,-1.5683,-1.4338,-1.355,-1.2552,-1.1673,-1.0007,-1.117,-1.6416,-2.3457,-2.6167,-2.786,-2.2715,-1.4035,-0.78646,0.063173,0.67019,0.90182,1.0868,0.90732,0.89084,0.72512,0.56032,0.53194,0.46144,0.57497,0.46876,0.61983,0.70956,0.68209,0.45045,0.30763,0.4001,0.55574,0.80386,0.67843,0.37263,0.31312,0.24262,0.29756,0.3177,0.23164,0.20234
-1.4667,-1.4164,-1.3825,-1.3935,-1.3788,-1.3688,-1.4274,-1.4328,-1.3825,-1.2259,-1.1939,-1.193,-1.3193,-1.2708,-1.214,-1.1069,-1.008,-0.93478,-0.9064,-0.86428,-0.78463,-0.86978,-0.87802,-0.7828,-0.57588,-0.44954,-0.45137,-0.20417,0.3589,0.14649,-1.1481,-2.6798,-4.228,-5.1299,-3.3747,-1.5043,0.86795,1.5143,1.312,0.60152,0.26551,0.61983,0.48433,0.48433,0.58321,0.36256,0.44954,0.65004,0.75076,0.53194,0.44862,0.45686,0.55483,0.82492,0.76724,0.70223,0.66561,0.43764,0.18128,0.25819,0.47243,0.45595,0.40193,0.27192,0.24171,0.16297
-1.7148,-1.7093,-1.7185,-1.7798,-1.8229,-1.8101,-1.7982,-1.8897,-1.8705,-1.8274,-1.7286,-1.7414,-1.6315,-1.605,-1.475,-1.4457,-1.4887,-1.4713,-1.3495,-1.3587,-1.41,-1.4237,-1.3697,-1.4475,-1.3999,-1.41,-1.4109,-1.5418,-1.2177,-0.75716,-0.059511,0.50172,0.93753,0.72512,-0.30946,-1.431,-2.5205,-3.6677,-2.7027,-0.67202,1.4731,1.9474,1.5354,0.87069,0.56764,0.7242,0.85421,1.0446,0.85788,0.90823,1.149,1.2864,1.2397,1.0263,0.68484,0.32411,-0.058596,-0.11719,-0.21973,-0.31953,-0.38728,-0.38728,-0.32594,-0.26643,-0.21607,-1.6434
-1.4951,-1.3431,-1.2195,-1.1417,-1.1051,-1.106,-1.0657,-0.92654,-0.87985,-0.84048,-0.89358,-0.99246,-1.1032,-1.268,-1.4649,-1.6205,-1.6938,-1.7167,-1.7945,-1.8604,-1.8082,-1.6974,-1.6645,-1.3898,-1.323,-1.1124,-0.79653,-0.94485,-1.3532,-2.1973,-3.0799,-3.5047,-3.2795,-2.1204,-1.1847,-0.42024,0.04944,0.10071,0.39003,0.6299,0.65645,0.36531,0.42116,0.6592,0.65371,0.61159,0.46236,0.58229,0.62532,0.72329,0.69491,0.47792,0.63173,1.0584,1.2626,1.5281,1.0474,0.6418,0.30122,0.073244,0.031129,0.033876,0.15015,0.07416,0.13733,-1.5226
-1.4814,-1.4594,-1.5455,-1.6086,-1.6681,-1.529,-1.4274,-1.3953,-1.4136,-1.4438,-1.3385,-1.2772,-1.3056,-1.3257,-1.2909,-1.2616,-1.2845,-1.171,-1.1225,-1.0099,-0.76174,-0.43672,-0.16572,0.10895,0.45228,0.75076,1.1884,0.97964,0.52187,-0.55391,-2.5974,-3.6732,-1.8989,0.81759,2.3429,2.7055,1.7112,0.1529,0.0027467,-0.085147,0.23713,0.52919,0.43123,0.40651,0.40468,0.32594,0.31129,0.24903,0.18128,0.6711,0.56124,0.92288,1.1042,0.70956,0.31861,-0.62899,-0.72695,-0.3003,-0.13276,-0.030213,0.099796,0.20875,0.3534,0.2298,0.096133,-2.0014
-1.9437,-1.9144,-1.8284,-1.5702,-1.3102,-1.3065,-1.1756,-1.1014,-1.1261,-1.3898,-1.616,-1.7643,-1.8448,-1.8696,-1.7011,-1.5738,-1.54,-1.5436,-1.4548,-1.2918,-1.0776,-0.83865,-0.56764,-0.15564,-0.1474,0.39186,0.70956,0.62807,0.13642,-0.86795,-2.2907,-3.372,-2.8401,-0.69308,1.6727,2.2321,2.0856,0.50813,-0.030213,0.079653,0.20417,0.20051,0.23164,0.37996,0.37446,0.35615,0.17121,0.11261,-0.12909,0.045778,0.45137,0.62716,0.78372,0.65096,0.26917,-0.075076,-0.412,-0.51454,-0.43855,-0.2765,0.099796,0.43397,0.47792,0.59969,0.66012,-1.5253
-1.5445,-1.5308,-1.4905,-1.4447,-1.4191,-1.2799,-1.2387,-1.2049,-1.0483,-1.0538,-1.0089,-0.84964,-0.53652,-0.37629,-0.55116,-1.0025,-1.2406,-1.128,-1.1509,-1.0639,-1.0703,-1.1115,-1.1518,-1.1573,-1.0428,-0.83865,-0.4413,-0.32777,-0.82766,-1.5958,-2.7888,-4.6318,-4.6025,-3.4645,-1.7469,-0.11536,1.0831,0.9714,0.88168,0.63448,0.53743,0.36439,0.37263,0.33235,0.31129,0.31129,0.33967,0.48891,0.57405,1.0154,1.3569,1.4658,2.1085,1.9749,1.2918,0.94852,0.031129,0.069582,0.0054933,-0.15107,-0.027467,0.19227,0.30488,0.33509,0.29115,-1.5601
-1.5363,-1.5125,-1.4585,-1.4237,-1.3724,-1.3166,-1.2864,-1.2616,-1.3321,-1.3523,-1.3862,-1.3633,-1.2708,-1.2387,-1.2644,-1.3312,-1.2745,-1.2424,-1.1609,-1.2296,-1.3349,-1.2571,-1.0291,-0.52187,-0.39003,-0.060427,0.033876,-0.35615,-1.323,-2.8593,-5.2736,-6.169,-5.3185,-2.9115,-0.95218,0.4001,1.1536,0.78372,0.43855,0.33509,0.35798,0.15198,0.19868,0.095218,0.21241,0.21699,0.31678,0.3534,0.64547,0.74343,0.7709,0.94485,0.89267,1.138,1.6526,0.96591,0.53652,0.38636,0.25269,0.07416,0.040284,-0.0018311,0.017396,0.11994,0.20783,-1.5217
-1.4988,-1.4246,-1.333,-1.2845,-1.2287,-1.1838,-1.1362,-1.0566,-1.2223,-1.2442,-1.333,-1.4768,-1.6535,-1.68,-1.7396,-1.7734,-1.7103,-1.6938,-1.6416,-1.5848,-1.4841,-1.4209,-1.3184,-1.247,-1.052,-0.78188,-0.35432,-0.47243,-1.095,-2.0298,-3.4663,-4.5036,-4.6648,-3.6229,-2.19,-1.1673,-0.29756,0.34974,0.20234,0.29023,0.33418,0.44771,0.47792,0.41932,0.18128,0.23164,0.30488,0.37996,0.36897,0.54476,0.69674,0.91189,0.89816,0.79653,0.7654,0.85238,1.2525,0.82949,0.44404,0.28291,0.21699,0.16938,0.16297,0.20051,0.3534,-1.4429
-1.5473,-1.5867,-1.5784,-1.5812,-1.5775,-1.4905,-1.4978,-1.4978,-1.5189,-1.4896,-1.474,-1.4704,-1.5821,-1.5226,-1.453,-1.4585,-1.279,-1.1023,-0.93204,-0.7242,-0.60884,-0.85788,-1.0456,-0.90274,-0.27558,0.49989,0.91372,0.11628,-1.3248,-2.4747,-3.1623,-2.9078,1.8494,-0.64364,-0.95859,-0.69399,-0.477,-0.54018,-0.15015,-0.35615,-0.6061,-0.56215,-0.63265,-0.63173,-0.6711,-0.74343,-0.5649,-0.16205,-0.48067,-0.88534,-1.0675,-1.0007,-0.96133,-0.95401,-0.92929,-0.87619,-0.70132,-0.68117,-0.62075,-0.64913,-0.7178,-0.77273,-0.9476,-1.0611,-1.0263,-1.6947
-1.7331,-1.778,-1.7634,-1.7615,-1.7331,-1.6874,-1.778,-1.6984,-1.6169,-1.5885,-1.529,-1.5116,-1.5592,-1.5079,-1.377,-1.204,-1.1179,-0.965,-0.95035,-0.90548,-0.78646,-0.5942,-0.40376,-0.22431,-0.019227,0.11811,-0.13367,-0.87436,-1.5381,-2.0783,-1.659,1.6462,-0.62258,-1.29,-1.3559,-0.65737,-0.45137,-0.20142,-0.21149,-0.42482,-0.35524,-0.39277,-0.18128,-0.15564,-0.34333,-0.36164,-0.46327,-0.58321,-0.70223,-0.93661,-1.2122,-1.3862,-1.2983,-0.89541,-0.74252,-0.49074,-0.48158,-0.4944,-0.55574,-0.47334,-0.5063,-0.38545,-0.42207,-0.45595,-0.88717,-1.5574
-1.5583,-1.5638,-1.529,-1.529,-1.4686,-1.5052,-1.6269,-1.6269,-1.6581,-1.67,-1.6443,-1.616,-1.6498,-1.6938,-1.6379,-1.5619,-1.4585,-1.4081,-1.3266,-1.2021,-0.99887,-0.63631,-0.35066,-0.26002,-0.17396,0.067751,0.73519,1.3129,0.42482,-1.5583,-3.0992,-1.8256,-2.4372,-2.9371,-1.0758,-2.3548,-0.38362,-0.96133,-0.89633,-0.19868,-0.31495,-0.44404,-0.04944,0.12818,-0.02472,-0.18311,-0.38545,-0.683,-0.8826,-1.0785,-1.2067,-1.3486,-1.1197,-1.0822,-0.94943,-0.75808,-0.6766,-0.56215,-0.412,-0.3827,-0.49989,-0.63173,-0.69399,-0.87069,-0.87161,-1.7048
-1.7038,-1.6956,-1.6691,-1.6599,-1.6535,-1.6343,-1.6672,-1.6379,-1.5976,-1.5839,-1.4905,-1.4356,-1.3816,-1.301,-1.2964,-1.2598,-1.2076,-1.2506,-1.2085,-1.1655,-1.0749,-0.73428,-0.44771,0.053102,-0.043947,0.2179,0.018311,-0.19044,-1.6718,-2.2367,-2.1332,-0.94668,-1.8577,-1.42,-1.1783,-1.2415,-0.39094,-1.1637,-1.052,-0.55666,-0.43489,-0.096133,-0.2234,-0.26368,-0.34883,-0.49074,-0.70681,-0.87069,-0.92929,-1.1472,-1.2626,-1.2845,-1.2131,-1.0639,-0.82675,-0.65188,-0.49165,-0.34333,-0.41749,-0.40559,-0.5182,-0.67843,-0.70956,-0.84597,-0.99063,-1.7194
-1.7075,-1.6462,-1.6141,-1.5867,-1.5894,-1.54,-1.5775,-1.572,-1.5574,-1.5088,-1.5116,-1.5308,-1.5455,-1.6306,-1.6617,-1.6947,-1.6105,-1.4209,-1.1994,-1.0556,-0.86154,-0.63906,-0.36897,-0.085147,0.12177,0.26917,0.56124,1.258,-0.19044,-1.9712,-3.5633,-2.4976,-2.6679,-1.2369,-2.0737,-0.92563,-0.89175,-0.97049,-0.90548,-0.2591,-0.15839,-0.096133,-0.056764,-0.018311,-0.20051,-0.42848,-0.60793,-0.82125,-0.84323,-0.86703,-0.759,-0.65554,-0.57863,-0.53468,-0.54384,-0.5063,-0.46785,-0.42756,-0.55391,-0.68026,-0.76449,-0.74068,-0.70864,-0.70589,-0.67751,-1.681
-1.6828,-1.5876,-1.5986,-1.6398,-1.6297,-1.6462,-1.6691,-1.6507,-1.6251,-1.4383,-1.2452,-1.236,-1.3834,-1.5088,-1.5125,-1.464,-1.2909,-1.3065,-1.2726,-0.98605,-0.60152,-0.22431,0.0018311,0.15107,0.19227,0.553,0.96133,0.37721,-1.5235,-3.1724,-4.5476,-5.4613,-5.1692,-2.9463,-1.0547,-1.4512,-0.24445,-0.54109,-0.49715,-0.3177,-0.048524,-0.036622,0.0027467,-0.18677,-0.24171,-0.3122,-0.42207,-0.52919,-0.79196,-0.81942,-0.60244,-0.4944,-0.43672,-0.4294,-0.3296,-0.36897,-0.24812,-0.28565,-0.36622,-0.42024,-0.52919,-0.66836,-0.7242,-0.73519,-0.88168,-1.68
-1.68,-1.6544,-1.6187,-1.6205,-1.5793,-1.518,-1.4713,-1.4603,-1.4777,-1.5931,-1.7808,-1.8485,-1.8091,-1.724,-1.4969,-1.3733,-1.3697,-1.3038,-1.1692,-0.93478,-0.67843,-0.52095,-0.13001,0.025636,0.20508,0.4944,1.3422,1.2717,-1.2204,-3.3345,-4.3965,-4.4258,-3.599,-2.374,-2.0389,-1.5253,-0.4001,-0.57405,-0.77364,-0.95126,-0.10529,-0.1767,-0.13184,-0.22065,-0.28748,-0.42116,-0.58321,-0.72604,-0.79287,-0.91647,-1.0712,-1.1719,-1.019,-0.86062,-0.74068,-0.72695,-0.73244,-0.73153,-0.73611,-0.90365,-0.93844,-1.0886,-1.0016,-1.1316,-1.1893,-1.605
-1.6031,-1.5583,-1.561,-1.5839,-1.5143,-1.475,-1.42,-1.3752,-1.3385,-1.3916,-1.5098,-1.55,-1.5738,-1.6773,-1.6837,-1.5693,-1.4237,-1.2214,-1.0794,-0.94577,-0.66286,-0.27375,-0.072329,0.01648,0.27009,0.46327,1.2598,0.96591,-1.7176,-3.2081,-5.4128,-5.822,-4.1932,-1.767,-1.9721,-1.2104,-0.58504,-0.87893,-0.61525,-0.39735,-0.40559,-0.48067,-0.43031,-0.22156,-0.38453,-0.5063,-0.62349,-0.86428,-0.99887,-1.0822,-1.2195,-1.2433,-1.1655,-1.073,-0.91098,-0.7828,-0.62807,-0.73336,-0.70589,-0.86795,-1.0538,-1.1664,-1.2745,-1.3642,-1.2882,-1.6544
-1.6398,-1.5702,-1.474,-1.4136,-1.2946,-1.1225,-1.0163,-1.2278,-1.5885,-1.8247,-1.7936,-1.7103,-1.6059,-1.4951,-1.6297,-1.7322,-1.615,-1.572,-1.3733,-1.1527,-1.0959,-0.92105,-0.56948,-0.14008,0.23347,0.34883,0.49165,0.80752,0.68575,-1.6498,-3.5258,-5.1646,-2.7741,-0.81942,-2.7595,-1.6187,-1.3962,-0.93295,-0.70589,-0.56032,-0.35157,-0.39003,-0.45778,-0.65004,-0.5942,-0.59786,-0.73153,-0.83682,-0.81668,-0.85696,-0.9714,-0.86886,-0.86062,-0.87527,-0.93295,-0.91189,-0.81851,-0.79836,-0.73977,-0.77639,-0.89999,-1.0254,-1.0804,-1.0016,-0.95309,-1.6379
-1.5629,-1.4695,-1.4136,-1.3395,-1.2754,-1.2424,-1.1966,-1.0858,-1.0446,-1.0675,-1.1719,-1.3889,-1.6663,-1.8796,-2.19,-2.3045,-2.3136,-2.2019,-1.9355,-1.4402,-1.1408,-0.46419,0.17945,0.48524,0.15473,-0.035707,0.36348,0.7297,-0.61159,-2.3475,-3.6814,-4.3095,-3.0625,-0.31953,-0.6418,-1.6855,-0.68758,-0.74343,-0.42299,-0.51546,-0.46785,-0.26826,-0.34242,-0.44313,-0.53743,-0.72787,-0.93387,-1.1563,-1.2854,-1.4283,-1.4328,-1.551,-1.5629,-1.6306,-1.4887,-1.5162,-1.3559,-1.214,-0.95859,-0.92471,-0.82492,-0.85604,-0.88443,-0.93936,-1.0144,-1.648
-1.6315,-1.518,-1.5262,-1.5885,-1.5857,-1.6443,-1.6269,-1.6681,-1.7258,-1.6755,-1.7808,-1.8879,-1.7853,-1.6279,-1.5995,-1.5976,-1.4722,-1.2497,-0.96316,-0.61251,-0.46602,-0.40742,-0.38087,-0.20325,0.015564,0.15931,0.28932,0.40834,-1.9758,-3.4315,-5.3706,-6.2322,-4.0431,-2.8016,-2.1369,-1.3056,-0.71596,-0.42207,-0.40925,-0.45228,-0.49715,-0.44313,-0.43031,-0.3589,-0.41292,-0.48982,-0.58779,-0.69948,-0.95035,-1.1097,-1.3147,-1.4512,-1.6746,-1.6993,-1.4942,-1.3614,-1.1563,-1.0611,-0.94852,-0.95126,-0.95859,-0.91556,-0.88809,-0.93478,-1.0053,-1.6865
-1.6883,-1.6773,-1.6819,-1.5931,-1.5445,-1.6178,-1.4347,-1.4173,-1.3724,-1.4951,-1.4722,-1.485,-1.3688,-1.3852,-1.4191,-1.4145,-1.4557,-1.4942,-1.6214,-1.6315,-1.7029,-1.5162,-1.2882,-0.96042,-0.84414,-0.36714,0.15107,-0.036622,-0.67202,0.25452,-0.09888,-0.30763,-0.48524,-0.1474,0.67568,0.52736,0.79562,0.74068,0.50813,0.39552,0.31953,0.18036,0.0054933,0.19868,0.13642,0.19044,0.12543,0.072329,0.064089,-0.054933,0.18952,0.23347,0.20234,0.11353,0.064089,0.075991,0.14649,0.11902,0.054018,0.17945,0.22614,0.25819,0.21607,0.18403,0.11078,-1.4557
-1.3504,-1.2671,-1.1655,-1.1655,-1.2287,-1.4695,-1.5537,-1.7707,-1.7908,-1.9208,-1.8705,-2.0234,-2.0875,-1.9556,-1.9373,-1.9346,-1.8485,-1.6993,-1.2918,-1.1353,-1.0831,-0.86978,-0.5237,-0.22706,-0.14649,0.052187,0.17762,0.40925,0.48433,0.75716,1.6068,-0.206,0.062258,0.96774,1.2177,2.2861,1.6388,1.4988,0.3708,0.017396,-0.2234,-0.39003,-0.33509,-0.066836,0.056764,0.029298,0.1355,0.16755,0.039369,0.036622,0.12635,0.21699,0.26551,0.32136,0.24445,0.25178,0.43306,0.38087,0.26002,0.2472,0.29206,0.29298,0.38179,0.50447,0.5182,-2.1076
-2.0856,-2.1003,-2.0142,-1.9126,-1.7743,-1.6965,-1.6095,-1.4832,-1.4502,-1.4154,-1.409,-1.3541,-1.4603,-1.3935,-1.4841,-1.4795,-1.3825,-1.1673,-1.0254,-0.58412,-0.025636,0.065004,0.018311,-0.12452,-0.26002,-0.94852,-2.0426,-2.5983,-2.9984,-3.2017,-2.1873,-2.797,-1.7304,-0.53468,0.40651,0.11353,0.74801,1.6691,1.4109,1.6324,1.5821,1.2534,0.78005,0.30213,0.11444,0.17029,0.18677,0.15107,0.05768,0.17212,0.32777,0.35432,0.20783,0.16388,0.084231,0.059511,0.25178,0.25452,0.18677,0.21058,0.24445,0.26643,0.36531,0.33326,0.39003,-1.8906
-1.9263,-1.9153,-1.9556,-1.897,-1.9456,-1.8201,-1.7158,-1.5665,-1.4228,-1.2131,-0.99063,-0.82858,-0.63631,-0.6711,-0.62716,-0.94394,-0.99612,-1.2442,-1.55,-1.5693,-1.5033,-1.1499,-0.7178,-0.28108,-1.7844,-0.52644,-0.34059,-0.29847,0.020142,-0.080569,0.32868,-0.19044,-0.16938,0.5887,0.46327,0.22156,0.094302,0.028382,-0.092471,-0.13733,-0.18128,-0.21516,-0.046693,0.11536,0.048524,0.00824,0.060427,0.51637,0.58596,0.66744,0.75625,0.43397,0.16938,0.22614,0.24079,0.20234,0.18952,0.064089,0.036622,0.19684,0.13825,0.14466,0.092471,0.11902,0.080569,-1.3926
-1.3541,-1.3477,-1.3486,-1.3349,-1.301,-1.3019,-1.4035,-1.4988,-1.5409,-1.7038,-1.8769,-1.9877,-2.0188,-2.0096,-2.0701,-2.1296,-2.027,-1.9117,-1.6407,-1.539,-1.4136,-1.2818,-1.2845,-1.4182,-1.42,-1.5839,-1.8064,-1.7313,-1.312,-0.3708,-0.0064089,-2.0426,-0.41932,-0.23164,-0.16846,-0.067751,0.11902,0.028382,-0.0054933,-0.11628,0.15198,0.36714,0.11719,0.66652,0.5475,0.19318,-0.012818,-0.030213,-0.066836,0.052187,0.31587,0.27924,0.22889,0.46144,0.51912,0.52828,0.58412,0.64821,0.48067,0.35981,0.37996,0.3122,0.40284,0.25727,-0.086062,-1.5491
-1.3623,-1.2177,-1.2387,-1.127,-1.0932,-1.1023,-0.98605,-1.0758,-1.2342,-1.334,-1.3825,-1.4548,-1.605,-1.681,-1.6553,-1.5619,-1.5052,-1.2653,-1.3697,-1.0941,-1.0117,-0.85696,-0.65188,-2.4857,-1.2799,-1.0282,-0.67751,-0.3946,0.032044,-0.28199,-0.11444,-0.0091556,-0.64821,1.2378,0.048524,0.7416,0.7535,0.4825,0.17945,-0.02472,0.13733,0.15656,0.28565,0.43214,0.54384,0.56948,0.6061,0.72146,0.79836,0.65371,0.61983,0.57405,0.57314,0.60976,0.46693,0.47243,0.63448,0.61251,0.49989,0.5594,0.59511,0.53652,0.40468,0.26826,0.073244,-1.6297
-1.5766,-1.5253,-1.5473,-1.4539,-1.3633,-1.4045,-1.3752,-1.4768,-1.5528,-1.4283,-1.4969,-1.5949,-1.5564,-1.4676,-1.4255,-1.3056,-1.0181,-0.9183,-0.92013,-0.82125,-0.73244,-0.75442,-0.57039,-0.4651,-0.54933,-1.8137,-1.2461,-0.8771,-0.74618,-0.51271,-1.0584,-0.59053,-0.44313,-0.012818,0.89816,0.69491,1.0932,0.63997,0.11353,-0.18403,-0.12268,-0.035707,0.13916,0.34425,0.54933,0.73885,0.8414,0.74526,0.84872,0.8414,0.62441,0.53102,0.50356,0.39918,0.25269,0.33326,0.36531,0.32319,0.5237,0.63814,0.73336,0.73794,0.72695,0.70956,0.66012,-1.7066
-1.7579,-1.8595,-1.9236,-2.0454,-2.0518,-2.0499,-2.0215,-1.9858,-1.9437,-1.9245,-1.8641,-1.8339,-1.7331,-1.7038,-1.5802,-1.4026,-1.0556,-0.57405,-0.029298,0.42207,0.48524,0.1529,0,-0.077822,-0.32868,-0.58138,-1.4118,-1.0877,-3.8124,-2.537,-2.0206,-1.6343,-0.90091,-0.17487,-0.10712,1.2351,0.60793,1.3431,1.3523,0.94852,0.59053,0.26276,0.22706,0.28199,0.40376,0.3003,0.33326,0.53652,0.60884,0.5649,0.55757,0.48982,0.38636,0.1822,0.068667,0.021973,0.13459,0.1886,0.19959,0.16938,0.21699,0.42024,0.44771,0.618,0.60152,-1.6855
-1.7441,-1.757,-1.7698,-1.7835,-1.7789,-1.8366,-1.8476,-1.8485,-1.8613,-1.8897,-1.9749,-1.9565,-1.5702,-1.5418,-1.2616,-0.93478,-0.4944,-0.017396,0.41932,0.78738,0.77548,0.34791,0.086978,0.27375,0.16938,-1.7615,-2.2239,-2.646,-3.0177,-2.7851,-2.6707,-1.1994,-2.0664,0.15381,-1.9089,-1.2644,0.02472,-0.26917,-0.12085,-0.10529,-0.0064089,-0.22889,-0.41566,-0.40101,-0.61892,-0.50081,-0.5475,-0.51912,-0.48341,-0.61251,-0.73977,-0.71047,-0.9064,-1.084,-1.3294,-1.2094,-1.0245,-1.1197,-1.2168,-1.3477,-1.2726,-1.2287,-1.2516,-1.1765,-1.095,-1.5812
-1.7606,-1.9117,-2.0838,-2.3923,-2.4189,-2.3768,-2.3264,-2.3612,-2.4454,-2.5416,-2.3081,-2.6963,-2.7778,-2.44,-2.1451,-1.6718,-1.084,-1.0099,-0.69308,-2.1937,-0.24537,-0.4706,-0.4532,-0.26276,-0.091556,-0.043947,-0.0073244,-0.011902,-0.02472,0.13916,0.04944,-0.10071,-0.094302,-0.07416,-0.077822,0.58138,0.91281,0.96408,0.94028,0.8121,0.51363,0.44588,0.40651,0.53835,0.76266,0.70864,0.72878,0.73061,0.75076,0.61342,0.50905,0.47792,0.39186,0.2472,0.0045778,0.01648,0.099796,0.11536,-0.0036622,-0.010987,-0.046693,-0.093387,-0.045778,-0.15931,-0.16938,-0.23255
-0.31129,-0.57863,-0.67019,-0.69765,-0.76632,-0.8533,-0.80294,-0.85421,-0.98605,-1.063,-1.0575,-1.0099,-1.1216,-1.106,-1.1252,-1.1179,-1.1518,-1.1985,-1.203,-1.2918,-1.4219,-1.3651,-1.4017,-1.5217,-1.5107,-1.5052,-1.4997,-1.5912,-1.6947,-1.6141,-1.7176,-1.7084,-1.7588,-1.7386,-1.6947,-1.7295,-1.6993,-1.7313,-1.7203,-1.713,-1.691,-1.6938,-1.7176,-1.7872,-1.7066,-1.7551,-1.7203,-1.7652,-1.8082,-1.8732,-1.8751,-1.8485,-1.9062,-1.8686,-1.8677,-1.8357,-1.8622,-1.8769,-1.908,-1.8165,-1.7927,-1.6581,-1.756,-1.8467,-1.757,-1.6791
-1.7167,-1.6828,-1.702,-1.6874,-1.6746,-1.6334,-1.6068,-1.5729,-1.6343,-1.6736,-1.7057,-1.7112,-1.6462,-1.5656,-1.6562,-1.7725,-1.8384,-1.7624,-1.6599,-1.4924,-1.3797,-1.2918,-1.2397,-1.2726,-1.3312,-1.3276,-1.1975,-1.1014,-1.0364,-0.98422,-1.0208,-0.98056,-0.98605,-0.94485,-0.87893,-0.74984,-0.73519,-0.74709,-0.77273,-0.75259,-0.69124,-1.6919,-1.7121,-1.6993,-1.6727,-1.6105,-1.5253,-1.3916,-1.2516,-1.1261,-1.0584,-1.1023,-1.1179,-1.2021,-1.3285,-1.4182,-1.4805,-1.4383,-1.4603,-1.41,-1.4054,-1.4228,-1.2635,-1.4988,-1.0675,-0.64089
-0.96225,-1.6608,-1.4457,-1.4365,-2.3841,-2.5498,-2.8776,-3.4462,-1.605,-1.6132,-1.6352,-1.6599,-1.6709,-1.6636,-1.6681,-1.637,-1.6498,-1.6224,-1.626,-1.6791,-1.6489,-1.6462,-1.6645,-1.6846,-1.6709,-1.6691,-1.5986,-1.6425,-1.5601,-1.583,-1.637,-1.6947,-1.7551,-1.8329,-1.8668,-1.8513,-1.8412,-1.745,-1.7643,-1.7057,-1.6773,-1.6343,-1.6233,-1.5455,-1.5317,-1.5116,-1.4731,-1.4411,-1.507,-1.4786,-1.5455,-1.55,-1.5326,-1.4026,-1.3184,-1.225,-1.2012,-1.1682,-0.92837,-0.89084,-0.48524,-0.40284,-0.91006,-0.95859,-0.57588,-0.24171
-0.025636,0.035707,-0.068667,-0.091556,-0.10071,-1.0291,-2.9536,-3.6558,-1.5564,-1.5116,-1.5427,-1.5445,-1.5702,-1.5445,-1.5528,-1.5473,-1.5711,-1.5226,-1.5674,-1.5683,-1.5418,-1.5555,-1.5519,-1.55,-1.55,-1.583,-1.616,-1.6269,-1.6507,-1.659,-1.6993,-1.6947,-1.702,-1.6407,-1.594,-1.5537,-1.5125,-1.4768,-1.4786,-1.485,-1.464,-1.5262,-1.5033,-1.4942,-1.485,-1.4768,-1.4548,-1.4704,-1.377,-1.4045,-1.3623,-1.2113,-1.128,-1.3065,-0.75167,-0.75076,-0.93661,-0.86154,-0.8121,-0.83132,-0.9714,-1.0666,-0.9769,-0.71596,-0.53011,-0.18586
-0.20234,-0.67934,-0.58962,-0.24903,-0.32502,-1.0895,-2.5105,-4.4533,-1.6892,-1.5326,-1.4914,-1.5711,-1.5693,-1.6352,-1.7304,-1.7441,-1.7441,-1.6782,-1.6279,-1.6123,-1.6242,-1.6636,-1.6434,-1.6791,-1.6993,-1.6663,-1.6636,-1.7011,-1.821,-1.832,-1.8329,-1.8293,-1.8815,-1.8906,-1.8659,-1.8558,-1.8238,-1.7982,-1.7643,-1.746,-1.7295,-1.6764,-1.6608,-1.6572,-1.7084,-1.6471,-1.6462,-1.5574,-1.5198,-1.4759,-1.4612,-1.3816,-1.3349,-1.301,-1.3413,-1.2864,-1.1417,-1.0758,-1.117,-0.91372,-0.81301,-0.72237,-1.1115,-1.54,-1.0318,-0.23255
-0.12177,-0.31953,-0.17029,-0.26093,-1.1765,-2.0289,-3.2356,-3.6238,-1.6077,-1.6526,-1.5848,-1.5601,-1.5473,-1.5143,-1.5958,-1.6279,-1.6224,-1.6077,-1.6334,-1.6434,-1.5647,-1.5857,-1.6224,-1.5821,-1.6169,-1.616,-1.6187,-1.6562,-1.7368,-1.822,-1.8833,-1.8952,-1.8622,-1.8412,-1.8394,-1.8201,-1.7698,-1.6764,-1.6544,-1.5802,-1.5107,-1.5299,-1.5711,-1.6178,-1.6709,-1.6947,-1.6919,-1.6562,-1.5912,-1.5546,-1.5143,-1.4438,-1.1985,-1.0996,-1.1408,-1.0703,-0.79745,-1.0758,-1.0117,-0.95767,-1.139,-1.3486,-1.1719,-0.8414,-0.68758,-0.62166
-0.60518,-0.48616,-0.31861,-0.50447,-1.1289,-1.9346,-3.6412,-4.9953,-1.6453,-1.6233,-1.5784,-1.5958,-1.6022,-1.6123,-1.6269,-1.6114,-1.6059,-1.637,-1.6379,-1.6672,-1.7634,-1.7496,-1.756,-1.756,-1.7286,-1.7121,-1.7066,-1.6828,-1.6874,-1.702,-1.6626,-1.6755,-1.6489,-1.6379,-1.6297,-1.5949,-1.5793,-1.5821,-1.6022,-1.5995,-1.5702,-1.5537,-1.5693,-1.485,-1.4859,-1.4493,-1.3999,-1.3541,-1.3276,-1.3294,-1.2854,-1.1902,-1.1234,-1.1051,-1.1078,-1.1399,-1.0813,-1.0456,-1.0099,-0.98331,-0.82217,-0.48799,-0.22431,-0.553,-0.6299,0.075076
0.49165,0.27375,-0.1941,-0.51454,-1.2644,-2.5681,-4.8469,-1.6507,-1.659,-1.713,-1.7423,-1.7542,-1.7725,-1.7862,-1.7533,-1.7368,-1.7185,-1.6974,-1.6681,-1.659,-1.6205,-1.6086,-1.6095,-1.6059,-1.626,-1.6379,-1.6617,-1.6581,-1.6269,-1.7048,-1.6526,-1.6773,-1.6251,-1.5949,-1.5995,-1.6041,-1.6425,-1.6681,-1.681,-1.6718,-1.6288,-1.6288,-1.5793,-1.5537,-1.4704,-1.4045,-1.345,-1.3303,-1.3395,-1.2571,-1.2653,-1.2534,-1.1701,-1.1261,-1.247,-1.2415,-1.117,-1.0144,-0.71047,-0.44496,-0.45503,-0.82858,-1.03,-0.63997,-0.18952,-0.062258
-0.28565,-0.66927,-1.518,-3.1138,-4.2857,-4.7682,-6.8886,-1.5903,-1.5995,-1.5995,-1.6169,-1.6755,-1.7167,-1.7551,-1.7533,-1.7423,-1.7103,-1.6773,-1.7139,-1.6727,-1.6892,-1.7029,-1.7048,-1.7066,-1.7048,-1.7093,-1.7203,-1.7093,-1.6681,-1.6645,-1.6434,-1.6297,-1.6013,-1.6214,-1.626,-1.6269,-1.6288,-1.6169,-1.5775,-1.55,-1.6269,-1.539,-1.5775,-1.5409,-1.5253,-1.5107,-1.4997,-1.4832,-1.485,-1.4988,-1.453,-1.3257,-1.2406,-1.1325,-1.0291,-0.98148,-0.99979,-1.0236,-1.0117,-0.89908,-0.75808,-0.57222,-0.43947,-0.26826,0.1117,0.4358
0.4239,0.33052,0.27009,0.010987,-0.4358,-2.1342,-5.5373,-1.6489,-1.6736,-1.6681,-1.6608,-1.6526,-1.6443,-1.6334,-1.6462,-1.6205,-1.6324,-1.6535,-1.6443,-1.6544,-1.6471,-1.626,-1.6361,-1.648,-1.6498,-1.6425,-1.6288,-1.6187,-1.6251,-1.616,-1.5949,-1.5729,-1.5436,-1.5409,-1.5189,-1.5198,-1.5198,-1.4832,-1.5354,-1.5152,-1.4859,-1.4658,-1.4319,-1.3935,-1.4191,-1.3669,-1.3733,-1.4237,-1.3733,-1.269,-1.236,-1.193,-1.2104,-1.1444,-1.1115,-1.171,-1.1545,-1.0199,-0.82675,-0.68941,-0.57222,-0.47884,-0.12818,0.26276,0.095218,-0.33235
-0.15015,-0.13001,-0.50447,-2.0316,-4.0944,-3.8508,-4.5686,-1.6361,-1.637,-1.6709,-1.6727,-1.6947,-1.7112,-1.6919,-1.6901,-1.6782,-1.6526,-1.637,-1.6269,-1.6288,-1.6453,-1.6507,-1.6398,-1.6535,-1.6269,-1.6041,-1.5857,-1.5601,-1.5455,-1.5629,-1.5766,-1.5592,-1.5574,-1.626,-1.5647,-1.551,-1.5262,-1.4951,-1.4603,-1.4411,-1.4502,-1.4402,-1.4072,-1.4081,-1.4319,-1.4447,-1.4814,-1.4438,-1.3193,-1.1792,-1.204,-1.1582,-1.1197,-1.0657,-1.0849,-1.0529,-0.98056,-0.82217,-0.683,-0.6061,-0.41932,-0.16755,-0.055849,0.0018311,0.16205,0.30305
0.37721,-0.028382,-0.30396,-1.1206,-3.1742,-3.5981,-4.4871,-1.5839,-1.5757,-1.5629,-1.5766,-1.5922,-1.5903,-1.616,-1.5912,-1.572,-1.5555,-1.5555,-1.583,-1.572,-1.5528,-1.6269,-1.6398,-1.6306,-1.6526,-1.5922,-1.5894,-1.5812,-1.5922,-1.5903,-1.5867,-1.5976,-1.5967,-1.5967,-1.5949,-1.5885,-1.6004,-1.6214,-1.6095,-1.6105,-1.6004,-1.5629,-1.5308,-1.5281,-1.6077,-1.5574,-1.5665,-1.5381,-1.5693,-1.5336,-1.5098,-1.4347,-1.507,-1.5299,-1.4969,-1.3944,-1.3157,-1.1902,-1.041,-0.92288,-0.73885,-0.49165,-0.30763,-0.063173,0.48799,0.64364
0.60427,0.46693,0.14283,-0.0027467,-1.54,-4.4679,-6.1196,-1.6764,-1.6965,-1.594,-1.5619,-1.4466,-1.42,-1.41,-1.4887,-1.5354,-1.5995,-1.6269,-1.6526,-1.659,-1.6022,-1.6553,-1.6581,-1.6581,-1.6498,-1.6507,-1.6352,-1.5958,-1.5711,-1.5354,-1.5326,-1.5711,-1.5015,-1.5079,-1.4731,-1.4402,-1.4521,-1.4017,-1.3797,-1.3678,-1.3614,-1.2781,-1.3111,-1.2177,-1.2259,-1.204,-1.2479,-1.3239,-1.2406,-1.3404,-1.3211,-1.323,-1.203,-1.2149,-1.0639,-0.92929,-0.79379,-0.6418,-0.56124,-0.39918,-0.21607,0.027467,0.2353,0.42299,0.59236,0.27741
-0.37812,-0.43672,-0.1886,-1.0016,-4.5018,-5.7653,-8.0633,-1.5848,-1.5848,-1.5693,-1.5061,-1.5372,-1.5427,-1.5235,-1.5427,-1.5629,-1.5693,-1.5757,-1.5592,-1.5427,-1.4997,-1.5171,-1.5427,-1.5052,-1.5427,-1.5134,-1.4914,-1.4676,-1.4548,-1.4521,-1.4274,-1.3862,-1.4045,-1.4081,-1.4109,-1.4255,-1.4374,-1.4118,-1.4292,-1.4429,-1.4896,-1.4969,-1.4786,-1.551,-1.4612,-1.4026,-1.3623,-1.3395,-1.3175,-1.29,-1.258,-1.2745,-1.2351,-1.2204,-1.1948,-1.1637,-1.0913,-1.008,-0.87985,-0.81851,-0.60518,-0.26826,0.045778,0.31404,0.35615,0.44221
-0.21607,-0.2884,-0.4001,-1.9547,-3.9726,-5.6059,-6.2688,-1.5665,-1.6041,-1.583,-1.6123,-1.5995,-1.594,-1.6214,-1.5949,-1.5821,-1.6013,-1.583,-1.594,-1.6196,-1.616,-1.6306,-1.616,-1.6443,-1.6626,-1.6919,-1.7057,-1.6764,-1.7066,-1.6993,-1.637,-1.5976,-1.561,-1.5198,-1.4914,-1.4667,-1.4246,-1.4219,-1.3761,-1.3468,-1.3102,-1.3065,-1.2726,-1.3028,-1.344,-1.3367,-1.4219,-1.4264,-1.4191,-1.4594,-1.3697,-1.3944,-1.3523,-1.4255,-1.3761,-1.2726,-1.1408,-1.0721,-1.0007,-0.88168,-0.70681,-0.42573,-0.15107,-0.012818,0.16663,0.38636
0.25452,-0.41566,-0.62532,-0.96866,-1.5436,-3.3656,-5.6087,-1.594,-1.5995,-1.6169,-1.6315,-1.6672,-1.6883,-1.6993,-1.6782,-1.7286,-1.713,-1.6919,-1.6379,-1.5931,-1.5564,-1.5015,-1.475,-1.4768,-1.4292,-1.3733,-1.496,-1.4576,-1.4658,-1.4823,-1.5271,-1.5693,-1.5665,-1.5665,-1.4823,-1.54,-1.5308,-1.5418,-1.5271,-1.5125,-1.4859,-1.4594,-1.4429,-1.4603,-1.4786,-1.4676,-1.4035,-1.4869,-1.4264,-1.4072,-1.3523,-1.3211,-1.2085,-1.095,-1.03,-0.99246,-0.86978,-0.66927,-0.61708,-0.62258,-0.5594,-0.33418,-0.1062,0.087893,0.24995,0.20875
0.12818,0.2353,-0.039369,-0.56764,-2.3933,-5.2095,-1.5537,-1.6489,-1.5867,-1.6196,-1.6205,-1.6297,-1.6315,-1.6334,-1.6334,-1.6224,-1.616,-1.5931,-1.5665,-1.5601,-1.5555,-1.507,-1.4841,-1.464,-1.431,-1.4109,-1.3669,-1.2909,-1.377,-1.333,-1.3761,-1.3871,-1.3376,-1.2818,-1.2754,-1.3578,-1.344,-1.3971,-1.4301,-1.5024,-1.5482,-1.5271,-1.5711,-1.6416,-1.6279,-1.6425,-1.6242,-1.5848,-1.5033,-1.5372,-1.3852,-1.2763,-1.1472,-1.0657,-0.94211,-0.74618,-0.60793,-0.55666,-0.51271,-0.48708,-0.40742,-0.26734,-0.085147,0.087893,0.11628,0.052187
-0.25544,0.059511,0.35524,0.010987,-2.6524,-1.561,-1.5519,-1.5546,-1.5381,-1.5345,-1.55,-1.55,-1.4631,-1.5629,-1.5967,-1.5876,-1.5839,-1.5619,-1.5574,-1.5647,-1.5821,-1.5757,-1.539,-1.5912,-1.5601,-1.5656,-1.5418,-1.5601,-1.5656,-1.5601,-1.5775,-1.5976,-1.5748,-1.5098,-1.6489,-1.5317,-1.5793,-1.5482,-1.5976,-1.5812,-1.5372,-1.5098,-1.4676,-1.5253,-1.475,-1.4539,-1.4502,-1.442,-1.4521,-1.453,-1.3907,-1.3559,-1.2983,-1.16,-1.0739,-1.008,-0.91739,-0.97415,-0.72878,-0.39918,-0.50172,-0.076907,0.3882,0.60976,0.50081,0.25361
0.0054933,-0.13916,-0.34059,-4.1008,-8.4588,-1.5958,-1.5729,-1.5876,-1.5912,-1.6013,-1.6123,-1.5766,-1.6379,-1.6214,-1.6526,-1.6645,-1.6526,-1.6434,-1.6544,-1.6269,-1.6297,-1.6462,-1.5702,-1.605,-1.6178,-1.5821,-1.5775,-1.5537,-1.5418,-1.5143,-1.5162,-1.4393,-1.5281,-1.4768,-1.4786,-1.4777,-1.453,-1.4502,-1.4255,-1.3999,-1.4035,-1.3633,-1.3321,-1.2699,-1.4438,-1.2928,-1.366,-1.323,-1.2735,-1.1802,-1.182,-1.1774,-1.0547,-1.0932,-1.106,-1.0511,-0.99521,-0.89908,-0.71139,-0.45503,-0.16114,-0.043947,0.22797,0.59145,0.33967,-0.37629
-0.57955,-1.0529,-3.4278,-6.8648,-7.1917,-1.561,-1.5583,-1.5519,-1.5592,-1.5299,-1.6352,-1.5702,-1.6205,-1.605,-1.5857,-1.5802,-1.6013,-1.5683,-1.6086,-1.5931,-1.5757,-1.5299,-1.5098,-1.5061,-1.4859,-1.4914,-1.4942,-1.5116,-1.5281,-1.507,-1.5299,-1.5592,-1.5299,-1.5152,-1.5088,-1.5317,-1.5189,-1.4786,-1.4521,-1.4466,-1.4393,-1.4612,-1.5363,-1.5409,-1.5601,-1.4988,-1.4521,-1.4548,-1.3395,-1.2369,-1.1509,-1.1655,-1.0886,-0.95767,-0.87985,-0.85788,-0.76907,-0.66286,-0.60518,-0.47975,-0.46052,0.060427,0.47517,0.27467,0.044862,-0.2353
-0.41932,-1.9813,-4.2701,-5.2864,-1.6251,-1.6242,-1.6086,-1.6077,-1.626,-1.6416,-1.6196,-1.6562,-1.6425,-1.6388,-1.6279,-1.6324,-1.6187,-1.594,-1.583,-1.6004,-1.6288,-1.5976,-1.6388,-1.6663,-1.6196,-1.6453,-1.6425,-1.5857,-1.6004,-1.5995,-1.5299,-1.5629,-1.5336,-1.5473,-1.5445,-1.5317,-1.5171,-1.5171,-1.5381,-1.539,-1.5592,-1.5317,-1.5262,-1.6361,-1.5363,-1.5171,-1.4017,-1.344,-1.2708,-1.2168,-1.0529,-1.0318,-0.9357,-0.87893,-0.78097,-0.72054,-0.66927,-0.56856,-0.36714,-0.206,0.091556,0.36714,0.28016,-0.09888,-0.25178,-0.47884
-2.5828,-5.2965,-5.1683,-5.3981,-1.5995,-1.5986,-1.5931,-1.5802,-1.5299,-1.5775,-1.6031,-1.572,-1.5958,-1.5958,-1.5839,-1.5848,-1.6041,-1.5867,-1.6224,-1.6059,-1.6141,-1.6132,-1.6178,-1.6315,-1.6361,-1.6462,-1.6388,-1.6526,-1.5775,-1.5922,-1.6407,-1.5995,-1.5592,-1.5381,-1.55,-1.5363,-1.5427,-1.5079,-1.5226,-1.5125,-1.5052,-1.5061,-1.4457,-1.3431,-1.4228,-1.5015,-1.4045,-1.3935,-1.3623,-1.2616,-1.3971,-1.2195,-1.2909,-1.1243,-1.0144,-0.98056,-0.91647,-0.8945,-0.68575,-0.52187,-0.17945,0.19501,0.5475,0.71963,0.43672,-0.010987
-0.18952,-0.57314,-3.7895,-8.5614,-1.7194,-1.789,-1.9135,-1.9117,-1.8641,-1.8769,-1.8934,-1.8668,-1.8357,-1.8128,-1.7917,-1.7661,-1.7551,-1.7423,-1.6956,-1.7038,-1.681,-1.7158,-1.7432,-1.7936,-1.8513,-1.887,-1.8934,-1.8961,-1.8696,-1.8174,-1.7734,-1.7487,-1.7038,-1.7066,-1.6324,-1.6095,-1.5189,-1.4695,-1.5107,-1.5775,-1.6388,-1.7084,-1.7185,-1.8119,-1.8915,-1.9492,-1.8842,-1.7862,-1.7075,-1.5931,-1.5061,-1.485,-1.3971,-1.2571,-1.0858,-1.1005,-0.92746,-0.71963,-0.5118,-0.34608,-0.043947,0.10987,0.014649,-0.54567,-1.3935,-3.0909
-2.3923,-3.7657,-1.6095,-1.5729,-1.5519,-1.5564,-1.5519,-1.5876,-1.594,-1.6224,-1.6169,-1.6334,-1.6233,-1.5967,-1.6123,-1.6095,-1.6132,-1.5867,-1.5427,-1.5162,-1.5427,-1.594,-1.6507,-1.6507,-1.6837,-1.6572,-1.6361,-1.6123,-1.6233,-1.6279,-1.6517,-1.6517,-1.6334,-1.5857,-1.5638,-1.5564,-1.5317,-1.583,-1.6114,-1.6242,-1.6086,-1.6242,-1.5931,-1.5683,-1.4969,-1.4292,-1.3953,-1.3578,-1.3202,-1.2781,-1.2461,-1.1417,-1.1188,-1.0465,-0.98788,-0.89084,-0.93844,-0.89541,-0.84597,-0.88992,-0.7004,-0.4706,-0.60244,-1.3184,-2.4747,-3.0854
-3.4114,-3.9415,-1.616,-1.6224,-1.6306,-1.6315,-1.6324,-1.6498,-1.6141,-1.648,-1.6425,-1.6434,-1.6553,-1.6343,-1.648,-1.6169,-1.5949,-1.5839,-1.5748,-1.6105,-1.6343,-1.6517,-1.6453,-1.659,-1.6388,-1.6746,-1.6965,-1.7011,-1.6956,-1.6663,-1.6517,-1.6361,-1.5757,-1.5894,-1.5381,-1.4896,-1.3797,-1.2598,-1.1838,-1.1582,-1.1829,-1.2204,-1.2662,-1.3981,-1.539,-1.6233,-1.6334,-1.5436,-1.5253,-1.4933,-1.4832,-1.3559,-1.2461,-1.1151,-1.1179,-1.1701,-1.0556,-0.78005,-0.75533,-0.77548,-0.60884,-0.3827,-0.15839,-0.9769,-2.147,-2.1268
-3.0204,-4.0129,-1.6736,-1.6846,-1.7029,-1.6974,-1.6929,-1.615,-1.6507,-1.6334,-1.6343,-1.6334,-1.6288,-1.6233,-1.6269,-1.6498,-1.6544,-1.6306,-1.6324,-1.6498,-1.7011,-1.7194,-1.7212,-1.6718,-1.6553,-1.6654,-1.6746,-1.6846,-1.6791,-1.6718,-1.6105,-1.5546,-1.5464,-1.6086,-1.6746,-1.745,-1.7872,-1.7927,-1.7954,-1.8064,-1.735,-1.6709,-1.5784,-1.518,-1.5528,-1.5363,-1.5088,-1.4383,-1.464,-1.4209,-1.42,-1.4383,-1.2571,-1.0346,-1.1014,-0.99338,-0.93387,-0.58779,-0.031129,0.065004,-0.2765,-0.20966,-0.71322,-1.1911,-0.97964,-1.5665
-3.4993,-4.3471,-1.7002,-1.6672,-1.67,-1.6324,-1.6517,-1.6608,-1.6736,-1.6599,-1.7057,-1.7377,-1.7936,-1.7551,-1.7011,-1.6608,-1.6425,-1.6819,-1.7057,-1.7176,-1.724,-1.7203,-1.7057,-1.7203,-1.7963,-1.7579,-1.7432,-1.7267,-1.6855,-1.6764,-1.6929,-1.6901,-1.7038,-1.6681,-1.6746,-1.626,-1.5711,-1.5812,-1.6471,-1.6398,-1.6425,-1.6626,-1.5848,-1.6187,-1.5812,-1.5537,-1.5134,-1.5152,-1.4457,-1.4026,-1.4136,-1.3157,-1.2342,-1.139,-1.1353,-0.98148,-0.99155,-0.98056,-0.64821,-0.42024,-0.28382,-0.17396,-0.35615,-1.0767,-1.1811,-1.7579
-2.6157,-3.9772,-1.8293,-1.7808,-1.6883,-1.5976,-1.5656,-1.5839,-1.6031,-1.6041,-1.6041,-1.6224,-1.6315,-1.6251,-1.5711,-1.5326,-1.5226,-1.5802,-1.6407,-1.6736,-1.7075,-1.6901,-1.7084,-1.6828,-1.6407,-1.6022,-1.5235,-1.5336,-1.5812,-1.6279,-1.6718,-1.6727,-1.6471,-1.5583,-1.5812,-1.6242,-1.626,-1.5445,-1.6086,-1.746,-1.843,-1.8155,-1.7515,-1.7176,-1.7048,-1.6892,-1.561,-1.5006,-1.4081,-1.4191,-1.377,-1.2415,-1.1298,-1.1005,-1.117,-1.1747,-1.1032,-1.041,-1.1261,-1.1618,-1.16,-1.1692,-1.4695,-1.5372,-1.3486,-2.4693
-3.5743,-3.9424,-1.5152,-1.4686,-1.5271,-1.5372,-1.5867,-1.5445,-1.5528,-1.5171,-1.5262,-1.5345,-1.5317,-1.5299,-1.5793,-1.6517,-1.6526,-1.68,-1.6746,-1.6233,-1.6169,-1.6077,-1.6187,-1.6022,-1.6388,-1.5665,-1.605,-1.6004,-1.6077,-1.6041,-1.6242,-1.6361,-1.6443,-1.615,-1.616,-1.572,-1.5482,-1.572,-1.5839,-1.5839,-1.5757,-1.5574,-1.55,-1.5583,-1.5574,-1.5802,-1.5638,-1.4795,-1.4429,-1.3477,-1.1719,-1.0593,-0.95767,-0.82675,-0.74709,-0.48708,-0.30122,-0.16388,0.030213,0.13367,-0.097049,-0.22431,-0.11719,-0.74892,-1.4356,-2.0225
-3.2777,-4.0504,-1.702,-1.6929,-1.6773,-1.6846,-1.6791,-1.626,-1.5839,-1.5537,-1.5445,-1.5418,-1.5043,-1.4914,-1.5876,-1.7396,-1.681,-1.6626,-1.6984,-1.7368,-1.7725,-1.8192,-1.8009,-1.8339,-1.7304,-1.7185,-1.6938,-1.7148,-1.7258,-1.7231,-1.6791,-1.7185,-1.681,-1.6819,-1.626,-1.6498,-1.7222,-1.691,-1.6169,-1.55,-1.6288,-1.5876,-1.5894,-1.539,-1.6572,-1.7002,-1.626,-1.5299,-1.4914,-1.3916,-1.3028,-1.2168,-1.128,-0.97873,-0.85238,-0.81484,-0.80935,-0.87527,-0.8652,-0.63265,-0.4944,-0.63265,-1.3312,-1.4713,-1.9611,-3.4471
-3.2282,-3.6833,-1.7551,-1.6279,-1.4548,-1.4209,-1.4191,-1.4447,-1.5574,-1.7982,-1.8265,-1.7176,-1.6443,-1.6306,-1.8677,-1.9803,-1.973,-1.9309,-1.8842,-1.8027,-1.7341,-1.6526,-1.5674,-1.5876,-1.561,-1.5363,-1.5766,-1.583,-1.5198,-1.551,-1.6022,-1.5638,-1.4878,-1.5436,-1.4686,-1.474,-1.4731,-1.5802,-1.6947,-1.8055,-1.9034,-1.9126,-1.8613,-1.8238,-1.821,-1.8128,-1.6865,-1.55,-1.3688,-1.2543,-1.0868,-0.95035,-0.92837,-0.92471,-0.88534,-0.81851,-0.79196,-0.68667,-0.51363,-0.27924,-0.15473,0.076907,-0.097049,-1.0108,-2.6121,-2.5379
-2.3338,-4.2409,-1.7341,-1.6938,-1.6544,-1.6599,-1.6828,-1.7139,-1.7396,-1.7551,-1.7725,-1.7707,-1.7093,-1.6581,-1.7158,-1.6471,-1.6956,-1.6297,-1.6379,-1.6288,-1.6022,-1.5885,-1.6123,-1.616,-1.6727,-1.7093,-1.746,-1.7661,-1.7771,-1.756,-1.7405,-1.6755,-1.637,-1.5857,-1.529,-1.5729,-1.4896,-1.5033,-1.5482,-1.5226,-1.5491,-1.6041,-1.6022,-1.6736,-1.7441,-1.7936,-1.6755,-1.6645,-1.5986,-1.2827,-1.2937,-1.2122,-1.1023,-0.89816,-0.75167,-0.62075,-0.3827,-0.3708,-0.40101,-0.17304,0.067751,0.035707,-0.21332,-1.4274,-2.5828,-3.187
-4.0779,-4.8955,-1.7139,-1.756,-1.8174,-1.8732,-1.9456,-1.8952,-1.8174,-1.8247,-1.9007,-1.9373,-1.9556,-1.8238,-1.6535,-1.5125,-1.4429,-1.42,-1.4035,-1.551,-1.7222,-1.8018,-1.8448,-1.9364,-1.9666,-1.8925,-1.7624,-1.6553,-1.5894,-1.529,-1.5125,-1.5262,-1.5033,-1.5409,-1.6068,-1.6755,-1.6974,-1.7597,-1.8439,-1.7927,-1.8192,-1.7496,-1.68,-1.5793,-1.5061,-1.3962,-1.279,-1.2799,-1.1133,-1.1179,-1.1124,-1.0566,-1.0346,-1.0474,-1.0291,-0.73519,-0.61525,-0.19776,0.24903,0.71322,0.30946,-0.25178,-0.83499,-1.713,-1.9382,-2.1699
-3.925,-4.2125,-3.9763,-2.1305,-1.5976,-0.55025,0.53011,0.72604,0.67202,0.51729,0.52919,0.60518,0.63906,0.57131,0.45412,0.55483,0.58412,0.87344,1.1188,1.5235,1.8192,2.234,2.0948,1.7377,1.3944,0.85788,0.50996,0.48616,0.65188,0.49257,0.59145,0.4239,0.60152,0.67019,1.5876,1.496,1.5033,1.5583,1.5354,1.4548,1.4521,1.4365,1.3413,1.2534,1.2964,1.5693,1.8302,1.7652,1.6883,1.6919,1.5299,1.4457,1.5098,1.54,1.572,1.6279,1.6517,1.6581,1.6141,1.5738,1.507,1.4786,1.5336,1.5583,1.5931,1.6095
1.6379,1.2232,1.1216,0.99155,0.83773,0.71596,0.75991,0.79104,0.65004,0.35615,0.37172,0.72054,0.71505,0.20508,-0.043031,0.16755,0.92196,2.494,7.0818,5.9859,6.5819,3.3711,3.0937,1.5986,0.9476,-0.34608,-2.5278,-2.9728,-1.2571,0.065004,0.58138,0.4532,0.48616,-0.037538,-0.64089,-0.76174,-1.8641,-2.9389,-2.2422,-0.69582,-0.90091,-1.0263,-1.0895,-0.71047,0.10071,0.73336,0.040284,0.072329,0.019227,-0.21424,0.13184,0.30305,0.32868,0.64364,0.76632,0.34242,0.41658,0.36897,0.075991,-0.46052,0.056764,0.11628,0.78188,-0.33418,0.23255,0.33143
0.5649,1.7432,1.7469,1.8714,1.8348,1.7478,1.702,1.7716,1.8192,1.8174,1.7579,1.757,1.778,1.7231,1.7542,1.821,1.7652,1.7588,1.7853,1.7524,1.7808,1.7469,1.724,1.7405,1.7304,1.7267,1.6782,1.7139,1.713,1.7194,1.6855,1.691,1.7084,1.7661,1.778,1.7139,1.6434,1.5152,1.5052,1.5629,1.5372,1.4164,1.3459,1.3074,1.0877,1.0895,1.1197,1.1023,1.0199,1.0099,0.98148,0.99704,1.0163,0.92746,0.67476,0.36439,0.23896,-0.34333,-1.5299,-0.80935,0.53835,2.8135,6.5407,16.03,4.8671,-0.13916
3.6622,1.7789,1.7588,1.7432,1.756,1.7899,1.7533,1.7396,1.756,1.745,1.7249,1.7277,1.7423,1.7524,1.7432,1.7487,1.7194,1.7176,1.7121,1.7222,1.7103,1.7066,1.724,1.7331,1.7322,1.7423,1.7432,1.735,1.7277,1.7267,1.7148,1.7258,1.7322,1.6837,1.6068,1.6343,1.6343,1.6022,1.6224,1.6095,1.5473,1.485,1.4109,1.345,1.3321,1.2204,1.3697,1.3523,1.1719,0.9595,0.77822,0.81027,0.76174,0.83041,0.92654,0.80294,0.69399,0.57131,0.25086,0.33143,0.15381,0.010987,-0.15473,0.59236,2.776,7.4618
13.309,1.7789,1.789,1.8009,1.7588,1.7771,1.7991,1.7835,1.7853,1.7661,1.7853,1.7689,1.767,1.7689,1.7597,1.7606,1.7771,1.7634,1.7643,1.7597,1.7624,1.7679,1.767,1.7597,1.7698,1.7377,1.7606,1.7615,1.7716,1.7158,1.7707,1.735,1.735,1.7588,1.7652,1.7322,1.713,1.7048,1.681,1.6718,1.6956,1.7112,1.6764,1.6233,1.5418,1.4521,1.3971,1.4072,1.4026,1.2946,1.214,1.1463,1.0337,1.0025,1.2827,1.4301,1.0392,0.57314,0.41108,0.34974,0.15381,-0.96683,-1.5281,-1.6068,-0.81118,1.4356
4.2491,8.901,11.876,1.7615,1.7597,1.7515,1.7936,1.8265,1.822,1.8375,1.8677,1.8741,1.8366,1.778,1.7386,1.7103,1.7286,1.7496,1.7753,1.7725,1.7542,1.7606,1.7551,1.7423,1.7432,1.746,1.7377,1.7322,1.7341,1.724,1.7478,1.7222,1.7121,1.7057,1.7194,1.67,1.6865,1.6901,1.6425,1.6224,1.5912,1.5729,1.572,1.5592,1.5043,1.4786,1.474,1.3019,1.138,1.1078,1.1655,1.0959,0.97781,0.94485,0.92288,0.88168,0.67385,0.45045,0.45778,0.17487,-0.043947,-0.67568,-1.8311,-2.3832,-1.0831,1.0492
-1.8183,-1.8302,-1.843,-1.7789,-1.8311,-1.8485,-1.8155,-1.8082,-1.8055,-1.7872,-1.7991,-1.8348,-1.8412,-1.8256,-1.8192,-1.8073,-1.7936,-1.7908,-1.7725,-1.7496,-1.7652,-1.7725,-1.7771,-1.7478,-1.713,-1.7075,-1.6846,-1.7121,-1.7368,-1.7093,-1.6755,-1.6837,-1.7432,-1.7707,-1.7194,-1.6837,-1.702,-1.6205,-1.5464,-1.4914,-1.4493,-1.4438,-1.5308,-1.5583,-1.6672,-1.6965,-1.9025,-1.9767,-1.821,-1.6718,-1.518,-1.1957,-1.0556,-0.92196,-0.78738,-0.38362,0.21058,0.19044,0.18311,0.061342,-0.18036,-0.37904,-1.2159,-3.2264,-3.0689,-3.9323
-1.8613,-1.8421,-1.8256,-1.778,-1.7286,-1.7176,-1.7295,-1.746,-1.7707,-1.7936,-1.7853,-1.7835,-1.7716,-1.7396,-1.7295,-1.7212,-1.7121,-1.6791,-1.6672,-1.6993,-1.7212,-1.7396,-1.713,-1.7029,-1.7414,-1.7716,-1.7945,-1.7689,-1.7533,-1.7359,-1.7377,-1.7917,-1.8119,-1.7725,-1.7789,-1.7606,-1.6315,-1.6398,-1.7231,-1.6984,-1.5592,-1.474,-1.5171,-1.4649,-1.3486,-1.2589,-1.2534,-1.2589,-1.2543,-1.2543,-1.2342,-1.2506,-1.3303,-1.5363,-1.6773,-1.377,-1.3202,-1.1206,-0.90457,-0.81484,-0.54018,-0.26276,-0.48524,-0.93661,-1.6938,-4.0303
-1.7515,-1.713,-1.7139,-1.6855,-1.68,-1.6645,-1.6453,-1.6507,-1.6929,-1.7533,-1.7377,-1.7643,-1.7927,-1.7817,-1.7624,-1.8815,-1.8824,-1.8467,-1.8613,-1.8604,-1.8925,-1.8979,-1.8732,-1.8265,-1.8064,-1.8036,-1.735,-1.6865,-1.7606,-1.7048,-1.6645,-1.648,-1.6407,-1.6416,-1.6297,-1.616,-1.6214,-1.5885,-1.529,-1.529,-1.4722,-1.4209,-1.3147,-1.2259,-1.2598,-1.2754,-1.2873,-1.3642,-1.4017,-1.3898,-1.3486,-1.2809,-1.2626,-1.2195,-1.1609,-1.1344,-1.073,-1.0721,-0.95492,-0.61434,-0.6299,-2.3173,-3.3628,-2.7805,-3.805,-4.6126
-1.8174,-1.8055,-1.8101,-1.8146,-1.8,-1.7862,-1.7936,-1.8174,-1.7396,-1.7707,-1.7936,-1.7881,-1.7689,-1.735,-1.7084,-1.7341,-1.7277,-1.7286,-1.7194,-1.6883,-1.713,-1.724,-1.746,-1.7194,-1.6324,-1.6919,-1.7286,-1.7185,-1.724,-1.6819,-1.7093,-1.6526,-1.6205,-1.6077,-1.5574,-1.5857,-1.6425,-1.6388,-1.6031,-1.5702,-1.5711,-1.572,-1.5436,-1.4521,-1.3486,-1.2735,-1.1527,-1.0666,-1.1609,-1.2268,-1.1005,-1.0794,-1.1637,-1.1426,-1.1948,-1.1243,-0.95492,-0.7709,-0.49348,-0.3589,-0.61708,-1.2085,-1.963,-2.9637,-3.7062,-4.3727
-1.6819,-1.5995,-1.6407,-1.7121,-1.7423,-1.8046,-1.8421,-1.8293,-1.778,-1.811,-1.7991,-1.8439,-1.9309,-1.9501,-1.9044,-1.8394,-1.8787,-1.8274,-1.7505,-1.7341,-1.7121,-1.6901,-1.6489,-1.637,-1.6379,-1.6901,-1.7084,-1.6901,-1.6938,-1.7515,-1.7542,-1.702,-1.7139,-1.7295,-1.6269,-1.583,-1.5592,-1.529,-1.4924,-1.4292,-1.4667,-1.5574,-1.6361,-1.6691,-1.6169,-1.5134,-1.5519,-1.5656,-1.4621,-1.4457,-1.5015,-1.3486,-1.0785,-0.90457,-0.7123,-0.56398,-0.33876,-0.07416,0.11994,0.21241,-0.12085,-1.4063,-3.4352,-3.9277,-3.8169,-4.4194
-1.6599,-1.6681,-1.6617,-1.6562,-1.6507,-1.6507,-1.6489,-1.6517,-1.6608,-1.6453,-1.6709,-1.6663,-1.6517,-1.6498,-1.6938,-1.6608,-1.6471,-1.6416,-1.6315,-1.6425,-1.6443,-1.6306,-1.6105,-1.6416,-1.6379,-1.6196,-1.6306,-1.5976,-1.5711,-1.5464,-1.551,-1.5482,-1.5574,-1.5482,-1.5217,-1.5024,-1.4686,-1.3797,-1.2928,-1.3321,-1.3523,-1.3623,-1.3019,-1.2626,-1.2571,-1.29,-1.3056,-1.29,-1.2076,-1.1032,-0.99704,-0.98514,-0.81668,-0.64364,-0.57588,-0.43489,0.0824,0.477,0.45778,0.48067,0.29298,-0.13184,-1.3651,-3.6439,-3.762,-5.4494
-1.724,-1.7176,-1.68,-1.691,-1.7222,-1.7093,-1.6764,-1.6718,-1.6727,-1.681,-1.6865,-1.6837,-1.6672,-1.6874,-1.6727,-1.6599,-1.6672,-1.6736,-1.6416,-1.6425,-1.7185,-1.7002,-1.6434,-1.6855,-1.6892,-1.681,-1.702,-1.6837,-1.6736,-1.6031,-1.6361,-1.637,-1.5894,-1.5894,-1.5894,-1.5244,-1.4713,-1.409,-1.3862,-1.3962,-1.4182,-1.4521,-1.3907,-1.3678,-1.3349,-1.2232,-1.1298,-1.0978,-1.1179,-1.0346,-0.93295,-0.75808,-0.70772,-0.75442,-0.68941,-0.46602,-0.21241,-0.017396,0.1648,0.2298,0.18952,-0.16297,-1.2571,-3.4709,-3.1193,-4.6144
-1.6892,-1.6892,-1.6782,-1.6718,-1.6617,-1.6654,-1.6782,-1.6736,-1.6773,-1.6691,-1.659,-1.6691,-1.615,-1.6599,-1.7011,-1.6031,-1.6562,-1.6489,-1.6388,-1.6361,-1.6489,-1.6425,-1.6352,-1.637,-1.5555,-1.5848,-1.5995,-1.5674,-1.5326,-1.5134,-1.4878,-1.4786,-1.4603,-1.4347,-1.4438,-1.4109,-1.3761,-1.3211,-1.2992,-1.2928,-1.2818,-1.3871,-1.3578,-1.1765,-1.084,-1.0364,-0.99521,-0.99979,-0.96591,-0.8121,-0.80477,-0.84689,-0.60427,-0.44313,-0.48341,-0.37172,-0.06592,-0.12726,-0.28291,-0.11536,-0.097049,-0.96225,-2.5791,-3.7428,-3.4159,-1.7808
-1.7817,-1.7954,-1.7496,-1.5555,-1.5619,-1.5052,-1.4347,-1.496,-1.431,-1.464,-1.4795,-1.5107,-1.6269,-1.8046,-1.9126,-1.9401,-1.9501,-1.7698,-1.5006,-1.2735,-1.1179,-1.1051,-1.2754,-1.4649,-1.4658,-1.453,-1.4548,-1.3733,-1.2973,-1.2891,-1.3221,-1.3907,-1.4667,-1.4594,-1.5922,-1.5235,-1.2067,-1.3468,-1.6517,-1.9263,-2.0078,-2.0673,-2.168,-1.9575,-1.6105,-1.4512,-1.8036,-1.3111,-0.51912,-0.64364,-0.8121,-0.89816,-0.41658,-0.0091556,0.2884,0.65279,0.94028,0.96866,0.79653,-2.0206,-3.6979,-5.8165,-5.454,-4.9825,-1.1985,-1.6828
-1.5638,-1.4823,-1.5217,-1.5317,-1.5445,-1.5564,-1.5418,-1.4988,-1.529,-1.6105,-1.7478,-1.7725,-1.6855,-1.6956,-1.7295,-1.7322,-1.7551,-1.691,-1.6269,-1.6334,-1.6746,-1.6984,-1.6334,-1.6187,-1.6013,-1.5912,-1.5784,-1.6132,-1.6059,-1.6233,-1.6617,-1.6663,-1.5784,-1.5134,-1.5253,-1.5363,-1.5079,-1.3807,-1.2049,-1.1948,-1.3605,-1.474,-1.485,-1.5757,-1.4832,-1.3862,-1.3688,-1.366,-1.4924,-1.832,-1.5116,-0.46693,-0.27924,-0.42024,-0.81027,-0.25727,0.29023,0.058596,-0.89816,-2.3072,-3.144,-5.2525,-6.8438,-2.6936,-1.3871,-1.3541
-1.323,-1.333,-1.323,-1.2983,-1.2864,-1.3065,-1.3285,-1.3752,-1.3523,-1.3523,-1.3349,-1.2992,-1.3038,-1.3202,-1.3358,-1.3559,-1.3797,-1.3468,-1.3486,-1.3852,-1.3797,-1.3715,-1.355,-1.3138,-1.301,-1.2635,-1.268,-1.2763,-1.2662,-1.2397,-1.2607,-1.2726,-1.3175,-1.3019,-1.3102,-1.3752,-1.2964,-1.2323,-1.2397,-1.2159,-1.2626,-1.2159,-1.1957,-1.1371,-1.1692,-1.0858,-1.1682,-1.1042,-1.063,-1.1856,-1.2351,-1.2058,-1.7231,-1.3944,-1.1225,-0.51637,-0.41475,0.010071,0.045778,0.37904,-1.6846,-1.9144,-6.6643,-10.001,0.037538,-0.28474
-0.50722,-0.30213,-0.069582,-0.031129,-0.12085,-0.25086,-0.30305,-0.18769,-0.087893,-0.089724,-0.12726,-0.16755,-0.14374,-0.1648,-0.15015,-0.13367,-0.069582,0.032044,0.085147,0.0045778,-0.061342,-0.051271,0.064089,0.2353,0.25452,0.19318,0.18128,0.18586,0.095218,0.21058,0.49989,0.26002,-0.10346,-0.086062,0.037538,0.2646,0.58046,1.0978,1.1866,0.60793,0.30396,0.22614,0.41932,0.38453,0.2298,0.07416,0.01648,0.020142,0.15748,0.26276,0.31495,0.36256,0.49989,0.41658,0.271,0.30671,0.37538,0.40834,0.37263,0.4651,0.4706,0.51546,0.47792,-5.3166,-1.2799,-1.2552
-1.1765,-1.1325,-1.1243,-1.138,-1.2195,-1.2644,-1.2461,-1.2479,-1.2415,-1.1975,-1.1673,-1.1948,-1.2287,-1.2653,-1.3019,-1.3349,-1.3385,-1.2946,-1.2314,-1.268,-1.3083,-1.3486,-1.3541,-1.4154,-1.4035,-1.4109,-1.3605,-1.2983,-1.2644,-1.2516,-1.2745,-1.3047,-1.2662,-1.2333,-1.2827,-1.3477,-1.3569,-1.3303,-1.2781,-1.3285,-1.4081,-1.409,-1.3321,-1.3532,-1.5555,-1.4237,-1.258,-1.5711,-2.2037,-1.258,-0.9238,-1.1087,-1.258,-0.85513,-0.070498,-0.28016,0.067751,0.38179,0.44862,-1.8403,-2.5736,-4.9449,-4.7224,-7.7978,-1.7011,-1.7643
-1.7588,-1.8329,-1.8064,-1.7771,-1.8064,-1.8073,-1.8146,-1.8119,-1.8082,-1.8128,-1.8046,-1.7652,-1.7634,-1.757,-1.6828,-1.745,-1.7991,-1.8284,-1.8329,-1.8046,-1.7982,-1.8302,-1.8686,-1.8265,-1.7661,-1.7972,-1.7194,-1.6453,-1.6251,-1.6251,-1.5967,-1.5464,-1.5207,-1.5152,-1.5638,-1.5949,-1.6105,-1.539,-1.4274,-1.3459,-1.3614,-1.4539,-1.5143,-1.4072,-1.2726,-1.2772,-1.2635,-1.3193,-1.2406,-1.0694,-0.90274,-0.79928,-0.78097,-0.40742,-0.15656,0.14374,0.02472,0.99796,0.97415,-1.3047,-3.0644,-2.4033,-8.0862,-4.0138,-1.8549,-1.821
-1.7954,-1.7267,-1.6746,-1.6892,-1.7167,-1.7075,-1.7322,-1.7139,-1.6746,-1.6837,-1.6773,-1.6636,-1.6398,-1.5967,-1.5867,-1.6095,-1.5967,-1.5903,-1.5363,-1.5152,-1.5482,-1.5555,-1.5619,-1.5711,-1.5903,-1.5217,-1.5665,-1.6187,-1.6846,-1.7405,-1.7469,-1.7542,-1.6984,-1.6581,-1.6022,-1.5427,-1.5766,-1.5949,-1.485,-1.301,-1.2543,-1.2882,-1.3358,-1.2983,-1.3395,-1.3294,-1.2058,-1.2479,-1.5784,-1.3111,-0.90182,-0.85147,-0.42299,0.42756,0.38362,0.4294,0.8121,1.0373,0.24445,-2.2092,-4.2106,-1.1939,-5.9081,-2.0948,-1.7606,-1.7771
-1.7808,-1.7982,-1.7826,-1.7872,-1.821,-1.8201,-1.757,-1.7661,-1.7945,-1.7496,-1.745,-1.7817,-1.7121,-1.6398,-1.5949,-1.616,-1.6819,-1.7267,-1.7762,-1.7771,-1.745,-1.7505,-1.7496,-1.7487,-1.7405,-1.7103,-1.7057,-1.691,-1.6535,-1.6288,-1.5903,-1.5674,-1.5986,-1.5363,-1.5574,-1.594,-1.6187,-1.6141,-1.5949,-1.5601,-1.5427,-1.474,-1.3852,-1.3065,-1.2699,-1.2946,-1.2415,-1.2442,-1.2598,-1.1609,-1.03,-0.91464,-1.0941,-0.88076,-0.035707,0.34242,0.68667,0.44404,1.1737,3.2475,-0.35249,-3.1751,-4.6483,-2.3017,-1.1682,-0.97232
-0.87619,-0.87802,-0.95676,-0.94119,-0.80569,-0.7828,-0.75991,-0.80477,-0.72787,-0.70223,-0.72054,-0.73885,-0.7123,-0.65371,-0.67843,-0.60152,-0.55666,-0.58962,-0.73885,-0.6711,-0.49257,-0.35066,-0.30763,-0.14374,-0.086978,-0.18311,-0.13367,-0.12177,0.28932,0.44313,0.62258,0.19227,0.62899,0.71413,0.59877,0.81942,0.66927,0.34608,0.29572,0.58687,0.78738,0.79562,0.65279,0.5768,0.61251,0.68392,0.55116,0.34974,0.31953,0.40559,0.42665,0.35432,0.2884,0.347,0.62807,0.15748,-0.21241,-0.015564,0.22523,-0.01648,-5.1061,4.5265,-1.5436,-14.434,1.6974,1.6919
1.6837,1.6352,1.6086,1.626,1.6865,1.6993,1.6929,1.7313,1.7441,1.7011,1.6929,1.7515,1.7826,1.7194,1.713,1.6388,1.4502,1.4264,1.4667,1.4035,1.3761,1.3926,1.3138,1.2232,1.279,1.6178,2.0234,2.1378,2.1726,1.908,1.5418,1.4255,1.6095,1.7982,1.6929,1.6297,1.3193,1.3285,1.3605,1.3862,1.3477,0.99246,0.78555,1.2278,1.1032,0.87527,0.72329,0.60427,0.19227,-0.32319,-0.76357,-1.0181,-4.1255,-7.4636,-1.3129,-0.7947,2.0051,2.2587,1.1069,0.5118,0.15473,-0.28016,0.13367,1.3294,0.15015,0.141
0.16022,0.16846,0.16938,0.18494,0.17945,0.20508,0.19593,0.19044,0.20325,0.19684,0.19684,0.19684,0.18586,0.18769,0.19044,0.18586,0.16938,0.17396,0.11536,0.10712,0.097964,0.047609,0.038453,0.021973,0.0054933,0.022889,-0.085147,-0.11444,-0.10346,0.015564,0.28748,0.10804,0.26917,0.38179,0.41017,0.56124,0.7416,1.0007,0.77639,0.84231,0.78555,0.64913,0.52004,0.31678,0.15473,0.05768,0,0.039369,0.14283,0.1529,0.15748,0.24628,0.25178,0.17579,0.05768,0.047609,-0.029298,-0.085147,-0.17853,-0.13276,-0.099796,-0.085147,-0.25544,-6.993,1.8119,1.8082
1.7908,1.8302,1.8732,1.8036,1.7441,1.7249,1.7533,1.757,1.7194,1.6535,1.6343,1.6489,1.6462,1.6334,1.5409,1.475,1.4686,1.4786,1.4823,1.4493,1.4457,1.4072,1.4649,1.6169,1.7414,1.7414,1.789,2.0051,1.9236,1.6883,1.4502,1.3614,1.247,1.3239,1.3807,1.5033,1.5564,1.42,1.3935,1.4566,1.7075,1.4832,1.2415,1.1142,1.1124,0.98514,1.171,0.88992,0.64913,0.094302,-0.2884,-0.80935,-2.6524,-3.0433,2.0106,-2.3392,0.66469,2.1863,1.4585,0.54384,0.66652,0.15107,-0.095218,-0.16297,1.6974,1.6984
1.7029,1.6828,1.6727,1.7139,1.6947,1.7643,1.7652,1.7423,1.7158,1.702,1.6746,1.7588,1.7286,1.6791,1.691,1.7029,1.7304,1.735,1.735,1.7212,1.745,1.7982,1.8165,1.8686,1.8604,1.7405,1.6178,1.6031,1.6462,1.5491,1.3807,1.4173,1.3468,1.2122,1.2781,1.4274,1.5262,1.5656,1.6425,1.6581,1.7743,1.8577,1.9153,1.7295,1.5528,1.3028,1.41,1.4667,1.5079,1.4283,1.1142,0.83224,1.1802,1.03,-2.8758,2.7348,2.5828,1.3413,0.15656,-1.2159,-1.9758,-7.7667,-8.4204,0.094302,1.8247,1.7698
1.7542,1.7881,1.7789,1.7762,1.702,1.6681,1.681,1.7396,1.7643,1.7588,1.7249,1.7112,1.7386,1.7542,1.7432,1.7249,1.7396,1.8091,1.8384,1.8018,1.735,1.7103,1.6892,1.6846,1.7075,1.767,1.7615,1.7002,1.5903,1.5821,1.6388,1.6755,1.6846,1.6407,1.6196,1.5555,1.4887,1.5235,1.5555,1.5693,1.5171,1.4795,1.5262,1.3385,1.1728,1.1783,1.1802,1.1527,1.1124,1.0355,1.1051,1.1609,1.1911,1.3257,1.2223,0.79196,0.30763,0.5649,-0.21973,-0.83041,-0.82217,-0.0073244,-7.188,-2.0856,-1.6791,-1.6526
-1.8558,-1.9565,-1.9437,-1.8412,-2.06,-2.2687,-2.3283,-2.0618,-2.1616,-2.147,-1.9721,-1.8064,-1.6837,-1.5857,-1.4869,-1.4823,-1.6462,-1.7277,-1.7505,-1.7707,-1.8348,-1.8494,-1.7725,-1.7762,-1.7725,-1.6919,-1.6727,-1.6755,-1.659,-1.6691,-1.637,-1.55,-1.4576,-1.6141,-1.7798,-1.7734,-1.9218,-2.0316,-2.0774,-1.9529,-1.8915,-1.8375,-1.6672,-1.5427,-1.4365,-1.3321,-1.1673,-1.0666,-1.0282,-1.0181,-0.95309,-0.81027,-0.66195,-0.62349,-0.59511,-0.76907,-1.2424,-1.4777,-1.7917,-1.7377,-2.5855,-2.9142,-3.3537,-3.5102,-1.7698,-1.7661
-1.7048,-1.7057,-1.821,-1.8723,-1.9391,-1.9785,-2.0096,-2.0078,-1.9996,-1.9932,-1.9565,-1.8293,-1.7185,-1.7368,-1.7652,-1.6984,-1.6938,-1.7121,-1.6727,-1.583,-1.5372,-1.5546,-1.6507,-1.7396,-1.6901,-1.6041,-1.4878,-1.4667,-1.637,-1.7405,-1.746,-1.7734,-1.8421,-1.8229,-1.811,-1.8155,-1.7524,-1.68,-1.6214,-1.6663,-1.5931,-1.5281,-1.4429,-1.3266,-1.1893,-0.99979,-0.97781,-1.0392,-0.8478,-0.6711,-0.57497,-0.64547,-0.77639,-0.95035,-1.1838,-1.1737,-0.97049,-1.6416,-1.8293,-1.7954,-1.9694,-1.3211,-0.42024,-1.8155,-1.8073,-1.7826
-1.8174,-1.811,-1.7862,-1.7853,-1.8009,-1.822,-1.8558,-1.8091,-1.7624,-1.7331,-1.7139,-1.6846,-1.6984,-1.7313,-1.8082,-1.8311,-1.8522,-1.8412,-1.7789,-1.7194,-1.691,-1.67,-1.6324,-1.5711,-1.5894,-1.6425,-1.6507,-1.7148,-1.6929,-1.6974,-1.7121,-1.6755,-1.5986,-1.5491,-1.4832,-1.4649,-1.5244,-1.4585,-1.4081,-1.4539,-1.5363,-1.5748,-1.5253,-1.4219,-1.3376,-1.2122,-1.2287,-1.2433,-1.1719,-1.0135,-0.824,-0.67934,-0.50447,-0.47975,-0.47792,-0.50172,-0.74526,-0.45137,-0.5118,-2.1909,-3.2118,-3.4123,-4.1758,-1.67,-1.6004,-1.5683
-1.6608,-1.8888,-1.9272,-1.8705,-1.8513,-1.843,-1.8119,-1.8101,-1.8604,-1.691,-1.5912,-1.7643,-1.9062,-1.8146,-1.8476,-1.8934,-1.8531,-1.8146,-1.746,-1.8476,-1.7771,-1.757,-1.7762,-1.7469,-1.7277,-1.6974,-1.6388,-1.5976,-1.6425,-1.6727,-1.7331,-1.702,-1.6205,-1.615,-1.5995,-1.5629,-1.5519,-1.5812,-1.5381,-1.5098,-1.4576,-1.3907,-1.2891,-1.3047,-1.3147,-1.2809,-1.2168,-1.2607,-1.3395,-1.3138,-1.0547,-1.0117,-1.0941,-1.1069,-1.0273,-0.82125,-0.85147,-0.75259,-1.4026,-2.4125,-2.1873,-2.7366,-3.329,-1.6883,-1.7533,-1.7707
-1.778,-1.7158,-1.5976,-1.6004,-1.7341,-1.789,-1.9007,-1.9849,-1.8998,-1.8403,-1.7844,-1.7469,-1.8165,-1.8128,-1.7963,-1.7386,-1.7634,-1.7771,-1.7615,-1.7679,-1.7725,-1.778,-1.7148,-1.6654,-1.6114,-1.5958,-1.6205,-1.6004,-1.5198,-1.4859,-1.5015,-1.5949,-1.7716,-1.7698,-1.6819,-1.7158,-1.6764,-1.6599,-1.659,-1.5894,-1.572,-1.6306,-1.572,-1.4301,-1.4008,-1.3495,-1.2195,-1.1893,-1.1481,-1.0273,-0.87527,-0.80386,-0.65096,-0.51363,-0.45412,-0.53743,-0.65371,-0.72054,-1.117,-1.4328,-1.3514,-1.9977,-3.805,-1.7423,-1.7258,-1.7267
-1.7643,-1.789,-1.854,-1.8943,-1.8952,-1.8549,-1.811,-1.757,-1.7615,-1.8046,-1.7286,-1.756,-1.7991,-1.7652,-1.8046,-1.767,-1.7423,-1.735,-1.7322,-1.7203,-1.7038,-1.713,-1.7029,-1.6718,-1.6709,-1.6297,-1.6123,-1.5876,-1.6004,-1.5894,-1.5491,-1.5674,-1.6379,-1.6425,-1.6398,-1.615,-1.5857,-1.5326,-1.4978,-1.4402,-1.4145,-1.4154,-1.377,-1.344,-1.3221,-1.2928,-1.2378,-1.1087,-1.0053,-0.9238,-0.82217,-0.70772,-0.55391,-0.47426,-0.30854,-0.33326,-0.73611,-1.5162,-1.7432,-2.2523,-3.8536,-4.0138,-4.1731,-1.745,-1.7222,-1.7277
-1.7432,-1.7286,-1.6544,-1.7222,-1.7963,-1.7267,-1.7551,-1.7524,-1.7524,-1.7579,-1.7762,-1.8,-1.7817,-1.7762,-1.7515,-1.7405,-1.778,-1.7615,-1.7432,-1.7414,-1.7331,-1.7487,-1.7615,-1.7185,-1.6837,-1.6636,-1.6434,-1.6306,-1.5848,-1.5912,-1.5683,-1.6068,-1.6626,-1.6086,-1.5958,-1.5418,-1.4978,-1.4805,-1.4997,-1.4859,-1.4374,-1.3715,-1.3898,-1.3486,-1.2708,-1.2021,-1.1078,-0.9714,-0.88351,-0.66927,-0.4706,-0.33235,-0.23896,-0.1355,-0.060427,0.045778,0.34425,0.10895,-0.6711,-2.2916,-3.7666,-3.8966,-4.673,-1.7588,-1.767,-1.7588
-1.7643,-1.7634,-1.7615,-1.7405,-1.7103,-1.7038,-1.6507,-1.6453,-1.6993,-1.7405,-1.6947,-1.7158,-1.7112,-1.6572,-1.7121,-1.7341,-1.6636,-1.6791,-1.6865,-1.6938,-1.6892,-1.6636,-1.6141,-1.6114,-1.6187,-1.5418,-1.5665,-1.5812,-1.5015,-1.4951,-1.551,-1.5748,-1.5729,-1.6471,-1.6471,-1.6288,-1.6846,-1.6645,-1.5757,-1.5088,-1.4502,-1.3459,-1.3404,-1.3642,-1.2717,-1.128,-1.0337,-0.8826,-0.8359,-0.7947,-0.6354,-0.44404,-0.33601,-0.31678,-0.34333,-0.47884,-0.81668,-1.6022,-2.1168,-2.2724,-3.6888,-4.9303,-5.0026,-1.6379,-1.5802,-1.5867
-1.6498,-1.6746,-1.7835,-1.7908,-1.8101,-1.778,-1.7716,-1.7231,-1.7524,-1.7487,-1.6746,-1.6929,-1.7743,-1.7524,-1.7048,-1.7167,-1.7661,-1.7377,-1.7258,-1.7148,-1.7048,-1.7103,-1.7579,-1.7927,-1.8064,-1.7771,-1.7515,-1.6791,-1.6324,-1.6334,-1.6105,-1.5958,-1.5967,-1.5986,-1.5857,-1.5665,-1.5336,-1.5445,-1.5583,-1.54,-1.4731,-1.4502,-1.4548,-1.4274,-1.333,-1.2076,-0.98514,-0.87069,-0.80294,-0.67751,-0.50722,-0.33784,-0.27833,-0.33052,-0.17304,-0.11719,-0.21058,-0.6061,-1.6443,-3.4223,-4.6455,-5.1445,-5.204,-1.6956,-1.6919,-1.6984
-1.6984,-1.7158,-1.7203,-1.7048,-1.7222,-1.7441,-1.7304,-1.7267,-1.7103,-1.7093,-1.6544,-1.6608,-1.648,-1.6608,-1.6773,-1.648,-1.6846,-1.745,-1.7826,-1.821,-1.7771,-1.7112,-1.6764,-1.6581,-1.6837,-1.6746,-1.6672,-1.6416,-1.615,-1.6041,-1.5949,-1.5317,-1.6077,-1.6507,-1.5876,-1.5189,-1.5262,-1.5345,-1.4878,-1.4521,-1.4502,-1.453,-1.3807,-1.377,-1.4292,-1.3633,-1.2012,-1.0364,-0.89633,-0.78921,-0.74068,-0.66561,-0.45045,-0.17762,0,0.32777,0.62807,0.412,-0.141,-1.8613,-4.088,-5.4567,-1.7368,-1.735,-1.7386,-1.7634
-1.7624,-1.7542,-1.7441,-1.7661,-1.7515,-1.757,-1.7753,-1.7899,-1.7927,-1.7972,-1.8018,-1.7432,-1.7295,-1.7148,-1.6874,-1.6453,-1.583,-1.583,-1.6489,-1.6764,-1.67,-1.7158,-1.7734,-1.7606,-1.7277,-1.7103,-1.6343,-1.7084,-1.7862,-1.7377,-1.6974,-1.6498,-1.637,-1.6709,-1.745,-1.6865,-1.5802,-1.5162,-1.4127,-1.3633,-1.333,-1.2104,-1.1655,-1.1408,-1.0877,-0.98331,-0.86886,-0.77364,-0.61892,-0.47243,-0.36897,-0.24628,-0.14283,-0.067751,-0.10254,-0.0054933,-0.12726,-1.0822,-3.3042,-4.7179,-6.874,-1.7185,-1.6398,-1.6068,-1.6947,-1.7844
-1.767,-1.8265,-1.7991,-1.7689,-1.735,-1.6883,-1.6599,-1.6141,-1.6489,-1.702,-1.7707,-1.7606,-1.7597,-1.7808,-1.7643,-1.7496,-1.7267,-1.7048,-1.713,-1.7121,-1.7368,-1.7249,-1.7505,-1.7231,-1.6828,-1.7222,-1.7295,-1.67,-1.615,-1.6013,-1.583,-1.5674,-1.5491,-1.4512,-1.496,-1.6315,-1.5967,-1.5464,-1.5436,-1.5189,-1.3916,-1.2827,-1.0886,-0.84048,-0.73519,-0.65828,-0.58321,-0.40742,-0.19318,-0.085147,-0.0091556,-0.00824,-0.10071,-0.031129,0.03296,-0.040284,-0.9888,-3.545,-4.163,-5.562,-6.6616,-6.1068,-3.9644,-2.1497,-0.92288,-0.11628
0.48891,0.74435,1.1618,0.73611,0.27833,0.30396,0.28565,0.4944,0.54201,0.412,0.37904,0.2472,0.12543,-0.010987,0.17579,0.32777,0.086062,0.088809,0.29115,0.50264,0.60701,0.55025,0.47792,0.52278,0.55849,0.54567,0.40834,0.3003,-1.8137,-1.8073,-1.8293,-1.8055,-1.6553,-1.6196,-1.7176,-1.4585,-1.225,-1.258,-1.3376,-1.3358,-1.3028,-1.2387,-1.1325,-1.2506,-1.3285,-1.1948,-1.0685,-1.0767,-1.2305,-1.3486,-1.2735,-1.1206,-1.2378,-1.106,-1.0099,-1.442,-1.6187,-1.4118,-1.4695,-2.7805,-3.2282,-1.7432,-1.7917,-1.7597,-1.7524,-1.757
-1.7231,-1.756,-1.756,-1.7716,-1.7533,-1.7222,-1.7194,-1.7606,-1.7661,-1.7679,-1.6956,-1.6974,-1.7414,-1.745,-1.7698,-1.789,-1.7588,-1.7689,-1.7652,-1.7643,-1.7505,-1.7579,-1.7963,-1.7725,-1.7066,-1.6782,-1.6718,-1.6077,-1.5629,-1.5976,-1.6544,-1.6544,-1.6132,-1.4942,-1.4951,-1.5079,-1.3669,-1.344,-1.3147,-1.2342,-1.1417,-1.0886,-1.063,-1.1362,-1.3166,-1.2772,-1.0373,-0.86978,-0.86795,-1.1591,-1.2854,-1.1261,-0.965,-0.89175,-0.46236,-0.19135,0.25636,0.19227,-0.40925,-1.5748,-4.1484,-1.7771,-1.7753,-1.7359,-1.7432,-1.756
-1.757,-1.7139,-1.6984,-1.6993,-1.691,-1.6782,-1.6782,-1.6398,-1.6462,-1.6819,-1.6645,-1.6434,-1.6544,-1.681,-1.6773,-1.6782,-1.7634,-1.7103,-1.7121,-1.7075,-1.7103,-1.6855,-1.6681,-1.6773,-1.6901,-1.6526,-1.6352,-1.5711,-1.5281,-1.6608,-1.6306,-1.5244,-1.474,-1.4402,-1.3312,-1.2964,-1.2699,-1.2516,-1.2973,-1.1289,-1.019,-0.91189,-0.89175,-1.0648,-1.0895,-1.1628,-1.366,-1.4054,-1.5134,-1.5436,-1.4035,-1.2406,-0.97232,-0.93204,-0.76449,-0.12635,0.063173,0.010071,-0.56307,-2.4839,-2.9508,-1.7194,-1.6709,-1.6746,-1.7075,-1.7038
-1.6626,-1.7359,-1.7322,-1.6553,-1.7167,-1.767,-1.6636,-1.6938,-1.7368,-1.7405,-1.7597,-1.7624,-1.6791,-1.6773,-1.7936,-1.8101,-1.7872,-1.8586,-1.8137,-1.7753,-1.8375,-1.7899,-1.6626,-1.6782,-1.8366,-1.8613,-1.7798,-1.8641,-1.8659,-1.7359,-1.5867,-1.5729,-1.5271,-1.3669,-1.3834,-1.3724,-1.4795,-1.7359,-1.8467,-1.5738,-1.3184,-1.2818,-1.3578,-1.4621,-1.3742,-1.3239,-1.2836,-1.2928,-1.0923,-1.0602,-1.2406,-0.66927,-0.20966,0.14283,0.31404,0.82858,0.79562,0.070498,-0.52461,-2.3228,-4.3928,-1.7551,-1.8274,-1.8787,-1.811,-1.7368
-1.8467,-1.8943,-1.7661,-1.6388,-1.6919,-1.9126,-1.767,-1.6123,-1.7158,-1.8952,-1.8778,-1.7093,-1.7853,-2.0234,-1.9886,-1.9089,-2.103,-2.4949,-2.5269,-2.3356,-2.0847,-2.0261,-2.1818,-2.103,-1.9446,-1.5308,-1.4283,-1.42,-1.4164,-1.3285,-1.4814,-1.4722,-1.3349,-1.3459,-1.3889,-1.355,-1.3587,-1.5537,-1.6489,-1.616,-1.301,-1.0547,-0.94119,-0.79196,-0.81668,-1.1023,-1.127,-0.80111,-0.22614,0.088809,0.13459,0.30671,0.78372,1.052,0.85055,0.29389,-0.25178,-2.1854,-6.0463,-2.3649,-6.8227,-1.6984,-1.6654,-1.616,-1.6334,-1.6691
-1.7057,-1.6562,-1.6874,-1.6938,-1.6883,-1.702,-1.6819,-1.7038,-1.6599,-1.7222,-1.7542,-1.7872,-1.7551,-1.7258,-1.7359,-1.6956,-1.724,-1.6892,-1.6938,-1.615,-1.6617,-1.6645,-1.6114,-1.6334,-1.6288,-1.5711,-1.5217,-1.5152,-1.4301,-1.3669,-1.3358,-1.3202,-1.3376,-1.2955,-1.1527,-1.0923,-1.1206,-1.3083,-1.3816,-1.3111,-1.269,-1.4063,-1.5015,-1.5986,-1.6965,-1.789,-1.8101,-1.908,-1.8009,-1.6727,-1.5867,-1.4695,-1.2598,-1.1399,-0.94577,-0.34425,0.069582,-0.0412,-0.51454,-1.7066,-3.3702,-1.724,-1.7121,-1.6141,-1.54,-1.5473
-1.572,-1.5812,-1.5583,-1.5235,-1.464,-1.4768,-1.5903,-1.5473,-1.4191,-1.301,-1.2525,-1.2937,-1.3605,-1.3752,-1.312,-1.4347,-1.7057,-1.9465,-1.9941,-1.886,-1.8082,-1.7048,-1.6489,-1.7634,-1.8531,-1.7798,-1.7533,-1.8146,-1.7368,-1.6416,-1.6315,-1.5922,-1.4795,-1.5519,-1.5546,-1.4621,-1.4841,-1.4118,-1.3468,-1.2616,-1.2589,-1.2836,-1.1335,-1.0355,-1.0245,-1.0446,-1.0978,-1.0913,-1.0337,-0.94211,-1.0401,-1.0675,-0.73244,-0.35066,-0.16755,0.068667,0.37812,0.16388,-0.47792,-2.1845,-5.4952,-1.8082,-1.8082,-1.8302,-1.8613,-1.8192
-1.7899,-1.724,-1.746,-1.7954,-1.7844,-1.7158,-1.7304,-1.7542,-1.7222,-1.7267,-1.6965,-1.7084,-1.691,-1.6883,-1.659,-1.5949,-1.6352,-1.6425,-1.5482,-1.4731,-1.42,-1.4118,-1.4658,-1.5198,-1.4704,-1.4548,-1.4219,-1.5207,-1.7441,-1.8622,-1.8787,-1.6416,-1.6965,-1.7075,-1.8,-1.9218,-1.7643,-1.7725,-1.6517,-1.8989,-2.3173,-1.9803,-1.757,-1.8622,-1.9657,-1.8256,-1.8348,-1.6041,-1.1573,-0.42299,0.41292,1.2653,1.6187,1.1005,0.12177,-0.35432,-0.51271,-0.85879,-2.2623,-1.8769,-4.1566,-1.7615,-1.7817,-1.8604,-1.963,-1.9044
-1.9419,-2.1378,-2.0966,-1.886,-1.8513,-1.8723,-1.8265,-1.951,-2.0051,-1.919,-1.8311,-1.7881,-1.745,-1.7011,-1.6993,-1.7057,-1.6709,-1.6718,-1.6773,-1.6022,-1.5491,-1.5317,-1.6077,-1.9538,-2.0737,-1.8513,-1.7441,-1.7057,-1.8018,-1.7835,-1.7194,-1.832,-1.9327,-1.8897,-1.735,-1.6865,-1.5839,-1.3742,-1.3056,-1.3431,-1.2488,-1.2928,-1.1802,-1.0355,-1.0547,-1.0721,-1.0126,-1.0703,-0.99155,-0.69033,-0.17487,0.30488,0.61159,0.7004,0.36348,-0.22065,-0.80752,-4.3553,-4.2958,-3.3216,-6.3109,-1.616,-1.6004,-1.6993,-1.6562,-1.6517
-1.6416,-1.6736,-1.7148,-1.7716,-1.7038,-1.6654,-1.6187,-1.6022,-1.5088,-1.5619,-1.8851,-1.8842,-1.8284,-1.8265,-1.7679,-2.1085,-2.3182,-2.0682,-1.9648,-1.887,-1.832,-1.7982,-1.8751,-1.897,-1.6407,-1.6837,-1.854,-1.7524,-1.6141,-1.5354,-1.4457,-1.3834,-1.605,-1.7524,-1.6169,-1.4585,-1.4008,-1.3678,-1.3486,-1.6718,-1.6553,-1.4759,-1.4429,-1.1893,-1.0291,-0.94577,-0.83865,-0.6592,-0.45412,-0.32136,-0.11628,0.063173,-0.0045778,-0.10895,-0.69124,-1.1014,-2.7604,-3.4819,-4.6455,-4.7847,-4.8469,-1.7734,-1.757,-1.7386,-1.7341,-1.7881
-1.8247,-1.8,-1.7853,-1.7725,-1.7606,-1.7524,-1.7551,-1.7533,-1.7487,-1.7505,-1.7432,-1.7533,-1.7862,-1.7954,-1.8009,-1.8155,-1.8101,-1.7771,-1.7661,-1.7478,-1.7551,-1.7368,-1.7707,-1.7634,-1.7231,-1.6947,-1.8394,-1.8833,-1.822,-1.8274,-1.7698,-1.7093,-1.6645,-1.5784,-1.5748,-1.5647,-1.4594,-1.5125,-1.5317,-1.5372,-1.4795,-1.3559,-1.2754,-1.1975,-1.062,-0.88809,-0.76083,-0.63906,-0.37629,-0.078738,-0.14008,0.010071,0.10712,1.2644,0.80477,0.20325,0.036622,-2.0389,-4.4377,-6.1241,-7.7447,-1.8082,-1.8101,-1.8192,-1.7936,-1.8101
-1.8238,-1.8403,-1.8723,-1.8632,-1.8604,-1.8641,-1.8567,-1.8467,-1.8412,-1.7771,-1.7771,-1.7423,-1.7817,-1.8091,-1.8778,-1.8577,-1.8339,-1.843,-1.8467,-1.8229,-1.7661,-1.7679,-1.6846,-1.6269,-1.5784,-1.5537,-1.6123,-1.6297,-1.6489,-1.6672,-1.6764,-1.5949,-1.529,-1.4484,-1.2818,-0.95767,-0.60427,-0.28108,-0.16297,-0.19593,-0.3827,-0.66378,-0.72512,-0.93112,-1.268,-1.6562,-1.605,-2.5123,-2.1726,-1.756,-1.7917,-2.1772,-1.6993,-1.3211,-1.0437,-0.69765,-1.2909,-2.2019,-1.9282,-1.9144,-1.8888,-1.8128,-1.7716,-1.7551,-1.735,-1.7139
-1.6819,-1.6837,-1.6691,-1.6773,-1.6919,-1.7002,-1.7148,-1.7158,-1.7112,-1.7597,-1.8018,-1.8018,-1.8201,-1.8009,-1.7982,-1.8064,-1.7844,-1.7331,-1.6974,-1.6105,-1.5574,-1.5903,-1.6031,-1.5867,-1.5848,-1.605,-1.5528,-1.561,-1.6617,-1.6324,-1.5793,-1.6352,-1.615,-1.6004,-1.6041,-1.5198,-1.4869,-1.4109,-1.2845,-1.1499,-1.0465,-0.85604,-0.66652,-0.36622,-0.22706,-0.38453,-0.2353,0.50172,1.3468,0.15015,0.094302,0.19501,-0.65096,-3.6137,-4.5851,-5.5409,-5.1839,-3.8884,-1.7469,-1.7386,-1.7414,-1.7624,-1.7396,-1.7331,-1.7762,-1.7826
-1.7872,-1.7853,-1.7881,-1.8101,-1.8192,-1.7982,-1.7533,-1.7524,-1.7277,-1.6883,-1.6883,-1.6672,-1.6553,-1.6736,-1.6416,-1.615,-1.6004,-1.5665,-1.5683,-1.5473,-1.5775,-1.5326,-1.4997,-1.4521,-1.3349,-1.442,-1.5583,-1.5317,-1.4914,-1.4695,-1.6352,-1.6709,-1.7982,-1.6974,-1.6535,-1.637,-1.5482,-1.4878,-1.5473,-1.4814,-1.3486,-1.3166,-0.99612,-0.56948,-0.43764,-0.72237,-0.5118,-0.10987,-0.141,-0.23438,-0.25452,-0.26917,-0.82034,-1.4695,-2.1772,-2.5123,-2.4381,-3.6494,-1.8082,-1.8,-1.8101,-1.7917,-1.7084,-1.7936,-1.7515,-1.7158
-1.7945,-1.7643,-1.7377,-1.8412,-1.8247,-1.8659,-1.8851,-1.8696,-1.8613,-1.9044,-1.9291,-1.887,-1.952,-1.9044,-1.7853,-1.767,-1.7936,-1.8165,-1.8036,-1.745,-1.6819,-1.6123,-1.5867,-1.5665,-1.5564,-1.5546,-1.5171,-1.464,-1.3541,-1.2415,-1.1417,-1.0263,-0.83956,-0.87802,-1.0932,-1.3651,-1.2699,-1.1609,-1.2241,-1.1481,-1.03,-1.0318,-1.0941,-1.2177,-1.0575,-0.94943,-1.3147,-0.92929,-0.96133,-1.0904,-0.89999,-0.94119,-1.0135,-0.65188,-0.87527,-2.3978,-4.6812,-5.9996,-1.7011,-1.6764,-1.6837,-1.6828,-1.6929,-1.7176,-1.745,-1.7487
-1.7808,-1.7817,-1.7725,-1.7487,-1.7469,-1.7469,-1.7405,-1.7469,-1.8119,-1.8641,-1.8503,-1.8778,-1.8421,-1.7634,-1.7377,-1.7661,-1.7588,-1.7212,-1.7258,-1.7222,-1.6965,-1.5995,-1.4942,-1.4365,-1.464,-1.5152,-1.518,-1.4338,-1.4887,-1.3651,-1.3495,-1.2937,-1.1792,-1.0913,-1.008,-0.95492,-0.96774,-1.1426,-1.2717,-1.0108,-0.81668,-0.77456,-0.66286,-0.83407,-1.0007,-0.89267,-0.75442,-0.98422,-0.52644,-0.35066,-0.6885,-2.3484,-3.7455,-4.9174,-2.1653,-1.6965,-3.3033,-2.7064,-1.7231,-1.8366,-1.897,-1.9291,-1.9291,-1.9007,-1.8677,-1.8293
-1.7753,-1.7487,-1.7505,-1.7899,-1.7588,-1.7725,-1.7844,-1.8036,-1.8229,-1.8513,-1.8412,-1.8366,-1.8558,-1.8989,-1.93,-1.9227,-1.8815,-1.8183,-1.7524,-1.6901,-1.6398,-1.6379,-1.5976,-1.5445,-1.5354,-1.4978,-1.4686,-1.4658,-1.4887,-1.5189,-1.4731,-1.3807,-1.3193,-1.3623,-1.29,-1.084,-0.89084,-0.70681,-0.58596,-0.75991,-1.073,-1.0968,-0.94394,-0.91556,-0.90732,-1.0062,-0.84872,-0.97873,-1.0291,-0.095218,-0.46785,-1.3596,-0.7535,-1.7634,-3.5771,-3.8664,-4.044,-2.9911,-1.7908,-1.8174,-1.8476,-1.8522,-1.8174,-1.7908,-1.7698,-1.7844
-1.8421,-1.908,-1.9391,-1.9465,-1.9831,-1.9877,-1.9575,-1.9153,-1.9044,-1.8879,-1.8787,-1.843,-1.8027,-1.8009,-1.8384,-1.9153,-1.8558,-1.757,-1.6791,-1.4228,-1.1536,-1.03,-0.97598,-0.95859,-1.3569,-1.3312,-1.3312,-1.2012,-1.1747,-1.182,-1.1719,-1.2012,-1.4447,-1.7185,-1.8961,-1.8824,-1.6828,-1.4713,-1.3559,-1.3422,-1.2479,-1.2012,-1.1298,-1.0016,-1.1042,-1.0355,-0.71139,-0.49806,-0.26368,-0.24537,-1.269,-1.7222,-0.68484,-0.65554,-1.3138,-3.4278,-3.4004,-2.4821,-1.7331,-1.8165,-1.7862,-1.8503,-1.887,-1.8787,-1.9053,-1.8778
-1.8778,-1.8384,-1.7652,-1.7588,-1.7982,-1.8256,-1.8192,-1.8073,-1.7954,-1.8064,-1.811,-1.8229,-1.8018,-1.7606,-1.6947,-1.6617,-1.6471,-1.6755,-1.6764,-1.615,-1.6059,-1.5683,-1.6269,-1.6819,-1.6187,-1.5427,-1.4219,-1.2983,-1.5592,-1.5592,-1.4594,-1.6471,-1.7441,-1.9977,-2.19,-2.2587,-2.1067,-1.9492,-1.7304,-1.3312,-1.1289,-1.0556,-0.82492,-0.52004,-0.22065,0.012818,-0.34608,-0.34608,0.59236,0.75716,0.61251,0.77731,0.3534,-3.394,-4.1072,-4.1292,-3.1147,-4.4395,-1.9456,-2.0563,-2.0307,-1.9007,-1.8329,-1.8064,-1.8952,-1.9062
-1.8403,-1.8165,-1.757,-1.7093,-1.6993,-1.6919,-1.6947,-1.7112,-1.6965,-1.6764,-1.7038,-1.7048,-1.713,-1.7322,-1.7194,-1.6453,-1.5711,-1.5656,-1.5464,-1.5574,-1.5262,-1.4869,-1.4539,-1.4805,-1.4914,-1.5455,-1.5894,-1.5931,-1.6572,-1.8192,-1.7872,-1.745,-1.9456,-2.1973,-2.2568,-2.2092,-2.0334,-1.9007,-1.7515,-1.3889,-1.0923,-0.87161,-0.71596,-0.41475,-0.37996,-0.26185,0.35432,0.11719,0.00091556,0.22706,0.13642,0.094302,-0.32136,-2.5251,-3.7867,-4.4185,-4.9284,-4.0413,-1.7817,-1.7615,-1.746,-1.7606,-1.8284,-1.8943,-1.8806,-1.8329
-1.8082,-1.7954,-1.7982,-1.767,-1.7725,-1.8009,-1.8357,-1.8348,-1.8641,-1.8485,-1.8046,-1.746,-1.6626,-1.637,-1.68,-1.7249,-1.6773,-1.7414,-1.8155,-1.6663,-1.3981,-1.2909,-1.3999,-1.4374,-1.2607,-1.1408,-1.1499,-1.3761,-1.1829,-1.2891,-1.5665,-2.1937,-2.8822,-2.6048,-2.5315,-2.1607,-1.5363,-0.88351,-0.30946,-0.41017,-1.1737,-1.0446,-0.11719,0.21058,0.5182,-0.00824,0.64913,0.40101,0.33235,0.17945,-0.47792,-2.8813,-4.4981,-4.7673,-4.3287,-4.3095,-3.7172,-3.0039,-1.8806,-1.8302,-1.7862,-1.7487,-1.7277,-1.7396,-1.7505,-1.7634
-1.7634,-1.7753,-1.8403,-1.8952,-1.9089,-1.9419,-1.9684,-1.9428,-1.8961,-1.8586,-1.8348,-1.8284,-1.7716,-1.7396,-1.6837,-1.605,-1.5867,-1.5857,-1.529,-1.4594,-1.4539,-1.496,-1.5528,-1.4978,-1.3962,-1.4118,-1.399,-1.333,-1.301,-1.3459,-1.5345,-1.7743,-2.1039,-2.4436,-2.5123,-2.3914,-2.114,-1.6654,-1.2516,-1.0309,-0.82766,-0.7242,-0.57405,-0.33692,-0.14924,0.18036,-0.058596,-0.37996,-0.44862,-0.30213,-0.41932,-0.9183,0.037538,-0.89084,-3.1605,-4.4478,-4.088,-1.4658,-1.8036,-1.7698,-1.7725,-1.7533,-1.7954,-1.8586,-1.8879,-1.9501
-1.9776,-2.0234,-2.1213,-2.1461,-1.9996,-1.897,-1.9034,-1.8668,-1.8567,-1.7899,-1.6965,-1.5949,-1.4814,-1.42,-1.5033,-1.4887,-1.4283,-1.3852,-1.3852,-1.3211,-1.2104,-1.1957,-1.3257,-1.5354,-1.5857,-1.5235,-1.4933,-1.6132,-1.7139,-1.9282,-2.1744,-2.2166,-2.0536,-2.1259,-2.2147,-1.9721,-1.7222,-1.5693,-1.1985,-0.95309,-0.73611,-0.30488,-0.24628,0.22889,0.53926,0.36805,-0.4532,0.058596,0.64638,0.18311,-0.11261,-2.2806,-3.3656,-4.3516,-3.5588,-2.9371,-4.2253,-2.776,-1.9007,-1.8888,-1.8659,-1.8073,-1.789,-1.8119,-1.8778,-1.8952
-1.8705,-1.843,-1.8036,-1.832,-1.8513,-1.8503,-1.8458,-1.8577,-1.8714,-1.8503,-1.832,-1.8284,-1.8659,-1.9144,-1.9666,-1.8897,-1.8238,-1.8101,-1.7753,-1.757,-1.746,-1.7533,-1.659,-1.7689,-1.8806,-1.8293,-1.8256,-1.9364,-1.887,-1.8009,-1.8375,-1.7771,-1.7148,-1.8009,-1.7927,-1.6663,-1.561,-1.5107,-1.4356,-1.3678,-1.3642,-1.279,-1.1838,-0.95126,-0.76174,-0.41108,-0.27833,-0.34883,-0.49623,-0.77548,-0.78097,-0.42848,-0.58687,-1.0941,-1.3202,-1.5079,-2.6249,-3.795,-1.8787,-1.865,-1.8357,-1.8421,-1.8293,-1.8439,-1.8549,-1.8586
-1.8485,-1.8403,-1.8751,-1.8888,-1.8714,-1.8686,-1.8394,-1.8082,-1.8403,-1.8027,-1.7743,-1.7844,-1.854,-1.8686,-1.8842,-1.9163,-1.886,-1.8705,-1.8632,-1.8842,-1.9062,-1.8567,-1.746,-1.7771,-1.789,-1.8274,-1.7936,-1.832,-1.8366,-1.7945,-1.7396,-1.7515,-1.8192,-1.8659,-1.8394,-1.7826,-1.6535,-1.4777,-1.4365,-1.3367,-1.4063,-1.323,-1.1499,-0.82492,-0.46968,-0.38362,-0.57405,-0.58229,-0.5649,-0.38545,-0.41383,-0.51637,-0.6473,-1.3157,-1.67,-1.9565,-1.2745,-3.2392,-1.8366,-1.8632,-1.8979,-1.876,-1.8174,-1.7853,-1.7862,-1.7945
-1.8155,-1.8265,-1.8165,-1.7963,-1.8229,-1.8329,-1.8412,-1.7991,-1.8146,-1.811,-1.8265,-1.8183,-1.8009,-1.7789,-1.8,-1.7707,-1.7496,-1.8284,-1.8741,-1.876,-1.8833,-1.832,-1.778,-1.756,-1.713,-1.6654,-1.6077,-1.5674,-1.5107,-1.6279,-1.7158,-1.7075,-1.6764,-1.605,-1.615,-1.6114,-1.5922,-1.4869,-1.4576,-1.5088,-1.5519,-1.6095,-1.5235,-1.5033,-1.3642,-1.0978,-1.2854,-1.3303,-0.93295,-0.48524,0.021058,0.37904,0.56307,0.13916,-0.30488,-0.96683,-2.6734,-4.8689,-1.821,-1.8201,-1.7515,-1.8256,-1.8714,-1.8403,-1.7624,-1.7194
-1.7002,-1.7002,-1.7112,-1.7707,-1.8595,-1.9245,-1.9007,-1.8567,-1.8146,-1.789,-1.8055,-1.8403,-1.8641,-1.8888,-1.8394,-1.8018,-1.7972,-1.7249,-1.6947,-1.6581,-1.6599,-1.6837,-1.7277,-1.7689,-1.7789,-1.8577,-1.832,-1.7917,-1.7533,-1.7158,-1.7396,-1.8201,-1.8155,-1.7185,-1.659,-1.8284,-1.8384,-1.7872,-1.9071,-1.7212,-1.5748,-1.5152,-1.3706,-1.2223,-1.1307,-0.99979,-0.9183,-0.76174,-0.63631,-0.52461,-0.50539,-0.50264,-0.13184,-0.064089,-0.48524,-1.052,-1.2726,-2.277,-1.7295,-1.7231,-1.7643,-1.7551,-1.7991,-1.8595,-1.887,-1.8311
-1.7862,-1.7432,-1.724,-1.724,-1.7991,-1.8091,-1.7203,-1.7194,-1.8412,-1.9199,-1.9282,-1.9218,-1.8741,-1.8082,-1.7606,-1.7222,-1.7167,-1.7789,-1.7405,-1.6929,-1.7011,-1.8009,-1.8329,-1.8293,-1.8229,-1.8,-1.7753,-1.7588,-1.5995,-1.4731,-1.5125,-1.6617,-1.4914,-1.3422,-1.2461,-1.1078,-1.2873,-1.5381,-1.3321,-1.2085,-1.2763,-1.2204,-1.117,-1.0007,-0.93936,-0.81942,-0.79562,-0.75076,-0.75625,-1.063,-1.203,-1.8787,-2.7595,-3.0662,-2.8263,-2.7247,-3.2447,-3.6201,-1.8567,-1.8329,-1.8146,-1.8009,-1.8384,-1.93,-1.9492,-1.9474
-2.049,-1.9785,-1.8229,-1.7487,-1.659,-1.6654,-1.7139,-1.8668,-1.9025,-1.8824,-1.8366,-1.8119,-1.7579,-1.713,-1.7304,-1.7679,-1.7982,-1.7679,-1.8165,-1.8128,-1.7908,-1.8577,-1.8329,-1.7908,-1.756,-1.8302,-1.8558,-1.7615,-1.7743,-1.7377,-1.7469,-1.8247,-1.7432,-1.7597,-1.9309,-1.9684,-2.0966,-1.7908,-1.4219,-1.0007,-0.78829,-0.51363,-0.56215,-1.0364,-0.86703,-0.35249,-0.071413,-0.4532,-0.16388,0.36531,0.13916,-0.6885,-1.1444,-2.0866,-3.5121,-3.4288,-3.274,-3.5698,-2.0646,-2.0307,-1.9657,-1.8906,-1.8897,-1.9025,-1.919,-1.9977
-1.9813,-1.9803,-1.9584,-1.9025,-1.8787,-1.8018,-1.7121,-1.7139,-1.7945,-1.746,-1.648,-1.615,-1.6471,-1.5738,-1.5821,-1.6132,-1.6196,-1.6013,-1.5958,-1.7295,-1.7496,-1.7359,-1.6736,-1.6773,-1.605,-1.54,-1.5436,-1.5848,-1.7542,-1.7414,-1.6764,-1.8815,-1.7908,-1.5116,-1.1252,-0.99063,-0.83316,-1.1005,-1.1692,-1.0382,-0.97507,-0.84048,-0.97324,-1.0419,-0.89084,-0.412,-0.64089,-0.88626,-1.7441,-2.147,-2.8538,-3.5551,-2.6798,-0.79653,-1.1124,-0.94485,0.25819,1.5381,-1.7588,-1.8384,-1.8604,-1.8549,-1.8604,-1.8357,-1.8394,-1.7881
-1.811,-1.9428,-1.9977,-2.0646,-2.0618,-1.9767,-1.8851,-1.7185,-1.6819,-1.6407,-1.6013,-1.6233,-1.6782,-1.7029,-1.767,-1.7661,-1.8155,-1.8458,-1.8503,-1.8339,-1.702,-1.7103,-1.6874,-1.963,-2.1323,-2.1268,-2.0087,-2.1891,-1.8897,-1.7478,-1.6453,-1.8265,-1.7689,-1.5949,-1.6965,-1.6379,-1.6782,-1.6462,-1.3257,-1.1362,-1.0941,-0.9064,-0.75716,-0.73794,-0.63173,-0.52461,-0.5356,-0.74984,-0.3882,-0.23713,-0.023804,-0.15839,-0.58138,-1.4621,-2.5205,-2.8282,-3.405,-3.8865,-1.7496,-1.7945,-1.8348,-1.8357,-1.821,-1.8989,-1.9922,-1.9648
-1.9318,-1.8558,-1.9611,-2.0637,-1.9437,-1.9208,-1.9803,-1.9474,-1.865,-1.8513,-1.8055,-1.7762,-1.7643,-1.7112,-1.6663,-1.6874,-1.7743,-1.7029,-1.7158,-1.7148,-1.7057,-1.6526,-1.6883,-1.7862,-1.7753,-1.8394,-1.7954,-1.8741,-1.9355,-1.8824,-1.8503,-1.7725,-1.6929,-1.2479,-1.0602,-0.91281,-0.85513,-0.90457,-0.73336,-0.477,-0.62532,-0.49348,-0.21699,-0.092471,0.16755,-0.072329,-0.16846,-0.7709,-1.0923,-2.0444,-2.7549,-3.5212,-3.9433,-2.3255,-1.0721,0.75533,2.6551,2.2532,-1.7496,-1.6352,-1.6608,-1.7038,-1.713,-1.6965,-1.6965,-1.6974
-1.7515,-1.8,-1.7313,-1.7579,-1.7615,-1.7029,-1.6517,-1.6974,-1.7478,-1.6581,-1.6233,-1.6672,-1.7203,-1.681,-1.6178,-1.5922,-1.5821,-1.6434,-1.6059,-1.5033,-1.5079,-1.4887,-1.4493,-1.5162,-1.68,-1.6709,-1.626,-1.572,-1.5116,-1.4338,-1.5189,-1.6114,-1.659,-1.7808,-1.7899,-1.6691,-1.5308,-1.5528,-1.605,-1.3587,-1.0932,-1.0044,-1.128,-1.2049,-0.96133,-0.79836,-0.81851,-0.52644,-0.39369,-0.25361,-0.13642,-0.097049,-0.36348,-1.1911,-2.2294,-2.4372,-2.5892,-3.8289,-1.7927,-1.832,-1.8137,-1.7872,-1.757,-1.7762,-1.7826,-1.7945
-1.8366,-1.8677,-1.963,-1.9684,-1.9327,-1.8421,-1.6828,-1.5583,-1.5894,-1.7212,-1.8348,-1.8146,-1.8311,-1.8705,-1.8915,-1.8137,-1.6865,-1.659,-1.7551,-1.8549,-1.919,-1.9309,-2.179,-2.4509,-2.515,-2.5837,-2.8758,-2.5425,-2.3301,-2.1058,-1.9437,-1.5006,-0.82949,-0.44679,-0.45137,-0.59969,-0.57405,-0.1648,-0.010071,-0.0412,0.31861,0.35707,0.35798,0.19593,0.011902,-0.14832,-0.8121,-1.2918,-1.1124,-2.0334,-3.5441,-4.3864,-3.8618,-2.7265,-1.4942,0.88992,2.8245,2.5938,-1.7304,-1.6572,-1.724,-1.6636,-1.6746,-1.7313,-1.778,-1.778
-1.778,-1.8485,-1.8842,-2.0609,-2.0563,-2.0994,-2.2074,-1.9584,-1.7139,-1.5537,-1.5326,-1.7267,-1.8485,-1.7286,-1.5665,-1.5445,-1.539,-1.6031,-1.7267,-1.7734,-1.6095,-1.822,-2.0472,-2.0792,-2.1085,-2.5498,-2.5819,-2.3667,-2.3905,-2.1616,-1.9309,-1.9639,-1.626,-1.1609,-0.92288,-0.85421,-0.65737,-0.41566,-0.21058,-0.075991,-0.13001,-0.088809,0.1822,0.29481,0.24903,-0.33235,-0.75167,-1.0858,-1.7075,-1.7844,-3.1166,-3.4452,-3.6457,-3.0634,-2.1754,0.084231,1.681,2.9884,-1.8824,-1.8714,-1.919,-1.9648,-1.919,-1.8897,-1.8531,-1.8513
-1.757,-1.7725,-1.7698,-1.7212,-1.7588,-1.7753,-1.7679,-1.7899,-1.8183,-1.8458,-1.7432,-1.6947,-1.7313,-1.811,-1.8284,-1.8375,-1.7853,-1.8595,-1.9062,-1.8531,-1.7615,-1.8467,-1.908,-1.9327,-1.6755,-2.0124,-2.0884,-2.1076,-1.9456,-1.8668,-1.7469,-1.5482,-1.2461,-0.96408,-0.77273,-0.60518,-0.53652,-0.46785,-0.33692,-0.10712,0.062258,0.0036622,-0.13642,0.021058,-0.097049,-0.63173,-1.1554,-2.1278,-2.9994,-4.4606,-3.6531,-3.2557,-2.2907,-0.63356,0.347,1.2864,2.0499,3.0799,1.8027,1.4686,1.4145,1.5207,1.1701,0.58412,0.22706,0.15381
0.089724,0.10804,0.37904,0.42207,0.1355,0.7416,1.3266,1.5015,1.5189,1.3614,1.2845,1.1957,1.0566,0.9357,0.76266,0.60427,0.60335,0.73336,0.69582,0.52095,-1.2387,-1.247,-1.5363,-1.8183,-2.1067,-2.2019,-2.093,-2.2385,-2.2028,-2.1287,-1.9025,-1.8668,-1.7011,-1.594,-1.6535,-1.5125,-1.0794,-0.83041,-0.73702,-0.52187,-0.085147,0.29572,0.44588,0.37538,0.31953,0.23621,0.00824,-0.23713,-0.73885,-1.7505,-4.098,-2.515,-1.355,-1.778,-1.7487,-1.7304,-1.7652,-1.7982,-1.7826,-1.8018,-1.8357,-1.8458,-1.8375,-1.8567,-1.8274,-1.8366
-1.8503,-1.8558,-1.8577,-1.8824,-1.8979,-1.9227,-1.9062,-1.9034,-1.8906,-1.8833,-1.8311,-1.7533,-1.6974,-1.6022,-1.5299,-1.4805,-1.4859,-1.5033,-1.496,-1.4621,-1.4621,-1.5033,-1.496,-1.5372,-1.4585,-1.4447,-1.431,-1.4896,-1.4374,-1.4237,-1.3074,-1.193,-1.149,-1.1371,-1.1472,-1.0611,-0.98422,-0.95309,-0.76449,-0.61251,-0.7535,-0.87069,-0.81668,-0.4413,-0.87252,-4.1008,-2.6661,-3.4086,-1.8696,-0.44404,1.5198,3.2429,10.127,-1.8146,-1.7963,-1.8119,-1.8421,-1.8036,-1.7743,-1.8192,-1.8879,-1.9318,-1.9153,-1.865,-1.821,-1.7222
-1.7258,-1.7533,-1.757,-1.8815,-1.8897,-1.8119,-1.811,-1.7991,-1.789,-1.7496,-1.7405,-1.7029,-1.6544,-1.6434,-1.6214,-1.5885,-1.6169,-1.6498,-1.6544,-1.68,-1.7011,-1.6581,-1.605,-1.5821,-1.4969,-1.4328,-1.3971,-1.323,-1.2378,-1.1728,-1.127,-1.1582,-1.16,-1.0648,-1.1481,-1.2159,-1.1344,-1.1518,-1.0373,-0.83041,-0.62166,-0.64455,-0.347,-0.029298,0.347,0.73611,0.65279,0.84414,0.0064089,-1.0868,-1.6517,1.0712,4.3645,-1.8046,-1.8036,-1.8018,-1.7789,-1.767,-1.7515,-1.7286,-1.7386,-1.7808,-1.7634,-1.7359,-1.7359,-1.8403
-1.7798,-1.8128,-1.8265,-1.8329,-1.7835,-1.7908,-1.7441,-1.7249,-1.7066,-1.7029,-1.6462,-1.615,-1.594,-1.4475,-1.4447,-1.0446,-1.3404,-1.3981,-1.4228,-1.2873,-1.4328,-1.5702,-1.7231,-1.8998,-1.9886,-2.0472,-1.9767,-1.8329,-1.6947,-1.5638,-1.3926,-1.2772,-1.1975,-1.0566,-0.96225,-0.85238,-0.85147,-0.78738,-0.69765,-0.53285,-0.38362,-0.23164,0.029298,0.27284,0.51637,1.0181,1.2214,0.95859,0.43489,-1.2552,-1.0968,-0.027467,4.0944,-1.746,-1.7295,-1.7313,-1.7524,-1.7542,-1.7615,-1.7386,-1.7139,-1.6837,-1.7725,-1.7487,-1.7277,-1.7148
-1.7002,-1.6453,-1.5986,-1.5638,-1.6059,-1.583,-1.5738,-1.594,-1.6224,-1.6379,-1.6233,-1.6123,-1.6114,-1.5491,-1.5381,-1.5271,-1.474,-1.5592,-1.5848,-1.5574,-1.5775,-1.5812,-1.6031,-1.5848,-1.5931,-1.5812,-1.5317,-1.5693,-1.5381,-1.4805,-1.4255,-1.3834,-1.3944,-1.3504,-1.2543,-1.149,-1.0868,-0.98331,-0.88168,-0.75716,-0.66927,-0.49348,-0.24354,0.14649,0.45228,0.71505,0.74801,0.53835,-0.047609,-0.80935,-1.3395,0.9183,4.0733,-1.7011,-1.6453,-1.6398,-1.659,-1.5876,-1.6132,-1.6599,-1.659,-1.6736,-1.6764,-1.7249,-1.7579,-1.7533
-1.7917,-1.7597,-1.7487,-1.8018,-1.8128,-1.843,-1.8503,-1.9208,-1.951,-1.9492,-1.9565,-1.8824,-1.8146,-1.8165,-1.7679,-1.7075,-1.6736,-1.6846,-1.5702,-1.5281,-1.6599,-1.7057,-1.7084,-1.8165,-1.8696,-1.8091,-1.7899,-1.7615,-1.6233,-1.5107,-1.4356,-1.3514,-1.1527,-1.0547,-0.9476,-0.78188,-0.59969,-0.47975,-0.40284,-0.27558,-0.078738,0.12177,0.36897,0.67843,0.8533,0.62349,-0.070498,-1.0877,-2.3347,-3.4306,-1.4026,1.3825,4.7343,-1.8274,-1.8842,-1.8943,-1.9227,-1.8906,-1.8595,-1.854,-1.832,-1.7798,-1.9446,-1.8531,-1.8256,-1.7798
-1.7423,-1.6883,-1.8091,-1.8577,-1.821,-1.8403,-1.7606,-1.7167,-1.7158,-1.713,-1.6993,-1.648,-1.5967,-1.5436,-1.529,-1.5372,-1.5299,-1.5491,-1.6315,-1.6901,-1.8668,-1.9373,-2.0664,-2.0838,-2.0545,-2.0151,-1.9062,-1.8027,-1.7661,-1.6993,-1.6086,-1.5546,-1.4686,-1.3477,-1.3184,-1.2204,-1.0163,-0.81393,-0.72878,-0.64547,-0.50081,-0.20142,0.027467,0.086978,0.61525,1.2012,1.0071,0.2765,-0.79104,-2.0811,-3.068,-1.3742,0.31129,-1.7597,-1.767,-1.7469,-1.7505,-1.7753,-1.7936,-1.7972,-1.843,-1.8421,-1.8842,-1.8815,-1.9327,-1.8897
-1.8879,-1.8732,-1.8375,-1.8036,-1.8128,-1.8009,-1.7991,-1.7899,-1.7716,-1.7212,-1.7011,-1.6544,-1.5922,-1.529,-1.561,-1.5775,-1.5409,-1.5491,-1.5976,-1.5903,-1.7084,-1.6746,-1.7194,-1.7414,-1.5894,-1.4338,-1.7139,-1.7487,-1.7341,-1.659,-1.5473,-1.3504,-1.3001,-1.2836,-1.2168,-1.1151,-1.1921,-1.4209,-1.2626,-0.9476,-0.78555,-0.61251,-0.41932,-0.16205,0.027467,0.30488,0.51088,0.83682,0.69308,-0.97964,-3.7611,-5.2132,9.5941,-1.8027,-1.7881,-1.7753,-1.7588,-1.767,-1.7707,-1.7551,-1.7762,-1.8,-1.7982,-1.7917,-1.8119,-1.8192
-1.8073,-1.8567,-1.8421,-1.854,-1.8567,-1.8595,-1.8394,-1.8348,-1.8055,-1.8183,-1.7808,-1.724,-1.6892,-1.6965,-1.6846,-1.6599,-1.7112,-1.7203,-1.7322,-1.7011,-1.7295,-1.6599,-1.6865,-1.6196,-1.5967,-1.5326,-1.5098,-1.561,-1.4795,-1.399,-1.3953,-1.4182,-1.4081,-1.4081,-1.279,-1.2214,-1.2616,-1.1344,-0.8771,-0.79012,-0.9595,-1.0263,-0.80477,0.17487,0.90457,0.4413,0.66103,0.81576,-0.069582,-2.6872,-4.4917,2.504,-18.198,-1.984,-1.8394,-1.854,-1.8128,-1.8274,-1.9044,-1.8659,-1.4493,-1.5491,-1.5931,-1.6526,-1.5372,-1.6334
-1.9108,-2.1021,-1.9895,-2.0344,-1.9767,-2.0005,-1.8998,-1.8183,-1.8302,-1.8925,-1.9547,-1.7872,-1.4118,-1.6224,-1.5638,-0.96133,-1.4209,-1.8265,-2.4061,-2.6057,-2.1461,-2.0948,-1.7652,-2.2779,-1.7725,-1.7075,-1.6984,-1.7597,-1.616,-1.6727,-1.7084,-1.6086,-1.5061,-1.3129,-1.2836,-1.1875,-1.2662,-1.5143,-1.4109,-1.3523,-1.4914,-1.3056,-1.2882,-1.3001,-1.2763,-0.86978,-0.49623,-0.31129,-0.14832,-0.11902,-0.11628,-0.17396,3.7446,-0.21607,-0.22065,-0.23804,-0.2353,-0.24354,-0.24079,-0.25178,-0.24812,-0.28016,-0.29481,-0.32411,-0.33052,-0.30854
-0.29756,-0.28474,-0.28748,-0.3122,-0.33235,-0.33601,-0.34974,-0.36164,-0.3589,-0.34974,-0.34791,-0.34425,-0.40101,-0.44954,-0.45778,-0.39735,-0.41108,-0.39552,-0.45228,-0.5356,-0.56764,-0.58046,-0.53926,-0.48708,-0.4413,-0.3946,-0.412,-0.45961,-0.52644,-0.58504,-0.56764,-0.52644,-0.44221,-0.43123,-0.412,-0.47334,-0.47334,-0.50356,-0.47334,-0.46876,-0.43855,-0.28108,-0.29756,-0.42482,-0.45595,-0.4001,-0.23896,-0.14191,0.043947,-0.2298,-0.11444,0.63173,-7.1908,-0.30671,-0.30396,-0.31587,-0.31312,-0.32044,-0.31129,-0.3122,-0.31953,-0.3415,-0.35249,-0.36531,-0.3827,-0.35432
-0.32319,-0.30946,-0.33967,-0.36622,-0.34242,-0.29481,-0.36622,-0.477,-0.52187,-0.51637,-0.4651,-0.43855,-0.412,-0.39094,-0.39644,-0.42756,-0.44771,-0.46052,-0.52187,-0.56307,-0.62166,-0.64455,-0.59236,-0.53377,-0.50264,-0.5063,-0.50356,-0.49165,-0.49074,-0.5063,-0.49623,-0.47792,-0.42665,-0.42665,-0.3946,-0.45412,-0.49898,-0.53468,-0.59053,-0.69491,-0.72787,-0.70132,-0.58321,-0.5182,-0.5594,-0.50813,-0.477,-0.1355,0.29572,0.38911,-0.01648,0.23988,-2.7476,-0.29298,-0.29847,-0.28108,-0.28748,-0.31404,-0.3122,-0.31861,-0.33143,-0.33052,-0.34883,-0.34974,-0.37172,-0.38636
-0.3882,-0.38179,-0.3708,-0.38362,-0.39644,-0.41017,-0.42756,-0.44588,-0.43764,-0.4413,-0.4413,-0.44588,-0.42848,-0.41566,-0.4239,-0.43947,-0.49898,-0.52736,-0.52004,-0.48433,-0.46419,-0.47426,-0.50539,-0.54842,-0.50905,-0.47792,-0.48982,-0.57039,-0.6061,-0.55208,-0.45686,-0.33418,-0.31495,-0.31404,-0.28199,-0.30854,-0.36256,-0.52828,-0.54933,-0.59603,-0.50447,-0.41108,-0.30122,-0.29572,-0.36714,-0.35981,-0.3534,-0.46876,-0.25269,0.18128,0.26734,1.1921,-1.9684,-0.46327,-0.46693,-0.45137,-0.45412,-0.44771,-0.47792,-0.46327,-0.4651,-0.45228,-0.44496,-0.45045,-0.44954,-0.45869
-0.45869,-0.46693,-0.45869,-0.47517,-0.48067,-0.45961,-0.47426,-0.46785,-0.47243,-0.48524,-0.4944,-0.49348,-0.47426,-0.47792,-0.51088,-0.53835,-0.54201,-0.53743,-0.52553,-0.50905,-0.50172,-0.51637,-0.5118,-0.51912,-0.5356,-0.54476,-0.55757,-0.52461,-0.46968,-0.45228,-0.44404,-0.47426,-0.51546,-0.55666,-0.54109,-0.54201,-0.46052,-0.48341,-0.4706,-0.33143,-0.52828,-0.54933,-0.5649,-0.56215,-0.45961,-0.25452,-0.14008,-0.10712,0.044862,0.16114,0.12085,1.3779,-0.66836,-0.52004,-0.56398,-0.54567,-0.64089,-0.64272,-0.60518,-0.60884,-0.53743,-0.53194,-0.5237,-0.53743,-0.56856,-0.53743
-0.49623,-0.51912,-0.58412,-0.61342,-0.61525,-0.60793,-0.60244,-0.60244,-0.62166,-0.62899,-0.62624,-0.59969,-0.57314,-0.53011,-0.53468,-0.55391,-0.57772,-0.57405,-0.57131,-0.57497,-0.57405,-0.57314,-0.58687,-0.60152,-0.60427,-0.61434,-0.618,-0.59053,-0.56215,-0.52187,-0.54567,-0.5768,-0.63356,-0.66103,-0.618,-0.553,-0.4413,-0.41749,-0.51546,-0.65004,-0.66744,-0.73061,-0.68484,-0.51088,-0.34883,-0.11444,0.089724,0,-0.13367,-0.088809,0.0036622,-3.4928,0.69216,-0.45412,-0.46968,-0.44404,-0.43123,-0.42024,-0.42848,-0.45869,-0.48891,-0.47792,-0.48524,-0.48708,-0.49257,-0.52919
-0.52004,-0.5237,-0.49348,-0.50813,-0.52828,-0.5475,-0.55391,-0.55849,-0.56124,-0.55483,-0.54109,-0.57314,-0.60518,-0.59877,-0.60152,-0.5768,-0.55574,-0.5594,-0.57131,-0.58687,-0.64455,-0.6592,-0.63448,-0.57039,-0.55574,-0.57955,-0.61434,-0.61251,-0.57588,-0.52828,-0.47792,-0.55666,-0.56764,-0.553,-0.58504,-0.71871,-0.70132,-0.68941,-0.61708,-0.55757,-0.48708,-0.44313,-0.47517,-0.56032,-0.62166,-0.51546,-0.21058,-0.023804,0.0073244,-0.15839,-0.35981,-0.10071,1.3459,-0.54476,-0.55574,-0.5475,-0.5182,-0.53102,-0.4944,-0.45137,-0.47151,-0.47609,-0.49715,-0.52187,-0.54292,-0.51088
-0.47884,-0.45228,-0.43489,-0.44771,-0.45961,-0.49257,-0.49989,-0.47609,-0.48891,-0.51912,-0.5649,-0.60884,-0.6418,-0.65096,-0.62349,-0.58321,-0.58596,-0.57405,-0.57405,-0.58229,-0.61251,-0.62716,-0.64089,-0.65004,-0.6354,-0.31312,-0.71139,-0.70589,-0.71963,-0.68117,-0.68026,-0.69216,-0.68392,-0.66836,-0.69124,-0.68026,-0.68575,-0.61892,-0.55208,-0.4825,-0.44954,-0.46144,-0.5475,-0.62258,-0.60152,-0.47884,-0.39277,-0.25727,-0.013733,0.16755,0.24262,0.55208,-1.757,-0.53652,-0.5237,-0.52004,-0.52187,-0.52919,-0.53743,-0.56124,-0.54292,-0.53285,-0.52919,-0.5356,-0.53468,-0.54384
-0.55391,-0.58229,-0.59053,-0.6006,-0.58687,-0.58321,-0.60976,-0.618,-0.62441,-0.63814,-0.65004,-0.683,-0.67385,-0.70681,-0.73336,-0.71871,-0.69765,-0.68392,-0.70223,-0.7004,-0.68941,-0.7178,-0.74343,-0.78188,-0.79012,-0.78188,-0.72054,-0.73702,-0.759,-0.74709,-0.74068,-0.73153,-0.73336,-0.69582,-0.62624,-0.57405,-0.54659,-0.53835,-0.64455,-0.63814,-0.65645,-0.70864,-0.82583,-0.63448,-0.2591,-0.083316,0.0824,0.3296,0.36256,0.068667,0.19684,0.11444,1.193,-0.44221,-0.43397,-0.44404,-0.4358,-0.43672,-0.44038,-0.43764,-0.43031,-0.45228,-0.4944,-0.477,-0.44771,-0.44679
-0.44679,-0.47517,-0.49806,-0.50905,-0.51454,-0.54018,-0.54201,-0.52187,-0.49806,-0.51729,-0.54659,-0.55666,-0.56124,-0.54933,-0.58687,-0.5594,-0.56581,-0.60152,-0.60976,-0.63265,-0.63814,-0.65279,-0.65737,-0.67568,-0.68941,-0.7123,-0.79287,-0.74709,-0.73153,-0.70406,-0.66378,-0.65554,-0.67568,-0.72146,-0.70498,-0.65462,-0.51454,-0.40468,-0.41292,-0.43947,-0.62624,-0.75808,-0.64547,-0.43947,-0.31678,-0.11719,-0.019227,-0.047609,-0.12635,-0.076907,0.033876,-0.43031,-1.9575,-1.7707,-1.7743,-1.8073,-1.8485,-1.8769,-1.897,-1.8979,-1.897,-1.8714,-1.876,-1.8787,-1.8934,-1.9474
-1.9034,-1.8705,-1.8458,-1.7917,-1.6855,-1.6544,-1.659,-1.6535,-1.6672,-1.6562,-1.6984,-1.7405,-1.7689,-1.7725,-1.6919,-1.7203,-1.7002,-1.7423,-1.7103,-1.5674,-1.5885,-1.5299,-1.5024,-1.5015,-1.5162,-1.5656,-1.5299,-1.6196,-1.7487,-1.7661,-1.9098,-2.0389,-1.7414,-1.4896,-1.5912,-1.5116,-1.0016,-0.6354,-0.61708,-0.67476,-0.42756,-0.2179,-0.00824,0.18403,0.47243,0.56948,0.62807,0.27009,-1.2928,-2.9334,-3.0113,-2.9298,-1.5702,-1.811,-1.7862,-1.7496,-1.7624,-1.7872,-1.7945,-1.865,-1.8934,-1.8549,-1.8329,-1.8155,-1.8476,-1.843
-1.8284,-1.8421,-1.8265,-1.7698,-1.7899,-1.7908,-1.7103,-1.6755,-1.6407,-1.6059,-1.6279,-1.6718,-1.713,-1.7588,-1.7212,-1.9199,-2.0454,-1.963,-1.8925,-1.8366,-1.9007,-1.8961,-1.8311,-1.8741,-1.7359,-1.6297,-1.5702,-1.529,-1.4301,-1.4255,-1.3541,-1.3028,-1.2488,-1.1527,-1.2323,-1.3285,-1.2461,-0.91922,-0.98788,-0.94211,-0.824,-0.73244,-0.58229,-0.4001,-0.10346,0.17304,0.55574,0.85971,0.90915,0.27833,-0.42116,-1.2433,-4.3901,-1.7588,-1.7624,-1.7231,-1.8,-1.822,-1.8027,-1.7716,-1.767,-1.7624,-1.7789,-1.7734,-1.7917,-1.8128
-1.8265,-1.843,-1.8348,-1.8339,-1.8155,-1.8036,-1.7936,-1.7515,-1.7515,-1.7331,-1.7661,-1.7295,-1.7038,-1.7615,-1.7945,-1.7487,-1.7707,-1.8329,-1.7817,-1.8018,-1.7872,-1.7624,-1.7634,-1.7441,-1.713,-1.7029,-1.681,-1.5931,-1.4832,-1.3971,-1.3633,-1.3147,-1.2662,-1.2799,-1.2012,-1.1069,-0.74984,-0.66103,-0.61983,-0.50264,-0.43397,-0.31587,-0.023804,0.10804,0.11994,0.059511,-0.26551,-0.61708,-1.7341,-4.0211,-2.6048,-3.5414,-1.7185,-1.7734,-1.7707,-1.7588,-1.7203,-1.6938,-1.702,-1.7661,-1.8284,-1.8192,-1.8046,-1.7982,-1.7808,-1.7579
-1.745,-1.7624,-1.8027,-1.735,-1.6984,-1.735,-1.7634,-1.7881,-1.8055,-1.8155,-1.7679,-1.7478,-1.7899,-1.7606,-1.767,-1.68,-1.6068,-1.5903,-1.5665,-1.5418,-1.4502,-1.5647,-1.7542,-1.963,-1.8366,-1.8632,-1.8,-1.7478,-1.702,-1.6334,-1.5409,-1.4338,-1.2314,-1.1325,-0.92929,-0.71139,-0.63448,-0.67476,-0.62349,-0.69582,-0.68209,-0.42024,-0.50813,-0.51271,-0.39094,-0.14374,0.075076,0.37812,0.44038,0.044862,-0.67202,-2.3502,-2.0875,-1.8311,-1.843,-1.8229,-1.8155,-1.7634,-1.7158,-1.7286,-1.8284,-1.9089,-1.9446,-1.8934,-1.8677,-1.756
-1.7396,-1.7322,-1.7258,-1.7551,-1.7029,-1.7716,-1.8595,-1.9272,-2.0014,-2.0701,-2.0161,-1.9886,-2.017,-2.092,-2.0646,-1.9996,-1.962,-1.9181,-1.876,-1.7817,-1.6489,-1.5262,-1.4759,-1.4374,-1.3742,-1.2955,-1.2763,-1.1802,-1.2113,-1.2506,-1.2012,-1.1655,-1.1115,-1.0016,-0.8533,-0.74068,-0.73244,-0.77914,-0.84231,-0.70498,-0.61708,-0.40101,-0.19135,-0.14466,-0.16938,-0.12268,-0.30396,-0.73519,-1.3807,-3.1449,-2.981,-2.4967,0.02472,-1.724,-1.7322,-1.7652,-1.7487,-1.7322,-1.745,-1.7899,-1.7588,-1.745,-1.735,-1.7899,-1.8256,-1.8302
-1.7945,-1.7881,-1.7862,-1.7716,-1.7954,-1.8155,-1.8119,-1.7917,-1.7579,-1.7103,-1.6663,-1.6288,-1.6269,-1.6315,-1.6984,-1.8155,-1.865,-1.8467,-1.8458,-1.8632,-1.9208,-1.8604,-1.8119,-1.7103,-1.6947,-1.7066,-1.6132,-1.4878,-1.4402,-1.4393,-1.3569,-1.2076,-1.0135,-0.83499,-0.84506,-0.89175,-0.77181,-0.7242,-0.60701,-0.61617,-0.73061,-0.60427,-0.41841,-0.16388,0.064089,0.19776,0.12818,0.13001,-0.11719,-0.63906,-1.1252,-5.7698,-0.85238,-1.7927,-1.7478,-1.7286,-1.7634,-1.7899,-1.7881,-1.7295,-1.659,-1.6938,-1.8229,-1.9044,-1.9593,-1.9712
-1.9327,-1.8906,-1.778,-1.7835,-1.8192,-1.7991,-1.7524,-1.8064,-1.8256,-1.8036,-1.7753,-1.8,-1.8577,-1.8394,-1.6663,-1.5711,-1.6471,-1.6251,-1.6169,-1.6132,-1.5931,-1.5601,-1.485,-1.4686,-1.377,-1.2854,-1.3422,-1.366,-1.2644,-1.1646,-1.1353,-1.0492,-1.1087,-1.1051,-0.94119,-0.80844,-0.74984,-0.61892,-0.53011,-0.48616,-0.2646,0.021058,0.17579,0.078738,-0.2298,-0.16755,0.011902,-0.3122,-0.77914,-3.9433,-1.8192,2.2486,1.6892,-1.7505,-1.8174,-1.8091,-1.822,-1.8403,-1.8476,-1.8265,-1.7698,-1.7414,-1.7478,-1.7679,-1.8009,-1.7853
-1.7817,-1.7313,-1.702,-1.7203,-1.7908,-1.8513,-1.7679,-1.6828,-1.7093,-1.7368,-1.7853,-1.7808,-1.7743,-1.7908,-1.7908,-1.7624,-1.7441,-1.6727,-1.6984,-1.7194,-1.6736,-1.713,-1.702,-1.6105,-1.5281,-1.4566,-1.5079,-1.4969,-1.3852,-1.279,-1.1847,-1.0831,-0.95401,-0.9357,-0.98331,-0.93753,-0.94119,-0.85971,-0.7416,-0.71505,-0.69399,-0.59328,-0.49257,-0.34791,-0.075076,0.31587,0.76632,0.40559,-0.40651,-0.78738,-4.3901,-1.6187,-1.681,-1.8009,-1.7954,-1.7817,-1.7872,-1.7808,-1.7579,-1.7743,-1.7853,-1.7734,-1.8009,-1.7881,-1.7899,-1.7936
-1.7579,-1.7698,-1.8082,-1.8375,-1.854,-1.8339,-1.778,-1.7817,-1.778,-1.713,-1.6974,-1.7377,-1.7176,-1.7185,-1.7313,-1.7084,-1.6837,-1.5885,-1.5336,-1.5052,-1.4786,-1.583,-1.5418,-1.561,-1.5317,-1.4869,-1.5198,-1.5354,-1.5555,-1.496,-1.366,-1.279,-1.2626,-1.2287,-1.127,-1.0547,-1.0154,-1.0291,-0.56856,-0.10804,-0.3122,-0.22614,0.032044,0.33052,0.50447,0.43306,0.33418,0.30396,0.15473,-0.39186,-5.0575,-0.60976,-0.50905,0.087893,-1.6929,-1.713,-1.7359,-1.7844,-1.8165,-1.8348,-1.8439,-1.8018,-1.7524,-1.7496,-1.7158,-1.7057
-1.7286,-1.7707,-1.7515,-1.7927,-1.822,-1.7954,-1.8101,-1.7972,-1.8119,-1.8421,-1.7908,-1.7295,-1.757,-1.7826,-1.7844,-1.8009,-1.8155,-1.7899,-1.8128,-1.7634,-1.7331,-1.7194,-1.6526,-1.6013,-1.5922,-1.5976,-1.5326,-1.5317,-1.4997,-1.2094,-1.03,-1.0923,-1.2369,-1.2799,-1.2232,-0.98331,-0.66561,-0.52278,-0.33967,-0.347,-0.32044,-0.019227,0.39918,0.5942,0.59786,0.60884,0.29756,-0.22431,-1.2479,-3.2173,-3.6531,-1.8046,-1.822,1.5857,-1.7432,-1.7396,-1.7551,-1.7414,-1.7423,-1.7441,-1.7441,-1.7084,-1.6947,-1.7606,-1.854,-1.9208
-1.8677,-1.8448,-1.8238,-1.8769,-1.8806,-1.8403,-1.8284,-1.7862,-1.778,-1.7982,-1.8073,-1.7982,-1.778,-1.7286,-1.7075,-1.6993,-1.6718,-1.6269,-1.6379,-1.6626,-1.724,-1.7313,-1.702,-1.6855,-1.7048,-1.6947,-1.6352,-1.5867,-1.4978,-1.4328,-1.4274,-1.4274,-1.431,-1.4054,-1.3559,-1.258,-1.1371,-1.0849,-1.0062,-0.86612,-0.78188,-0.68026,-0.65371,-0.59877,-0.42756,-0.27192,-0.043031,0.036622,0.053102,0.26917,0.23255,0.01648,-0.98148,-3.4864,0.34883,0.014649,0.56124,1.3175,1.3056,0.93753,1.6315,0.80386,0.14008,0.0064089,-0.1474,-0.23438
