27.589,24.293,22.584,19.532,16.602,14.649,12.94,14.771,15.137,14.527,12.696,15.87,23.072,35.524,42.482,39.186,34.425,19.532,13.672,9.3997,17.335,30.03,42.36,43.336,52.248,48.83,31.739,32.105,56.276,64.943,49.806,41.627,13.672,4.883,-8.179,-6.7141,-7.2024,-3.296,14.527,25.513,27.833,23.682,1.8311,-19.166,-31.495,-52.736,-77.883,-112.43,-150.4,-186.53,-220.95,-230.23,-202.28,-147.47,-104.62,-94.607,-62.136,-31.373,-13.306,46.144,91.678,84.841,50.417,29.786,27.833,31.007
69.094,84.353,92.166,89.969,79.836,70.803,58.107,44.801,25.636,11.353,2.0753,-7.4465,-20.508,-34.425,-44.069,-51.149,-57.619,-59.45,-60.183,-48.341,-36.378,-34.547,-37.721,-43.336,-46.266,-42.97,-36.5,-31.373,-20.264,-15.137,-1.8311,8.179,11.353,17.823,20.997,31.129,51.027,66.042,83.01,92.288,83.987,68.728,44.435,17.701,-3.1739,-28.077,-48.952,-64.943,-75.442,-84.231,-79.348,-81.79,-85.452,-92.044,-87.405,-69.704,-58.962,-47.365,-31.129,-25.269,-10.376,5.7375,14.527,21.363,18.677,15.748
-7.3244,-10.376,-14.405,-16.724,-13.306,-5.8596,-0.73244,0.24415,0.4883,6.7141,11.231,15.259,15.259,12.207,16.724,27.589,33.082,37.111,33.204,21.729,14.283,10.01,4.5167,0.24415,3.1739,8.6673,12.207,30.03,37.843,26.246,23.194,3.5401,7.6907,15.503,53.102,50.172,53.224,38.331,17.945,1.0987,-2.8077,-14.527,-40.529,-61.892,-76.907,-84.719,-80.813,-88.015,-106.57,-119.63,-126.83,-138.43,-139.04,-115.48,-102.18,-83.132,-79.714,-84.719,-74.953,-51.149,-24.293,-3.5401,12.329,21.851,27.1,24.415
-23.682,-9.888,2.4415,13.306,20.753,23.682,24.293,23.194,19.654,17.212,26.124,35.035,44.435,51.515,46.51,38.087,30.519,24.415,21.729,20.631,16.968,7.8127,4.883,-7.9348,-22.095,-38.331,-41.139,-50.172,-67.385,-48.585,-32.594,-21.973,8.4231,32.35,21.241,2.5636,-7.3244,-45.412,-84.597,-122.44,-88.992,-111.58,-123.05,-142.09,-172,-194.59,-201.3,-178.96,-151.25,-107.67,-45.656,12.696,50.905,62.99,58.84,49.074,23.438,4.6388,-18.189,-37.843,-46.388,-44.069,-38.82,-32.35,-25.147,-17.701
-18.921,-16.602,-8.6673,0.36622,8.0569,14.893,21.363,27.1,31.617,30.885,28.077,27.1,31.007,32.838,34.913,32.105,20.02,11.475,1.2207,-13.916,-25.025,-25.758,-43.214,-57.375,-46.632,-23.804,2.0753,3.6622,-0.97659,-11.475,-29.542,-34.669,-17.212,23.56,45.9,55.177,45.167,26.124,4.5167,-22.217,-43.58,-64.333,-68.606,-62.502,-56.764,-56.032,-61.647,-69.582,-87.649,-116.58,-133.55,-142.58,-155.4,-126.35,-82.278,-34.547,-5.3713,1.4649,19.776,38.453,48.097,44.557,33.448,15.748,1.709,30.763
31.983,35.524,38.82,49.074,49.562,45.534,46.632,48.585,46.388,44.679,47.365,49.806,46.632,38.209,29.542,26.856,30.152,35.279,43.947,53.957,64.455,78.494,84.841,99.979,109.01,108.89,135.75,141.36,96.438,29.42,-85.818,-176.27,-217.54,-213.87,-223.27,-156.25,-126.35,-114.14,-108.65,-129.89,-148.69,-155.16,-143.8,-116.34,-89.236,-58.473,-29.176,-2.0753,13.428,14.893,12.085,-22.95,-45.289,-29.298,-2.1973,7.3244,10.743,16.48,26.002,25.758,35.768,42.116,43.947,26.856,-3.1739,-89.236
-90.457,-87.283,-76.174,-56.764,-24.537,-4.5167,4.3947,11.109,18.311,18.555,26.612,32.594,42.604,55.666,64.333,66.164,59.938,51.515,41.139,31.373,26.124,30.396,-4.1505,-28.321,-24.781,-4.6388,10.01,17.457,24.415,12.329,-32.228,-108.16,-145.15,-161.38,-130.74,-88.382,-91.678,-98.758,-106.33,-114.87,-136.6,-157.84,-158.33,-139.65,-108.4,-76.418,-60.427,-54.689,-69.338,-55.177,-10.254,40.407,75.808,76.052,46.022,4.2726,-31.739,-55.177,-60.671,-44.923,-22.095,6.4699,24.049,24.781,19.776,-22.584
-22.095,-21.363,-19.898,-18.555,-21.973,-13.794,-9.5218,-10.865,-8.179,-2.8077,3.296,15.137,33.57,58.84,70.803,57.741,32.228,15.015,10.62,8.301,-5.2492,-23.804,-31.739,-20.02,-4.3947,-7.8127,-4.3947,-6.9582,-5.3713,-17.701,-12.207,-22.462,-31.983,-33.57,-54.567,-52.126,-43.336,-61.525,-67.995,-91.067,-106.94,-122.07,-128.18,-121.83,-109.74,-96.927,-94.119,-97.171,-107.67,-116.95,-122.81,-115.85,-76.296,-13.306,31.861,58.596,65.554,67.385,64.699,70.803,80.081,85.94,85.574,84.109,83.987,10.01
14.039,15.259,17.09,20.02,24.293,31.983,39.918,40.284,35.89,42.116,46.876,42.97,35.279,28.565,23.072,16.724,4.7609,-8.5452,-18.311,-13.672,6.7141,19.288,-9.5218,-42.604,-49.318,-24.171,10.498,-4.0284,-44.069,-76.54,-117.56,-146.24,-137.46,-65.798,2.4415,18.677,23.072,23.927,5.7375,-8.301,-7.3244,-10.987,-28.321,-51.149,-71.413,-97.659,-125.25,-149.54,-163.21,-151.25,-138.55,-100.34,-55.666,0.24415,46.632,41.505,18.799,16.724,26.124,37.355,41.993,27.467,5.7375,-14.771,-27.345,32.96
34.303,35.646,37.477,38.331,44.679,54.445,50.172,52.37,55.91,49.806,38.209,22.462,4.7609,-8.0569,-13.794,-16.358,-22.706,-32.472,-37.965,-39.796,-40.773,-46.51,-48.952,-44.191,-37.111,-28.443,10.254,40.651,63.601,58.473,15.625,-30.763,-40.529,-16.846,23.194,58.107,76.785,70.803,37.599,-12.085,-63.234,-95.462,-109.62,-110.72,-96.561,-81.79,-78.738,-86.55,-92.166,-93.142,-95.828,-97.659,-86.795,-79.836,-69.704,-58.718,-46.999,-48.585,-54.811,-51.393,-39.064,-36.744,-41.383,-41.871,-36.866,22.462
20.753,17.212,19.288,18.067,13.916,13.794,12.085,13.306,22.217,44.313,64.821,63.234,58.718,60.549,66.652,80.447,95.828,104.5,86.062,60.183,34.059,-0.73244,-48.341,-86.306,-62.502,-14.527,2.0753,-81.179,-99.734,-88.137,-29.542,-41.261,-48.463,-89.846,-17.09,33.692,57.741,61.281,62.502,55.666,39.552,60.549,62.258,52.98,28.565,4.3947,-15.625,-29.786,-49.196,-60.671,-62.99,-51.027,-27.955,-14.649,-5.8596,6.3478,29.786,48.585,52.248,46.266,25.758,4.5167,-11.475,-18.677,-11.597,19.532
14.771,13.306,15.625,11.963,12.207,12.574,7.3244,10.254,10.498,11.109,14.161,19.41,33.204,43.703,46.266,37.843,37.843,28.321,1.8311,-17.335,-22.462,-32.105,-37.233,-46.022,-29.542,-14.039,-66.286,-142.09,-220.22,-202.89,-140.14,-87.771,-62.746,-128.42,-54.079,-23.438,52.248,69.338,90.823,107.06,126.96,145.51,137.46,110.11,88.626,65.065,43.58,26.978,23.682,22.584,18.311,18.311,15.503,19.044,32.105,59.572,97.903,128.42,134.77,126.59,103.03,74.953,76.662,77.639,75.442,4.1505
2.9298,0.12207,-1.709,-1.3428,2.5636,4.2726,5.005,8.179,7.2024,4.3947,4.1505,5.1271,11.963,12.452,14.161,19.776,23.804,26.612,31.007,25.147,15.137,11.353,7.9348,8.0569,-7.6907,-31.739,-46.876,-78.005,-161.02,-218.15,-213.63,-147.34,-38.209,147.34,122.2,208.38,172.98,126.35,44.191,15.625,7.8127,-3.4181,-1.9532,8.5452,14.527,2.5636,-21.973,-28.687,-34.547,-36.988,-31.617,-21.851,-3.296,20.264,39.918,50.661,52.126,57.131,59.572,56.276,59.694,71.902,70.559,67.019,66.897,14.039
16.114,23.804,30.641,38.942,49.074,54.567,60.915,70.803,73,74.099,72.146,67.141,65.432,61.403,54.933,45.167,31.007,19.044,15.992,26.368,43.825,58.229,48.097,27.833,1.587,36.134,-64.821,-215.83,-280.89,-279.18,-198.13,-105.47,-14.283,33.937,25.636,10.376,1.9532,4.7609,2.3194,17.823,22.95,8.5452,-16.846,-34.913,-35.768,-30.03,-22.462,-18.067,-12.696,-17.335,-17.701,-17.457,-15.381,-0.36622,2.9298,1.587,5.1271,4.6388,-8.0569,-9.5218,-5.005,-3.9064,2.5636,15.625,22.095,39.186
42.238,42.726,41.627,44.801,48.341,53.713,59.206,63.112,63.112,59.45,54.201,43.703,31.251,22.462,15.992,13.672,14.649,14.283,13.184,19.776,14.527,-4.3947,-6.8361,5.2492,11.963,20.02,20.997,-42.482,-159.31,-215.83,-203.99,-155.52,-104.25,-84.475,-60.06,1.0987,35.157,13.672,9.2776,33.937,46.632,56.52,46.388,19.898,-11.597,-38.209,-60.793,-83.743,-93.387,-86.55,-65.554,-39.796,-10.62,13.672,23.804,32.594,45.289,51.271,52.004,50.539,52.614,54.689,52.126,44.923,39.308,4.7609
-5.6154,-2.3194,14.039,20.142,26.734,29.664,44.679,58.596,53.835,52.004,51.759,49.196,34.181,14.039,-29.664,-61.892,-67.141,-60.671,-49.074,-29.054,-4.1505,3.9064,-15.137,-30.885,-49.928,-57.863,-39.796,-62.868,-218.76,-299.81,-270.52,-166.88,-188.12,13.062,-3.1739,102.42,128.91,107.06,65.676,6.592,-46.51,-79.47,-105.47,-144.54,-148.81,-152.71,-150.52,-140.51,-132.08,-107.91,-91.189,-77.273,-64.089,-53.224,-41.383,-32.716,-24.415,-15.87,-20.631,-35.524,-59.328,-85.696,-98.392,-109.74,-115.97,36.256
36.378,33.692,28.565,22.584,16.846,10.62,2.3194,-4.0284,-10.498,-5.005,-5.2492,-13.306,-15.259,-7.2024,20.02,15.015,6.4699,-3.5401,-7.4465,-10.254,-17.701,-17.335,-5.6154,-21.363,-33.937,-36.988,-5.9816,-1.4649,-66.164,-101.44,-75.32,16.968,17.212,110.97,151.25,180.43,153.69,98.758,62.868,56.642,33.082,20.997,0.73244,-7.3244,-14.283,-23.194,-33.204,-46.144,-52.736,-57.985,-57.741,-54.567,-42.848,-15.992,22.34,55.666,70.315,73.366,69.826,63.723,63.478,58.229,54.323,44.801,30.396,24.415
19.776,18.311,17.701,12.818,10.376,6.7141,4.0284,4.7609,5.3713,7.3244,11.475,12.818,9.1556,13.55,23.072,21.973,26.612,36.5,37.965,42.116,41.505,36.622,21.363,14.771,-9.5218,-6.2258,7.2024,-36.988,-242.32,-204.72,-140.14,-98.636,-49.074,3.1739,36.866,69.338,79.226,69.582,37.111,39.918,43.092,25.269,3.5401,-15.992,-37.111,-56.887,-70.315,-83.987,-91.678,-88.748,-65.676,-37.477,-3.6622,22.462,46.632,67.141,73.733,73.366,51.393,51.393,31.129,14.405,7.8127,-9.6438,-24.293,-26.734
-31.617,-29.42,-24.781,-26.368,-26.124,-19.898,-8.6673,20.264,40.407,67.141,98.392,109.13,124.03,124.52,95.218,83.743,70.681,60.671,54.689,34.059,5.4933,-34.547,-70.07,-90.945,-79.714,-61.281,-28.565,-40.284,-76.296,-70.07,-80.447,-75.686,-73.122,-3.1739,121.71,111.21,122.93,118.78,111.45,87.283,68.85,59.938,33.692,15.259,16.724,25.269,28.199,5.4933,-12.696,-20.997,-21.607,-10.498,0.97659,8.301,3.0519,-6.3478,-15.992,-18.799,-16.846,-12.574,-4.7609,4.7609,13.794,16.968,19.776,11.841
17.823,18.921,20.02,33.937,35.157,34.059,37.477,43.336,48.83,52.004,48.097,32.96,20.386,10.865,15.015,31.129,30.274,48.952,92.044,107.43,83.743,68.361,60.427,23.804,-26.368,-36.744,-28.443,-31.007,-117.68,-159.79,-144.54,-86.55,-79.836,-79.714,-74.587,-26.856,23.927,26.368,40.773,50.172,52.126,52.858,50.05,40.529,21.119,6.4699,-7.2024,-19.166,-26.612,-30.03,-23.56,-21.729,-3.0519,15.137,30.03,38.209,44.923,38.209,22.095,2.8077,-6.1037,-5.3713,-8.179,-4.0284,9.3997,39.552
52.126,62.136,67.751,80.691,71.291,71.535,76.662,74.831,67.263,53.102,35.279,29.664,43.336,30.396,20.631,27.833,34.059,39.43,43.458,30.396,4.6388,-22.095,-44.069,-41.017,-42.36,-42.36,-59.938,-48.341,-111.45,-141,-130.13,-41.993,-16.48,2.1973,63.601,104.5,127.57,128.06,111.09,67.507,24.415,-16.358,-48.83,-79.226,-100.22,-110.84,-111.45,-107.91,-103.15,-102.05,-101.93,-81.668,-47.975,-22.584,6.9582,27.833,44.679,61.037,69.094,75.442,79.348,77.883,70.315,59.816,43.703,-20.997
-11.719,3.7843,19.654,31.007,42.97,43.458,66.53,69.338,81.057,86.306,100.59,108.77,120.24,121.34,97.171,74.465,71.413,76.052,71.78,60.427,49.928,32.716,-6.2258,-15.748,-37.965,-14.649,-73.122,-194.83,-144.9,-99.246,-103.15,-10.987,173.71,267.71,260.14,234.02,246.59,257.58,244.51,224.74,206.67,202.03,248.05,234.63,213.63,195.44,179.2,171.15,170.42,139.16,113.9,93.997,71.169,48.585,35.524,29.054,30.274,33.692,40.162,37.721,18.433,-2.3194,-14.893,-29.542,-48.585,50.783
35.524,12.696,-11.353,-32.716,-59.084,-84.841,-90.823,-88.626,-107.43,-120.37,-94.974,-69.826,-44.069,-17.09,11.231,45.778,86.55,138.31,184.09,175.79,168.1,171.39,163.82,139.41,105.11,63.112,47.853,51.149,45.534,-9.0335,-107.43,-117.56,83.254,232.92,200.93,62.746,274.3,422.01,348.77,331.92,332.9,305.8,281.5,270.03,230.96,164.07,98.88,43.947,-20.753,-48.219,-36.744,-42.848,-61.892,-77.761,-89.114,-82.644,-75.686,-95.34,-104.25,-104.74,-111.45,-116.34,-117.19,-116.21,-124.76,56.276
45.289,22.706,2.5636,-11.841,-25.269,-44.923,-70.07,-81.912,-94.241,-104.37,-106.94,-107.3,-108.65,-107.18,-98.025,-78.494,-51.027,-12.574,27.467,63.234,99.002,111.09,112.92,109.38,122.81,135.26,163.34,172.12,161.38,170.42,171.03,30.274,107.06,134.16,100.71,97.049,185.43,188.24,300.67,414.69,424.45,414.81,348.03,276.74,216.8,179.82,162.72,146.12,119.02,72.634,13.306,-33.937,-50.905,-50.417,-43.947,-45.534,-47.609,-47.487,-52.736,-66.286,-75.076,-82.278,-88.992,-97.781,-102.79,27.1
28.199,23.927,17.701,11.109,10.132,12.574,20.386,13.794,-4.3947,-13.184,-14.405,-15.015,5.2492,34.425,63.601,85.574,108.65,117.19,114.14,107.79,96.072,62.502,16.48,52.004,28.809,97.293,73,2.5636,-52.37,-12.574,21.119,14.283,195.44,339,347.3,329.72,280.77,221.08,197.03,190.44,193.49,195.44,190.07,183.36,180.3,175.3,156.87,125.49,68.972,6.8361,-19.654,-20.386,-38.575,-73.244,-103.64,-124.27,-129.76,-125.25,-114.38,-105.11,-102.79,-98.025,-92.532,-81.423,-78.127,-26.246
-14.283,0.24415,7.6907,16.48,26.49,25.636,2.6856,-27.589,-50.05,-65.798,-68.606,-60.427,-41.139,-17.212,0.73244,29.054,69.948,107.67,138.55,157.48,169.44,180.91,174.44,151.13,129.76,105.11,69.338,102.3,164.92,123.54,42.482,28.077,156.99,184.58,149.3,125.25,73.366,23.438,6.8361,69.826,228.52,184.33,229.01,340.71,314.22,281.75,257.33,227.06,202.76,183.6,160.41,141.12,123.66,106.45,84.841,68.606,45.778,30.03,17.09,8.4231,2.6856,-7.3244,-9.2776,9.3997,37.599,-28.932
-30.396,-27.711,-19.654,-15.503,-33.692,-39.308,-32.472,-23.804,-28.932,-49.196,-62.502,-63.112,-48.463,-16.846,44.557,105.72,155.52,197.88,294.2,335.22,309.7,268.68,193.37,87.771,169.8,159.06,95.584,56.398,4.1505,-23.316,-49.074,-4.6388,170.17,329.6,271.37,502.09,539.32,467.67,403.82,361.1,315.93,266.24,235.36,205.69,169.19,118.17,67.019,17.09,-27.467,-58.84,-77.395,-92.044,-104.62,-99.979,-88.626,-74.953,-61.159,-69.338,-86.795,-110.48,-129.4,-144.54,-161.38,-183.84,-195.2,44.313
44.435,43.458,42.848,41.505,30.885,28.932,33.937,20.875,14.649,8.5452,-0.36622,-15.015,-17.701,4.7609,38.575,76.54,116.09,158.7,206.67,254.52,295.42,302.13,280.65,247.2,277.11,129.03,204.6,212.53,146.24,57.009,28.687,46.754,134.04,239.63,212.29,380.99,543.11,479.87,444.47,444.11,414.32,366.22,320.44,284.8,234.38,169.19,111.58,47.731,-4.2726,-46.754,-78.86,-94.852,-102.05,-94.119,-76.296,-49.928,-46.876,-56.52,-64.333,-67.385,-84.719,-100.96,-112.19,-120,-132.69,-7.5686
-6.1037,-5.4933,-7.0803,-6.592,-1.709,8.4231,18.921,21.607,23.927,33.692,44.801,56.642,68.972,86.428,105.96,132.57,162.97,201.42,229.5,244.39,236.82,217.66,221.56,217.17,236.58,269.66,309.7,333.63,212.41,282.36,241.95,136.23,93.02,158.82,251.35,241.83,131.11,370.62,454.97,419.57,345.84,272.35,221.93,180.67,142.7,110.35,79.714,46.388,11.231,-21.363,-44.679,-58.473,-59.572,-57.131,-56.642,-59.694,-74.465,-99.124,-116.7,-126.35,-135.01,-150.76,-173.83,-186.53,-200.57,27.1
25.025,17.09,16.48,10.01,0.73244,-7.9348,-21.729,-34.669,-45.9,-57.131,-68.85,-66.408,-59.328,-41.261,-17.09,6.4699,37.721,74.343,111.58,133.55,138.31,129.15,156.38,260.26,264.53,164.31,311.41,487.08,379.53,203.5,-66.897,-262.83,-384.78,-364.39,-390.88,-248.3,-139.16,-96.316,-31.739,52.98,89.114,75.198,35.89,16.602,12.329,16.358,24.415,36.622,23.56,-12.574,-38.087,-43.947,-76.785,-95.95,-71.291,-14.161,5.1271,0,9.3997,15.503,-4.883,-40.407,-29.664,14.405,29.908,-24.293
-23.804,-13.062,-11.231,-5.005,9.2776,22.34,40.773,55.177,70.193,82.522,101.08,112.31,135.75,187.02,252.33,283.7,265.51,160.89,62.38,130.74,236.21,221.93,221.2,222.66,205.33,187.75,167,156.01,148.44,123.78,94.485,97.659,158.21,255.87,321.05,279.31,229.26,218.15,212.04,210.09,195.32,174.32,146.98,120.98,79.348,25.88,-18.311,-45.534,-62.258,-79.958,-103.89,-127.32,-155.03,-165.53,-157.84,-144.29,-142.34,-160.89,-175.3,-177.5,-170.29,-160.77,-168.58,-188.12,-201.67,-208.99
-214.97,-210.82,-200.57,-175.54,-160.41,-161.87,-152.23,-147.34,-151.37,-135.26,-116.34,-106.81,-102.79,-99.857,-94.485,-92.41,-88.015,-83.254,-82.644,-76.54,-77.151,-75.198,-77.395,-87.649,-99.734,-108.52,-115.48,-122.68,-126.1,-120.12,-113.9,-106.69,-100.34,-95.462,-87.039,-82.644,-75.442,-72.756,-75.198,-70.925,-65.065,-59.45,-42.848,-26.124,-11.719,10.01,24.415,26.734,29.542,36.866,51.637,63.723,70.437,79.714,88.504,86.673,77.883,74.831,80.447,99.002,109.99,117.07,123.66,123.54,124.39,111.94
108.52,107.43,92.532,71.535,41.017,26.124,24.537,18.677,10.62,6.7141,15.625,23.682,30.763,32.35,51.393,49.806,56.642,65.31,71.657,78.494,82.766,96.805,87.161,62.99,47.243,31.861,25.758,23.316,23.927,24.537,22.706,22.95,22.828,24.659,26.49,22.34,22.828,25.88,25.025,18.799,8.9114,-32.716,-33.326,-33.57,-32.96,-31.617,-30.641,-31.007,-32.594,-30.274,-34.913,-33.57,-17.212,-18.677,-29.176,-36.5,-35.89,-33.326,-30.885,-25.636,-0.73244,20.997,5.3713,-4.3947,13.062,29.542
29.42,3.6622,-3.4181,-19.654,-50.417,-61.769,-74.587,-86.184,-19.898,-19.898,-18.677,-15.992,-12.818,-8.5452,-4.2726,-1.709,-0.4883,1.4649,1.9532,3.7843,5.2492,6.1037,6.8361,7.6907,9.1556,1.9532,-5.2492,-7.2024,-13.428,-20.386,-21.607,-21.485,-20.875,-19.898,-18.433,-16.724,-15.015,-15.381,-14.771,-12.818,-10.987,-7.4465,-4.7609,-1.8311,-3.7843,-6.2258,-8.4231,-10.62,-19.532,-21.119,-20.875,-25.269,-25.391,-23.56,-22.95,-28.321,-22.34,-10.254,-15.992,41.749,18.311,-7.6907,-20.264,-8.5452,12.452,19.41
13.062,6.4699,-9.3997,-1.587,-24.293,-69.826,-97.171,-87.649,0.97659,-0.4883,-2.9298,-6.1037,-9.0335,-9.5218,-8.301,-5.7375,-2.1973,-0.4883,-0.4883,-0.4883,-2.6856,-4.3947,-4.5167,-5.2492,-6.7141,-7.4465,-7.3244,-7.4465,-13.184,-15.503,-12.696,-15.992,-19.044,-19.532,-19.288,-18.677,-18.311,-17.212,-15.87,-14.405,-14.405,-14.161,-15.87,-18.921,-21.119,-23.438,-26.978,-33.57,-31.007,-30.396,-28.199,-29.176,5.6154,17.335,-13.062,-28.321,-32.96,-37.355,-43.092,-48.097,-50.661,-46.144,-36.744,-23.438,-8.4231,-1.9532
10.865,-8.7893,-26.246,0.36622,-6.2258,-38.942,-74.221,-84.597,-9.3997,-10.62,-8.5452,-7.0803,-6.3478,-5.005,-4.1505,-4.2726,-3.4181,0.36622,5.2492,6.9582,2.9298,7.0803,10.62,8.301,7.0803,6.8361,7.5686,10.376,12.94,13.428,14.527,12.574,8.5452,4.3947,1.3428,-1.8311,-3.9064,-6.3478,-7.8127,-9.3997,-8.9114,-5.6154,-9.7659,-8.7893,-3.296,-5.005,-9.0335,-12.452,-16.114,-19.532,-24.537,-27.955,-30.641,-34.547,-35.524,-33.815,-20.02,0.85452,24.415,32.228,16.846,-6.2258,-28.809,-41.993,-20.631,1.3428
-21.119,-53.591,-55.177,-28.199,-69.46,-97.415,-86.673,-139.53,22.95,17.579,16.114,15.259,13.672,13.55,15.381,15.015,12.085,14.527,9.6438,6.7141,14.893,16.358,15.015,10.498,6.2258,3.296,-0.61037,-2.8077,-4.1505,-2.4415,-4.0284,-3.7843,-5.3713,-8.0569,-5.4933,-10.254,-8.6673,-11.109,-14.161,-14.527,-21.241,-28.809,-34.669,-39.43,-44.191,-50.539,-55.788,-60.549,-66.042,-52.492,-32.105,-27.955,-43.825,-61.037,-31.983,11.597,-39.43,-77.517,-83.499,-72.268,-69.338,-64.333,-76.662,-65.554,-37.965,-22.462
-28.565,-24.659,-5.2492,11.963,-3.5401,-88.137,-131.96,-121.95,5.9816,-0.24415,-7.3244,-13.794,-16.236,-13.428,-8.9114,-1.8311,5.3713,15.259,22.706,22.584,29.786,31.373,25.391,19.776,14.039,8.301,3.0519,-1.4649,-5.8596,-9.5218,-13.916,-17.823,-21.485,-17.457,-10.743,-8.4231,-10.254,-13.794,-20.264,-26.978,-34.181,-45.412,-44.313,-43.825,-48.708,-54.689,-56.764,-56.764,-56.52,-56.398,-58.473,-58.229,-65.065,-69.46,-72.39,-74.099,-66.042,-48.708,-52.248,-49.684,-76.907,-56.642,-63.356,-54.689,-0.85452,2.1973
11.963,-6.3478,-46.999,-64.089,-37.477,-68.117,-45.656,4.6388,1.0987,-1.3428,-0.24415,-0.73244,-1.587,-2.8077,-3.7843,-4.3947,-3.6622,-5.1271,-3.5401,-2.0753,-0.24415,1.709,3.9064,4.7609,5.2492,5.2492,8.4231,6.9582,8.9114,15.259,10.62,3.7843,0.4883,-2.8077,-5.7375,-8.6673,-10.254,-10.865,-11.475,-12.452,-15.381,-20.02,-21.363,-20.264,-27.589,-35.401,-31.251,-26.368,-21.973,-21.851,-22.462,-16.602,-17.701,-15.259,15.625,9.3997,-7.5686,10.254,15.137,-15.137,-18.677,4.5167,33.204,27.223,19.044,16.846
35.768,4.883,-59.816,-100.59,-162.6,-210.09,-180.3,-19.776,-14.283,-8.0569,-2.1973,1.8311,3.7843,1.9532,2.5636,6.1037,3.1739,0.24415,7.0803,6.7141,5.4933,5.4933,4.7609,4.883,4.6388,4.6388,4.1505,3.5401,0.73244,-0.24415,-1.0987,-2.0753,-3.0519,-3.7843,-5.005,-5.9816,-7.9348,-7.5686,-10.743,-17.945,-13.794,-17.457,-24.293,-26.734,-31.129,-34.181,-35.524,-38.82,-34.425,-20.875,-13.062,-27.711,-42.116,-51.271,-61.159,-73.489,-76.662,-77.883,-86.917,-94.485,-107.18,-113.28,-97.293,-107.55,-126.22,-132.82
-154.91,-153.94,-132.08,-100.1,-26.856,60.183,-17.457,-13.184,-13.55,-10.865,-6.9582,-6.3478,-5.9816,-3.9064,-1.8311,-5.6154,-6.592,-3.4181,-8.179,-12.696,-15.625,-19.654,-24.903,-30.152,-35.646,-40.651,-44.557,-46.388,-44.801,-41.627,-40.04,-38.453,-36.744,-36.256,-37.965,-39.186,-38.209,-43.336,-43.947,-39.308,-41.505,-45.656,-42.238,-37.843,-40.651,-40.895,-33.815,-22.34,-14.405,-17.945,-30.152,-37.111,-40.162,-40.895,-46.51,-60.671,-78.249,-92.044,-92.654,-85.208,-83.01,-85.33,-86.184,-78.127,-79.958,-47.121
83.987,101.2,47.365,15.137,45.045,-29.786,62.868,-17.212,-16.236,-12.085,-11.475,-13.916,-7.4465,-6.592,-6.7141,-5.8596,-5.9816,-7.3244,-7.4465,-7.4465,-7.8127,-9.1556,-11.719,-11.109,-7.8127,-6.4699,-5.3713,-4.7609,-4.5167,-3.5401,-0.85452,1.587,-6.1037,-0.85452,-1.0987,-4.2726,-4.3947,-5.2492,-4.883,-3.5401,-5.4933,-10.62,-15.381,-22.217,-29.176,-37.111,-41.993,-42.604,-37.111,-39.918,-45.167,-53.591,-62.38,-73,-70.193,-67.141,-66.652,-66.286,-69.704,-81.057,-82.766,-86.306,-95.706,-103.15,-109.87,-104.74
-73,-32.838,-14.161,25.269,78.86,26.368,117.31,-21.485,-19.532,-16.846,-14.161,-11.231,-7.6907,-3.296,0.36622,4.1505,7.4465,10.62,14.161,16.236,15.625,17.457,19.532,16.602,14.039,14.649,15.381,16.358,17.701,18.677,19.288,21.119,22.095,22.706,23.927,25.269,26.856,29.908,32.105,34.059,35.524,37.965,37.477,36.378,40.773,40.529,34.425,32.105,39.796,37.599,28.565,11.475,14.039,5.005,0.97659,-1.3428,-6.592,-5.1271,-3.296,-6.2258,-7.3244,0.24415,23.804,62.624,78.249,73
47.121,65.188,109.87,115.73,67.751,56.764,-57.131,19.044,16.846,12.818,14.771,7.9348,2.6856,-0.24415,-0.4883,1.4649,2.4415,2.5636,1.3428,-0.61037,-4.1505,-5.2492,-5.3713,-6.9582,-7.3244,-6.592,-7.2024,-7.6907,-7.0803,-5.005,-9.6438,-3.9064,1.9532,1.0987,3.6622,5.9816,7.8127,9.5218,10.498,10.987,12.207,11.963,12.329,11.841,4.5167,-15.87,2.9298,40.162,36.866,28.321,27.223,24.659,21.607,23.194,18.555,21.485,20.631,15.259,10.132,7.5686,7.8127,1.0987,11.841,35.401,43.825,52.248
55.666,41.871,50.539,93.142,114.63,8.5452,-52.736,8.179,9.888,11.353,11.475,11.963,11.719,10.376,7.3244,5.2492,3.4181,2.3194,1.8311,4.6388,5.2492,6.7141,15.137,18.189,18.433,22.217,24.293,25.758,26.49,17.457,13.306,22.34,23.316,23.072,20.997,16.602,8.9114,2.8077,-2.4415,-10.132,-14.039,-16.602,-17.457,-8.179,-3.5401,-5.005,-5.1271,-12.085,-16.48,-15.748,-15.87,-19.776,-23.56,-25.391,-24.415,-23.194,-24.903,-21.485,0.97659,5.005,2.3194,13.306,35.401,74.343,81.912,52.126
19.41,85.208,183.97,93.142,5.9816,-126.59,-129.52,8.9114,17.09,21.119,21.363,21.241,22.095,21.363,20.264,18.555,17.823,16.724,15.259,13.916,12.574,10.987,9.2776,8.301,7.5686,7.0803,8.0569,6.1037,9.0335,13.916,14.039,12.574,10.987,9.7659,9.1556,8.0569,7.0803,6.4699,5.3713,4.0284,3.296,4.3947,7.4465,6.4699,5.005,4.3947,5.8596,13.306,10.987,4.883,4.2726,4.1505,-1.8311,-6.3478,-12.329,-16.114,-16.236,-15.015,-10.498,1.0987,13.306,21.363,31.861,59.938,51.027,44.557
71.047,128.79,205.21,127.2,-62.99,-44.435,-118.17,9.5218,7.6907,6.592,5.7375,7.9348,11.353,14.283,15.992,19.532,21.485,22.706,23.804,24.537,24.293,22.95,22.217,22.217,22.34,16.358,18.677,17.823,12.452,9.888,6.592,3.1739,0.73244,-0.85452,-2.3194,-1.8311,-1.709,-2.1973,-1.8311,-1.0987,-1.4649,-1.587,0.61037,7.8127,0.85452,-3.9064,-10.01,-3.1739,-0.85452,-0.61037,1.3428,-0.36622,1.0987,4.7609,8.301,14.161,23.804,35.89,26.612,23.194,36.256,39.308,47.243,75.564,108.4,118.53
109.13,101.69,131.84,149.54,102.79,99.124,-1.587,2.0753,2.6856,-1.9532,-4.3947,-5.3713,-5.3713,-4.3947,-3.0519,-2.8077,-1.709,-1.8311,-2.0753,-2.0753,-1.2207,-0.36622,1.2207,2.5636,3.296,4.883,5.005,4.1505,10.254,9.3997,5.005,2.3194,1.0987,1.4649,1.709,1.709,-3.0519,-8.6673,0.85452,10.376,28.199,31.739,21.607,13.184,8.0569,6.8361,3.4181,-2.1973,-2.6856,1.4649,0.24415,1.2207,0.24415,-2.4415,-5.2492,-5.1271,0,4.7609,3.6622,10.498,14.771,20.997,19.044,30.03,49.562,31.617
14.527,11.231,-16.114,73.611,180.18,3.9064,4.2726,5.4933,6.7141,7.4465,9.0335,13.428,11.719,11.597,17.823,13.306,12.818,11.475,11.109,10.865,11.719,12.085,11.231,11.841,11.475,11.109,10.62,10.743,10.62,10.254,10.132,10.376,9.7659,3.1739,8.5452,5.3713,0.24415,-1.709,-4.7609,-5.9816,-7.5686,-9.1556,-10.132,-9.2776,-6.2258,-2.3194,2.8077,5.3713,6.7141,7.6907,10.254,13.672,20.508,23.804,30.274,45.656,67.263,69.094,58.351,69.338,71.047,92.532,76.296,47.609,43.092,31.739
39.918,62.258,89.114,8.5452,48.097,-17.335,-16.968,-16.968,-16.114,-14.649,-12.696,-11.719,-9.888,-9.0335,-8.9114,-8.5452,-8.4231,-7.9348,-6.4699,-4.6388,-3.4181,-0.12207,-2.1973,-1.9532,4.5167,0.73244,-0.4883,-0.12207,0.36622,1.0987,1.3428,0.36622,-0.12207,-0.36622,-2.0753,-3.0519,-3.7843,-3.296,-0.97659,-0.36622,0.24415,-2.8077,0.12207,-1.0987,5.7375,10.376,16.236,17.823,16.48,15.259,11.963,23.927,23.316,23.316,18.433,11.353,6.9582,15.137,29.664,38.575,63.112,92.044,111.82,90.823,56.154,124.03
208.75,157.35,-39.796,-130.13,-80.203,1.2207,0.61037,0.85452,1.8311,-2.1973,2.3194,2.9298,-0.61037,-1.0987,-1.709,-1.9532,-0.73244,-0.4883,-0.12207,2.1973,3.4181,4.3947,5.005,3.9064,3.0519,0.36622,-2.8077,-3.9064,-2.3194,-5.7375,-7.5686,-4.0284,-8.4231,-9.1556,-10.254,-10.498,-9.888,-8.179,-5.8596,-6.1037,-15.992,10.743,15.748,8.179,1.2207,1.709,2.0753,0,1.8311,8.4231,7.5686,11.841,10.62,10.498,14.893,18.555,31.373,52.98,67.751,92.654,100.22,89.724,92.654,102.18,115.36,194.95
185.31,20.753,-48.463,-144.66,0.36622,-0.61037,0.12207,0.73244,1.587,2.6856,3.1739,4.3947,5.1271,5.1271,4.7609,4.6388,4.5167,4.3947,4.6388,4.7609,7.4465,5.4933,6.4699,12.207,10.254,6.8361,4.2726,1.709,-0.24415,-2.0753,-3.9064,-3.9064,-3.4181,-4.5167,-7.8127,-18.677,-10.743,-4.5167,-9.0335,-17.335,-22.584,-25.636,-24.903,-24.415,-29.786,-32.35,-36.866,-35.524,-27.833,-26.124,-26.002,-25.269,-21.119,-12.818,-9.7659,4.1505,27.589,51.637,79.348,97.171,99.49,87.405,86.428,165.04,267.71,179.57
-14.771,-50.661,-102.66,26.978,6.3478,6.592,5.8596,8.0569,5.005,5.7375,10.132,6.7141,4.3947,3.9064,2.3194,1.3428,0.61037,-1.8311,-4.1505,-5.2492,-5.7375,-6.3478,-7.3244,-7.6907,-7.0803,-7.3244,-7.4465,-4.7609,-3.7843,-5.6154,1.8311,-0.4883,-0.61037,-1.9532,-2.4415,-3.0519,-3.1739,-3.0519,-4.0284,-2.0753,-1.0987,-0.12207,0.97659,-10.376,10.987,31.251,27.223,16.846,12.207,9.7659,12.085,13.672,21.363,16.968,20.386,24.049,24.659,22.828,21.973,20.753,19.41,38.331,55.3,47.853,38.575,8.179
44.435,117.92,97.781,-59.694,-54.445,-63.967,-73.122,-77.273,-77.151,-72.756,-67.995,-64.577,-61.281,-56.764,-51.027,-44.801,-39.43,-37.233,-37.721,-40.284,-42.604,-46.266,-47.365,-46.632,-44.313,-42.97,-42.482,-42.238,-42.116,-40.04,-37.721,-34.913,-29.298,-22.217,-17.579,-16.846,-16.114,-20.386,-24.415,-24.171,-23.927,-25.391,-26.368,-17.823,-8.179,-2.8077,-0.12207,-0.12207,-7.6907,-29.176,-49.684,-69.216,-83.987,-93.387,-90.213,-102.05,-116.7,-135.99,-145.51,-153.45,-158.82,-181.04,-187.87,-163.21,-143.8,-108.4
-52.98,13.428,-9.1556,-3.296,-4.0284,-4.883,-3.7843,-4.2726,-5.005,-7.6907,-8.6673,-8.4231,-5.8596,-5.2492,-2.8077,-1.9532,-3.6622,-8.0569,-12.207,-19.41,-28.687,-40.162,-49.196,-54.201,-60.549,-60.183,-55.3,-56.764,-59.206,-60.793,-63.356,-67.263,-70.315,-74.953,-81.057,-85.818,-87.893,-84.353,-80.569,-78.738,-74.465,-71.657,-71.535,-75.808,-73.733,-73.489,-77.151,-81.545,-79.836,-82.156,-79.348,-76.662,-73.489,-71.291,-71.169,-55.666,-69.948,-88.137,-98.514,-125,-157.35,-139.41,-126.71,-120.98,-80.203,37.965
144.17,236.46,-15.137,-16.358,-18.799,-20.02,-20.875,-20.753,-20.264,-23.194,-23.927,-21.485,-20.142,-22.462,-15.259,-12.207,-14.161,-15.015,-15.137,-16.724,-17.701,-17.457,-18.067,-19.654,-21.607,-24.049,-26.856,-28.443,-30.763,-32.96,-32.716,-31.739,-29.786,-31.129,-30.152,-35.279,-41.749,-42.116,-55.666,-78.494,-99.124,-114.26,-128.54,-142.95,-156.25,-158.94,-152.84,-136.97,-107.06,-84.841,-76.418,-69.216,-66.652,-57.009,-43.825,-52.492,-53.102,-44.923,-44.191,-52.248,-48.708,-49.684,-83.743,-100.71,-114.26,-87.283
1.9532,102.54,-13.306,-8.4231,-5.9816,-5.3713,-5.6154,-8.6673,-10.376,-11.963,-14.893,-16.846,-17.335,-18.555,-17.701,-17.579,-16.968,-17.945,-28.565,-29.42,-31.983,-42.238,-50.539,-55.177,-57.863,-55.666,-53.468,-51.759,-52.614,-55.177,-59.694,-65.92,-74.587,-78.738,-77.029,-72.268,-68.484,-65.188,-58.473,-49.196,-40.162,-35.524,-18.921,-13.672,-23.682,-26.124,-24.659,-26.612,-28.077,-41.383,-38.087,-30.763,-36.378,-35.646,-24.781,-16.846,-36.5,-22.706,-1.9532,-0.12207,-59.328,-96.805,-116.46,-196.17,-289.68,-290.41
-225.71,-200.45,-28.199,-26.368,-26.49,-24.659,-22.095,-21.607,-20.508,-18.067,-17.212,-19.044,-20.875,-21.729,-24.537,-27.345,-30.152,-32.105,-32.105,-32.716,-34.669,-36.378,-36.134,-41.993,-41.627,-38.82,-39.918,-37.355,-31.861,-28.077,-24.537,-19.288,-15.259,-13.794,-14.405,-15.625,-25.147,-33.937,-38.209,-39.674,-40.773,-40.162,-44.557,-46.144,-35.279,-23.316,-11.231,13.55,13.672,-2.0753,-3.4181,-0.36622,4.2726,28.077,40.651,45.656,90.945,63.845,56.398,54.811,45.9,18.067,-31.007,-49.562,-101.81,-118.41
-83.621,-51.393,3.9064,5.8596,13.794,15.503,18.067,26.856,21.485,13.916,7.8127,2.3194,-1.587,-5.4933,-11.109,-17.457,-18.433,-15.625,-12.696,-12.085,-10.132,-5.6154,-2.5636,2.8077,9.5218,9.0335,7.0803,5.1271,-0.12207,-5.9816,-21.729,-35.768,-46.51,-53.591,-61.403,-64.089,-59.084,-52.004,-49.318,-55.544,-46.876,-43.092,-34.669,-27.955,-22.828,-17.579,-12.452,-7.9348,-2.4415,-6.7141,-16.114,-13.916,-17.579,-18.921,-17.457,-37.355,-83.01,-105.47,-115.73,-119.75,-117.92,-113.9,-137.46,-162.24,-167.24,-140.26
-116.82,-60.915,1.4649,-6.2258,-11.475,-13.916,-13.916,-13.916,-13.428,-13.062,-13.184,-12.94,-12.329,-10.865,-19.044,-12.94,-11.353,-16.114,-18.921,-21.241,-25.391,-28.077,-30.396,-32.472,-33.937,-34.303,-33.326,-27.589,-20.875,-11.597,-1.4649,8.5452,17.457,24.049,29.664,34.547,28.687,29.42,28.809,17.09,4.1505,-5.7375,-15.015,-23.804,-30.274,-34.913,-42.116,-51.881,-58.351,-62.38,-66.042,-65.798,-78.249,-62.624,-79.104,-90.213,-80.691,-29.298,5.3713,-37.233,-111.58,-156.99,-149.3,-144.29,-161.75,-108.16
-53.591,-19.044,2.9298,8.9114,6.1037,5.005,12.329,9.888,10.376,14.161,19.898,20.264,19.654,19.166,15.259,5.4933,-7.9348,-11.719,-17.212,-33.082,-47.121,-59.328,-63.112,-61.159,-51.637,-39.064,-30.519,-23.438,-21.241,-25.025,-27.467,-28.809,-31.007,-27.223,-20.386,-23.682,-32.96,-36.378,-36.866,-35.646,-29.664,-24.171,-24.659,-23.194,-26.124,-31.983,-36.012,-36.988,-43.214,-44.923,-45.045,-47.121,-47.243,-62.746,-66.53,-60.671,-67.629,-72.268,-75.198,-78.616,-94.119,-128.42,-157.48,-133.43,-48.585,29.664
100.47,209.36,-41.017,-32.105,-18.921,-4.1505,11.719,28.565,41.383,52.004,48.708,35.768,14.405,-6.4699,-18.799,-28.321,-43.703,-55.422,-58.84,-53.224,-43.214,-34.669,-32.716,-24.781,-18.067,-19.532,-19.898,-19.898,-19.776,-21.973,-24.659,-30.396,-41.017,-51.271,-59.328,-65.31,-69.094,-78.86,-85.086,-97.293,-103.89,-100.22,-88.26,-75.198,-70.803,-58.718,-48.708,-41.749,-40.529,-34.791,-29.054,-20.753,-15.87,-10.865,-12.818,-7.3244,0.61037,-14.161,-15.137,-13.916,-20.875,-27.345,-42.36,-73.977,-45.167,18.555
95.218,178.11,-27.711,-26.246,-25.147,-28.565,-33.326,-36.744,-34.913,-32.105,-29.664,-23.316,-16.968,-20.02,-4.6388,-2.3194,-5.7375,-4.3947,-2.5636,-2.4415,-2.1973,-2.5636,-7.4465,-16.114,-25.513,-33.937,-43.58,-52.37,-59.328,-64.089,-65.065,-63.967,-61.037,-52.248,-59.084,-60.915,-60.183,-69.704,-78.249,-80.569,-84.841,-84.475,-79.226,-86.917,-100.71,-99.124,-94.485,-77.029,-72.878,-94.241,-106.57,-96.683,-83.01,-72.268,-62.014,-60.427,-74.709,-75.686,-74.099,-63.845,-95.096,-142.22,-165.9,-156.62,-125,-107.79
-9.7659,85.696,68.239,55.422,45.656,38.087,26.49,6.592,-6.8361,-13.794,-15.625,-10.62,-1.587,1.4649,4.1505,9.5218,16.724,40.407,56.398,66.408,78.616,95.706,99.124,91.678,76.662,58.107,41.383,29.42,22.584,17.701,14.039,13.672,13.184,8.0569,0.61037,-3.9064,-0.4883,-1.9532,6.4699,7.9348,2.5636,6.1037,8.301,12.452,10.62,7.4465,13.306,11.109,-3.4181,-8.0569,-10.376,4.3947,-1.4649,-12.818,-18.799,-14.283,-12.696,-37.355,-42.238,-67.141,-142.7,-198.13,-173.47,-157.48,-130.62,-85.696
-9.7659,123.42,213.26,230.96,250.01,221.2,164.56,156.5,122.93,68.117,24.659,18.555,3.0519,-12.452,-46.266,-75.32,-112.19,-147.34,-158.09,-178.47,-212.41,-271.74,-299.57,-309.21,-300.42,-217.54,-164.56,-112.43,-92.044,-101.93,-27.223,-21.119,-23.682,1.709,35.035,7.0803,-3.7843,-3.7843,5.1271,33.448,53.957,35.157,-4.883,-34.425,-52.614,-26.124,27.223,33.448,-20.142,-80.691,-85.818,-47.243,-16.602,-12.085,-2.9298,12.085,11.719,-11.597,-36.744,-22.584,25.025,58.962,31.007,-30.03,-53.591,-35.646
-1.9532,4.2726,13.428,5.6154,-9.6438,-16.968,-32.35,-32.716,-52.248,-34.181,-55.788,-36.744,30.274,34.181,-20.508,-210.7,1.2207,-10.498,-51.027,-536.39,276.86,857.81,970.61,335.46,197.76,483.17,619.53,290.17,-95.462,336.19,212.9,-30.03,61.403,74.831,170.05,225.35,33.204,-187.02,-140.75,-68.361,-175.79,-173.71,-139.65,-65.188,-19.532,82.644,80.447,35.035,32.594,54.079,233.04,351.08,101.32,-123.78,16.724,14.283,5.1271,128.06,65.92,-53.957,-96.561,62.868,-162.11,27.833,312.14,84.841
-371.11,-10.743,0.4883,6.7141,9.1556,26.002,56.032,26.368,-6.4699,-31.739,-28.321,4.6388,40.04,43.58,26.612,5.6154,-10.865,-13.55,10.865,39.796,33.692,19.166,-0.85452,-15.748,-9.5218,2.1973,9.0335,5.6154,-1.587,1.2207,10.987,20.631,9.2776,-1.3428,5.4933,24.049,29.786,12.452,-23.194,-34.547,-16.846,-16.846,-29.908,-43.825,-56.887,-59.694,-62.868,-40.895,-28.687,-63.234,-93.631,-122.81,-95.34,-84.964,-122.56,-185.55,-127.2,49.074,91.067,102.79,98.392,-38.575,-204.96,-232.8,309.82,299.69
123.54,4.5167,-7.6907,-4.5167,1.0987,-1.587,3.7843,10.62,13.916,15.87,13.306,5.2492,-3.9064,0.12207,5.8596,4.0284,2.6856,2.5636,5.005,8.301,8.4231,2.8077,-1.4649,-6.9582,-10.498,-18.067,-21.119,-24.293,-30.641,-36.378,-26.246,-8.7893,-4.5167,-25.636,-41.627,-40.407,-42.238,-41.383,-31.251,-32.716,-51.637,-61.403,-63.723,-71.535,-77.273,-80.325,-110.84,-84.841,-77.273,-88.504,-89.846,-74.953,-28.809,16.602,-2.6856,-0.61037,-11.231,-13.55,-112.43,22.095,147.22,138.68,131.47,51.759,-61.525,-390.03
-381.73,-7.4465,-7.2024,-7.0803,-4.883,-1.8311,-6.3478,-12.94,-15.748,-11.963,-8.0569,-10.743,-15.137,-13.306,-7.8127,-6.2258,-8.0569,-8.7893,-5.9816,-5.7375,-5.7375,-3.5401,-0.85452,-0.73244,-3.0519,-3.0519,-2.5636,-3.1739,-8.6673,-12.452,-13.794,-14.283,-13.062,-7.8127,-3.0519,-2.6856,-6.1037,-6.9582,-8.9114,-11.719,-8.6673,-4.5167,-7.8127,-14.405,-16.48,-20.386,-26.49,-38.82,-41.749,-29.542,-8.4231,-19.532,-61.403,-88.748,-67.995,-14.405,-11.353,-38.697,-30.03,-5.005,5.6154,0,33.448,49.44,69.46,14.039
-56.398,-169.8,-3.9064,-6.1037,-4.5167,-7.3244,-6.8361,-2.8077,-2.5636,-2.4415,-4.0284,-10.01,-15.992,-10.865,-0.12207,5.3713,4.3947,2.8077,3.0519,3.1739,5.9816,8.7893,10.01,5.1271,0.24415,2.0753,8.0569,10.376,5.8596,0.85452,1.2207,4.0284,5.6154,3.5401,-2.3194,-7.0803,-3.9064,0.36622,-0.85452,-4.883,-10.62,-24.049,-37.477,-45.9,-44.191,-28.321,-29.42,-51.515,-60.305,-56.276,-28.443,-23.072,-36.256,-67.873,-95.828,-92.898,-79.226,-61.159,-54.445,-52.614,-58.962,-26.49,44.801,117.68,43.703,6.2258
-11.841,-14.893,-18.433,-18.433,-9.0335,-2.8077,-2.4415,-7.5686,-10.132,-9.5218,-4.3947,-0.97659,-1.709,-2.4415,1.3428,3.7843,6.3478,5.2492,5.2492,7.2024,8.4231,8.4231,4.7609,0.73244,-3.5401,-7.5686,-11.719,-10.743,-9.0335,-6.3478,-1.709,1.0987,4.3947,7.0803,0.12207,1.587,6.592,9.7659,8.179,1.587,-1.9532,-0.4883,1.4649,-5.1271,-7.3244,-2.9298,2.4415,2.8077,9.5218,27.1,46.144,53.102,33.326,3.9064,16.724,20.875,-41.627,-96.561,-80.081,-49.562,-42.97,-41.139,-36.256,9.0335,31.617,94.607
-14.649,-8.9114,5.1271,15.625,14.771,9.7659,3.9064,-0.4883,-3.5401,4.0284,6.9582,15.015,18.799,18.067,16.968,18.433,18.311,17.701,14.893,10.254,8.4231,4.7609,-1.8311,-2.1973,4.7609,12.085,10.132,9.5218,3.7843,-1.2207,-4.3947,-2.4415,0.36622,5.1271,9.0335,10.498,7.8127,9.2776,10.987,12.452,16.846,15.137,13.55,14.527,15.992,20.02,20.997,17.335,9.0335,1.0987,1.587,13.306,31.007,41.749,40.284,39.43,44.801,26.246,22.217,43.947,68.85,5.005,-49.318,-124.64,-161.75,-36.5
-0.36622,-3.0519,-4.6388,-5.4933,-4.3947,-3.1739,-2.5636,-1.9532,-1.2207,-1.9532,-6.3478,-7.2024,-7.3244,-9.6438,-10.254,-1.4649,-5.005,-9.888,-14.893,-18.921,-18.921,-12.085,-4.3947,1.709,2.9298,2.1973,0.12207,0.36622,8.6673,8.0569,9.0335,10.62,13.306,17.579,15.137,13.916,17.579,19.288,20.875,21.607,15.503,13.55,11.597,14.893,22.095,27.1,25.391,18.311,16.724,29.542,35.646,14.771,-1.2207,-10.376,-3.7843,9.7659,29.664,39.796,20.386,-98.025,-125.37,-23.56,-20.875,-9.7659,10.254,37.721
9.2776,4.6388,3.1739,7.3244,10.987,13.794,13.306,9.7659,3.6622,2.4415,3.7843,4.0284,4.883,4.0284,3.0519,1.587,0.73244,0,-1.3428,-4.7609,-3.6622,-1.4649,-0.97659,-1.2207,-0.73244,4.883,0.73244,-3.4181,-7.9348,-12.329,-13.672,-11.475,-5.4933,4.3947,6.1037,5.005,9.7659,15.992,20.753,20.142,18.555,25.636,36.012,46.754,51.515,48.952,40.651,30.396,24.415,16.602,13.794,24.049,24.049,6.7141,-5.6154,-2.8077,-14.893,-50.661,-51.393,-32.594,-60.06,-65.432,-41.871,-6.9582,25.025,67.385
-10.865,-34.791,-42.238,-27.223,-8.301,0.73244,9.7659,5.6154,-1.9532,-8.0569,-12.94,-13.916,-15.015,-22.584,-27.345,-29.664,-25.025,-24.049,-20.508,-14.771,-9.0335,-3.296,4.2726,12.696,16.114,15.137,11.719,6.2258,0.97659,-2.3194,-2.6856,-0.4883,8.6673,16.602,5.005,-4.7609,-8.6673,-0.61037,8.7893,12.574,15.137,18.189,8.5452,1.587,3.296,9.0335,17.457,15.992,6.8361,1.2207,-6.4699,-15.748,-34.547,-47.975,-47.853,-71.902,-107.43,-122.2,-107.79,-49.928,-41.383,-44.801,1.587,66.164,61.159,39.796
-7.8127,-3.296,1.587,6.4699,8.7893,8.0569,6.3478,2.8077,0.85452,-1.4649,4.3947,10.498,8.6673,8.0569,2.3194,-4.883,-9.7659,-8.4231,-6.2258,-5.1271,-4.1505,-3.4181,-4.2726,-2.9298,-3.5401,-3.9064,-5.005,-6.2258,-4.7609,-5.8596,-5.4933,-4.5167,-0.73244,3.4181,7.8127,10.01,11.353,11.475,16.968,27.955,25.025,21.973,13.184,10.987,15.625,14.649,7.6907,1.8311,-1.4649,-7.8127,-12.085,-12.329,-24.293,-23.194,2.1973,30.152,6.592,-35.035,-17.823,2.8077,-17.945,-60.671,-61.159,-63.967,5.3713,-8.7893
4.0284,5.4933,4.5167,3.1739,5.2492,3.9064,2.5636,0.24415,0.36622,1.3428,1.0987,0.61037,0.36622,-0.4883,-2.4415,-3.7843,-4.3947,-3.5401,-3.7843,-1.0987,6.2258,-1.709,-4.0284,-4.0284,-2.6856,2.0753,6.1037,9.7659,12.452,9.5218,10.865,9.7659,8.6673,9.0335,9.0335,10.01,11.719,12.94,11.719,7.8127,2.0753,-1.587,-3.6622,-4.1505,-3.0519,-2.0753,1.709,11.475,9.1556,2.4415,-1.0987,-2.9298,-0.85452,7.4465,26.612,34.303,21.729,-14.527,-31.617,-20.631,2.8077,6.4699,-2.4415,7.5686,-62.136,-21.363
8.0569,5.6154,1.9532,-0.97659,-4.2726,-6.9582,-5.7375,-3.5401,-1.9532,1.2207,0.85452,-0.4883,-1.9532,6.9582,3.0519,-0.61037,-2.3194,-6.592,-7.6907,-3.0519,1.8311,5.7375,6.9582,7.2024,4.2726,4.3947,5.005,4.6388,3.296,-0.4883,-1.9532,-2.8077,-2.8077,-3.5401,-1.3428,3.5401,8.4231,10.01,10.987,12.574,17.701,26.856,22.584,22.706,21.607,26.612,32.35,27.589,11.963,17.579,36.378,43.214,45.412,61.647,86.55,72.268,-5.6154,-93.02,-143.19,-214.97,-245.61,-111.09,-180.67,-147.1,147.83,-25.636
-33.204,-31.251,-3.7843,27.467,35.646,1.9532,-56.764,-100.59,-86.062,-37.355,-12.818,34.791,113.65,107.43,-21.241,-165.9,-192.51,-49.684,112.8,118.05,66.164,66.897,104.5,74.099,-30.396,-157.11,-197.52,-143.93,-130.99,-156.38,-80.569,81.79,196.54,185.43,68.484,-146.37,-251.59,-82.278,141.36,248.18,181.89,14.527,-133.3,-232.55,-264.05,-189.34,-120.49,-153.45,-297.62,-299.69,-123.17,169.56,313,84.231,-132.57,-166.26,-193.24,-89.48,426.16,320.44,565.94,447.16,-680.2,-481.34,-1140.8,-68.117
-17.335,18.677,23.316,22.34,15.992,-3.7843,-19.898,-13.428,20.997,44.923,22.34,-29.786,-56.642,-23.927,37.477,34.669,-10.743,-34.303,-17.212,5.7375,18.555,29.786,31.251,3.296,-36.378,-63.723,-59.572,-14.649,34.303,39.918,2.3194,-39.552,-26.49,32.716,58.718,7.9348,-51.881,-48.097,33.082,126.59,153.69,102.79,13.306,-55.544,-76.54,-8.0569,111.09,165.29,142.09,110.97,48.83,-120.85,-309.21,-314.83,-39.552,125.37,-160.77,-402.36,-342.17,-434.58,-336.8,-487.44,-1037.9,-858.3,-10.62,-4.0284
14.527,15.381,4.7609,4.3947,5.8596,-8.7893,-22.584,-19.654,0.12207,12.452,-2.4415,-18.311,-8.5452,8.179,7.2024,-5.6154,-16.358,-6.1037,10.743,9.5218,-1.709,-3.0519,2.6856,2.4415,-6.4699,1.709,17.335,13.55,-6.1037,-15.503,-22.95,-36.744,-47.121,-26.002,17.457,30.763,3.296,1.4649,38.942,61.281,48.097,25.636,25.513,68.484,118.29,110.11,45.045,10.743,45.534,70.193,65.065,89.358,117.44,53.713,-41.505,-131.23,-209.6,-226.81,-159.31,118.41,-73.855,-262.22,-292.37,-928.62,4.1505,-4.0284
-29.054,-43.703,-37.843,-13.062,-24.903,-31.373,-5.8596,2.1973,-9.0335,-5.005,-3.0519,-3.7843,-5.3713,-2.3194,-12.94,-24.293,-13.672,-4.2726,-7.6907,-11.475,-5.7375,-7.8127,-2.5636,8.6673,-7.2024,-13.062,-21.119,-30.519,-32.96,-9.3997,23.438,6.9582,-4.7609,5.2492,-4.5167,-19.166,-31.251,-63.234,-96.927,-50.539,-12.94,8.5452,23.682,23.682,39.186,28.443,22.34,14.893,3.5401,-5.4933,-21.363,-47.853,-42.482,-38.697,-42.848,-23.804,-15.381,-11.597,-13.55,-13.184,-4.883,9.6438,8.179,-25.636,4.3947,11.475
24.659,29.054,33.326,8.5452,-16.48,-31.739,-22.706,-6.2258,6.3478,9.3997,5.4933,-7.0803,-24.171,-27.711,-20.997,-21.607,-19.166,-4.6388,11.719,11.963,-7.0803,-17.457,-11.597,-18.677,-6.592,22.95,11.109,-17.701,-4.6388,9.3997,5.1271,11.231,14.893,15.137,8.0569,5.005,27.589,72.146,113.04,111.58,57.619,-13.062,-19.044,53.224,63.601,5.4933,-4.0284,28.443,22.462,4.3947,109.74,158.09,67.019,-34.303,-157.84,-250.25,-65.798,-183.6,-358.9,-167.97,-3.7843,236.95,72.024,-49.196,-0.85452,-17.701
-20.631,-20.02,10.254,32.838,21.729,16.358,24.537,32.96,34.059,28.565,21.119,20.997,25.513,35.401,53.468,31.739,11.353,9.0335,15.503,19.288,17.579,9.7659,5.6154,14.893,20.142,12.696,24.537,40.407,34.547,18.067,34.059,69.46,71.047,59.084,36.866,6.8361,-10.254,8.0569,64.699,114.87,134.53,106.94,65.188,42.36,25.88,-1.2207,9.2776,49.074,92.41,108.77,61.159,-2.3194,-95.706,-235.24,-316.42,-288.22,-429.58,-465.59,458.63,-220.1,-815.58,-1342.8,-1156.7,-1576,-20.997,-14.405
-24.659,-10.498,-0.24415,-1.0987,-13.062,-24.171,-29.42,-23.927,-19.776,-19.166,-2.8077,10.01,8.179,4.883,-9.6438,-23.682,-26.124,-20.386,-1.0987,15.992,8.9114,5.005,24.903,13.306,6.7141,25.391,19.532,-16.968,-9.888,10.865,19.898,38.087,59.084,77.639,86.55,65.92,56.764,75.564,94.363,83.377,44.435,-15.015,-38.82,-5.7375,16.968,56.764,83.865,67.263,45.167,90.091,26.734,-131.23,-206.06,-375.13,-361.95,-380.5,-526.87,172,-50.661,48.341,195.32,-164.43,-2749.2,-2206.4,8.301,-4.0284
-6.8361,-0.4883,5.7375,13.55,12.207,15.625,14.893,1.587,-9.2776,1.2207,19.044,26.124,50.295,50.661,22.828,4.883,1.3428,7.0803,11.719,15.625,12.574,-4.2726,3.4181,13.306,18.311,27.955,27.711,23.316,26.856,35.89,30.519,15.503,10.376,15.87,18.555,5.005,13.794,49.806,65.188,58.596,40.162,46.632,76.052,96.561,99.124,78.372,19.776,-35.768,-78.616,-43.214,28.077,66.042,1.2207,-44.313,-96.683,-335.58,-554.83,-512.71,-59.816,399.3,-142.58,-544.33,-1528.1,-2269.8,-116.21,-120.49
-105.72,5.9816,122.07,152.1,116.09,125,91.189,31.617,26.124,-7.0803,-39.308,-38.575,-43.214,-22.462,-13.306,5.6154,11.841,-14.283,-59.45,-81.423,-86.55,-40.651,2.4415,16.968,23.072,-24.903,-66.286,-117.19,-192.88,-185.55,-169.19,-88.748,16.846,21.119,-82.766,-66.408,-29.054,-16.602,-9.0335,-55.3,-21.607,44.191,13.55,-73.977,-43.825,62.99,113.53,92.898,74.343,-1.0987,4.2726,19.044,48.585,91.433,169.8,140.39,150.4,298.23,414.81,291.88,-243.78,-878.69,-450.7,-2379.6,-7.5686,1.4649
-8.4231,-20.997,-17.457,-10.498,-5.7375,-14.283,-19.166,-16.724,-15.625,-15.381,-22.095,-32.96,-47.487,-42.97,-23.194,-5.9816,-10.743,-21.729,-34.181,-53.102,-33.448,-6.1037,-14.771,-43.825,-75.076,-90.335,-77.273,-41.993,-19.288,-13.672,-9.7659,-17.09,-24.049,-27.223,-44.191,-80.691,-69.704,-64.699,-68.239,-67.751,-82.278,-79.714,-70.559,-63.845,-58.107,-33.082,-28.321,-79.836,-97.659,-76.052,-14.649,33.937,-43.947,-1231.8,129.89,101.93,-202.64,-120.61,61.525,-79.592,2.0753,65.432,72.146,-412,-4.3947,-1.8311
0.12207,-0.24415,-1.0987,-5.4933,-3.7843,1.0987,4.7609,5.4933,-0.4883,-4.0284,-6.3478,-9.7659,-15.381,-20.02,-28.199,-34.669,-39.918,-41.261,-42.116,-49.318,-52.492,-48.097,-46.388,-41.139,-33.937,-23.438,-9.888,41.871,78.127,96.316,182.38,153.69,123.54,8.6673,-66.897,-85.696,-59.572,-32.228,-1.4649,10.132,-4.7609,-33.326,-33.082,-14.649,-6.7141,-15.992,-21.363,-11.963,14.893,21.729,18.677,9.888,0.85452,23.316,40.284,56.154,67.385,90.457,103.64,113.16,108.65,188.6,245.49,247.93,-6.2258,-5.6154
-7.0803,-9.1556,-15.748,-16.724,-4.6388,7.6907,8.179,2.4415,-11.353,-17.823,-8.301,4.1505,8.4231,9.6438,8.301,5.7375,-1.0987,-13.916,-22.217,-31.495,-43.947,-56.276,-52.98,-60.915,-74.831,-79.714,-54.079,-49.684,-50.539,-48.463,-38.331,-40.407,-47.487,-41.627,-34.791,-44.191,-66.53,-101.69,-102.91,-63.356,-39.43,-32.96,-68.972,-88.382,-104.37,-65.554,-39.552,-18.555,-80.447,-115.73,-66.164,37.355,59.206,-46.022,-792.75,173.83,-26.612,-312.14,-13.306,28.565,3.9064,27.223,53.835,-407.73,-13.672,-13.062
-11.475,-11.719,-14.527,-16.846,-16.114,-9.0335,-7.5686,-18.067,-31.495,-39.43,-34.547,-24.171,-23.927,-30.885,-38.331,-34.791,-31.739,-35.524,-38.697,-32.716,-20.142,-5.1271,3.0519,6.3478,13.916,23.316,28.443,27.1,25.269,19.532,-14.405,-46.876,-41.871,-35.035,-42.97,-41.871,-45.534,-65.92,-74.221,-74.587,-64.699,-67.385,-72.146,-67.019,-78.494,-65.92,-44.069,-34.181,-39.43,-56.276,-61.525,-0.24415,73.122,14.405,-128.18,-453.14,-170.17,-62.136,118.78,131.96,-1.0987,-1.709,-1386.5,697.29,-10.743,-4.6388
15.381,13.672,-1.587,-10.987,-12.452,-1.3428,1.2207,0.12207,0.36622,-1.2207,-5.4933,-9.7659,-9.3997,-8.7893,-11.963,-11.597,-11.719,-11.109,-7.2024,-4.0284,-7.5686,-16.602,-20.631,-23.438,-19.898,-7.9348,-1.0987,-2.4415,-6.2258,-10.132,-10.01,-5.005,1.587,-12.696,-32.96,-46.388,-47.731,-42.36,-39.918,-46.266,-52.126,-53.957,-70.559,-83.132,-84.841,-89.602,-93.631,-74.953,-68.972,-73.855,-74.221,-84.353,-71.657,-29.542,-39.064,-55.055,-69.46,-230.72,-215.58,-64.211,71.78,41.627,-176.27,-778.34,-57.131,-64.577
-71.047,-56.154,-38.453,-31.007,-26.246,-35.646,-39.674,-42.482,-49.562,-53.591,-48.952,-43.58,-30.152,0.85452,44.557,85.086,105.47,119.14,102.42,61.403,32.594,9.5218,-13.428,-27.589,-39.43,-45.167,-36.988,-24.903,-15.992,-10.132,-5.8596,3.4181,14.771,19.166,6.7141,-5.3713,-1.2207,-6.9582,-9.2776,6.4699,20.386,23.682,22.462,26.368,33.326,39.674,46.999,44.923,30.641,4.7609,-3.6622,-1.0987,-2.0753,-16.846,-30.152,-44.435,-70.681,-75.564,-52.98,-68.85,-23.316,20.264,9.2776,14.283,41.627,39.064
39.918,42.116,39.552,29.542,11.597,-6.9582,-24.659,-33.57,-27.1,-13.916,-7.9348,-4.883,-2.0753,-3.9064,-3.7843,-10.132,-28.565,-46.388,-64.333,-68.239,-62.38,-47.243,-25.513,-5.1271,9.5218,19.288,37.233,53.713,38.209,-6.7141,-35.89,-53.346,-54.689,-25.269,4.6388,22.462,42.116,57.497,71.535,73.611,58.229,20.508,-2.1973,-8.179,-19.044,-34.547,-57.863,-72.756,-68.606,-71.291,-80.691,-94.241,-103.03,-100.96,-105.11,-59.938,-11.719,25.636,100.34,153.81,191.41,205.57,141.12,8.7893,-10.132,-28.809
-40.162,-48.708,-48.219,-43.336,-29.298,-16.846,-12.696,-9.1556,-9.888,-9.1556,-11.963,-15.503,-20.753,-28.809,-32.716,-35.401,-36.134,-31.495,-25.025,-19.654,-11.963,-9.3997,-17.457,-33.082,-44.923,-41.871,-22.34,-8.7893,2.3194,13.062,34.059,51.759,60.793,59.328,46.022,31.007,15.992,1.709,-8.9114,-18.067,-30.396,-31.739,-27.223,-24.171,-26.49,-36.256,-51.393,-54.201,-35.279,-28.809,-43.58,-46.754,-43.825,-47.121,-35.89,-9.1556,-21.607,15.503,79.592,80.203,13.428,-71.78,-38.087,-44.801,-31.007,-17.212
-0.85452,15.87,23.438,18.189,6.8361,15.015,31.495,40.407,56.764,38.82,-6.8361,-18.433,7.9348,32.472,38.575,43.214,36.622,20.02,-2.4415,-26.612,-47.609,-68.606,-87.405,-94.485,-88.26,-75.198,-65.188,-52.98,-40.651,-33.448,-29.42,-19.044,-12.696,-8.301,0.61037,8.4231,11.963,14.771,15.381,8.4231,4.0284,10.743,12.207,12.818,-0.36622,-4.6388,-2.5636,-4.1505,-1.709,-28.565,-42.604,-35.646,-2.8077,-17.09,-8.7893,-12.085,-37.233,-109.5,-204.47,-159.43,-97.659,-139.29,-10.865,34.791,31.251,30.03
29.542,28.443,22.706,19.776,2.1973,-15.259,-21.363,-22.34,-16.846,-10.376,-2.3194,-0.4883,-11.719,-26.002,-37.477,-50.539,-52.248,-50.417,-47.243,-45.412,-41.017,-34.791,-31.495,-31.739,-30.03,-32.105,-35.401,-34.059,-36.256,-41.139,-41.383,-35.646,-28.687,-37.599,-46.754,-48.219,-47.121,-41.993,-34.059,-28.443,-26.856,-22.584,-19.654,-10.254,2.0753,13.184,24.049,4.7609,-9.2776,-1.3428,13.428,2.0753,-12.94,-7.2024,3.6622,16.602,3.296,-0.12207,-26.49,-24.659,78.616,198.98,406.02,38.331,38.697,30.03
19.654,5.6154,-5.7375,-10.865,-13.306,-16.114,-9.5218,-8.7893,-11.231,-12.207,-13.794,-16.602,-22.95,-30.396,-38.575,-38.82,-37.111,-30.274,-19.41,-12.085,-8.301,-6.2258,-6.8361,-11.353,-14.527,-16.48,-20.875,-29.664,-34.913,-39.064,-40.162,-35.035,-27.1,-22.462,-19.654,-16.236,-12.696,-17.701,-17.945,-10.498,-7.0803,-9.3997,-13.794,-21.851,-26.124,-27.467,-27.345,-35.646,-64.333,-83.132,-86.428,-86.184,-92.898,-106.57,-117.68,-125.25,-89.969,-5.3713,21.851,66.652,178.11,80.569,105.35,5.7375,2.1973,4.5167
5.3713,8.4231,4.7609,5.7375,-2.0753,-15.87,-23.56,-29.054,-35.524,-34.181,-25.025,-17.212,-14.039,-17.212,-21.241,-26.246,-29.298,-35.524,-43.092,-46.51,-43.58,-41.871,-41.139,-37.233,-36.744,-40.162,-35.89,-30.152,-24.171,-24.537,-23.438,-11.353,-4.0284,-3.296,0.97659,0.85452,-2.4415,-6.592,-5.9816,-12.452,-18.677,-17.212,-12.696,-1.709,3.0519,-5.005,-3.0519,0.97659,-14.039,-23.438,5.2492,23.56,-15.015,-38.331,-51.881,-55.788,-127.45,-141,-38.453,65.798,95.706,232.92,227.55,12.574,19.898,23.682
29.298,24.537,15.992,12.574,14.039,13.672,4.883,-2.8077,-5.9816,2.6856,3.1739,-8.4231,-17.579,-9.6438,-3.4181,-22.34,-45.167,-57.985,-65.432,-61.403,-53.346,-47.975,-50.661,-54.689,-53.835,-55.177,-49.44,-46.876,-56.154,-65.92,-69.338,-76.296,-87.161,-86.184,-85.452,-89.724,-95.218,-92.654,-95.096,-88.748,-78.86,-59.816,-38.942,-50.295,-44.435,-29.908,-28.809,-34.303,-44.923,-59.572,-90.823,-73.489,-38.575,-67.263,-98.88,-91.8,-27.1,-26.49,-79.958,-77.029,-16.968,39.552,51.881,14.039,5.7375,3.1739
2.5636,6.3478,16.846,18.921,25.758,25.147,30.152,27.467,19.776,17.701,7.3244,-2.0753,-4.0284,-8.4231,-10.254,-8.301,-4.3947,-1.2207,-1.3428,-5.6154,-9.7659,-14.893,-25.636,-33.448,-44.435,-57.375,-68.606,-78.127,-82.766,-84.841,-89.236,-99.002,-103.27,-106.57,-109.87,-108.65,-105.23,-92.776,-90.945,-89.236,-87.771,-79.836,-72.634,-72.39,-72.512,-65.432,-60.305,-61.892,-82.4,-97.903,-110.48,-97.659,-86.795,-95.828,-89.358,-37.477,8.5452,-104.74,-94.852,-40.529,0.97659,-3.4181,80.325,13.184,7.9348,4.2726
1.3428,-3.9064,-8.5452,-12.696,-15.992,-16.358,-21.485,-28.809,-34.059,-43.214,-47.121,-47.365,-47.243,-45.045,-47.243,-52.858,-54.567,-57.741,-60.671,-61.037,-62.868,-61.281,-61.037,-68.239,-76.418,-83.621,-92.532,-97.293,-97.659,-90.945,-85.574,-83.377,-70.07,-62.38,-47.731,-30.519,-15.137,-3.296,3.0519,6.1037,5.4933,-1.3428,-3.7843,-2.8077,0.12207,9.888,-5.005,-29.298,-34.669,-34.059,-49.074,-69.948,-57.619,-53.957,-51.515,-40.895,16.358,-37.233,-89.236,39.552,158.21,157.84,-5.8596,-7.0803,-13.062,-15.137
-12.085,-25.758,-30.763,-37.599,-47.243,-48.585,-41.017,-35.157,-35.524,-39.43,-45.656,-48.585,-48.341,-50.539,-57.009,-60.06,-60.427,-56.52,-51.393,-48.341,-44.801,-43.947,-44.801,-39.43,-33.204,-29.176,-25.269,-22.217,-33.204,-43.336,-58.107,-75.564,-81.057,-77.273,-80.325,-83.743,-89.236,-94.241,-82.888,-67.263,-56.276,-50.661,-44.313,-45.412,-55.177,-63.478,-59.328,-67.629,-85.696,-107.67,-120.49,-91.922,-64.943,-51.515,-63.967,-59.45,-76.296,-142.58,3.4181,-14.039,-20.142,-16.602,-11.841,6.8361,13.428,13.55
9.888,-1.587,-4.2726,5.4933,19.776,26.368,22.462,14.283,0.97659,-8.5452,-17.457,-27.955,-37.599,-36.988,-28.077,-32.228,-38.453,-39.918,-42.604,-42.97,-40.284,-35.401,-25.88,-28.565,-29.664,-25.391,-21.119,-19.898,-15.015,-12.94,-16.602,-20.875,-20.875,-13.916,-6.7141,-2.0753,-1.709,-8.0569,-14.161,-26.856,-41.383,-55.788,-61.037,-57.985,-70.803,-89.48,-93.875,-103.76,-97.415,-89.236,-79.714,-97.171,-110.97,-126.59,-158.7,-142.7,-108.77,-11.963,-41.749,-115.48,-47.487,197.39,300.91,277.6,222.54,142.7
0.61037,-34.669,159.79,286.26,152.96,152.71,113.41,44.801,0.61037,-33.937,-40.651,-43.092,-170.78,-218.76,-164.43,-95.706,-21.729,-40.529,-138.55,-135.01,-84.964,-17.335,29.908,13.184,-33.204,23.927,177.37,298.59,-9.1556,-0.24415,-5.3713,-2.4415,1.587,-9.6438,-50.905,-128.42,-113.41,-80.325,-29.176,25.758,28.199,-6.4699,-26.49,-17.457,0.24415,-0.85452,5.2492,13.062,4.5167,-17.09,-32.96,-41.749,-58.473,-63.601,-45.656,-19.288,40.895,-42.726,-140.14,-33.692,94.363,0.97659,-0.24415,6.8361,-4.2726,-8.179
-3.6622,0.4883,1.0987,1.0987,-1.4649,-4.3947,-3.5401,-2.0753,0,-1.4649,-2.9298,1.587,3.9064,3.1739,2.8077,3.7843,3.296,1.8311,0.36622,-0.97659,-2.5636,-0.24415,-3.9064,-11.353,-10.376,-5.4933,-2.6856,-18.189,-19.41,-22.706,-26.246,-22.706,-26.978,-28.443,-24.781,-28.809,-26.124,-27.223,-37.721,-46.266,-40.529,-32.96,-23.56,-21.485,-15.625,-17.701,-16.602,-14.283,-7.8127,8.0569,-5.4933,3.0519,11.719,52.858,140.63,114.63,48.83,7.3244,-54.567,-249.64,-373.06,-1.0987,-3.0519,-3.5401,-8.5452,-14.161
-14.527,-14.161,-14.039,-12.818,-12.207,-12.94,-12.085,-8.7893,-5.7375,-5.3713,-4.7609,-7.2024,-10.62,-9.2776,-11.841,-14.771,-11.719,-3.1739,-10.987,-12.818,-11.841,-6.7141,-3.7843,-1.709,0.97659,-0.12207,-0.4883,1.3428,11.963,15.748,7.4465,5.1271,8.0569,7.4465,7.3244,8.4231,5.9816,-3.0519,-21.973,-34.303,-30.641,-19.288,-4.2726,8.4231,11.231,4.7609,7.8127,-12.207,-36.378,-47.243,-27.589,-35.646,-43.703,-13.916,69.094,-1.709,-97.415,-157.11,-183.23,-198.74,-162.72,1.2207,0.4883,3.7843,7.9348,11.109
12.207,12.94,13.794,12.329,11.963,6.592,2.1973,4.6388,4.0284,4.3947,3.6622,5.005,8.4231,11.841,11.963,8.301,11.231,12.452,10.376,9.1556,0.4883,0.97659,-5.6154,14.405,15.748,9.2776,-5.005,-50.783,-91.678,-102.18,-40.651,42.726,72.146,36.012,4.6388,4.7609,18.555,23.56,-1.587,-41.627,-38.575,9.7659,22.217,4.7609,-8.9114,-26.734,-41.993,-28.321,-37.355,-52.37,77.639,146.98,61.892,-14.283,-6.592,45.656,35.157,-40.895,-137.21,-317.64,-393.93,17.823,18.189,20.631,22.462,7.8127
16.236,17.457,14.527,15.625,22.462,18.311,7.5686,-0.24415,-0.97659,-1.4649,-6.592,-10.865,-3.9064,-4.1505,-3.296,4.883,6.7141,0,-1.3428,5.3713,12.696,18.555,17.335,3.1739,-7.3244,2.3194,2.4415,-17.701,-29.664,-36.744,-29.054,-69.704,-71.902,-35.157,-34.181,-44.435,-30.274,-26.978,-28.809,-32.228,-37.599,-22.95,-12.452,-5.9816,-20.142,-44.313,-46.632,-25.513,-21.973,-22.584,27.589,92.898,118.41,100.22,54.323,-6.592,-78.372,-327.77,-504.04,-109.87,6.1037,-16.968,-14.161,-13.306,-11.719,-12.818
-3.296,-12.207,-11.719,-13.55,-9.888,-9.0335,-7.6907,-4.6388,-2.5636,0.73244,-2.5636,-8.9114,-12.452,-14.405,-1.4649,6.592,11.597,8.5452,3.6622,1.709,-1.9532,-2.5636,-2.3194,1.587,-0.97659,-4.6388,-5.4933,1.3428,-5.9816,1.0987,0.12207,-0.12207,3.1739,13.55,23.072,22.095,9.0335,-3.6622,-4.0284,11.597,11.719,3.1739,-0.61037,2.9298,5.3713,-16.114,-32.838,-43.58,-25.636,-10.132,-21.485,-11.231,27.467,12.207,34.059,88.504,21.241,-99.857,-155.16,-168.83,-143.44,-2.9298,-6.9582,-6.592,3.6622,13.672
22.095,7.6907,6.592,6.9582,8.4231,1.587,-0.4883,-8.0569,-15.748,-12.452,-2.9298,-5.2492,-20.264,-20.631,-11.963,-0.85452,20.02,17.579,11.719,13.672,15.015,20.997,21.363,10.376,2.1973,-1.9532,-7.2024,-8.179,-2.0753,-2.3194,0.61037,-2.8077,0.97659,-3.1739,-11.597,-12.085,-11.841,-21.729,-23.927,-17.579,-21.607,-25.758,-2.9298,21.607,14.039,7.5686,22.828,24.171,16.236,1.0987,19.166,34.669,16.968,18.677,87.649,189.7,114.38,-46.754,-151.37,-232.43,-223.64,-15.503,-12.085,-8.0569,-5.8596,-8.5452
-7.6907,-7.8127,-2.8077,1.9532,2.3194,4.5167,5.1271,6.2258,6.9582,6.8361,6.3478,8.7893,10.132,12.207,9.3997,3.5401,-4.6388,-20.753,-13.184,-14.283,-9.6438,-3.4181,-1.9532,5.7375,14.771,12.207,10.132,3.6622,-3.5401,-5.3713,-2.1973,6.4699,-0.12207,-9.6438,-11.475,-11.353,0,-17.823,-28.321,-36.256,-24.659,-2.3194,5.4933,12.085,-11.109,-29.664,-42.848,-40.651,-33.448,-19.776,32.228,144.78,189.46,160.16,122.81,67.385,-126.59,-335.7,-389.9,-314.95,-259.9,-1.8311,17.09,30.03,25.269,23.682
25.758,35.524,35.035,21.241,18.433,22.217,40.284,47.365,48.83,38.209,32.35,21.851,12.085,6.9582,8.0569,-2.0753,5.005,5.2492,-5.2492,4.3947,18.555,17.457,10.498,3.7843,-4.5167,-9.888,-6.8361,17.579,24.781,28.443,31.617,22.462,7.2024,5.8596,22.462,33.204,29.908,17.212,1.587,-37.599,-77.517,-87.771,-118.29,-92.532,-56.642,-39.43,-7.8127,11.963,44.313,63.723,38.453,24.537,78.738,118.66,82.278,-14.649,-157.72,-420.18,-454.6,-448.26,-32.838,-1.2207,-3.1739,1.4649,10.62,2.3194
-7.3244,3.296,11.475,12.207,13.306,8.6673,0.24415,4.1505,12.207,20.631,36.5,49.074,41.017,45.167,61.647,81.301,89.236,75.564,42.116,30.274,43.214,47.487,36.378,31.983,41.871,32.716,21.851,31.617,37.355,26.368,22.584,30.519,33.204,20.508,5.2492,-3.4181,-0.97659,-23.072,-21.485,3.9064,6.592,-19.166,-37.843,-38.209,-46.144,-45.534,-31.495,-71.047,-136.84,-168.46,-98.025,18.433,129.52,155.89,22.95,-262.22,-391,-261.6,-223.03,-18.799,41.261,4.7609,5.2492,8.4231,10.498,8.301
6.7141,6.4699,7.5686,8.0569,8.5452,7.2024,7.2024,9.0335,11.719,13.184,13.916,14.893,16.358,18.311,20.753,22.462,25.025,29.176,36.134,39.796,34.181,28.321,25.513,23.927,19.898,16.114,9.5218,5.2492,-0.4883,-1.4649,2.8077,-0.73244,-5.2492,-10.987,-18.067,-15.87,-12.94,-18.311,-36.378,-34.547,-15.748,-21.241,-35.035,-34.791,-6.592,20.386,14.893,39.918,87.039,87.649,74.587,94.119,43.947,38.453,144.17,-0.24415,-155.28,-160.28,-182.26,80.813,244.15,-10.987,-11.719,-13.306,-14.405,-12.818
-10.865,-9.2776,-8.9114,-8.301,-7.0803,-6.2258,-9.0335,-12.574,-15.259,-19.044,-20.997,-24.171,-29.176,-31.007,-25.758,-16.48,-12.94,-22.706,-24.781,-22.34,-17.823,-12.452,-11.109,-14.527,-17.09,-21.607,-24.293,-21.607,-21.729,-20.264,-17.09,-10.987,-8.7893,-0.97659,32.472,83.621,130.38,137.46,117.56,96.316,83.865,70.437,76.785,54.811,27.833,30.763,105.11,6.9582,42.36,15.992,-18.677,-58.84,-108.77,-125.86,-162.72,-162.11,23.804,92.898,-12.574,-11.841,-10.62,-7.3244,-3.6622,-0.36622,3.6622,7.0803
9.1556,10.987,11.841,12.085,11.719,10.498,6.4699,1.709,2.3194,4.5167,3.4181,-2.4415,-5.6154,-5.2492,-5.2492,-5.3713,-6.2258,-6.8361,-7.4465,-7.8127,-4.5167,-1.0987,-0.12207,-1.3428,-8.9114,-7.3244,7.6907,27.223,21.973,14.893,21.363,21.607,20.386,24.903,25.88,11.475,-2.3194,7.8127,39.308,55.666,65.432,77.517,60.549,63.967,91.8,165.53,209.11,68.239,1.8311,-103.15,-133.06,-185.31,-198.49,52.858,-39.064,214.12,-99.979,-571.06,1.587,4.7609,5.6154,4.883,1.8311,-3.1739,-4.1505,-6.1037
-14.771,-21.363,-20.02,-15.503,-14.039,-11.353,-11.353,-11.231,-15.992,-27.345,-31.007,-26.734,-23.072,-20.875,-23.438,-28.443,-29.42,-30.03,-28.321,-24.171,-18.799,-13.428,-6.7141,1.9532,-0.85452,-0.73244,-5.005,-6.4699,-1.4649,0.12207,3.6622,5.1271,11.963,20.631,10.743,-5.7375,-7.0803,9.3997,35.279,52.614,97.171,189.95,217.17,209.85,138.92,51.271,15.748,-104.13,-157.48,-51.515,20.508,-110.84,-97.293,-21.241,-21.241,-9.7659,-332.65,54.079,20.631,19.166,19.044,20.386,22.095,17.945,15.625,15.87
18.067,18.189,13.916,14.405,5.3713,1.4649,8.7893,15.259,21.607,23.804,24.781,21.363,24.415,31.861,35.646,40.407,41.505,37.721,32.716,34.547,40.162,48.83,49.562,49.074,51.271,55.3,41.017,35.279,57.741,77.273,81.423,80.203,85.452,91.311,103.27,90.945,94.852,101.2,106.94,113.65,133.55,145.88,116.46,100.47,67.385,24.781,-23.194,-59.206,-60.549,-81.179,-51.027,-73.489,-46.632,-77.517,-346.45,-373.3,-269.17,-295.3,-7.6907,-12.452,-15.87,-14.405,-12.452,-10.376,-6.4699,-2.1973
1.3428,-2.0753,-12.085,-17.09,-16.724,-20.264,-19.288,-15.748,-6.3478,0.12207,2.3194,11.475,19.288,23.56,24.537,27.955,31.739,29.298,23.438,17.579,18.921,15.503,8.0569,-8.9114,-22.95,-14.649,-1.4649,10.376,19.776,24.415,30.519,25.88,29.42,46.144,56.642,37.721,29.176,50.783,87.771,103.52,138.8,134.04,95.462,67.385,169.44,171.51,46.022,-165.78,-210.09,-144.9,-199.1,-189.09,71.535,189.83,134.65,-451.31,-72.024,116.7,6.4699,-8.7893,-28.565,-34.913,-25.269,-22.462,-30.885,-40.895
-46.022,-41.017,-36.256,-33.082,-25.391,-18.311,-16.236,-17.579,-19.41,-15.137,-4.0284,8.9114,13.306,12.696,13.062,11.231,14.771,17.335,12.452,10.132,13.55,20.631,15.625,17.335,15.748,16.114,13.062,12.818,4.2726,4.2726,6.7141,20.02,34.059,38.331,38.087,40.651,49.074,89.724,132.45,130.5,91.311,57.253,61.403,118.17,133.3,136.84,141.36,97.537,45.656,-46.022,-152.35,-334.6,-426.16,-287.48,215.58,192.39,40.407,-509.05,26.734,18.067,6.4699,-3.1739,-7.9348,-11.475,-16.724,-20.631
-22.34,-25.147,-29.176,-33.57,-40.651,-47.243,-53.468,-56.642,-47.121,-36.866,-31.617,-28.199,-23.438,-31.129,-48.463,-49.928,-55.788,-66.897,-69.826,-73.489,-23.804,12.574,-66.652,-104.62,-86.917,-106.45,-122.2,-77.273,-24.415,-7.5686,-18.921,-8.5452,-12.696,-45.656,-63.723,-5.7375,55.91,48.341,35.157,26.734,39.064,23.682,1.3428,54.567,164.43,202.03,202.15,180.3,120,17.945,39.796,-43.58,-43.58,20.142,78.982,46.144,76.052,-604.51,7.4465,2.8077,-6.4699,-18.677,-26.734,-45.778,-51.881,-53.957
-51.881,-44.557,-37.233,-32.228,-29.42,-28.077,-26.368,-19.898,-15.748,-13.306,-10.498,-9.5218,-7.5686,-6.9582,-8.6673,-10.376,-12.452,-14.771,-14.405,-10.498,-2.9298,0.36622,1.2207,3.6622,8.7893,17.701,20.264,23.194,48.097,39.796,27.345,27.711,16.968,7.2024,-1.4649,-11.597,-34.059,-42.97,-19.532,36.378,67.995,137.94,235.6,298.23,299.2,236.46,137.82,29.542,-108.04,-107.43,-161.99,-215.09,-332.65,23.56,88.26,223.64,-614.15,-39.186,-81.545,-78.372,-66.408,-59.816,-58.962,-61.892,-54.933,-48.952
-48.463,-35.89,-31.129,-31.007,-28.199,-26.368,-22.828,-19.166,-19.288,-22.095,-21.485,-21.607,-21.241,-17.579,-14.039,-9.5218,-5.4933,-5.1271,-5.8596,-5.6154,0.24415,2.9298,3.5401,6.2258,-1.3428,0.36622,7.2024,8.0569,8.5452,9.2776,15.503,29.42,35.401,33.692,38.453,51.637,46.51,51.759,39.552,36.134,85.696,83.499,129.52,244.27,376.48,377.33,205.94,50.539,-19.654,-221.81,-246.83,-130.25,-200.2,46.388,197.03,376.84,-521.01,9.3997,-13.916,-17.701,-23.927,-26.856,-30.763,-33.082,-31.251,-31.983
-36.622,-35.768,-34.303,-31.617,-28.077,-23.072,-23.072,-25.758,-28.932,-29.054,-29.298,-29.542,-27.711,-25.391,-35.279,-23.316,-26.49,-23.072,-9.7659,-1.587,2.3194,-5.7375,-9.6438,-5.3713,8.0569,2.5636,6.1037,25.391,50.172,36.5,14.405,6.592,4.0284,29.42,25.025,15.259,62.868,142.46,217.05,190.68,-15.137,-97.171,15.625,235.48,214.36,-8.9114,-97.293,41.627,-73.855,-207.89,-207.53,5.4933,385.75,181.16,-286.39,-199.59,-95.706,-64.821,5.005,11.841,17.212,15.259,10.376,4.3947,-1.709,-5.4933
-5.3713,-7.9348,-7.3244,-11.109,-19.898,-27.223,-28.199,-29.908,-34.913,-32.472,-26.246,-23.438,-23.682,-26.978,-30.274,-32.96,-35.279,-22.95,-34.425,-38.697,-28.443,-11.475,-7.5686,-3.7843,-8.5452,-12.452,-4.5167,1.8311,1.0987,-7.5686,-4.3947,-14.283,-18.311,-1.2207,22.828,35.524,10.743,-3.296,41.139,78.738,84.597,83.499,73.733,143.68,326.91,394.91,269.3,121.83,-19.898,-230.48,-251.47,-129.52,-198.61,-61.281,62.502,141.48,209.85,-344.49,9.1556,5.8596,8.301,9.2776,5.8596,-3.6622,-14.039,-25.147
-38.942,-51.515,-49.562,-55.666,-64.089,-58.962,-49.928,-49.196,-48.463,-47.121,-50.661,-55.666,-55.544,-46.388,-32.96,-22.706,-7.9348,-0.97659,-14.893,-3.296,3.6622,2.0753,-5.9816,6.8361,19.288,-7.0803,-22.584,5.3713,-2.3194,-3.4181,12.452,26.368,26.612,30.641,45.534,50.661,63.723,45.412,29.542,127.32,267.46,315.93,303.35,175.79,95.584,90.091,-107.18,-147.22,-111.82,-62.502,-78.616,125.37,146.24,316.54,-313.85,-19.654,136.23,-72.512,-6.9582,-3.7843,-10.987,-12.085,-10.987,-7.0803,-9.3997,-12.329
-11.719,-10.01,-8.4231,-3.9064,-3.9064,-8.0569,-7.9348,-9.7659,-15.748,-21.607,-25.758,-28.321,-31.251,-29.176,-40.04,-37.355,-39.552,-50.539,-60.671,-52.248,-40.284,-27.589,-18.555,1.709,4.6388,-31.495,-55.3,-58.107,-49.806,-49.074,-30.03,-6.4699,-11.231,34.303,67.263,66.042,63.234,46.144,45.289,46.632,8.4231,-31.617,-56.887,-91.556,-103.89,-31.617,1.2207,-15.503,-56.032,-102.54,-98.392,-104.13,-132.69,-75.686,17.701,76.785,36.256,74.099,-17.335,-13.794,-7.9348,-10.743,-16.236,-13.55,-12.818,-14.161
-19.532,-29.054,-36.622,-42.604,-46.632,-46.022,-46.632,-49.44,-52.248,-51.271,-49.928,-50.295,-45.412,-37.111,-26.002,-18.311,-14.527,-13.916,-13.916,-6.592,-4.3947,-8.5452,-7.0803,1.709,24.537,10.743,-11.231,-17.335,-30.641,-47.731,-62.014,-65.31,-65.31,-69.826,-84.475,-75.564,-67.629,-70.07,-77.395,-84.719,-108.04,-103.89,-97.049,-147.59,-176.89,-72.878,25.758,1.9532,-99.368,-141.73,-142.83,-162.36,-152.96,-190.44,-99.612,53.713,96.194,4.1505,6.7141,4.7609,2.5636,3.5401,3.296,2.0753,4.3947,8.179
5.8596,-1.709,-7.8127,-10.01,-6.8361,-5.4933,-12.94,-19.044,-24.781,-28.199,-26.246,-25.758,-19.654,-10.376,-3.7843,-3.0519,-9.5218,-3.1739,4.2726,0.73244,-3.4181,-8.301,-10.987,-5.4933,-7.3244,-18.677,-20.631,-25.269,-24.049,-20.753,-11.597,-31.739,-50.172,-51.027,-45.9,-41.749,-35.157,-43.458,-67.751,-39.308,-18.311,-41.261,-41.749,-40.04,-44.923,-38.331,-73.366,-138.68,-138.07,-111.45,19.898,7.2024,-145.02,-167.12,-102.91,-280.16,-446.91,-208.38,10.132,15.503,10.743,4.1505,2.5636,-1.8311,-8.179,-3.4181
1.8311,7.9348,14.893,16.724,11.231,-2.8077,-15.87,-22.462,-28.321,-26.978,-24.781,-24.537,-32.594,-41.261,-48.219,-47.853,-41.749,-41.749,-43.214,-44.313,-43.092,-42.238,-38.697,-37.843,-34.181,-29.542,-29.42,-28.809,-31.251,-30.152,-42.97,-39.308,-50.783,-44.191,-20.631,-21.363,-55.177,-50.172,10.01,32.96,7.5686,-32.594,2.1973,27.711,-6.4699,-81.179,-101.57,-93.387,-115.12,-93.753,-7.4465,38.82,-21.485,-122.93,-158.33,-196.3,-244.15,-214.85,5.6154,13.062,18.433,24.415,31.129,47.853,36.012,23.316
23.438,28.932,21.485,18.921,21.363,24.415,25.758,21.607,12.574,4.883,2.8077,-2.3194,-7.3244,-12.329,-10.865,-17.457,-26.49,-38.453,-54.933,-64.455,-61.892,-61.892,-64.943,-71.902,-76.296,-69.948,-56.276,-59.572,-77.761,-87.283,-68.972,-53.957,-63.234,-75.686,-55.91,-12.574,-4.5167,-34.669,-66.53,-88.504,-95.706,-96.194,-89.114,-91.311,-120,-170.42,-173.83,-170.66,-193.73,-214.36,-182.26,-174.2,-262.83,-178.35,24.659,153.57,185.43,213.63,6.1037,6.7141,6.592,3.296,-5.7375,-8.7893,-5.7375,-5.2492
-0.24415,-0.97659,-13.428,-14.283,-23.804,-33.082,-32.594,-34.059,-39.43,-37.599,-33.448,-36.012,-44.191,-56.764,-63.112,-61.647,-54.445,-53.591,-49.806,-47.609,-43.703,-38.209,-50.172,-83.254,-79.592,-69.704,-45.045,-31.495,-27.711,-20.753,-17.701,-15.381,-16.358,-34.303,47.731,170.17,105.96,7.3244,-31.983,-58.718,-59.328,-38.942,-29.908,-44.923,-73,-56.764,19.41,88.137,-143.8,-189.58,-139.16,-88.382,-89.48,-208.62,-250.01,10.62,213.63,164.07,103.76,100.47,96.683,88.382,81.668,73.611,66.53,69.216
71.291,86.55,87.405,86.55,84.964,78.249,76.418,74.587,67.751,67.507,73.366,75.93,77.273,77.639,74.099,86.795,96.805,102.79,109.62,111.7,106.94,102.91,106.69,109.62,125.25,127.57,99.124,80.813,85.574,100.71,96.683,74.343,66.042,60.915,33.448,21.851,23.927,40.651,71.535,81.668,57.497,23.316,25.269,43.703,40.407,33.692,53.102,46.022,36.866,-113.65,-262.95,-231.7,-195.2,-122.32,-197.52,-112.06,0,143.44,47.365,53.957,57.131,54.201,47.609,36.012,31.373,28.199
20.631,27.833,63.356,83.499,70.681,63.112,68.728,73.489,85.33,91.067,92.41,96.561,107.55,123.42,140.02,147.1,140.63,132.21,131.96,132.33,129.28,129.89,121.34,140.87,89.236,63.478,57.497,82.888,85.086,70.681,62.258,84.719,100.71,106.33,130.62,121.1,80.691,85.94,153.08,173.83,201.3,167.49,128.67,100.83,88.382,77.517,25.636,5.005,113.04,225.35,161.38,108.28,50.295,22.828,-20.753,-181.16,-203.74,-103.89,-24.537,-30.763,-31.373,-26.978,-13.55,-2.3194,9.7659,0.36622
-4.6388,14.649,48.708,73.855,68.239,49.928,53.224,58.596,47.121,49.562,51.271,60.915,75.564,84.109,88.504,95.95,92.532,95.34,91.678,91.189,101.57,101.81,91.189,94.729,108.4,109.5,125.61,131.72,120.24,122.44,111.7,122.93,139.53,163.7,150.76,150.88,178.84,181.04,169.93,167,165.17,138.55,119.51,124.03,132.45,158.45,167.36,152.47,105.47,-2.6856,41.505,-15.625,-26.978,16.236,-164.8,-482.8,-489.39,-91.922,-9.888,-3.5401,-9.2776,-18.311,-23.56,-22.462,-13.672,-7.8127
-13.062,-15.503,-15.503,0.61037,17.701,28.687,43.703,51.759,57.375,49.684,65.798,88.26,87.893,75.442,76.907,81.179,88.26,83.254,81.545,97.659,117.44,127.69,120.73,109.5,111.94,116.58,131.47,143.8,138.19,134.53,127.81,118.41,122.68,116.46,93.02,98.514,66.408,36.988,39.308,53.835,64.699,51.637,26.978,-2.5636,-33.204,-46.876,-27.467,-17.701,-24.049,0,3.1739,-33.448,-77.761,-126.59,-200.93,-277.35,-274.3,-319.59,-46.388,-42.36,-59.572,-55.177,-44.801,-37.111,-34.669,-33.326
-26.49,-18.799,-9.5218,2.9298,14.527,23.927,37.599,42.36,51.759,68.85,75.32,80.813,82.766,83.743,72.756,75.808,81.668,84.231,83.621,94.607,104.86,99.002,95.34,71.291,91.8,76.907,19.532,-5.6154,6.7141,-1.4649,23.927,28.199,25.391,99.49,164.68,180.67,238.9,299.45,230.48,226.33,180.79,182.87,163.7,146.61,147.83,205.45,180.3,145.39,96.316,47.365,99.368,40.407,30.519,31.251,-94.241,-184.7,-326.43,-207.53,40.284,30.885,34.791,40.651,39.918,39.186,37.111,36.012
40.651,45.656,47.121,52.004,53.224,62.99,65.432,53.346,60.427,84.841,100.47,113.65,121.22,133.67,131.23,139.16,147.47,152.47,164.19,155.03,155.89,149.91,125,142.46,174.08,173.83,169.19,133.92,96.316,99.734,77.151,83.01,81.545,100.22,125.49,161.02,138.55,102.18,137.94,170.42,176.4,195.2,189.09,213.75,212.65,155.52,139.9,93.142,29.908,-23.194,-68.239,-132.33,-66.53,40.162,6.9582,-157.48,-412.98,-490.86,96.561,96.194,91.433,92.41,107.79,124.03,136.36,137.21
136.72,138.43,143.8,140.02,148.08,156.74,162.24,159.79,158.57,147.34,135.38,127.08,116.82,108.16,110.97,108.28,119.14,127.08,114.99,104.13,78.372,66.408,70.315,66.408,72.024,64.699,53.224,46.388,27.711,12.574,35.646,72.756,88.382,100.83,97.171,81.912,72.756,74.587,88.26,67.507,47.487,92.288,83.865,88.748,125.13,106.08,31.739,-75.564,-104.98,-157.35,-204.96,-175.66,-206.06,-136.84,-81.912,-360.85,-447.89,-329.48,-66.164,43.703,214.73,135.99,62.746,190.56,242.56,124.39
-11.963,6.8361,92.532,-0.85452,-170.29,-176.52,-80.691,67.019,80.081,16.236,-12.818,-9.7659,8.179,17.701,9.6438,-27.833,-73.244,-87.527,-96.683,-120.49,19.532,19.41,2.1973,1.0987,2.8077,6.2258,16.968,9.7659,0.61037,10.01,11.841,2.5636,-15.748,-41.993,-41.871,-39.064,-64.333,-5.9816,45.167,31.129,15.625,15.381,-9.2776,-42.36,-41.383,-22.828,-16.846,-5.005,8.0569,23.804,-28.932,64.577,-141,6.7141,7.6907,7.0803,-3.1739,-10.01,-1.9532,7.6907,5.1271,-0.85452,-1.8311,-1.2207,-1.709,3.7843
4.5167,5.4933,7.5686,9.6438,6.4699,0.24415,-4.7609,-8.9114,1.3428,1.3428,1.2207,9.2776,16.48,10.132,-7.2024,-3.1739,0.61037,1.3428,5.7375,-1.2207,-5.4933,1.8311,3.5401,-0.73244,2.0753,0.24415,-6.1037,-7.3244,5.6154,33.815,42.604,30.03,18.311,14.161,11.841,1.0987,-12.085,-23.072,-31.983,0.12207,65.92,103.27,88.137,29.42,23.194,-166.63,-645.89,224.01,586.08,664.94,349.38,85.33,-184.7,-10.01,-6.1037,-2.3194,-8.0569,-26.246,-38.697,-30.396,-20.264,-9.0335,-17.212,-25.513,-29.298,-21.973
7.5686,41.871,57.253,64.211,46.51,23.682,23.194,24.781,19.41,15.381,13.916,15.381,27.345,40.284,34.913,28.565,31.617,41.261,59.328,73.366,65.432,47.243,20.02,15.137,16.724,21.607,27.345,37.233,33.692,21.607,10.987,11.963,16.846,11.719,16.602,31.617,11.719,-11.475,-28.932,-42.97,-38.82,-26.978,-14.649,-2.5636,-11.841,7.3244,55.3,128.42,166.88,330.33,285.9,-104.5,-470.6,-4.883,-7.6907,-10.01,-14.893,-21.607,-23.56,-19.288,-15.625,-16.114,-12.94,-17.09,-2.4415,0.61037
3.0519,7.8127,-5.7375,-15.137,-14.527,-6.2258,-11.841,-10.865,-5.8596,5.2492,16.114,8.4231,-2.8077,-11.353,-145.63,-154.42,-72.268,-13.55,31.251,56.52,11.719,20.875,25.269,6.9582,-26.734,-70.803,-116.46,-91.067,-65.676,-33.204,0.12207,10.987,0.97659,0.4883,9.7659,17.457,20.02,18.555,3.5401,-9.5218,-14.283,-13.55,-29.298,-50.905,-45.778,10.743,64.821,163.58,227.67,81.79,-341.93,-326.67,177.86,-0.4883,-0.4883,0.24415,0,-0.97659,-0.36622,0.73244,1.587,2.9298,0.12207,1.0987,2.6856,4.0284
7.9348,9.6438,10.498,10.743,10.376,13.062,19.654,24.171,27.467,25.025,21.363,19.654,16.846,13.428,9.5218,8.0569,5.005,6.7141,9.6438,9.888,10.01,7.2024,8.4231,5.9816,6.2258,10.01,5.8596,0.36622,-2.0753,-6.3478,-5.9816,-7.0803,-5.4933,5.6154,-5.005,-17.701,-16.236,-0.73244,-3.4181,-12.696,-15.015,-30.641,-26.246,-24.293,-21.241,-9.3997,-15.625,-42.36,-71.291,-72.756,-46.266,-40.895,74.099,9.7659,4.0284,8.7893,7.8127,4.2726,5.9816,16.358,8.4231,13.55,8.179,6.592,0.73244,-3.6622
-1.3428,-1.587,-1.9532,0,2.3194,0.85452,0.73244,1.587,1.0987,4.6388,2.8077,-3.6622,-4.883,-9.888,-16.968,-18.799,-14.527,-11.109,-8.0569,-10.865,-10.865,-15.87,-33.815,6.2258,-13.916,-8.7893,-12.574,-17.823,-8.301,-2.3194,-3.9064,8.301,21.729,26.246,35.646,30.03,6.4699,-7.8127,-6.8361,9.0335,-2.1973,-14.161,-23.927,-31.495,-46.632,-44.557,-27.1,-61.281,35.035,70.315,-122.2,83.621,122.2,-11.231,-17.823,-21.485,-22.34,-23.316,-15.992,-6.9582,0.85452,7.9348,15.992,12.696,22.34,22.706
19.532,17.212,28.443,28.443,17.945,11.597,6.7141,7.6907,5.3713,8.5452,8.179,1.3428,1.2207,7.6907,7.3244,-2.6856,-2.1973,5.4933,1.8311,-0.12207,7.6907,3.5401,-0.85452,7.9348,15.87,22.217,19.654,21.851,17.09,15.381,15.503,18.555,21.729,21.851,21.607,15.992,17.212,8.301,12.696,20.631,22.095,19.044,8.5452,-22.706,-34.181,-28.443,-13.062,-18.311,-3.5401,12.207,-6.4699,-56.398,26.002,-7.2024,-8.6673,-11.353,-13.306,-16.968,-11.719,-12.574,-13.794,-12.696,-9.888,-10.987,-6.3478,-9.2776
-7.2024,-6.2258,-6.4699,-9.7659,-10.254,-12.818,-11.109,-13.062,-16.968,-16.846,-17.09,-18.555,-20.386,-21.363,-23.927,-28.321,-41.017,23.927,-2.3194,-24.903,-0.97659,-9.6438,-32.838,-44.069,-61.769,-48.952,-0.24415,-1.9532,-40.651,-30.274,0.73244,-114.26,-108.77,-97.049,-31.495,7.0803,-26.002,-32.96,-20.875,-3.4181,-22.095,-59.206,-85.818,-80.325,-25.391,26.856,26.124,28.443,-48.585,-196.42,-427.38,-433.36,-838.65,2.6856,3.0519,0.85452,5.3713,10.01,9.3997,10.865,15.625,16.846,14.283,14.771,14.771,13.672
11.353,12.818,4.0284,1.0987,1.2207,0.97659,-3.296,-6.9582,-12.085,-9.6438,-15.87,-21.973,-26.246,-27.467,-31.007,-34.181,-36.256,-31.861,-33.937,-32.838,-34.059,-31.861,-28.321,-25.758,-28.199,-37.111,-23.56,-18.433,-24.415,-32.716,-46.876,-54.079,-42.726,-47.609,-48.708,-38.209,-33.937,-30.519,-32.472,-28.443,-16.48,37.233,12.085,-80.935,-35.524,-57.253,-53.835,-46.754,-100.71,-180.91,-298.35,-463.88,1476,-61.037,67.873,85.94,-114.99,-231.57,6.9582,134.16,173.96,-3.0519,-81.912,-70.437,-116.09,-142.7
-33.326,58.473,62.868,73.122,108.52,143.93,202.52,279.43,316.66,434.1,566.06,554.95,499.65,393.69,265.63,175.05,15.015,-358.04,-683.74,-559.95,-329.36,46.51,245.74,62.502,-32.96,-12.818,2.0753,-22.584,-100.47,-66.042,17.09,-55.177,-208.87,-236.46,-147.1,-22.95,80.813,56.52,-133.06,-208.62,-146.98,-70.925,-73.611,-146.12,-130.62,-117.68,-60.305,17.823,71.291,109.62,146.37,209.11,409.92,24.293,26.124,27.1,27.345,25.758,26.978,26.612,33.57,26.612,17.457,17.579,18.067,20.875
23.682,26.978,30.641,38.575,53.102,58.107,51.881,44.069,36.744,31.007,28.077,32.472,40.651,50.172,52.98,51.759,52.492,82.034,99.979,89.358,76.296,82.156,85.696,99.002,107.06,103.15,99.124,103.89,111.58,115.12,111.33,105.47,115.24,133.92,147.34,148.69,123.29,101.57,97.537,129.4,177.74,212.16,231.09,224.25,182.38,156.01,178.47,268.68,353.28,362.19,368.42,315.07,90.213,12.329,12.696,14.771,18.921,23.927,28.199,23.438,24.903,27.955,30.274,37.111,42.97,40.284
32.105,32.716,39.918,43.947,43.58,48.219,48.219,50.661,44.313,40.773,34.791,38.697,45.045,44.801,47.243,57.375,60.671,41.383,42.238,45.778,42.97,53.591,61.647,64.943,68.972,71.78,79.226,88.382,96.316,106.33,121.34,125.86,124.27,122.56,113.53,113.53,112.92,119.02,131.6,134.65,140.63,143.68,137.58,144.78,180.3,287.61,418.35,462.17,389.42,224.01,181.4,171.27,-348.03,4.2726,5.1271,6.4699,11.231,15.137,19.044,23.194,27.955,30.396,33.692,36.5,36.622,38.453
38.209,37.233,37.721,41.749,43.458,44.191,45.167,48.708,54.079,57.741,58.473,56.276,55.666,51.149,47.243,57.985,67.873,71.413,70.681,66.774,68.728,74.953,77.517,76.785,76.174,82.4,98.758,109.26,107.55,108.4,115.85,123.05,120.61,117.19,89.358,86.428,104.74,130.62,153.45,153.2,167.49,151.74,110.11,86.55,80.935,140.75,295.79,471.45,485.73,342.3,201.06,121.71,-885.65,11.475,15.748,13.794,11.231,14.649,15.015,16.236,19.41,17.212,16.114,20.264,20.753,19.166
19.044,19.166,20.875,21.363,21.607,22.95,25.269,27.223,29.664,31.739,34.547,39.552,42.116,43.214,44.313,41.627,43.703,46.022,46.388,47.609,57.497,70.315,77.639,80.691,83.865,85.818,91.067,93.387,89.358,92.532,103.76,115.36,122.68,124.39,115.12,115.73,144.41,184.09,167.49,141.36,120.12,121.34,137.7,136.11,128.67,148.32,193.98,247.08,281.26,280.77,243.42,208.75,-817.04,13.184,14.161,18.311,23.316,21.729,26.246,16.114,6.2258,-8.4231,-9.0335,5.005,12.696,16.724
22.095,21.485,19.898,22.95,23.56,21.241,18.433,15.259,18.677,21.729,24.049,25.147,25.269,35.768,52.98,54.079,52.858,55.788,53.713,58.962,70.193,77.639,74.587,80.081,88.015,93.753,96.194,98.88,98.148,93.753,97.781,101.08,109.87,127.08,131.35,111.94,101.08,105.96,125.74,153.69,149.17,141.24,147.22,198.37,271.49,295.42,306.65,312.27,274.67,204.23,184.09,134.4,538.22,29.42,36.256,44.801,49.318,52.248,53.591,47.243,45.534,43.825,35.646,30.396,26.978,27.467
32.35,37.111,36.622,34.913,32.594,35.035,36.988,36.134,35.035,35.157,38.575,41.383,41.627,46.266,48.83,56.764,67.995,72.268,73.122,69.338,69.338,70.681,73.244,86.795,98.148,103.03,99.49,99.857,104.37,102.66,108.04,120.85,115.73,108.65,119.39,125.86,147.71,167,183.23,177.01,146,150.03,177.01,213.26,255.87,291.39,283.58,266.85,253.55,173.35,105.23,209.97,757.47,19.288,31.983,28.932,22.95,22.95,33.937,24.171,24.537,34.669,41.017,36.134,38.331,26.978
15.503,1.0987,0.12207,11.841,21.241,29.786,44.557,54.689,52.126,48.952,45.167,38.942,39.918,37.477,38.331,42.726,54.079,63.112,65.31,64.821,63.845,64.211,68.484,81.912,96.927,108.28,122.44,106.08,93.509,88.504,100.96,128.3,155.77,154.55,152.84,146.24,133.92,131.35,132.82,136.48,130.38,134.4,174.32,199.59,226.45,264.17,297.01,299.2,286.51,250.01,270.64,281.62,-801.29,7.2024,2.1973,4.1505,11.353,16.114,20.753,24.781,20.875,20.142,22.462,18.799,14.039,14.649
10.254,10.743,18.189,22.462,23.316,28.443,32.716,37.721,40.773,38.209,43.947,52.126,48.585,52.736,55.666,56.887,58.962,62.136,76.54,89.846,96.805,97.903,96.072,100.1,100.83,109.38,119.75,119.02,114.38,120.24,130.25,120.73,114.14,115.36,115.6,113.41,120.37,125.86,126.35,134.16,145.15,156.74,165.17,193.85,225.96,290.41,301.16,258.06,159.79,66.652,119.51,96.561,929.11,25.391,23.316,25.391,29.542,31.861,26.856,23.804,26.612,25.758,26.612,24.049,22.217,21.851
27.955,30.763,33.57,34.669,34.913,34.547,39.918,48.708,48.83,45.656,46.754,51.515,59.084,61.647,68.972,71.902,73.122,75.442,70.07,70.681,79.47,87.649,88.26,94.607,111.58,122.81,130.99,138.55,152.23,149.78,139.41,144.9,159.92,148.2,130.74,127.69,133.06,133.3,132.82,172.49,201.06,219.86,196.91,197.52,211.92,176.4,154.3,150.52,160.16,152.96,135.99,133.67,529.07,5.9816,2.0753,-3.1739,-7.9348,-12.696,-18.433,-20.753,-21.851,-21.119,-20.264,-22.217,-22.828,-20.631
-19.288,-19.166,-17.701,-13.184,-5.2492,0.73244,1.9532,2.1973,6.592,12.085,16.358,13.916,9.888,4.3947,-1.4649,-7.0803,-16.358,-24.659,-27.711,-27.833,-27.955,-36.866,-38.331,-36.622,-35.524,-30.03,-23.194,-22.34,-34.547,-22.828,-58.718,-75.808,-87.161,-75.93,-64.211,-21.851,-82.888,-169.19,-168.34,-179.33,-184.7,-207.53,-246.83,-281.62,-310.92,-348.77,-381.48,-369.03,-370.74,-314.46,-297.37,-91.433,15.259,4.1505,4.3947,3.4181,1.2207,2.4415,4.6388,2.5636,-1.8311,-3.4181,-8.6673,-15.137,-19.044,-19.044
-19.044,-18.189,-25.025,-29.42,-24.659,-24.781,-21.973,-16.358,-14.405,-10.865,-7.4465,-5.6154,-6.3478,-2.9298,7.6907,14.527,19.166,29.42,27.1,12.818,4.0284,-12.207,-32.35,-35.035,-28.687,-19.654,-10.254,-8.4231,-8.4231,-15.381,-31.007,-33.815,-30.885,-21.485,-25.269,-51.271,-50.417,-38.942,-29.42,-31.617,-50.172,-86.673,-142.7,-150.88,-213.51,-266,-273.93,-274.18,-313.85,-310.07,-296.27,-368.18,-326.91,5.9816,-0.12207,-5.3713,0.85452,-7.0803,-8.301,-8.9114,-11.231,-11.353,-13.184,-15.015,-15.137,-12.696
-10.498,-7.8127,-5.9816,-4.7609,-3.7843,-3.0519,-5.3713,-7.8127,-9.5218,-15.87,-19.044,-23.194,-32.716,-34.425,-40.162,-43.214,-45.534,-46.876,-47.853,-45.167,-45.656,-48.219,-47.121,-42.604,-36.622,-36.256,-33.448,-27.955,-24.903,-23.316,-24.659,-25.88,-31.739,-38.82,-28.932,5.7375,6.2258,-6.9582,-20.875,-25.513,-34.791,-44.679,-67.629,-109.26,-149.78,-156.38,-171.15,-212.41,-301.03,-321.3,-182.62,-37.233,233.41,-15.625,-16.48,-17.457,-20.508,-24.293,-27.467,-28.443,-29.786,-29.908,-28.932,-26.734,-19.41,-11.109
-10.132,-9.2776,0.85452,2.8077,7.0803,5.4933,4.1505,5.8596,5.005,1.587,-0.4883,0.24415,-1.0987,-0.36622,-5.8596,-10.743,-18.433,-27.955,-27.955,-22.828,-15.503,-9.0335,-7.9348,-16.48,-29.542,-24.781,-33.204,-44.069,-55.3,-52.98,-43.458,-33.204,-37.965,-35.89,-24.537,-18.799,-22.217,-23.316,-30.641,-39.43,-44.191,-58.718,-83.499,-103.03,-122.81,-130.38,-169.8,-229.99,-255.13,-252.57,-269.54,-559.22,-635.88,-1.0987,3.7843,2.3194,4.3947,10.62,16.846,18.555,13.306,5.4933,-3.1739,-12.452,-20.508,-23.194
-23.804,-25.025,-21.485,-25.025,-35.524,-37.843,-50.172,-57.741,-59.206,-55.544,-48.585,-40.284,-37.843,-38.453,-35.646,-35.524,-31.373,-18.799,-7.8127,-2.9298,1.0987,8.5452,16.968,24.171,33.204,50.905,57.497,36.256,28.199,21.973,15.381,8.9114,0.61037,-8.4231,-26.124,-49.44,-87.771,-109.38,-91.433,-102.18,-144.54,-177.13,-252.45,-300.79,-322.52,-325.45,-339.85,-297.01,-239.39,-285.16,-341.81,7.4465,50.172,-3.0519,-5.4933,-3.1739,0.12207,3.296,8.0569,10.132,9.888,16.724,20.875,19.288,16.358,13.55
11.475,12.574,11.109,7.9348,3.7843,-2.9298,-8.7893,-16.48,-21.119,-27.467,-28.687,-26.368,-24.903,-32.228,-45.656,-46.144,-52.248,-49.44,-40.04,-32.96,-32.228,-22.462,-17.457,-6.3478,12.818,5.3713,-11.109,-7.5686,2.3194,7.5686,2.3194,-0.97659,-6.2258,-2.0753,-8.7893,-3.9064,-14.283,-39.552,-48.952,-87.527,-119.14,-146.98,-196.91,-219.73,-236.82,-249.52,-258.67,-248.54,-238.29,-237.8,-343.76,-481.7,-169.93,-18.067,-17.212,-13.306,-11.475,-7.9348,-2.8077,1.9532,7.9348,10.254,10.498,8.6673,7.6907,6.7141
10.376,10.254,11.109,24.537,21.363,20.386,18.677,14.527,5.7375,-0.4883,-7.5686,-9.888,-5.2492,-0.12207,6.7141,4.883,0.4883,3.296,11.597,21.363,22.095,23.927,19.288,18.677,24.537,40.895,54.689,56.764,55.91,48.219,39.186,26.49,5.1271,-2.5636,-16.236,-44.801,-68.484,-88.992,-118.78,-122.93,-132.21,-173.59,-212.65,-241.34,-281.01,-311.78,-309.09,-285.9,-339.85,-604.39,-219.73,-162.97,247.93,1.9532,7.2024,3.4181,0.61037,-5.005,-8.6673,-9.3997,-9.888,-11.231,-12.818,-14.161,-16.48,-19.532
-24.659,-27.833,-30.03,-29.054,-25.391,-17.701,-8.7893,-0.97659,-4.7609,-10.254,-3.7843,-4.1505,-1.3428,4.6388,9.1556,11.719,16.846,30.396,41.261,43.336,56.887,79.714,65.432,45.656,37.599,36.622,32.96,25.758,18.311,13.794,6.8361,-2.1973,-8.301,-15.87,-27.467,-45.9,-69.826,-85.452,-87.649,-103.4,-131.84,-150.76,-185.06,-211.07,-240.24,-298.1,-358.04,-356.33,-351.82,-427.38,-563.62,-195.68,-123.17,20.264,22.217,23.682,25.269,22.095,19.898,18.799,18.677,16.846,14.893,13.794,15.137,18.189
18.189,14.771,10.987,13.062,12.207,5.9816,4.7609,-0.85452,-4.0284,-1.9532,-5.3713,-8.4231,-9.888,-11.841,-6.8361,1.587,10.498,24.537,33.448,44.801,53.468,45.412,42.482,43.703,53.468,57.497,41.017,11.353,0.85452,-8.9114,-17.579,-22.462,-32.472,-46.266,-60.06,-74.221,-111.94,-149.66,-125.49,-116.82,-159.43,-178.35,-206.06,-250.25,-296.52,-342.91,-352.55,-334.97,-361.34,-411.15,-617.08,-188.6,-186.53,4.3947,14.893,20.997,27.589,31.373,31.617,29.664,23.927,20.02,18.555,16.48,14.161,12.329
8.7893,-1.709,-10.376,-7.8127,-20.142,-26.002,-27.467,-24.171,-18.921,-12.329,-4.7609,2.0753,0.12207,-2.9298,-3.6622,-4.883,-5.1271,3.0519,12.452,14.527,23.56,35.646,54.323,63.478,62.99,52.126,35.89,26.734,14.405,8.0569,-2.6856,-23.804,-56.276,-76.662,-84.475,-105.47,-114.02,-119.14,-141.48,-187.75,-213.14,-217.54,-239.51,-288.83,-334.24,-358.29,-390.64,-400.04,-396.13,-416.88,-414.2,-149.54,-4.2726,146.37,5.6154,4.0284,4.883,6.1037,9.1556,12.207,16.48,20.631,22.828,22.828,18.799,18.433
21.729,15.992,7.4465,10.376,3.6622,0.61037,-0.97659,-3.6622,-7.8127,-14.161,-20.508,-22.584,-25.636,-29.664,-31.373,-29.054,-28.443,-26.734,-25.636,-24.903,-24.049,-22.706,-13.916,-12.452,-8.301,-0.4883,-1.3428,3.1739,14.527,32.35,24.415,7.6907,-8.5452,-23.194,-21.363,-17.823,-18.799,-16.846,-28.199,-57.863,-75.076,-69.46,-84.475,-91.556,-118.29,-158.94,-179.69,-215.58,-257.33,-273.08,-310.07,-344.86,-562.27,-569.35,-193.37,-65.31,37.477,-3.7843,-10.01,-2.0753,20.631,133.06,155.16,74.099,7.3244,-7.9348
