0.06592,0.069582,0.0412,0.032044,0.026551,0.047609,0.03296,0.0064089,0.025636,0.043031,0.042116,0.051271,0.0412,0.051271,0.10987,0.13367,0.16846,0.1355,0.11444,0.15473,0.089724,0.10987,0.086062,0.084231,-0.027467,-0.15839,0.01648,0.13276,-0.030213,-0.30396,-0.10712,0.39827,0.78188,1.1344,1.6755,1.8769,1.6489,1.1618,0.59786,0.18494,0.069582,0.24079,0.11353,-0.023804,0.086978,0.24171,0.37355,0.43031,0.51729,0.48982,0.26917,0.053102,-0.051271,0.086978,0.19501,-0.41383,-0.74343,-0.40284,-0.66286,-0.39918,0,0.18677,-0.010071,-0.14191,-0.12543,0.051271
0.14283,0.20692,0.043947,0.055849,0.034791,-0.075991,-0.00824,0.15839,0.22065,0.15473,0.12085,0.13825,0.12452,0.12726,0.13825,0.15198,0.097049,0.0091556,0.047609,0.079653,0.14191,0.15748,0.14466,0.22889,0.22614,0.20051,0.13459,-0.037538,-0.16114,-0.23804,-0.44404,-0.21699,-0.1236,-0.067751,-0.16755,-0.17029,-0.067751,-0.15748,-0.0824,-0.01648,0.01648,-0.062258,0.12909,0.20325,0.2646,0.27284,0.31861,0.36805,0.34883,0.1822,0.013733,0.081484,0.10071,0.25636,0.30396,0.094302,0.056764,0.071413,-0.20417,-0.32044,-0.47426,-0.44588,-0.29115,-0.1062,-0.062258,-0.047609
0.0054933,0.066836,0.075076,0.031129,-0.0036622,0.0036622,0.037538,0.040284,0.027467,-0.011902,-0.053102,0.000916,0.021973,0.054018,0.034791,0.017396,0.039369,0.072329,0.01648,0.017396,-0.10437,-0.076907,0.04944,0.17121,0.15931,0.17945,0.21973,0.029298,-0.040284,-0.091556,-0.15748,-0.14374,0.0027467,0.43764,1.1454,1.6755,1.4356,0.76632,0.09064,-0.14557,-0.097964,0.093387,0.36805,0.48067,0.40376,0.14649,0.14191,0.45412,0.27375,0.10529,0.18494,-0.000916,-0.34791,-0.3946,-0.56581,-0.50081,-0.35981,-0.23164,-0.26185,-0.42116,-0.42756,-0.35157,-0.31312,-0.23988,-0.25086,-0.10254
-0.077822,-0.04944,-0.010071,0.019227,0.035707,0.058596,0.072329,0.088809,0.11353,0.1117,0.039369,0.038453,0.086062,0.1062,0.21058,0.19593,0.19044,0.086978,0.068667,0.086062,0.13825,0.1941,0.1062,0.18494,0.20783,0.1767,0.23438,0.32502,0.31678,0.14374,-0.030213,-0.10254,-0.28291,-0.37904,-0.15931,-0.01648,0.11444,0.54659,0.77456,0.69674,-0.45961,-0.69674,-0.52553,-0.040284,0.4358,0.40468,0.23988,0.11536,-0.2353,-0.55483,-0.8121,-0.84872,-0.96316,-0.95309,-1.1234,-1.1142,-0.91372,-0.70864,-0.57497,-0.58412,-0.5942,-0.62349,-0.5649,-0.38728,-0.16938,0.033876
0.030213,-0.01648,-0.051271,-0.10163,-0.14374,-0.12268,-0.046693,0.060427,0.083316,0.065004,0.000916,-0.044862,-0.054018,0.069582,0.19501,0.20051,0.2765,0.19776,0.24903,0.31678,0.31678,0.20417,0.28932,0.21241,0.14924,-0.01648,-0.47517,-0.36164,-0.064089,-0.18677,-0.26917,-0.1767,0.025636,-0.16755,0.21699,0.37446,0.22614,0.16114,-0.19318,-0.094302,0.052187,0.15564,0.1529,0.17029,0.22248,0.12452,0.13367,0.16297,0.16388,0.29023,0.12177,0.14832,0.093387,-0.15107,-0.32319,-0.50356,-0.66744,-0.73061,-0.7416,-0.46144,-0.31404,-0.22523,-0.17853,-0.15015,-0.083316,-0.046693
-0.068667,-0.089724,-0.050356,-0.0018311,-0.0027467,0.018311,-0.021973,0,0.028382,0.039369,0.0027467,-0.013733,0.032044,0.092471,0.060427,0.054018,0.038453,-0.017396,0.017396,0.071413,0.087893,0.0045778,-0.09888,-0.043947,0.1474,0.3003,0.11353,-0.030213,0.1236,0.43855,1.2186,2.5517,3.2429,3.3006,1.7615,-0.52461,0.1236,-0.1062,0.15839,0.45137,0.55025,0.3534,0.027467,-0.27558,-0.35249,-0.32319,-0.32502,-0.22797,-0.1529,0.1474,-0.67476,-0.96866,-1.117,-1.1124,-1.2067,-0.83499,-0.19501,-0.22248,-0.24262,-0.10712,-0.099796,-0.021973,0.054933,0.10071,0.19684,0.047609
0.069582,0.028382,0.018311,-0.0091556,-0.000916,-0.056764,0.056764,-0.032044,0.068667,0.11628,0.095218,0.14466,0.24171,0.2472,0.2179,0.19959,0.27558,0.30854,0.35615,0.31861,0.27741,0.32685,0.19318,0.22065,-0.011902,0.065004,0.0064089,-0.24628,-0.15015,0.19684,0.37263,0.83132,1.3862,1.16,0.10254,-0.50722,-0.74984,-0.83407,0.2298,0.66836,0.824,0.42299,-0.206,-0.44038,-0.40559,-0.25819,-0.18677,-0.18403,-0.48341,-1.008,-1.6919,-1.7652,-1.5867,-1.2836,-0.91281,-0.52736,-0.27284,-0.25819,-0.38179,-0.44954,-0.40376,-0.35615,-0.23072,-0.096133,-0.059511,0.033876
0.038453,0.056764,0.058596,0.056764,0.046693,0.063173,-0.021973,-0.141,-0.21058,-0.13733,0.010071,0.15748,0.24628,0.24812,0.058596,-0.084231,0.018311,0.2884,0.34242,0.21607,0.12818,0.12909,0.1062,0.066836,0.12726,0.38362,0.49898,0.10987,0.087893,-0.045778,-0.37629,0.000916,0.69582,0.92929,1.1875,0.72512,0.25086,-0.43123,-0.48891,-0.1767,-0.043031,0.031129,0.061342,-0.012818,-0.046693,-0.013733,0.046693,0.10712,-0.16205,-0.28016,-0.51088,-0.67385,-0.92929,-1.139,-1.0739,-1.1783,-0.85238,-0.65828,-0.41932,-0.34791,-0.27009,-0.21607,-0.2765,-0.1474,-0.09064,-0.01648
-0.0091556,-0.0091556,-0.014649,-0.02472,0.02472,0.0064089,0.0045778,-0.0018311,-0.017396,-0.012818,0.044862,0.11994,0.18403,0.22156,0.28291,0.27009,0.13092,0.045778,0.23713,0.206,0.16663,0.1117,0.55116,-0.017396,-0.17762,-0.18311,0.12085,0.4413,0.16388,-0.27375,-0.16846,-0.075991,-0.097049,0.034791,0.50813,0.74709,0.053102,-0.57039,-0.51454,-0.23896,-0.13367,0.19868,0.30122,0.29481,0.22797,0.27741,0.27924,0.09064,0.020142,-0.13459,0.072329,-0.13001,-0.22156,-0.42573,-0.70864,-0.6885,-0.69765,-0.5118,-0.13733,0.060427,0.11719,0.084231,-0.054018,-0.081484,-0.1117,0.10804
0.1062,0.13459,0.099796,0.048524,-0.040284,-0.06592,-0.083316,-0.000916,0.022889,0.036622,0.1474,0.28657,0.21882,0.10987,-0.043947,-0.000916,0.075991,0.10529,0.023804,0.027467,-0.039369,-0.025636,0.011902,-0.018311,0.086978,-0.35249,-0.58962,-0.42756,-0.21241,0.035707,0.12909,-0.206,-0.19868,-0.086978,0.099796,0.37263,0.44771,0.39369,0.32228,0.2179,0.11261,0.097049,0.086062,0.05768,0.11902,0.15839,0.21149,0.16297,0.10987,-0.071413,-0.12726,-0.18769,-0.20508,-0.21241,-0.33418,-0.36531,-0.35981,-0.53468,-0.58412,-0.63265,-0.44496,-0.31037,-0.27741,-0.4358,-0.52004,-0.03296
-0.034791,-0.039369,-0.080569,-0.078738,-0.05768,-0.10712,-0.075991,-0.089724,-0.097964,-0.1236,-0.097049,-0.051271,-0.012818,-0.089724,-0.021973,-0.12268,-0.069582,-0.12909,-0.0027467,-0.052187,-0.014649,0.013733,0.14649,0.11811,0.13825,-0.069582,0.010987,-0.81668,-1.4566,-1.6251,-0.94668,-0.65554,0.34242,-0.36256,-0.86703,-0.11719,0.0054933,0.094302,-0.26551,-0.22523,-0.12543,-0.141,0.064089,-0.048524,-0.15107,-0.2298,-0.24079,-0.39277,-0.42573,-0.3882,-0.33235,-0.2591,-0.19135,-0.13184,-0.084231,-0.09888,-0.081484,-0.20783,-0.13825,-0.079653,-0.11444,-0.10712,-0.20051,-0.24628,-0.28199,-0.013733
-0.048524,-0.03296,0.031129,0.04944,-0.027467,-0.010071,-0.052187,-0.056764,0.026551,-0.0054933,-0.029298,-0.053102,-0.02472,-0.010987,0.0064089,0.075076,0.084231,0.055849,0.079653,0.066836,0.071413,0.053102,0.023804,-0.040284,0.028382,0.1474,0.13642,-0.0412,0.1062,-0.46693,-0.69948,-1.6526,0.55116,0.62532,0.62258,1.5262,0.83224,0.41658,0.41108,0.31129,0.59236,0.45686,0.49074,0.52736,0.40651,0.35432,0.36988,0.31953,0.23347,0.28932,0.25178,0.347,0.38636,0.23255,0.13001,0.0824,0.054933,0.079653,0.14924,0.10346,0.086062,0.14557,0.10804,-0.0045778,-0.071413,-0.036622
-0.043031,-0.02472,-0.010071,-0.019227,-0.021058,-0.0412,-0.10254,-0.071413,-0.078738,-0.01648,0.015564,0.01648,0.0018311,-0.000916,-0.04944,0.028382,0.048524,0.031129,0.0045778,0.01648,0.039369,0.079653,0.11902,0.17762,0.30305,0.29756,0.1355,-0.05768,-0.12085,0.28474,0.64272,-0.34333,-1.0163,-2.1158,1.128,-0.40925,1.6059,0.29756,0.087893,0.40651,0.33601,0.066836,-0.01648,-0.097964,0.04944,0.1767,0.32868,0.25636,0.16938,0.080569,0.29847,0.33326,0.37812,0.24903,0.29756,0.33326,0.2472,0.14649,0.1529,0.12085,0.000916,-0.072329,0.034791,0.022889,-0.15748,0.0824
0.033876,-0.011902,0.028382,-0.011902,-0.043947,-0.019227,-0.01648,-0.028382,0.061342,0.044862,0.046693,0.021973,-0.015564,-0.01648,-0.015564,-0.050356,-0.054018,-0.11628,-0.026551,0.01648,0.070498,0.027467,-0.048524,0.0073244,0.31495,0.47884,0.14924,-0.39003,-0.3003,-0.56032,-1.4383,-0.80935,-1.6132,0.24903,0.36439,0.13642,0.20234,0.20692,0.33601,0.35524,0.26643,0.26368,0.30854,0.25544,0.21332,0.22889,0.4001,0.32594,0.37812,0.43489,0.45595,0.40651,0.37263,0.34425,0.51546,0.40193,0.3177,0.1822,0.26734,0.000916,-0.03296,-0.059511,0.037538,-0.064089,-0.010987,-0.066836
-0.032044,-0.034791,-0.030213,-0.064089,-0.05768,-0.021058,-0.033876,-0.028382,-0.029298,0.021058,-0.047609,-0.141,-0.14008,-0.11994,-0.039369,-0.0018311,0.011902,-0.010987,0.033876,0.034791,-0.027467,0.036622,0.077822,0.16572,0.24171,0.078738,0.17396,-0.25819,-0.5768,-0.52828,-0.20966,-0.7654,0.69857,-0.81301,0.042116,0.49806,0.8359,0.45228,0.24628,0.57314,0.38636,0.40834,0.43397,0.618,0.50172,0.41841,0.49715,0.53011,0.45778,0.30122,0.22431,0.28016,0.3003,0.50539,0.56032,0.62532,0.57588,0.553,0.46785,0.4001,0.35615,0.26734,0.23164,0.16755,0.072329,0.088809
0.04944,-0.019227,-0.012818,0.02472,0.051271,0.079653,0.056764,0.043947,0.034791,-0.0036622,-0.085147,-0.18036,-0.19684,-0.17487,-0.13092,-0.17487,-0.1648,-0.075076,-0.065004,-0.00824,0.067751,0.067751,-0.084231,-0.15931,0.092471,0.22065,-0.062258,0.31404,0.70681,0.4825,0.70498,-0.21882,-1.8943,-0.79928,0.64821,0.13276,0.93844,1.0749,0.66103,0.76174,0.7535,0.54018,0.38087,0.66103,0.80752,0.80752,0.84964,0.95218,1.2488,1.2644,1.2342,1.3459,1.3697,1.3285,1.3651,1.2891,1.149,0.98056,1.0007,0.93753,0.81942,0.83407,0.7535,0.78005,0.95218,0.068667
0.058596,0.037538,0.019227,0.033876,0.050356,0.097964,0.13459,0.10712,0.060427,0.011902,-0.022889,0.048524,0.094302,0.13459,0.056764,0.11078,0.075991,0.20508,0.18494,0.12726,0.15748,0.052187,-0.010987,0.0412,0.086062,0.12726,-0.29572,-0.21699,-0.16663,0.8066,0.79104,0.45412,-0.71596,-0.62532,0.046693,0.31037,1.0208,0.31037,0.075076,0.61983,0.29847,0.083316,0.1355,-0.010987,0.025636,0.046693,0.040284,-0.047609,-0.11261,-0.094302,0.055849,0.10895,0.12635,0.087893,0.11811,0.24812,0.23713,0.12818,0.044862,-0.04944,0.043031,0.077822,0.0018311,-0.13825,-0.34883,0.10254
0.09888,0.069582,0.052187,0.058596,0.097964,0.10254,0.088809,0.072329,0.045778,0.026551,-0.034791,-0.011902,-0.045778,-0.09888,0.000916,0.058596,0.091556,0.05768,0.1474,0.053102,0.11353,0.028382,-0.097964,0.0412,0.1117,0.14374,-0.18952,0.10163,-0.47517,-0.38636,-0.12543,0.6418,0.11902,-0.73611,-0.49348,0.5942,0.75076,0.089724,0.14374,0.28291,0.15839,0.10163,0.023804,0.075991,0.19318,0.17121,0.1474,0.1355,0.042116,0.12726,0.31037,0.51729,0.50081,0.47884,0.4294,0.29664,0.11902,0.07416,0.028382,0.060427,-0.044862,0.076907,0.064089,0.037538,-0.050356,0.09064
0.078738,-0.033876,-0.030213,-0.0412,0.0091556,0.061342,0.086978,-0.075991,-0.18403,-0.15931,0.01648,0.10437,0.086062,-0.040284,-0.09888,-0.029298,0.042116,-0.012818,-0.014649,-0.052187,-0.056764,0.021058,0.206,0.010987,-0.10254,0.035707,-0.12268,-0.26917,0.099796,0.18036,0.41292,0.26093,-0.53743,-0.2234,-1.0465,0.71505,0.25727,0.73702,0.11811,-0.075991,0.23438,0.2646,0.13001,-0.017396,-0.0027467,0.0036622,0.084231,0.12543,0.1941,-0.039369,-0.24812,-0.13276,-0.17579,-0.22706,-0.27833,-0.1767,-0.1474,-0.14283,-0.15473,-0.23164,-0.25178,-0.1941,-0.11078,-0.12635,-0.089724,0.0045778
0.01648,-0.0027467,-0.034791,-0.011902,-0.031129,-0.054018,-0.021973,-0.054933,-0.14008,-0.16205,-0.1355,-0.19135,-0.17487,-0.24537,-0.3058,-0.32777,-0.3534,-0.32319,-0.26276,-0.23255,-0.029298,0.010987,-0.031129,-0.14191,-0.0412,0.053102,0.09064,0.16022,-0.26368,-0.82766,-1.0236,-0.2765,0.36805,0.53377,-0.759,-0.69948,0.51729,0.56307,0.1062,0.12818,0.1648,0.16938,0.25178,0.3122,0.30763,0.21241,0.14832,0.12177,0.086978,0.11444,0.11994,0.035707,-0.014649,0.030213,0.13825,0.21516,0.11536,0.037538,0.018311,-0.12909,-0.11353,-0.10254,-0.060427,0.046693,-0.029298,0.000916
0,-0.0091556,-0.12085,-0.036622,-0.045778,-0.14374,-0.076907,-0.10254,-0.13367,-0.076907,-0.058596,-0.11444,-0.09064,-0.11719,-0.20508,-0.27558,-0.17304,-0.017396,0.1236,0.15015,0.023804,0.095218,0.16846,0.12818,-0.015564,0.039369,-0.093387,0.19684,-0.14466,-0.091556,0.045778,0.7297,0.41017,-0.29298,-0.22614,0.23255,0.31678,0.45503,0.31037,0.26276,0.25269,0.43764,0.37355,0.22065,0.22065,0.15748,0.13825,0.16297,0.21424,0.22614,0.44588,0.53102,0.68392,0.84231,0.73611,0.71505,0.65554,0.53926,0.43031,0.3177,0.28748,0.33418,0.36805,0.34516,0.3058,0.047609
0.020142,0.0412,0.19135,0.19227,0.14283,0.19318,0.22248,0.26276,0.24445,0.33509,0.41383,0.53468,0.52187,0.45137,0.71871,0.7178,0.60152,0.46968,0.31587,0.24628,0.037538,-0.20051,-0.43764,-1.0767,-1.2113,-1.2378,-0.86062,-3.1834,-2.2779,-2.8172,-3.8966,-5.4146,-5.4457,-3.9744,-3.1715,-3.285,-2.8373,-1.7579,-0.86245,-0.49074,-0.59328,-0.65737,-0.75442,-0.61159,-0.55849,-0.58962,-0.56856,-0.48067,-0.55849,-0.5063,-0.52828,-0.34883,-0.26551,-0.35707,-0.34791,-0.38362,-0.43397,-0.51271,-0.43947,-0.27558,-0.27467,-0.39003,-0.44313,-0.46144,-0.4001,0.55025
0.60884,0.5182,0.25452,0.2298,0.1236,0.15656,0.28474,0.4532,0.48891,0.40284,0.48158,0.89175,0.85879,0.78829,0.69674,0.70315,0.86703,0.57314,0.58504,0.46968,0.48616,0.4358,0.26002,-0.011902,-0.31037,-0.57314,-0.85788,-0.97232,-1.1618,-1.214,-3.2081,-6.2679,-5.67,-4.4588,-3.6979,-5.529,-3.187,-0.77273,-0.78921,-0.271,0.23804,0.22797,0.20325,0.34516,0.55025,0.56764,0.56948,0.33326,0.2472,0.26734,0.5356,0.45503,0.43214,0.44862,0.24995,0.20417,0.23621,0.051271,-0.16297,-0.22248,-0.20051,-0.2179,-0.31861,-0.39918,-0.50447,0.58962
0.7123,0.73428,0.78097,0.7654,0.75442,0.83773,0.81118,0.66652,0.70589,0.63265,0.63173,0.54476,0.60884,0.53194,0.48341,0.52004,0.58138,0.53743,0.51271,0.58046,0.25727,0.060427,-0.19593,-0.43397,-0.39644,-0.50539,-0.70315,-1.0071,-1.5931,-1.7103,-1.6297,-5.4961,-3.0772,-2.3301,-2.4345,-2.7741,-2.3273,-2.8556,-3.0012,-2.57,-1.8421,-0.79104,-0.28748,-0.42024,-0.206,-0.10254,0.13733,0.23255,0.36531,0.48158,0.47609,0.3882,0.30213,0.34059,0.3003,0.24903,0.21516,0.13916,0.12177,-0.097049,-0.19044,-0.3058,-0.40559,-0.50447,-0.55116,0.50447
0.61892,0.55483,0.50722,0.52736,0.65188,0.66744,0.7178,0.83132,0.76449,0.73977,0.68026,0.40925,0.14557,0.10987,0.39644,0.34242,0.19501,0.047609,-0.21332,-0.56398,-0.79104,-0.67476,-0.91372,-2.0527,-4.2994,-2.5288,-2.5864,-3.2246,-4.6519,-4.4908,-4.8158,-5.7323,-4.7728,-2.949,-1.7689,-0.77914,-0.15381,-0.092471,-0.15564,-0.30488,-0.33876,-0.40193,-0.43397,-0.5649,-0.68758,-0.72329,-0.63723,-0.37263,-0.22797,-0.37263,-0.62624,-0.30488,-0.21241,-0.3177,-0.34516,-0.45595,-0.56215,-0.69857,-0.83132,-0.9183,-1.095,-1.1948,-1.3266,-1.301,-1.29,0.38179
0.36164,0.34608,0.40284,0.29572,0.11444,0.10529,0.1941,0.17945,0.20783,0.30213,0.31404,0.42116,0.39094,0.54842,0.68026,0.69857,0.75076,0.61434,0.61708,0.60518,0.49806,0.56032,0.45869,0.33692,0.18952,-0.12726,-0.46052,-0.88076,-0.79379,-0.55391,-1.7606,-4.2601,-1.6608,-1.2836,-1.7414,-2.6222,-2.8428,-3.6796,-4.51,-5.3093,-3.4562,-3.6155,-3.2859,-1.6489,-0.85971,-0.50081,-0.3177,-0.15656,-0.1822,-0.22065,-0.24995,-0.22706,-0.076907,0.092471,0.14283,0.20051,0.055849,-0.12268,-0.27467,-0.42207,-0.5475,-0.64455,-0.85513,-0.89267,-0.82949,0.33052
0.29298,0.16663,0.11536,0.25452,0.19227,0.15931,0.25361,0.32319,0.31587,0.1648,0.17762,0.29115,0.43123,0.30396,0.27558,0.25269,0.14557,0.17212,-0.092471,0.42116,0.48799,-0.036622,-0.77181,-3.7822,-2.0005,-1.8018,-2.1479,-2.6386,-3.177,-3.0168,-4.2344,-5.0722,-4.358,-3.0296,-4.1731,-2.1296,-0.6473,-0.2353,-0.13733,0.12726,0.41566,0.46602,0.40925,0.41017,0.59969,0.8002,0.95584,1.0181,0.94852,0.86886,0.73336,0.61068,0.48799,0.19868,0.038453,0.031129,0.044862,0.054933,-0.11353,-0.22431,-0.35524,-0.37538,-0.44679,-0.61342,-0.67293,0.23896
0.27467,0.1822,0.053102,0.22156,0.29756,0.20051,0.10712,0.086978,0.22797,0.19776,0.16938,0.24445,0.29389,0.27558,0.36348,0.44404,0.30946,-0.06592,-0.2179,-0.23255,-0.13367,-0.16755,-0.23164,-0.34516,-1.2589,-5.215,-2.3566,-2.1799,-3.0259,-4.044,-4.3297,-5.1994,-4.3361,-3.4791,-4.0065,-3.0287,-0.92471,-0.43947,-0.57955,-0.18677,0.048524,0.23621,0.39277,0.50905,0.75625,0.89358,1.1032,1.2351,1.2809,1.0831,1.1078,0.98788,0.74618,0.54567,0.42848,0.34333,0.31037,0.22065,0.1529,0.16846,0.18952,0.03296,-0.084231,-0.13825,-0.071413,0.10804
0.15748,0.31312,0.35066,0.24079,0.31037,0.39918,0.50996,0.54567,0.52828,0.58046,0.66012,0.60793,0.61525,0.56856,0.58412,0.58687,0.56764,0.34242,0.20234,-0.068667,-0.40468,-0.57405,-0.55391,-0.57863,-0.69674,-0.63631,-0.91922,-1.7954,-4.836,-2.4747,-2.8675,-4.0449,-4.4542,-4.0403,-2.6881,-1.6187,-3.2118,-2.3338,-0.88168,-0.19593,-0.028382,0.15198,0.10346,0.13459,0.10071,0.2472,0.5182,0.67934,0.65004,0.63631,0.45869,0.3296,0.23255,0.27467,0.36531,0.40834,0.35798,0.13092,-0.015564,-0.015564,-0.079653,-0.17396,-0.21332,-0.46785,-0.60701,0.30488
0.30305,0.32685,0.30305,0.45961,0.4825,0.51363,0.48341,0.46876,0.43764,0.48708,0.52187,0.33326,0.1886,0.13092,0.17029,0.13825,0.032044,-0.1648,-0.26551,-0.36439,-0.61068,-0.78463,-0.64913,0.12268,-0.37538,-2.9206,-3.2905,-2.0637,-2.1891,-3.5698,-5.7488,-6.6662,-6.0436,-5.3066,-7.1889,-4.1694,-1.7551,-0.64913,-0.68575,-0.25819,-0.19044,-0.39277,-0.72237,-0.86795,-0.89358,-0.96591,-1.29,-1.5043,-1.7533,-2.0142,-2.2184,-2.2578,-2.6322,-3.2228,-3.4223,-3.1202,-2.808,-2.5901,-2.3173,-1.8027,-1.4859,-1.3807,-1.225,-0.8359,-0.6766,0.09064
0.17853,0.21424,0.43397,0.41749,0.5118,0.55666,0.55666,0.6354,0.64547,0.45595,0.24445,0.18769,-0.01648,-0.16572,-0.29389,-0.22889,0.27009,-0.55757,-2.8877,-2.2614,-1.0538,-1.1417,-1.2195,-1.214,-1.5125,-1.4338,-1.4557,-1.4411,-1.8961,-2.32,-2.6157,-3.4928,-3.8252,-3.0149,-1.6352,-1.225,-1.1884,-0.5887,-0.23347,0.075076,0.12543,0.18494,0.21058,0.30946,0.51363,0.40925,0.29389,0.22065,0.16297,0.089724,0.069582,0.083316,-0.11444,-0.47609,-0.5594,-0.44954,-0.43306,-0.65188,-0.90365,-1.0437,-0.97598,-0.95767,-1.0034,-1.1161,-1.2232,-1.345
-1.4017,-1.4768,-1.539,-1.5922,-1.3688,-1.4356,-1.409,-1.2955,-1.5043,-1.5226,-1.4713,-1.4347,-1.3724,-1.4164,-1.3266,-1.2516,-1.1783,-1.1325,-1.0996,-1.041,-1.0108,-1.0117,-0.94394,-0.98056,-0.96408,-0.92471,-0.90182,-0.90915,-0.92837,-0.9064,-0.84048,-0.76632,-0.7178,-0.69491,-0.66195,-0.59603,-0.54476,-0.43214,-0.41932,-0.37172,-0.3122,-0.23347,-0.24262,-0.22523,-0.17762,-0.067751,0.070498,0.0064089,-0.047609,-0.11628,-0.10254,-0.12909,-0.0824,-0.0824,-0.075076,0.017396,0.046693,0.046693,-0.031129,0.065004,0.13001,0.048524,0.11811,0.22614,0.23621,0.19318
0.2353,0.29023,0.35707,0.30854,0.29664,0.38087,0.47884,0.48433,0.45137,0.40376,0.4651,0.50172,0.62349,0.58138,0.49715,0.51729,0.50996,0.6061,0.61617,0.57131,0.41841,0.36805,0.3122,0.29481,0.1886,0.18494,0.061342,-0.0073244,-0.1355,-0.22065,-0.24171,-0.2179,-0.16663,-0.16022,-0.075076,-0.10437,-0.06592,0.0064089,0.03296,0.12726,0.19501,0.094302,0.088809,0.079653,0.075076,0.078738,0.080569,0.075991,0.044862,0.065004,0.12543,0.10071,0.05768,0.043947,0.097964,0.11078,0.036622,0.054018,0.071413,0.087893,-0.0045778,0.054018,0.22797,0.15381,0.11719,0.10163
0.15381,0.20508,0.1886,0.34333,0.40742,0.55116,0.70864,0.95035,0.11261,0.11628,0.13733,0.13642,0.17212,0.16938,0.17304,0.17762,0.16755,0.17762,0.17121,0.16572,0.16663,0.15931,0.15931,0.14832,0.13092,0.13276,0.10895,0.11719,0.10895,0.10804,0.1062,0.11994,0.11444,0.11902,0.11078,0.10987,0.09888,0.080569,0.096133,0.093387,0.099796,0.087893,0.099796,0.073244,0.097964,0.1062,0.095218,0.11536,0.1236,0.11536,0.15931,0.15015,0.12543,0.16755,0.15198,0.14466,0.080569,0.3058,0.23347,0.048524,-0.046693,0.071413,0.1648,0.18311,0.10987,0.077822
0.040284,0.053102,0.077822,0.02472,0.10712,0.23347,0.29664,0.43489,0.12726,0.11261,0.13184,0.13642,0.15015,0.14283,0.14832,0.14283,0.15015,0.12818,0.13733,0.14649,0.12909,0.12543,0.12726,0.14191,0.14283,0.14191,0.14466,0.15015,0.14191,0.14649,0.16205,0.15015,0.14649,0.15015,0.15564,0.16022,0.17304,0.17029,0.17304,0.17579,0.18403,0.20051,0.19868,0.19868,0.20508,0.20417,0.1941,0.24995,0.13001,0.11261,0.23255,0.1886,0.19044,0.18036,0.2179,0.33692,0.28291,0.29115,0.24812,0.18311,0.11628,0.12635,0.1529,0.16663,0.095218,0.093387
0.00824,-0.017396,0.14008,0.15015,0.045778,-0.034791,0.1648,0.1822,0.16114,0.18677,0.18403,0.13642,0.09064,0.11444,0.13276,0.12818,0.15381,0.15748,0.13184,0.14008,0.13367,0.13825,0.15748,0.16114,0.15748,0.14374,0.12635,0.12909,0.15656,0.19318,0.18036,0.19593,0.20051,0.20783,0.20234,0.20508,0.16846,0.19135,0.18311,0.18677,0.17304,0.1886,0.19684,0.16114,0.17029,0.21149,0.19044,0.16846,0.1529,0.15656,0.15473,0.14283,0.1355,0.15198,0.14374,0.15748,0.1117,0.16938,0.28748,0.30488,0.051271,0.021973,0.069582,0.20417,0.12177,0.075076
0.17396,0.15748,0.16114,-0.053102,0.15839,0.4706,0.52187,0.5237,0.14466,0.11444,0.10987,0.10895,0.12543,0.12452,0.12909,0.11536,0.1236,0.11536,0.11353,0.11902,0.089724,0.1117,0.07416,0.12268,0.11902,0.12177,0.11719,0.087893,0.086978,0.099796,0.064089,0.070498,0.12635,0.11719,0.12085,0.13001,0.0824,0.10254,0.12726,0.14191,0.1474,0.15656,0.14924,0.1648,0.15931,0.1767,0.17212,0.19501,0.16022,0.21149,0.10254,0.18036,0.079653,0.16297,0.097049,0.091556,0.071413,0.4413,0.37629,0.21149,0.060427,-0.075991,0.052187,0.13733,0.1062,0.17029
0.21882,0.09888,0.1529,-0.054933,-0.052187,0.4413,0.66744,0.34059,0.23621,0.22156,0.20783,0.20783,0.20692,0.20417,0.21699,0.1886,0.17762,0.16388,0.19044,0.17212,0.19959,0.23164,0.20325,0.21332,0.21332,0.19868,0.18128,0.15931,0.16572,0.1767,0.16846,0.16846,0.18036,0.15839,0.13642,0.13092,0.16022,0.16114,0.19501,0.17487,0.20051,0.16388,0.16114,0.1822,0.16114,0.17212,0.13825,0.12909,0.10804,0.11719,0.14374,0.15839,0.18036,0.17579,0.19318,0.19684,0.20417,0.18677,0.3415,0.0064089,-0.12452,0.010071,0.53011,0.4706,0.11628,-0.095218
-0.34425,-0.21607,0.1822,0.043031,-0.60152,-0.41932,-0.38453,0.21516,0.20234,0.21699,0.20508,0.19593,0.19044,0.1767,0.18311,0.17945,0.1767,0.16572,0.16572,0.16388,0.17487,0.16846,0.17945,0.17853,0.19868,0.21699,0.22889,0.2298,0.21699,0.21058,0.20508,0.18036,0.17853,0.18311,0.17579,0.20783,0.21332,0.21973,0.2179,0.22797,0.22156,0.2353,0.16114,0.21241,0.21973,0.21699,0.15015,0.15656,0.14832,0.15381,0.14466,0.16846,0.1941,0.22614,0.12635,0.1941,0.21241,0.17762,0.33967,0.25361,0.17029,0.071413,0.097049,0.24903,0.25178,0.06592
-0.092471,0,0.50447,0.72787,1.0996,0.89358,0.41566,0.15839,0.15473,0.16572,0.17762,0.17304,0.1767,0.19318,0.19318,0.18769,0.20234,0.1822,0.20051,0.19684,0.20417,0.21516,0.23255,0.22706,0.23804,0.25178,0.24812,0.24628,0.23438,0.22523,0.22889,0.22889,0.22431,0.2234,0.23804,0.24171,0.23804,0.23713,0.24995,0.21699,0.2353,0.24079,0.22248,0.20783,0.20325,0.19227,0.17304,0.26185,0.21973,0.11628,0.13001,0.16663,0.23347,0.19776,0.15748,0.141,0.11719,0.086978,0.11536,0.18311,0.21332,0.030213,-0.076907,0.13092,0.3296,0.22156
0.14924,-0.11628,-0.39552,-0.43123,-0.40468,-1.008,-0.53926,0.20234,0.21607,0.2179,0.21699,0.21607,0.21607,0.19959,0.17945,0.18311,0.14283,0.18586,0.16755,0.1648,0.17029,0.17579,0.16297,0.16572,0.16205,0.15748,0.13459,0.12909,0.1062,0.096133,0.086062,0.072329,0.073244,0.083316,0.086978,0.087893,0.089724,0.088809,0.087893,0.10804,0.078738,0.10346,0.065004,0.046693,0.097049,0.032044,0.030213,0.081484,0.013733,0.13184,0.1886,0.14008,0.07416,0.16205,0.25178,0.21699,0.19959,0.11811,0.053102,0.11719,0.27467,0.19501,-0.029298,-0.1529,-0.2884,-0.36073
-0.74892,-0.54476,0.3122,-0.046693,-1.0996,-0.13916,0.25269,0.17304,0.18403,0.17579,0.19684,0.17304,0.21241,0.21332,0.20142,0.20325,0.21424,0.20692,0.19318,0.20325,0.22065,0.20966,0.21516,0.17579,0.16938,0.15198,0.14191,0.1529,0.15107,0.16205,0.16846,0.18586,0.1886,0.19684,0.20142,0.18036,0.19135,0.2353,0.13916,0.15015,0.18128,0.17762,0.18769,0.19227,0.1886,0.21516,0.18403,0.093387,0.038453,0.1062,0.085147,0.17853,0.22706,0.21882,0.1822,0.13276,0.10346,0.060427,0.12635,0.064089,0.0036622,0.064089,0.12177,0.0064089,0.039369,-0.038453
-0.29572,-0.38911,-0.23438,-1.2186,-1.4383,0.59511,-0.49532,0.11353,0.097964,0.086978,0.071413,0.072329,0.071413,0.063173,0.06592,0.058596,0.066836,0.054933,0.054018,0.050356,0.043947,0.062258,0.073244,0.09064,0.086978,0.042116,0.046693,0.038453,0.04944,0.059511,0.0412,0.069582,0.067751,0.065004,0.059511,0.062258,0.069582,0.053102,0.072329,0.077822,0.075991,0.09064,0.097049,0.11261,0.11628,0.14649,0.15107,0.11902,0.038453,0.097964,0.14557,0.20875,0.13733,0.18769,0.16755,0.15473,0.14191,0.10712,0.11261,0.10071,0.045778,0.02472,0.14557,-0.1529,-0.21424,-0.078738
0.18494,0.07416,-0.022889,0.031129,0.35981,0.43306,1.1298,0.12177,0.09888,0.088809,0.11261,0.11444,0.12177,0.13001,0.14649,0.1529,0.1474,0.13367,0.14283,0.13733,0.13001,0.11628,0.13825,0.11811,0.11811,0.10254,0.094302,0.075991,0.054933,0.053102,0.029298,0.054933,0.076907,0.072329,0.054933,0.060427,0.046693,0.058596,0.054933,0.069582,0.076907,0.054018,0.058596,0.0412,0.0412,0.11444,0.019227,-0.052187,0.13276,0.15656,0.045778,0.047609,0.022889,0.083316,0.10071,0.050356,0.032044,0.044862,0.067751,0.11444,0.10987,0.076907,-0.071413,-0.14374,-0.097964,-0.055849
0.1474,0.3827,0.25544,0.054933,0.61983,1.6214,0.80935,0.027467,0.045778,0.068667,0.055849,0.063173,0.081484,0.077822,0.071413,0.083316,0.084231,0.089724,0.09888,0.077822,0.093387,0.066836,0.11353,0.1355,0.080569,0.13825,0.1062,0.13276,0.14283,0.17579,0.12726,0.15381,0.14924,0.15107,0.14557,0.14557,0.13642,0.13642,0.12177,0.17121,0.13367,0.15931,0.10804,0.13276,0.13276,0.10804,0.11444,0.1474,0.1474,0.10895,0.09064,0.089724,0.075991,0.080569,0.10712,0.1236,0.063173,0.035707,0.0073244,0.075991,0.085147,0.11261,0.048524,-0.17762,-0.022889,0.042116
0.24812,-0.10437,-0.46602,0.40284,0.75533,0.79745,0.37629,0.0412,0.060427,0.093387,0.0824,0.089724,0.069582,0.072329,0.086062,0.09064,0.084231,0.11719,0.1117,0.10987,0.09888,0.10071,0.10163,0.10437,0.097964,0.091556,0.10895,0.092471,0.088809,0.11444,0.11628,0.10254,0.09888,0.085147,0.087893,0.10071,0.086062,0.091556,0.10987,0.088809,0.076907,0.086062,0.061342,0.11078,0.1355,0.17853,0.13276,0.14466,0.24995,0.30213,0.26826,0.24445,0.19684,0.18036,0.19959,0.25178,0.27467,0.19684,0.16663,0.11811,0.0412,0.051271,0.011902,-0.10071,0.075991,0.058596
-0.099796,-0.30122,-0.5768,0.23621,1.2287,0.50539,0.82217,0.12635,0.096133,0.084231,0.0824,0.095218,0.094302,0.11902,0.13092,0.12543,0.13825,0.11444,0.11994,0.11353,0.11902,0.11261,0.12177,0.10804,0.14557,0.14649,0.16572,0.18036,0.17853,0.17304,0.17945,0.1767,0.18586,0.21058,0.19684,0.19959,0.1941,0.18311,0.16572,0.19593,0.18494,0.17396,0.15656,0.14374,0.1474,0.18769,0.18952,0.19868,0.21058,0.206,0.18311,0.20508,0.20051,0.2234,0.20142,0.16114,0.17212,0.11353,0.10254,0.054933,0.14191,0.18403,0.051271,-0.21058,-0.32136,-0.014649
0.33143,0.31495,-0.11628,-0.16388,0.19776,0.19135,0.077822,0.089724,0.11353,0.10529,0.095218,0.091556,0.089724,0.099796,0.094302,0.063173,0.11078,0.079653,0.094302,0.083316,0.085147,0.078738,0.095218,0.096133,0.09064,0.09888,0.10437,0.07416,0.094302,0.10804,0.10163,0.11628,0.10987,0.09888,0.10712,0.093387,0.055849,0.054933,0.083316,0.18036,0.1355,0.17304,0.15107,0.14283,0.13733,0.13642,0.16938,0.13184,0.13825,0.13642,0.1355,0.14557,0.14924,0.15473,0.13367,0.10346,0.058596,0.027467,0.071413,0.13092,0.12452,0.069582,0.046693,-0.010987,-0.055849,0.058596
0.15107,0.083316,0.21699,-0.28199,-0.54109,0.046693,0.044862,0.054018,0.054933,0.063173,0.071413,0.083316,0.071413,0.077822,0.092471,0.078738,0.083316,0.10804,0.11078,0.1117,0.1062,0.11536,0.091556,0.10346,0.10804,0.09064,0.084231,0.075076,0.085147,0.077822,0.093387,0.10346,0.10071,0.0824,0.12177,0.13916,0.12268,0.11628,0.10437,0.096133,0.099796,0.095218,0.13733,0.14557,0.1886,0.19593,0.1822,0.17212,0.1767,0.15839,0.141,0.16572,0.14557,0.16022,0.16205,0.12818,0.23347,0.27009,0.1236,0.073244,0.091556,0.013733,-0.056764,-0.043031,-0.10071,0.011902
0.02472,0.03296,-0.15564,1.0126,1.3605,0.067751,0.066836,0.068667,0.067751,0.071413,0.0824,0.065004,0.075991,0.095218,0.086062,0.077822,0.0824,0.080569,0.086062,0.088809,0.097964,0.10163,0.087893,0.077822,0.11078,0.096133,0.088809,0.10437,0.09888,0.095218,0.10163,0.096133,0.11078,0.11261,0.11078,0.10071,0.097049,0.086978,0.073244,0.085147,0.085147,0.10804,0.11444,0.032044,0.096133,0.10437,0.054933,0.084231,0.085147,0.11261,0.14008,0.093387,0.10437,0.14191,0.16297,0.16663,0.11536,0.0036622,-0.066836,-0.034791,-0.075076,-0.00091556,0.093387,0.18494,0.15381,-0.13825
-0.48158,0.20508,1.4292,2.1177,0.92196,0.093387,0.088809,0.085147,0.10804,0.079653,0.10529,0.14191,0.10987,0.096133,0.089724,0.086062,0.10254,0.12635,0.13184,0.13733,0.14832,0.12452,0.12543,0.11811,0.12177,0.11994,0.12909,0.13459,0.13184,0.13001,0.12177,0.12909,0.11902,0.10987,0.12635,0.14283,0.16205,0.15473,0.15473,0.19501,0.17487,0.14283,0.18494,0.15839,0.15198,0.13276,0.14008,0.14374,0.14649,0.13916,0.141,0.16297,0.15839,0.16022,0.085147,0.077822,0.042116,0.022889,0.010987,0.020142,0.206,0.17762,-0.022889,-0.17212,-0.26093,-0.6766
-0.21882,0.8359,0.54201,1.3779,0.088809,0.077822,0.075076,0.067751,0.075076,0.087893,0.083316,0.097964,0.10163,0.097964,0.10254,0.086062,0.078738,0.099796,0.11353,0.10712,0.10895,0.11719,0.073244,0.15473,0.14008,0.11902,0.1062,0.12635,0.12085,0.14008,0.11353,0.13001,0.11994,0.11902,0.11994,0.17853,0.11261,0.14832,0.12177,0.1529,0.17579,0.12452,0.094302,0.15931,0.12085,0.10987,0.141,0.13092,0.11719,0.1355,0.14008,0.10529,0.064089,0.063173,0.070498,0.0045778,-0.062258,0.022889,0.030213,-0.021973,-0.04944,0.027467,-0.021058,-0.4532,-0.71596,0.14832
0.96591,0.82125,1.529,-0.083316,0.065004,0.050356,0.050356,0.0412,0.039369,0.02472,0.081484,0.063173,0.0412,0.040284,0.036622,0.051271,0.052187,0.062258,0.058596,0.062258,0.062258,0.068667,0.063173,0.069582,0.07416,0.075076,0.068667,0.068667,0.092471,0.051271,0.13459,0.13092,0.086062,0.10529,0.10529,0.11261,0.1117,0.11628,0.11444,0.1529,0.141,0.12543,0.12818,0.17762,0.14191,0.14191,0.20508,0.19318,0.1767,0.11261,0.17396,0.15839,0.13276,0.16663,0.097049,0.11628,0.16755,0.18311,0.20966,0.20325,0.13184,-0.035707,-0.11811,-0.0064089,-0.037538,0.2298
0.19684,-0.04944,0.23804,1.9144,0.019227,0.0036622,-0.044862,-0.078738,-0.055849,-0.037538,0,0.00824,-0.022889,-0.030213,-0.043947,-0.048524,-0.027467,-0.022889,-0.0027467,-0.00824,0.0036622,-0.015564,0.00824,0.0073244,0.010071,0.020142,0.010987,-0.0091556,-0.014649,-0.040284,-0.028382,-0.051271,-0.0073244,0.0064089,0.017396,-0.0091556,-0.078738,-0.095218,-0.12543,-0.15656,-0.15564,-0.17853,-0.21149,-0.27375,-0.22614,-0.23713,-0.2234,-0.22065,-0.075991,-0.027467,0.0036622,-0.085147,-0.18311,-0.12452,-0.0018311,-0.01648,-0.031129,0.063173,0.17487,0.11628,0.17304,0.26185,0.29664,0.30396,0.39552,0.80569
0.65096,1.1161,0.12909,0.1355,0.10895,0.11444,0.10987,0.10071,0.10254,0.11811,0.11078,0.1355,0.12177,0.097964,0.097049,0.079653,0.089724,0.080569,0.068667,0.088809,0.084231,0.092471,0.078738,0.099796,0.079653,0.07416,0.094302,0.062258,0.030213,0.0018311,-0.010071,-0.038453,-0.038453,-0.081484,-0.078738,-0.064089,-0.11628,-0.086978,-0.1236,-0.15564,-0.23713,-0.26185,-0.30671,-0.34059,-0.35432,-0.32136,-0.27284,-0.26002,-0.2884,-0.25727,-0.24812,-0.24079,-0.26185,-0.24628,-0.16022,0.091556,-0.076907,0.027467,0.050356,0.087893,0.21332,0.27009,0.12909,0.14008,0.1474,0.2646
0.27375,1.7908,0.10895,0.12543,0.11536,0.10987,0.097049,0.078738,0.076907,0.083316,0.068667,0.055849,0.043947,0.013733,0.018311,0.03296,0.0045778,-0.00824,-0.011902,-0.032044,-0.03296,-0.039369,-0.036622,-0.037538,-0.051271,-0.0412,-0.027467,-0.0073244,0.036622,0.048524,0.046693,0.034791,0.054933,0.044862,0.052187,0.075076,0.064089,0.053102,0.12268,0.22614,0.24903,0.20325,0.1822,0.094302,-0.0027467,-0.11994,-0.2298,-0.26185,-0.33784,-0.42116,-0.42848,-0.38362,-0.32868,-0.29756,-0.27558,-0.16022,-0.12543,0.00091556,0.18769,0.35798,0.50356,0.37904,0.18952,0.096133,0.28748,0.44771
0.39552,0.94028,0.1355,0.11719,0.11994,0.09888,0.066836,0.054018,0.040284,0.036622,0.047609,0.0054933,-0.010987,-0.036622,-0.054933,-0.076907,-0.087893,-0.081484,-0.07416,-0.05768,-0.017396,-0.021058,-0.021973,-0.010987,-0.025636,-0.056764,-0.11719,-0.14924,-0.17396,-0.18311,-0.17396,-0.17212,-0.18036,-0.19044,-0.19776,-0.16022,-0.14649,-0.14832,-0.13276,-0.15015,-0.12909,-0.16297,-0.19776,-0.18677,-0.19593,-0.25361,-0.24079,-0.19776,-0.2298,-0.18586,-0.21973,-0.29023,-0.2472,-0.24079,-0.27009,-0.083316,0.36348,0.39369,0.21241,0.087893,0.29664,0.46968,0.14557,0.6299,1.1856,0.81576
0.78921,1.984,0,0.013733,-0.02472,0.00824,-0.010071,-0.0027467,-0.015564,-0.0073244,0.011902,-0.00824,-0.018311,-0.020142,-0.033876,-0.042116,-0.032044,-0.058596,-0.080569,-0.10712,-0.14649,-0.15931,-0.1648,-0.17487,-0.17853,-0.16572,-0.16205,-0.16297,-0.13092,-0.10712,-0.10987,-0.099796,-0.10163,-0.086978,-0.028382,-0.015564,-0.0036622,0.019227,0.010071,-0.0073244,-0.019227,-0.01648,-0.04944,-0.086062,-0.14466,-0.15931,-0.21241,-0.25086,-0.18128,-0.20875,-0.2884,-0.26368,-0.17212,-0.24903,-0.10437,0.086978,0.12543,0.141,0.1822,0.12818,0.18128,0.347,0.34974,0.21241,0.69399,0.93844
0.4706,1.1344,0.12726,0.068667,0.04944,0.015564,-0.015564,-0.042116,-0.037538,-0.027467,0.014649,0.028382,0.0091556,0.010071,0.0036622,-0.0027467,-0.023804,-0.048524,-0.09064,-0.092471,-0.10804,-0.11628,-0.10895,-0.12909,-0.13001,-0.087893,-0.026551,0.00091556,0.012818,0.067751,0.12268,0.19044,0.25544,0.30305,0.31678,0.28291,0.20875,0.14466,0.10254,0.027467,0.052187,-0.026551,-0.072329,-0.10804,-0.11261,-0.080569,-0.13276,-0.14832,-0.15564,-0.141,-0.13916,-0.13459,-0.076907,-0.1062,-0.13276,-0.076907,0.072329,0.055849,0.064089,-0.014649,-0.085147,0.10254,0.50996,0.8066,0.51637,0.4413
0.59694,0.55574,0.15381,0.18952,0.19135,0.1941,0.2179,0.21058,0.18128,0.16022,0.13642,0.12726,0.09888,0.095218,0.054933,0.040284,0.072329,0.062258,0.063173,0.07416,0.062258,0.035707,0.034791,0.010987,-0.018311,-0.010071,-0.043031,-0.04944,-0.054933,-0.073244,-0.069582,-0.059511,-0.055849,-0.030213,-0.033876,-0.01648,0,0.043031,0.10071,0.12635,0.12635,0.11811,0.099796,0.076907,0.083316,0.047609,0.043031,0.051271,0.0073244,0.0018311,-0.032044,-0.040284,0.029298,-0.025636,0.043947,-0.072329,-0.15381,-0.23804,-0.18952,-0.15381,0.11536,0.47975,0.63814,0.68575,0.72604,0.2298
0.92105,2.8007,0.0036622,0.0045778,0.018311,0.033876,0.053102,0.063173,0.043947,0.040284,0.0412,0.01648,-0.054933,-0.1117,-0.073244,-0.13092,-0.16755,-0.19227,-0.11536,-0.17121,-0.14008,-0.1822,-0.19044,-0.206,-0.20875,-0.19227,-0.16755,-0.24171,-0.17396,-0.20417,-0.24537,-0.21607,-0.20692,-0.21332,-0.13001,-0.10254,-0.036622,0.022889,0.015564,-0.0064089,-0.059511,-0.075076,-0.16114,-0.19227,-0.28016,-0.21149,-0.2179,-0.28108,-0.2591,-0.20966,-0.23347,-0.28108,-0.28108,-0.18586,-0.17579,-0.14191,-0.0027467,0.13367,0.22156,0.29298,0.31312,0.37721,0.56215,0.73611,0.55483,0.5942
2.1195,3.3811,0.15473,0.11078,0.1062,0.13001,0.17762,0.20966,0.2298,0.20051,0.14374,0.079653,0.076907,0.14374,0.16755,0.11719,0.022889,-0.060427,-0.072329,-0.09888,-0.095218,-0.075076,-0.083316,-0.073244,-0.040284,-0.027467,-0.00824,0.035707,0.051271,0.050356,0.045778,0.039369,0.040284,0.05768,0.0412,0.073244,0.13459,0.1236,0.065004,0.010071,-0.10071,-0.15381,-0.15015,-0.16846,-0.2472,-0.2646,-0.26368,-0.26826,-0.26551,-0.21882,-0.19044,-0.14283,-0.10163,-0.093387,-0.01648,-0.0054933,-0.021058,0.11628,0.18403,0.29756,0.45595,0.50905,0.44679,0.26917,0.14832,0.63997
1.4328,3.4855,0.11811,0.075991,0.04944,0.026551,0.0045778,0.0036622,0.011902,0.025636,0.04944,0.04944,0.072329,0.078738,0.075991,0.091556,0.089724,0.12726,0.17121,0.19044,0.19318,0.17121,0.14557,0.14283,0.10895,0.073244,0.076907,0.06592,0.084231,0.10437,0.11444,0.11353,0.080569,0.063173,0.053102,0.015564,0.070498,0.07416,0.04944,0.012818,0.04944,0.021973,-0.027467,-0.020142,-0.065004,-0.11078,-0.13459,-0.2591,-0.19227,-0.094302,-0.026551,-0.096133,-0.17579,-0.11811,-0.033876,0.0073244,0.034791,0.091556,0.12909,0.20234,0.45503,0.7709,0.73336,0.097049,0.076907,1.052
1.8229,2.938,-0.21607,-0.24171,-0.21424,-0.13092,-0.15381,-0.10529,-0.0824,0,0.043947,0.12818,0.15198,0.15381,0.18128,0.1941,0.20966,0.15839,0.19227,0.2353,0.2179,0.16388,0.04944,-0.034791,-0.12543,-0.1062,-0.10712,-0.037538,0.0018311,0.05768,0.058596,0.051271,0.064089,0.12268,0.14924,0.14649,0.1355,0.058596,-0.029298,-0.012818,-0.065004,-0.11536,-0.11628,-0.16022,-0.12635,-0.091556,-0.1355,-0.06592,-0.029298,-0.05768,-0.038453,-0.15839,-0.040284,-0.04944,-0.088809,-0.075991,-0.018311,0.22889,0.52919,0.34425,0.41932,0.65096,0.3058,0.33692,0.75991,1.7853
3.9259,4.9376,4.9861,6.0829,4.9797,3.708,2.7998,1.4173,0.81576,0.61617,0.4651,0.3177,0.2646,0.29481,0.46236,0.73336,1.1353,1.5674,1.7322,1.7707,2.0051,2.6789,2.7851,2.1131,1.5986,0.90548,0.61068,0.50356,0.6006,0.95676,0.22431,0.22523,0.41383,0.39644,1.1106,1.2076,1.2506,1.1792,1.0739,1.0218,0.96957,0.96408,0.94211,0.9238,0.95676,1.0593,1.1609,1.1463,0.99521,0.91464,0.92563,0.8945,0.87527,0.92929,0.95584,1.0053,0.99063,1.0392,1.0556,1.0218,0.90182,0.78738,0.73977,0.79196,0.89267,0.96683
0.98697,0.5887,0.63723,0.5182,0.43031,0.38728,0.43214,0.40651,0.44496,0.57131,0.75625,0.56581,0.45869,0.071413,-0.22889,0.06592,0.71047,1.8485,5.2809,4.9239,4.9413,2.3493,2.4226,1.93,1.1087,0.021973,-1.6068,-2.1937,-0.66469,-0.12635,0.24171,0.8414,0.72054,0.37172,-0.01648,-0.21607,-0.9769,-1.561,-0.96683,-0.011902,-0.0064089,-0.34974,-0.67934,-0.71505,-0.19684,0.45595,0.39277,0.28108,-0.11353,-0.56856,-1.0126,-1.1243,-0.2765,-0.46419,-0.3882,-0.29023,-0.043947,0.20051,0.46419,0.69765,0.79562,0.71413,-0.10346,-0.22614,-1.0044,-0.68484
-0.71047,0.40284,0.40468,0.40284,0.38087,0.553,0.46327,0.44313,0.46693,0.412,0.41017,0.38362,0.44038,0.48524,0.48891,0.50264,0.43397,0.38545,0.41658,0.4239,0.44862,0.47609,0.46602,0.4239,0.40834,0.4358,0.41108,0.42482,0.41841,0.39644,0.39827,0.42573,0.40834,0.35798,0.39277,0.41017,0.43672,0.43031,0.38362,0.36714,0.39644,0.47334,0.4358,0.38362,0.3415,0.33052,0.3296,0.32685,0.2353,0.27558,0.29481,0.30213,0.3534,0.43214,0.3827,0.46785,0.34608,-0.025636,-0.3122,0.41383,0.59603,1.5802,2.9719,4.6254,1.377,1.2745
2.3969,0.32319,0.31037,0.31861,0.32319,0.32411,0.32319,0.3122,0.31678,0.33967,0.33326,0.31678,0.31129,0.32319,0.3534,0.35981,0.36714,0.36897,0.38087,0.39735,0.40193,0.40284,0.40468,0.37812,0.35157,0.36164,0.38362,0.36897,0.34425,0.32868,0.34425,0.37904,0.40925,0.40834,0.32685,0.29939,0.31129,0.33235,0.35066,0.4294,0.47151,0.43764,0.44404,0.42116,0.412,0.31129,0.38911,0.45686,0.42299,0.56856,0.55116,0.45503,0.31953,0.36714,0.23804,0.27741,0.26093,0.15198,0.048524,-0.141,-0.0027467,0.45137,0.34791,1.355,2.58,4.3663
4.3086,0.23804,0.23804,0.23988,0.2472,0.23896,0.24262,0.23896,0.22889,0.23621,0.24903,0.2472,0.25452,0.25269,0.25269,0.24445,0.26093,0.26826,0.26826,0.27924,0.2646,0.2646,0.25361,0.26643,0.26368,0.23896,0.22523,0.22706,0.22797,0.20875,0.23713,0.24628,0.27467,0.26826,0.28748,0.27558,0.26734,0.26917,0.25086,0.24537,0.27009,0.26551,0.2591,0.29023,0.29115,0.2884,0.26826,0.2646,0.25361,0.2234,0.29206,0.34608,0.38362,0.32685,0.30946,0.27558,0.097964,0.13092,0.11353,0.14191,0.4239,0.22156,-0.14008,-0.36073,0.0412,0.50356
2.1699,2.9884,2.3209,0.24537,0.24262,0.24812,0.24812,0.26734,0.29756,0.30396,0.27284,0.26643,0.27192,0.30488,0.30854,0.28932,0.29389,0.3003,0.29756,0.27924,0.26551,0.25819,0.25178,0.22797,0.2179,0.22797,0.23255,0.24445,0.2591,0.2472,0.24354,0.25361,0.24903,0.24079,0.2353,0.24537,0.23164,0.22523,0.24995,0.23896,0.23896,0.26276,0.2765,0.24445,0.19684,0.19684,0.24171,0.28291,0.30946,0.31129,0.33052,0.29115,0.19684,0.10437,0.17579,0.16572,0.088809,-0.043031,0.15839,0.21699,0.38453,0.33418,-0.15381,-0.40559,-0.09064,0.21424
0.094302,0.071413,0.055849,0.046693,0.0073244,0.062258,0.086978,0.043031,0.020142,0.0412,0.063173,0.051271,0.054933,0.021058,0.034791,0.046693,0.050356,0.061342,0.081484,0.086978,0.10804,0.13001,0.14283,0.14191,0.13642,0.12726,0.094302,0.073244,0.06592,0.054018,0.070498,0.092471,0.066836,0.09064,0.094302,0.071413,0.10712,0.075991,0.045778,0.044862,0.043031,0.023804,0.014649,-0.062258,-0.014649,0.033876,0.014649,-0.0036622,0.069582,0.19227,0.24903,0.21973,0.29572,0.30305,0.43123,0.37812,0.11444,0.10254,0.13825,0.17579,0.24079,0.26093,0.11261,0.64638,0.14832,0.3882
0.1886,0.20692,0.22431,0.22706,0.22248,0.20783,0.18677,0.15381,0.10071,0.075076,0.10071,0.11078,0.11902,0.11353,0.13276,0.15198,0.16388,0.13367,0.13276,0.13825,0.11719,0.11353,0.092471,0.10346,0.075076,0.086978,0.1062,0.11628,0.076907,0.061342,0.05768,0.060427,0.071413,0.072329,0.067751,0.093387,0.094302,0.067751,0.083316,0.11078,0.11078,0.10346,0.0824,0.079653,0.06592,0.072329,0.10346,0.076907,0.036622,-0.021973,-0.043031,0.032044,0.095218,0.097049,0.10712,0.18128,0.3177,0.27833,0.26185,0.3177,0.47517,0.29939,0.097964,0.13367,0.52553,0.50081
0.16114,0.1529,0.1474,0.12543,0.12635,0.12543,0.11628,0.11994,0.11444,0.12177,0.11811,0.13459,0.13825,0.13276,0.1062,0.11628,0.17853,0.14557,0.10437,0.083316,0.077822,0.065004,0.084231,0.11994,0.12452,0.10163,0.095218,0.065004,0.097049,0.10895,0.10712,0.1117,0.12452,0.13092,0.12085,0.10529,0.10804,0.11902,0.11719,0.087893,0.050356,-0.0027467,-0.029298,-0.014649,0.07416,0.14832,0.12909,0.054018,0.036622,0.089724,0.22889,0.23438,0.16022,0.053102,0.035707,0.16114,0.31312,0.4358,0.0412,0.037538,0.030213,-0.036622,0.62075,0.50264,-0.11261,0.078738
0.12909,0.10712,0.096133,0.095218,0.10895,0.12909,0.13825,0.14008,0.13916,0.10895,0.12818,0.141,0.13184,0.13184,0.13825,0.10987,0.11902,0.12085,0.11902,0.1117,0.12085,0.13184,0.11994,0.13733,0.12268,0.14283,0.19135,0.15107,0.1062,0.10712,0.1062,0.096133,0.16205,0.17121,0.13092,0.12818,0.12543,0.11994,0.12543,0.11994,0.068667,0.021973,0.026551,0.078738,0.16114,0.17304,0.13459,0.091556,0.038453,0.062258,0.099796,0.16663,0.25361,0.20692,0.14832,0.20234,0.13276,0.071413,0.04944,0.10529,0.10895,0.15381,0.2353,0.34516,0.3058,0.4413
0.22065,0.22065,0.055849,-0.047609,-0.00091556,0.064089,0.1767,0.21332,0.18769,0.12726,0.11078,0.16114,0.17853,0.15931,0.14374,0.1117,0.050356,0.059511,0.088809,0.093387,0.073244,0.070498,0.086978,0.12085,0.13459,0.12909,0.13459,0.15198,0.14008,0.1355,0.12818,0.12818,0.12818,0.19501,0.17853,0.12268,0.067751,0.086062,0.15107,0.14557,0.11902,0.092471,0.066836,0.030213,0.051271,0.081484,0.12268,0.12177,0.12085,0.141,0.15748,0.17396,0.18036,0.19318,0.20508,0.12635,-0.047609,-0.086978,-0.096133,-0.10437,-0.19135,-0.36988,-0.23164,0.40193,-0.89908,0.69765
0.16022,0.17029,0.17945,0.19318,0.20875,0.21424,0.21424,0.20966,0.20142,0.20325,0.17396,0.23713,0.24262,0.24171,0.2234,0.21149,0.1886,0.18403,0.19776,0.19501,0.1941,0.20417,0.17853,0.18311,0.1941,0.18952,0.18952,0.17853,0.16388,0.16205,0.14466,0.13001,0.13184,0.14374,0.16572,0.17487,0.16663,0.15381,0.12452,0.18769,0.22523,0.18586,0.1767,0.14924,0.17487,0.20417,0.19044,0.13276,0.14832,0.20142,0.20508,0.17853,0.16663,0.18494,0.206,0.21149,0.037538,-0.014649,0.045778,0.077822,0.15015,0.17945,0.064089,0.76357,1.2964,0.047609
0.141,0.13825,0.15656,0.12177,0.14649,0.1529,0.15381,0.15381,0.15107,0.1648,0.16297,0.16572,0.17121,0.16755,0.16755,0.17487,0.17121,0.16205,0.17212,0.14374,0.17121,0.17762,0.13001,0.11994,0.14924,0.14466,0.15107,0.17121,0.18769,0.18311,0.15931,0.1648,0.16114,0.16663,0.15748,0.1648,0.17853,0.1941,0.18677,0.17487,0.12085,0.11811,0.12818,0.14008,0.15198,0.13825,0.12543,0.1062,0.1355,0.11261,0.06592,0.064089,0.1062,0.16388,0.2353,0.17396,0.066836,-0.067751,0.087893,0.1529,0.17579,0.2353,0.3415,0.54933,0.91372,0.56764
0.19593,0.18494,0.17945,0.17762,0.17396,0.16022,0.13459,0.14466,0.14374,0.15198,0.14832,0.15564,0.11994,0.13184,0.18311,0.16297,0.13825,0.14008,0.13459,0.13825,0.14924,0.16205,0.18036,0.18586,0.1941,0.17029,0.20783,0.21058,0.21149,0.20417,0.21241,0.20142,0.20417,0.18311,0.15564,0.1648,0.17396,0.19227,0.17029,0.16114,0.12909,0.16938,0.15656,0.1236,0.15564,0.18128,0.15656,0.070498,0.038453,0.079653,0.1648,0.24445,0.27833,0.33692,0.48158,0.49715,0.61342,0.5768,0.38453,0.19684,0.37629,-0.021973,-0.27741,-0.92471,-0.57772,-0.56398
-0.5237,-0.43123,-0.38453,-0.41383,-0.41566,-0.38636,-0.33326,-0.37263,-0.31495,-0.37446,-0.43672,-0.64272,-0.76907,-0.69582,-0.52187,-0.33784,-0.39003,-0.51271,-0.5118,-0.66927,-0.66378,-0.70864,-0.69124,-0.70315,-0.72604,-0.69124,-0.63631,-0.57405,-0.53194,-0.57314,-0.67019,-0.90732,-1.062,-1.1563,-1.0959,-0.81484,-0.75625,-1.062,-1.16,-0.96316,-0.81851,-0.83316,-0.83316,-0.69216,-0.65828,-0.69124,-0.78555,-0.52187,-0.43397,-0.69124,-0.78555,-0.52004,0.020142,0.043947,-0.10529,0.25269,0.24354,-0.58046,-2.5068,-2.6478,-2.8639,-6.6231,-3.9158,-1.5995,-1.2589,0.034791
-0.047609,-0.085147,-0.11536,-0.12268,-0.087893,-0.066836,-0.054933,-0.043947,-0.068667,-0.053102,-0.058596,-0.075076,-0.12543,-0.24354,-0.26643,-0.26185,-0.31678,-0.30763,-0.28932,-0.23438,-0.20417,-0.24354,-0.25178,-0.27924,-0.28291,-0.28748,-0.29481,-0.36805,-0.39735,-0.41017,-0.3708,-0.3296,-0.29939,-0.28108,-0.23164,-0.20142,-0.18128,-0.14008,-0.206,-0.35157,-0.4651,-0.45137,-0.32685,-0.26185,-0.16114,-0.13916,-0.15107,-0.21607,-0.34974,-0.36164,-0.071413,-0.21424,-0.49623,-0.62075,-0.32044,0.10071,0.28474,-0.31495,-2.1278,-1.3001,-1.6031,-2.4363,-2.3695,-3.4745,0.37538,0.36714
0.39277,0.41475,0.40376,0.37996,0.40834,0.40193,0.44862,0.37721,0.36256,0.37355,0.37263,0.35249,0.31037,0.32136,0.33967,0.34059,0.32136,0.28932,0.29298,0.29298,0.30854,0.31678,0.32594,0.32685,0.28657,0.25544,0.25452,0.23164,0.21241,0.21241,0.18952,0.22797,0.17487,0.093387,0.12726,0.17121,0.21058,0.19044,0.13184,0.14924,0.17762,0.23072,0.15839,0.10163,0.029298,0.10254,0.16205,0.18769,0.2179,0.17029,0.099796,0.00824,0.039369,0.10254,0.0054933,0.017396,0.061342,0.043031,0.048524,-0.6766,-2.7677,-1.9007,-3.4297,-4.9339,0.83224,0.87527
0.88534,0.8002,0.80752,0.7828,0.75533,0.77731,0.72237,0.66469,0.68209,0.72695,0.78646,0.80477,0.86886,0.94302,0.93844,0.89358,0.8826,0.85513,0.76357,0.70589,0.60793,0.62441,0.71871,0.79287,0.63448,0.60427,0.53926,0.48433,0.47151,0.59328,0.76815,0.76632,0.6766,0.70315,0.68667,0.76266,0.97049,1.2589,1.3587,1.0904,0.73702,0.62166,0.58779,0.58779,0.37446,0.44588,0.43123,0.47517,0.5118,0.56948,0.58596,0.58962,0.55483,0.49348,0.45137,0.51729,0.58046,0.61983,0.67568,0.79562,0.81027,0.97232,0.85055,-4.7462,0.7709,0.70681
0.66103,0.63082,0.64455,0.67202,0.67293,0.66469,0.66927,0.65188,0.65371,0.6766,0.66195,0.6299,0.60701,0.56948,0.56948,0.58321,0.58321,0.56032,0.56764,0.60335,0.58504,0.58138,0.59511,0.50447,0.49257,0.53468,0.58321,0.55574,0.48708,0.4358,0.38087,0.35432,0.3534,0.32685,0.31312,0.28932,0.26734,0.2765,0.20875,0.10987,0.12543,0.1941,0.16938,0.2298,0.26643,0.25269,0.18036,0.055849,-0.067751,0.1529,0.1117,-0.20234,-0.092471,0.15564,0.26002,-0.37812,-0.54384,0.068667,-1.052,-2.4802,-1.4924,-6.0005,-5.1967,-5.6856,0.39277,0.41017
0.34059,0.3296,0.2472,0.3296,0.36348,0.35249,0.3296,0.27924,0.27009,0.23621,0.20417,0.1886,0.17853,0.10254,0.080569,0.1355,0.19776,0.20508,0.19959,0.11261,0.047609,0.039369,0.050356,0.048524,0.10804,0.141,0.065004,0.045778,0.042116,0.018311,0.0027467,0.01648,0.010987,0.032044,0.051271,0.086978,0.10071,0.015564,-0.1236,-0.1941,-0.23072,-0.20325,-0.14557,-0.080569,-0.061342,-0.011902,-0.073244,-0.18494,-0.2591,-0.36164,-0.43306,-0.29847,-0.17029,-0.063173,-0.28748,-0.41932,-0.46052,-2.472,-2.1168,-3.8325,-7.167,-7.1578,-2.1973,1.9712,0.37446,0.38453
0.36897,0.35981,0.37904,0.37904,0.36622,0.35981,0.34883,0.33784,0.35981,0.38728,0.39003,0.38911,0.36805,0.33784,0.33876,0.34608,0.34883,0.32868,0.26826,0.26276,0.2765,0.2353,0.22889,0.19868,0.16572,0.17487,0.20051,0.10346,0.014649,0.019227,0.033876,0.042116,0.036622,0.014649,0.011902,0.042116,0.071413,0.045778,-0.011902,-0.019227,-0.029298,-0.068667,-0.070498,-0.035707,-0.069582,-0.16572,-0.20508,-0.26917,-0.37904,-0.089724,0.023804,0.19593,0.58229,0.076907,-0.16572,0.15656,-1.9556,-1.1527,-2.9728,-6.483,-11.577,-6.0244,4.8598,-1.073,0.29115,0.27009
0.26002,0.26643,0.25819,0.30488,0.31037,0.25269,0.33692,0.32411,0.30213,0.25636,0.32502,0.33418,0.31495,0.27924,0.25086,0.23804,0.22797,0.20508,0.18311,0.13001,0.15015,0.17945,0.16663,0.16938,0.16755,0.12726,0.11078,0.10712,0.062258,0.01648,-0.0091556,0.028382,0.018311,0.013733,0.048524,0.043031,0.011902,0.013733,0.035707,0.059511,0.064089,0.033876,-0.044862,-0.07416,-0.075076,-0.029298,0.033876,0.0045778,-0.0073244,0.0064089,-0.023804,0.058596,-0.032044,0.1062,0.30763,0.1529,-0.01648,-0.31495,-2.1863,-0.618,-5.052,-10.346,-6.6781,0.97507,1.6984,1.8696
1.9822,2.0096,1.886,1.5894,1.2699,1.2552,1.3056,1.431,1.6123,1.6782,1.7469,1.8476,1.8247,1.6993,1.6471,1.6224,1.6315,1.7075,1.8741,2.0609,1.9739,1.9062,1.7478,1.8183,1.7872,1.8622,1.9172,1.7689,1.9318,1.7707,1.9117,1.5381,1.6041,1.7396,1.8247,1.8201,1.8183,1.7524,1.7542,1.7139,1.5125,1.4951,1.6636,1.7322,1.8723,2.1314,2.1671,2.0142,2.0316,2.017,2.0106,1.8055,1.8146,2.1204,3.1129,2.982,2.44,2.0728,1.7249,-0.097964,-4.0065,2.3237,1.0089,-6.6616,0.56948,0.54567
0.54018,0.54109,0.53743,0.61342,0.63082,0.56948,0.54476,0.52644,0.50356,0.47884,0.48616,0.48524,0.54201,0.58412,0.63356,0.60518,0.52644,0.50813,0.52187,0.49257,0.52461,0.49715,0.53285,0.57772,0.5118,0.51454,0.54384,0.59786,0.77731,0.97781,0.89633,0.78372,0.56307,0.44496,0.41108,0.68209,0.76724,0.83499,0.74984,0.54567,0.29939,0.2646,0.22156,0.43306,0.33967,0.11078,0.058596,0.069582,-0.021973,0.030213,0.04944,-0.19684,-1.2333,0.73885,-3.1953,-0.056764,-0.031129,0.17396,-0.1529,0.13642,-0.35707,-0.61251,-0.010987,0.21699,0.043947,0.059511
0.054018,0.052187,0.045778,0.046693,0.045778,0.047609,0.043031,0.050356,0.048524,0.055849,0.059511,0.04944,0.03296,0.031129,0.017396,0.00824,0.0018311,-0.013733,-0.029298,-0.030213,-0.085147,-0.11261,-0.11078,-0.085147,-0.079653,-0.094302,-0.18769,-0.24262,-0.49715,-0.52644,0.11261,-0.07416,0.050356,0.062258,0.072329,0.13825,0.093387,0.16572,-0.034791,0.013733,-0.059511,-0.22797,-0.29572,-0.32044,-0.23072,-0.19684,-0.20875,-0.13916,-0.097049,-0.093387,-0.141,-0.18494,-0.11536,-0.062258,-0.10529,-0.0027467,-0.021973,0.027467,0.028382,0.17579,0.23164,0.33509,0.43397,-3.3308,0.60884,0.61434
0.60884,0.57588,0.58962,0.60518,0.62166,0.62349,0.66012,0.63448,0.61525,0.59328,0.58779,0.58138,0.55574,0.57131,0.56764,0.53926,0.53377,0.53194,0.49165,0.47151,0.45045,0.45869,0.46419,0.49532,0.57863,0.62258,0.7004,0.81118,0.80569,0.78005,0.65004,0.49989,0.34974,0.32868,0.31037,0.49898,0.62807,0.70772,0.70132,0.57863,0.63814,0.49715,0.38636,0.36439,0.5182,0.53926,0.62441,0.05768,-0.12085,0.20234,0.086062,-0.043031,-1.2433,-0.87344,-0.27467,-0.5768,0.69399,0.28199,0.091556,0.19684,-0.16114,-0.2591,-0.87252,0.81576,0.4706,0.48616
0.50172,0.51546,0.50081,0.477,0.48158,0.47426,0.412,0.3534,0.41383,0.47792,0.53285,0.52919,0.52644,0.48616,0.46602,0.4706,0.52278,0.54842,0.57405,0.58687,0.59053,0.62899,0.63723,0.60335,0.54933,0.48341,0.45961,0.46236,0.43123,0.3534,0.28748,0.47334,0.5182,0.40468,0.37446,0.40651,0.44588,0.46327,0.50172,0.57131,0.63173,0.68575,0.77639,0.63448,0.53102,0.39094,0.51729,0.57772,0.54292,0.6006,0.55483,0.47517,0.553,0.37355,-2.2349,0.99429,1.0099,0.48433,0.22797,-0.10163,-0.62075,-4.2811,-3.3409,-1.572,0.49806,0.46052
0.41017,0.41475,0.48158,0.58138,0.62532,0.56032,0.49623,0.46785,0.46968,0.48524,0.48982,0.48891,0.48616,0.51637,0.51729,0.49989,0.49623,0.50905,0.54384,0.60427,0.56673,0.4944,0.42024,0.42116,0.51912,0.57314,0.53468,0.50905,0.4825,0.45686,0.45412,0.44313,0.44954,0.43764,0.42207,0.41383,0.39918,0.39827,0.37446,0.36348,0.3946,0.35615,0.4413,0.42665,0.34974,0.33418,0.33418,0.36622,0.34883,0.32685,0.44038,0.45686,0.37446,0.2472,0.24171,0.20051,0.015564,0.66469,0.23164,0.31129,0.058596,-0.12177,-5.1198,1.6086,-0.19227,-0.25819
-0.31953,-0.32594,-0.2298,-0.13276,-0.10346,-0.14283,-0.17945,-0.16388,-0.1822,-0.20692,-0.18677,-0.1474,-0.14008,-0.15015,-0.1648,-0.055849,0.081484,0.19776,0.27284,0.25086,0.1474,0.043031,-0.01648,-0.066836,-0.13001,-0.18036,-0.20966,-0.23621,-0.25544,-0.23896,-0.24445,-0.23988,-0.19959,-0.17853,-0.19959,-0.23896,-0.22523,-0.29572,-0.33509,-0.28291,-0.25086,-0.28932,-0.29756,-0.26551,-0.21516,-0.16663,-0.10437,-0.032044,0.01648,0.010071,0.030213,0.11902,0.23988,0.36531,0.41932,0.63265,0.80111,0.87527,1.1133,1.431,2.3667,3.4828,4.0165,4.2518,0.34608,0.34425
0.33143,0.31861,0.26917,0.16846,0.096133,0.0036622,-0.095218,-0.1474,-0.12818,-0.021058,0.030213,0.018311,0.051271,0.11078,0.15107,0.13367,0.11811,0.042116,-0.080569,-0.1648,-0.19776,-0.21973,-0.24903,-0.20692,-0.14191,-0.055849,0,0.03296,0.045778,-0.05768,-0.16205,-0.24171,-0.24079,-0.23896,-0.22889,-0.18769,-0.12452,-0.061342,0.026551,0.085147,0.13001,0.17029,0.13916,0.071413,0.013733,-0.010987,-0.10895,-0.028382,0.10804,0.23072,0.21699,0.24628,0.40193,0.57405,0.618,0.67202,0.91281,2.1744,3.8206,3.7785,4.5897,4.9129,5.6114,0.26276,0.32502,0.29481
0.21882,0.1236,0.076907,0.0412,0.034791,0.034791,0.031129,0.042116,0.047609,0.023804,0.010071,-0.028382,-0.085147,-0.15656,-0.18586,-0.21241,-0.206,-0.17029,-0.10895,-0.097049,-0.067751,-0.034791,0.0045778,-0.0091556,-0.078738,-0.14283,-0.13459,-0.085147,-0.062258,-0.070498,-0.043031,0.017396,0.10254,0.20325,0.2234,0.22431,0.21882,0.17945,0.15107,0.10895,0.026551,0.00091556,0.0045778,-0.015564,-0.032044,-0.050356,-0.09064,-0.063173,-0.0036622,0.047609,0.010071,0.0824,0.22248,0.25544,0.36622,0.51546,0.33326,0.28382,0.52828,2.8135,5.2342,5.1546,5.508,0.048524,0.064089,0.12635
0.21882,0.36988,0.44954,0.47884,0.4358,0.3058,0.20325,0.14191,0.10987,-0.036622,-0.2298,-0.33143,-0.32411,-0.22614,-0.07416,0.04944,0.067751,0.080569,0.141,0.12818,0.086062,0.046693,-0.033876,-0.1062,-0.12818,-0.14374,-0.16663,-0.16663,-0.14283,-0.099796,-0.034791,-0.0054933,0.032044,0.062258,0.13367,0.15473,0.16297,0.18403,0.1822,0.16846,0.22065,0.2234,0.141,0.063173,-0.0018311,-0.0054933,0.072329,0.069582,-0.043947,-0.16297,-0.18677,-0.12909,-0.061342,-0.10804,-0.1941,-0.24262,-0.12268,0.19959,0.56581,1.7029,1.3239,1.8055,2.6267,0.21058,0.19501,0.19135
0.16297,0.14008,0.094302,0.046693,-0.030213,-0.11902,-0.16572,-0.1117,-0.034791,-0.00824,0.01648,0.028382,0.044862,0.040284,0.047609,0.035707,-0.0045778,-0.03296,-0.070498,-0.087893,-0.089724,-0.069582,-0.066836,-0.043947,-0.031129,-0.029298,-0.043031,-0.030213,0.012818,0.021058,0.0073244,-0.013733,-0.02472,-0.019227,0.0045778,-0.044862,-0.094302,-0.10254,-0.1062,-0.12635,-0.15015,-0.15198,-0.15656,-0.11994,-0.10987,-0.10071,-0.093387,-0.13825,-0.12177,-0.010987,0.061342,0.066836,0.10437,0.16938,0.22614,0.34425,0.39003,0.35249,0.33509,0.44588,0.44038,0.87985,3.7474,0.27009,0.28108,0.2179
0.13459,0.068667,-0.00091556,-0.032044,-0.012818,-0.0054933,0.042116,0.087893,0.12726,0.15107,0.15473,0.19684,0.20508,0.16938,0.084231,0.031129,0.0054933,0.019227,0.037538,0.050356,0.066836,0.094302,0.1062,0.10895,0.11444,0.13367,0.14283,0.11902,0.10437,0.080569,0.061342,0.071413,0.076907,0.087893,0.10437,0.13001,0.14924,0.11902,0.089724,0.079653,0.094302,0.079653,0.059511,0.010987,-0.02472,-0.026551,0.031129,0.077822,0.10346,0.11444,0.13459,0.18586,0.27192,0.3177,0.30305,0.32502,0.38911,0.74435,0.82492,1.5967,3.2402,3.8453,4.207,-0.12818,-0.15931,-0.18769
-0.18403,-0.15015,-0.15473,-0.18494,-0.19501,-0.20692,-0.2646,-0.30122,-0.34333,-0.36531,-0.35981,-0.33052,-0.28565,-0.27467,-0.26643,-0.29206,-0.28016,-0.28199,-0.29023,-0.3003,-0.29481,-0.31953,-0.30946,-0.31129,-0.30396,-0.31953,-0.34608,-0.35249,-0.3415,-0.30213,-0.30396,-0.32502,-0.28291,-0.23438,-0.20051,-0.17945,-0.16388,-0.13642,-0.11902,-0.12726,-0.15656,-0.141,-0.12909,-0.11811,-0.078738,-0.11994,-0.070498,0.00824,0.052187,0.11261,0.15656,0.27558,0.3122,0.40651,0.49257,0.64547,0.60884,0.38087,0.26643,0.3003,1.8311,3.6549,6.2743,-0.020142,-0.020142,-0.047609
-0.071413,-0.10071,-0.1529,-0.19959,-0.23255,-0.25178,-0.26826,-0.30396,-0.32136,-0.28382,-0.2179,-0.17212,-0.15381,-0.11994,-0.097049,-0.060427,-0.052187,-0.10712,-0.14466,-0.19501,-0.20142,-0.19227,-0.1767,-0.17945,-0.18494,-0.15381,-0.11994,-0.06592,-0.033876,-0.036622,-0.037538,-0.046693,-0.097964,-0.13733,-0.11078,-0.10529,-0.13825,-0.1941,-0.23988,-0.24812,-0.26368,-0.25452,-0.21882,-0.21699,-0.23072,-0.1941,-0.16205,-0.054933,-0.042116,0.026551,0.076907,0.081484,0.12818,0.2234,0.33418,0.62899,0.80111,0.824,1.03,1.1582,1.8906,2.6899,2.8346,-0.18952,-0.206,-0.19868
-0.22156,-0.23438,-0.22614,-0.21241,-0.17487,-0.13459,-0.09888,-0.065004,-0.071413,-0.0412,-0.021058,-0.063173,-0.09888,-0.11536,-0.096133,-0.092471,-0.078738,-0.043031,-0.031129,-0.0412,-0.019227,-0.021973,-0.0036622,-0.0036622,-0.011902,-0.035707,-0.013733,-0.038453,-0.068667,-0.088809,-0.10529,-0.093387,-0.11811,-0.15015,-0.18494,-0.21516,-0.21149,-0.17029,-0.18586,-0.21973,-0.20417,-0.18036,-0.1648,-0.1529,-0.1236,-0.097049,-0.031129,-0.01648,-0.012818,-0.011902,-0.010987,-0.00091556,0.064089,0.13367,0.25727,0.62441,0.78005,0.93844,1.2626,1.5043,1.4402,3.2466,2.9728,-0.086978,-0.10254,-0.11444
-0.11444,-0.097964,-0.093387,-0.058596,-0.060427,-0.060427,-0.050356,-0.092471,-0.11536,-0.12818,-0.14832,-0.18036,-0.16205,-0.17487,-0.17487,-0.19044,-0.23713,-0.26185,-0.26093,-0.26093,-0.23804,-0.2179,-0.19776,-0.23438,-0.24995,-0.23896,-0.21973,-0.20051,-0.20692,-0.24445,-0.27558,-0.35066,-0.37172,-0.36897,-0.3827,-0.36988,-0.31587,-0.28565,-0.28565,-0.26643,-0.24903,-0.21699,-0.15748,-0.11719,-0.081484,-0.018311,0.0064089,0.012818,0.0073244,0.028382,0.045778,-0.043031,0.0018311,0.066836,0.17579,0.35157,0.60976,0.75533,0.89084,1.409,2.6121,3.2328,-0.17487,-0.17579,-0.16572,-0.17579
-0.13733,-0.14557,-0.14466,-0.1941,-0.23621,-0.23255,-0.23438,-0.22797,-0.23347,-0.26093,-0.27284,-0.32594,-0.33143,-0.33418,-0.37263,-0.39918,-0.42573,-0.45778,-0.50996,-0.53652,-0.55391,-0.55757,-0.58138,-0.56764,-0.53743,-0.49074,-0.43397,-0.39003,-0.34425,-0.31129,-0.30122,-0.31404,-0.34608,-0.38179,-0.45595,-0.48616,-0.50264,-0.49074,-0.50356,-0.48616,-0.41841,-0.35981,-0.29572,-0.24262,-0.19593,-0.15473,-0.10163,-0.075991,-0.054018,-0.040284,-0.051271,0.0054933,0.10987,0.27192,0.47884,0.78463,0.98056,1.095,1.4713,1.616,3.7877,0.076907,0.05768,0.043947,0.010071,-0.017396
-0.097049,-0.1355,-0.1355,-0.14191,-0.15473,-0.10437,-0.092471,-0.10529,-0.14466,-0.15748,-0.17945,-0.18311,-0.16114,-0.17945,-0.19684,-0.2179,-0.23621,-0.24354,-0.27741,-0.30213,-0.31861,-0.35707,-0.35249,-0.32228,-0.34059,-0.34974,-0.34883,-0.33784,-0.31678,-0.34242,-0.41017,-0.44038,-0.46419,-0.44038,-0.44221,-0.46968,-0.49074,-0.47792,-0.5063,-0.52553,-0.56215,-0.57863,-0.51088,-0.43764,-0.39735,-0.40101,-0.30396,-0.26093,-0.14649,-0.063173,0.025636,0.13825,0.18769,0.25361,0.51912,0.77548,0.75533,1.5061,0.15381,2.3484,1.8815,2.2953,3.1468,4.716,3.8719,2.7741
2.2504,1.4631,0.6473,0.5118,0.37721,0.28565,0.56764,0.83316,1.1005,1.4521,1.55,1.6022,2.9087,2.8236,2.4317,2.9664,3.329,3.2136,2.9948,2.7137,2.3649,2.0985,1.9529,1.821,1.6526,1.5171,1.5244,1.6626,0.1236,0.13459,0.13459,0.066836,0.054933,0.07416,-0.04944,0.11719,0.17579,0.10712,0.067751,-0.011902,-0.065004,-0.042116,0.04944,0.075991,0.054018,0.037538,0.028382,-0.02472,-0.075991,-0.046693,0.1062,0.19593,0.11994,0.079653,0.206,0.063173,-0.12268,0.010987,0.10163,0.1236,0.17029,0.11628,0.11353,0.16572,0.1822,0.13916
0.10804,0.11902,0.14283,0.14649,0.16022,0.1767,0.18311,0.16572,0.15198,0.18586,0.18586,0.16938,0.15473,0.15381,0.16205,0.1648,0.17487,0.19135,0.17762,0.1648,0.18036,0.18494,0.20692,0.22156,0.18403,0.15656,0.13184,0.16205,0.094302,0.083316,0.13367,0.073244,0.054018,0.11902,0.091556,0.087893,0.076907,0.07416,0.044862,0.02472,0.061342,0.071413,0.10529,0.0824,-0.00824,-0.018311,0.0036622,0.080569,0.1117,0.039369,0.091556,0.11902,0.19227,0.12543,-0.063173,-0.28382,-0.16297,-0.09888,0.09064,0.22065,0.45869,0.25178,0.26551,0.25086,0.24354,0.24079
0.25178,0.26276,0.24354,0.21332,0.206,0.22156,0.22797,0.2234,0.19868,0.20325,0.20875,0.20142,0.21241,0.206,0.18494,0.18128,0.17212,0.1941,0.21424,0.16755,0.17579,0.19959,0.20966,0.19684,0.20508,0.21424,0.24354,0.21241,0.20051,0.1648,0.18586,0.19135,0.16114,0.17121,0.20142,0.22523,0.19135,0.21149,0.19959,0.18403,0.19227,0.21058,0.18494,0.15473,0.09888,0.12543,0.16938,0.23804,0.2765,0.39003,0.16572,0.20508,0.24354,0.32136,0.23988,0.12452,0.13001,0.22156,0.2765,0.62166,0.74526,0.21699,0.22523,0.23072,0.25819,0.23804
0.25544,0.271,0.27375,0.25819,0.25544,0.2472,0.24628,0.24628,0.21882,0.22889,0.22889,0.26276,0.2472,0.23164,0.23896,0.22614,0.23347,0.20783,0.22614,0.21149,0.21607,0.28382,0.32411,0.17396,0.16755,0.1648,0.24445,0.23621,0.26734,0.21424,0.2591,0.10071,-0.015564,0.071413,0.18403,0.19776,0.13642,0.058596,0.066836,0.20508,0.28474,0.17945,0.0824,0.13001,0.22523,0.32411,0.34425,0.31312,0.32319,0.3415,0.40651,0.17853,0.18494,0.17396,0.0073244,-0.12726,-0.054018,0.12085,0.28016,0.31861,0.63448,0.21699,0.21516,0.23347,0.29298,0.28291
0.24537,0.2298,0.2591,0.25544,0.23988,0.26276,0.27558,0.28108,0.26276,0.27009,0.27833,0.29756,0.29481,0.28748,0.2646,0.2298,0.24812,0.24171,0.20508,0.23713,0.23713,0.23621,0.20783,0.1474,0.27192,0.14191,0.20234,0.19593,0.12818,0.21882,0.20508,0.17212,0.18403,0.1117,0.1474,0.19593,0.19044,0.1474,0.14557,0.2353,0.26551,0.20875,0.14191,0.097049,0.1355,0.28657,0.18586,0.048524,0.0045778,-0.021058,-0.0064089,-0.19776,-0.28382,-0.14191,0.056764,0.18128,0.21424,-0.065004,0.64455,1.5867,0.48158,0.17396,0.18769,0.1529,0.12543,0.15198
0.18036,0.17762,0.12268,0.14466,0.19501,0.18311,0.19868,0.20051,0.2179,0.22431,0.21241,0.17762,0.17579,0.19959,0.18128,0.10346,0.086062,0.14191,0.20783,0.21516,0.19501,0.15656,0.16572,0.14924,0.13276,0.11536,0.15564,0.2179,0.20325,0.10437,0.087893,0.11811,0.14374,0.11902,0.081484,0.084231,0.10895,0.12909,0.13092,0.099796,0.097049,0.10804,0.16388,0.095218,0.088809,0.10895,0.14924,0.21882,0.20142,0.17212,0.17487,0.17762,0.10804,0.060427,0.072329,-0.11536,0.0064089,0.18494,0.35432,0.40742,0.54018,0.13001,0.099796,0.13916,0.16114,0.066836
0.052187,0.14466,0.14557,0.081484,0.064089,0.15473,0.24262,0.27558,0.23438,0.1767,0.12268,0.11444,0.16114,0.1529,0.13459,0.16572,0.19776,0.22156,0.2234,0.19959,0.22431,0.22431,0.18311,0.15107,0.17396,0.1822,0.24628,0.24079,0.19593,0.23621,0.22523,0.23347,0.18586,0.15381,0.16388,0.15656,0.15381,0.17121,0.18128,0.13642,0.09888,0.10071,0.096133,0.11078,0.11994,0.12268,0.10987,0.092471,0.09888,0.15931,0.3003,0.16755,0.045778,0.025636,-0.025636,-0.20692,-0.11536,0.12452,0.21149,0.13825,0.73244,0.10895,0.14283,0.14924,0.12177,0.10254
0.10895,0.13184,0.11628,0.11536,0.13184,0.14924,0.15748,0.15381,0.1474,0.14466,0.15107,0.14466,0.14924,0.16022,0.16572,0.14649,0.14374,0.141,0.23072,0.24171,0.15473,0.094302,0.099796,0.15015,0.12635,0.14374,0.12635,0.1236,0.18494,0.2298,0.20325,0.1117,0.086978,0.18036,0.11719,0.2234,0.10437,0.17121,0.16205,0.2179,0.26917,0.069582,0.086978,0.12085,0.15107,0.25269,0.33143,0.206,0.092471,0.089724,0.012818,-0.07416,-0.44588,-0.43855,-0.10346,0.21607,0.36622,0.477,0.51363,0.56581,0.29939,0.25727,0.2298,0.14924,0.11444,0.11902
0.13733,-0.065004,-0.2298,-0.26734,-0.27009,-0.2646,-0.22248,-0.16205,-0.091556,-0.089724,-0.055849,-0.09064,-0.11811,-0.16755,-0.15198,-0.13001,-0.16755,-0.16388,-0.15015,-0.13733,-0.12909,-0.12818,-0.13825,-0.14283,-0.11811,-0.051271,0.019227,0.011902,0.021058,-0.00091556,0.012818,0.076907,0.11444,0.091556,-0.013733,-0.023804,0.091556,0.16114,0.13825,0.18677,0.19776,0.094302,0.10437,0.17945,0.17762,0.15473,0.18403,0.32868,0.20875,0.2179,0.1529,-0.094302,-0.24079,-0.37263,-0.37721,0.16297,0.66103,0.24262,0.86703,2.2001,-0.93478,0.27833,0.37629,0.35066,0.32136,0.35707
0.3589,0.32594,0.31953,0.28474,0.27741,0.29847,0.30305,0.24262,0.22614,0.21607,0.19227,0.23438,0.25727,0.19868,0.13642,0.055849,-0.1117,-0.16572,-0.14557,-0.12452,-0.12726,-0.15107,-0.073244,-0.047609,-0.00091556,-0.0064089,-0.017396,-0.085147,-0.11353,-0.071413,-0.055849,-0.097964,-0.13367,-0.11628,-0.010987,0.062258,0.067751,0.045778,-0.010987,0.021058,0.097964,0.16388,0.14466,0.15473,0.16938,0.18311,0.13001,0.16938,0.22614,0.26002,0.1236,-0.075991,-0.065004,-0.32044,-0.15015,0.2884,0.027467,0.048524,0.46052,-0.14283,0.5237,0.11719,0.12268,0.10163,0.10163,0.086978
0.0824,0.083316,0.091556,0.1236,0.14466,0.17396,0.18036,0.14466,0.11811,0.11444,0.11261,0.10254,0.097964,0.09064,0.097964,0.093387,0.11261,0.11353,0.11078,0.10804,0.1117,0.091556,0.059511,0.060427,0.048524,0.017396,0.033876,0.086062,0.092471,0.044862,-0.029298,-0.04944,-0.077822,-0.092471,-0.10437,-0.13916,-0.18036,-0.18403,-0.18311,-0.21241,-0.23347,-0.2234,-0.14374,-0.16846,-0.25636,-0.29756,-0.25361,-0.21058,-0.097049,-0.15107,-0.19044,0.03296,0.98239,-0.10804,-0.26093,-0.09064,0.089724,0.59145,0.30854,-2.1461,-0.24171,0.055849,0.048524,0.04944,0.075991,0.097049
0.11444,0.12177,0.12268,0.13001,0.1236,0.13276,0.1474,0.15656,0.16938,0.17212,0.17579,0.206,0.20966,0.2234,0.22797,0.19501,0.20325,0.20325,0.20142,0.2472,0.28199,0.29572,0.3003,0.29298,0.31495,0.32136,0.3058,0.271,0.24262,0.20966,0.16022,0.12268,0.11261,0.1117,0.11536,0.12452,0.055849,-0.00824,-0.0036622,-0.017396,0.046693,0.096133,0.06592,0.025636,-0.019227,-0.097049,-0.43672,-0.31678,0.17212,0.063173,-0.25086,0.089724,0.22706,0.07416,-0.066836,-0.55483,-1.0968,-0.29206,0.10346,0.099796,0.09888,0.11994,0.12085,0.13184,0.12177,0.10987
0.1117,0.12909,0.13367,0.11902,0.11353,0.11536,0.12268,0.10529,0.093387,0.093387,0.11078,0.10254,0.086062,0.085147,0.099796,0.10804,0.10071,0.1062,0.097049,0.048524,0.00824,-0.00091556,-0.014649,0.030213,0.054933,0.03296,-0.022889,-0.038453,0.00091556,0.021058,0.037538,0.13276,0.11994,-0.021973,-0.10712,-0.059511,0.010071,0.011902,-0.018311,-0.033876,-0.097964,-0.16022,-0.16755,-0.10987,0.10437,0.064089,-0.33692,-0.49898,0.38636,0.24628,0.49257,0.87527,0.21424,-1.019,-1.3862,-1.9575,-1.0694,1.5024,0.042116,0.036622,0.038453,0.03296,0.030213,0.036622,0.023804,0.031129
0.048524,0.069582,0.089724,0.09888,0.091556,0.095218,0.053102,0.0412,0.076907,0.070498,0.054933,0.01648,0.0091556,0.010987,0.0036622,-0.0073244,0.010987,0.011902,-0.0045778,0.014649,0.028382,0.017396,-0.0091556,-0.01648,-0.040284,-0.021058,-0.022889,-0.036622,-0.052187,-0.039369,0.010071,0.056764,0.0036622,-0.099796,-0.15381,-0.13825,-0.10437,-0.0824,-0.1822,-0.26551,-0.24171,-0.2472,-0.24537,-0.19868,-0.0824,-0.12726,-0.18403,0.021973,0.077822,0.010987,-0.43306,-0.31404,0.020142,0.141,-0.35249,-0.4294,0.15656,0.12085,0.23072,0.24171,0.26826,0.26734,0.2884,0.31312,0.32228,0.31953
0.33052,0.32136,0.30305,0.28657,0.29756,0.29206,0.25544,0.24537,0.23896,0.24995,0.29572,0.32411,0.32411,0.29023,0.2298,0.21699,0.25636,0.24445,0.23621,0.23072,0.21058,0.20692,0.23072,0.29664,0.30671,0.34974,0.33235,0.24537,0.20783,0.23988,0.27375,0.25819,0.20051,0.088809,0.021058,-0.043031,-0.047609,0.011902,0.16388,0.1474,0.01648,-0.062258,-0.13733,-0.17212,-0.046693,0.051271,-0.12909,-0.12085,0.06592,-0.19501,-0.19593,0.21241,0.46052,-0.82766,-1.4365,-2.3338,-3.4516,-1.6947,0.14832,0.13642,0.12726,0.13276,0.1529,0.17304,0.18036,0.19501
0.20051,0.19593,0.1767,0.17304,0.16846,0.17762,0.206,0.22431,0.23988,0.2646,0.24445,0.21058,0.23988,0.25086,0.27558,0.29206,0.33326,0.36897,0.33967,0.3003,0.23804,0.25636,0.206,0.17945,0.20508,0.25452,0.27192,0.206,0.11628,0.10895,0.086978,0.13733,0.14191,0.12635,0.089724,0.037538,-0.033876,-0.021058,0.047609,0.058596,-0.0412,-0.07416,0.028382,0.19501,-0.04944,0.19227,0.033876,-0.26093,-0.32319,-0.36805,0.0073244,-0.33876,-1.4383,-4.1539,-2.5947,-0.72237,-0.45961,-1.4356,0.033876,0.01648,0.047609,0.073244,0.058596,0.07416,0.17762,0.24903
0.21424,0.17762,0.15839,0.17487,0.20051,0.21699,0.21699,0.23347,0.23164,0.20508,0.20325,0.21973,0.23621,0.25361,0.28382,0.29298,0.27558,0.24079,0.23072,0.19868,0.19135,0.2353,0.23713,0.19959,0.18586,0.19227,0.19227,0.22065,0.23713,0.29664,0.28291,0.23347,0.13733,0.10071,0.16388,0.23713,0.19318,0.095218,0.0018311,-0.052187,0.031129,0.13733,0.072329,-0.13916,-0.31861,0.039369,0.28748,0.45869,-0.042116,-0.42024,-0.39552,0.5768,1.1115,0.37446,-1.0428,-3.1715,-2.8648,-0.49806,-0.079653,-0.075991,-0.080569,-0.038453,-0.013733,-0.013733,-0.0045778,-0.010071
0.014649,0.011902,-0.038453,-0.10346,-0.10895,-0.076907,-0.046693,-0.061342,-0.048524,-0.017396,-0.033876,-0.018311,0.0027467,0.075076,0.12268,0.1529,0.15931,0.13459,0.068667,0.11078,0.1355,-0.21424,-0.22248,-0.15015,-0.23621,-0.14557,-0.0018311,0.033876,-0.1941,-0.26276,-0.20875,-0.28657,-0.24354,-0.030213,0.10895,0.0054933,-0.16663,-0.11994,-0.077822,-0.051271,-0.047609,-0.00824,0.086062,-0.034791,-0.1767,-0.1886,-0.02472,-0.052187,-0.26276,-0.56215,-0.093387,0.47975,0.40284,0.34883,0.66378,-0.017396,0.43489,1.6343,-0.1822,-0.1767,-0.14466,-0.0824,-0.075991,-0.10895,-0.086978,-0.040284
0.03296,0.080569,0.088809,0.06592,0.045778,0.031129,0.064089,0.058596,0.09064,0.10071,0.10895,0.13001,0.13916,0.13184,0.11444,0.086062,0.092471,0.097049,0.095218,0.11078,0.094302,0.060427,0.083316,0.13001,0.11261,0.062258,0.073244,0.19959,-0.015564,0.023804,0.067751,0.10254,0.030213,0.030213,-0.037538,-0.093387,0.00824,0.11719,0.077822,-0.072329,-0.15839,-0.18494,-0.10346,0.066836,0.15656,0.055849,-0.00824,-0.20051,0.37263,0.37904,-0.19227,0.86886,0.89358,-0.5594,-1.5152,-1.7478,-1.4576,0.23804,-0.021973,0.015564,0.058596,0.089724,0.09888,0.10254,0.14466,0.16022
0.12177,0.11078,0.099796,0.13001,0.17304,0.1822,0.16846,0.14283,0.11536,0.093387,0.141,0.17579,0.14374,0.12635,0.11719,0.13367,0.1474,0.13184,0.10895,0.075076,0.058596,0.080569,0.087893,0.036622,0.061342,0.027467,0.10712,0.13642,0.20875,0.27284,0.20234,0.14466,0.11902,0.17762,0.2179,0.20692,0.080569,0.075076,0.1822,0.084231,0.0064089,-0.019227,0.0045778,-0.10071,-0.44221,-0.25269,-0.087893,-0.39552,-0.31037,0.48982,0.8478,0.95126,0.82675,-0.553,-2.071,-2.9499,-1.9602,-1.8403,-0.086978,-0.092471,-0.069582,-0.03296,-0.0064089,-0.021058,-0.014649,-0.019227
-0.0064089,0.03296,0.059511,0.071413,0.053102,0.021058,-0.0054933,0.015564,0.032044,0.054933,0.076907,0.087893,0.088809,0.09888,0.10804,0.091556,0.11353,0.077822,0.095218,0.10346,0.12268,0.1117,0.16022,0.17945,0.21699,0.18494,0.16388,0.021973,0.13642,0.09064,0.025636,0.089724,0.15931,-0.11994,-0.071413,0.035707,-0.017396,-0.1767,-0.412,-0.36348,0.37172,0.50447,-0.048524,-0.38179,-0.34608,-0.10163,0.13459,0.048524,0.65188,1.2369,0.82125,-0.66103,-2.0792,-2.873,-0.45686,-0.28748,-3.2612,-1.1252,-0.093387,-0.088809,-0.086978,-0.10529,-0.1117,-0.13459,-0.15015,-0.1355
-0.13276,-0.15656,-0.19044,-0.1941,-0.206,-0.19044,-0.14466,-0.097049,-0.034791,-0.021058,-0.010987,-0.013733,-0.05768,-0.10163,-0.09888,-0.094302,-0.060427,0.0045778,0.062258,0.031129,-0.011902,-0.025636,0.045778,0.059511,0.055849,0.039369,-0.0027467,-0.01648,0.00824,0.011902,0.029298,0.065004,0.12909,0.073244,-0.051271,-0.058596,0.10254,0.14649,0.073244,0.034791,-0.072329,-0.096133,-0.13184,-0.2353,-0.097049,-0.0824,-0.23438,-0.46052,-0.27558,0.43489,1.1298,0.056764,0.7297,-0.096133,-1.0739,-1.5015,-3.2026,-0.99429,-0.054933,0.0018311,0.011902,-0.010071,-0.0036622,-0.062258,-0.1236,-0.1767
-0.20234,-0.1767,-0.064089,0.050356,0.070498,0.030213,0.0054933,-0.0073244,-0.028382,-0.052187,-0.0412,-0.021973,0.026551,0.065004,0.10895,0.12543,0.080569,0.076907,0.11353,0.12543,0.1062,0.09064,0.096133,0.06592,0.13916,0.18128,0.13184,0.086062,0.11628,0.20508,0.15015,0.10437,0.088809,0.092471,0.17304,0.20417,0.21332,0.13642,0.023804,-0.11628,-0.16663,-0.14374,-0.079653,-0.17029,-0.54567,-0.35798,-0.021058,0.73702,0.44221,0.94394,0.52187,-0.73702,-1.8091,-2.8007,-0.83407,0.22706,-1.55,-2.2926,0.13276,0.1886,0.17304,0.11628,0.11994,0.15473,0.1822,0.1822
0.1941,0.19593,0.13459,0.10163,0.1062,0.12635,0.10254,0.075991,0.062258,0.061342,0.066836,0.092471,0.086062,0.076907,0.073244,0.029298,-0.0064089,0.03296,0.065004,0.10712,0.13184,0.13001,0.096133,-0.036622,-0.056764,0.038453,0.00824,-0.10437,-0.20692,-0.2472,-0.23438,-0.13916,-0.12268,-0.2234,-0.25636,-0.27467,-0.29481,-0.25269,-0.21332,-0.20234,-0.10804,0.021058,0.033876,0.067751,0.084231,0.086062,-0.048524,-0.084231,0.068667,0.14924,0.033876,0.068667,-0.0036622,0.16388,0.56124,0.97873,1.7331,2.8465,-0.073244,-0.077822,-0.079653,-0.045778,-0.063173,-0.097964,-0.10254,-0.10987
-0.13184,-0.16297,-0.17396,-0.17304,-0.1822,-0.20417,-0.20417,-0.20966,-0.206,-0.20234,-0.20325,-0.23896,-0.21607,-0.17487,-0.1767,-0.17579,-0.15381,-0.14466,-0.18036,-0.18952,-0.14374,-0.11994,-0.11902,-0.14832,-0.141,-0.1355,-0.14374,-0.20875,-0.23988,-0.2179,-0.206,-0.26643,-0.31678,-0.34791,-0.40101,-0.44404,-0.46876,-0.49165,-0.4944,-0.42756,-0.48067,-0.62899,-0.46236,-0.10071,-0.051271,-0.16755,-0.19776,-0.1529,-0.021973,0.23804,0.25269,0.18952,0.43031,0.10437,0.21241,0.043031,0.41841,1.3569,0.0064089,-0.019227,-0.043031,-0.01648,-0.010071,-0.026551,-0.050356,-0.07416
-0.078738,-0.067751,-0.046693,-0.053102,-0.071413,-0.054018,-0.043947,-0.086062,-0.12085,-0.11078,-0.10712,-0.14649,-0.21699,-0.21607,-0.21149,-0.21149,-0.28108,-0.32594,-0.29023,-0.23255,-0.20966,-0.21241,-0.21516,-0.26734,-0.26276,-0.24354,-0.22248,-0.22065,-0.20966,-0.27741,-0.36531,-0.27284,-0.21699,-0.24812,-0.32777,-0.38636,-0.3882,-0.29023,-0.23438,-0.37355,-0.56307,-0.58962,-0.66195,-0.49898,-0.477,-0.48433,-0.48341,-0.40559,-0.31495,-0.24445,-0.10529,0.020142,-0.044862,-0.03296,0.056764,0.17487,0.66469,2.1378,0.0036622,0.0027467,-0.0018311,0.026551,0.043947,0.051271,0.079653,0.07416
0.088809,0.089724,0.045778,0.023804,-0.011902,-0.048524,-0.067751,-0.060427,-0.01648,-0.010071,-0.018311,-0.030213,-0.047609,-0.072329,-0.088809,-0.10346,-0.079653,-0.050356,-0.052187,-0.07416,-0.12177,-0.16114,-0.18494,-0.17945,-0.18128,-0.20966,-0.19135,-0.18677,-0.25178,-0.35066,-0.26185,-0.1941,-0.11536,-0.21424,-0.26368,-0.20142,-0.07416,-0.07416,-0.14466,-0.26368,-0.043031,-0.011902,-0.28657,-0.28474,-0.094302,0.065004,-0.10254,-0.034791,0.094302,-0.058596,-0.13367,-0.18128,-0.12635,0.045778,0.038453,0.20966,0.15473,0.25086,0.24171,0.24262,0.23255,0.19868,0.19227,0.22156,0.23438,0.18403
0.14557,0.10529,0.068667,0.045778,0.022889,0.020142,0.0045778,0.027467,0.02472,0.028382,0.043947,0.034791,0.010071,-0.043031,-0.067751,-0.067751,-0.10712,-0.18311,-0.20142,-0.21516,-0.21424,-0.28108,-0.23896,-0.23072,-0.20508,-0.27192,-0.33052,-0.34516,-0.30122,-0.34608,-0.42848,-0.55574,-0.48341,-0.52828,-0.63356,-0.62807,-0.63906,-0.59328,-0.56124,-0.52919,-0.48067,-0.32777,-0.26643,-0.29115,-0.36622,-0.28932,-0.29572,-0.33052,-0.2646,-0.39552,-0.29023,-0.51088,-0.15015,0.29206,0.28291,0.41749,0.87069,1.1444,0.22523,0.25636,0.23988,0.18769,0.11444,0.10437,0.18677,0.23896
0.20875,0.096133,-0.029298,-0.062258,-0.076907,-0.16572,-0.20234,-0.14924,-0.066836,-0.038453,-0.066836,-0.069582,-0.0824,-0.077822,-0.11353,-0.11261,-0.12268,-0.14557,-0.22156,-0.2646,-0.28199,-0.34333,-0.34242,-0.35798,-0.44954,-0.45869,-0.46419,-0.35615,-0.20325,-0.22156,-0.20692,-0.19868,-0.18036,-0.061342,-0.021058,-0.17396,-0.56764,-0.67385,-0.40284,-0.27924,-0.29115,-0.27833,-0.18311,-0.29481,-0.25269,-0.09064,-0.13276,0.059511,0.31404,0.020142,-0.00091556,-0.10895,-0.28657,-0.22156,0.21332,1.5986,2.2312,2.1992,-0.23347,-0.2234,-0.099796,-0.010071,0.04944,0.056764,0.044862,0.059511
0.054933,0.010071,0.051271,0.081484,0.071413,0.039369,0.01648,0.018311,0.042116,0.10895,0.10529,0.085147,0.13459,0.17212,0.20692,0.19684,0.18036,0.22248,0.17212,0.23804,0.28748,0.271,0.23713,0.30213,0.31495,0.33326,0.46236,0.49532,0.48616,0.44404,0.50081,0.54659,0.59694,0.54567,0.48341,0.5118,0.71047,0.43855,0.37812,0.36073,0.34333,0.18769,0.1474,0.27192,0.32411,0.19227,0.16755,0.11811,-0.0018311,-0.1062,0.04944,-1.0071,-1.941,-2.971,-2.775,-3.4214,-4.478,-5.3267,-0.18403,-0.1767,-0.13184,-0.093387,-0.10437,-0.10346,-0.085147,-0.021973
0.025636,0.042116,0.036622,0.0045778,-0.026551,-0.086978,-0.042116,0.0027467,0.05768,0.085147,0.10895,0.11444,0.13276,0.13642,0.12909,0.13642,0.17121,0.22706,0.28382,0.28474,0.26551,0.2353,0.094302,0.28108,0.51546,0.69765,0.72329,0.46602,0.35066,0.30854,0.36073,0.56673,0.52095,0.48982,0.53194,0.36164,0.57497,0.51454,0.56581,0.46876,0.46327,0.51271,0.5594,0.54476,0.51637,0.43672,0.42482,0.69124,0.33967,0.080569,0.10987,0.16114,0.17396,0.21332,-0.33509,-0.25452,-0.86245,-0.78921,0.0091556,-0.03296,-0.06592,-0.14374,-0.21149,-0.23621,-0.19227,-0.015564
0.093387,0.11353,0.030213,-0.12268,-0.078738,-0.060427,-0.047609,0.021058,-0.017396,-0.036622,0.022889,0.076907,0.11536,0.15473,0.14557,0.09888,0.059511,0.00824,0.0064089,0,0.013733,0.075991,0.11261,0.11719,0.083316,0.025636,0.011902,0.037538,0.06592,0.13916,0.27467,0.22706,0.039369,0.27467,0.29664,0.39094,0.3415,0.28016,0.37355,0.23164,0.27741,0.29572,0.13733,0.067751,0.18128,-0.033876,-0.21699,0.045778,0.080569,0.25636,-0.17121,-0.32868,-1.2552,-2.7284,-2.776,-3.4342,-4.7298,-5.594,0.32777,0.27375,0.2765,0.3415,0.38087,0.3946,0.36531,0.34516
0.37355,0.38911,0.39552,0.33876,0.31953,0.31953,0.3122,0.34425,0.43214,0.41017,0.36988,0.32685,0.37172,0.4532,0.47151,0.46785,0.47334,0.53652,0.60152,0.55574,0.55849,0.57314,0.58046,0.56215,0.618,0.63906,0.64913,0.68026,0.62166,0.57772,0.63814,0.68941,0.71688,0.79836,0.86337,0.83682,0.90732,1.0291,1.0959,1.0822,0.94852,0.86245,0.87985,0.93844,0.73702,0.67751,0.66012,0.40193,0.28199,0.13001,0.088809,-0.038453,-0.15473,0.022889,0.031129,-0.42573,-0.5768,-0.94302,-0.099796,-0.03296,0.0091556,-0.010071,-0.02472,-0.054933,-0.0824,-0.093387
-0.093387,-0.055849,-0.048524,-0.050356,-0.07416,-0.07416,-0.020142,0.014649,0.01648,-0.00091556,-0.065004,-0.11719,-0.096133,-0.034791,0.086978,0.13001,0.079653,0.060427,0.12635,0.25636,0.36348,0.45045,0.42756,0.30671,0.35615,0.3415,0.53835,0.4825,0.3946,0.16114,0.19318,0.30763,0.33143,0.13916,-0.091556,-0.065004,0.23988,0.20875,0.035707,-0.32044,-0.17853,-0.10163,-0.031129,0.0054933,-0.17579,-0.33509,-0.35157,-0.25086,-0.073244,0.25452,-0.65188,-0.45045,-1.0895,-1.9007,-3.0882,-3.1358,-4.6986,-5.3899,0.038453,0.043031,-0.01648,0.0064089,0.0036622,-0.0045778,-0.0073244,-0.00091556
-0.00824,-0.032044,-0.030213,-0.02472,0.012818,-0.045778,-0.11536,0.00824,0.01648,0.042116,-0.0027467,-0.09064,-0.10437,-0.019227,-0.0036622,0,0.043031,0.11994,0.21241,0.26368,0.19776,0.17853,0.37446,0.4294,0.41017,0.55666,0.5063,0.43489,0.43947,0.36988,0.30213,0.40742,0.40376,0.40742,0.33235,0.32136,0.24445,0.30488,0.35066,0.34425,0.26734,0.04944,-0.010987,0.020142,0.10163,0.206,0.31861,0.20783,0.17121,-0.29572,-0.15656,-0.31678,-1.6663,-1.7322,-1.9089,-1.4521,-2.3667,-4.3718,-0.17029,-0.095218,-0.06592,-0.03296,-0.043031,-0.040284,0.015564,0.073244
0.097049,0.099796,0.11444,0.10804,0.11261,0.11078,0.085147,0.076907,0.12543,0.1529,0.17304,0.14466,0.11444,0.12635,0.12726,0.20875,0.18403,0.20966,0.2472,0.2646,0.31861,0.33235,0.43306,0.39003,0.61525,0.37172,0.50356,0.51271,0.46602,0.40559,0.38179,0.40925,0.40742,0.39094,0.3946,0.41108,0.37538,0.35432,0.25819,0.14191,-0.1941,-0.26368,-0.16388,-0.14924,-0.1117,0.0027467,0.069582,0.022889,-0.55025,0.017396,-0.92196,-1.7936,-2.2971,-2.4583,-2.1305,-2.4107,-3.7675,-4.3516,-3.5295,-3.1275,-2.4134,-1.3944,-0.824,-0.48708,-0.19135,0.1117
0.25636,0.086062,-0.35432,-0.73336,-0.81027,-1.3605,-1.8751,-1.659,-1.5894,-1.8494,-1.5976,-1.3129,-1.2918,-1.2314,-1.0804,-0.79928,-0.6006,-0.47517,-0.71871,-0.66744,0.010987,-0.054018,-0.012818,0.078738,0.089724,0.035707,-0.026551,-0.14008,-0.13367,0.043031,0.141,0.053102,-0.0036622,-0.0064089,0.12177,0.14924,-0.014649,-0.065004,0.021973,0.1117,0.12818,0.17304,0.13184,0.1648,0.23713,0.26368,0.11353,-0.061342,-0.16663,-0.29481,-0.97964,-1.0337,-0.36256,-0.12726,-0.13825,-0.14649,-0.11078,-0.17487,-0.15381,-0.12909,-0.12818,-0.13001,-0.085147,-0.10895,-0.11628,-0.11261
-0.11719,-0.095218,-0.1117,-0.12635,-0.10712,-0.18677,-0.16114,-0.14008,-0.13733,-0.085147,-0.073244,-0.1062,-0.13184,-0.14557,-0.088809,-0.081484,-0.084231,-0.10529,-0.12177,-0.072329,-0.0412,-0.091556,-0.15473,-0.15564,-0.1062,0.02472,-0.017396,-0.060427,-0.011902,-0.023804,-0.0036622,0.075076,0.0073244,-0.0091556,0.014649,0.051271,0.0412,0.038453,0.1474,0.011902,-0.2591,-0.25727,-0.076907,-0.12177,-0.41292,0.29115,2.8025,-0.91739,-1.0895,1.139,0.09064,0.3296,2.7714,-0.071413,-0.069582,-0.076907,-0.11261,-0.13459,-0.020142,-0.095218,-0.10346,-0.13459,-0.16022,-0.13642,-0.079653,-0.054018
-0.095218,-0.14283,-0.16572,-0.12726,-0.070498,-0.09064,-0.03296,-0.064089,-0.040284,-0.0824,-0.12268,-0.085147,-0.084231,-0.070498,-0.068667,-0.054933,-0.065004,-0.083316,-0.086978,-0.080569,-0.053102,-0.054018,-0.050356,-0.079653,-0.046693,-0.070498,-0.02472,-0.048524,-0.077822,-0.060427,-0.094302,-0.076907,-0.043947,-0.025636,-0.019227,-0.029298,-0.10804,-0.16205,-0.10254,-0.013733,0.017396,-0.054018,-0.026551,0.033876,0.10437,0.2353,0.34883,0.49898,0.2646,-0.15931,-1.1838,-2.7448,2.3328,-0.09888,-0.1062,-0.13276,-0.14832,-0.14466,-0.11902,-0.11444,-0.12085,-0.12452,-0.13825,-0.1648,-0.12726,-0.14466
-0.11811,-0.20875,-0.20783,-0.18403,-0.19593,-0.17487,-0.21241,-0.23988,-0.18952,-0.18952,-0.15656,-0.14191,-0.19593,-0.14924,-0.091556,-0.069582,-0.23804,-0.13092,0.16755,-0.1474,-0.015564,-0.086978,-0.0054933,-0.09064,-0.10437,-0.14466,-0.26917,-0.28016,-0.2884,-0.20051,-0.091556,-0.16572,-0.17029,-0.16388,-0.13916,-0.17029,-0.14191,-0.18036,-0.11811,-0.054018,-0.087893,-0.086978,-0.036622,-0.17762,-0.012818,0.3708,0.51363,0.90091,-0.61525,-1.6663,-2.1021,-4.2994,-0.97781,-0.054018,-0.05768,-0.047609,-0.037538,-0.045778,-0.043031,-0.028382,-0.038453,-0.042116,-0.039369,-0.047609,-0.043031,-0.047609
-0.010071,-0.027467,-0.044862,-0.032044,-0.01648,0.0091556,0.0064089,-0.010071,-0.014649,0.010071,0.030213,0.0018311,-0.020142,-0.0054933,0,-0.0018311,0.0045778,-0.00824,-0.00824,-0.026551,-0.032044,0.0018311,0.022889,0.036622,0.043031,0.037538,0.028382,0.066836,0.073244,0.056764,0.019227,0.023804,0.000916,-0.036622,-0.022889,0.032044,0.11628,0.11536,-0.0036622,-0.085147,-0.058596,0.000916,0.0064089,0.014649,0.01648,0.025636,0.09064,0.11261,-0.038453,-0.41658,-0.95035,-0.37538,-0.36714,-0.019227,0.037538,0.0036622,-0.0045778,0.027467,0.050356,0.010987,0.014649,0.032044,0.00824,-0.036622,-0.053102,-0.0018311
0.0027467,-0.023804,0.011902,-0.0073244,-0.000916,-0.027467,-0.050356,-0.038453,-0.023804,-0.047609,-0.076907,-0.075991,-0.072329,-0.085147,-0.053102,-0.063173,-0.063173,-0.025636,-0.065004,-0.078738,-0.050356,-0.015564,-0.071413,-0.12909,-0.040284,-0.056764,-0.068667,0.019227,-0.010071,-0.0824,-0.0412,0.014649,0.01648,-0.030213,-0.061342,-0.046693,0.026551,0.030213,0.09064,0.084231,0.042116,0.065004,-0.00824,0.034791,0.20783,0.21973,0.10346,-0.16938,-1.1737,-1.3129,-1.1509,-0.57772,1.2067,0.000916,-0.1062,-0.11811,-0.17579,-0.16388,-0.11902,-0.11994,-0.17121,-0.16755,-0.34883,-0.10254,-0.15748,-0.12726
-0.15381,-0.17579,-0.17487,-0.22065,-0.14466,-0.12177,-0.097964,-0.10529,-0.09888,-0.10163,-0.12452,-0.064089,-0.010987,-0.018311,-0.029298,-0.010987,-0.05768,-0.033876,0,0.0045778,0.020142,0.032044,0.037538,-0.027467,0.0018311,-0.022889,-0.031129,-0.013733,0.010987,-0.0027467,-0.028382,-0.032044,-0.021973,0.01648,0.03296,-0.010071,-0.14008,-0.11078,0.0064089,-0.048524,0.0064089,-0.019227,-0.050356,-0.085147,0.086978,0.4651,0.36897,-0.037538,0.036622,-0.26551,-1.2836,-0.75808,-0.88168,-0.1355,-0.11536,-0.14924,-0.13916,-0.087893,-0.12268,-0.13825,-0.13825,-0.13733,-0.11536,-0.1648,-0.14649,-0.16114
-0.1822,-0.20325,-0.18677,-0.16755,-0.15198,-0.16114,-0.16022,-0.16297,-0.1648,-0.16572,-0.15839,-0.12818,-0.12543,-0.14008,-0.11444,0.031129,-0.037538,-0.26917,-0.19501,-0.02472,-0.083316,-0.086062,-0.09064,0.066836,0.12818,0.03296,-0.17121,-0.05768,0.11994,-0.23988,-0.20142,-0.0824,-0.095218,-0.21699,-0.24628,-0.12543,-0.080569,-0.13642,-0.16846,-0.1117,-0.026551,0.043031,-0.10804,0.00091556,0.010987,0.2765,0.23347,0.17853,0.13184,0.477,2.6753,2.7357,30,-0.11719,-0.11902,-0.072329,-0.05768,-0.10712,-0.097964,-0.097049,-0.094302,-0.097049,-0.10346,-0.089724,-0.09064,-0.10346
-0.11994,-0.099796,-0.11261,-0.12268,-0.14649,-0.15564,-0.16297,-0.11902,-0.10987,-0.15015,-0.16022,-0.11261,-0.097049,-0.12909,-0.13916,-0.17121,-0.14008,-0.069582,-0.10895,-0.14649,-0.17121,-0.12818,-0.13276,-0.20508,-0.15564,-0.11536,-0.15015,-0.17853,-0.11261,-0.0412,0.015564,0.010987,-0.089724,-0.11444,-0.10346,-0.10987,-0.093387,-0.084231,-0.03296,-0.044862,-0.32228,-0.17029,0.19776,-0.16297,-0.0054933,0.47609,0.23988,0.55025,0.57039,0.93661,2.5864,7.3757,-29.786,-0.010071,-0.41749,-0.7297,-0.40101,-0.42482,-0.50905,-0.36805,-0.23347,-0.043031,0.091556,0.054018,0.014649,0.14832
0.30946,0.10712,0.031129,-0.078738,-0.23164,-0.34516,-0.25269,-0.2765,-0.20783,-0.33967,-0.5182,-0.59969,-0.54933,-0.683,-0.62166,-0.17762,0.18586,-0.13459,0.27741,0.61159,0.50081,1.355,1.214,0.36897,0.47792,0.54659,0.48067,0.52278,0.64089,0.59328,0.49715,0.55116,0.73428,0.80844,0.78555,0.73702,0.64913,0.58962,0.58596,0.68575,0.60793,0.59053,0.61892,0.69216,0.84506,0.76357,0.71963,0.29847,0.18586,0.12268,0.25269,0.46327,30,1.789,1.789,1.8046,1.8183,1.7734,1.7844,1.7936,1.8155,1.8009,1.7963,1.789,1.7734,1.7414
1.7139,1.7002,1.6782,1.7057,1.7148,1.713,1.7158,1.7505,1.7826,1.7899,1.7771,1.8,1.8174,1.745,1.7249,1.7304,1.7743,1.724,1.6581,1.6727,1.5647,1.5537,1.5867,1.6407,1.6498,1.5903,1.5693,1.5281,1.5619,1.5555,1.5299,1.4914,1.5281,1.4924,1.4264,1.3395,1.2076,1.1802,1.1774,1.1939,1.1802,1.0117,0.85696,0.72237,0.58962,0.60793,0.72604,0.7297,0.59603,0.33601,-0.029298,-2.3402,-3.5478,1.6929,1.7194,1.7258,1.7212,1.7066,1.6681,1.7048,1.7441,1.7167,1.6901,1.7038,1.7322,1.7734
1.8073,1.8329,1.8183,1.7624,1.7423,1.7524,1.7624,1.735,1.7048,1.7066,1.7396,1.7734,1.8357,1.8622,1.8375,1.8238,1.865,1.8851,1.7515,1.6654,1.6498,1.637,1.5638,1.5107,1.4722,1.3935,1.388,1.4127,1.4713,1.5033,1.475,1.4969,1.4997,1.4393,1.3477,1.3614,1.3431,1.2516,1.1344,1.0675,1.0245,0.93295,0.65371,0.46693,0.4001,0.50996,0.70864,0.82766,0.73519,0.17029,-0.4944,-2.9307,-4.7087,1.7478,1.7057,1.7386,1.756,1.735,1.7084,1.713,1.7313,1.7881,1.8027,1.7917,1.7881,1.8155
1.8247,1.8348,1.8082,1.7945,1.7707,1.7597,1.7643,1.7689,1.7716,1.7634,1.7414,1.7103,1.7139,1.724,1.7414,1.7423,1.7414,1.7313,1.702,1.6993,1.6883,1.6663,1.6169,1.5775,1.5537,1.5079,1.5555,1.6105,1.605,1.5244,1.5152,1.5152,1.366,1.2278,1.1151,1.1417,1.1527,1.2149,1.1307,1.1014,1.0575,1.0016,0.81576,0.56856,0.41932,0.38453,0.70498,0.96957,0.77731,0.58046,-0.010071,-1.3102,-4.7243,1.7634,1.7194,1.7524,1.7716,1.8036,1.8055,1.8046,1.7853,1.7853,1.789,1.7762,1.767,1.7789
1.7991,1.8018,1.8155,1.7771,1.7716,1.7734,1.7716,1.7515,1.7643,1.7396,1.7158,1.6929,1.6974,1.7158,1.713,1.6855,1.6544,1.6489,1.6334,1.6498,1.6544,1.5922,1.5601,1.5491,1.5445,1.5262,1.5052,1.5235,1.5226,1.4887,1.5015,1.474,1.3752,1.3047,1.2635,1.2671,1.2918,1.2589,1.0831,0.87069,1.0181,0.8359,0.84597,0.79836,0.66652,0.46876,0.24537,0.31861,0.31037,0.085147,-0.38911,-1.2012,-7.4837,1.6123,1.6581,1.6901,1.724,1.6901,1.7753,1.8146,1.626,1.6691,1.8082,1.8174,1.7762,1.7505
1.7048,1.6919,1.6956,1.7038,1.6984,1.7158,1.7212,1.7167,1.7029,1.7066,1.7075,1.6663,1.6746,1.6736,1.6407,1.637,1.5555,1.5619,1.5793,1.6041,1.5619,1.5336,1.5574,1.6013,1.5949,1.5647,1.4612,1.4063,1.3962,1.3926,1.3779,1.3358,1.3523,1.333,1.2818,1.2479,1.2195,1.2571,1.2177,1.0895,0.90091,0.82583,0.81942,0.7947,0.75991,0.67476,0.53926,0.31587,0.032044,-0.25452,-1.6746,-0.65279,-6.1681,1.7277,1.7322,1.7469,1.7652,1.7753,1.767,1.7771,1.7927,1.7963,1.7734,1.7551,1.7588,1.7487
1.7267,1.7313,1.7652,1.7496,1.7377,1.713,1.7139,1.7093,1.7066,1.7084,1.7066,1.691,1.6599,1.648,1.6187,1.6086,1.6334,1.6187,1.6022,1.6187,1.5574,1.5024,1.4548,1.5088,1.5317,1.4869,1.4649,1.4466,1.4502,1.453,1.4209,1.3166,1.2369,1.2049,1.0154,1.1921,1.3495,1.2964,1.1664,1.1628,1.095,1.0291,1.0025,0.93295,0.83224,0.84323,0.70864,0.34791,-0.069582,-0.40834,-1.0071,-1.93,-6.1864,1.7505,1.8256,1.8256,1.8137,1.767,1.8311,1.8055,1.7661,1.7579,1.7423,1.735,1.7112,1.7148
1.713,1.7258,1.756,1.7487,1.7441,1.7277,1.7029,1.7579,1.7853,1.7313,1.6855,1.6553,1.659,1.6672,1.637,1.6141,1.5894,1.5821,1.5656,1.5683,1.529,1.5244,1.5482,1.5473,1.5134,1.3678,1.5253,1.4347,1.3605,1.3092,1.4072,1.453,1.4274,1.42,1.3981,1.3129,1.225,1.16,1.1252,1.0987,1.0566,1.0364,0.94302,0.85147,0.86795,0.6885,0.52828,0.25086,0.084231,-0.14649,-0.82766,-1.4475,-10.875,1.6608,1.7222,1.746,1.767,1.7588,1.7487,1.7515,1.7478,1.7304,1.7322,1.7331,1.7304,1.7176
1.7295,1.7377,1.7103,1.6974,1.7066,1.7304,1.6828,1.6214,1.6288,1.6727,1.6626,1.6269,1.6251,1.6279,1.6288,1.5903,1.5592,1.55,1.5473,1.5308,1.5088,1.4896,1.4274,1.4493,1.5619,1.5464,1.4786,1.5052,1.518,1.4649,1.4539,1.3907,1.3221,1.2241,1.1463,1.1554,1.1664,1.1298,1.1151,1.0694,1.073,1.0648,1.1115,1.1042,0.84964,0.70589,0.52644,0.3415,-0.30213,-0.71505,-1.5189,-2.8071,-7.1551,1.7707,1.7817,1.7927,1.7753,1.7817,1.7917,1.7982,1.8311,1.8183,1.7789,1.7478,1.767,1.7707
1.7341,1.7249,1.7148,1.7258,1.7075,1.7084,1.7231,1.7066,1.7075,1.6974,1.6773,1.6663,1.6791,1.6709,1.6388,1.6123,1.6041,1.5363,1.5381,1.5665,1.5702,1.5299,1.5143,1.5262,1.54,1.5445,1.4969,1.4374,1.3862,1.3367,1.41,1.5299,1.5372,1.4338,1.3678,1.3404,1.2534,1.182,1.0465,0.94577,0.88534,1.2113,1.3001,0.89908,0.42665,0.21516,0.23804,0.15931,0.091556,-0.10529,-0.48067,-0.4294,-9.2599,-0.19501,-0.22431,-0.24445,-0.22065,-0.19684,-0.15381,-0.13276,-0.094302,-0.091556,-0.10804,-0.11536,-0.15015,-0.17853
-0.16938,-0.15839,-0.16388,-0.19044,-0.17762,-0.14283,-0.11078,-0.10254,-0.075076,-0.05768,-0.021058,0.013733,0.065004,0.091556,0.096133,0.054933,0.051271,0.019227,-0.054933,-0.096133,-0.10804,-0.075076,-0.030213,-0.018311,-0.014649,-0.067751,0.0073244,0.095218,0.15656,0.10987,0.021058,-0.10163,-0.15473,-0.047609,0.01648,0.081484,-0.032044,-0.0073244,0.29939,0.33509,0.26917,0.39918,0.58962,0.73702,0.91189,0.79836,0.70315,0.83682,1.3248,3.2704,5.7826,5.4585,6.6167,-0.15839,-0.17121,-0.17853,-0.19318,-0.20692,-0.22248,-0.21241,-0.19776,-0.15198,-0.12818,-0.1355,-0.16572,-0.16388
-0.1529,-0.1474,-0.17487,-0.18494,-0.17579,-0.14557,-0.10529,-0.141,-0.19501,-0.21058,-0.23347,-0.24171,-0.23438,-0.20692,-0.036622,0.10254,0.23164,0.14924,0.081484,0.051271,0.043947,0.053102,0.10895,0.070498,0.10437,0.1236,0.088809,0.081484,0.11261,0.18586,0.18494,0.11078,0.097049,0.141,0.085147,0.18952,0.21882,0.2472,0.17029,0.16846,0.19776,0.33418,0.42756,0.34425,0.44588,0.62441,0.58779,0.28291,0.31312,0.52553,0.44313,1.4026,8.8388,-0.11261,-0.088809,-0.11353,-0.1062,-0.075991,-0.071413,-0.09064,-0.12818,-0.17029,-0.19501,-0.20966,-0.23255,-0.23896
-0.23988,-0.24445,-0.23896,-0.23255,-0.22614,-0.20783,-0.1822,-0.18311,-0.19318,-0.19684,-0.19776,-0.19868,-0.20783,-0.19684,-0.17853,-0.1474,-0.15198,-0.2234,-0.27924,-0.30396,-0.29115,-0.30763,-0.28199,-0.28565,-0.24903,-0.28108,-0.33418,-0.3589,-0.3827,-0.41566,-0.43214,-0.43031,-0.31587,-0.29756,-0.25269,-0.3296,-0.2591,-0.34608,-0.27833,-0.10346,0.028382,0.061342,0.16938,0.19868,0.28382,0.42299,0.5887,0.81851,1.4045,2.4986,3.1761,5.0136,8.3242,-0.19959,-0.19959,-0.20142,-0.19959,-0.21332,-0.21058,-0.24537,-0.29115,-0.30488,-0.3003,-0.28748,-0.28016,-0.30671
-0.30763,-0.33876,-0.33692,-0.32044,-0.29939,-0.31129,-0.35157,-0.36439,-0.36256,-0.33143,-0.30763,-0.27192,-0.26093,-0.24628,-0.27284,-0.24445,-0.16297,-0.040284,0.035707,0.10712,0.17487,0.079653,-0.036622,-0.13825,-0.2298,-0.206,-0.25452,-0.28565,-0.28657,-0.28199,-0.26826,-0.25452,-0.26185,-0.26826,-0.26643,-0.1767,-0.11353,-0.051271,0.078738,0.086062,0.19227,0.33784,0.5118,0.67568,0.5942,0.38728,0.24903,0.25819,0.38453,0.49257,0.58504,2.2541,12.695,-0.17304,-0.13184,-0.11902,-0.12085,-0.089724,-0.043947,-0.045778,-0.096133,-0.1822,-0.21241,-0.2353,-0.21058,-0.19135
-0.14008,-0.14008,-0.1474,-0.17029,-0.16388,-0.13733,-0.10712,-0.11902,-0.17487,-0.21058,-0.2179,-0.23347,-0.26093,-0.29115,-0.32228,-0.35432,-0.3708,-0.35615,-0.31587,-0.24537,-0.19135,-0.14832,-0.13276,-0.12452,-0.13276,-0.12635,-0.079653,-0.054018,-0.018311,0.0018311,0.060427,0.11811,0.1648,0.1648,0.18586,0.23255,0.28748,0.37172,0.44496,0.41932,0.41566,0.40925,0.61983,0.87985,0.82949,0.6473,0.56673,0.57588,0.63997,1.4905,4.7133,5.1555,7.6833,-0.12543,-0.16663,-0.20142,-0.22706,-0.2472,-0.28016,-0.32228,-0.31495,-0.29939,-0.2884,-0.30946,-0.32228,-0.28291
-0.24262,-0.20325,-0.19044,-0.21058,-0.22523,-0.23804,-0.21332,-0.19318,-0.11444,-0.039369,0.038453,0.088809,0.099796,0.089724,0.028382,-0.0045778,-0.040284,-0.084231,-0.1236,-0.1529,-0.22614,-0.24445,-0.22431,-0.24171,-0.22248,-0.11902,-0.061342,-0.031129,-0.032044,0.085147,0.17762,0.24812,0.34516,0.41108,0.41383,0.38087,0.2765,0.16572,0.11353,0.036622,0.15656,0.36439,0.52919,0.69399,0.85147,0.80477,0.52919,0.35524,0.16297,0.1355,0.87161,7.8564,8.424,-0.095218,-0.079653,-0.072329,-0.075991,-0.0824,-0.09888,-0.13092,-0.17121,-0.23896,-0.29572,-0.39186,-0.44954,-0.44038
-0.37629,-0.34333,-0.29115,-0.20234,-0.22248,-0.24445,-0.3058,-0.34516,-0.3415,-0.29206,-0.25178,-0.23896,-0.25452,-0.23347,-0.18586,-0.14557,-0.18769,-0.2234,-0.21607,-0.22706,-0.24812,-0.26002,-0.25086,-0.22706,-0.17304,-0.17304,-0.2472,-0.1767,-0.10987,-0.018311,0.012818,0.13276,0.22614,0.28748,0.28932,0.31312,0.36988,0.37996,0.41658,0.40559,0.35157,0.35798,0.41932,0.38911,0.42207,0.43489,0.31129,0.39369,0.7654,6.5444,8.0514,7.3583,6.2661,-0.34242,-0.37446,-0.37446,-0.37446,-0.39918,-0.40834,-0.39094,-0.35524,-0.34059,-0.35707,-0.40101,-0.44679,-0.44221
-0.4294,-0.37263,-0.33235,-0.29115,-0.29298,-0.28108,-0.26734,-0.2472,-0.29298,-0.37263,-0.41017,-0.41292,-0.40376,-0.42299,-0.43306,-0.45961,-0.48433,-0.4358,-0.38362,-0.34425,-0.347,-0.30946,-0.2765,-0.24354,-0.14191,-0.069582,-0.021973,-0.028382,0.019227,0.018311,0.026551,0.044862,0.051271,0.083316,0.089724,0.14008,0.16755,0.23072,0.28291,0.29939,0.36073,0.44588,0.56398,0.62716,0.5356,0.49623,0.51729,0.64547,0.8652,1.0236,7.2732,7.3867,7.8655,-0.10804,-0.12635,-0.12818,-0.12726,-0.13642,-0.12543,-0.1529,-0.16022,-0.16114,-0.17029,-0.18311,-0.22797,-0.23347
-0.21424,-0.24628,-0.27467,-0.32868,-0.33692,-0.32594,-0.3058,-0.25544,-0.22797,-0.19776,-0.22797,-0.29481,-0.32136,-0.31037,-0.29664,-0.32411,-0.29664,-0.27924,-0.21241,-0.18036,-0.21882,-0.16205,-0.12177,-0.11994,-0.076907,0.022889,0.16297,0.28382,0.33326,0.36073,0.39186,0.29847,0.26734,0.31953,0.42848,0.44313,0.44221,0.43764,0.53743,0.4532,0.28474,0.35798,0.32502,0.29298,0.42756,0.56032,0.59328,0.47243,0.48891,0.7178,8.0029,7.1386,7.7575,6.6698,-0.25727,-0.3058,-0.33692,-0.36256,-0.36073,-0.35615,-0.33784,-0.30396,-0.25178,-0.21699,-0.22065,-0.23804
-0.28016,-0.32502,-0.35249,-0.3177,-0.2765,-0.26185,-0.27833,-0.29939,-0.27009,-0.26551,-0.26276,-0.25819,-0.26002,-0.30946,-0.34425,-0.39094,-0.39369,-0.36714,-0.36073,-0.38545,-0.41749,-0.40559,-0.38179,-0.32685,-0.32685,-0.35981,-0.3003,-0.19684,-0.15839,-0.10437,-0.083316,-0.097049,-0.038453,-0.0054933,0.078738,0.13001,0.091556,0.10437,0.16938,0.20508,0.15473,0.11811,0.206,0.23072,0.36714,0.58321,0.66286,0.66927,0.76998,2.1488,4.066,7.7767,7.2594,5.7396,-0.17579,-0.18311,-0.17853,-0.17212,-0.17029,-0.19135,-0.19227,-0.20325,-0.19501,-0.22523,-0.26185,-0.32502
-0.3003,-0.30763,-0.27741,-0.21058,-0.18586,-0.16297,-0.15198,-0.15656,-0.15198,-0.19135,-0.22523,-0.19776,-0.18036,-0.1648,-0.141,-0.14374,-0.13916,-0.14832,-0.14466,-0.14283,-0.14283,-0.17396,-0.18952,-0.18311,-0.20142,-0.17853,-0.13825,-0.10163,-0.091556,-0.054933,0.046693,0.22523,0.30213,0.33967,0.31037,0.32594,0.27009,0.17121,0.13092,0.28657,0.34883,0.28291,0.34425,0.32319,0.37538,0.43947,0.43855,0.36988,0.4001,0.52828,0.72787,0.88351,2.7979,11.57,7.5671,8.1329,5.2434,3.177,2.6661,2.0508,0.82949,-0.31037,-0.68026,-0.347,-0.020142,-0.17945
