0.23347,0.21882,0.20051,0.25086,0.27192,0.23255,0.27741,0.26643,0.22431,0.22065,0.17762,0.21241,0.2298,0.20142,0.21699,0.18952,0.11261,0.18586,0.069582,-0.013733,-0.059511,-0.11261,-0.10895,-0.061342,-0.085147,0.017396,0.036622,0.15473,0.34333,0.70132,1.3651,2.0417,2.9994,4.3736,5.9877,6.4364,6.18,5.0768,3.5569,2.2129,1.0767,0.45503,0.12452,0.017396,0.14008,0.32228,0.64455,0.94577,1.2983,1.8018,2.3218,2.7686,3.1385,3.1687,2.8291,2.5471,2.1241,1.8732,1.702,1.724,1.5024,1.5226,1.5931,1.5079,1.4566,1.4566
0.58229,0.79287,0.87802,0.85055,0.82492,0.66012,0.44771,0.3415,0.19501,0.020142,-0.206,-0.38087,-0.55849,-0.72146,-0.74526,-0.75442,-0.62899,-0.63723,-0.59877,-0.70223,-0.76174,-0.81759,-0.91189,-1.0181,-1.0675,-1.0263,-0.90365,-0.43764,0.16297,0.98788,1.3807,1.8064,2.2056,2.646,3.1825,3.4132,3.5624,3.4104,3.1138,2.8465,2.5507,2.1598,1.9245,1.5857,1.4951,1.5125,1.5629,1.6141,1.8979,1.9575,2.0005,2.1369,2.2431,2.1955,2.1369,2.2028,2.2578,2.342,2.2779,2.1809,1.9382,1.5491,1.4182,1.3303,1.3468,1.4722
0.90091,0.84048,0.79562,0.80386,0.82858,0.81576,0.78921,0.80569,0.81393,0.75808,0.72512,0.76724,0.80111,0.85238,0.83407,0.71871,0.70864,0.67568,0.57314,0.47975,0.37446,0.22706,0.13184,0.099796,-0.075076,-0.0824,0.0064089,0.000916,0.3534,1.0327,1.756,2.526,4.1832,6.2221,7.3803,8.1017,7.0278,5.2187,3.1404,1.4667,0.43489,-0.023804,-0.13916,-0.41292,-0.26643,0.015564,0.412,0.70315,0.93478,1.3047,1.7881,2.2321,3.0113,3.773,4.1108,4.0367,3.6787,3.0158,2.2102,1.6608,1.2278,0.92013,0.7416,0.71963,0.66378,0.89908
0.41566,0.38911,0.34608,0.31678,0.28657,0.25727,0.24812,0.23072,0.19318,0.23804,0.27192,0.21149,0.25269,0.15656,0.17945,0.22523,0.21516,0.1474,0.13276,0.066836,0.027467,-0.042116,-0.066836,-0.17487,-0.26643,-0.35798,-0.5649,-0.65188,-0.56948,-0.23438,-0.27284,-0.03296,0.31495,0.88992,1.561,2.3402,3.784,5.4448,7.7584,8.9834,7.9131,6.0051,3.4388,1.0666,-0.094302,-0.34608,-0.48158,-0.22248,0.033876,0.43306,0.94211,1.5152,1.8357,2.1213,2.3951,2.3319,2.3493,2.3484,2.3045,2.2806,2.1461,1.9575,1.713,1.5299,1.4274,0.36256
0.40284,0.46236,0.56856,0.65096,0.68026,0.74435,0.73336,0.60884,0.49532,0.4532,0.40284,0.26002,0.11811,-0.000916,-0.11811,-0.1474,-0.24079,-0.25178,-0.37263,-0.50905,-0.61434,-0.7123,-0.69033,-0.77914,-0.68758,-0.37172,0.19684,0.75076,1.4457,2.0481,2.9655,3.8417,4.5659,4.7645,4.8671,4.2317,3.6659,2.711,2.0252,1.5088,1.2085,1.0685,0.65096,0.65554,0.90732,1.1481,1.2149,1.301,1.6681,2.0142,2.4216,2.6066,2.6707,2.6899,2.7677,3.0049,2.7631,2.2697,1.8238,1.3944,1.0327,0.81027,0.93204,1.095,1.1911,0.69124
0.70864,0.62166,0.6592,0.74435,0.74892,0.68392,0.64547,0.66652,0.70223,0.68941,0.66103,0.64455,0.63173,0.58962,0.62166,0.64089,0.56124,0.52278,0.46876,0.41292,0.34608,0.31678,0.17121,0.070498,0.15564,0.1529,0.12085,0.24262,0.44679,1.3157,3.979,7.8857,10.34,11.309,9.3625,6.4803,3.4095,1.0904,-0.063173,-0.54659,-0.5768,-0.66012,-0.61525,-0.37629,-0.15931,0.027467,-0.0027467,0.35615,0.75625,2.2111,3.4553,4.3178,5.0722,4.976,4.1072,2.9051,2.1113,1.4521,1.1225,0.95859,0.79379,0.7178,0.66927,0.87252,1.0428,0.40193
0.42299,0.38179,0.33876,0.31953,0.29939,0.27833,0.3058,0.33692,0.29023,0.24995,0.29389,0.3534,0.40193,0.32868,0.29664,0.27192,0.2353,0.14832,0.089724,0.014649,-0.11719,-0.18952,-0.29572,0.076907,0.087893,-0.13916,-0.023804,0.37904,0.82125,1.2342,2.6386,4.8433,7.3437,10.099,9.9823,8.1475,5.2663,2.4198,0.62624,-0.11628,-0.46968,-0.50356,-0.33052,-0.16663,-0.032044,0.10712,0.31495,0.84506,1.1509,2.1525,3.2987,4.1447,4.3352,4.1063,3.4498,2.5425,1.7505,1.3102,1.2003,1.0566,0.93387,1.0556,1.0245,1.128,1.258,0.99704
0.99796,0.99612,1.0099,0.95676,0.92837,0.96591,1.1243,1.1179,1.0071,0.88534,0.78463,0.68484,0.56673,0.36439,0.28382,0.23164,0.11902,-0.13367,-0.14832,-0.12268,-0.20325,-0.17029,-0.032044,-0.12268,-0.12268,-0.04944,-0.18769,0.06592,0.77181,1.4942,2.3045,3.6467,5.009,6.3576,7.4902,6.9033,5.4402,3.4681,1.8018,0.73794,0.16572,-0.086978,-0.10254,0.019227,0.17579,0.40101,0.58046,0.9888,1.3971,2.0197,2.5864,3.3592,4.3699,4.5338,3.9589,2.8584,1.4576,0.85696,0.70864,0.7828,0.89724,1.1554,1.4017,1.4786,1.6297,0.87619
0.84964,0.84231,0.83224,0.8359,0.76815,0.69308,0.61983,0.54659,0.63814,0.53377,0.40101,0.25178,0.21516,0.087893,-0.027467,-0.12818,-0.21699,-0.2884,-0.36897,-0.42024,-0.43489,-0.34425,-0.2646,-0.1529,0.11261,0.30213,0.40559,0.69308,1.2772,2.0106,2.9957,4.2235,4.9577,5.3121,5.388,4.6364,3.4471,2.1854,1.3276,0.76907,0.60335,0.45778,0.40834,0.53194,0.81393,1.0996,1.5317,1.6736,2.1561,2.3374,2.6102,2.8153,3.036,3.2997,3.2704,2.8346,2.3841,1.8165,1.2928,0.94852,0.80477,0.91006,1.0529,1.2928,1.4374,0.73794
0.65554,0.618,0.53285,0.5063,0.51088,0.42848,0.4651,0.41475,0.34059,0.16205,0.032044,-0.040284,-0.18586,-0.18311,-0.1886,-0.23621,-0.25727,-0.21607,-0.28932,-0.35798,-0.4294,-0.47792,-0.75259,-0.78555,-0.40284,-0.1941,0.23438,0.95035,1.3257,1.919,2.5956,3.4297,4.272,4.7664,4.901,4.5961,3.6522,2.7485,1.7112,1.1087,0.81851,0.56948,0.54842,0.6592,0.61342,0.77364,1.073,1.5546,1.832,2.3969,2.9756,3.1138,2.9215,2.6496,2.4024,2.2477,2.3914,2.3017,1.9959,1.5958,1.2433,0.94943,0.79836,0.89999,1.1417,-0.38545
-0.46144,-0.52644,-0.59969,-0.67568,-0.73153,-0.76815,-0.78921,-0.81301,-0.72604,-0.71963,-0.73336,-0.70956,-0.69765,-0.79745,-0.76907,-0.73702,-0.759,-0.77181,-0.67568,-0.70681,-0.69674,-0.68209,-0.65004,-0.41475,-0.33509,-0.14557,-0.47884,-1.9071,-3.3647,-4.9284,-6.006,-6.1132,-4.0715,-4.0339,-3.469,-3.0699,-2.7256,-2.1744,-1.8989,-1.5802,-1.0282,-0.65188,-0.70589,-0.90091,-1.1985,-1.4704,-1.7313,-2.0399,-2.3072,-2.5709,-2.6542,-2.7448,-2.7641,-2.5562,-2.2413,-1.8622,-1.5162,-1.3175,-1.1719,-1.2342,-1.2452,-1.3651,-1.4676,-1.4841,-1.6251,-0.58962
-0.62807,-0.60244,-0.70406,-0.7535,-0.78463,-0.81484,-0.8002,-0.85513,-0.89816,-0.87436,-0.86154,-0.88351,-0.84048,-0.76998,-0.69765,-0.6711,-0.69033,-0.73428,-0.71963,-0.60976,-0.54018,-0.36073,-0.38728,-0.28565,-0.20875,-0.29664,-1.1847,-2.569,-3.3592,-3.4342,-4.142,-6.6405,-5.4741,-5.5986,-5.4759,-4.1942,-3.5157,-2.4555,-1.6114,-0.85513,-0.46236,-0.46693,-0.60335,-0.79196,-0.87527,-1.0794,-1.2442,-1.5381,-1.8513,-2.375,-2.8593,-3.1449,-3.123,-2.7741,-2.4134,-2.1662,-2.0508,-1.8915,-1.5271,-1.0849,-0.83316,-0.65279,-0.80477,-1.1444,-1.4566,0.3058
0.3058,0.29481,0.26002,0.23713,0.20417,0.11811,0.081484,0.021973,-0.014649,-0.064089,-0.1236,-0.11261,-0.14649,-0.15107,-0.16846,-0.17487,-0.16205,-0.15473,-0.11078,-0.11719,-0.1767,-0.20325,-0.28291,-0.38362,-0.57588,-0.65279,-0.29389,-0.63814,-1.9648,-3.7547,-5.0877,-6.5325,-7.0534,-6.2441,-5.4256,-5.2068,-3.7675,-2.6249,-1.7963,-1.2845,-0.99521,-0.76449,-0.63906,-0.53926,-0.5942,-0.95401,-1.193,-1.5116,-1.9007,-2.2697,-2.6121,-2.9389,-3.0644,-2.9966,-2.7805,-2.45,-2.1607,-1.8815,-1.713,-1.4603,-1.225,-1.2735,-1.2241,-1.3816,-1.4667,-0.28199
-0.30122,-0.33509,-0.41017,-0.41932,-0.44313,-0.46876,-0.50447,-0.5182,-0.51088,-0.54018,-0.56032,-0.56581,-0.56948,-0.59236,-0.59877,-0.62166,-0.58412,-0.63082,-0.62807,-0.57131,-0.4294,-0.32868,-0.22706,-0.34516,-0.31678,-0.25452,-1.2012,-2.3695,-3.8316,-4.3159,-4.76,-5.5272,-6.2139,-5.258,-5.8119,-4.7215,-3.4397,-2.3969,-1.4566,-0.91739,-0.75808,-0.71322,-0.75167,-0.76998,-0.83407,-1.1124,-1.3944,-1.6205,-1.9657,-2.2614,-2.6185,-2.9298,-2.9435,-2.8282,-2.5919,-2.3145,-1.9529,-1.6617,-1.4347,-1.3971,-1.431,-1.355,-1.4466,-1.4704,-1.4493,0.14649
0.14374,0.089724,0.042116,0.043947,0.020142,-0.048524,-0.054018,-0.10254,-0.13733,-0.16755,-0.16388,-0.17853,-0.24171,-0.27375,-0.26917,-0.19044,-0.20051,-0.23072,-0.22797,-0.2179,-0.24537,-0.18403,-0.22248,-0.36164,-0.52187,-0.61251,-0.45961,-0.69124,-2.5416,-4.2363,-5.5913,-7.015,-6.6652,-6.0454,-4.4679,-4.0715,-3.4516,-1.9456,-1.03,-0.84597,-0.85604,-0.91556,-1.0959,-1.1518,-1.1628,-1.2671,-1.5784,-1.919,-2.2129,-2.5361,-2.5562,-2.5013,-2.4702,-2.4088,-2.2257,-2.0289,-1.8027,-1.7432,-1.6828,-1.6169,-1.4869,-1.4612,-1.464,-1.4008,-1.4356,0.073244
0.030213,-0.036622,-0.083316,-0.052187,-0.070498,-0.080569,-0.067751,-0.023804,0.011902,-0.01648,-0.206,-0.271,-0.21882,-0.13367,-0.072329,-0.0054933,-0.019227,0.0073244,-0.020142,-0.040284,-0.096133,-0.14283,-0.35249,-0.44221,-0.52461,-0.16388,0.063173,-1.355,-3.4681,-5.161,-7.0177,-7.6055,-7.2466,-4.7041,-3.5414,-3.1202,-2.1772,-1.3962,-1.1875,-0.89175,-0.63906,-0.65737,-0.76083,-0.71413,-1.0199,-1.2214,-1.4576,-1.7808,-2.0151,-2.3218,-2.5562,-2.5608,-2.6011,-2.1909,-1.9694,-1.6544,-1.4466,-1.2864,-1.2745,-1.3724,-1.3413,-1.3752,-1.3321,-1.3981,-1.3852,-0.040284
-0.052187,-0.060427,-0.075991,-0.086062,-0.078738,-0.093387,-0.089724,-0.15381,-0.20417,-0.21058,-0.18311,-0.17212,-0.16755,-0.14008,-0.22156,-0.21973,-0.1648,-0.19868,-0.11994,-0.17945,-0.23255,-0.23621,-0.43123,-0.52461,-0.65096,-0.52004,-0.072329,-0.98056,-3.1376,-4.5064,-6.3366,-7.0287,-7.1935,-5.3551,-3.8124,-3.535,-2.3585,-1.5464,-1.1151,-0.79287,-0.87436,-0.889,-1.0144,-1.0575,-1.1554,-1.345,-1.6956,-1.9849,-2.2999,-2.6679,-2.9289,-2.8886,-2.5965,-2.3411,-2.1928,-2.0563,-2.0298,-1.9492,-1.7194,-1.5061,-1.4301,-1.3404,-1.3385,-1.3385,-1.4695,0.28016
0.27467,0.25361,0.23988,0.22248,0.21882,0.24537,0.25178,0.19868,0.14924,0.14191,0.12085,0.081484,0.044862,0.000916,-0.047609,-0.13642,-0.12909,-0.14557,-0.12452,-0.064089,-0.17487,-0.27192,-0.54018,-0.71505,-0.66012,-0.46144,0.13733,-1.4457,-3.6522,-5.4942,-7.5542,-7.405,-6.1269,-4.608,-3.2997,-2.1845,-1.6608,-1.2168,-0.81301,-0.5942,-0.53835,-0.68026,-0.87344,-1.0804,-1.2415,-1.5217,-1.8998,-2.1433,-2.5095,-2.8895,-2.9765,-2.9298,-2.7458,-2.4656,-2.1232,-1.8091,-1.6251,-1.4209,-1.3065,-1.2626,-1.2845,-1.3038,-1.3752,-1.4109,-1.4621,0.13459
0.10712,0.12452,0.15748,0.13092,0.06592,-0.000916,-0.079653,-0.14374,-0.043031,0.047609,-0.092471,-0.29572,-0.50264,-0.57588,-0.59694,-0.47609,-0.45503,-0.40284,-0.44221,-0.48341,-0.53285,-0.56124,-0.55116,-0.39918,-0.17029,-0.015564,0.32319,-0.00824,-1.4347,-3.1898,-5.3441,-5.7845,-5.7707,-5.6764,-4.9696,-4.5824,-4.564,-3.5231,-2.1882,-1.5592,-1.204,-1.1014,-1.0675,-1.0126,-0.84964,-0.86062,-1.1618,-1.3623,-1.7267,-1.854,-1.9016,-2.092,-2.3457,-2.4491,-2.3338,-2.1662,-1.9932,-1.865,-1.8375,-1.8467,-1.8165,-1.7679,-1.6581,-1.6169,-1.6141,-0.0018311
-0.031129,-0.11536,-0.11078,-0.17304,-0.206,-0.20875,-0.21882,-0.347,-0.47884,-0.61068,-0.6354,-0.80477,-0.9769,-1.1216,-1.1985,-1.2717,-1.1829,-1.0465,-0.85696,-0.65004,-0.40101,-0.29664,-0.40742,-0.5237,-0.5356,-0.38728,0.02472,-0.90091,-2.6872,-4.2289,-5.887,-6.3649,-5.7836,-4.3452,-3.6934,-3.2273,-2.9646,-2.4226,-2.0463,-1.4191,-0.95126,-0.72512,-0.759,-0.93661,-1.1408,-1.4045,-1.5189,-1.6077,-1.7826,-1.8302,-1.9465,-1.9108,-1.9309,-1.9098,-1.9108,-1.854,-1.7368,-1.5409,-1.3962,-1.258,-1.2085,-1.2653,-1.3724,-1.4951,-1.5876,0.27284
0.22248,0.073244,-0.0045778,-0.11444,-0.22523,-0.34608,-0.47884,-0.54292,-0.57039,-0.58504,-0.61708,-0.53468,-0.52553,-0.49348,-0.40193,-0.30396,-0.13459,-0.050356,-0.1236,-0.05768,-0.097964,-0.14466,-0.21241,-0.32044,-0.35524,-0.36714,-0.011902,-1.2964,-2.5278,-4.2537,-5.8028,-6.6662,-5.7707,-4.5512,-3.4928,-2.5636,-2.1763,-1.7743,-1.3944,-1.0364,-0.7828,-0.79012,-0.8771,-0.96866,-1.0877,-1.2827,-1.5326,-1.7121,-1.8394,-2.0051,-2.1177,-2.3319,-2.5672,-2.5141,-2.364,-2.1982,-2.0719,-1.9346,-1.8265,-1.681,-1.4951,-1.344,-1.3074,-1.2342,-1.2159,0.46419
0.41292,0.42848,0.4532,0.35524,0.1822,0.19044,0.24079,0.25544,0.14924,0.10987,0.10437,0.1822,0.13459,0.081484,0.11719,0.20234,0.25361,0.38545,0.44679,0.45137,0.60335,0.77731,0.96225,1.0099,1.2067,1.0245,0.83041,0.95401,1.0657,0.89724,1.7698,2.0206,1.3587,0.8771,0.76449,1.2186,1.2799,0.92563,0.56032,0.42299,0.3827,0.44954,0.62441,0.86428,1.3605,1.5317,1.8412,2.1909,2.2385,2.5782,2.5086,2.5343,2.4271,2.103,1.8595,1.7066,1.5857,1.55,1.4805,1.5922,1.8137,1.8394,1.8796,1.7762,1.7634,0.05768
0.085147,0.14374,0.1767,0.1529,0.18403,0.28565,0.3415,0.32594,0.41108,0.27375,0.13001,0.067751,0.010071,-0.12909,-0.11719,-0.073244,-0.12543,-0.054018,-0.19501,-0.080569,-0.054018,0.078738,0.21424,0.51729,0.65371,0.79104,1.0016,1.2094,1.0373,1.7551,2.9591,5.0951,5.2763,4.2821,2.3521,4.771,3.643,1.2864,0.57314,-0.2765,-0.58321,-0.23988,0.051271,0.2884,0.63448,0.93295,1.5253,2.0362,2.504,2.7091,2.9499,3.0543,2.9472,2.6505,2.3823,1.9474,1.5958,1.8082,1.7689,1.8293,1.8522,1.8714,1.821,1.757,1.7414,-0.031129
-0.010071,0.027467,0.067751,0.051271,0.039369,-0.048524,-0.054018,-0.0018311,0.0073244,0.00824,0.031129,0.092471,0.010987,-0.061342,-0.072329,-0.1767,-0.26185,-0.17762,-0.16205,-0.25269,-0.13001,-0.1062,-0.12726,-0.033876,0.068667,0.36897,0.37904,0.62532,0.99796,1.4274,2.0573,2.8236,2.8465,2.3521,2.5315,2.4729,1.3559,1.8989,1.822,1.9053,1.9456,1.1408,0.8066,0.76998,0.6592,0.83224,1.1032,1.4219,1.6013,1.941,2.3328,2.5828,2.5571,2.5443,2.3109,2.0866,1.9492,1.8567,1.6956,1.7038,1.7322,1.7057,1.7167,1.7048,1.7313,-0.0027467
-0.040284,-0.072329,-0.12177,-0.029298,-0.044862,0.000916,0.044862,0.0054933,0.043031,0.038453,0.036622,0.062258,0.13916,0.043947,-0.03296,0.0036622,0.18769,0.36988,0.53835,0.64821,0.7709,0.99246,1.3404,1.5995,1.3587,1.2726,0.94211,1.0785,1.6819,2.0463,1.5519,2.0527,1.6819,0.8121,0.24171,-0.1767,-0.17396,-0.16572,-0.068667,0.17029,0.46144,0.87893,1.442,1.8403,2.1937,2.6432,2.8758,2.9087,2.7439,2.7613,2.711,2.32,1.7103,1.5271,1.4283,1.3376,1.2864,1.2946,1.3202,1.4502,1.5226,1.6617,1.6306,1.5409,1.5436,0.48891
0.48891,0.43855,0.38362,0.29206,0.26368,0.26917,0.30122,0.37996,0.38728,0.46968,0.45961,0.45686,0.40376,0.28565,0.25636,0.23255,0.19318,0.13367,0.063173,-0.020142,-0.07416,-0.0412,0.097964,0.24628,0.34333,0.32411,0.37904,0.58138,0.64638,0.77181,1.4631,1.7542,0.9064,0.59603,0.79928,0.70132,0.965,1.5207,2.6276,2.7769,1.8732,1.6773,1.55,0.99246,0.69491,0.43764,0.31129,0.3534,0.62349,1.052,1.4402,1.7615,1.9932,2.1799,2.4885,2.5636,2.645,2.581,2.4601,2.2275,1.9529,1.7093,1.4814,1.4209,1.3807,0.45503
0.41017,0.39369,0.44588,0.46602,0.55025,0.62899,0.65188,0.64364,0.5887,0.64638,0.58412,0.48524,0.35432,0.40101,0.21241,0.13367,0.16388,0.15381,0.10987,0.0045778,0.1474,0.47426,1.1151,1.5757,1.3395,1.4512,1.6022,1.5125,1.3596,1.7121,2.5938,3.2759,2.2248,1.2864,2.0106,1.2461,0.66927,0.47884,0.28016,0.2353,0.50996,0.90365,1.2369,1.5821,2.0069,2.3759,2.6908,2.7924,2.7009,2.4143,2.1397,1.9309,1.7386,1.6718,1.5784,1.583,1.4612,1.409,1.4878,1.6269,1.7954,1.9895,2.1433,2.1323,2.3154,0.51271
0.4532,0.43672,0.37263,0.37172,0.40559,0.51363,0.55208,0.57039,0.49532,0.51546,0.56856,0.55483,0.53835,0.50905,0.43123,0.37996,0.29206,0.3415,0.32044,0.29298,0.065004,-0.078738,-0.05768,0.36805,1.1124,1.6718,1.4777,1.5235,2.6341,2.0518,3.1907,3.1477,2.689,1.561,2.3621,2.2605,1.0923,0.47151,0.075076,-0.13459,-0.025636,0.28199,0.58412,1.0886,1.539,2.0243,2.3228,2.5974,2.6469,2.7219,2.4674,2.1076,1.9218,1.7377,1.7093,1.4969,1.3752,1.3477,1.4768,1.6214,1.7698,1.8604,1.9327,1.9538,1.919,-0.039369
-0.061342,-0.043031,0.080569,0.052187,0.21424,0.066836,0.12085,0.10895,0.13276,0.11994,0.058596,0.054018,0.06592,0.056764,0.021973,-0.075076,-0.11902,-0.16388,-0.16022,-0.21516,-0.092471,-0.075076,-0.055849,0.15839,0.25544,0.53285,0.9238,1.5802,1.9309,2.2605,3.751,3.9387,4.749,4.3361,2.1049,0.9064,2.5462,2.4427,1.5098,0.77456,0.29939,0.096133,0.1355,0.56032,0.62258,0.97781,1.4191,1.8174,2.5269,2.7412,3.0653,2.9426,2.7009,2.3466,2.0829,1.9245,1.8485,1.8201,1.767,1.7478,1.7066,1.6636,1.7084,1.8577,1.8632,0.15748
0.15015,0.1941,0.14924,0.16297,0.17487,0.17945,0.14008,0.10712,0.018311,0.043947,0.20417,0.11811,0.20234,0.20508,0.1941,0.18586,0.17945,0.047609,0.042116,-0.013733,-0.086978,-0.11628,-0.14191,-0.38728,0.10804,0.20508,0.1355,0.058596,0.41383,0.64364,1.6608,1.344,-2.1671,-0.55849,-0.61434,-0.22797,-0.3058,-0.23438,-0.063173,-0.11902,-0.28382,-0.068667,-0.27558,-0.36897,-0.54476,-0.73061,-0.73885,-1.0529,-1.0318,-0.95218,-0.78829,-0.77639,-0.36348,-0.23621,-0.053102,-0.054018,-0.054018,-0.10346,-0.1941,-0.42207,-0.4944,-0.33052,-0.43306,-0.49074,-0.5475,0.11902
0.1062,0.086062,0.025636,0.073244,0.055849,0.092471,0.056764,0.043031,0.099796,0.12085,0.17212,0.35432,0.43306,0.57955,0.46785,0.09064,-0.0036622,0.60884,1.5281,1.0648,0.38728,0.40925,0.44404,0.38545,0.35707,0.37446,0.43489,0.45778,0.9302,1.3038,2.3695,3.1312,3.5789,2.9655,1.8833,1.6929,1.9098,1.9977,1.8046,1.4539,1.1756,1.117,1.1106,1.2314,1.4612,1.7277,2.0151,2.1543,2.2147,2.2889,2.2394,2.0554,2.0472,2.1085,1.9181,1.7313,1.6031,1.561,1.5784,1.6425,1.702,1.6517,1.6059,1.6425,1.6626,1.659
1.6132,1.5317,1.5244,1.485,1.2699,1.3276,1.182,1.1197,1.0392,0.92013,0.79653,0.66744,0.59236,0.49715,0.49348,0.45961,0.44313,0.29298,0.32319,0.22797,0.21424,0.12909,0.13459,0.061342,0.075076,-0.010987,-0.06592,-0.10254,-0.13459,-0.1236,-0.14283,-0.15198,-0.17945,-0.19593,-0.23347,-0.22523,-0.25178,-0.27924,-0.22156,-0.23347,-0.16755,-0.11719,-0.09064,-0.10254,-0.093387,-0.07416,-0.028382,0.025636,0.025636,0,0.019227,0.022889,0.039369,0.023804,-0.010987,-0.050356,-0.070498,-0.11353,-0.10163,-0.040284,-0.10346,-0.1822,-0.29389,-0.27467,-0.32777,-0.32594
-0.39369,-0.43306,-0.44313,-0.46419,-0.48799,-0.48341,-0.55391,-0.59603,-0.63173,-0.62166,-0.69399,-0.85421,-0.96408,-1.0959,-1.3202,-1.5107,-1.5922,-1.637,-1.5757,-1.7038,-1.8339,-1.9987,-2.1589,-2.1662,-2.1644,-2.0508,-1.952,-1.9172,-1.9181,-1.9547,-1.9575,-1.9987,-2.0454,-1.9822,-1.9492,-1.9098,-1.8018,-1.746,-1.6471,-1.5665,-1.5683,0.56032,0.52553,0.5063,0.44954,0.44313,0.44496,0.42756,0.39644,0.40376,0.33143,0.29939,0.2234,0.23988,0.10895,-0.0018311,-0.038453,-0.086062,-0.11078,-0.12818,-0.20142,-0.25269,-0.47609,-0.66469,-0.46144,-0.62532
-0.41017,0.09064,0.48524,0.77822,1.1353,1.811,2.5745,2.8108,0.91372,0.91922,0.93295,0.93204,0.96866,0.96866,1.0327,0.99887,0.98148,0.96774,0.95401,0.95859,0.95035,0.93387,0.92288,0.92013,0.94577,0.85055,0.81301,0.77822,0.75808,0.69399,0.69948,0.6885,0.6766,0.683,0.68667,0.66927,0.66561,0.65737,0.67202,0.71047,0.75991,0.74618,0.76632,0.77548,0.78646,0.75808,0.73611,0.65004,0.58504,0.62624,0.59786,0.53835,0.50722,0.44771,0.43764,0.26002,0.26551,0.3058,0.23804,0.48708,0.18769,0.19135,0.29115,0.13825,0.022889,-0.16022
-0.088809,0.079653,0.41658,0.45228,0.57314,0.97964,1.7441,3.0598,1.0959,1.0657,1.0584,1.073,1.0675,1.0877,1.0694,1.0703,1.073,1.0538,1.0575,1.0739,1.0474,1.0337,1.0154,1.0227,0.99063,0.99429,0.97049,0.92654,0.91189,0.95676,0.9183,0.91372,0.92105,0.96408,0.9714,1.0016,1.0034,1.0282,1.0218,1.0538,1.0089,0.99887,0.97964,0.97598,0.93295,0.94211,0.94485,0.8121,0.92929,0.96774,0.95584,0.79012,0.8478,0.79562,0.79012,0.66469,0.62075,0.55483,0.49715,0.29847,0.16846,0.20051,0.13459,0.15473,-0.0073244,-0.26917
-0.39094,0.17121,0.27924,0.54659,0.37904,1.0016,1.539,2.2687,0.5356,0.65004,0.69948,0.7535,0.79104,0.79287,0.72237,0.75808,0.77364,0.81851,0.82949,0.78829,0.73244,0.76907,0.77456,0.71047,0.66195,0.6006,0.56764,0.57131,0.61251,0.62532,0.618,0.61708,0.59328,0.58229,0.55666,0.49898,0.47426,0.477,0.49806,0.48158,0.53011,0.56764,0.53102,0.5063,0.54933,0.49806,0.52004,0.47884,0.43947,0.39644,0.35157,0.3122,0.271,0.19501,0.17945,0.18311,0.042116,0.09064,0.042116,-0.11353,-0.10346,0.026551,-0.21973,-0.23713,0.012818,-0.068667
-0.18403,-0.16755,0.13916,0.41475,0.70864,1.0263,2.168,3.0241,1.1115,1.0401,1.0566,0.97964,0.89908,1.1142,0.96591,0.98605,0.9714,0.99063,0.99979,1.1335,1.0108,0.88717,1.0364,0.93844,0.86428,0.80752,0.76907,0.73885,0.73153,0.6354,0.5356,0.48433,0.73336,0.56673,0.64821,0.74526,0.7828,0.79653,0.73153,0.74801,0.73336,0.69308,0.63356,0.59877,0.61617,0.56764,0.5942,0.63631,0.54842,0.58229,0.56764,0.51729,0.49257,0.36622,0.2472,0.17304,0.22248,0.11353,0.039369,-0.10346,-0.20417,-0.099796,-0.39827,-0.51363,-0.4651,-0.49257
-0.33326,-0.020142,0.12818,0.40284,1.1335,1.6233,2.0701,2.9279,0.98056,0.97415,0.98605,1.0254,0.97964,0.92288,0.90091,0.87893,0.82308,0.84506,0.84231,0.80935,0.86337,0.90091,0.85238,0.84506,0.81484,0.81576,0.81851,0.82217,0.83682,0.84323,0.85147,0.83682,0.86978,0.90823,0.91464,0.90732,0.89999,0.89084,0.87161,0.91006,0.92105,0.81942,0.8945,0.92288,0.86428,0.81301,0.78555,0.84964,0.82583,0.8414,0.83773,0.7828,0.72146,0.63448,0.58504,0.54292,0.51363,0.34516,0.34425,0.32411,0.32319,0.31953,0.21424,0.40468,0.40834,0.46968
0.39094,0.26917,-0.075991,0.18494,0.57222,1.7478,4.2152,0.78005,0.76724,0.76632,0.81393,0.80569,0.81668,0.84323,0.83041,0.81942,0.82858,0.82034,0.81851,0.82034,0.80203,0.80203,0.78829,0.82858,0.81942,0.84872,0.93295,0.88809,0.93753,0.88168,0.88168,0.86703,0.87161,0.81851,0.81301,0.78829,0.78463,0.80203,0.7947,0.83224,0.81942,0.80386,0.81942,0.78188,0.76815,0.68484,0.6418,0.59786,0.60884,0.52004,0.5063,0.48433,0.39735,0.20783,0.18952,0.19776,0.13733,-0.046693,0.1529,0.0064089,-0.23621,-0.20417,-0.019227,0.15839,0.27284,-0.012818
0.19593,0.6299,0.97598,1.3852,2.1543,3.5569,4.8048,0.86978,0.87985,0.88443,0.88168,0.87436,0.8945,0.87985,0.86795,0.91189,0.82858,0.80294,0.87161,0.83499,0.84048,0.82125,0.82766,0.82583,0.83407,0.8359,0.83773,0.85513,0.83499,0.84414,0.85513,0.84872,0.82675,0.82766,0.84231,0.84872,0.85696,0.8826,0.84323,0.79653,0.86428,0.87802,0.84964,0.81851,0.8121,0.81484,0.81118,0.75259,0.68941,0.75076,0.76815,0.7297,0.66012,0.65737,0.59603,0.50722,0.39918,0.35432,0.33143,0.31861,0.3177,0.31953,0.32868,0.54201,0.56398,0.3882
0.099796,-0.0027467,0.16022,-0.065004,0.73794,3.1138,5.7845,0.92746,0.90823,0.91281,0.91647,0.92929,0.9238,0.92929,0.95492,0.89175,0.91739,0.91464,0.90274,0.89633,0.89267,0.89175,0.88809,0.92105,0.92746,0.9302,0.94394,0.9357,0.95676,0.9714,0.98056,0.96225,0.96225,1.0126,1.0181,1.0263,1.0446,0.95676,0.99704,1.0263,0.97507,0.92013,0.92105,0.88809,0.80386,0.8478,0.80935,0.82583,0.77273,0.80111,0.77548,0.6473,0.58687,0.48891,0.42024,0.3827,0.37812,0.2591,0.2353,0.36439,0.347,0.40101,0.20417,0.13459,0.24628,0.59328
0.82949,0.075076,-0.013733,1.8036,3.0854,4.5997,5.7881,0.95218,0.93844,0.96866,0.90915,0.889,0.96591,0.89358,0.89541,0.88351,0.86245,0.86612,0.87527,0.9064,0.91647,0.96225,0.93478,0.95492,0.97873,0.99887,0.9888,0.95676,0.97049,0.96408,0.95218,0.95859,0.95309,1.0034,1.0034,1.0025,1.0053,0.98788,0.99429,0.99612,0.99887,0.98148,0.94577,0.93112,0.91464,0.84597,0.78005,0.70864,0.8066,0.78372,0.824,0.82858,0.759,0.69491,0.66286,0.5594,0.4413,0.38728,0.33143,0.11811,0.29206,0.38911,0.41841,0.33418,0.36439,0.2179
0.1648,0.27284,0.68758,2.0811,4.8277,7.0077,7.8115,0.93844,0.96408,0.95035,0.96316,0.97598,1.0025,0.99887,1.0016,0.97964,0.96042,0.94852,1.0117,0.97324,0.89541,0.98331,0.94119,0.90915,0.89084,0.95584,0.89175,0.87436,0.89724,0.89999,0.90548,0.89267,0.88534,0.86154,0.83956,0.83682,0.78829,0.80844,0.82492,0.8066,0.78188,0.77548,0.7947,0.73336,0.74068,0.69674,0.63082,0.5768,0.63173,0.66561,0.63814,0.57039,0.59145,0.56307,0.57314,0.54567,0.4706,0.41658,0.36256,0.3003,0.22431,-0.0036622,-0.17304,-0.44404,-0.6592,-0.60335
-0.26368,-0.40925,-0.62807,-1.6553,-2.7293,-3.4645,-4.2473,1.106,1.1307,1.1252,1.1087,1.0474,0.98697,0.95401,0.95584,0.99429,1.0382,1.041,1.0254,1.0382,1.0401,1.0218,1.0181,0.99887,0.97324,0.96957,0.99887,0.96408,0.99521,0.98972,0.92654,1.0318,1.0703,1.0492,1.0666,1.0749,1.0785,1.1023,1.1069,1.1051,1.1151,1.1197,1.1362,1.1618,1.1509,0.94119,0.90365,1.0062,1.0181,1.0254,1.0282,1.0236,0.95492,1.0236,0.9714,0.85696,0.78097,0.67019,0.52095,0.34608,0.056764,-0.26185,-0.4825,-0.57222,-0.67385,-0.31678
-0.22706,-0.16022,0.010987,-1.1032,-2.3054,-3.296,-2.7027,1.0602,1.0639,1.1298,1.0428,1.0199,1.0263,1.0465,1.0135,1.0172,1.0337,1.0639,1.0694,1.1261,1.0566,1.0392,1.1197,1.1353,1.1042,1.0804,1.106,1.0913,1.0932,1.084,1.1069,1.0446,1.0492,1.0364,1.0337,1.0135,1.0025,1.0282,1.0666,1.0456,1.0034,1.0456,0.94119,1.0291,1.0318,0.9238,0.91556,0.8771,0.81301,0.74801,0.71413,0.7004,0.68392,0.67019,0.62075,0.60427,0.55208,0.43672,0.37446,0.33876,0.11444,0.00091556,-0.44313,-0.63173,-0.1236,-0.25636
-0.52461,-0.86612,-1.5418,-2.1561,-2.7137,-3.5826,-3.6641,0.9238,0.99521,1.0071,0.97232,0.96225,0.97415,1.0007,0.99521,0.99063,1.0062,1.0208,1.0254,1.0218,1.0337,1.0016,0.99796,1.0071,1.0071,1.0364,1.0456,0.95126,0.99796,1.0373,0.95126,0.93661,0.91922,0.93387,0.95492,0.95676,0.93936,0.93753,0.94119,0.92746,0.89999,0.87344,0.92105,0.88076,0.89541,0.87619,0.86795,0.88534,0.83956,0.94028,0.8414,0.76632,0.64455,0.67843,0.70406,0.7297,0.72237,0.553,0.45228,0.29389,0.013733,0.062258,-0.28382,-0.3177,-0.271,-0.26917
-0.36531,-0.92471,-1.8155,-1.7542,-1.5217,-2.2779,-3.5734,1.0108,1.0044,1.0199,0.99704,1.0254,1.052,1.0556,1.0456,1.0566,1.0794,1.0575,1.0236,0.96408,0.96591,0.92105,0.89999,0.93112,0.92105,0.8533,0.9476,0.92654,0.87985,0.91739,0.97049,0.98605,1.0117,1.0227,1.041,1.0547,1.0529,1.0675,1.0291,1.0227,1.0071,1.0236,0.97598,1.0181,1.073,1.0245,0.94211,1.0053,0.91647,0.91281,0.86978,0.85238,0.76998,0.66286,0.59053,0.48433,0.34974,0.32319,0.29298,0.31037,0.28291,0.076907,-0.2884,-0.41932,-0.17029,-0.075076
0.043947,0.075991,-0.54292,-1.4841,-2.3887,-2.992,1.0144,1.1206,1.1069,1.0694,1.073,1.0923,1.0785,1.0794,1.0758,1.0785,1.0758,1.063,1.0465,1.0382,1.0364,1.0062,1.0144,1.0025,0.98972,1.0099,1.0053,0.91098,1.0089,0.98697,0.9714,0.98697,0.97507,0.95676,0.95676,1.0126,1.03,1.1151,1.1829,1.204,1.2699,1.2854,1.333,1.3358,1.2323,1.2003,1.1911,1.1463,1.1426,1.138,1.0822,1.0117,0.89541,0.78097,0.6061,0.43123,0.26276,0.1648,0.10712,0.014649,-0.11536,-0.18311,-0.14557,-0.28748,-0.32685,-0.28016
-0.3177,-0.083316,-0.29298,-0.64364,-1.7982,1.0437,1.0419,1.0556,1.0501,1.0337,1.0456,1.0273,0.98422,1.0044,1.0566,0.99521,0.98605,0.98239,0.99521,0.99155,1.0025,0.99338,0.99979,0.99521,1.0016,0.97964,0.98788,0.94302,0.96591,0.94028,0.92013,0.96408,0.94577,0.82675,0.98788,0.9238,0.8826,0.93661,0.96133,0.95218,0.94028,0.94485,0.88351,0.78738,0.76083,0.759,0.72604,0.68117,0.65279,0.69674,0.6885,0.66103,0.63906,0.51546,0.48341,0.3882,0.39003,0.36256,0.27558,0.20692,-0.1822,-0.21149,-0.21516,-0.34791,-0.55391,-0.36531
0.10712,0.097964,-1.062,-2.851,-3.1733,0.98239,0.98697,0.99155,0.99521,0.99338,0.99979,0.99704,0.98514,0.98148,0.96225,0.95676,0.91556,0.89999,0.93661,0.92471,0.90365,0.91189,0.87802,0.87252,0.99155,0.95492,0.96316,1.0016,1.0181,1.008,1.0218,1.0236,1.0465,1.0611,1.0392,1.0456,1.0584,1.0309,1.0181,1.0025,0.98422,1.0144,0.99612,0.86062,0.94302,0.88168,0.8478,0.89724,0.84506,0.76907,0.67934,0.66103,0.66286,0.63723,0.62441,0.56856,0.46968,0.22797,0.20875,0.022889,-0.13092,-0.27833,-0.047609,0.088809,-0.24628,-0.68209
-1.2415,-2.0371,-2.9106,-4.2766,-3.5441,1.0556,1.0465,1.0868,1.0721,0.97964,1.0813,1.0657,1.0538,1.0355,1.0419,1.0263,1.0474,1.0099,1.0263,1.0401,0.98514,0.98422,0.98422,0.99612,0.94668,0.96225,0.93387,0.93112,0.92654,0.90091,0.83773,0.98788,0.9357,0.92654,0.95126,0.95218,0.95767,0.93844,0.96316,0.9302,0.9238,0.95584,1.0034,0.95676,0.9302,0.92013,0.88076,0.88534,0.86886,0.80294,0.63173,0.65279,0.5475,0.47884,0.37721,0.29939,0.28748,0.16114,0.0027467,-0.067751,-0.16846,-0.12543,-0.45961,-0.66927,-1.1325,-1.4145
-1.6727,-1.7771,-2.6954,-3.3372,0.92288,0.93661,0.91739,0.9302,0.94394,0.96866,0.96866,0.96408,0.9769,0.97232,0.97781,0.95309,0.93844,0.93478,0.92013,0.90274,0.91464,0.88717,0.84597,0.92105,0.90915,0.92105,0.89541,0.87069,0.84597,0.85147,0.84231,0.86428,0.90548,0.87527,0.85788,0.82766,0.76632,0.82492,0.82858,0.82034,0.82766,0.76266,0.76449,0.87069,0.83407,0.82766,0.78555,0.70223,0.6473,0.62166,0.56856,0.48799,0.45137,0.29115,0.21424,0.16297,0.16205,0.095218,-0.079653,-0.29023,-0.43123,-0.42207,-0.53468,-1.1747,-1.3797,-1.6379
-2.0646,-3.1394,-3.7025,-3.4791,1.0044,1.0199,1.0108,1.0355,0.97415,0.95218,1.0456,0.99246,0.96774,0.96042,0.9595,0.95584,0.95401,0.98605,0.98422,0.98239,0.96957,0.94302,0.9476,0.91739,0.94302,0.93753,0.90457,0.92105,0.87527,0.79196,0.95492,0.89175,0.85513,0.86154,0.85513,0.82492,0.82583,0.83132,0.84414,0.85513,0.86795,0.87893,0.84231,0.79562,0.77456,0.88351,0.80752,0.82583,0.74709,0.65096,0.73336,0.6473,0.66652,0.60793,0.53926,0.44679,0.44221,0.41017,0.30854,0.080569,-0.38545,-0.59053,-0.79012,-0.23438,0.088809,-0.21607
-0.7416,-2.4381,-3.3592,-3.8362,0.68392,0.65279,0.62716,0.54292,0.54567,0.53926,0.52644,0.53377,0.5063,0.51088,0.5118,0.53102,0.52095,0.52187,0.53194,0.54384,0.50996,0.45686,0.42207,0.40651,0.38636,0.38362,0.39094,0.38728,0.37721,0.37263,0.37996,0.35615,0.39369,0.40284,0.42116,0.43672,0.41841,0.4001,0.36256,0.3534,0.33418,0.35707,0.33418,0.2765,0.21882,0.22797,0.27009,0.26002,0.32685,0.19684,0.19684,0.11719,0.080569,0.066836,0.077822,-0.054018,-0.034791,-0.070498,0.075991,-0.023804,-0.068667,0.063173,0.30488,0.69765,1.258,1.8329
2.244,2.3164,1.0465,1.0419,0.98972,0.99887,0.96774,0.95859,0.96133,0.965,0.97964,0.96225,0.98972,0.94119,0.96683,0.95126,0.93753,0.95401,0.9714,0.89633,0.84964,0.8652,0.87252,0.88076,0.86337,0.84506,0.85147,0.79196,0.7416,0.72237,0.73244,0.76083,0.74435,0.72237,0.66836,0.63906,0.64913,0.65828,0.63082,0.59877,0.54109,0.54842,0.50905,0.53743,0.49074,0.49989,0.42573,0.29298,0.18128,0.16663,0.1886,0.20966,0.15473,0.15931,0.097964,-0.025636,0.055849,-0.062258,-0.13916,-0.066836,0.035707,0.052187,0.39552,1.0767,1.7286,2.0911
2.5919,2.4857,0.96591,0.96591,0.96316,0.95584,0.94485,0.9476,0.96408,0.94485,0.93844,0.96957,0.94485,0.94119,0.96774,0.99796,0.97598,0.93112,0.90823,0.86062,0.8826,0.88809,0.87985,0.85696,0.86886,0.8652,0.88351,0.8826,0.8945,0.87802,0.88351,0.88351,0.85879,0.85147,0.86795,0.81118,0.75716,0.73428,0.58138,0.45045,0.47334,0.46419,0.45228,0.44313,0.48524,0.55757,0.56032,0.52919,0.51363,0.42116,0.34516,0.23255,0.12726,0.09064,0.036622,-0.11536,-0.022889,0.064089,0.0064089,-0.046693,-0.0027467,0.23255,0.56581,0.97781,1.1115,1.5445
1.9977,1.6315,0.85788,0.86886,0.87069,0.8945,0.88992,0.89541,0.87802,0.89267,0.90091,0.87252,0.86245,0.8533,0.86886,0.86062,0.85421,0.81118,0.78921,0.83499,0.83132,0.80111,0.79745,0.79287,0.75716,0.76724,0.72512,0.71047,0.73794,0.7828,0.74709,0.64913,0.57222,0.51271,0.52461,0.55208,0.58046,0.53652,0.54476,0.54659,0.51546,0.40376,0.38545,0.34883,0.32228,0.28748,0.2884,0.20783,0.28474,0.23988,0.18311,0.19501,0.19044,0.069582,-0.15656,-0.28291,-0.18036,-0.12909,-0.078738,-0.10346,-0.10163,-0.0091556,-0.054933,0.17945,0.75167,0.88626
1.3303,1.9208,0.84689,0.86703,0.81118,0.79836,0.81759,0.84689,0.85696,0.84323,0.8478,0.83865,0.86245,0.84048,0.79562,0.75716,0.74618,0.73336,0.79287,0.73336,0.73336,0.72329,0.69674,0.63631,0.7297,0.68484,0.61525,0.59328,0.59877,0.5942,0.59786,0.61251,0.58596,0.57772,0.58962,0.57863,0.52004,0.49348,0.48616,0.50996,0.50172,0.4651,0.41932,0.36256,0.32502,0.28108,0.24445,0.25361,0.19684,0.13825,0.032044,0.048524,-0.077822,-0.13733,-0.17121,-0.35432,-0.040284,-0.099796,-0.066836,-0.25178,-0.16846,0.1236,0.068667,0.17487,0.47609,0.79562
1.1399,1.789,0.75716,0.77181,0.81759,0.77822,0.8066,0.889,0.89267,0.88443,0.92929,0.9476,0.93204,0.91189,0.87619,0.83682,0.85421,0.90823,0.91739,0.89633,0.84872,0.82858,0.77548,0.84872,0.83773,0.77456,0.63906,0.57405,0.73336,0.65462,0.57588,0.6061,0.48433,0.41475,0.25178,0.23896,0.099796,0.30122,0.49165,0.14557,0.21607,0.23438,0.22065,0.37904,0.18128,0.12818,0.072329,-0.056764,-0.011902,0.17212,0.056764,0.0018311,-0.022889,-0.095218,-0.16114,-0.1822,-0.19318,-0.25178,-0.22065,-0.046693,-0.13916,0.0036622,-0.025636,0.42573,0.90457,1.2076
1.3761,1.7542,1.0721,1.0501,1.0721,1.0172,1.0181,1.0538,1.019,1.0126,0.98697,0.98788,1.0154,0.96042,0.88443,0.95401,0.90732,0.93387,0.9357,0.9302,0.94119,0.94302,0.92654,0.92654,0.88809,0.86245,0.84597,0.8414,0.8771,0.87893,0.87344,0.87436,0.92288,0.91281,0.92288,0.89999,0.79745,0.80569,0.76724,0.72512,0.69948,0.66652,0.68117,0.64638,0.67934,0.68209,0.69674,0.63631,0.53102,0.52919,0.49532,0.44496,0.23164,0.16663,0.0036622,0.020142,-0.021058,0.025636,-0.25269,-0.030213,-0.014649,0.056764,0.14557,0.27009,0.77822,1.127
1.6755,3.0451,0.80935,0.90732,0.8359,0.81484,0.89816,0.90182,0.92013,0.91372,0.90732,0.89908,0.8002,0.66469,0.76083,0.68026,0.51637,0.61434,0.84506,0.78005,0.69674,0.68026,0.61983,0.53835,0.54933,0.44313,0.73519,0.47517,0.46602,0.4294,0.412,0.46236,0.3296,0.26185,0.54384,0.28657,0.21699,0.2298,0.24628,0.29206,0.20234,0.23072,0.13367,0.23438,0.11994,0.18311,0.21424,0.13733,0.03296,0.089724,0.11994,0.05768,0.075991,-0.02472,-0.1941,-0.23072,-0.26276,-0.22248,-0.141,-0.028382,0.047609,0.23988,0.67385,0.96042,1.2424,1.68
2.6588,2.6569,0.6766,0.74801,0.63814,0.64455,0.62624,0.57222,0.6592,0.80203,0.87985,0.87527,0.79012,0.78646,0.8066,0.77731,0.77731,0.68941,0.68941,0.59694,0.73336,0.78097,0.73702,0.71963,0.78372,0.76174,0.74892,0.7947,0.85055,0.82858,0.85238,0.85238,0.7297,0.67843,0.65371,0.53926,0.48433,0.48891,0.45137,0.38911,0.45961,0.40193,0.41292,0.41566,0.29939,0.32044,0.27467,0.21332,0.24812,0.22706,0.13825,0.10895,0.0824,0.037538,0.00091556,-0.072329,-0.01648,-0.079653,-0.10987,-0.14191,-0.014649,0.21332,0.64272,0.72054,0.98514,1.3587
1.6031,2.5159,0.78005,0.78646,0.79104,0.77181,0.77548,0.73336,0.74526,0.75442,0.76998,0.80111,0.77273,0.69674,0.79836,0.78921,0.7828,0.78829,0.79653,0.81668,0.78463,0.76266,0.74709,0.74435,0.72695,0.69033,0.71047,0.71596,0.71963,0.72237,0.70956,0.69674,0.67751,0.69399,0.55574,0.56124,0.60793,0.45595,0.42848,0.46052,0.51363,0.57131,0.47517,0.50996,0.53835,0.5649,0.45961,0.45869,0.50447,0.46693,0.27741,0.25636,0.22706,0.087893,0.052187,0.012818,-0.095218,-0.027467,-0.14924,0.075991,0.064089,0.023804,0.33876,0.67568,1.2094,1.4631
2.3502,2.8968,0.50905,0.58779,0.65004,0.7178,0.66195,0.61983,0.63082,0.7004,0.81027,0.89908,0.91647,0.8121,0.68209,0.57497,0.4413,0.54659,0.52461,0.53926,0.5768,0.72604,0.75808,0.77914,0.79379,0.79104,0.72695,0.67476,0.69674,0.63814,0.63448,0.60976,0.62624,0.70956,0.68575,0.66103,0.64547,0.53011,0.60976,0.59511,0.56581,0.55391,0.52187,0.53194,0.48158,0.43031,0.32868,0.43306,0.33876,0.29481,0.22431,0.20875,0.17579,0.0091556,-0.013733,-0.06592,-0.11719,-0.16297,0.038453,0.047609,0.16022,0.11353,0.21973,0.82034,1.4814,2.0573
2.9087,3.849,3.8224,3.4754,2.6844,1.8311,1.1344,0.37629,0.054933,0.059511,0.14283,0.24262,0.3177,0.45869,0.40925,0.45412,0.39827,0.43764,0.45686,0.65096,1.0529,1.095,1.2699,1.2726,1.4219,1.3623,1.5299,1.7853,1.8796,1.4887,1.8055,1.5757,1.5381,1.5949,-0.44038,-0.41749,-0.40559,-0.44954,-0.49532,-0.47243,-0.35707,-0.27467,-0.24171,-0.33326,-0.47426,-0.51363,-0.32594,-0.15107,-0.13367,-0.28291,-0.36439,-0.36531,-0.3415,-0.36622,-0.33326,-0.27192,-0.27192,-0.31312,-0.32502,-0.3058,-0.26185,-0.18036,-0.15656,-0.26826,-0.33052,-0.34974
-0.25819,-0.43306,-0.22614,0.0054933,0.03296,-0.033876,-0.2179,-0.36988,-0.3534,-0.01648,0.23255,-0.056764,-0.014649,-0.15473,-0.43764,-2.1772,-2.6066,-3.5185,-2.2779,-0.54201,-0.99155,-2.6716,-3.3052,-2.8346,-2.4665,-1.1975,-0.30671,0.31587,-3.3674,-0.48799,-0.29756,-0.20325,0.15198,-0.44588,-0.84872,-1.0099,-1.9932,-2.4729,-1.4512,-0.60244,-1.0465,-1.7331,-2.1982,-2.2605,-2.4876,-2.6368,-2.6826,-3.0332,-2.6194,-2.4876,-3.1568,-2.5535,-1.7212,-1.9034,-1.67,-1.5876,-2.2779,-1.3788,-1.1673,-0.6473,-0.8533,0.18494,-1.0007,-1.7432,-1.9446,-2.4454
-4.6089,-0.31953,-0.3882,-0.55025,-0.71596,-0.58779,-0.32228,-0.19776,-0.30488,-0.33967,-0.43947,-0.54109,-0.57039,-0.42848,-0.33509,-0.36988,-0.45228,-0.47151,-0.41841,-0.38911,-0.45045,-0.43855,-0.37263,-0.38087,-0.44954,-0.42207,-0.36897,-0.35981,-0.43764,-0.48616,-0.48708,-0.40376,-0.34516,-0.36805,-0.412,-0.44313,-0.3946,-0.35066,-0.3177,-0.31953,-0.28748,-0.29115,-0.33692,-0.28291,-0.24537,-0.20417,-0.21973,-0.17945,-0.14649,-0.10529,0.097964,-0.01648,0.0027467,0.027467,-0.0045778,-0.014649,-0.019227,0.00824,-0.6711,-2.3099,-2.9417,-3.4498,-3.9222,0.85604,-1.9565,-3.1642
-4.4771,-0.58504,-0.59694,-0.57039,-0.5594,-0.55757,-0.56673,-0.57588,-0.5887,-0.55116,-0.54476,-0.55574,-0.59053,-0.59786,-0.5768,-0.54567,-0.55757,-0.58779,-0.62075,-0.63814,-0.58321,-0.56856,-0.5768,-0.60244,-0.59969,-0.5594,-0.51912,-0.54567,-0.54842,-0.54109,-0.54109,-0.5356,-0.50813,-0.5118,-0.52187,-0.48158,-0.47426,-0.44771,-0.43672,-0.42756,-0.42482,-0.39186,-0.3058,-0.24537,-0.22065,-0.49348,-0.31495,-0.37812,-0.29389,-0.097964,0.10895,0.22706,-0.11353,0.18677,-0.19135,-0.27467,-0.27924,0.14557,-0.21882,-0.25544,-0.12085,-1.29,-2.9463,-3.3226,-4.597,-2.6469
-2.1186,-0.49715,-0.52919,-0.53377,-0.50172,-0.49074,-0.53194,-0.53835,-0.52553,-0.5356,-0.53285,-0.51088,-0.53285,-0.5475,-0.53285,-0.53377,-0.53652,-0.51363,-0.52187,-0.54933,-0.53468,-0.53377,-0.53835,-0.553,-0.5356,-0.53743,-0.55483,-0.58138,-0.58138,-0.5768,-0.52095,-0.50996,-0.51912,-0.52553,-0.53011,-0.51546,-0.50447,-0.46693,-0.44771,-0.45961,-0.47609,-0.46236,-0.45869,-0.48616,-0.43214,-0.37172,-0.24995,-0.23896,-0.26185,-0.32044,-0.41932,-0.4413,-0.29664,-0.17304,-0.21516,-0.0018311,0.054018,-0.10712,-0.10163,0.023804,0.056764,-0.18403,-0.44588,-1.1307,-2.1992,-3.5606
-4.2546,-5.3935,-0.18403,-0.4413,-0.46144,-0.47243,-0.52828,-0.54292,-0.52919,-0.55849,-0.57222,-0.59969,-0.59511,-0.56032,-0.53835,-0.56307,-0.61617,-0.62166,-0.60976,-0.58504,-0.55208,-0.5594,-0.60335,-0.62166,-0.62807,-0.6061,-0.61525,-0.61251,-0.65371,-0.65004,-0.63997,-0.6473,-0.65096,-0.65279,-0.68758,-0.65188,-0.68667,-0.73336,-0.69216,-0.68392,-0.71596,-0.73336,-0.66652,-0.6006,-0.56764,-0.62258,-0.64364,-0.51271,-0.43672,-0.47609,-0.54201,-0.5594,-0.47243,-0.37812,-0.32228,-0.24171,-0.25636,-0.36348,-0.19501,-0.050356,0.047609,0.059511,-0.48524,-0.965,-1.7194,-3.0497
0.58779,0.54384,0.52736,0.5182,0.49348,0.48891,0.46693,0.49806,0.48341,0.4825,0.48433,0.46052,0.4825,0.47792,0.44496,0.45778,0.45137,0.43489,0.42848,0.42848,0.40101,0.41749,0.44496,0.43397,0.44954,0.45137,0.42756,0.4001,0.36714,0.37538,0.30396,0.22431,0.28932,0.23072,0.12909,0.15198,0.17487,0.15656,0.14283,0.088809,0.031129,0.00824,0.034791,-0.017396,0.015564,-0.0018311,-0.10163,-0.1236,-0.13642,-0.20051,-0.092471,-0.056764,0.11902,0.12452,-0.035707,-0.13733,0.092471,0.29298,0.56032,0.92288,1.377,1.8229,2.3759,3.3601,4.0852,3.8993
0.67202,0.61434,0.59603,0.59511,0.59328,0.5887,0.61068,0.63448,0.59328,0.61617,0.61159,0.618,0.63448,0.64364,0.63082,0.65004,0.6354,0.66195,0.68667,0.66927,0.65004,0.63814,0.63631,0.61617,0.53377,0.53926,0.51546,0.53743,0.54292,0.52644,0.45228,0.43672,0.41566,0.39369,0.41932,0.43031,0.3946,0.3058,0.31678,0.38179,0.37629,0.30305,0.24262,0.23255,0.22614,0.28748,0.24812,0.2234,0.21424,0.19776,0.2353,0.12085,0.045778,0.066836,-0.026551,-0.06592,0.069582,0.13459,0.20966,0.44679,0.44496,0.42116,0.66927,1.4722,1.4924,1.6919
0.76632,0.77273,0.77181,0.7654,0.75625,0.73977,0.71047,0.69033,0.66378,0.66836,0.66286,0.6299,0.61434,0.58779,0.47334,0.53743,0.49715,0.50081,0.48158,0.46052,0.47975,0.4706,0.47517,0.48158,0.5063,0.48616,0.49165,0.48891,0.52278,0.52461,0.51088,0.49532,0.4825,0.49898,0.5063,0.46419,0.45961,0.47151,0.412,0.37263,0.43031,0.43397,0.38453,0.37263,0.29115,0.30305,0.206,0.09888,0.18494,0.16846,0.13367,0.0824,-0.014649,-0.16114,-0.17212,-0.020142,0.0064089,-0.00824,0.16938,0.27467,0.34791,1.4603,2.1039,1.9245,2.4006,2.4628
0.66561,0.62899,0.60244,0.57222,0.54933,0.56673,0.57405,0.58504,0.59328,0.60244,0.59969,0.64272,0.66561,0.70681,0.70132,0.70589,0.70589,0.72237,0.74068,0.7416,0.71505,0.69124,0.74435,0.73611,0.67019,0.69124,0.62258,0.63082,0.6766,0.71596,0.683,0.66561,0.70864,0.6711,0.58504,0.51546,0.53102,0.51363,0.52278,0.44496,0.35981,0.39003,0.42024,0.38087,0.39552,0.38179,0.29115,0.24079,0.24995,0.24171,0.27467,0.18311,0.042116,-0.056764,-0.12726,-0.089724,-0.032044,-0.027467,0.064089,0.27375,0.2591,1.1005,1.919,1.8778,2.3722,2.7009
0.59969,0.54659,0.52461,0.56764,0.53468,0.50447,0.52919,0.47517,0.50356,0.50813,0.5356,0.52553,0.53194,0.53652,0.5182,0.50996,0.49989,0.49806,0.53652,0.55757,0.59053,0.59511,0.60976,0.63173,0.6061,0.57314,0.56124,0.55483,0.54476,0.51088,0.47609,0.33418,0.43489,0.4413,0.3946,0.3827,0.29481,0.27375,0.31404,0.27741,0.13733,0.093387,0.12635,0.12635,0.11261,0.099796,0.053102,0.053102,-0.053102,-0.047609,-0.0045778,-0.051271,-0.085147,-0.045778,0.036622,0.15107,0.19318,0.21149,0.30671,0.72695,1.3642,1.6507,2.2935,2.4509,2.873,3.2685
0.85513,0.86978,0.85238,0.83865,0.8533,0.87893,0.89358,0.89633,0.90548,0.87436,0.83956,0.8826,0.84506,0.85788,0.88992,0.86062,0.86703,0.85971,0.86978,0.87619,0.84872,0.87893,0.88443,0.86337,0.8771,0.87436,0.88534,0.89175,0.88534,0.85788,0.83499,0.82125,0.83865,0.83224,0.84414,0.86337,0.85513,0.75808,0.69857,0.72787,0.62716,0.66561,0.65645,0.5768,0.4651,0.43489,0.44954,0.43214,0.40925,0.36073,0.19684,0.22156,0.13642,0.10712,0.1117,0.19868,0.12726,0.066836,0.3058,0.61342,1.1884,1.6846,2.4766,3.5752,4.5585,4.9879
0.81118,0.81576,0.82217,0.81301,0.81393,0.81118,0.80935,0.79928,0.82125,0.83316,0.8359,0.8121,0.80569,0.82217,0.82217,0.81027,0.8066,0.84323,0.79745,0.83224,0.85696,0.7828,0.77731,0.79287,0.77639,0.78463,0.78738,0.78921,0.8002,0.77181,0.80111,0.8002,0.78555,0.76449,0.77181,0.78372,0.76357,0.72878,0.69308,0.683,0.62532,0.64638,0.62899,0.61708,0.62349,0.52828,0.44679,0.46602,0.43397,0.41749,0.35798,0.33876,0.26368,0.31678,0.41566,0.31129,0.23804,0.21882,0.35249,0.48341,0.70772,1.4859,2.1305,2.6249,3.8215,4.4917
0.8359,0.84964,0.84597,0.86154,0.85055,0.8478,0.83499,0.83499,0.83316,0.86154,0.87527,0.88168,0.83956,0.89908,0.87252,0.87619,0.90457,0.87619,0.85604,0.87344,0.87527,0.87619,0.89816,0.89358,0.90182,0.89816,0.93661,0.94394,0.95035,0.97049,0.98148,0.99155,0.97324,0.94943,0.94943,0.91189,0.90365,0.87252,0.86154,0.79562,0.73428,0.80844,0.73794,0.71963,0.683,0.6473,0.53926,0.51088,0.5594,0.52278,0.57222,0.59236,0.32777,0.30671,0.41383,0.49257,0.36714,0.26826,0.26826,0.5356,0.6299,2.0673,2.2367,1.7002,3.4388,0.81576
0.81301,0.8066,0.76998,0.68209,0.83316,0.90365,0.81484,0.63448,0.39644,0.24995,0.22156,0.16114,0.3003,0.73702,0.98056,0.90823,0.56856,0.36714,0.51912,0.57772,0.40376,0.29389,0.54201,0.77914,0.78463,0.51271,0.27284,0.38636,0.46968,0.28657,0.085147,0.056764,0.32411,0.5887,0.83956,0.87344,0.54109,0.29939,0.34059,0.58229,0.66012,0.35157,0.22706,0.56948,0.44221,0.271,0.25086,0.62258,0.45961,0.069582,-0.42207,-0.44771,0.1236,0.34516,-0.10254,-0.1355,-0.21332,-1.8375,-1.8412,-3.0992,-3.1065,1.9932,-0.056764,-1.171,-9.2059,0.78097
0.83682,0.91372,0.88626,0.89816,0.91556,0.95584,0.86978,0.74068,0.7178,0.759,0.87527,0.88534,0.72054,0.58412,0.61159,0.72146,0.76449,0.79928,0.8066,0.72054,0.54384,0.46876,0.50539,0.59328,0.64821,0.64089,0.54109,0.50722,0.58412,0.66652,0.66378,0.57405,0.47517,0.51454,0.69582,0.75442,0.57405,0.35707,0.26826,0.33235,0.48433,0.64364,0.71139,0.70132,0.53468,0.29298,0.20325,0.17304,0.10254,0.043947,0.2353,0.47243,0.24628,-0.32228,-0.39277,0.14832,0.088809,-1.1554,-2.7714,-4.1722,-2.3466,-1.0657,-4.1173,-3.3354,1.247,1.2058
1.2259,1.2671,1.2415,1.2305,1.2726,1.2452,1.2104,1.1554,1.1747,1.247,1.2671,1.2241,1.1966,1.2479,1.3074,1.2992,1.2067,1.1682,1.1975,1.2424,1.2186,1.193,1.182,1.1408,1.0355,0.94302,0.96774,0.97873,0.97049,0.97964,1.0016,1.0263,0.95309,0.86703,0.89541,1.0126,0.95584,0.83041,0.81301,0.88168,0.91739,0.82766,0.64638,0.50539,0.4944,0.61708,0.66927,0.55483,0.4706,0.40284,0.30763,0.25361,0.22065,0.36897,0.74068,0.97324,0.35615,-0.65462,-1.4164,-1.2415,-3.2054,-4.3571,-1.9904,-1.8293,1.7203,1.8302
1.7249,1.5656,1.6617,1.7945,1.6846,1.5336,1.6498,1.6013,1.5244,1.5665,1.7002,1.7881,1.843,1.9282,1.9053,1.8375,1.8311,1.7817,1.648,1.5271,1.4603,1.3807,1.5006,1.5857,1.5748,1.4869,1.3404,1.1527,0.90091,1.1628,1.4502,1.4466,1.4878,1.7917,1.963,2.1387,2.6835,3.1349,3.339,2.9591,2.2211,1.7368,1.236,0.99063,0.66286,0.87069,0.90182,1.0556,1.2351,1.4832,1.6544,1.7368,1.9282,1.952,1.691,1.6178,1.6334,1.8925,2.1982,2.234,2.2706,2.2431,2.3576,-4.6309,1.2946,1.1985
1.1435,1.1179,1.2131,1.2754,1.2891,1.2104,1.1316,1.0941,1.1042,1.1417,1.1957,1.2159,1.1701,1.1435,1.1435,1.1335,1.1023,1.0263,1.0291,1.0611,1.0703,0.98605,1.0392,0.92563,0.83041,0.95309,0.97598,0.89267,0.8478,0.87619,0.85879,0.84872,0.82766,0.86886,0.82583,0.7123,0.61159,0.61342,0.72512,0.73519,0.74984,0.68484,0.56124,0.64638,0.70772,0.71596,0.65828,0.55208,0.45686,0.37172,0.42299,0.48158,0.59328,0.61708,0.3296,-0.26826,-0.30488,-0.17212,-0.889,-2.2926,-3.0222,-2.624,-0.01648,1.6132,0.53926,0.48982
0.43764,0.33509,0.30671,0.3946,0.40101,0.36897,0.39369,0.40101,0.43947,0.41383,0.3589,0.32685,0.28291,0.22065,0.27192,0.27924,0.30854,0.31129,0.31404,0.34791,0.37629,0.41658,0.40376,0.39644,0.4294,0.34883,0.3058,0.33052,0.3058,0.25544,0.20875,0.28016,0.31678,0.36897,0.41108,0.40834,0.30854,0.13642,0.035707,0.093387,0.15473,0.16663,0.11444,0.15564,0.12543,-0.010071,-0.10071,-0.12543,-0.11078,-0.077822,0.031129,0.39094,0.43947,0.33052,-0.21607,-0.62441,-0.71047,-2.7805,-1.5903,-2.4271,-2.9701,-5.3633,-4.4816,-7.5478,0.53926,0.58779
0.54109,0.54567,0.59145,0.6711,0.69582,0.6711,0.61434,0.58779,0.57039,0.53652,0.53652,0.57588,0.59053,0.61892,0.61983,0.61159,0.58596,0.53468,0.51912,0.61708,0.66836,0.618,0.63814,0.60518,0.45503,0.5356,0.553,0.4651,0.47517,0.47151,0.44221,0.39552,0.38911,0.39735,0.44496,0.40193,0.34883,0.32685,0.29389,0.33967,0.36805,0.25727,0.13276,0.063173,-0.05768,-0.141,-0.070498,-0.029298,-0.20417,-0.054018,0.29481,0.36348,0.38728,-0.26734,-0.45595,0.014649,-1.9428,-1.4869,-3.5908,-5.8568,-1.1417,2.8199,4.218,-19.283,0.66378,0.62532
0.6006,0.58962,0.5594,0.61617,0.59145,0.57405,0.59236,0.59053,0.49989,0.49257,0.54018,0.53652,0.52553,0.58229,0.56948,0.59694,0.57955,0.54292,0.51271,0.47426,0.49348,0.4239,0.38728,0.37629,0.33235,0.33876,0.34425,0.34242,0.34516,0.39277,0.43672,0.44221,0.45595,0.46236,0.52553,0.42756,0.33143,0.32136,0.35157,0.36256,0.27467,0.17853,0.15564,0.07416,0.068667,0.22248,0.28474,0.16755,-0.12268,-0.30671,-0.14191,-0.036622,-0.14283,-0.069582,0.40101,0.39186,-0.18311,-0.97598,-2.1305,-1.4008,-3.4352,-4.3013,-7.481,-14.909,-0.30213,-0.24262
-0.31678,-0.42299,-0.33143,-0.24262,-0.62349,-0.58687,-0.62258,-0.73336,-0.5887,-0.54384,-0.64089,-0.53468,-0.43672,-0.30946,-0.3534,-0.43031,-0.49257,-0.48158,-0.33784,-0.21058,-0.11994,-0.1767,-0.21149,-0.44954,-0.33052,-0.3122,-0.18311,0.12726,0.017396,0.27009,0.13092,0.24628,0.27558,0.47151,0.53835,0.58504,0.36073,0.18952,0.22706,0.24995,0.31861,0.079653,0.20234,0.22889,0.20417,0.10712,0.071413,0.089724,0.24812,0.3177,0.23255,0.35157,0.25361,-0.081484,-0.22523,-0.18036,0.18677,0.30763,0.28382,-0.49715,2.1653,-1.2049,-1.9584,-6.2267,-0.52187,-0.48982
-0.51912,-0.55391,-0.5356,-0.53377,-0.50539,-0.47792,-0.477,-0.47884,-0.50722,-0.50905,-0.53011,-0.47975,-0.45412,-0.3827,-0.29023,-0.20692,-0.22248,-0.17029,-0.10529,-0.11811,-0.091556,-0.059511,0.0064089,-0.092471,-0.25636,-0.35707,-0.33326,-0.18036,0.0091556,-0.012818,0.033876,-0.045778,-0.053102,0.03296,0.043031,-0.10987,-0.063173,0.04944,-0.0018311,0.0064089,-0.0073244,0.11444,0.42665,0.68117,0.50905,0.38636,-0.064089,-0.52095,-0.15839,0.16663,0.17579,0.45045,2.6176,30,-2.7549,7.8417,8.9779,9.6124,6.7879,4.5082,2.5782,1.6626,2.1955,-7.4398,1.8613,1.8595
1.8796,1.8622,1.8778,1.8467,1.8165,1.8595,1.9245,1.9153,1.8796,1.8696,1.8622,1.8998,1.9135,1.9044,1.8989,1.8778,1.843,1.8274,1.8815,1.8018,1.854,1.8174,1.7982,1.8311,1.8384,1.8769,1.8979,2.1497,2.1213,1.8293,1.8641,1.7634,1.9941,2.0582,2.0289,1.9822,1.9794,1.9227,1.8155,1.7872,1.7331,1.7597,1.8274,1.897,1.9538,1.9071,1.8046,1.7286,1.7158,1.7167,1.7222,1.7222,1.7524,1.8503,1.7853,1.7643,1.7762,1.8778,1.8705,1.8952,1.93,1.941,1.8,3.3207,-0.19135,-0.20875
-0.27284,-0.28932,-0.28748,-0.25636,-0.21241,-0.21149,-0.22065,-0.2298,-0.20783,-0.19776,-0.18311,-0.14466,-0.091556,-0.097964,-0.11628,-0.097964,0.010071,0.062258,0.075076,0.0412,-0.018311,-0.05768,0.0027467,0.032044,0.093387,0.0412,0.11628,0.11444,0.093387,0.056764,-0.084231,-0.15931,-0.032044,0.1529,0.26826,0.29115,0.24171,0.14832,0.13825,0.29298,0.19684,0.28565,0.19868,0.35432,0.39369,0.69765,0.49074,0.13184,-0.55849,-0.43306,0.0412,0.31404,0.99704,1.1975,14.76,-0.91281,11.312,10.382,7.6312,6.1892,4.315,2.2019,2.179,-9.4046,-0.58504,-0.56124
-0.53652,-0.54018,-0.53011,-0.53377,-0.51912,-0.48708,-0.46052,-0.43214,-0.44038,-0.41749,-0.31404,-0.26734,-0.24537,-0.24354,-0.21149,-0.22065,-0.28016,-0.29206,-0.26002,-0.21241,-0.21973,-0.2298,-0.23255,-0.19135,-0.1822,-0.13001,-0.10071,-0.043947,0.092471,0.20051,0.17487,0.14374,0.062258,0.044862,0.13092,0.24262,0.27284,0.30854,0.37446,0.3589,0.37538,0.37721,0.33143,0.37538,0.37538,0.39827,0.41017,0.46327,0.4294,0.46052,0.42024,0.32411,0.36988,0.41749,0.50722,0.095218,-0.21058,0.24079,0.965,1.1554,0.46052,2.3264,28.509,-9.8166,-0.3415,-0.34974
-0.30488,-0.32868,-0.35615,-0.34974,-0.39827,-0.40559,-0.41932,-0.43672,-0.39827,-0.37263,-0.35798,-0.39827,-0.40468,-0.39369,-0.37721,-0.36073,-0.4001,-0.39735,-0.29206,-0.23804,-0.26185,-0.33784,-0.34242,-0.3177,-0.29481,-0.20142,-0.16114,-0.16388,-0.19135,-0.20692,-0.16663,-0.10254,-0.026551,-0.064089,-0.058596,-0.073244,-0.079653,-0.043947,-0.019227,-0.043031,-0.077822,-0.055849,0.036622,0.065004,0.05768,0.075991,0.11353,0.2353,0.30671,0.21699,0.29847,0.4294,0.60244,0.75076,0.65828,0.22248,-0.13825,-0.33143,0.32868,0.82125,1.2506,0.97598,7.5845,-8.9203,0.048524,-0.094302
-0.081484,-0.04944,-0.020142,0.075076,0.051271,0.080569,0.09888,0.24812,0.11261,0.068667,0.16663,0.25269,0.15656,0.13642,0.077822,0.0027467,0.061342,0.20234,0.23713,0.09064,0.065004,0.045778,0.026551,0.03296,0.050356,0.010987,-0.011902,-0.037538,0.044862,0.095218,0.16297,0.20692,0.09888,0.043947,0.15107,0.206,0.12543,0.055849,0.17029,0.23347,0.20783,0.21607,0.16846,0.09888,0.073244,0.026551,0.0064089,-0.068667,-0.069582,-0.030213,-0.033876,-0.026551,-0.12543,-0.062258,-0.033876,0.32319,0.39735,0.38453,0.76083,0.89358,0.91556,1.2214,1.062,1.1737,0.21973,0.19593
0.20875,0.16022,0.206,0.26368,0.32502,0.33784,0.36622,0.32777,0.38545,0.39918,0.42573,0.45869,0.41932,0.3534,0.43489,0.44496,0.51546,0.45137,0.49989,0.45869,0.39644,0.25452,0.23804,0.3296,0.34791,0.33418,0.21973,0.15748,0.2353,0.24628,0.141,0.20142,0.23621,0.15198,0.14191,0.091556,0.092471,0.19318,0.21332,0.17121,0.1886,0.16755,0.13916,0.13001,0.03296,0.028382,-0.01648,-0.087893,-0.085147,-0.0412,-0.11261,0.047609,0.18403,0.2591,0.32136,0.69765,0.80111,0.80386,0.79562,0.81576,0.80386,0.69765,1.3056,0.64089,0.62624,0.58321
0.55208,0.55483,0.56307,0.54292,0.52278,0.56581,0.57588,0.55574,0.54109,0.5237,0.49989,0.53011,0.49074,0.4944,0.52736,0.50264,0.52828,0.56581,0.57039,0.56581,0.57772,0.62258,0.59328,0.55574,0.47243,0.43764,0.49623,0.52004,0.51271,0.46785,0.48616,0.50905,0.52553,0.51546,0.45045,0.37996,0.39003,0.37904,0.33052,0.31678,0.27467,0.26002,0.27833,0.21516,0.20966,0.13001,0.010071,-0.0018311,-0.027467,-0.014649,-0.051271,0,-0.037538,0.0036622,0.044862,0.20325,0.54659,0.68667,0.41658,0.30488,0.61342,0.63814,0.95859,0.4706,0.44679,0.39003
0.36439,0.46602,0.59511,0.64455,0.60244,0.5594,0.49715,0.48708,0.58779,0.5887,0.5475,0.50172,0.46236,0.4706,0.44404,0.46144,0.50996,0.50447,0.4944,0.51729,0.50813,0.50996,0.52095,0.49348,0.46052,0.42482,0.40468,0.34516,0.32777,0.35798,0.38911,0.39277,0.42482,0.3827,0.34608,0.27924,0.30396,0.29389,0.30488,0.30305,0.32777,0.29481,0.19593,0.21516,0.15564,0.17029,0.20417,0.087893,0.029298,-0.00824,0.11536,0.062258,0.065004,0.0036622,0.14557,-0.0824,0.10437,0.019227,-0.28565,0.16114,0.71322,0.27009,0.32502,0.65462,0.6473,0.6299
0.64547,0.63448,0.53835,0.57405,0.57314,0.54567,0.63448,0.683,0.66012,0.62624,0.58138,0.56856,0.56673,0.62075,0.63997,0.59694,0.58596,0.57772,0.53652,0.53926,0.57955,0.60335,0.61983,0.60152,0.5475,0.51454,0.52553,0.54109,0.50264,0.44221,0.37355,0.27467,0.41108,0.40468,0.34608,0.25727,0.28382,0.27741,0.26276,0.22431,0.22431,0.27192,0.27284,0.19501,0.20325,0.14191,0.20692,0.14466,0.088809,0.09888,0.11628,0.029298,-0.097049,-0.097049,-0.0018311,-0.10346,0.03296,0.31404,0.85604,1.03,0.91647,0.73428,1.4365,0.56307,0.57039,0.58229
0.64638,0.61892,0.59694,0.59236,0.59694,0.59694,0.60701,0.61251,0.62807,0.63997,0.62349,0.64272,0.61525,0.57955,0.58504,0.59053,0.60518,0.59969,0.57863,0.58412,0.5942,0.58138,0.5887,0.57222,0.53194,0.52644,0.52919,0.477,0.48799,0.47884,0.42573,0.38545,0.38453,0.37996,0.36348,0.37172,0.347,0.32319,0.27924,0.26917,0.24995,0.24354,0.19501,0.18311,0.12085,0.091556,0.047609,-0.014649,0.025636,-0.0018311,0.035707,0.010071,0.059511,0.096133,0.1117,0.22797,0.48708,0.98788,1.2268,1.3541,2.1131,1.8558,1.7359,0.65004,0.64089,0.64455
0.6592,0.66195,0.58962,0.64272,0.64089,0.62899,0.62807,0.64089,0.60244,0.57863,0.59969,0.6299,0.64455,0.62166,0.60793,0.59877,0.57588,0.59145,0.57039,0.55208,0.57405,0.58412,0.57863,0.57405,0.57772,0.55757,0.5237,0.54292,0.56581,0.53377,0.45137,0.51271,0.51454,0.44404,0.43397,0.40559,0.38453,0.38911,0.37263,0.37172,0.3589,0.36988,0.38911,0.34791,0.30671,0.21149,0.13825,0.18586,0.17212,0.10529,0.0824,0.033876,-0.014649,-0.076907,-0.010071,-0.010071,0.23347,0.37172,0.56856,1.1289,1.3999,0.70132,0.75808,0.67019,0.66652,0.67568
0.68392,0.72146,0.74435,0.73428,0.77181,0.78646,0.73794,0.67476,0.69033,0.77914,0.79836,0.81027,0.78005,0.76815,0.82125,0.81576,0.74801,0.73428,0.73702,0.73519,0.75533,0.74892,0.73428,0.69948,0.67568,0.64913,0.65462,0.67202,0.58321,0.55483,0.52278,0.49532,0.47975,0.44221,0.42024,0.32594,0.35249,0.39827,0.33876,0.38545,0.3589,0.30671,0.40468,0.32685,0.29939,0.28565,0.17029,0.13276,0.19044,0.11811,-0.019227,-0.1886,0.11078,0.051271,-0.048524,0.032044,0.69033,1.3111,1.4429,1.7139,2.0838,2.6945,2.6862,0.70132,0.69124,0.6711
0.67385,0.6711,0.71688,0.69674,0.70589,0.70772,0.73885,0.72878,0.72146,0.75533,0.71413,0.68941,0.71505,0.70956,0.67019,0.67019,0.6473,0.67843,0.65462,0.62716,0.61434,0.553,0.53468,0.56398,0.61525,0.62624,0.63356,0.58138,0.5182,0.49715,0.47517,0.45595,0.41292,0.37355,0.32136,0.27192,0.18586,0.19684,0.17029,0.17121,0.14283,0.16663,0.17762,0.17762,0.15656,0.14191,0.071413,0.050356,0.075991,0.033876,-0.10804,-0.18769,-0.069582,0.072329,0.058596,0.1767,0.79653,0.93936,1.2049,2.0435,2.7888,2.8602,2.7165,0.75259,0.75167,0.74892
0.76449,0.78555,0.79653,0.82949,0.81484,0.85238,0.82949,0.8121,0.78555,0.76174,0.75259,0.75259,0.7416,0.72054,0.70406,0.69033,0.68575,0.69674,0.68484,0.71688,0.72695,0.72237,0.69765,0.66195,0.67751,0.67019,0.64547,0.59786,0.553,0.52644,0.44679,0.35249,0.38545,0.30946,0.30671,0.32685,0.35798,0.33692,0.3296,0.30305,0.29572,0.29115,0.26002,0.23713,0.26826,0.31495,0.25178,0.17396,0.12268,0.12543,0.16114,0.043031,-0.00091556,0.025636,0.20508,0.27192,0.1822,0.36897,0.78555,1.1957,1.7011,2.5626,0.66836,0.68758,0.66744,0.62624
0.7004,0.63906,0.65554,0.65096,0.65645,0.62532,0.62441,0.61892,0.65188,0.67202,0.65188,0.64821,0.62166,0.60701,0.62075,0.60793,0.5594,0.53652,0.53285,0.5356,0.50081,0.50172,0.49532,0.54292,0.56124,0.48158,0.44496,0.51637,0.52736,0.48799,0.45686,0.36348,0.2646,0.21149,0.20783,0.21607,0.206,0.15839,0.13825,0.10071,0.079653,-0.00091556,0.020142,0.039369,0.039369,-0.030213,0.046693,0.04944,-0.029298,-0.043031,-0.13733,-0.1355,-0.096133,0.10712,0.14924,0.25636,0.82858,0.84048,1.4145,1.2369,2.3475,0.7178,0.64455,0.62807,0.65371,0.72878
0.7828,0.77731,0.82583,0.75259,0.68758,0.70498,0.70406,0.69674,0.68117,0.7242,0.76998,0.79104,0.76266,0.73153,0.71688,0.70315,0.69582,0.72329,0.69033,0.69491,0.66012,0.61068,0.68209,0.61708,0.56032,0.54567,0.60244,0.60335,0.55025,0.5063,0.52736,0.53835,0.54384,0.52187,0.50722,0.53743,0.54018,0.47609,0.52919,0.52004,0.49165,0.45045,0.3589,0.28932,0.23713,0.13733,0.04944,-0.021058,-0.017396,-0.16205,-0.15839,-0.00091556,0.071413,-0.02472,-0.15748,0.27375,0.99612,1.6434,2.0225,2.5654,2.6981,2.3502,1.8339,1.7478,1.6077,1.1765
0.7242,0.085147,-0.22065,0.42024,0.16114,0.16663,0.32044,0.5182,0.60335,0.66652,0.56032,0.75533,0.74252,0.65462,0.74984,0.74709,1.0904,0.9769,0.82949,0.81118,0.69765,0.65188,0.66927,0.70406,0.64547,0.57863,0.65188,0.58504,0.30122,0.35432,0.24995,0.29023,0.23713,0.18311,0.34242,0.27467,0.071413,-0.1117,-0.061342,0.11902,0.25269,0.10071,-0.021058,-0.017396,0.07416,0.03296,-0.13916,-0.18952,-0.19227,-0.054933,0.0064089,-0.0045778,0.086062,0.16297,0.79379,1.0996,1.3797,1.6388,2.1085,2.6167,3.3985,0.65371,0.75442,0.71413,0.70498,0.71139
0.69216,0.69857,0.67385,0.66469,0.68667,0.65645,0.63814,0.62716,0.6299,0.66012,0.61525,0.6006,0.60701,0.60793,0.61159,0.61525,0.59969,0.58962,0.57497,0.59786,0.60244,0.56581,0.55849,0.59877,0.51546,0.58412,0.56948,0.52278,0.48799,0.55025,0.60793,0.5594,0.54384,0.50996,0.51363,0.51546,0.40376,0.39918,0.37812,0.31404,0.30488,0.24537,0.22889,0.20051,0.32136,0.46327,0.26551,0.063173,-0.20142,0.15839,0.26185,0.23255,0.31495,0.20234,0.44679,0.37721,0.38636,0.53468,1.594,2.775,3.4681,0.79653,0.77639,0.7709,0.79379,0.78005
0.76815,0.8002,0.77914,0.74618,0.76174,0.73611,0.73061,0.71505,0.7178,0.73428,0.72054,0.7178,0.73244,0.73794,0.72787,0.67476,0.824,0.77364,0.73428,0.77273,0.77639,0.78005,0.76815,0.7654,0.8121,0.75259,0.72237,0.67019,0.63906,0.67568,0.68392,0.61892,0.59969,0.58321,0.53194,0.49532,0.46419,0.4651,0.51546,0.45869,0.40742,0.21516,0.11811,0.13916,-0.018311,-0.034791,0.075076,0.03296,0.26551,0.16755,0.1529,0.27009,0.41475,0.56398,0.72054,0.42482,0.62258,1.1609,1.8751,3.3894,3.7968,0.74252,0.72512,0.70315,0.72237,0.69948
0.70772,0.73519,0.73977,0.6885,0.71688,0.71139,0.70498,0.71139,0.6592,0.6299,0.60244,0.6061,0.57497,0.52278,0.53011,0.48799,0.48799,0.4239,0.47243,0.44038,0.40376,0.477,0.39094,0.32777,0.271,0.18677,0.40742,0.45228,0.31312,0.21607,0.14191,0.28108,0.36988,0.16205,0.13367,0.14924,0.097964,0.27924,0.43214,0.30122,0.095218,0.18677,0.22431,0.25452,0.10071,0.011902,-0.032044,0.14466,0.17762,-0.015564,0.46419,0.58779,0.47243,0.11078,-0.32228,-0.4358,0.084231,1.0053,2.027,3.1156,3.209,0.4944,0.44588,0.51454,0.52736,0.40101
0.46693,0.50722,0.48799,0.45045,0.39186,0.52644,0.56124,0.42665,0.40193,0.54292,0.56764,0.45778,0.42573,0.54292,0.56856,0.4001,0.35432,0.41292,0.43855,0.47517,0.32502,0.23255,0.30213,0.271,0.29664,0.21149,0.047609,0.052187,0.14008,0.077822,0.18494,0.0412,-0.023804,0.075991,0.081484,0.10254,0.21607,0.2472,0.32319,0.41932,0.31678,0.30854,0.26643,0.14649,0.16938,0.50356,0.39094,0.16663,0.055849,-0.17121,-0.14924,-0.33876,-0.24537,-0.037538,0.24354,1.0703,2.0499,3.2694,3.8133,7.4233,7.1633,0.87344,0.84414,0.83132,0.72237,0.82308
0.84048,0.74343,0.76907,0.81118,0.78005,0.74526,0.76357,0.75533,0.72054,0.71322,0.73702,0.77548,0.74801,0.69491,0.71596,0.73702,0.73336,0.73519,0.75076,0.70956,0.69033,0.70498,0.69399,0.69582,0.71322,0.65188,0.74068,0.69216,0.64638,0.61342,0.59603,0.56398,0.56124,0.55757,0.5063,0.39186,0.29206,0.3058,0.3058,0.1941,0.070498,0.00091556,-0.021058,0.048524,0.055849,-0.032044,-0.32411,-0.24537,-0.21973,-0.033876,0.11261,0.067751,0.21882,0.47517,0.3708,0.067751,0.33692,0.7828,1.334,2.1918,2.9939,1.0401,0.9595,0.86703,0.87252,0.91006
0.94028,0.93204,0.93661,1.0337,1.0575,1.0547,1.0923,1.1618,1.138,1.0996,0.99521,1.0227,1.008,1.0117,0.84872,0.8359,0.89358,0.95126,1.0126,0.99612,0.89358,0.8771,0.75259,0.69124,0.7004,0.65371,0.60793,0.60152,0.59786,0.6006,0.53835,0.52644,0.46785,0.41749,0.44496,0.44404,0.41017,0.33876,0.30305,0.27924,0.42116,0.38453,0.41841,0.22889,0.22797,0.19501,0.1355,0.16114,0.26643,0.13825,0.16755,0.34242,0.6354,0.32502,0.28016,0.0045778,-0.055849,0.77548,1.5601,2.5965,3.6201,0.55849,0.55849,0.58962,0.61525,0.62166
0.6299,0.62899,0.59694,0.65279,0.64821,0.65188,0.66103,0.64455,0.62258,0.63997,0.61434,0.61251,0.63814,0.65004,0.63814,0.63723,0.59328,0.69033,0.61159,0.56124,0.52919,0.54476,0.55757,0.55849,0.54018,0.477,0.37263,0.206,0.20783,0.2179,0.27833,0.24903,0.05768,0.019227,0.083316,0.14649,0.0045778,-0.0036622,-0.14008,-0.15564,-0.086978,-0.038453,-0.14191,0.21882,0.27833,0.15198,0.36439,0.45686,0.35524,-0.15656,-0.91922,-1.0611,-1.0218,-0.12909,0.53652,1.063,1.7689,2.1616,2.1653,3.2722,5.6481,0.27467,0.37172,0.46785,0.56398,0.53194
0.61068,0.71963,0.71505,0.61068,0.60427,0.553,0.47609,0.4825,0.59694,0.57222,0.49623,0.49989,0.42207,0.36897,0.35432,0.36531,0.34883,0.31587,0.28565,0.2179,0.11719,-0.026551,-0.081484,0.073244,0.31678,0.23804,0.0064089,-0.048524,0.039369,0.036622,-0.071413,0.03296,0.10254,-0.047609,-0.13642,-0.080569,0.11444,0.04944,0.058596,0.043947,-0.031129,0.035707,-0.023804,-0.010987,0.06592,0.30946,0.27833,0.29115,0.43397,0.21699,-0.27558,-0.74709,-0.63631,0.014649,0.19593,1.0868,2.4702,3.1568,3.3363,4.6382,6.5096,0.7123,0.66927,0.60244,0.6766,0.63997
0.61068,0.62532,0.62716,0.61617,0.54109,0.4413,0.37538,0.41475,0.32411,0.34791,0.49989,0.56032,0.52644,0.44954,0.25819,0.43306,0.70956,0.45869,0.35157,0.40559,0.43947,0.41475,0.44313,0.47517,0.29756,0.21516,0.24171,0.2298,0.15381,0.26093,0.18403,-0.0091556,0.012818,0.15748,0.141,0.11628,0.09888,0.084231,0.0036622,0.079653,0.12452,0.11261,0.086978,0.053102,0.028382,0.25086,0.29023,0.15107,-0.31312,-0.41932,-0.37721,-0.19501,0.19684,0.50996,0.92288,1.6233,1.713,1.8842,3.7034,4.5018,4.8012,0.55025,0.56856,0.55208,0.54018,0.55757
0.56581,0.56948,0.55391,0.55391,0.55666,0.54292,0.52095,0.52736,0.49715,0.49806,0.49623,0.47517,0.45137,0.44404,0.46419,0.45045,0.41932,0.36439,0.42848,0.34516,0.35524,0.32319,0.32777,0.29389,0.25819,0.26368,0.24903,0.21699,0.20325,0.13916,0.15839,0.141,0.11078,0.14649,0.14283,0.15473,0.092471,0.066836,0.11078,0.13459,0.15381,0.17304,0.1648,0.20692,0.1648,0.089724,0.097964,0.1062,-0.043031,-0.2353,-0.1529,0.17121,0.032044,-0.54018,-0.51546,-0.75167,-1.93,-2.4546,-2.8419,-4.1008,-8.0779,0.58962,0.56124,0.54842,0.56307,0.55574
0.56948,0.5649,0.55391,0.53285,0.48067,0.49898,0.49532,0.47426,0.45686,0.4358,0.43855,0.40925,0.3946,0.30854,0.4706,0.43489,0.44496,0.41566,0.44679,0.44679,0.43489,0.43214,0.39644,0.32044,0.31312,0.3827,0.3708,0.43306,0.48982,0.50905,0.57863,0.56764,0.52278,0.54292,0.45595,0.3058,0.02472,-0.31678,-0.4532,-0.412,-0.17487,-0.19318,-0.23438,0.054933,0.13916,0.17762,0.26093,0.11902,0.47792,0.10529,0.26002,0.51729,0.1355,-0.29664,-0.61251,-0.98331,-1.5427,-2.9737,0.45778,0.46236,0.45045,0.43031,0.42665,0.44221,0.4358,0.44313
0.42207,0.39644,0.4239,0.43764,0.42665,0.42665,0.45686,0.42024,0.46785,0.48067,0.47517,0.4651,0.46327,0.45595,0.46419,0.46327,0.47426,0.43123,0.41566,0.39735,0.29572,0.32136,0.31678,0.31953,0.27833,0.24995,0.24812,0.32319,0.34425,0.30854,0.24445,0.30946,0.30396,0.24445,0.35066,0.30671,0.24079,0.043947,0.051271,-0.030213,-0.16572,-0.23621,-0.15748,-0.30671,-0.4001,-0.023804,-0.43031,-0.13825,-0.26093,-0.69948,-0.80935,-0.064089,-1.7899,-3.8032,-2.9518,-3.5395,-5.7781,-6.8227,0.4651,0.46602,0.46876,0.4825,0.45869,0.43306,0.45412,0.50172
0.51729,0.53011,0.52187,0.5768,0.59053,0.63265,0.64547,0.66469,0.66561,0.57588,0.56032,0.56215,0.54292,0.59603,0.57955,0.56581,0.51363,0.48341,0.46144,0.43672,0.43855,0.40101,0.34608,0.29115,0.14466,0.10987,0.13642,0.072329,0.011902,0.036622,-0.13276,-0.13367,-0.09064,-0.10529,-0.095218,-0.11261,-0.20692,-0.29023,-0.20692,-0.43397,-0.12268,0.13092,0.058596,-0.1941,-0.32228,-0.28474,-0.60152,-0.36714,-0.6766,-1.9181,-1.7716,-1.0941,-1.3605,-2.6029,-2.396,-2.0884,-4.5302,-6.8062,0.38179,0.33967,0.271,0.29206,0.38636,0.3296,0.32685,0.29115
0.2884,0.347,0.37721,0.33967,0.34883,0.36164,0.32044,0.32868,0.3177,0.32136,0.31587,0.2646,0.32868,0.31587,0.26643,0.24354,0.33052,0.37538,0.36714,0.3946,0.42482,0.47426,0.55116,0.55574,0.51363,0.57039,0.58687,0.56032,0.61342,0.63906,0.58596,0.46602,0.25361,0.21699,0.22889,0.3415,0.37629,0.24445,0.039369,-0.19684,-0.22889,-0.10071,0.00824,0.29481,0.076907,0.2472,0.35157,0.26368,0.022889,-0.13092,0.24537,0.33418,-1.1975,-2.3832,-2.6011,-3.7318,-3.0754,-4.359,0.6354,0.62899,0.61708,0.62899,0.59511,0.57131,0.58321,0.56215
0.55391,0.53926,0.52828,0.51088,0.51912,0.48433,0.4413,0.49806,0.48616,0.53652,0.46693,0.5118,0.52461,0.477,0.44313,0.43764,0.42207,0.37172,0.38087,0.36897,0.35524,0.33143,0.32502,0.30854,0.2884,0.24628,0.1529,0.067751,0.029298,0.1062,0.13459,0.061342,0.072329,0.0073244,-0.022889,-0.065004,-0.18036,0.033876,-0.13916,-0.42024,-0.20875,-0.021973,0.24903,0.50081,0.14649,-0.28108,0.027467,-0.47334,-0.66744,-0.97232,-1.5253,-2.4986,-3.4205,-2.8309,-5.3395,-5.0035,-4.716,-5.3835,0.48524,0.45686,0.45686,0.45137,0.47426,0.45595,0.44221,0.42665
0.39094,0.35157,0.3534,0.29572,0.271,0.27467,0.29481,0.29206,0.29756,0.3177,0.36714,0.37629,0.37996,0.3827,0.41017,0.43764,0.46876,0.42848,0.3534,0.27558,0.39277,0.3589,0.36073,0.32502,0.30671,0.30396,0.3003,0.31587,0.25086,0.29115,0.23804,0.27467,0.17579,0.18586,0.10163,0.11994,0.029298,-0.18586,-0.24354,-0.23804,-0.28382,-0.14191,-0.11719,-0.3534,-0.44313,-0.15473,0.45137,0.86886,0.28657,-0.51454,-0.4944,-0.26734,-0.66378,-2.1049,-2.9499,-4.434,-3.8966,-5.6911,0.4001,0.33876,0.32594,0.33235,0.34608,0.3003,0.30305,0.27284
0.35066,0.35798,0.40284,0.43031,0.47609,0.49074,0.54201,0.50813,0.49165,0.48799,0.51729,0.51454,0.55849,0.41841,0.55849,0.5475,0.62899,0.69948,0.78372,0.64638,0.5649,0.37355,0.41383,0.48708,0.73977,0.82034,0.58504,0.56307,0.5063,0.39369,0.20875,0.15748,0.079653,0.042116,0.056764,0.019227,0.012818,0,0.10529,0.034791,-0.18403,-0.29664,-0.24537,-0.24262,-0.22248,0.24903,0.45412,0.15473,-0.086062,-0.59236,-0.32594,0.1236,-1.1866,-1.745,-1.9007,-2.5452,-2.8501,-5.345,0.39186,0.44221,0.37721,0.44679,0.47792,0.46602,0.51088,0.48982
0.45686,0.43947,0.38087,0.30305,0.31587,0.3296,0.30213,0.29023,0.22523,0.21607,0.21973,0.1941,0.1767,0.16114,0.13092,0.097049,0.064089,0.023804,0.0412,0.0073244,0.013733,-0.051271,-0.081484,-0.019227,-0.097049,-0.15931,-0.22523,-0.26917,-0.19318,-0.19044,-0.3589,-0.3296,-0.40193,-0.20783,-0.1236,-0.046693,-0.0064089,-0.052187,-0.20875,-0.46327,-0.63448,-0.43123,-0.19868,-0.14283,-0.347,-0.30305,-0.29847,-0.12452,-0.52461,0.12818,-0.90915,-0.23347,-1.2287,-3.5936,-2.2459,-3.3024,-6.0134,-7.3821,0.42024,0.51088,0.50356,0.39827,0.42573,0.31678,0.34974,0.44954
0.33601,0.34333,0.34425,0.31861,0.34791,0.34333,0.33692,0.3415,0.33509,0.3177,0.30305,0.26276,0.22065,0.19227,0.18494,0.11261,0.088809,0.036622,-0.0054933,-0.026551,-0.029298,-0.14557,-0.2353,-0.30763,-0.42299,-0.26643,-0.24628,-0.40925,-0.44679,-0.36714,-0.54476,-0.63997,-0.48433,-0.347,-0.28291,-0.12268,-0.093387,-0.11261,-0.22614,-0.46144,-0.4532,-0.553,-0.38087,-0.35524,-0.21149,-0.14557,-0.53743,-0.48708,-0.055849,-0.52644,-0.88626,0.0036622,-1.5674,-2.7119,-3.0232,-2.7192,-5.9346,-6.1946,0.45595,0.41841,0.36988,0.35524,0.3534,0.43306,0.47609,0.51088
0.39918,0.39918,0.37263,0.34608,0.31587,0.28932,0.26734,0.27284,0.24445,0.23896,0.22706,0.21516,0.19044,0.206,0.21973,0.2646,0.36348,0.28108,0.37629,0.3589,0.24445,0.14924,0.23438,0.25727,0.10895,-0.091556,-0.34974,-0.34883,-0.40925,-0.61983,-0.68575,-0.31404,-0.20783,-0.28932,-0.10437,-0.13825,-0.75716,-1.6993,-1.9785,-0.53743,1.3193,0.81576,-0.5237,-1.9282,-0.30488,0.5237,-0.30122,-0.44954,0.39003,-0.2646,-0.91006,-3.1275,-2.5224,-3.0094,-6.5398,-4.9989,-6.2432,-7.2393,0.35707,0.36348,0.36073,0.38911,0.36256,0.37538,0.35524,0.29939
0.2472,0.21973,0.21882,0.271,0.33052,0.37172,0.41383,0.42207,0.39094,0.35432,0.35157,0.33235,0.34059,0.33052,0.2765,0.25178,0.27741,0.28474,0.23621,0.15564,0.086062,0.087893,0.047609,0.068667,0.070498,-0.026551,-0.10254,-0.20508,-0.23713,-0.3415,-0.40376,-0.46327,-0.44588,-0.31312,-0.26002,-0.11261,-0.14374,-0.53194,-0.65371,-0.79012,-0.82766,-0.65737,-0.27558,-0.29664,-0.25727,-0.017396,-0.66927,-0.58321,0.33235,0.12452,-0.94668,-0.67843,-0.59053,-2.4162,-3.3399,-3.1651,-2.71,-6.8245,0.32777,0.31495,0.3296,0.28474,0.24812,0.2179,0.19684,0.15748
0.11719,0.22889,0.32868,0.28565,0.20325,0.21058,0.23896,0.23438,0.25269,0.26093,0.27924,0.27375,0.29389,0.26276,0.36622,0.38545,0.26002,0.31312,0.1822,0.14008,0.052187,-0.084231,-0.093387,0.043947,0.0824,-0.043947,-0.24445,-0.52004,-0.4706,-0.51363,-0.32777,-0.3003,-0.35249,-0.4001,-0.17029,-0.18036,-0.022889,-0.10163,-0.36073,-0.57772,-0.66195,-0.79287,-0.40742,0.17304,0.060427,-0.10437,-1.2287,-0.29023,-0.080569,-0.88443,-1.1628,-2.6093,-4.0266,-2.3017,-5.0191,-5.6032,-5.6435,-6.4373,0.27467,0.24079,0.19318,0.18769,0.15839,0.17579,0.19044,0.22706
0.22706,0.18128,0.18586,0.13367,0.15107,0.11811,0.062258,0.072329,0.07416,0.03296,0.0054933,-0.09064,-0.1236,-0.050356,0.0036622,-0.033876,-0.080569,-0.10895,-0.18036,-0.16663,-0.22065,-0.23347,-0.1236,-0.12543,-0.063173,-0.1822,-0.25269,-0.15198,-0.063173,-0.028382,0.012818,-0.12909,-0.17762,-0.053102,-0.052187,-0.18494,-0.040284,-0.045778,-0.18494,-0.1529,-0.079653,0.11719,0.12177,-0.046693,-0.20051,-0.28932,-0.37721,-0.24171,-0.31312,-0.18494,-0.28199,0.15107,0.36714,0.80844,0.76907,1.084,1.2909,2.0573,0.26643,0.37172,0.25636,0.25178,0.20234,0.19044,0.18311,0.18128
0.21516,0.20875,0.1941,0.19776,0.23347,0.22065,0.19318,0.13642,0.14924,0.13825,0.11444,0.083316,0.10529,0.13733,0.13367,0.15839,0.16938,0.1886,0.13001,0.1062,0.1474,0.12177,0.10346,0.080569,0.15656,0.141,0.088809,0.10529,0.12543,0.079653,0.0412,-0.025636,-0.054933,-0.0018311,-0.052187,-0.075076,-0.032044,-0.15748,-0.12635,-0.20966,-0.31037,-0.24812,0.062258,-0.10163,-0.54109,-0.60152,-0.25452,-0.10895,-0.10437,-0.41932,-0.58138,-0.50081,0.15839,0.072329,0.45869,1.0511,1.0987,1.5491,0.42665,0.38545,0.3946,0.41932,0.4294,0.39552,0.35707,0.36988
0.38087,0.39186,0.3882,0.38545,0.34242,0.40925,0.39552,0.35066,0.37355,0.32136,0.32685,0.28016,0.20051,0.33052,0.29206,0.25086,0.24354,0.20417,0.24812,0.26185,0.24537,0.27833,0.22248,0.19593,0.17853,0.13276,0.15381,0.13184,0.12085,-0.06592,0.092471,0.1355,0.02472,-0.044862,-0.12818,-0.061342,-0.094302,-0.1062,-0.0412,-0.24171,-0.24812,-0.27833,-0.35981,-0.080569,-0.43672,-0.64089,-0.075076,0.043031,0.0018311,-0.65462,-0.82308,-0.53011,-0.24445,0.15198,0.46419,0.73519,0.91372,3.3235,0.37904,0.3882,0.271,0.46052,0.41017,0.41566,0.39644,0.3589
0.36531,0.35066,0.36622,0.37172,0.39277,0.39094,0.3946,0.39827,0.35249,0.36164,0.34425,0.35615,0.34333,0.34608,0.37538,0.35157,0.37629,0.3122,0.28748,0.24628,0.2472,0.17212,0.1648,0.21516,0.13092,0.29298,0.18952,0.18586,0.061342,-0.027467,0.039369,0.1474,0.089724,-0.12635,-0.079653,0.080569,-0.070498,-0.021973,0.077822,0.052187,0.141,0.055849,-0.030213,0.084231,0.13459,-0.017396,-0.10804,-0.067751,-0.1474,0.062258,0.23988,-0.058596,-0.29664,-0.28016,-0.27009,0.3534,1.4759,1.7679,0.45503,0.41383,0.42207,0.3708,0.48616,0.50996,0.52553,0.52278
0.49989,0.48799,0.41383,0.42665,0.40834,0.42299,0.36988,0.32594,0.39552,0.43306,0.46602,0.4239,0.39186,0.3296,0.33052,0.28565,0.26643,0.2765,0.3296,0.24445,0.22065,0.17396,0.15381,0.1117,0.11994,0.0054933,0.15839,0.13184,-0.017396,-0.06592,-0.13092,-0.06592,-0.097964,-0.14374,-0.40376,-0.37721,-0.15839,0.03296,-0.14283,-0.13001,-0.0027467,-0.047609,-0.12909,-0.22706,-0.23988,-0.15381,-0.25636,-0.26643,-0.17762,-0.076907,0.044862,0.57772,0.82308,1.1307,1.3111,1.3871,2.364,2.7796,0.37996,0.33235,0.31312,0.32868,0.31404,0.31129,0.3534,0.32594
0.34333,0.31861,0.37629,0.22156,0.23072,0.23164,0.28474,0.34333,0.35157,0.32044,0.27558,0.28199,0.29756,0.29115,0.28565,0.24354,0.28474,0.2884,0.28108,0.26826,0.21149,0.15839,0.17121,0.13459,0.18403,0.099796,0.11444,0.030213,-0.010987,-0.25544,-0.079653,-0.0064089,-0.12543,-0.21058,-0.28291,0.15198,0.086062,0.050356,0.09888,-0.29664,-0.46785,-0.39552,0.13184,0.35524,0.039369,0.09888,-0.29206,0.09888,-0.099796,-0.21058,-0.01648,0.21241,0.35707,1.1069,1.0593,0.55116,1.9025,2.7934,0.18952,0.21699,0.13459,0.021058,-0.0073244,-0.069582,0.0054933,-0.0036622
0.035707,0.054018,0.075076,0.11261,0.19227,0.19044,0.1941,0.19959,0.25178,0.25361,0.23438,0.22156,0.19776,0.2298,0.12909,0.077822,0.12635,0.065004,0.026551,0.027467,0.054933,-0.023804,-0.00824,-0.071413,-0.1529,-0.18769,-0.20325,-0.070498,-0.13001,-0.068667,-0.052187,-0.075076,0.026551,-0.039369,-0.11719,-0.11261,-0.3177,-0.43214,-0.4001,-0.062258,-0.022889,-0.4239,-0.40468,-0.22248,-0.2765,-0.15473,0.11536,0.46785,0.93204,1.0282,1.8027,2.1287,2.1763,2.1497,1.973,3.0406,3.1257,1.5665,0.40376,0.44679,0.47517,0.43855,0.43672,0.44588,0.47975,0.49348
0.45869,0.37629,0.33052,0.32502,0.23621,0.20875,0.11444,0.010987,-0.022889,-0.045778,-0.11261,-0.15931,-0.22248,-0.28932,-0.22614,-0.22065,-0.16022,-0.15931,-0.27284,-0.2765,-0.3415,-0.32411,-0.52461,-0.37538,-0.59969,-0.74709,-0.79379,-0.59236,-0.49715,-0.65371,-0.41383,-0.32136,-0.30305,-0.26093,-0.25269,-0.23438,-0.37538,-0.46144,-0.43214,-0.45869,-0.35432,-0.33692,-0.36622,-0.28199,-0.51546,-0.40468,-0.19684,-0.50356,0.11811,0.029298,-0.16114,0.026551,0.49806,0.67202,1.2635,1.5793,2.3218,1.0327,0.5356,0.49715,0.4944,0.52095,0.43947,0.29115,0.27741,0.24537
0.14374,0.028382,0.11261,0.23804,0.19135,0.066836,0.18586,0.21332,0.15931,0.23438,0.15839,0.22797,0.22065,0.1886,0.19227,0.2353,0.18769,0.19501,0.15748,0.21882,0.25452,0.22431,0.1529,0.13825,0.081484,0.068667,0.062258,0.031129,-0.056764,-0.067751,-0.094302,0.028382,-0.079653,-0.1648,-0.21241,-0.26734,-0.13642,0.13276,-0.020142,-0.32502,-0.28748,-0.13459,-0.15107,-0.44954,-0.34059,-0.065004,0.24995,0.31495,0.54476,1.1939,1.3715,2.8565,1.2452,3.5029,2.9518,3.6192,4.6858,3.8215,0.70132,0.69948,0.61342,0.62258,0.62532,0.6299,0.59511,0.49898
0.57314,0.58321,0.54109,0.55025,0.60335,0.61434,0.43764,0.53011,0.57863,0.51729,0.5237,0.6061,0.58779,0.55208,0.51912,0.47334,0.46693,0.4706,0.4825,0.3827,0.33967,0.3415,0.2298,0.11811,0.13001,0.12635,0.12909,0.0824,0.0054933,-0.02472,-0.039369,-0.032044,-0.080569,-0.018311,-0.014649,-0.0824,-0.18494,-0.15839,-0.29115,-0.22065,-0.38911,-0.5475,-0.46693,-0.23438,-0.28657,-0.27558,-0.17029,-0.032044,0.075076,0.13916,0.3415,0.30671,0.59877,1.2809,1.7377,1.8091,3.4828,3.437,0.49348,0.48982,0.45869,0.4001,0.412,0.4358,0.4706,0.49348
0.50447,0.5118,0.47975,0.36164,0.39369,0.28657,0.18403,0.043947,-0.027467,-0.0091556,0.017396,-0.080569,-0.11902,-0.10987,-0.037538,-0.055849,-0.087893,-0.17121,-0.033876,-0.11353,-0.01648,-0.10254,-0.28565,-0.31861,-0.18128,-0.23988,-0.3415,-0.43031,-0.46052,-0.37721,-0.28565,0.021058,-0.18036,-0.043947,-0.10529,-0.3177,-0.12726,0.054018,0.30396,0.23988,0.064089,-0.1767,-0.29664,-0.14283,-0.14557,-0.36714,-0.097049,0.43214,0.58687,0.74892,1.8357,2.6505,3.6595,3.5496,3.5084,3.9735,4.8891,4.1694,0.71322,0.6592,0.67476,0.62349,0.62258,0.60244,0.6418,0.63356
0.58321,0.57772,0.53743,0.43489,0.43123,0.25636,0.23621,0.11719,-0.018311,-0.045778,-0.14008,-0.14008,-0.11902,-0.0045778,-0.10712,-0.27192,-0.40376,-0.33692,-0.24079,-0.24079,-0.36805,-0.48524,-0.45412,-0.38362,-0.42207,-0.34333,-0.31495,-0.3534,-0.30763,-0.35524,-0.32044,-0.39918,-0.4532,-0.19868,-0.019227,-0.019227,-0.029298,-0.21882,-0.25636,0.020142,0.021973,-0.14466,-0.19227,-0.38545,-0.23164,-0.23713,0.16114,0.48799,0.72787,1.0904,1.5271,2.4894,3.4965,3.5643,2.786,2.4162,3.014,3.7336,0.022889,0.0054933,0.070498,0.056764,-0.0054933,0.021058,0.075076,0.056764
0.013733,0.043947,0.096133,-0.021058,-0.075076,-0.032044,0.059511,0.11628,0.062258,0.036622,0.026551,-0.0018311,0.00824,-0.027467,-0.06592,-0.059511,-0.088809,-0.16114,-0.06592,-0.010071,-0.091556,-0.043031,-0.039369,-0.064089,-0.14832,-0.014649,-0.16663,-0.01648,-0.052187,-0.16572,-0.16388,-0.0412,-0.076907,-0.021973,-0.087893,-0.20234,-0.16205,-0.14924,-0.010071,-0.0027467,-0.23713,-0.10071,-0.30763,-0.27924,0.3415,0.33601,0.56124,1.0501,1.8723,2.5169,3.1532,3.5826,3.036,2.7247,2.9609,2.841,2.4299,2.4949,2.9041,2.2971,1.4484,1.2186,0.58138,0.14649,-0.075991,-0.17212
-0.044862,0.25086,0.76174,1.1316,1.0611,1.0053,1.6398,1.7762,1.9456,2.0637,2.06,1.9117,1.6416,1.5253,1.4063,1.5006,1.312,1.2287,1.2214,1.5226,0.27009,0.20325,0.23072,0.20783,0.1355,0.13642,0.03296,0.053102,-0.0054933,-0.077822,-0.36988,-0.36164,-0.31953,-0.22065,-0.22614,-0.3296,-0.25727,-0.089724,0.073244,0.017396,-0.12177,-0.075076,0.12085,0.26917,0.32044,0.45595,0.83773,1.2708,2.114,3.5386,4.7069,6.5783,7.4984,0.50447,0.50813,0.51637,0.51454,0.43855,0.40834,0.41566,0.3946,0.39552,0.37721,0.33601,0.31037,0.32044
0.29023,0.30488,0.29023,0.25269,0.23896,0.2179,0.17396,0.16114,0.15748,0.19868,0.20508,0.22889,0.22889,0.27833,0.27833,0.29939,0.25452,0.25178,0.32868,0.26093,0.24995,0.20508,0.16114,0.21058,0.21058,0.18769,0.11444,0.065004,0.068667,0.091556,0.088809,-0.023804,-0.075076,-0.091556,-0.094302,-0.13825,-0.15015,-0.28932,-0.46144,-0.53377,-0.23438,0.28016,0.42482,0.75991,1.9419,2.4537,2.2816,3.8197,4.2683,4.8067,4.8076,5.0557,1.9547,0.44771,0.44496,0.44588,0.43306,0.40559,0.36348,0.412,0.412,0.45686,0.43489,0.45778,0.42756,0.41749
0.39094,0.41475,0.4294,0.49074,0.48891,0.4532,0.45412,0.47609,0.4358,0.40925,0.42665,0.35615,0.347,0.37538,0.36164,0.33601,0.34242,0.33784,0.35707,0.40925,0.38545,0.45686,0.41383,0.42756,0.35707,0.34242,0.31678,0.33784,0.34516,0.33509,0.28657,0.28474,0.28748,0.2884,0.29572,0.40376,0.33967,0.29115,0.19868,0.17121,0.21424,0.0824,0.033876,-0.044862,-0.32319,-0.4358,0.12909,0.69308,1.5912,4.2289,6.8282,9.4055,10.779,0.47884,0.47609,0.50813,0.49165,0.52553,0.51271,0.51363,0.53835,0.5118,0.5182,0.51912,0.49074,0.56398
0.43672,0.49623,0.47792,0.46968,0.54659,0.5649,0.56307,0.64455,0.57772,0.61983,0.60976,0.63906,0.60976,0.83499,0.55666,0.56581,0.52919,0.58962,0.41475,0.95401,0.46419,0.56307,0.59694,0.62899,0.683,0.78372,0.61525,0.62899,0.59694,0.57955,0.59694,0.53194,0.44954,0.37996,0.37446,0.37721,0.35066,0.32502,0.3003,0.18494,0.13001,0.042116,0.034791,-0.0064089,-0.076907,-0.077822,0.14283,0.62899,1.6077,3.8398,6.3402,9.1079,10.601,0.5063,0.51729,0.55025,0.53194,0.57039,0.58321,0.58046,0.60793,0.60976,0.62899,0.62349,0.6766,0.6885
0.70223,0.71963,0.6766,0.68026,0.73153,0.76907,0.76907,0.79653,0.82034,0.83132,0.81027,0.79196,0.79836,0.76998,0.72329,0.69399,0.65462,0.70132,0.69033,0.7004,0.7416,0.7123,0.63631,0.62349,0.66286,0.58321,0.56673,0.51088,0.50172,0.41566,0.34516,0.3415,0.34883,0.28932,0.25636,0.24354,0.22797,0.15198,0.11902,0.058596,0.11811,0.073244,0.022889,-0.1529,-0.19318,-0.099796,0.23621,0.76907,1.9703,3.665,6.1132,9.0274,10.455,0.6766,0.69308,0.67293,0.63814,0.6061,0.56948,0.60518,0.55483,0.5768,0.54842,0.54659,0.52187,0.4825
0.4532,0.41841,0.34608,0.31312,0.2646,0.29847,0.26917,0.24262,0.23713,0.24628,0.26551,0.25819,0.24995,0.20966,0.24812,0.25178,0.27192,0.32594,0.30763,0.27741,0.34883,0.42116,0.24628,0.47517,0.4358,0.40193,0.44771,0.44954,0.43764,0.36439,0.35066,0.2472,0.28291,0.33052,0.32228,0.27192,0.14283,0.10987,0.13001,0.14649,0.075991,0.055849,-0.0027467,-0.10804,0.027467,0.57222,1.3385,2.4885,4.1667,8.2601,8.3993,8.4185,9.6371,0.21973,0.22614,0.2234,0.24079,0.21973,0.18403,0.16388,0.15473,0.31587,0.18311,0.1474,0.15107,0.16205
0.20142,0.20966,0.20142,0.24903,0.28382,0.27192,0.3296,0.34333,0.3415,0.35432,0.33692,0.34883,0.35157,0.34974,0.36256,0.35615,0.29115,0.26185,0.20051,0.096133,0.075076,-0.039369,-0.10895,-0.11261,-0.19227,-0.14191,-0.2353,-0.23072,-0.20966,-0.25819,-0.24903,-0.26368,-0.24445,-0.25452,-0.20692,-0.21973,-0.18952,-0.16114,0.092471,-0.097049,-0.16022,-0.2646,-0.25086,-0.16388,-0.21516,-0.21058,0.23896,0.63265,1.4301,3.1367,5.9127,8.7271,11.88,0.44313,0.42756,0.4239,0.38911,0.37355,0.41383,0.3946,0.39827,0.40559,0.39827,0.37812,0.38453,0.3882
0.38545,0.37721,0.36164,0.34516,0.34608,0.31678,0.38453,0.36531,0.36164,0.35615,0.35157,0.3122,0.28199,0.20234,0.20142,0.18128,0.048524,0.14557,0.1355,0.052187,0.15473,0.12818,0.12085,0.10987,-0.15656,-0.27924,-0.058596,-0.048524,-0.12085,-0.13642,0.0054933,-0.3003,-0.13459,-0.043947,-0.1822,-0.13733,-0.17029,-0.097049,0.05768,0.040284,-0.022889,-0.34425,-0.26093,-0.18403,0.029298,-0.56398,-0.5118,-1.3092,-2.2779,-3.2402,-4.619,-4.7499,30,0.40559,0.39003,0.36256,0.36256,0.35249,0.33601,0.3122,0.31129,0.3177,0.31037,0.29847,0.27741,0.33326
0.26917,0.30396,0.2646,0.29023,0.28382,0.24445,0.25178,0.24628,0.24537,0.23804,0.18677,0.14008,0.079653,0.0036622,0,-0.06592,-0.048524,-0.042116,-0.080569,-0.15748,-0.18311,-0.17487,-0.17762,-0.16205,-0.29115,-0.3708,-0.26002,-0.20051,-0.23988,-0.31953,-0.29389,-0.27467,-0.19593,-0.22523,-0.20692,-0.22248,-0.24903,-0.14374,-0.19227,-0.20325,-0.16755,0.026551,-0.27467,0.17029,0.19593,-0.097049,-0.42116,-1.8696,-2.6313,-3.5798,-2.6679,2.9572,29.672,-1.2882,-0.9183,-0.74984,-0.89358,-1.366,-1.268,-1.2323,-1.0895,-1.0373,-1.0959,-1.3578,-1.7286,-1.7707
-1.6727,-1.464,-1.3834,-1.5436,-1.5171,-1.5317,-1.4997,-1.2067,-1.3614,-1.4997,-1.2232,-0.79196,-0.26276,-0.12635,0.039369,-0.0064089,-0.09888,-0.759,-0.78646,-0.57497,-1.4338,-0.6885,-0.19135,-1.0474,-0.5942,-0.62166,-0.79379,-0.84597,-0.61617,-0.63997,-0.73428,-0.53835,-0.68941,-0.28748,-0.19868,-0.29939,-0.096133,-0.0064089,-0.23072,-0.29389,-0.30122,-0.32868,-0.097049,-0.18403,-0.079653,-0.12726,-0.1767,0.022889,-0.31953,0.32319,0.025636,-0.7242,7.6714,0.43489,0.4532,0.43214,0.41108,0.3708,0.37721,0.38636,0.39827,0.37355,0.3589,0.38911,0.36988,0.31861
0.30488,0.26368,0.27833,0.24262,0.22156,0.23164,0.23896,0.25544,0.28657,0.30305,0.3122,0.28565,0.23988,0.23988,0.16022,0.12909,0.11078,0.1236,0.10071,0.043947,0.00824,0.034791,0.063173,0.058596,0.075076,0.040284,0.060427,0.018311,-0.028382,-0.10712,-0.21332,-0.23072,-0.19776,-0.13184,-0.094302,-0.10987,-0.12452,-0.16297,-0.17212,-0.2179,-0.15198,-0.13916,-0.20966,-0.27924,-0.45503,-0.49532,-0.22065,0.30763,0.61434,0.45869,-0.4413,-1.6361,-23.651,0.53652,0.50356,0.49532,0.45869,0.44771,0.46052,0.39918,0.3946,0.39827,0.39369,0.42756,0.45045,0.43123
0.41841,0.45412,0.41383,0.3534,0.31404,0.35432,0.32594,0.30122,0.28748,0.29206,0.31404,0.38179,0.37172,0.32411,0.32044,0.29847,0.22889,0.16663,0.21149,0.19593,0.093387,0.11811,0.14008,0.10163,0.072329,0.078738,0.084231,0.07416,0.051271,0.02472,0.088809,0.046693,0.040284,0.037538,0.027467,0.011902,-0.030213,-0.067751,-0.15198,-0.22797,-0.2884,-0.30122,-0.39369,-0.43397,-0.54842,-0.44221,-0.054018,0.53194,0.78555,0.39277,0.054933,-1.5107,-24.619,0.46602,0.40651,0.38728,0.3946,0.41658,0.3827,0.40376,0.40193,0.3708,0.37446,0.3708,0.39644,0.40834
0.3882,0.37172,0.36164,0.33509,0.31129,0.3003,0.29481,0.3003,0.3003,0.28016,0.26643,0.26093,0.23164,0.20051,0.1529,0.12452,0.11444,0.16114,0.15473,0.09064,0.10804,0.0824,0.045778,0.011902,0.023804,0.047609,0.026551,-0.00091556,-0.031129,-0.0045778,-0.075076,-0.10529,-0.09888,-0.09888,-0.18311,-0.19593,-0.14374,-0.096133,-0.24995,-0.347,-0.23804,-0.084231,-0.12085,-0.31404,-0.52095,-0.62441,-0.49715,0.029298,0.29206,0.48891,-0.060427,-1.6279,-18.357,0.30946,0.29481,0.29481,0.31953,0.33784,0.32777,0.37172,0.35524,0.32594,0.3058,0.3177,0.31495,0.30671
0.31404,0.29206,0.29664,0.29115,0.3003,0.29756,0.30946,0.30946,0.29023,0.28108,0.24903,0.22797,0.22706,0.2234,0.23255,0.20234,0.24079,0.2179,0.1767,0.13642,0.11444,0.092471,0.068667,0.061342,0.077822,0.059511,0.058596,0.039369,0.010071,-0.015564,-0.059511,-0.051271,-0.086062,-0.11353,-0.15656,-0.15473,-0.13184,-0.058596,-0.1062,-0.23164,-0.16572,-0.14008,-0.20692,-0.16297,-0.21973,-0.40651,-0.34883,-0.15107,0.07416,0.30763,0.1529,-0.74709,-14.499,0.36348,0.4239,0.37446,0.34425,0.34333,0.35066,0.32777,0.18769,0.19044,0.22523,0.35432,0.32868,0.33418
0.35707,0.31129,0.2646,0.28016,0.28382,0.3003,0.30763,0.28748,0.33418,0.3534,0.3058,0.29847,0.26276,0.23255,0.23347,0.206,0.23164,0.20051,0.17212,0.17396,0.19227,0.18403,0.16846,0.16114,0.14191,0.10346,0.075076,0.047609,0.026551,0.010071,0.029298,0.021973,-0.045778,-0.12177,-0.089724,-0.058596,0.0036622,-0.073244,-0.28108,-0.35707,-0.4413,-0.40468,-0.40742,-0.34974,-0.20417,-0.32502,-0.206,0.0018311,0.35615,0.035707,-0.90823,12.922,-17.159,0.53835,0.54659,0.5182,0.48433,0.4532,0.45686,0.44679,0.44771,0.44404,0.42573,0.39918,0.36622,0.37538
0.34883,0.35615,0.35707,0.3177,0.29115,0.31953,0.32594,0.29847,0.28016,0.26551,0.24445,0.22431,0.20966,0.22614,0.1941,0.1886,0.18586,0.1648,0.15656,0.11719,0.10346,0.0412,0.018311,0.0073244,0,0.03296,-0.021058,-0.051271,-0.068667,-0.14466,-0.12177,-0.072329,-0.16205,-0.24079,-0.12085,-0.16022,-0.12818,-0.21882,-0.34608,-0.35707,-0.31312,-0.18036,-0.23347,-0.33784,-0.35432,-0.083316,0.19776,0.41383,0.68941,0.18769,-0.96225,14.25,-15.901,0.43123,0.44221,0.48067,0.46419,0.47151,0.42756,0.34883,0.33784,0.32502,0.31861,0.30122,0.32044,0.25819
0.24079,0.24445,0.22431,0.25361,0.30488,0.30488,0.27192,0.271,0.24171,0.26917,0.2472,0.21332,0.23621,0.17762,0.1886,0.16205,0.12085,0.1236,0.099796,0.071413,0.09888,0.088809,0.078738,0.097049,0.066836,-0.037538,-0.0073244,-0.12085,-0.13001,-0.085147,-0.097049,-0.1822,-0.20966,-0.25819,-0.23072,-0.25361,-0.29115,-0.26643,-0.23438,-0.21516,-0.25727,-0.30763,-0.30488,-0.38911,-0.46602,-0.35157,0.010071,0.36256,0.54384,0.56948,-0.066836,0.01648,-16.053,0.3296,0.36164,0.41108,0.3946,0.36805,0.33784,0.35615,0.35524,0.37629,0.38087,0.35707,0.31861,0.31129
0.30946,0.31495,0.34059,0.31495,0.30488,0.29115,0.26734,0.22889,0.22248,0.18677,0.19044,0.22065,0.18677,0.18586,0.14924,0.16022,0.12909,0.066836,0.036622,-0.0064089,-0.034791,-0.096133,-0.089724,-0.13733,-0.13825,-0.12268,-0.13367,-0.16022,-0.15015,-0.1648,-0.18586,-0.23713,-0.25086,-0.20051,-0.19135,-0.19959,-0.15748,-0.18494,-0.2884,-0.32228,-0.412,-0.33692,-0.33235,-0.1767,0.0073244,0.34242,0.53926,0.43123,0.43672,-0.10163,0.020142,-0.40468,-18.658,0.46602,0.44221,0.43489,0.44588,0.44313,0.41658,0.42573,0.44588,0.41292,0.38087,0.3296,0.30396,0.30854
0.30122,0.29298,0.29206,0.27284,0.26551,0.23438,0.19318,0.24171,0.19318,0.18769,0.20325,0.16938,0.13276,0.11628,0.10895,0.087893,0.054933,0.059511,-0.0018311,-0.038453,-0.040284,-0.034791,-0.047609,-0.10804,-0.12177,-0.13276,-0.18036,-0.29389,-0.25361,-0.24903,-0.28474,-0.23713,-0.28108,-0.33692,-0.35615,-0.25361,-0.1355,-0.15473,-0.3177,-0.41017,-0.32136,-0.13733,-0.17304,-0.1822,-0.013733,0.011902,0.092471,0.11536,0.20234,0.28474,-0.15473,1.6013,-18.181,0.22065,0.20508,0.21332,0.21058,0.19959,0.20783,0.20508,0.21058,0.19593,0.1822,0.18494,0.17487,0.20966
0.206,0.18128,0.17212,0.18586,0.13184,0.099796,0.065004,0.05768,0.06592,0.045778,0.021058,0.033876,0.039369,0.086062,0.079653,0.06592,0.031129,0.0412,0.02472,-0.014649,0.033876,0.026551,-0.0091556,-0.085147,-0.089724,-0.10712,-0.089724,-0.13184,-0.14191,-0.141,-0.29298,-0.19501,-0.27375,-0.1117,-0.15198,-0.16572,-0.22889,-0.09064,0.020142,0.0036622,-0.013733,0.1236,0.19593,0.13825,0.075991,0.27284,0.47426,0.77639,1.1719,3.0195,3.6448,5.7579,6.4107,0.47334,0.47334,0.45961,0.47151,0.47151,0.44038,0.40468,0.41841,0.41108,0.35798,0.33143,0.32411,0.34974
0.35432,0.4001,0.41292,0.4001,0.38179,0.32228,0.31495,0.24354,0.21607,0.17853,0.1529,0.14649,0.17945,0.2646,0.23896,0.12543,0.30488,0.35798,0.32868,0.17121,0.17487,0.18403,0.18311,0.13825,0.11719,0.051271,0.10804,0.11628,0.14008,0.09888,0.062258,-0.04944,-0.095218,-0.12909,0.023804,-0.079653,-0.061342,-0.099796,-0.099796,-0.084231,-0.0073244,-0.083316,-0.034791,0.1648,0.3589,0.23164,0.031129,0.23804,0.62075,0.8533,1.2003,1.9318,5.3743,0.57863,0.58229,0.51088,0.53194,0.52004,0.52919,0.49623,0.46876,0.43489,0.43123,0.43947,0.41383,0.37721
0.38179,0.3589,0.35249,0.3177,0.30763,0.28108,0.26734,0.24079,0.24445,0.15564,0.14191,0.18769,0.11078,0.10804,0.071413,0.045778,0.036622,0.032044,-0.0027467,-0.021058,0.0027467,-0.00091556,0.034791,0.019227,-0.015564,-0.056764,-0.10254,-0.13642,-0.18128,-0.20325,-0.25452,-0.16663,-0.17304,-0.14008,-0.17304,-0.14374,-0.10346,-0.062258,-0.01648,0.029298,0.013733,0.042116,-0.0036622,-0.0073244,0.075076,0.16663,0.55208,1.0584,1.0437,2.0728,2.7174,3.4407,3.8527,0.57131,0.57497,0.56948,0.56948,0.53835,0.48891,0.51729,0.56948,0.59877,0.60976,0.57222,0.57955,0.54018
0.53835,0.50722,0.51637,0.45137,0.39827,0.35524,0.3589,0.37538,0.37629,0.347,0.34242,0.31404,0.3058,0.28108,0.30213,0.35524,0.35615,0.25636,0.22523,0.22706,0.16297,0.073244,0.080569,0.23164,0.23164,0.2353,0.20051,0.23164,0.15381,0.12177,0.047609,0.087893,0.088809,0.13642,0.021973,-0.22523,-0.24812,-0.25361,-0.11902,0.066836,0.18586,0.31404,0.37721,0.2765,0.086062,0.18586,0.36714,0.52004,0.67293,1.0144,2.0417,4.6345,5.8467,0.38728,0.39644,0.38179,0.44862,0.45778,0.36805,0.29206,0.2353,0.28657,0.34425,0.32228,0.28382,0.23164
0.20417,0.21058,0.16022,0.20051,0.067751,0.047609,-0.0018311,0.0064089,0.044862,0.086062,0.070498,0.037538,0.027467,0.06592,0.141,0.099796,0.079653,0.054933,0.096133,0.11536,0.04944,0.028382,0.039369,0.056764,0.018311,0.035707,0.14557,0.072329,0.10712,0.054018,0.12085,0.095218,0.13276,0.14924,0.099796,0.10987,0.037538,-0.080569,0.12543,0.22248,-0.0027467,0.16022,0.28565,0.28474,0.38636,0.42573,0.56215,0.72512,1.5308,1.431,4.9312,7.2485,8.1137,0.6061,0.57772,0.60701,0.60152,0.58504,0.55391,0.5118,0.49348,0.4651,0.41658,0.39186,0.39735,0.42299
0.44313,0.4239,0.39918,0.3415,0.28932,0.32411,0.37721,0.36531,0.35249,0.30122,0.29115,0.23804,0.18494,0.21882,0.14832,0.19593,0.22706,0.22706,0.17304,0.14924,0.1236,0.15931,0.12177,0.025636,0.058596,0.14466,0.091556,0.040284,0.014649,0.050356,0.07416,0.11353,0.14008,0.12909,0.12818,0.12268,0.17945,0.095218,0.075076,0.012818,-0.0036622,-0.021058,0.26917,0.31861,0.18403,0.14832,0.45869,0.347,0.70132,1.4548,2.4656,6.0317,8.7152,0.55391,0.53194,0.49348,0.46052,0.47792,0.52095,0.49806,0.41383,0.3534,0.34242,0.40651,0.41475,0.4358
0.39827,0.39277,0.33235,0.3003,0.28108,0.32777,0.28474,0.3058,0.31678,0.36805,0.3708,0.37812,0.41566,0.43214,0.37721,0.32502,0.32777,0.3534,0.347,0.39369,0.33692,0.30946,0.21973,0.14924,0.20966,0.20692,0.2298,0.25361,0.19684,0.15015,0.09888,0.065004,0.14924,0.077822,0.15381,0.00824,-0.01648,-0.025636,0.17853,0.29939,0.2472,0.12726,0.14924,0.29023,0.27833,0.13642,0.49623,1.464,2.8373,5.0795,7.7914,6.7632,9.0136,0.52278,0.47609,0.5118,0.5063,0.50996,0.46876,0.45412,0.43855,0.40468,0.34791,0.34608,0.38728,0.42299
0.38087,0.37172,0.37629,0.37629,0.34791,0.36348,0.37538,0.32502,0.3003,0.26917,0.29756,0.28199,0.24903,0.23438,0.22706,0.16846,0.16297,0.16938,0.17121,0.1822,0.09888,0.21607,0.22889,0.24628,0.14649,0.12635,0.13642,0.1648,0.16938,0.16022,0.14283,0.11261,0.094302,0.056764,0.043031,-0.017396,-0.073244,-0.065004,0.026551,0.058596,0.050356,0.1886,0.28748,0.46419,0.11902,0.14832,0.33418,0.95492,1.236,2.0161,4.9293,6.4483,8.002,0.54659,0.55391,0.53835,0.49715,0.5063,0.48067,0.51088,0.49989,0.48616,0.47334,0.46327,0.48524,0.50356
0.48433,0.41566,0.38911,0.43672,0.43672,0.44038,0.39735,0.38636,0.3708,0.3534,0.30854,0.31404,0.34608,0.32868,0.31861,0.33326,0.31953,0.21058,0.12543,0.1062,0.096133,0.16663,0.17396,0.20142,0.23347,0.07416,0.1355,0.10529,0.1236,0.062258,0.09064,0.083316,0.060427,-0.094302,0.055849,0.11261,0.091556,-0.028382,-0.042116,0.039369,0.0064089,-0.010071,0.09064,0.046693,0.23255,0.31587,0.35066,0.72237,0.73244,3.0918,6.5169,7.795,7.9379,7.6724,0.56948,0.55208,0.53468,0.57405,0.58412,0.5356,0.51271,0.49989,0.50356,0.48616,0.46236,0.40925
0.42207,0.44954,0.40468,0.41841,0.38636,0.36348,0.38362,0.37172,0.34425,0.35707,0.38545,0.36439,0.31587,0.3415,0.33692,0.33601,0.3122,0.271,0.26551,0.2472,0.20142,0.17579,0.13733,0.1941,0.13642,0.078738,0.079653,0.15931,0.33601,0.27284,0.072329,0.080569,0.20417,0.22248,0.20875,0.077822,-0.037538,-0.14008,-0.11536,0.021973,-0.03296,0.0027467,0.068667,-0.027467,0.030213,0.32044,0.58321,0.68209,1.6901,2.5837,3.7629,7.1441,8.1127,11.277,0.55208,0.55391,0.54933,0.53468,0.54659,0.5118,0.48708,0.50996,0.43306,0.3946,0.36439,0.3946
0.41017,0.42299,0.34791,0.33143,0.32319,0.29664,0.30763,0.26551,0.21699,0.19501,0.20508,0.25178,0.26734,0.25178,0.1822,0.18128,0.17029,0.11811,0.096133,0.09064,0.13642,0.15931,0.15198,0.10712,0.070498,0.080569,0.050356,0.01648,-0.022889,-0.011902,0.053102,0.050356,0.0054933,-0.068667,-0.056764,-0.066836,-0.077822,-0.066836,-0.0073244,-0.0412,-0.068667,0.080569,0.13459,0.11261,0.20692,0.075076,0.14466,0.30396,0.53011,0.74068,0.83132,1.3733,2.851,6.1873,7.1276,7.8793,5.2461,3.1147,2.5114,1.9602,0.59969,0.38362,0.37721,0.412,0.4294,0.18311
