4.3947,6.4699,8.7893,11.109,10.132,11.841,16.114,19.41,21.729,22.462,21.485,25.269,28.565,26.002,22.462,21.851,24.537,25.269,20.631,15.259,22.217,33.692,24.781,26.734,42.97,7.2024,-37.599,-34.181,-10.376,24.171,42.36,58.596,67.751,91.311,115.73,121.95,142.34,157.72,183.11,192.14,172.49,127.69,92.776,74.343,50.05,21.485,9.7659,10.132,16.724,13.916,8.6673,14.649,23.56,5.4933,-22.95,-39.796,-28.443,-32.472,-22.095,-8.5452,-2.3194,-1.587,-10.498,-8.6673,-9.2776,-15.259
37.111,24.903,12.696,-7.3244,-19.166,-15.625,-6.4699,-11.963,-12.696,-2.1973,-0.24415,-7.6907,-7.8127,-3.5401,1.0987,9.1556,14.649,14.527,13.184,5.1271,-0.4883,-5.9816,-9.2776,-10.987,-11.719,-14.405,-9.888,-7.4465,-15.259,-32.105,-45.9,-51.149,-59.694,-53.102,-44.313,-31.251,-2.4415,24.049,33.57,34.547,31.373,32.838,20.02,13.062,19.776,20.02,17.212,22.828,20.508,11.963,8.0569,-3.5401,-21.241,-34.425,-27.955,-14.771,-15.748,-6.8361,4.7609,3.7843,9.2776,-3.1739,-15.381,-26.002,-27.589,-20.631
5.6154,5.3713,9.6438,14.527,16.48,15.015,10.62,7.9348,6.9582,6.592,3.296,-4.5167,-5.3713,-2.1973,1.587,1.3428,3.0519,4.3947,4.0284,2.5636,6.4699,6.2258,0,10.62,28.443,40.895,52.37,37.599,-19.288,-18.067,40.529,10.865,7.5686,1.0987,-7.6907,0.85452,10.865,65.676,88.137,39.308,-14.649,-26.124,-44.801,-42.604,-28.687,-22.584,-22.828,-34.791,-27.1,-17.701,-13.55,-2.4415,3.6622,4.1505,11.109,24.659,36.744,57.497,68.117,80.447,86.917,77.273,63.234,45.534,27.223,8.0569
-5.3713,-3.9064,0.4883,1.8311,1.4649,2.6856,3.9064,1.9532,-0.36622,2.3194,9.1556,7.8127,4.2726,5.2492,12.207,11.841,10.865,11.109,10.865,10.254,10.376,8.6673,9.0335,4.3947,5.2492,7.5686,2.9298,-1.709,9.7659,14.527,-0.36622,-13.184,-12.818,-2.8077,-11.475,-24.781,-35.768,-62.868,-82.156,-100.59,-67.141,-56.398,-70.559,-70.07,-36.988,-28.321,-32.472,-27.345,-11.841,8.301,20.753,33.448,45.534,49.684,58.962,59.572,56.642,55.544,61.037,59.084,54.201,44.801,23.682,5.6154,-8.4231,-6.4699
-6.592,-8.5452,-12.329,-15.381,-15.87,-10.376,-1.709,7.5686,16.602,23.682,29.786,31.861,25.147,13.794,1.709,-6.3478,-11.353,-11.963,-16.846,-18.311,-16.968,-8.6673,-7.2024,-8.6673,-4.7609,9.888,1.709,-15.259,-0.24415,5.8596,2.3194,-8.301,3.9064,21.119,29.42,37.477,55.055,72.146,75.564,52.248,29.054,23.072,25.391,27.345,21.607,12.452,6.8361,8.7893,2.4415,-10.254,-7.2024,-8.7893,-15.015,-8.9114,-8.6673,-12.818,-19.288,-22.34,-22.095,-24.659,-23.56,-20.264,-26.246,-34.913,-34.059,1.9532
5.1271,7.4465,-0.36622,-9.1556,-15.503,-16.724,-12.94,-12.452,-10.498,-3.4181,2.9298,5.7375,5.8596,12.452,19.532,21.729,22.584,25.88,29.298,40.407,54.933,58.596,52.248,38.82,5.4933,17.823,43.092,45.778,17.945,16.236,9.5218,7.3244,39.064,77.639,91.189,103.27,10.987,-29.542,23.438,8.4231,-21.851,-28.077,-30.274,-36.012,-48.83,-58.351,-53.224,-42.482,-35.157,-25.269,34.303,20.508,-45.9,-47.853,-41.505,-50.417,-44.923,-46.632,-41.871,-46.51,-34.425,-28.199,-21.485,-22.462,-23.804,73.733
67.141,62.502,66.164,64.333,76.907,85.696,65.31,41.749,23.56,1.2207,-17.823,-27.345,-35.524,-36.988,-34.303,-29.908,-39.064,-47.121,-37.233,-19.898,-8.7893,-0.61037,-9.1556,-5.1271,-7.5686,-8.6673,-2.3194,29.908,41.505,16.846,-16.48,-64.577,-66.774,-41.871,-56.887,-44.557,-39.064,1.2207,34.913,3.1739,-26.978,-26.978,-6.4699,5.3713,11.719,5.4933,2.1973,11.841,16.968,16.968,10.498,-18.677,-46.632,-45.9,-22.584,11.719,30.641,44.191,50.539,42.726,22.34,2.5636,-6.9582,-18.799,-27.833,20.508
19.898,17.212,15.259,15.748,16.236,22.217,25.269,16.602,7.3244,3.5401,9.888,24.293,40.04,49.196,37.477,6.8361,-15.259,-10.376,6.592,10.743,-3.7843,-16.236,-18.677,-20.02,-19.166,-16.968,-4.6388,10.62,41.749,65.432,39.552,-3.5401,-26.124,5.9816,31.129,61.281,55.055,81.179,73.977,29.42,12.452,-2.8077,-4.1505,1.8311,3.5401,-2.4415,-10.987,-4.883,2.5636,12.329,22.217,21.607,29.42,38.697,30.641,9.1556,-13.794,-33.448,-52.98,-68.117,-77.883,-77.273,-73.122,-67.507,-65.432,8.0569
5.7375,3.0519,0.85452,-0.4883,-1.3428,1.0987,0.61037,-1.9532,-6.2258,-7.5686,-2.1973,-2.1973,4.7609,14.527,19.166,13.916,8.4231,9.5218,10.865,19.776,12.574,18.067,25.025,40.04,34.181,48.341,27.589,7.4465,-0.73244,6.1037,-11.231,-30.03,6.9582,59.084,80.447,38.942,18.555,58.962,36.744,3.0519,-2.8077,-18.555,-4.7609,12.452,21.485,25.88,28.077,36.744,35.89,35.524,29.664,29.42,9.6438,-18.921,-33.815,-52.98,-63.723,-62.99,-40.529,-19.044,-1.4649,-1.4649,-1.4649,-3.0519,-2.1973,-9.5218
-10.01,-10.743,-10.376,-5.2492,-1.4649,-6.7141,-15.137,-21.241,-27.589,-35.524,-37.843,-40.284,-33.448,-19.532,-6.9582,-1.0987,-0.61037,1.709,6.3478,7.8127,6.592,-0.12207,1.2207,6.1037,8.6673,10.254,5.8596,1.587,21.485,25.513,-1.9532,-11.353,-2.9298,15.259,9.0335,9.3997,15.015,20.142,21.241,24.537,32.472,31.739,27.589,20.875,11.719,7.4465,9.3997,19.41,26.49,33.448,34.791,25.758,14.161,7.9348,1.8311,-10.376,-18.677,-18.799,-20.875,-18.921,-19.166,-20.02,-18.189,-18.677,-20.631,-49.806
-54.933,-58.229,-57.253,-52.37,-48.952,-44.435,-41.261,-34.547,-24.293,-4.1505,6.7141,15.503,25.513,44.557,54.079,47.121,36.866,24.781,14.405,6.8361,-4.3947,-29.176,-62.258,-54.811,-27.955,0.61037,1.0987,-11.963,-5.3713,-3.7843,49.928,124.03,101.08,86.795,28.565,16.358,14.039,4.883,-9.5218,-19.532,-23.072,-12.207,-23.072,-25.758,-14.649,7.0803,24.171,26.978,-4.1505,4.6388,19.41,22.95,13.55,2.5636,0.12207,-2.8077,-4.1505,-5.9816,-11.597,-19.288,-23.56,-20.753,-14.039,1.8311,8.179,-12.696
-15.748,-16.236,-13.794,-9.1556,-2.3194,0.36622,2.4415,4.0284,1.3428,9.7659,10.376,10.01,17.335,18.677,16.968,15.625,22.34,16.846,7.2024,11.841,17.701,19.41,-4.0284,-25.88,-5.8596,4.883,10.62,48.952,59.45,125.74,146.86,165.41,166.02,145.27,170.54,125.49,109.62,118.78,82.4,57.863,9.0335,2.5636,-2.8077,-13.184,-17.823,-24.049,-21.973,-20.508,-8.7893,-21.485,-31.007,-28.443,-25.147,-18.555,-17.823,-30.274,-40.773,-50.172,-48.708,-44.069,-45.778,-35.401,-32.228,-47.365,-61.159,-2.9298
-6.592,-9.6438,-9.2776,-6.9582,-8.0569,-8.6673,-10.743,-12.085,-10.132,-9.888,-7.6907,-3.6622,1.2207,-0.4883,-0.61037,-2.1973,-6.2258,-8.7893,-11.353,-16.48,-20.875,-16.968,-6.2258,-6.9582,11.719,34.913,44.435,42.97,49.318,88.748,140.75,195.32,248.91,123.17,36.378,94.729,37.843,59.084,56.276,39.796,29.786,13.062,-1.9532,-1.709,-2.0753,-1.587,-3.9064,-2.4415,1.3428,5.2492,-0.85452,-5.8596,-17.701,-37.233,-61.281,-72.512,-85.208,-95.706,-102.66,-95.706,-87.161,-77.639,-62.868,-48.952,-28.077,0.61037
0.24415,2.5636,4.0284,2.0753,1.3428,0.36622,-4.3947,-6.2258,-7.4465,-10.865,-13.428,-12.085,-10.865,-9.7659,-14.039,-20.753,-23.56,-23.682,-22.706,-18.921,-20.386,-26.978,-10.498,-7.2024,-1.0987,3.1739,-16.236,52.736,99.979,172.61,228.52,139.77,33.692,11.841,62.624,69.826,56.154,92.898,80.203,52.492,27.345,5.3713,-3.5401,-1.2207,-0.97659,-5.005,-13.062,-13.794,-17.212,-22.95,-29.054,-26.856,-30.519,-44.801,-61.769,-76.174,-91.922,-91.556,-96.927,-77.883,-66.774,-59.328,-52.858,-39.918,-22.462,-15.87
-17.701,-19.288,-20.997,-21.119,-19.166,-12.94,-11.597,-12.207,-10.01,-8.0569,-6.7141,-12.085,-12.818,-9.3997,-9.5218,-9.3997,-6.8361,-6.2258,-5.8596,3.296,3.1739,-3.0519,4.3947,13.184,18.921,27.345,36.134,27.345,39.064,111.45,175.3,241.34,202.15,104.74,57.863,115.6,118.17,98.758,69.948,22.34,-4.5167,-15.137,-26.734,-35.524,-31.861,-20.753,-12.329,-0.12207,9.888,9.3997,-4.1505,-21.851,-35.035,-39.186,-41.139,-44.557,-53.591,-59.45,-57.009,-47.609,-36.744,-24.781,-15.381,-11.475,-10.62,-30.641
-25.147,-20.142,-19.044,-18.067,-20.508,-27.1,-25.269,-30.641,-39.308,-36.866,-37.477,-51.759,-60.183,-57.985,-48.463,-32.35,-16.846,-3.4181,0.61037,5.4933,-5.4933,-16.968,-10.132,-4.1505,6.4699,35.035,19.898,-3.9064,93.753,239.27,325.33,392.71,336.19,219.73,154.79,184.7,119.75,88.992,104.37,97.171,88.626,81.301,57.009,40.284,13.306,6.2258,-1.4649,-9.1556,-36.5,-55.3,-70.803,-73.366,-62.258,-69.948,-55.3,-40.04,-16.968,-13.428,-14.771,-9.6438,-4.3947,-2.5636,-5.3713,-8.301,-9.5218,-19.044
-20.386,-23.927,-29.908,-28.199,-23.316,-22.34,-18.067,-6.8361,-1.4649,0.36622,1.2207,-3.6622,-6.592,-1.587,5.6154,-1.2207,-1.2207,-3.4181,-5.3713,-4.3947,-10.743,-16.114,-15.381,-3.4181,13.794,45.167,46.632,-2.9298,30.763,83.865,171.51,216.56,128.42,26.612,26.978,38.331,-7.3244,-5.8596,22.34,7.9348,-14.039,-34.791,-39.552,-42.482,-33.082,-32.838,-27.223,-18.677,-5.6154,-5.3713,-0.97659,3.6622,-1.4649,-15.381,-36.622,-55.788,-71.413,-74.343,-65.31,-54.689,-43.58,-32.838,-12.818,-2.4415,2.9298,-16.602
-18.433,-19.166,-15.992,-15.87,-16.968,-16.846,-16.48,-16.236,-15.503,-16.602,-19.898,-28.565,-32.472,-38.087,-44.435,-40.284,-33.448,-27.833,-26.856,-25.391,-20.02,-1.4649,4.3947,2.1973,14.405,13.672,23.927,-3.4181,46.51,120.61,169.07,244.64,168.58,-18.921,2.5636,12.574,-35.157,-28.443,-16.114,-14.161,1.9532,3.4181,12.818,10.254,4.2726,6.8361,2.8077,0.24415,-1.3428,-19.044,-25.636,-24.537,-19.288,-22.34,-32.594,-36.5,-31.129,-18.067,-14.405,-14.405,-2.1973,-5.7375,7.9348,16.602,18.799,-9.6438
-8.179,-8.301,-13.306,-17.09,-16.846,-14.039,-5.6154,-0.24415,0.24415,-2.4415,6.4699,-7.2024,-13.428,-14.405,-36.134,-32.105,-28.321,-17.457,-22.584,-32.96,-32.472,-14.527,-7.0803,9.2776,34.547,43.336,40.895,11.353,-9.6438,37.111,112.8,274.79,284.43,87.161,46.388,14.771,46.754,-18.189,-15.381,-4.6388,-21.119,-36.378,-48.341,-49.562,-52.37,-58.229,-44.679,-31.129,-18.799,-3.6622,13.672,16.846,3.7843,-18.433,-33.57,-43.214,-48.219,-39.552,-33.815,-28.809,-27.467,-23.804,-15.503,-8.0569,-2.6856,1.709
-1.709,-5.005,-11.353,-15.87,-20.631,-27.467,-31.251,-28.932,-25.391,-25.147,-23.194,-26.002,-28.443,-24.171,-6.9582,8.6673,13.184,19.532,24.293,21.485,33.204,38.087,40.895,45.534,51.759,54.445,49.074,54.323,52.858,85.696,167.36,207.53,213.51,83.987,46.999,72.39,16.724,5.1271,3.6622,-1.587,-5.005,-2.1973,-9.1556,-20.508,-20.02,-16.114,-14.039,-15.015,-14.405,-13.672,-17.212,-17.212,-18.555,-19.898,-34.303,-35.89,-32.472,-20.631,-14.039,-0.97659,7.5686,14.039,10.01,6.4699,-4.1505,-21.119
-24.903,-28.932,-31.251,-31.617,-36.744,-29.054,-25.636,-37.843,-36.744,-28.932,-22.95,-1.3428,15.259,13.672,11.475,11.109,6.1037,3.6622,10.743,14.161,16.968,16.236,1.9532,6.8361,22.095,44.313,55.788,61.769,100.83,151.01,244.88,324.84,186.28,80.325,16.846,0.36622,-8.4231,-22.217,-37.965,-25.269,-1.0987,3.296,20.875,36.378,47.365,52.98,45.045,26.978,15.137,4.3947,-9.3997,-12.696,-16.236,-20.264,-20.997,-20.753,-24.537,-30.03,-39.552,-55.91,-65.432,-65.188,-58.718,-44.069,-26.49,-1.4649
3.4181,1.709,-4.7609,-7.0803,-7.2024,5.9816,9.5218,0.85452,-10.865,-24.659,-37.355,-50.05,-61.647,-74.221,-94.241,-114.02,-136.36,-180.67,-232.18,-286.26,-330.58,-361.22,-392.96,-399.79,-405.16,-427.75,-478.16,-466.69,-474.75,-511.12,-434.34,-350.11,-270.39,-249.15,-234.63,-125.49,-29.542,0.4883,1.0987,0.61037,-4.7609,-23.927,-34.669,-62.136,-51.637,-44.435,-41.871,-39.186,-32.96,-38.331,-21.119,-10.01,-12.818,-14.161,-26.49,-38.697,-49.806,-60.915,-66.042,-72.512,-67.751,-62.502,-52.492,-44.801,-35.646,-4.6388
-6.9582,-5.7375,-4.0284,-9.3997,-10.498,-11.353,-13.306,-8.5452,-7.0803,4.883,15.381,-3.5401,-21.973,-44.313,-90.579,-127.32,-160.77,-181.89,-226.57,-284.43,-331.68,-363.41,-396.98,-429.33,-455.82,-473.65,-473.4,-474.87,-459.97,-455.7,-446.06,-399.06,-407.48,-367.2,-330.33,-202.64,-62.746,-55.055,-102.79,-128.67,-147.95,-144.54,-136.84,-133.92,-129.52,-114.26,-85.208,-51.393,-31.495,-28.077,-20.264,8.9114,36.5,46.144,58.351,50.417,27.345,11.475,9.6438,-5.4933,-13.428,-8.5452,0,3.6622,4.6388,22.095
27.467,29.786,32.228,38.087,35.768,25.269,14.527,8.6673,-10.376,-32.96,-48.952,-58.229,-67.751,-70.437,-67.019,-67.141,-69.826,-77.883,-89.846,-101.32,-115.24,-139.53,-186.41,-229.62,-281.38,-318.37,-321.05,-368.05,-436.9,-492.93,-567.03,-594.87,-653.83,-664.08,-544.08,-403.21,-344.98,-331.43,-261.36,-173.96,-129.4,-145.15,-152.96,-140.26,-128.67,-117.8,-114.75,-110.35,-96.683,-80.569,-60.671,-46.51,-33.326,-29.664,-21.119,-7.6907,3.4181,3.7843,10.01,19.898,25.025,21.851,22.217,21.363,21.363,0.97659
-12.818,-22.706,-34.181,-47.853,-47.731,-37.111,-27.223,-28.321,-36.134,-48.952,-58.107,-75.32,-111.82,-157.35,-215.22,-234.99,-251.96,-300.55,-366.83,-423.23,-452.53,-479.87,-498.55,-489.39,-464.49,-595.36,-581.56,-496.6,-408.09,-351.94,-302.5,-196.54,-24.171,11.353,-19.41,-42.848,-58.107,-64.455,-66.652,-74.587,-82.888,-70.803,-52.126,-34.425,-27.833,-21.363,-10.132,-1.9532,16.724,38.942,30.396,-3.296,-8.4231,-1.709,5.005,0.36622,-1.9532,-6.9582,-3.6622,-1.9532,4.5167,15.625,24.781,31.861,39.064,-4.1505
-15.381,-23.56,-25.636,-29.664,-30.641,-37.843,-42.36,-33.082,-21.607,-11.231,-9.0335,-15.87,-16.724,-11.109,-12.452,-17.09,-29.42,-46.632,-75.442,-109.38,-140.87,-180.91,-232.31,-277.6,-312.02,-360.12,-370.98,-345.84,-365.37,-418.59,-454.73,-456.8,-525.53,-537.37,-502.82,-441.79,-402.97,-355.6,-309.7,-273.45,-254.4,-210.21,-88.992,-29.542,-38.82,-46.754,-50.172,-62.746,-70.681,-69.704,-58.84,-49.44,-44.557,-31.983,-19.532,-9.6438,-2.3194,5.3713,2.9298,-3.1739,-6.9582,-20.264,-36.866,-64.089,-64.699,-18.067
-32.472,-46.876,-46.632,-42.848,-44.191,-44.313,-40.773,-40.773,-42.726,-40.407,-39.552,-40.895,-38.575,-27.1,-21.241,-48.952,-91.8,-145.27,-172.61,-240,-287.85,-339.49,-384.41,-394.42,-541.64,-597.8,-608.66,-595.97,-571.06,-482.56,-409.8,-345.35,-343.76,-319.22,-220.34,-137.46,-159.79,-182.38,-178.47,-168.71,-166.26,-155.03,-137.7,-120.49,-110.11,-93.387,-69.216,-44.923,-24.415,-15.259,-5.6154,-0.4883,-1.8311,-6.8361,-15.87,-17.823,-14.527,-12.207,-5.1271,0.36622,6.592,10.254,16.114,26.856,47.121,-2.5636
-17.823,-26.368,-38.942,-56.52,-73.366,-65.432,-45.9,-44.313,-43.58,-37.111,-32.96,-40.04,-36.744,-31.007,-31.495,-45.167,-85.818,-113.16,-149.05,-187.38,-227.79,-266.49,-291.51,-342.05,-402.23,-456.19,-609.76,-651.88,-636.01,-532.12,-451.92,-375.74,-367.81,-327.4,-217.29,-122.93,-124.76,-174.93,-184.45,-198.74,-213.14,-210.46,-203.74,-196.66,-183.84,-156.25,-140.14,-117.44,-85.94,-56.154,-29.664,-6.3478,3.7843,-0.85452,-14.405,-23.927,-27.833,-30.519,-27.589,-28.199,-21.119,-10.743,4.0284,11.719,20.264,35.401
37.111,36.378,38.942,36.622,40.407,35.89,41.749,41.139,34.669,29.908,22.95,7.4465,-2.9298,-13.184,-28.321,-46.876,-72.146,-90.701,-123.42,-174.69,-234.38,-292.61,-329.6,-348.89,-347.18,-366.95,-384.53,-432.63,-426.53,-611.59,-680.81,-608.66,-466.69,-358.53,-299.94,-293.34,-219.12,-133.3,-148.56,-197.76,-235.11,-217.41,-197.39,-173.83,-167.73,-162.11,-145.02,-121.22,-87.649,-60.183,-35.157,-21.241,-17.09,-13.55,-5.8596,2.9298,18.067,32.838,46.754,64.333,82.034,90.701,101.93,110.6,104.13,17.701
9.1556,7.5686,9.5218,5.6154,-4.2726,-21.729,-41.139,-48.585,-55.422,-60.06,-56.642,-72.756,-73.366,-60.549,-66.774,-86.795,-98.025,-103.64,-116.09,-130.74,-142.22,-160.89,-181.89,-185.31,-176.03,-211.19,-296.88,-426.89,-552.26,-633.93,-604.14,-545.3,-454.6,-358.53,-67.507,157.11,126.96,27.589,-2.9298,-36.256,-53.835,-64.943,-62.624,-63.601,-69.582,-63.112,-27.1,-7.4465,6.592,54.201,122.32,154.18,167.97,170.29,158.21,135.38,118.41,102.91,94.974,77.273,84.719,99.124,107.18,115.12,130.25,6.8361
13.184,22.828,24.903,18.677,10.498,3.9064,2.8077,-12.818,-39.308,-78.494,-125.98,-180.43,-199.1,-202.76,-252.2,-297.13,-307.5,-313.49,-366.59,-393.69,-421.89,-426.53,-398.82,-347.18,-307.38,-308.11,-320.69,-325.57,-323.74,-288.71,-251.72,-201.67,-208.01,-216.93,-232.31,-194.46,-135.01,-106.33,-106.2,-115.97,-117.31,-109.13,-93.631,-66.286,-57.985,-40.651,-25.269,-17.701,-3.296,9.1556,17.09,32.716,48.463,54.445,58.351,57.009,56.52,67.751,78.86,85.696,87.405,93.265,101.32,111.7,120.49,126.35
124.64,135.5,134.4,118.53,106.33,109.13,129.52,128.3,140.75,128.3,116.21,102.42,104.01,114.63,112.8,104.86,100.1,102.66,107.55,111.45,112.31,112.43,111.7,104.86,104.74,116.46,122.81,125.86,130.13,138.55,135.01,137.33,141.97,139.9,139.77,127.69,122.93,119.88,125.25,133.06,137.94,126.83,116.34,119.02,114.63,104.86,99.124,92.166,76.052,62.99,53.591,46.754,39.308,38.453,37.965,36.622,37.965,46.754,57.497,61.159,65.432,70.315,82.278,83.254,80.813,80.691
86.673,96.194,93.509,88.87,90.213,88.382,81.301,76.662,74.709,68.484,67.141,63.967,60.06,62.258,53.224,42.726,34.425,24.781,28.565,30.641,28.809,23.438,13.428,2.6856,4.7609,9.1556,5.6154,-3.9064,-12.452,-21.119,-30.763,-39.308,-47.731,-55.3,-64.577,-70.559,-71.535,-84.231,-86.795,-80.081,-71.047,13.672,15.015,15.503,16.48,17.09,18.067,18.677,19.776,21.485,27.467,38.942,38.942,22.217,15.259,13.062,10.376,9.7659,8.179,15.87,23.804,4.0284,-20.875,5.2492,14.649,21.119
37.965,43.092,22.706,33.692,39.186,20.02,22.217,-8.179,9.5218,3.6622,0.4883,-1.4649,-2.8077,-3.1739,-2.6856,-2.1973,0.73244,0.36622,-1.0987,-3.9064,-7.2024,-6.2258,-5.7375,-6.592,-9.2776,-8.9114,-5.8596,-3.296,-2.1973,-0.61037,1.3428,0.73244,-0.36622,0.97659,2.6856,5.005,8.179,11.231,14.771,17.457,18.189,17.701,15.992,16.602,18.189,16.968,16.48,16.48,17.579,15.87,16.48,13.428,17.335,24.049,27.467,25.391,17.335,21.119,43.825,84.841,88.015,39.796,38.087,-2.5636,-12.574,-7.9348
-8.4231,-9.5218,-9.2776,-1.709,-3.7843,25.269,36.866,2.4415,14.405,10.987,9.0335,5.7375,4.3947,4.0284,5.8596,7.4465,8.6673,7.9348,8.4231,7.0803,4.6388,5.2492,5.1271,4.883,3.9064,3.4181,3.296,3.4181,5.6154,7.8127,8.179,8.9114,10.743,14.283,17.457,20.02,21.607,22.34,22.217,22.217,20.142,19.288,17.579,16.236,17.945,18.921,18.921,17.701,20.997,27.955,20.753,21.363,35.157,48.219,26.734,13.428,15.625,10.987,13.062,11.475,12.452,12.818,10.498,6.4699,2.9298,-5.005
-28.565,-23.194,-16.48,-3.9064,27.223,23.316,-34.791,-72.756,-12.696,17.457,17.212,11.597,3.5401,-4.3947,-4.3947,1.2207,4.7609,3.296,-0.85452,-3.296,-3.7843,-4.0284,0.85452,2.1973,-0.24415,-1.4649,-0.85452,-2.8077,-5.9816,-6.2258,-3.7843,-0.36622,2.0753,6.592,11.109,14.771,17.212,17.823,17.212,16.114,15.381,13.306,14.893,13.184,12.94,15.87,13.794,15.503,15.137,13.794,11.353,12.94,12.207,12.574,11.719,10.132,14.161,14.161,11.475,37.477,39.918,3.9064,20.753,42.36,34.303,24.171
17.09,17.09,6.9582,32.35,42.36,13.672,39.43,-9.5218,-24.293,-20.02,-10.376,-5.9816,-4.7609,-2.9298,-3.5401,-10.498,-12.574,-9.888,-6.1037,-1.2207,1.9532,4.7609,9.6438,1.2207,-1.587,-0.36622,-0.97659,-3.6622,-4.7609,-3.5401,-3.1739,-3.0519,0.4883,-0.12207,3.6622,8.301,14.649,17.701,18.921,22.706,26.856,28.809,29.176,29.176,31.739,34.181,38.697,41.871,43.336,40.162,42.97,47.609,59.206,60.427,72.024,92.166,63.112,-9.3997,-0.97659,13.306,31.739,34.303,23.072,19.166,6.3478,-3.1739
-8.9114,2.8077,-3.1739,8.301,25.636,-34.059,-62.38,-116.7,1.3428,7.2024,14.893,20.997,20.875,16.48,12.818,10.376,9.0335,3.1739,-3.4181,-5.8596,-10.865,-13.794,-14.161,-11.841,-7.9348,-2.5636,0.61037,3.5401,5.3713,6.3478,8.7893,9.888,9.888,10.498,11.231,9.5218,9.7659,11.231,11.597,12.574,13.794,19.532,21.241,24.659,24.781,22.706,24.293,28.809,29.542,27.955,26.002,25.758,24.537,24.171,26.368,28.565,38.575,54.323,58.962,79.47,60.427,28.932,35.035,47.365,15.503,-23.927
40.895,61.159,15.503,-13.428,14.283,-44.679,-93.997,-1.8311,-6.3478,-4.7609,-4.7609,-2.9298,-3.7843,-6.4699,-7.2024,-8.0569,-9.888,-9.1556,-10.987,-10.865,-10.132,-8.9114,-7.9348,-6.9582,-5.9816,-5.4933,-4.7609,-2.0753,0.61037,-4.5167,-11.353,-4.7609,1.2207,5.8596,8.9114,10.01,8.0569,2.6856,0.97659,3.296,6.9582,9.1556,13.916,16.602,17.09,13.672,14.649,16.846,13.916,13.306,15.87,13.672,12.085,15.015,25.269,20.02,13.794,30.641,29.42,47.975,44.679,3.4181,17.212,29.176,24.903,9.3997
46.022,58.107,-16.846,-10.498,-45.656,-149.54,-129.15,13.672,12.207,8.301,4.0284,1.587,0.85452,2.6856,4.0284,5.1271,10.498,13.062,10.498,9.888,7.5686,4.883,3.5401,3.5401,5.1271,3.6622,2.0753,2.6856,5.005,8.4231,9.3997,8.4231,8.0569,7.6907,5.7375,3.7843,4.2726,4.2726,5.8596,10.01,9.1556,5.7375,4.6388,3.0519,3.0519,4.1505,5.1271,2.5636,0.97659,4.0284,14.893,25.025,22.217,20.386,25.758,29.908,30.885,29.054,30.03,32.228,27.589,20.508,9.0335,10.865,-3.4181,-25.269
-33.692,-41.871,-31.617,7.5686,25.391,112.92,126.35,2.6856,0,0.85452,2.4415,1.2207,-0.24415,0,-1.3428,-1.587,-3.296,-4.6388,-5.3713,-5.7375,-4.5167,-2.0753,0.12207,1.3428,2.0753,2.8077,5.3713,8.301,11.475,11.963,11.841,11.719,12.818,13.55,13.794,14.527,13.184,16.48,17.09,17.457,19.166,16.846,18.067,21.485,21.241,19.898,20.02,15.992,15.625,23.438,26.368,26.856,25.636,22.095,14.893,7.6907,2.6856,1.9532,5.9816,13.306,-4.0284,-28.565,-35.035,-9.2776,62.136,71.78
84.353,81.179,15.625,-10.987,51.027,-135.01,-112.06,6.1037,2.0753,-0.61037,-0.61037,0.61037,0.4883,1.0987,3.296,5.1271,6.7141,8.0569,8.4231,7.8127,4.7609,1.9532,1.4649,5.005,3.9064,2.1973,-0.36622,-1.4649,-2.1973,-2.1973,-3.5401,-3.9064,0.4883,1.587,-0.4883,1.9532,3.7843,3.9064,6.4699,9.5218,9.888,9.3997,8.7893,10.865,12.94,11.475,10.62,10.132,19.166,26.002,26.246,26.978,20.997,18.189,13.062,16.724,15.137,8.0569,0.61037,-8.4231,-15.748,-14.161,-2.1973,2.6856,-19.532,-10.743
3.4181,47.731,50.417,69.094,117.68,-16.724,-135.99,10.132,10.376,10.01,7.0803,3.296,-1.2207,-2.6856,-4.5167,-5.7375,-5.9816,-6.2258,-6.592,-6.8361,-5.9816,-6.2258,-5.3713,-5.2492,-3.9064,0.12207,0.36622,1.3428,1.709,0.73244,0.73244,0.61037,1.8311,2.3194,3.1739,2.8077,3.1739,2.4415,1.587,0,-1.0987,-2.4415,0,-1.3428,-5.005,-4.7609,-5.9816,-6.2258,-9.2776,-20.264,-28.199,-23.072,-9.0335,-4.6388,1.9532,-1.0987,-1.709,6.592,12.94,12.329,10.498,2.1973,-11.109,-12.94,-29.298,-20.508
-4.0284,24.293,45.045,43.092,46.022,111.82,90.457,-12.329,-11.841,-8.9114,-8.301,-12.818,-14.039,-11.719,-8.9114,-6.592,-4.0284,-3.4181,-3.5401,-3.0519,-2.0753,-0.73244,0,-0.12207,0.12207,-0.12207,0.12207,0.61037,1.0987,1.2207,2.0753,0.12207,1.3428,-0.24415,-1.587,-3.4181,-6.2258,-9.6438,-10.987,-10.498,-10.498,-10.62,-9.7659,-7.9348,-9.0335,-5.2492,9.888,9.7659,-16.114,-13.428,7.4465,9.3997,3.5401,-2.6856,-5.6154,-8.6673,-13.916,-14.893,-13.184,-12.94,-6.2258,3.7843,13.55,17.09,21.729,37.477
37.111,17.09,49.196,76.296,106.57,17.335,154.06,-10.62,-11.353,-12.207,-9.5218,-7.2024,-4.7609,-2.5636,0.36622,2.8077,4.3947,5.6154,5.9816,5.4933,5.2492,4.5167,1.709,0.4883,4.7609,-5.2492,-5.005,-4.5167,-4.7609,-3.296,0.61037,-4.2726,-5.6154,-5.4933,-6.4699,-5.2492,-3.6622,-1.9532,0.61037,-4.0284,-2.4415,-2.3194,0.4883,1.2207,2.3194,2.3194,1.709,-5.6154,-7.5686,-5.1271,-0.4883,-2.8077,-4.3947,-9.888,-7.6907,-7.3244,-5.7375,-4.883,-12.574,-35.768,-48.952,-39.064,-20.997,6.2258,47.487,52.858
21.363,9.7659,35.157,12.452,59.572,38.82,146.12,2.9298,-1.3428,-3.1739,-4.7609,-5.8596,-6.3478,-8.6673,-8.7893,-7.5686,-4.7609,-6.9582,-6.4699,-5.8596,-5.7375,-5.2492,-4.3947,-3.9064,-5.3713,-6.8361,-6.7141,-4.3947,-4.1505,-2.8077,0.12207,0.36622,0.73244,1.0987,-0.73244,-2.1973,-2.0753,-1.709,-0.36622,-0.61037,-0.24415,-0.12207,-1.8311,-8.0569,-7.0803,7.2024,18.311,13.55,1.587,-3.4181,5.7375,11.231,12.452,10.987,3.5401,1.0987,-0.85452,-0.4883,4.7609,13.428,16.724,13.428,8.7893,35.646,41.139,22.95
39.918,43.214,28.809,-54.811,-74.831,30.396,47.487,-0.12207,3.9064,5.8596,4.1505,1.9532,0.24415,0.24415,-0.24415,1.4649,0.85452,0.4883,0.85452,0.61037,1.587,2.5636,1.0987,-1.0987,-2.4415,0,-0.61037,0.4883,-1.0987,1.709,3.0519,2.8077,3.0519,5.3713,8.6673,11.109,12.207,12.94,14.527,13.672,11.963,10.865,8.9114,5.7375,0.73244,-4.0284,-5.4933,-4.3947,-5.7375,-6.592,-4.2726,-4.5167,-4.5167,-7.3244,-8.179,-7.2024,-7.0803,-10.987,-20.875,-20.508,-26.612,-36.622,-32.96,-18.921,7.3244,25.513
36.012,13.916,48.463,21.485,-32.105,-8.5452,-0.97659,-1.587,0.61037,-0.36622,2.8077,3.1739,3.9064,3.9064,4.2726,6.2258,-0.97659,1.8311,4.883,5.2492,5.1271,4.6388,4.2726,4.6388,5.005,4.6388,4.883,5.1271,2.8077,3.4181,2.6856,2.5636,0.4883,-0.61037,-1.8311,-1.2207,-1.2207,0.97659,6.9582,-1.8311,-1.0987,-9.888,-8.6673,-4.6388,0.61037,-2.3194,-9.6438,-11.109,-12.94,-11.841,-12.085,-8.5452,-3.1739,-1.0987,-0.36622,1.4649,2.4415,-3.296,-9.888,-15.503,-20.753,-19.288,-17.579,-15.137,-12.085,-5.1271
17.457,51.637,-4.6388,13.672,69.582,10.987,10.132,10.132,10.376,10.376,9.888,8.4231,8.179,7.3244,9.1556,5.6154,5.7375,5.9816,6.1037,5.4933,5.4933,5.1271,5.005,5.2492,3.296,2.5636,2.3194,4.5167,1.2207,0.4883,-0.73244,-2.5636,-1.9532,2.9298,2.8077,4.0284,4.7609,8.6673,9.888,9.2776,8.7893,8.179,10.376,9.0335,5.3713,0.97659,0.97659,2.4415,2.9298,3.4181,4.1505,-0.24415,-1.9532,-6.8361,-8.4231,-5.005,-7.5686,-14.405,-10.865,-27.223,-25.758,-15.992,6.4699,8.179,7.9348,13.306
16.48,27.1,36.134,7.5686,60.671,5.4933,6.9582,5.6154,4.3947,4.0284,4.6388,5.6154,6.4699,6.4699,6.4699,7.0803,7.4465,8.301,9.2776,10.132,9.5218,8.301,12.207,9.7659,10.865,8.4231,6.9582,6.3478,5.8596,4.5167,4.3947,5.2492,5.6154,7.9348,7.4465,8.179,8.301,7.8127,6.8361,5.9816,4.5167,3.6622,4.0284,10.376,12.696,10.865,12.818,13.306,9.5218,5.4933,5.9816,15.87,13.672,6.9582,3.7843,4.1505,4.6388,3.9064,2.4415,-4.2726,0.36622,18.677,45.778,36.378,26.856,64.211
52.736,-33.937,-59.938,45.778,170.42,3.0519,3.1739,3.296,3.4181,4.3947,3.6622,4.0284,5.2492,7.8127,7.5686,7.9348,7.4465,7.2024,7.3244,10.132,10.132,10.01,9.0335,9.5218,9.5218,8.179,8.6673,8.9114,7.8127,7.5686,6.8361,9.888,7.5686,8.9114,8.4231,9.0335,9.0335,11.231,13.672,16.114,16.48,21.851,15.137,10.498,12.085,10.865,5.005,-0.36622,-6.8361,-9.7659,-13.062,-14.161,-4.883,-11.475,-12.329,-9.7659,-8.4231,-8.0569,-17.823,-8.4231,1.587,0.61037,-14.527,12.574,16.968,21.485
-28.687,-52.37,14.771,64.577,-1.587,-0.12207,-0.36622,0.12207,-0.4883,-0.12207,0.85452,0.73244,2.0753,2.5636,2.8077,2.8077,2.5636,1.8311,1.4649,1.9532,1.0987,1.8311,2.8077,4.0284,7.0803,5.2492,6.2258,3.7843,4.3947,2.8077,4.1505,4.5167,5.7375,5.6154,7.6907,8.9114,12.329,11.841,5.8596,0.73244,0.4883,2.3194,3.1739,5.6154,9.6438,10.132,7.6907,8.4231,10.987,13.062,18.555,25.513,27.223,21.485,12.94,12.452,15.503,29.054,34.303,16.846,4.0284,2.0753,8.179,18.311,8.179,-59.328
-74.587,8.7893,95.096,168.22,-4.883,-5.6154,-5.7375,-6.2258,-5.005,-4.3947,-4.0284,-4.0284,-2.8077,-1.8311,-1.4649,-1.3428,-0.24415,1.709,3.7843,6.2258,8.5452,10.254,11.841,12.94,13.428,14.039,15.625,16.114,16.846,18.189,20.02,19.044,21.119,22.706,21.485,18.555,18.189,17.579,17.09,16.236,14.283,15.748,15.259,15.992,23.438,23.804,5.005,4.7609,8.5452,10.254,3.5401,-3.7843,-15.259,-22.462,-15.503,-10.254,-17.579,-23.194,-18.799,-18.433,-18.067,-12.207,-1.709,11.109,45.412,49.806
47.487,43.458,90.213,78.005,0.24415,2.1973,2.5636,6.7141,12.818,15.137,14.405,11.963,11.719,11.719,12.452,13.428,14.161,15.992,17.09,16.846,17.579,18.067,20.753,21.729,21.973,22.217,23.804,25.025,26.002,25.147,22.462,20.386,16.236,13.306,11.353,7.5686,7.2024,5.9816,2.9298,-1.9532,-5.005,-4.883,1.2207,7.3244,12.818,17.335,26.246,33.082,38.697,44.313,48.952,58.229,68.972,83.377,91.922,92.898,91.067,93.997,118.66,137.94,163.21,196.78,224.98,274.67,294.32,297.01
314.83,274.67,6.2258,7.4465,9.1556,10.254,7.6907,4.2726,2.5636,1.4649,1.9532,1.709,1.3428,0.61037,-0.24415,-1.2207,-6.1037,-5.8596,-3.6622,0.24415,1.2207,3.5401,7.0803,10.865,16.602,22.095,23.927,24.049,20.875,17.335,12.329,8.5452,4.7609,4.7609,7.0803,8.179,9.1556,6.2258,2.6856,0.24415,0.73244,1.587,1.0987,6.8361,8.7893,10.01,13.306,17.823,29.42,46.144,57.375,72.634,87.893,98.88,107.67,141.61,165.78,169.32,158.45,161.02,173.83,198.49,244.76,279.67,302.74,326.3
316.05,371.59,-3.1739,-1.4649,1.2207,3.9064,5.8596,6.8361,5.9816,6.7141,7.4465,7.3244,8.5452,12.696,16.846,19.898,22.462,22.95,25.025,25.88,23.56,23.072,23.438,26.368,29.298,33.937,37.599,39.552,43.703,49.928,56.398,58.962,57.253,57.863,55.055,55.422,52.492,44.557,32.96,24.049,24.781,30.03,28.565,29.298,37.355,51.027,59.206,62.99,55.177,48.219,31.007,16.602,15.259,19.41,29.054,38.942,62.014,82.278,104.5,130.01,173.96,243.78,273.45,301.77,317.76,326.79
368.91,328.26,-11.231,-14.405,-20.508,-24.415,-27.711,-26.856,-23.682,-22.584,-19.776,-17.212,-11.475,-4.1505,-0.24415,0.61037,-1.709,-1.709,4.7609,12.207,16.114,18.799,23.438,29.542,36.5,37.111,33.204,28.565,26.856,30.03,34.303,36.134,34.669,32.594,33.57,37.355,33.204,39.918,45.534,51.149,52.98,50.905,47.731,43.336,30.152,27.955,27.589,21.363,20.631,19.044,21.973,26.124,26.978,40.651,70.681,80.203,89.846,107.18,123.05,144.05,171.39,195.56,257.58,279.31,304.21,419.08
468.4,398.08,15.625,15.625,13.916,10.498,9.7659,10.01,10.62,11.963,11.719,8.7893,7.5686,6.2258,5.8596,6.2258,5.1271,3.5401,1.4649,-1.8311,-2.1973,-1.9532,0.12207,3.5401,4.6388,7.6907,13.916,22.95,32.96,41.627,48.585,51.637,55.788,59.45,64.089,66.164,65.92,66.164,62.746,59.694,61.159,60.427,55.544,53.713,47.975,45.9,36.622,29.176,21.485,18.677,18.311,19.532,20.508,23.927,14.161,13.062,38.331,47.853,72.756,111.82,128.54,142.34,179.69,224.74,251.72,341.81
422.86,440.81,9.0335,21.973,24.659,23.56,19.776,12.574,4.0284,-3.296,-5.2492,-3.0519,-0.97659,2.9298,4.3947,8.7893,13.184,15.381,7.6907,-0.12207,-1.9532,-2.0753,4.883,8.6673,15.992,25.025,34.669,41.871,46.144,39.43,40.773,47.731,59.694,65.798,74.465,74.709,62.258,51.881,49.44,39.43,21.363,11.719,10.01,7.3244,1.709,-5.9816,-10.376,-13.55,-13.184,-12.574,-10.132,-6.3478,0.36622,5.3713,13.916,14.405,15.992,44.557,66.652,78.86,88.382,105.96,146.12,214.36,271.98,249.52
252.82,305.55,-3.296,-6.4699,-4.1505,-3.296,-1.4649,0.36622,6.4699,11.475,16.724,18.311,16.968,17.335,22.462,23.682,19.41,20.997,24.293,26.002,28.321,30.519,31.495,31.617,31.129,27.955,33.692,32.35,27.955,26.978,24.171,22.217,21.485,19.898,17.823,13.672,15.259,19.776,14.893,12.329,12.94,21.241,28.687,35.035,42.116,46.388,49.928,58.596,63.845,64.699,68.484,66.408,60.305,59.328,34.059,16.358,35.035,87.527,124.03,156.5,154.67,160.16,202.03,248.18,276.25,374.4
400.89,289.68,-3.0519,-2.9298,-1.3428,1.2207,2.0753,0,1.3428,0.73244,-3.5401,-9.0335,-16.968,-24.537,-27.345,-25.147,-34.425,-22.706,-8.0569,-8.4231,-16.724,-16.968,-5.7375,8.301,16.48,25.391,35.035,32.472,23.927,27.467,31.739,37.721,41.749,41.993,43.336,39.918,36.012,34.425,37.111,42.604,44.557,39.918,36.988,41.261,43.092,41.627,38.087,34.547,31.373,34.913,50.172,61.647,72.146,73.244,85.086,99.246,106.45,122.56,138.92,160.04,194.22,233.41,267.83,327.89,376.96,377.57
336.8,329.6,31.861,48.952,51.027,46.876,34.425,15.625,-2.6856,-21.363,-37.965,-29.542,-3.296,15.503,13.916,-16.968,-18.067,6.3478,33.692,41.261,38.82,29.42,26.002,26.734,25.025,26.368,34.791,44.801,54.933,65.554,66.774,61.647,63.723,66.164,62.258,55.666,43.703,32.838,31.739,32.96,32.716,39.308,41.993,42.726,44.069,45.9,51.027,49.684,49.684,52.98,61.525,66.897,73.489,81.423,88.626,101.32,106.57,107.91,124.76,146.86,188.6,229.62,229.38,228.52,262.83,330.82
287.24,268.81,-4.2726,0.24415,-2.8077,-5.8596,-9.2776,-5.6154,1.0987,5.1271,8.7893,11.597,15.625,26.002,30.03,27.589,26.246,24.049,27.1,28.932,29.054,28.077,27.223,23.316,21.119,16.602,15.015,18.555,24.781,33.204,39.796,44.435,49.44,50.905,52.492,52.126,50.05,47.487,39.308,33.937,33.448,28.443,24.293,17.823,21.729,24.049,27.1,26.734,9.888,13.916,43.092,62.136,68.972,70.437,76.907,104.86,125.13,120.61,125.98,136.84,135.75,157.35,204.84,255.38,286.87,287.36
271.25,299.33,-23.438,-28.809,-37.843,-45.534,-50.539,-44.923,-44.801,-43.703,-43.092,-35.157,-20.875,-9.5218,9.7659,30.152,48.219,53.957,51.759,38.575,14.405,-9.6438,-25.513,-27.955,-20.997,-12.94,-1.709,7.5686,14.405,19.288,19.044,23.927,28.321,27.833,24.049,15.992,15.259,21.729,22.828,22.462,28.321,30.03,32.838,34.669,32.105,27.223,27.467,20.142,23.56,38.575,48.952,58.718,66.286,70.925,85.818,95.218,106.45,128.42,174.69,249.64,269.05,269.54,318.86,318.98,341.32,349.01
328.87,321.54,367.44,387.34,479.14,528.95,540.18,524.06,472.79,432.02,430.07,414.2,375.38,342.66,283.33,213.14,142.34,86.917,89.358,118.41,110.84,102.54,62.258,17.457,-3.296,-21.119,-11.841,-4.3947,-25.025,-7.4465,32.838,-1.8311,-41.993,-53.957,-78.494,-43.092,-33.57,-36.134,-23.56,-9.7659,-13.55,-5.3713,18.555,37.843,51.515,43.947,35.768,53.224,36.988,-4.0284,-8.6673,-12.574,-10.743,21.119,42.848,33.57,12.94,-1.0987,8.179,21.607,27.833,21.607,10.254,7.2024,7.0803,2.6856
0.61037,-21.119,-23.56,-25.88,-25.025,-17.823,-10.62,-11.963,-34.059,-34.059,15.625,19.532,1.0987,23.927,30.396,-7.0803,-26.612,-49.562,-167.73,-188.6,-190.19,-187.75,-125.37,-84.719,-24.659,-39.796,-11.597,42.238,30.885,-59.206,-85.574,-143.31,-122.44,-65.798,-4.6388,6.1037,10.865,22.34,31.129,2.9298,22.584,71.413,125.37,124.39,151.49,149.91,114.38,56.154,36.744,42.726,87.161,119.88,157.11,237.07,137.94,20.264,-35.524,-24.171,-35.401,4.7609,29.664,149.17,82.278,27.467,143.07,68.85
-30.152,-2.9298,-13.428,-20.264,-30.763,-40.529,-21.973,-8.4231,-3.9064,-0.85452,-0.36622,0.12207,-4.1505,-7.6907,-3.296,2.9298,3.7843,-0.73244,-8.5452,-11.719,-5.3713,1.4649,9.3997,15.748,12.085,8.9114,8.5452,8.179,3.5401,-3.296,-7.4465,-8.4231,-6.8361,-8.179,-16.724,-24.049,-25.025,-17.701,-10.01,-10.376,-18.677,-20.386,-15.748,-12.085,-21.241,-20.142,-16.846,-16.358,-8.7893,-1.8311,22.584,33.326,26.856,19.898,34.669,48.952,48.463,27.589,15.381,-20.142,24.171,10.987,-36.988,-3.296,-182.26,-356.33
-258.55,0.36622,2.4415,3.4181,5.9816,4.883,6.3478,5.005,1.709,2.4415,3.296,2.5636,1.4649,0.85452,1.8311,2.0753,1.709,0.36622,-2.1973,-4.0284,-5.2492,-5.8596,-6.2258,-6.1037,-7.6907,-7.6907,-2.6856,2.8077,5.3713,5.9816,3.9064,4.0284,4.7609,6.592,0.85452,-9.888,-11.719,-7.9348,-8.301,-10.132,-9.0335,-11.841,-10.01,-8.179,-8.4231,-11.597,-23.438,-42.726,-56.642,-61.525,-25.88,-2.9298,-48.952,-58.473,-58.718,-57.131,-61.159,-54.567,-14.649,-20.386,-19.41,-68.728,-56.52,-18.433,-86.062,-42.97
-28.687,-3.4181,-5.2492,-4.883,-2.8077,0.24415,2.4415,5.005,7.4465,8.5452,8.6673,8.4231,7.3244,5.9816,3.1739,0.97659,-0.12207,0.24415,0.61037,0.24415,0.36622,0.4883,0.85452,1.587,3.296,5.005,4.6388,2.8077,3.0519,4.0284,2.0753,-0.24415,-5.2492,-11.963,-16.968,-17.212,-16.236,-15.503,-12.94,-10.132,-9.888,-9.888,-11.475,-16.846,-21.729,-23.194,-19.41,-15.625,-14.405,-22.095,-37.965,-40.529,-28.199,-12.574,-16.724,-25.513,-21.729,-26.246,1.709,8.7893,6.592,28.321,56.032,92.288,13.306,-61.647
-88.137,-17.579,67.751,0.36622,0.85452,0,-5.005,-10.254,-8.9114,-3.7843,-1.709,-2.5636,-4.2726,-3.7843,-1.2207,0.12207,-0.12207,-0.73244,-0.97659,-3.1739,-6.4699,-6.2258,-3.1739,0.12207,2.0753,-0.24415,-3.5401,-5.6154,-5.8596,-5.3713,-5.3713,-3.7843,-0.12207,2.3194,2.8077,5.005,3.4181,-0.73244,-3.5401,-3.1739,-5.005,-9.5218,-7.9348,-0.36622,4.2726,0.36622,-8.9114,-15.259,-5.2492,7.6907,3.4181,-2.8077,-8.0569,-14.283,-13.916,10.743,24.171,16.48,7.8127,8.5452,-5.4933,0.73244,11.597,82.034,105.59,35.646
1.587,3.5401,4.3947,3.1739,2.9298,1.8311,1.709,4.0284,3.5401,2.5636,4.7609,7.0803,7.2024,6.4699,5.1271,5.005,5.7375,4.1505,2.0753,1.8311,3.1739,4.6388,7.5686,10.498,12.329,13.062,13.062,10.376,6.8361,3.6622,-0.97659,-2.0753,0.12207,0.61037,3.6622,6.592,7.9348,13.062,16.236,17.09,19.166,23.56,25.391,27.711,26.246,26.246,31.617,36.5,41.505,56.276,80.081,94.363,74.465,48.219,59.084,136.6,121.22,44.679,3.296,-1.587,2.4415,1.587,-16.724,-151.62,38.697,165.29
-17.457,-19.776,-15.015,-8.179,-2.8077,1.709,4.883,4.3947,0.85452,-2.9298,-8.4231,-11.353,-11.597,-12.818,-13.672,-12.818,-10.865,-9.6438,-8.9114,-6.7141,-3.5401,-2.9298,-4.6388,-8.4231,-11.231,-12.818,-10.254,-6.1037,-0.4883,0.73244,0.4883,0.85452,0.24415,1.2207,4.6388,6.592,10.498,12.574,12.818,17.335,21.973,22.828,21.851,23.194,26.002,24.293,19.654,20.508,21.119,21.485,18.433,12.94,8.7893,12.452,23.56,37.477,46.999,51.881,46.632,56.887,119.88,179.94,115.97,4.5167,-75.686,-102.18
-2.8077,-1.9532,-1.3428,-1.709,-2.1973,-1.8311,-2.0753,-4.0284,-4.7609,-4.883,-3.6622,-2.9298,-2.4415,-0.85452,-0.12207,-0.85452,1.587,6.9582,9.5218,7.6907,6.4699,6.592,6.4699,5.8596,6.2258,7.2024,7.2024,5.7375,3.1739,1.3428,0.85452,-0.73244,-1.709,-1.709,-1.4649,-0.24415,2.1973,4.0284,3.296,3.4181,3.296,4.1505,2.8077,-4.1505,-10.498,-14.405,-9.6438,0.4883,12.207,20.753,20.264,18.677,23.682,35.035,39.552,29.176,18.067,30.519,54.811,-12.085,-65.31,-84.841,-96.194,8.9114,114.99,118.41
-4.6388,-6.8361,-9.0335,-10.01,-10.743,-11.475,-9.2776,-4.883,0.36622,3.6622,4.0284,4.883,3.9064,3.1739,4.7609,7.5686,7.8127,6.7141,5.6154,5.1271,3.9064,2.5636,2.4415,5.005,5.8596,2.4415,1.709,7.2024,10.376,10.254,10.132,10.132,5.2492,2.8077,5.4933,6.4699,6.592,8.9114,12.818,10.376,7.6907,0.97659,-8.7893,-14.893,-17.701,-15.503,-9.2776,-5.4933,-5.9816,-8.7893,-5.4933,-1.3428,2.4415,16.358,23.927,24.293,31.251,26.856,16.968,0.24415,-1.587,-8.301,-21.363,-36.378,11.719,78.738
-7.8127,-6.4699,12.94,22.095,2.4415,-23.927,-35.524,-28.199,-12.696,-4.0284,-1.709,-1.9532,0.85452,2.9298,5.4933,11.109,16.846,15.259,10.376,10.01,12.696,10.498,8.0569,8.179,9.7659,10.01,7.9348,7.4465,11.231,15.015,13.916,10.62,9.0335,6.8361,10.498,16.358,19.654,16.602,6.8361,0,0.24415,3.0519,3.1739,3.6622,1.709,0.61037,-0.36622,4.1505,8.4231,12.818,19.166,30.152,38.942,39.43,40.04,52.248,52.492,13.916,-34.181,-46.022,-7.0803,46.144,66.774,11.353,96.927,112.67
7.8127,4.1505,0.4883,-2.3194,-2.9298,-1.8311,0,1.0987,0.85452,0.85452,0.12207,-5.6154,-5.4933,-0.73244,4.2726,5.7375,8.9114,9.0335,5.8596,4.6388,4.883,6.4699,7.9348,8.6673,8.5452,8.7893,10.376,12.452,14.039,16.114,17.212,16.968,15.137,12.452,9.6438,10.132,11.841,11.963,10.62,5.8596,5.3713,8.5452,9.2776,9.888,6.7141,4.0284,6.2258,13.062,15.625,15.748,18.067,22.584,23.927,30.152,44.679,70.437,69.582,18.799,-9.3997,-27.955,-36.622,-42.116,-40.162,-89.846,-27.711,129.52
0.61037,3.0519,5.6154,7.9348,7.6907,9.6438,10.865,11.231,10.743,10.254,9.888,10.376,10.498,11.475,10.62,8.4231,7.0803,6.4699,5.4933,5.9816,4.0284,3.7843,7.2024,4.883,0.4883,1.3428,2.1973,1.8311,3.4181,8.301,11.231,10.865,11.231,10.254,8.0569,5.4933,3.5401,1.9532,2.5636,4.6388,7.8127,8.301,6.8361,5.3713,2.3194,4.7609,6.592,7.5686,10.498,17.945,26.49,28.565,27.345,27.833,36.5,75.564,100.47,57.497,-10.376,-43.458,-65.432,-79.226,-56.276,-47.731,48.83,134.77
-18.433,-13.428,-10.987,-8.9114,-6.1037,-3.6622,-1.587,-1.0987,0,0.85452,2.0753,3.5401,5.8596,4.1505,3.4181,10.254,14.283,12.207,11.231,10.987,9.888,8.4231,9.3997,11.109,12.085,13.794,12.696,13.306,14.527,16.602,17.09,16.114,14.771,15.015,16.602,15.625,12.574,9.6438,6.592,4.883,4.6388,1.9532,4.5167,8.5452,8.5452,8.0569,9.7659,15.015,12.696,10.254,10.376,9.888,13.184,26.124,44.801,73,68.239,54.201,46.266,-15.381,-42.238,-5.1271,53.102,64.943,5.2492,19.288
31.495,23.682,-8.0569,-28.809,-36.012,-41.017,-40.284,-39.918,-38.453,-30.03,-44.679,-57.009,-46.266,-37.965,-30.885,-22.706,-24.903,-56.764,-90.457,-77.883,-60.793,-32.716,-49.44,-83.132,-120,-107.91,-84.475,-58.473,-43.947,-55.91,-58.473,-31.129,-25.88,-56.032,-118.9,-199.84,-218.02,-128.06,-67.507,-36.5,12.452,60.915,30.641,-46.266,-75.198,-26.002,-1.587,-89.236,24.903,180.18,159.06,53.713,-25.758,-45.778,-7.2024,105.84,171.27,331.55,471.33,507.1,412.12,526.87,-57.253,-579.97,-705.47,-21.119
-20.753,-17.945,-29.176,-51.027,-60.915,-66.897,-70.437,-69.216,-72.634,-88.26,-98.392,-91.311,-68.117,-46.388,-49.196,-56.032,-60.671,-59.572,-48.952,-34.791,-28.932,-32.35,-40.162,-45.289,-47.975,-44.557,-39.674,-42.604,-45.9,-48.83,-58.473,-68.484,-73.855,-63.356,-51.271,-50.905,-59.45,-78.86,-78.982,-43.092,-16.48,-46.876,-92.776,-110.11,-122.2,-98.392,-56.398,-34.669,-48.463,-116.82,-293.1,-268.81,3.7843,123.78,114.38,-37.965,-85.452,68.728,175.91,425.06,529.07,541.89,-19.654,-499.16,-3.7843,-7.9348
-11.109,-10.743,-12.452,-13.55,-11.353,-4.3947,0.4883,-4.3947,-14.405,-13.794,-11.231,-15.748,-22.95,-26.002,-24.415,-24.049,-25.391,-30.641,-33.57,-37.111,-45.045,-49.196,-49.074,-47.243,-47.365,-49.806,-49.684,-51.881,-57.985,-61.892,-61.525,-62.99,-64.333,-68.85,-66.774,-73.733,-91.067,-94.852,-91.067,-94.852,-95.096,-107.06,-99.612,-100.59,-93.02,-90.091,-97.171,-126.71,-123.78,-110.72,-110.35,-114.99,-134.4,-237.19,-217.54,-108.52,9.5218,102.79,163.7,259.16,392.59,108.65,360.97,-17.701,-22.462,-20.753
-46.388,-63.356,-53.713,-29.176,2.6856,23.438,7.8127,-20.508,-15.503,5.005,18.677,31.129,44.557,54.689,61.159,54.323,50.783,62.014,66.408,62.136,58.107,53.591,38.82,43.214,40.407,9.1556,-9.6438,14.649,20.753,-10.743,-0.12207,88.26,100.22,24.293,-13.672,-13.916,-3.0519,1.3428,28.565,65.188,43.703,-17.579,-36.744,-10.132,25.636,37.233,47.365,55.544,58.229,53.713,46.388,14.283,-8.301,10.987,32.228,33.326,32.594,33.937,26.856,44.801,99.124,90.945,39.674,-276.74,-27.955,-31.007
-38.453,-49.684,-45.778,-26.856,-3.6622,1.0987,-0.73244,-5.7375,-19.654,-37.477,-46.999,-44.801,-44.923,-43.458,-34.669,-28.321,-33.692,-42.482,-37.599,-27.711,-34.059,-33.57,-31.739,-42.604,-65.188,-77.639,-84.597,-90.091,-100.22,-113.41,-118.9,-121.83,-125.25,-133.18,-132.33,-135.01,-160.16,-193.37,-209.97,-204.84,-191.9,-192.27,-188.48,-150.15,-106.2,-136.72,-142.7,-103.15,-137.33,-292.37,-228.03,-112.43,-173.35,-274.54,-236.46,-65.065,-83.743,-182.38,190.68,654.68,392.83,349.13,-147.47,69.338,-20.631,-23.316
-31.007,-33.448,-47.853,-47.121,-46.754,-47.731,-51.271,-60.549,-68.85,-74.709,-75.076,-72.634,-66.164,-66.897,-63.234,-52.98,-58.962,-72.512,-73.977,-81.179,-79.958,-67.873,-60.671,-64.089,-65.31,-60.671,-68.972,-68.484,-64.455,-79.104,-102.3,-125,-135.62,-136.6,-126.59,-124.76,-134.65,-156.62,-165.41,-154.42,-128.06,-119.39,-142.22,-178.11,-179.08,-166.26,-173.1,-186.9,-227.79,-246.71,-238.04,-220.22,-200.45,-183.48,-126.47,-63.601,-135.14,-88.26,280.65,76.174,129.15,-194.95,447.28,440.57,-11.353,-9.0335
-1.8311,-0.61037,-4.0284,-2.5636,1.2207,1.0987,-1.3428,-2.6856,3.4181,10.254,3.296,-1.3428,-7.5686,-14.039,-17.701,-25.025,-37.965,-56.154,-82.4,-101.81,-109.38,-117.31,-119.02,-113.28,-128.79,-140.51,-130.62,-125.13,-123.54,-128.3,-134.16,-130.5,-127.45,-122.56,-107.18,-96.316,-107.55,-138.31,-167.61,-163.95,-134.53,-110.35,-121.22,-134.04,-140.02,-147.34,-141.73,-141.73,-179.82,-249.89,-200.08,-103.4,-151.49,-171.15,13.672,-20.386,-141.24,-68.117,58.718,296.64,-290.54,47.731,675.19,-38.575,-6.2258,-10.01
-13.184,-14.283,-16.48,-13.428,-11.353,-15.137,-14.527,-11.597,-10.865,-17.579,-17.945,-25.636,-42.36,-50.661,-48.708,-39.064,-37.721,-46.999,-57.985,-64.821,-63.723,-55.666,-59.084,-61.525,-64.699,-70.559,-73.611,-78.249,-89.724,-94.729,-90.335,-84.597,-86.428,-95.95,-87.161,-80.569,-84.841,-91.8,-95.95,-102.3,-113.65,-133.06,-146.86,-151.98,-153.08,-141.97,-130.25,-129.76,-141.85,-168.1,-167,-151.98,-137.82,-166.63,-137.94,-69.704,-42.116,-93.265,-209.85,-297.01,8.179,135.26,-372.45,-310.07,294.32,206.55
91.8,-20.875,-70.193,-57.375,-15.381,11.353,41.993,55.3,60.305,86.673,76.662,33.204,20.02,42.848,83.743,138.31,203.13,267.34,267.46,237.19,199.84,150.03,157.11,236.95,319.96,335.09,320.93,325.08,270.52,204.72,190.44,177.01,66.164,15.87,-5.6154,9.0335,-1.587,-24.903,5.005,63.601,110.6,57.253,-3.0519,-7.0803,-41.261,-89.724,-105.35,-110.72,-144.78,-117.31,-77.273,-22.95,-54.567,-143.68,-172.98,44.679,416.39,614.4,617.08,483.66,-91.311,151.86,1930.5,1654.8,-12.452,-14.161
-13.794,-10.132,-7.6907,-2.1973,2.3194,3.296,5.4933,4.5167,1.0987,-0.85452,-2.3194,-1.8311,-0.85452,2.4415,-0.36622,-4.2726,6.592,-0.24415,-15.87,-18.311,-14.527,-25.025,-30.152,-27.345,-23.316,-18.311,-18.311,-25.513,-27.345,2.8077,27.345,34.303,10.01,-19.166,-19.166,9.3997,44.313,55.177,49.562,21.363,-8.179,30.152,43.703,9.7659,6.2258,25.147,45.167,59.572,44.923,41.261,41.627,39.186,20.02,-49.44,-38.82,48.219,19.166,17.945,9.5218,8.0569,-7.2024,-12.94,4.0284,-8.5452,2.8077,2.6856
3.0519,3.0519,2.9298,3.0519,3.296,3.4181,3.5401,3.7843,4.0284,4.1505,4.1505,4.1505,4.5167,4.7609,4.883,4.5167,4.5167,5.2492,6.1037,7.4465,9.0335,9.888,10.743,10.743,10.376,12.696,6.8361,-8.0569,-25.147,40.651,104.37,131.96,112.31,118.41,76.418,3.6622,-33.204,-40.407,-56.276,-50.417,29.542,67.507,76.54,72.024,54.567,32.594,12.94,1.709,3.4181,9.1556,14.771,22.828,19.044,11.841,17.823,35.89,42.604,51.027,60.915,71.291,134.89,164.68,251.35,265.88,-5.3713,-1.587
0.73244,-1.4649,-5.3713,-6.7141,-7.2024,-5.9816,-4.883,-0.24415,1.709,2.9298,1.587,-3.0519,-5.7375,-6.9582,-5.8596,-0.97659,-2.0753,-4.7609,-8.6673,-15.381,-19.166,-13.672,-7.2024,-7.3244,-6.3478,-3.5401,-0.97659,-18.433,-22.095,-16.48,0.61037,33.57,53.835,42.97,15.625,-20.875,-47.487,-29.054,-15.992,15.137,30.519,17.212,11.841,-3.4181,-4.0284,23.072,58.84,85.574,57.253,37.233,5.2492,5.9816,37.355,-15.748,-27.589,-20.264,45.534,41.505,19.41,-2.3194,-3.4181,-10.376,-8.0569,47.487,4.0284,3.4181
2.6856,5.005,7.4465,5.6154,9.0335,12.329,11.109,7.4465,2.6856,3.5401,10.376,12.818,14.527,14.527,10.987,6.592,-2.8077,-11.353,-17.701,-21.119,-15.503,-6.592,2.5636,8.179,9.3997,9.1556,13.55,15.748,5.005,-10.254,-20.02,-29.786,-25.636,-5.4933,1.709,-6.3478,-31.983,-41.261,-26.368,-10.743,-6.8361,-9.2776,-9.2776,-5.4933,-5.7375,-7.0803,-20.02,-35.401,-55.422,-48.83,-11.109,50.417,138.31,165.65,88.015,-135.87,-79.836,-23.316,6.4699,15.015,32.594,-133.3,-173.35,-215.83,4.3947,12.452
9.1556,-1.8311,-16.114,-24.903,-15.259,1.8311,8.9114,5.005,-2.8077,-6.3478,-3.0519,1.8311,3.6622,2.1973,2.8077,2.9298,3.9064,0.97659,-4.5167,-6.9582,-0.73244,5.9816,7.0803,-0.85452,-7.2024,-5.6154,1.587,7.0803,8.9114,6.4699,4.1505,0.97659,-4.7609,-6.2258,-6.3478,-6.9582,-8.6673,-12.94,-12.94,-13.428,-19.288,-23.072,-27.223,-17.701,-12.696,-14.527,0.61037,15.625,23.804,24.781,14.527,21.485,41.627,41.993,17.457,-13.672,-47.853,-60.06,-43.092,8.0569,46.022,22.706,2.1973,-367.2,-33.082,-39.308
-43.947,-47.487,-43.214,-20.631,6.8361,30.763,40.773,37.233,34.059,42.482,47.853,49.074,53.346,53.468,44.069,20.997,5.3713,1.3428,-2.8077,-2.0753,-3.9064,-6.3478,0.36622,10.62,16.846,15.137,14.527,13.428,11.719,15.992,23.316,24.049,21.241,23.804,36.256,51.393,60.06,58.229,58.107,56.52,60.427,69.094,69.582,66.652,66.53,67.629,66.042,66.652,73.855,78.005,74.831,73.489,79.348,97.171,123.17,151.49,217.17,269.78,321.54,337.29,382.58,473.53,432.51,367.93,-2.9298,-3.6622
-7.8127,-9.7659,-6.1037,-4.2726,-10.132,-17.823,-19.532,-20.02,-16.236,-13.184,-3.4181,5.3713,10.987,20.386,33.815,39.674,37.965,38.942,39.064,32.716,27.589,23.194,14.283,7.6907,1.2207,-5.005,-9.2776,-3.4181,16.236,43.825,57.985,51.393,38.82,36.134,36.256,37.843,38.575,44.191,52.614,64.333,73.122,79.592,94.607,105.35,108.4,109.74,111.09,96.683,88.382,101.2,124.76,158.94,198.25,249.15,285.78,325.33,381.48,424.94,564.71,607.07,542.62,609.27,641.13,2.8077,1.2207,10.254
22.828,29.664,28.932,25.513,15.748,1.3428,-11.475,-19.044,-17.212,-10.743,-6.592,-3.4181,-4.5167,-5.1271,-4.1505,0.4883,7.2024,14.649,21.241,30.519,40.529,51.149,61.403,74.587,85.818,88.26,83.499,73.733,64.333,61.403,54.323,42.848,31.983,23.438,25.025,30.519,38.697,45.167,45.656,50.172,57.619,65.676,68.728,66.53,62.746,59.694,67.385,76.052,87.039,101.57,110.35,104.13,119.27,146.61,160.16,181.04,198,222.3,239.75,261.48,619.4,609.52,468.76,58.229,52.98,41.627
25.025,6.592,-12.329,-24.415,-19.532,-0.24415,7.9348,1.8311,-1.8311,-9.1556,-18.189,-23.072,-18.921,-23.438,-35.157,-38.209,-21.119,-2.9298,14.527,45.534,73,85.574,90.579,85.696,78.372,74.099,68.361,60.671,54.811,49.074,42.604,41.627,43.825,50.05,57.497,61.159,59.816,53.346,44.679,39.064,27.589,24.537,23.56,21.973,9.888,-3.7843,-17.212,-1.9532,15.992,5.4933,-15.381,-35.279,0.24415,31.251,67.995,104.5,135.87,192.39,229.99,244.27,450.58,444.11,504.17,0.85452,-5.9816,-11.475
-12.085,-8.7893,-4.3947,0.73244,1.2207,-1.2207,-8.4231,-17.945,-17.457,-5.3713,4.3947,10.498,16.114,24.415,33.57,38.942,44.435,45.656,44.679,41.505,39.064,34.791,34.913,36.622,39.064,42.36,45.412,42.97,37.477,36.134,41.017,48.952,57.619,54.323,45.656,51.271,49.196,45.167,43.703,40.895,41.383,42.604,41.261,37.965,44.679,50.905,53.835,60.305,56.154,51.271,61.647,74.709,77.151,85.452,95.828,108.52,123.05,154.91,164.56,173.96,226.45,244.15,412.98,-0.73244,-1.0987,5.005
10.01,12.207,14.893,13.306,7.4465,0.36622,-5.8596,-5.8596,-1.0987,7.8127,14.283,21.119,29.542,40.284,53.102,53.591,47.121,38.209,29.298,23.194,20.753,22.095,24.171,29.42,35.157,37.721,39.674,44.923,49.318,53.102,53.713,50.905,48.952,45.778,39.674,36.134,33.815,34.791,36.866,38.697,44.191,52.614,55.055,54.323,51.637,47.975,46.51,47.975,53.346,51.393,54.811,58.962,63.845,69.582,85.208,108.77,141.12,183.23,257.58,317.64,463.76,564.47,499.89,-12.818,-14.527,-12.818
-13.428,-16.236,-17.945,-15.992,-15.992,-10.376,-0.73244,3.0519,6.7141,9.5218,10.62,8.301,7.9348,11.231,17.579,28.687,37.721,41.993,44.313,48.952,52.858,57.253,58.229,57.863,59.328,64.943,72.878,73.977,67.995,62.746,62.502,63.356,60.915,62.258,67.263,74.709,79.348,79.836,84.231,91.433,97.171,98.636,96.927,93.387,89.969,88.26,73.733,56.887,58.596,63.845,80.813,87.039,81.668,82.278,91.311,112.31,121.59,152.71,168.71,143.31,291.76,809.23,927.27,-1.3428,-2.0753,-3.1739
-6.3478,-8.179,-6.8361,-6.3478,-8.179,-11.109,-11.475,-9.0335,-8.6673,-9.6438,-8.4231,-4.883,5.005,19.532,33.448,39.796,51.027,66.286,71.657,73,69.094,62.868,57.253,56.032,55.177,48.097,44.923,43.336,43.58,50.172,57.985,62.38,67.141,74.221,74.221,67.629,65.554,63.478,60.305,60.183,62.014,58.596,60.915,64.943,70.803,68.85,63.234,61.281,66.164,72.756,84.231,87.039,91.678,102.42,116.58,114.26,145.02,193.73,212.53,299.33,369.4,551.77,553.24,10.01,-2.6856,-13.184
-11.719,-9.6438,-9.7659,-15.503,-19.654,-17.579,-9.1556,-0.61037,10.498,15.625,21.851,32.472,38.575,35.035,26.734,22.462,20.264,13.428,14.039,20.631,26.368,32.472,34.913,37.233,35.768,35.646,37.477,46.632,60.06,66.164,66.652,64.089,64.699,67.385,68.361,68.117,65.31,62.014,65.432,64.821,56.764,51.393,46.388,43.092,42.848,50.05,58.84,77.517,93.997,95.706,91.8,85.818,76.296,63.478,52.126,69.094,148.56,225.59,276.38,351.82,479.87,557.63,619.28,4.7609,8.301,11.109
9.6438,7.6907,7.9348,9.6438,14.161,17.335,20.508,31.617,35.157,34.425,32.96,33.815,30.274,26.368,24.903,27.1,28.077,28.809,26.49,25.025,28.443,34.669,43.336,57.375,67.751,72.146,74.953,81.057,86.673,90.213,90.091,91.922,91.556,86.917,82.278,71.535,64.943,59.45,56.642,55.788,53.224,45.9,38.697,36.012,41.139,38.575,38.942,44.313,56.154,72.268,96.072,102.66,87.161,55.544,48.463,75.32,161.14,262.09,249.76,254.89,390.88,887.72,1.0987,2.0753,5.005,5.4933
4.883,11.841,19.41,27.345,26.978,22.584,19.898,18.433,19.166,23.072,28.932,36.256,33.815,29.298,26.124,21.607,20.631,23.316,26.368,27.955,26.612,27.955,29.054,26.368,28.565,34.913,45.412,56.032,56.032,52.614,55.422,62.258,74.221,77.883,72.39,62.99,52.614,52.98,53.224,56.642,51.759,44.435,45.412,51.637,57.253,71.169,86.795,92.044,99.612,95.096,80.935,78.616,86.062,83.499,105.72,162.72,266.85,279.55,313.12,449.23,534.32,-2.9298,25.391,39.186,45.289,36.5
22.34,4.1505,-5.2492,-0.4883,9.0335,12.452,13.306,15.137,17.823,13.428,9.0335,6.1037,4.0284,8.4231,16.602,23.316,26.368,28.932,32.105,33.204,32.228,32.35,28.687,20.875,22.095,24.171,21.485,19.898,20.631,22.828,27.223,28.077,22.462,17.09,15.992,14.649,20.386,24.659,28.809,24.659,20.997,20.142,25.513,35.279,41.993,37.599,37.843,39.552,33.937,56.154,91.556,118.05,151.25,178.35,202.76,269.3,290.17,170.66,504.9,473.89,656.64,634.05,527.85,541.64,608.78,500.38
368.42,222.79,184.58,302.5,324.84,235.11,136.11,73.366,66.774,70.315,13.306,14.527,59.084,146.86,36.744,51.027,105.11,78.982,14.649,-24.293,-17.579,-28.565,-69.338,-103.27,-107.67,-84.719,-48.463,-20.386,7.0803,16.114,14.771,11.109,9.6438,5.6154,-17.579,-68.728,-58.473,-19.898,17.823,32.472,24.659,10.01,6.7141,12.207,13.55,15.625,23.682,25.636,14.283,9.6438,24.415,51.149,47.609,8.179,-5.3713,20.264,21.119,-17.579,-32.716,6.9582,57.863,5.6154,4.1505,5.4933,8.301,10.987
7.4465,5.6154,6.8361,8.0569,7.6907,6.1037,4.7609,4.7609,4.5167,6.2258,6.3478,7.3244,5.7375,6.1037,6.592,7.8127,7.3244,7.0803,8.5452,9.2776,7.3244,5.4933,5.3713,6.592,6.8361,5.4933,2.8077,1.8311,1.3428,-3.4181,-3.1739,-0.85452,-2.4415,-4.7609,-3.1739,1.3428,9.1556,12.574,9.1556,7.4465,11.597,20.753,30.641,36.256,33.448,29.42,34.425,43.703,51.515,50.05,34.669,23.927,23.56,44.313,54.445,30.03,-5.2492,-11.231,-36.256,-123.54,-185.67,-0.61037,0.85452,1.4649,2.0753,3.7843
5.6154,6.9582,8.6673,9.3997,9.888,9.6438,9.1556,7.6907,6.7141,5.8596,5.2492,5.8596,6.2258,6.3478,5.7375,4.3947,4.7609,7.2024,11.719,12.818,9.0335,8.179,11.597,15.625,15.381,13.55,13.062,13.916,16.114,17.212,14.649,12.329,12.696,12.207,11.353,14.527,14.771,14.039,11.963,1.4649,-5.4933,0,14.039,16.48,12.574,11.475,14.161,16.48,22.706,37.965,62.99,44.801,33.082,50.295,116.95,108.04,52.492,-9.5218,-51.149,-61.159,-0.97659,5.6154,3.5401,4.3947,5.005,6.1037
6.8361,6.3478,5.9816,4.7609,4.883,3.6622,1.709,3.6622,5.7375,5.2492,4.7609,5.1271,6.8361,6.9582,5.6154,5.2492,5.2492,4.883,-2.0753,-0.97659,5.6154,2.4415,3.7843,5.8596,-2.9298,-3.4181,-1.2207,-6.2258,-4.883,-11.597,-12.329,2.8077,9.6438,15.992,26.734,28.321,11.841,-7.8127,-16.968,-5.2492,14.405,24.537,27.1,35.768,43.214,46.388,46.266,33.815,14.161,36.256,129.03,161.5,113.9,82.278,67.995,39.918,7.4465,-5.4933,-22.706,-104.01,-114.02,5.8596,5.8596,3.6622,4.0284,6.7141
6.592,2.6856,1.0987,2.0753,5.7375,5.005,-1.3428,-1.9532,3.6622,1.9532,0.12207,2.4415,6.3478,5.6154,2.5636,1.587,2.5636,3.4181,3.7843,5.4933,12.94,23.072,24.537,14.283,11.231,24.415,39.796,40.529,29.298,12.818,17.945,2.9298,-11.841,-1.9532,21.241,33.326,34.669,43.58,46.51,36.5,34.547,40.284,43.092,47.853,50.295,52.736,74.099,65.188,26.612,19.898,31.129,40.162,18.555,-16.968,-28.687,-25.88,-33.082,-103.89,-167.85,50.539,172.25,12.94,15.625,17.579,15.259,12.818
12.818,13.672,10.254,7.4465,9.1556,10.987,11.475,11.353,9.6438,8.7893,9.2776,6.9582,3.296,0,10.376,14.283,11.841,10.498,9.1556,6.1037,2.8077,0.36622,1.9532,5.1271,2.6856,-3.0519,-7.2024,-3.1739,1.587,-1.8311,-4.7609,-1.3428,0.36622,-0.36622,-5.6154,-3.1739,0.36622,1.9532,-1.0987,-4.1505,0.36622,10.01,9.1556,4.0284,-2.6856,1.709,4.7609,15.259,19.898,24.537,40.284,67.385,83.743,72.634,59.45,84.597,71.657,45.656,14.161,-22.34,-47.121,15.137,11.231,9.888,11.963,13.672
15.87,18.555,13.916,8.9114,10.62,18.189,24.659,20.02,12.574,12.085,15.503,15.992,9.1556,0.4883,-2.3194,0.97659,6.2258,11.109,3.4181,1.8311,6.2258,7.5686,9.5218,8.7893,1.4649,-8.179,-7.6907,1.9532,5.6154,12.94,22.217,17.945,14.039,11.353,7.0803,3.296,4.0284,3.6622,3.5401,5.6154,5.4933,11.231,19.044,23.804,29.054,28.321,21.851,12.696,12.329,19.044,45.778,83.01,53.591,31.495,31.129,58.596,46.999,1.2207,-38.575,-105.11,-96.683,2.5636,0.85452,0.73244,1.2207,1.0987
-0.97659,-2.1973,-1.3428,0.61037,2.9298,3.296,3.9064,4.6388,6.9582,6.9582,7.4465,9.1556,11.109,14.893,16.358,17.09,15.503,8.7893,2.8077,8.7893,12.085,10.987,12.696,21.119,26.856,24.415,19.532,10.132,8.0569,14.283,13.55,4.6388,5.4933,17.335,13.672,8.5452,7.5686,-9.888,-16.48,-5.4933,8.4231,19.532,35.279,46.632,40.529,37.355,58.718,89.48,73.366,33.57,40.407,83.865,83.499,61.647,45.778,26.124,-32.472,-109.13,-96.194,-98.148,9.7659,-41.749,-42.848,-49.318,-63.234,-68.117
-71.291,-73.855,-82.888,-76.418,-54.445,-31.983,-15.748,-14.039,-17.212,-17.701,-10.01,-1.587,-2.1973,-1.709,2.5636,7.2024,11.353,11.719,14.039,17.09,20.508,22.828,18.311,7.3244,0.36622,7.0803,20.875,28.809,21.607,24.049,19.776,13.794,22.217,39.43,38.453,30.396,34.181,40.651,31.739,19.044,23.682,20.875,-1.4649,21.729,67.019,95.828,119.02,148.2,175.54,152.47,133.92,118.66,100.22,67.873,32.96,-20.753,-79.592,-188.36,-125,-113.28,-40.162,-8.4231,-9.6438,-12.696,-21.851,-18.799
-16.724,-18.311,-22.217,-23.927,-20.753,-18.555,-17.945,-21.607,-24.903,-24.171,-26.612,-26.978,-26.978,-28.565,-30.03,-36.866,-47.853,-57.863,-50.783,-25.758,-12.94,-16.358,-27.589,-24.293,-8.6673,1.709,3.1739,0.85452,-5.3713,-3.4181,2.0753,5.005,14.893,24.903,26.124,25.513,24.049,19.898,31.617,49.684,57.741,60.427,61.892,61.403,67.751,70.925,68.728,56.764,47.121,57.619,83.621,90.823,77.517,71.657,20.386,-71.78,-80.935,-99.612,-94.485,-4.6388,-7.5686,-2.6856,-1.587,-0.36622,1.0987,1.3428
-0.24415,-1.587,-2.9298,-5.005,-6.1037,-5.8596,-4.2726,-3.6622,-2.6856,-3.0519,-5.3713,-8.4231,-11.475,-13.428,-15.748,-18.067,-18.921,-19.898,-20.02,-20.142,-23.194,-24.537,-24.903,-25.513,-27.1,-27.223,-29.176,-38.331,-38.697,-24.903,-16.602,-16.724,-18.311,-20.386,-26.368,-30.519,-30.763,-31.617,-28.932,-22.584,-6.8361,3.296,3.6622,8.7893,14.161,24.293,35.279,61.525,93.509,78.616,14.649,-71.047,-106.45,-38.209,-39.918,-45.778,-88.748,-68.606,51.393,69.704,-34.181,3.9064,3.296,3.4181,3.7843,5.005
6.3478,7.8127,9.1556,10.743,12.574,12.818,11.963,12.207,12.696,13.428,12.818,12.329,10.987,8.6673,8.6673,12.329,15.015,9.0335,3.1739,0.24415,-0.61037,-1.3428,-0.85452,-1.709,-5.1271,-9.3997,-15.748,-21.119,-25.269,-26.612,-25.025,-24.415,-25.88,-28.077,-21.119,-3.7843,15.992,24.415,29.42,7.8127,-26.246,-69.46,-95.34,-88.748,-71.535,-54.323,15.992,-81.423,-77.883,10.132,-25.513,-45.289,29.298,73.733,89.48,71.291,29.298,-39.918,6.592,5.8596,3.296,3.1739,5.005,7.2024,9.0335,9.888
9.5218,7.8127,5.8596,4.7609,4.2726,3.1739,1.3428,-0.61037,-2.0753,-3.0519,-3.296,-5.8596,-7.3244,-7.8127,-7.5686,-7.0803,-5.1271,-4.0284,-2.5636,-0.4883,1.587,2.9298,1.3428,-5.005,-14.161,-20.264,-17.09,-8.0569,-9.888,-11.109,-8.4231,-10.01,-12.452,-7.8127,-2.0753,-1.587,-2.3194,-6.592,-3.1739,-0.36622,0.4883,0.85452,3.1739,9.0335,49.562,91.556,54.689,-97.537,-113.41,-62.624,-109.74,-66.286,84.841,57.985,-38.697,-144.29,-46.999,-56.398,5.4933,6.4699,8.301,9.0335,9.3997,8.5452,8.179,7.5686
4.1505,0.61037,0.97659,2.1973,2.8077,3.6622,4.5167,4.1505,3.296,-0.73244,-2.6856,-2.8077,-0.85452,-1.8311,-4.3947,-5.005,-4.1505,-2.0753,-0.4883,-0.12207,-0.4883,0.36622,1.709,3.1739,0,-6.1037,-10.01,-10.01,-9.1556,-8.7893,15.625,-5.3713,-9.6438,-8.179,-7.8127,-5.1271,-2.8077,0,3.9064,11.475,35.646,84.719,151.25,142.95,94.485,12.452,-49.684,-77.517,-117.07,-97.171,-101.32,-97.537,-82.278,-71.047,-52.37,-12.818,81.545,50.417,1.8311,3.7843,4.5167,8.5452,12.452,16.724,20.753,19.654
18.433,16.236,12.329,13.428,14.039,8.4231,3.0519,-1.4649,-4.3947,-10.376,-19.41,-26.612,-28.565,-27.1,-24.659,-23.682,-26.734,-29.908,-31.861,-33.57,-33.082,-33.448,-35.401,-40.895,-39.064,-34.181,-29.054,-27.345,-23.56,-26.734,-33.815,-39.064,-35.646,-30.885,-25.269,-34.669,-60.427,-84.475,-94.485,-103.76,-106.2,-113.9,-117.68,-134.65,-171.51,-178.84,-194.95,-237.19,-202.15,-155.16,-113.16,-107.43,-45.9,38.82,-62.99,-108.04,-120.37,-107.67,18.555,17.579,15.87,14.527,13.306,13.062,14.161,15.625
18.311,20.997,20.142,17.335,15.015,12.94,11.719,10.865,9.6438,9.3997,9.2776,7.9348,4.3947,1.0987,-5.005,-13.062,-18.311,-21.363,-20.386,-22.706,-20.264,-21.851,-27.955,-33.692,-40.895,-42.604,-34.303,-25.513,-25.88,-29.176,-16.114,-12.452,-11.475,-9.7659,-16.968,-35.157,-38.087,-32.228,-27.223,-30.396,-32.228,-36.866,-46.632,-39.674,-40.895,-52.492,-3.296,-89.236,-80.447,-72.268,-86.184,-55.788,28.809,-14.039,-248.66,-50.417,8.179,-4.5167,33.204,33.815,23.56,13.062,9.5218,6.3478,-1.9532,-3.1739
4.0284,11.719,15.625,15.381,16.968,20.386,24.415,27.711,27.1,24.049,20.631,20.631,21.485,17.335,10.376,5.6154,2.8077,0.24415,-2.9298,-4.2726,-4.3947,-5.2492,-5.1271,-5.1271,-10.865,-16.724,-16.358,-19.288,-24.415,-23.072,-13.916,-3.7843,2.4415,5.8596,1.4649,-0.61037,-3.1739,-11.475,-16.846,-28.809,-62.014,-90.213,-102.54,-91.556,-81.179,-66.774,-39.064,9.2776,-8.6673,-109.87,-94.241,-118.41,-17.701,80.325,15.015,11.475,-131.23,-48.463,16.48,10.865,3.1739,-5.9816,-12.574,-16.114,-17.701,-13.672
-7.2024,-1.3428,5.2492,10.987,12.207,9.1556,7.8127,11.231,17.212,22.828,29.176,34.059,36.256,35.279,27.345,26.124,31.007,34.913,37.477,36.744,47.731,84.719,107.79,59.816,2.0753,-21.241,-11.475,-9.3997,0.61037,10.01,14.649,26.368,31.129,24.171,24.293,22.95,23.804,17.945,0.85452,-12.818,-23.438,-36.378,-37.965,-19.41,17.457,62.99,92.776,114.99,53.346,-118.53,-118.29,-108.77,-76.052,-92.288,-69.948,-97.537,15.137,87.161,3.6622,2.8077,1.4649,1.4649,7.9348,10.987,12.696,17.945
23.194,26.856,29.542,31.373,30.396,26.124,19.776,15.503,14.527,15.625,16.724,17.09,17.335,17.212,15.137,11.963,7.5686,2.4415,-0.4883,0.36622,3.296,4.7609,2.5636,-1.587,-0.4883,1.3428,0.85452,6.2258,18.921,8.4231,3.6622,0.61037,-6.3478,-10.743,-0.12207,5.2492,3.6622,4.3947,1.709,25.88,47.853,80.691,124.39,170.17,202.52,218.39,105.96,-266.37,-471.45,-260.14,29.176,126.22,122.68,-65.31,-80.569,-223.88,-147.22,-8.9114,29.42,28.199,25.147,24.293,25.636,19.044,11.597,10.254
10.987,10.254,8.7893,6.2258,3.1739,3.1739,4.2726,4.2726,5.2492,5.005,2.5636,0.61037,0.73244,1.587,1.9532,3.7843,7.2024,10.376,11.475,9.888,7.0803,5.6154,8.4231,12.452,2.5636,4.7609,14.649,20.508,20.875,12.696,6.592,8.0569,8.301,2.4415,-14.405,-27.223,-28.687,-36.988,-41.505,-36.988,-38.697,-42.604,-26.368,30.03,88.992,24.903,-44.069,-15.381,-107.67,-78.982,-8.6673,18.189,-11.719,-18.067,35.89,-105.23,-120.37,-36.134,-1.0987,0.24415,1.9532,6.592,10.254,13.794,15.748,17.579
17.701,16.846,16.358,16.114,14.893,11.841,8.7893,5.4933,2.9298,1.4649,0.73244,1.4649,4.7609,7.9348,8.5452,8.179,13.184,14.039,12.94,12.452,16.236,18.677,14.771,9.5218,10.132,14.161,13.55,-0.73244,-10.62,4.6388,-2.9298,-15.748,-31.251,-60.671,-82.522,-93.142,-105.35,-72.024,2.4415,39.186,-18.067,-74.709,-71.657,-21.119,-24.293,-109.13,-131.84,-4.7609,93.142,74.709,72.024,7.3244,-38.575,-38.209,6.592,29.542,-41.871,-37.477,-23.682,-20.508,-13.672,-9.0335,-9.5218,-10.62,-12.574,-13.794
-10.865,-5.6154,0.36622,5.4933,5.8596,7.0803,8.0569,8.5452,8.6673,11.719,16.724,20.508,22.95,23.438,20.753,16.236,8.7893,5.1271,5.7375,6.8361,10.01,15.87,17.823,16.968,15.381,14.405,16.846,15.381,8.5452,5.1271,5.8596,0.4883,-5.9816,-4.0284,4.3947,-1.3428,-17.457,-40.895,-33.692,-28.932,-28.199,-52.614,-95.096,-90.213,21.851,139.65,140.02,102.79,-61.037,-133.67,-43.092,68.361,-65.188,-56.642,-29.054,21.973,102.91,-124.15,-28.809,-24.781,-14.771,-3.4181,5.3713,9.7659,12.085,13.184
10.743,7.6907,5.3713,10.132,14.771,20.508,28.565,34.181,36.622,33.204,25.269,17.945,13.672,12.818,12.94,15.137,20.508,22.34,18.799,14.405,14.649,15.87,10.132,9.888,11.475,9.7659,4.3947,4.0284,15.015,20.142,20.631,10.132,-1.4649,-13.916,-18.311,-15.503,-5.4933,-10.62,-49.318,-48.83,-55.177,-77.761,-34.181,73.733,60.06,-29.908,20.631,-51.393,-101.08,61.281,64.577,29.298,-22.706,-97.537,-221.69,-47.365,-2.5636,-72.756,0.24415,2.9298,9.7659,20.508,26.856,27.589,26.124,25.758
25.636,23.804,25.269,22.828,18.921,12.329,5.1271,-0.12207,-3.7843,-4.5167,-1.9532,-0.73244,0.73244,-1.9532,6.1037,14.039,21.363,25.88,25.758,26.734,28.321,27.833,27.833,42.36,41.749,26.002,19.166,12.818,3.6622,-8.301,-12.818,-3.5401,5.9816,28.687,42.482,38.209,42.726,50.905,57.009,62.502,66.897,65.31,69.216,74.465,88.748,120,168.46,210.94,242.81,237.31,232.43,248.3,263.31,277.72,282.24,282.24,341.56,435.8,10.254,11.963,12.207,13.062,10.254,7.6907,5.3713,3.9064
2.1973,0.4883,-0.24415,-0.85452,0.85452,5.8596,12.696,19.166,23.072,26.49,30.396,34.791,39.674,44.313,48.097,48.097,46.144,43.458,40.284,37.721,31.251,25.758,22.217,17.457,10.865,3.6622,1.8311,7.3244,7.0803,4.3947,4.3947,6.9582,9.2776,20.753,33.082,48.463,56.398,56.764,60.183,70.803,84.109,73.977,72.024,97.415,143.68,196.3,224.62,232.18,231.57,231.57,229.13,213.51,187.38,169.07,153.81,165.78,134.16,360.36,-4.1505,-2.8077,-2.4415,-1.4649,-1.4649,-0.36622,0.4883,3.4181
5.3713,5.2492,3.9064,3.296,5.2492,8.179,7.4465,8.0569,7.9348,7.9348,6.4699,3.4181,3.6622,4.7609,5.2492,4.883,3.1739,1.4649,2.9298,4.1505,5.9816,7.5686,9.0335,14.649,20.386,23.072,25.88,25.391,24.537,25.269,32.105,28.565,18.433,24.293,34.059,34.669,31.495,28.809,29.176,35.768,46.51,46.266,51.881,57.619,65.432,74.831,89.358,80.935,109.01,157.48,218.15,261.12,233.65,224.49,243.66,285.16,330.7,426.28,11.231,7.4465,3.9064,-1.3428,-4.2726,-3.7843,-5.3713,-3.0519
1.2207,5.4933,11.353,13.55,12.085,9.2776,7.3244,7.2024,4.2726,4.5167,9.1556,13.672,16.602,18.433,19.654,19.776,20.508,24.049,28.932,32.594,34.425,34.181,31.861,30.274,29.786,29.786,30.03,31.251,32.96,28.932,20.508,29.298,47.365,71.413,76.907,68.606,71.291,83.254,106.08,121.46,126.83,117.92,95.584,83.499,88.137,86.306,79.836,62.136,71.902,99.246,123.54,155.77,167.36,209.6,254.89,244.15,272.71,386.73,44.435,44.313,39.796,33.326,26.246,21.363,16.602,11.597
5.005,-0.36622,-5.9816,-12.696,-16.602,-16.724,-14.039,-11.109,-10.62,-14.161,-12.94,-10.987,-10.62,-8.9114,-10.254,-13.306,-12.329,-12.696,-15.625,-19.654,-22.95,-20.875,-23.072,-16.48,-13.306,-7.2024,-0.24415,5.3713,8.179,10.254,9.5218,4.1505,-10.01,-3.1739,13.062,23.316,24.293,16.724,24.293,33.448,32.96,40.284,62.38,79.104,71.535,47.243,35.768,60.549,88.992,74.587,66.897,73,37.355,98.88,225.59,336.07,397.96,367.32,45.656,47.731,50.295,50.172,42.482,26.124,4.7609,-5.2492
-5.9816,-3.7843,-3.1739,-4.2726,-5.4933,-5.4933,-4.5167,-4.2726,-6.4699,-6.7141,-3.1739,-0.73244,-0.36622,-1.709,-0.24415,2.6856,7.8127,11.963,15.992,16.724,19.654,27.223,31.739,26.124,36.5,43.58,46.022,35.279,29.298,36.378,46.388,48.341,48.83,57.863,109.5,177.62,136.48,57.009,43.092,52.492,51.149,55.177,59.328,22.34,-44.191,-42.97,5.6154,26.002,-55.91,-14.161,94.852,230.84,287.12,244.64,360.61,490.86,502.09,499.89,-5.7375,-10.987,-17.335,-17.579,-18.311,-20.142,-19.898,-17.212
-12.94,-4.0284,-0.61037,2.9298,5.2492,4.0284,0.61037,-3.5401,-4.7609,-4.0284,3.7843,6.7141,2.4415,1.9532,-1.0987,-4.6388,-5.3713,-0.73244,9.2776,13.428,15.137,10.376,12.696,5.2492,-7.9348,-17.457,-34.303,-39.674,-30.763,-31.251,-31.495,-35.646,-49.074,-46.144,-39.308,-43.58,-36.5,-14.161,-27.223,-41.749,-58.351,-73.855,-90.457,-110.48,-122.32,-133.92,-146.73,-173.96,-200.81,-249.89,-288.58,-485.73,-564.35,-575.33,-547.75,-552.14,-615.5,-501.48,-16.48,-6.3478,0,4.883,13.306,23.682,33.57,39.186
43.092,50.05,57.375,63.478,56.276,45.412,31.495,16.114,9.2776,2.6856,-2.0753,-3.6622,-2.8077,-0.97659,1.587,0.24415,-3.0519,-11.109,-12.329,-6.1037,-3.7843,-1.3428,4.883,11.231,-8.179,-13.55,3.7843,30.641,51.271,63.112,66.164,49.562,35.279,17.335,11.841,18.311,3.9064,31.373,51.393,80.691,60.427,26.734,-2.9298,-29.664,-48.708,-71.902,-93.02,-92.654,-28.809,45.534,-43.947,-143.56,-190.56,-214.85,-263.31,-289.56,-270.52,-311.04,2.9298,13.306,21.485,27.833,34.669,40.407,39.552,24.171
1.709,-5.9816,-0.36622,8.179,-1.4649,-12.94,-18.189,-25.758,-39.308,-52.614,-63.967,-65.432,-62.502,-59.572,-57.009,-53.346,-52.126,-55.177,-56.276,-56.764,-53.346,-48.585,-39.064,-31.739,-24.293,-15.503,-9.3997,-4.5167,-6.3478,-6.4699,5.005,21.363,31.983,-0.85452,-10.132,-15.137,-13.184,-17.335,-31.861,-53.591,-81.668,-108.28,-113.9,-119.39,-133.18,-124.64,-150.15,-206.67,-275.77,-335.09,-316.17,-323.37,-432.02,-481.7,-511,-577.04,-591.81,-518.81,-5.7375,-1.3428,1.587,-2.4415,-6.3478,-5.9816,-3.5401,-1.3428
-2.5636,-8.5452,-10.62,-3.6622,3.296,8.4231,10.987,9.6438,9.888,6.9582,8.301,8.4231,5.4933,0.73244,0.36622,0.24415,-2.1973,-2.3194,-2.6856,2.0753,6.592,10.743,16.358,18.799,15.503,9.888,10.376,8.0569,-0.85452,-5.1271,-5.6154,-4.6388,-4.7609,-12.085,-28.809,-35.035,-29.908,-19.532,-3.9064,8.301,17.457,22.706,19.288,6.2258,-5.1271,-18.311,-32.35,-41.139,-34.181,-41.871,-65.432,-90.579,-132.33,-219.24,-334.48,-357.55,-304.57,-266.85,-29.542,-29.298,-25.513,-16.968,-5.6154,5.9816,13.916,17.945
20.631,22.217,23.56,24.049,25.269,23.804,19.532,13.428,6.9582,2.4415,0.73244,-4.5167,-9.888,-20.264,-28.443,-31.495,-27.345,-19.532,-15.503,-17.823,-15.625,-2.6856,-1.8311,-16.968,-26.978,-36.866,-60.305,-61.769,-70.803,-74.587,-85.33,-85.574,-83.01,-42.604,16.358,35.89,33.692,44.679,10.132,4.1505,-4.3947,-54.933,-125.86,-171.76,-178.96,-195.07,-228.03,-297.98,-300.3,-325.57,-324.59,-431.17,-467.3,-489.03,-528.46,-656.27,-534.93,-477.68,-41.993,-44.435,-43.703,-44.435,-42.482,-40.529,-39.796,-34.303
-25.391,-12.574,-3.5401,5.9816,10.987,17.457,25.025,20.875,21.485,28.077,33.448,27.833,14.405,7.4465,5.4933,-1.3428,-2.1973,-10.743,-15.748,-10.987,-11.963,-15.259,-24.903,-8.4231,8.4231,0.12207,-3.5401,-1.709,-12.574,-18.555,-10.376,-11.963,-4.7609,-22.217,-49.074,-46.754,-43.214,-23.927,-12.696,-19.776,-32.35,-43.825,-52.736,-65.065,-94.241,-102.54,-172.73,-209.97,-222.05,-275.77,-376.23,-456.31,-414.81,-371.47,-383.31,-433.85,-466.32,-478.9,9.0335,-3.9064,-14.527,-22.828,-24.781,-22.95,-23.804,-25.025
-23.56,-23.316,-22.34,-25.391,-29.176,-31.129,-28.077,-27.1,-28.687,-30.763,-33.448,-29.542,-22.706,-19.044,-13.184,-7.9348,-2.3194,0.61037,-3.7843,2.4415,2.5636,1.4649,-9.1556,-1.3428,11.597,15.137,12.696,3.4181,4.5167,6.9582,0.73244,-3.9064,0.4883,12.574,23.56,18.311,10.498,9.1556,2.5636,-12.818,-20.386,-23.316,-67.629,-111.09,-129.03,-177.86,-237.68,-315.68,-336.92,-335.83,-419.81,-423.23,-434.71,-539.32,-478.53,-455.46,-475.36,-491.47,-410.41,-189.83,-38.575,-30.641,-47.121,-32.838,-7.6907,2.3194
-9.6438,8.4231,38.331,14.161,-48.585,-139.41,-129.4,-86.917,-86.673,-86.795,-88.015,-14.893,67.751,118.05,130.13,131.11,156.25,198,218.63,210.09,1.587,-1.9532,-8.179,-3.0519,4.5167,10.865,16.846,20.386,18.311,13.794,14.161,18.189,21.363,14.039,11.963,48.219,48.585,-18.433,-61.159,-48.463,-20.386,-13.184,-17.09,-23.438,-14.527,4.2726,18.799,25.636,26.002,11.719,-26.856,6.9582,-102.91,14.405,16.968,16.846,12.452,9.6438,7.2024,6.4699,4.0284,3.1739,3.5401,3.1739,2.5636,0.85452
1.709,5.3713,7.2024,9.1556,9.6438,6.7141,2.6856,0,-3.296,-4.2726,-2.0753,-1.709,-1.9532,-1.587,6.3478,11.841,16.358,17.335,18.555,21.607,21.485,14.771,10.987,9.0335,6.7141,5.3713,-7.6907,-6.9582,2.8077,12.207,15.503,12.329,5.005,7.8127,13.428,13.55,15.137,17.457,11.353,0.4883,-22.34,-31.861,-37.233,-14.283,-0.12207,-19.898,139.29,-6.4699,-153.32,-116.58,-44.801,-123.78,-141.85,7.6907,4.5167,4.1505,3.1739,-4.5167,-12.207,-15.87,-14.283,-10.132,-5.6154,1.587,2.9298,2.9298
6.2258,4.6388,-1.4649,-6.7141,-13.672,-17.457,-15.259,-14.649,-18.311,-21.851,-22.828,-22.95,-19.898,-15.503,-14.039,-14.283,-13.794,-12.696,-9.888,-3.4181,-1.3428,-3.6622,-2.8077,0,2.8077,6.1037,8.9114,5.9816,1.709,-0.97659,-2.1973,0.36622,2.1973,5.9816,12.94,21.241,17.212,5.6154,-1.4649,-6.1037,-6.592,-7.2024,-28.687,-38.82,-46.51,-41.749,-21.729,-36.012,-57.009,34.059,108.28,-102.3,-41.871,3.0519,0.36622,-2.8077,-6.9582,-10.254,-10.498,-12.207,-13.916,-16.114,-21.241,-27.589,-24.293,-25.269
-27.223,-27.711,-28.565,-29.664,-28.809,-19.654,-21.851,-20.875,-8.5452,0.97659,6.9582,11.719,11.109,19.166,29.664,24.293,18.433,24.293,14.527,42.482,7.4465,-15.259,-21.363,-17.823,5.005,38.575,50.295,35.646,12.574,-11.353,-25.269,-25.758,-20.264,-24.293,-31.983,-40.773,-40.895,-42.848,-44.923,-42.726,-47.365,-51.759,-67.507,-73.244,-80.691,-84.353,-109.01,-54.323,-105.47,-77.761,-0.97659,-106.81,-241.46,4.2726,3.296,3.1739,3.9064,3.4181,1.709,0.24415,1.3428,1.709,0.36622,-0.61037,-2.4415,-3.296
-2.9298,0.36622,5.2492,10.987,9.3997,7.5686,7.4465,7.0803,5.8596,4.0284,2.3194,1.709,0.97659,0.12207,0.61037,-0.97659,-2.1973,-1.2207,-0.97659,0.97659,5.005,6.592,9.2776,10.987,15.625,18.677,20.02,20.631,21.607,25.636,31.983,36.866,38.575,38.331,35.279,32.472,25.758,22.462,26.612,12.207,1.0987,1.8311,6.2258,5.6154,-8.0569,-23.072,-27.833,-25.269,-25.147,-25.88,-45.656,-99.612,-215.46,7.8127,5.8596,8.9114,9.888,7.5686,7.9348,7.3244,3.9064,-1.587,-4.883,-7.2024,-11.109,-13.306
-9.5218,-9.7659,-11.841,-10.987,-10.01,-9.5218,-7.0803,-3.5401,0.36622,2.9298,2.6856,1.9532,1.3428,-1.3428,-6.4699,-6.2258,-1.709,3.9064,12.94,13.55,13.55,21.851,17.09,10.62,6.8361,8.5452,7.2024,4.3947,11.963,16.236,12.696,10.254,16.358,19.776,16.48,11.597,6.9582,-1.4649,-10.01,-4.7609,-12.574,-25.391,-30.641,-37.721,-38.331,-32.472,-4.6388,28.077,19.288,-52.248,-180.18,-320.57,-269.91,-6.3478,-7.6907,-7.5686,-7.9348,-5.6154,-6.2258,-7.9348,-15.015,-18.311,-17.579,-20.142,-20.264,-15.381
-2.8077,13.306,40.895,48.83,44.923,40.529,28.687,26.124,25.391,23.804,20.142,17.579,16.48,15.748,17.457,10.498,1.587,-4.0284,-13.306,-22.095,-12.696,-11.597,-9.3997,1.3428,13.184,11.841,-1.0987,-4.7609,1.4649,11.475,16.602,28.199,32.96,27.589,20.142,7.5686,3.6622,18.677,40.284,26.246,-6.8361,-31.495,-30.396,-20.875,-34.059,-28.321,36.134,76.907,39.186,5.1271,-66.286,-351.7,-511.37,8.4231,10.498,10.62,7.4465,5.4933,6.1037,2.6856,0.73244,0.12207,-1.2207,0.85452,2.5636,3.1739
4.3947,5.9816,7.2024,8.5452,10.01,11.109,12.452,12.085,10.376,8.9114,9.6438,11.841,12.94,13.184,7.5686,15.992,41.505,45.9,31.129,21.851,26.124,14.893,-2.9298,-11.719,9.6438,18.067,13.672,23.316,36.988,26.978,-2.4415,-35.279,-40.529,-18.799,36.5,55.055,41.749,37.599,25.88,28.687,38.331,53.224,72.878,62.868,63.112,82.4,50.905,3.1739,27.833,0,-88.748,-55.422,247.08,8.0569,4.7609,4.0284,9.2776,13.55,14.405,14.405,12.574,10.132,7.6907,8.179,9.888,9.5218
6.3478,0.73244,-5.6154,-5.005,0.61037,5.4933,7.4465,7.6907,6.2258,9.5218,10.132,6.8361,4.883,7.3244,7.5686,7.6907,5.9816,8.7893,12.696,12.329,10.132,9.6438,11.109,12.085,7.2024,4.6388,7.2024,10.376,6.7141,1.4649,-5.005,0.4883,19.654,31.373,37.477,42.36,36.134,31.983,32.96,49.928,65.432,61.403,98.27,151.86,76.296,0.4883,-34.181,-79.348,-79.348,-34.791,-10.987,96.316,586.93,6.592,0.97659,-11.597,-27.833,2.6856,11.231,28.199,13.062,17.823,25.88,25.391,23.438,40.407
28.443,13.428,4.2726,-0.85452,0.36622,-1.8311,-2.1973,0.4883,8.9114,3.5401,-1.0987,10.01,74.221,189.95,296.4,436.17,652.85,925.08,906.03,569.6,217.54,-125,-113.16,99.002,50.539,52.858,41.871,36.5,41.017,52.492,35.401,27.833,33.815,31.739,32.96,25.269,43.214,38.575,59.572,56.032,33.815,6.3478,5.9816,12.207,13.55,67.751,255.38,498.06,579.85,635.27,656.76,767.72,937.28,-7.3244,-7.6907,-9.3997,-9.2776,-7.8127,-8.4231,-10.376,-11.109,-9.2776,-8.6673,-10.132,-12.94,-14.649
-14.527,-14.893,-16.602,-20.875,-25.636,-29.054,-30.885,-32.228,-32.35,-31.495,-30.641,-32.594,-34.059,-31.983,-31.739,-37.721,-56.887,-66.164,-64.333,-58.84,-50.172,-44.679,-45.9,-50.05,-52.736,-54.201,-55.055,-55.544,-55.422,-53.713,-49.806,-44.557,-42.848,-41.261,-45.778,-35.646,-22.462,-9.3997,0.36622,-4.2726,-9.1556,-17.335,-21.241,-12.452,-8.301,-7.8127,-21.363,-31.129,-47.975,-53.957,-40.529,-76.785,-768.09,-9.888,-11.719,-14.405,-16.846,-16.846,-15.992,-16.114,-16.724,-15.137,-13.55,-14.161,-15.748,-17.212
-19.044,-20.753,-20.264,-19.41,-22.217,-28.321,-33.448,-33.937,-28.321,-25.513,-28.809,-33.204,-36.988,-37.843,-36.012,-33.326,-33.204,-52.858,-69.582,-56.032,-46.632,-46.144,-49.196,-53.591,-56.032,-57.741,-62.258,-65.31,-68.239,-66.286,-65.432,-62.502,-59.572,-53.591,-47.243,-32.838,-19.898,-15.625,-11.475,-7.0803,-6.2258,2.3194,2.4415,-2.0753,-7.9348,-22.584,-38.697,-83.865,-144.54,-173.59,-144.41,-190.8,-517.72,0.97659,4.2726,3.7843,0.97659,-0.61037,-3.7843,-8.179,-13.062,-16.846,-18.311,-17.457,-17.335,-18.067
-18.677,-19.044,-18.677,-17.945,-17.09,-17.09,-18.189,-20.142,-22.828,-24.415,-24.293,-24.415,-24.903,-25.269,-25.269,-25.513,-26.49,-27.711,-29.786,-32.228,-35.524,-39.43,-41.749,-44.313,-49.074,-61.281,-55.422,-45.167,-40.284,-38.453,-41.139,-46.876,-53.346,-53.957,-58.718,-49.074,-33.204,-21.119,-13.916,-10.987,-26.002,-44.191,-60.427,-63.112,-56.154,-56.398,-58.229,-55.91,-89.236,-154.91,-201.06,-226.81,-655.17,-8.9114,-8.0569,-7.9348,-8.9114,-9.0335,-8.6673,-9.3997,-9.888,-9.5218,-8.6673,-7.5686,-7.3244,-8.4231
-10.987,-13.306,-14.649,-13.794,-13.184,-14.039,-15.015,-15.259,-16.236,-16.968,-17.09,-19.288,-22.34,-25.391,-27.345,-28.932,-31.861,-34.181,-36.5,-38.087,-39.796,-41.627,-45.045,-49.562,-53.713,-55.91,-56.276,-56.276,-57.497,-57.741,-58.107,-62.99,-63.967,-60.06,-61.769,-63.234,-60.671,-55.422,-53.102,-56.887,-48.952,-49.928,-46.144,-36.622,-34.303,-44.191,-64.333,-90.213,-103.89,-115.6,-118.53,-184.33,-523.7,4.2726,4.3947,-4.5167,-5.8596,-4.0284,-3.6622,-1.2207,1.0987,-2.6856,-9.3997,-15.503,-12.94,-10.743
-13.794,-14.771,-13.428,-12.696,-13.794,-16.236,-18.555,-20.753,-22.706,-23.927,-23.927,-23.072,-24.049,-27.589,-30.519,-28.809,-27.467,-29.786,-33.692,-37.965,-37.843,-37.599,-39.064,-43.092,-47.975,-48.219,-44.801,-43.336,-41.261,-43.58,-47.853,-49.074,-43.825,-35.646,-31.495,-34.547,-37.355,-32.472,-23.194,-2.6856,-5.005,-3.296,-11.597,-32.472,-53.346,-64.577,-74.831,-84.719,-101.32,-122.07,-149.05,-322.03,-646.38,-4.2726,-4.7609,-5.7375,-6.592,-5.6154,-4.3947,-5.8596,-7.8127,-8.6673,-8.0569,-8.5452,-9.2776,-8.6673
-10.376,-13.428,-17.335,-17.945,-18.189,-19.288,-22.217,-24.415,-25.025,-25.636,-26.368,-27.589,-28.443,-29.298,-31.129,-34.547,-38.209,-39.918,-40.04,-40.407,-39.064,-39.43,-43.58,-49.928,-52.004,-53.713,-57.009,-59.938,-62.624,-62.868,-64.211,-62.99,-53.957,-37.965,-37.111,-21.973,-25.147,-35.279,-46.388,-39.552,-38.697,-51.393,-50.905,-42.726,-47.487,-55.666,-71.047,-88.626,-97.537,-105.72,-112.67,-265.39,-807.4,-11.597,-12.207,-17.945,-16.846,-14.405,-15.748,-18.921,-16.114,-3.1739,11.963,18.067,19.898,16.602
13.062,7.5686,-2.8077,-12.452,-17.09,-19.776,-23.56,-30.396,-36.866,-38.087,-36.744,-37.355,-40.04,-43.703,-45.167,-45.656,-48.097,-51.637,-54.567,-57.131,-59.816,-62.38,-66.164,-68.728,-70.315,-72.39,-60.793,-62.502,-62.99,-62.38,-63.601,-65.31,-67.629,-70.193,-72.756,-70.925,-67.385,-61.647,-51.149,-43.336,-37.965,-37.599,-43.458,-46.144,-37.477,-26.978,-51.881,-91.067,-144.66,-183.11,-175.91,-185.06,-289.19,4.1505,2.1973,-1.0987,-3.7843,-5.005,-6.8361,-9.0335,-10.498,-9.888,-9.7659,-11.475,-13.306,-14.161
-17.823,-22.095,-26.002,-28.809,-31.983,-33.692,-31.373,-28.932,-29.908,-33.57,-39.308,-42.97,-45.656,-49.928,-52.614,-52.492,-50.783,-49.684,-50.905,-54.811,-60.793,-63.967,-63.112,-62.502,-62.868,-64.455,-61.159,-55.666,-56.032,-62.99,-64.211,-62.014,-65.798,-71.291,-74.099,-74.587,-73.122,-69.826,-59.938,-54.445,-46.51,-51.637,-56.276,-70.925,-86.673,-80.935,-85.94,-96.194,-90.335,-83.621,-49.562,-105.84,-846.1,-5.2492,-5.6154,-6.7141,-7.8127,-8.7893,-9.3997,-8.5452,-7.9348,-7.6907,-5.9816,-6.8361,-9.2776,-12.696
-14.771,-16.724,-19.776,-23.072,-25.025,-24.659,-25.758,-29.542,-32.716,-34.913,-36.5,-37.599,-40.407,-43.336,-45.412,-47.609,-50.172,-51.027,-52.37,-54.323,-57.375,-59.45,-61.159,-65.676,-70.559,-72.634,-71.169,-71.047,-69.704,-67.751,-66.774,-73.244,-79.836,-77.761,-72.268,-68.85,-73.611,-77.273,-69.826,-56.276,-33.204,-13.306,-26.978,-45.412,-78.494,-119.27,-146.24,-135.62,-100.71,-70.803,-56.154,-108.77,-761.62,29.908,29.176,23.072,14.649,7.5686,4.3947,6.3478,12.329,20.753,29.542,35.768,40.651,44.435
46.999,50.172,53.957,59.45,64.455,67.629,68.606,66.652,64.821,63.478,61.647,56.642,51.149,47.487,47.853,50.905,51.759,53.957,60.915,64.943,68.239,66.53,66.652,71.413,75.93,75.198,73.977,78.127,85.086,93.265,96.438,92.776,79.226,120.85,175.79,219.12,239.27,192.14,152.23,146.12,157.48,165.65,165.04,171.76,173.71,180.18,197.03,236.7,275.64,314.58,508.44,364.76,428.72,21.973,23.438,23.804,24.781,28.687,33.326,36.378,37.233,36.5,35.401,36.378,38.331,39.674
39.43,38.942,39.186,41.261,44.435,48.585,48.708,52.248,57.253,60.793,63.723,65.432,64.821,61.037,52.98,45.045,42.726,49.074,60.671,64.821,66.408,63.234,60.793,67.385,76.54,85.574,95.95,101.57,97.903,90.213,90.945,100.1,106.08,108.52,113.77,110.11,108.16,126.35,154.91,160.28,164.07,170.78,177.62,202.03,209.72,211.55,228.64,266.85,299.45,317.27,312.14,245.98,234.38,1.709,0,-1.0987,-0.12207,-0.85452,-0.4883,1.709,4.5167,7.5686,8.9114,9.0335,9.6438,11.597
14.161,17.457,19.654,22.217,24.659,26.978,28.199,30.519,34.425,37.477,40.529,41.993,42.604,45.045,46.51,47.365,50.417,57.009,64.821,69.826,69.826,67.995,66.774,67.995,67.263,66.652,72.512,77.151,80.569,83.865,87.039,86.795,80.569,81.79,80.203,80.569,75.198,119.27,157.23,177.13,181.4,170.05,158.45,160.41,163.46,175.18,199.84,234.02,250.37,325.45,447.77,365.37,373.06,8.9114,9.5218,11.597,13.428,16.846,20.386,23.804,27.467,29.176,31.617,35.89,41.627,47.975
52.004,54.689,57.497,56.52,54.323,52.736,52.736,53.468,52.37,47.487,43.092,41.505,42.97,46.632,51.149,53.346,52.736,47.975,44.801,49.196,51.881,52.98,59.938,68.85,70.803,66.408,57.253,46.999,42.238,46.632,56.52,67.385,78.005,78.616,87.039,109.38,132.21,146.37,166.26,209.23,234.63,240.12,255.5,258.19,269.78,308.73,349.62,361.58,344.49,344.74,359.39,331.31,250.62,31.251,31.983,32.594,33.082,34.425,35.035,35.401,36.744,36.622,34.669,33.082,31.373,31.495
29.42,27.467,30.396,30.03,26.978,23.927,17.457,12.452,13.184,16.602,23.927,30.396,32.228,35.768,40.529,44.923,49.318,57.009,65.31,72.024,79.836,87.771,97.659,105.96,112.67,118.17,114.75,115.12,116.34,118.17,115.85,114.99,114.75,116.7,125.25,130.13,134.77,143.19,163.34,176.03,175.42,181.65,167,145.76,147.95,181.04,206.43,226.2,241.46,280.4,390.64,394.42,420.3,3.5401,6.2258,10.865,15.625,17.701,22.584,27.467,27.1,27.345,28.443,29.908,31.861,33.448
35.279,40.407,45.045,49.684,54.811,57.619,59.45,60.06,60.671,59.084,58.962,61.403,65.92,68.972,69.46,68.606,67.263,66.652,67.385,67.995,70.315,72.268,72.878,77.639,83.01,81.545,85.94,93.387,103.76,119.51,135.14,144.29,146.24,154.67,173.96,208.62,230.84,244.15,252.2,258.92,258.06,245.37,210.33,174.69,141,109.62,109.01,147.71,182.99,221.32,230.23,244.64,303.35,12.329,10.987,10.987,10.865,11.109,11.231,13.794,18.555,22.34,24.293,26.246,24.781,20.264
14.039,10.743,10.865,17.212,23.804,28.687,34.303,37.965,35.279,28.809,25.025,26.978,35.646,45.167,52.248,54.567,55.422,58.962,63.601,67.629,73.855,77.639,81.79,87.893,95.462,108.4,118.66,119.02,125.37,130.5,133.55,137.46,159.67,185.8,205.94,222.91,238.65,244.27,263.31,291.39,301.16,281.38,234.87,199.71,191.17,191.66,196.42,210.21,222.79,247.93,401.5,439.34,334.97,13.672,13.55,8.4231,2.9298,-0.4883,-1.709,-3.4181,-4.0284,-1.9532,4.6388,11.963,18.189,19.288
20.508,21.485,23.316,26.734,32.105,36.378,38.209,38.209,39.552,42.116,43.947,41.017,34.181,33.204,35.768,41.627,48.097,56.52,65.432,71.413,80.447,85.086,85.696,97.781,116.34,126.96,137.21,149.42,157.6,168.83,178.11,184.21,191.29,194.46,198.25,190.31,181.65,177.86,180.67,183.23,180.43,171.76,163.7,164.07,182.87,200.08,207.89,228.64,278.45,301.4,344.86,554.09,328.38,-0.4883,-0.61037,-0.4883,-0.24415,-1.3428,-1.9532,-1.0987,0.4883,3.5401,6.4699,12.329,17.09,20.142
22.462,25.758,29.298,32.716,35.279,36.744,40.284,42.36,44.801,51.759,60.305,65.31,66.408,67.507,72.024,78.127,83.743,86.673,91.433,98.514,93.02,95.95,106.33,120.12,128.79,133.06,135.5,147.22,169.32,188.73,202.89,221.32,236.82,240.85,231.33,217.66,199.59,157.48,124.88,153.08,195.56,206.55,212.16,196.91,187.51,188.12,192.02,196.91,197.39,187.51,221.2,454.36,275.28,433.36,22.217,24.171,27.467,27.955,24.903,19.41,14.893,11.963,9.6438,10.376,14.161,20.02
26.124,29.054,27.955,25.758,21.973,19.532,21.729,25.269,27.833,29.176,31.617,32.96,32.716,33.815,35.157,36.012,36.866,37.843,44.069,51.393,62.502,72.634,80.813,80.935,81.423,88.992,98.025,101.2,97.659,93.753,98.514,116.95,134.77,148.81,156.38,164.31,180.91,198.86,208.99,216.32,234.5,253.3,258.43,264.17,262.46,261.73,271.49,290.17,289.56,281.14,412.98,365.61,467.18,519.55,11.963,12.818,14.405,16.48,20.02,24.049,27.223,29.298,30.274,31.007,31.129,31.861
33.082,31.617,30.763,31.007,31.617,32.35,35.401,40.04,44.557,48.83,51.759,51.759,53.713,55.177,57.619,59.084,62.746,67.995,70.681,73.244,74.953,81.057,90.945,97.049,104.37,112.55,117.8,121.83,128.67,133.55,130.38,121.83,121.34,128.42,139.29,163.7,197.39,221.81,223.88,206.06,203.13,207.16,212.9,218.27,211.19,206.06,205.82,219.37,218.39,211.92,212.04,201.06,173.83,344.98,375.62,456.56,488.78,339,241.46,246.83,215.58,231.33,114.02,-10.743,-42.848,-26.49
