0.3848,1.0895,0.91349,0.31832,0.28856,0.35371,0.39264,0.29787,0.14083,0.13051,0.17322,0.30826,0.5884,1.0226,1.4905,2.004,2.1266,1.9173,1.7163,1.4734,1.2344,1.1038,1.1242,1.1218,0.91162,0.9339,0.98406,1.0716,1.0469,0.59526,0.53502,0.49814,0.43233,0.33506,0.33442,0.2398,0.23845,0.20769,0.1868,0.15779,0.17425,0.24219,0.39877,0.85639,2.0481,3.8609,5.6562,5.4962,4.2767,3.7052,3.2181,1.981,1.1738,0.84296,0.38517,0.20485,0.47373,0.39074,0.10843,0.27468,0.49963,0.61921,0.77326,0.85342,0.94924,1.1654
0.88593,0.81082,0.76445,0.78167,0.85097,0.88708,0.90693,0.90409,0.89006,0.88167,0.87752,0.89248,0.94577,0.91034,0.85012,0.79438,0.78295,0.77412,0.74181,0.65867,0.61204,0.61859,0.59946,0.55842,0.47604,0.37621,0.28282,0.2291,0.28462,0.3819,0.50628,0.52597,0.49704,0.7562,1.7206,3.5542,4.4699,4.4173,5.2799,4.2874,3.0018,1.8255,0.50182,0.17127,0.2241,0.29097,0.4051,0.34701,0.34255,0.44102,0.44728,0.43182,0.49631,0.57568,0.76416,0.99713,1.1988,1.4987,1.7402,1.7876,1.6329,1.4711,1.4072,1.3736,1.4256,1.271
0.734,0.75209,0.66235,0.61521,0.64313,0.6456,0.65632,0.66186,0.63176,0.7328,0.63088,0.52702,0.41469,0.55971,0.56971,0.50651,0.42848,0.56654,0.60179,0.65451,0.58649,0.58916,1.1366,0.80137,0.60383,1.3725,2.4272,2.6801,3.5517,3.1665,3.7143,2.1769,1.8513,1.7775,0.91445,0.61822,0.76127,0.97133,0.96873,0.93933,1.0563,1.1429,1.1529,1.2348,1.3899,1.496,1.4269,1.3876,1.3021,1.2866,1.2522,1.2418,1.2045,1.1844,1.1413,1.0759,1.0402,1.0146,1.0116,1.0693,1.0663,1.041,1.05,1.0787,1.0457,1.0312
0.63914,0.58211,0.55955,0.56285,0.5546,0.57694,0.54777,0.54717,0.51824,0.54087,0.26784,0.33971,0.58034,0.78268,0.59886,0.51734,0.4833,0.88537,0.95607,1.2466,1.0162,0.7776,0.85782,1.0895,1.2221,1.8006,1.8829,2.0017,1.5939,1.5768,1.3652,1.0238,0.80458,0.65643,0.53946,0.37232,0.41004,0.39752,0.32313,0.31894,0.42172,0.47773,0.49801,0.50137,0.60829,0.66785,0.66336,0.68179,0.71969,0.69687,0.63372,0.60572,0.60301,0.5526,0.51528,0.51474,0.53312,0.5666,0.49946,0.52632,0.57199,0.60901,0.58126,0.54023,0.51624,0.52084
0.90855,0.8643,0.78943,0.74879,0.78174,0.75494,0.66944,0.60645,0.59614,0.61591,0.53827,0.4624,0.44357,0.41374,0.29561,0.20304,0.15171,0.43922,0.47551,0.43608,0.48073,1.1746,2.2806,3.9667,5.6174,4.9896,5.0438,4.5309,3.1598,1.7344,0.61254,0.25981,0.51461,0.36505,0.32899,0.40928,0.37969,0.16347,0.15653,0.12805,0.23727,0.46406,0.78156,1.0238,1.513,1.8608,1.9387,1.7611,1.6115,1.4917,1.2719,1.108,1.0166,0.94663,1.089,1.0999,1.015,1.151,0.98881,0.87665,0.72225,0.71267,0.78489,0.80684,0.79465,1.1699
1.1127,1.0881,1.1394,0.89903,0.89851,0.89386,0.86662,0.86664,0.89025,0.88737,0.87097,0.8325,0.78796,0.82797,0.84857,0.86026,0.85376,0.93873,0.95616,0.93284,0.90225,0.89831,0.89026,0.90365,0.88943,0.90151,0.90444,0.92311,0.90237,0.8723,0.8509,0.81617,0.8025,0.75833,0.7045,0.66405,0.61622,0.5885,0.55549,0.52378,0.50851,0.50997,0.43148,0.32391,0.1574,0.18454,0.41305,0.70934,0.7616,0.50636,0.49282,0.84142,1.927,4.0329,6.0007,6.6977,6.5864,5.5277,2.6872,1.4431,0.27226,0.55451,0.72712,0.36689,0.31325,0.38818
0.28179,0.21501,0.10615,0.12187,0.15281,0.030514,0.11693,0.28208,0.60799,1.0769,1.7327,2.3563,2.4094,2.088,2.1087,2.113,1.6205,1.2517,1.1332,1.045,0.927,0.98425,0.97654,0.98574,0.96536,1.0022,1.0504,1.0243,0.97829,0.9574,0.97085,0.96632,0.93786,0.94,0.95924,0.98294,0.97149,0.95209,0.93702,0.88735,0.85008,0.8264,0.79784,0.77319,0.7653,0.74366,0.7351,0.73013,0.66503,0.5982,0.56335,0.59606,0.59606,0.47774,0.3122,0.22332,0.18521,0.11938,0.11721,0.27888,0.44369,0.53575,0.36414,0.42499,1.4222,3.5992
5.3562,5.7997,4.4963,4.0231,3.2819,2.1928,1.8641,1.0119,0.36841,0.79941,0.60523,0.23956,0.4065,0.4432,0.47167,0.45895,0.54754,0.75382,0.95852,1.1913,1.4188,1.413,1.2655,1.135,1.1257,1.0691,1.0617,1.0976,1.1082,1.1798,1.2812,1.333,1.1655,1.0977,1.0582,0.99794,0.92322,0.90237,0.92604,0.92196,0.93839,0.934,0.90338,0.90025,0.91128,0.54063,0.46016,0.34149,0.30775,0.20344,0.10619,0.12365,0.30171,0.57557,0.69175,0.63448,0.49741,0.97498,3.0737,5.1671,6.774,5.0222,5.406,4.5599,2.8659,1.2976
0.3848,1.0895,0.91349,0.31832,0.28856,0.35371,0.39264,0.29787,0.14083,0.13051,0.17322,0.30826,0.5884,1.0226,1.4905,2.004,2.1266,1.9173,1.7163,1.4734,1.2344,1.1038,1.1242,1.1218,0.91162,0.9339,0.98406,1.0716,1.0469,0.59526,0.53502,0.49814,0.43233,0.33506,0.33442,0.2398,0.23845,0.20769,0.1868,0.15779,0.17425,0.24219,0.39877,0.85639,2.0481,3.8609,5.6562,5.4962,4.2767,3.7052,3.2181,1.981,1.1738,0.84296,0.38517,0.20485,0.47373,0.39074,0.10843,0.27468,0.49963,0.61921,0.77326,0.85342,0.94924,1.1654
0.97377,0.96668,0.88966,0.83286,0.81744,0.83463,0.81128,0.80659,0.809,0.79343,0.75788,0.73537,0.67762,0.67358,0.67311,0.63583,0.53035,0.38438,0.34129,0.35027,0.28064,0.12263,0.19126,0.35921,0.67522,0.85218,1.6283,2.6889,2.5667,4.487,5.7185,4.5422,3.3515,1.8831,1.2494,0.95117,0.40285,0.31428,0.58866,0.53578,0.31343,0.21445,0.26229,0.19376,0.24243,0.32432,0.40747,0.32522,1.1173,1.24,1.7878,1.9445,1.7796,2.2258,2.7312,2.8335,2.4059,1.9977,1.4835,0.98142,0.6569,0.47323,0.46285,0.45467,0.45612,0.94374
0.94644,0.94862,0.93786,0.90392,0.87217,0.87954,0.8455,0.82073,0.80294,0.82081,0.80125,0.76285,0.72864,0.68864,0.66788,0.67503,0.65557,0.63297,0.53855,0.5191,0.51796,0.60823,0.53036,0.41839,0.31665,0.2617,0.14998,0.11905,0.10558,0.34057,0.91335,1.3311,4.8542,5.2849,5.9658,5.5373,4.7403,3.594,1.681,1.2402,0.76245,0.53963,0.57205,0.73366,0.11618,0.43548,0.40303,0.3289,0.36806,0.28458,0.37455,0.49081,0.67137,0.75487,0.86067,0.89656,1.123,1.2911,1.6544,1.5577,1.6357,1.7651,1.7908,1.8825,1.7922,1.0074
1.0156,0.98784,0.96721,0.95973,0.95195,0.93157,0.90828,0.88773,0.87048,0.86844,0.84572,0.85487,0.86121,0.87894,0.88297,0.86548,0.80965,0.76105,0.79262,0.78347,0.75506,0.71797,0.65622,0.60478,0.59853,0.54173,0.52327,0.51845,0.55292,0.54394,0.28348,0.13162,0.10701,0.18234,0.24128,0.40008,1.1499,0.78304,2.8039,6.6888,4.8282,6.737,4.7223,3.8136,2.1585,1.1896,0.98805,0.41792,0.713,0.92708,0.44964,0.24171,0.5012,0.42278,0.57985,0.53009,0.6138,0.60496,0.73954,0.97743,0.92151,0.88131,0.99698,1.0781,1.1469,0.81424
0.81204,0.84271,0.79143,0.74713,0.74887,0.77517,0.71213,0.61455,0.48603,0.39376,0.34786,0.32134,0.24705,0.11277,0.10397,0.089711,0.12968,0.36935,0.29034,0.3303,0.70102,1.7457,7.0871,4.1228,5.3063,6.2676,4.6044,2.8133,1.6113,1.1746,1.2469,0.62624,0.41952,0.31509,0.61889,0.33229,0.38029,0.39966,0.40259,0.42323,0.53487,0.53721,0.43915,0.70555,0.73886,1.0854,1.1506,1.0604,1.5442,1.6791,1.6791,1.4828,1.9637,2.1692,2.4678,2.2668,1.8652,1.3685,1.1439,1.0266,0.96788,0.81506,0.8048,0.80784,0.3789,0.73326
0.77443,0.73109,0.60472,0.49661,0.45104,0.39656,0.36732,0.32619,0.3297,0.31373,0.17238,0.068113,0.28999,0.49596,0.30948,0.37536,1.9319,3.0971,4.4638,5.908,5.9355,5.083,3.601,2.0025,1.2478,0.78315,0.56715,0.5341,0.54028,0.29679,0.52409,0.42844,0.32378,0.64406,0.64118,0.7043,0.83992,0.65153,0.87239,0.91523,1.0405,0.9619,1.0051,0.94416,1.1183,1.3526,1.325,1.4948,1.4623,1.6252,1.6983,1.8145,1.8478,1.59,1.346,1.2611,1.0926,0.9715,0.94542,1.0461,0.87992,0.61442,0.7707,0.7357,0.52049,0.85965
0.32566,0.71882,1.1271,1.0812,1.1283,0.88856,0.68429,0.73137,0.87079,0.82092,0.668,0.59005,0.57304,0.61255,0.58106,0.58266,0.63145,0.60257,0.45254,0.38784,0.33205,0.3189,0.39911,0.35444,0.20522,0.16712,0.48962,0.78065,1.4037,2.1588,3.3524,4.9254,4.4669,4.7406,3.041,2.4124,1.7577,1.1382,0.40936,0.68578,0.27536,0.18746,0.25159,0.22863,0.20258,0.44647,0.59942,0.69112,0.88149,1.1146,1.3387,1.5355,1.7109,1.7422,1.538,1.5049,1.2893,0.99251,0.91335,0.92306,0.84022,0.88389,0.92258,0.91133,0.74754,0.71869
0.65541,0.6764,0.65432,0.59062,0.53974,0.68211,0.81927,0.83243,0.78564,0.78238,0.84984,0.70138,0.60617,0.46603,0.34219,0.46099,0.65882,1.0468,1.306,1.6464,2.333,2.7214,3.0176,4.5162,4.389,3.3411,2.6922,1.9843,1.1909,0.40436,0.10796,0.16426,0.1085,0.18773,0.15114,0.15573,0.29387,0.44166,0.57118,0.74508,1.0788,1.3538,1.4299,1.5157,1.3566,1.2874,1.1932,1.1836,0.98692,0.91493,1.0052,1.199,1.2126,1.1574,1.1695,1.0153,1.0495,1.1337,1.1513,1.0802,0.96285,0.90026,0.9656,0.92891,0.9626,0.91538
0.88951,0.84316,0.81384,0.77295,0.7623,0.74241,0.72285,0.68914,0.70642,0.6776,0.66275,0.68745,0.71881,0.74904,0.78756,0.80921,0.9008,0.98805,0.93619,0.66837,0.54469,0.42381,0.25798,0.30001,0.33263,0.29419,0.29848,0.55793,0.75812,1.1272,1.6101,2.752,4.0781,5.078,5.4263,3.6932,3.2194,1.8252,1.2275,0.96876,0.25823,0.64862,0.25702,0.12064,0.050877,0.061975,0.21133,0.40281,0.53721,0.72708,0.73914,0.96316,1.277,1.5841,1.72,1.7846,1.767,1.7296,1.4229,1.4229,0.97845,1.0008,0.88718,0.77553,0.792,1.0033
1.0096,0.99746,1.0071,0.95265,0.90881,0.86768,0.81221,0.78016,0.79549,0.77214,0.74049,0.72212,0.71856,0.73857,0.76565,0.71718,0.61597,0.64054,0.64063,0.61337,0.65447,0.67715,0.56091,0.44153,0.39582,0.40039,0.2506,0.10407,0.27791,0.16404,0.4572,1.0322,1.7984,2.2334,2.7542,3.6375,3.9697,4.0537,5.3999,3.1069,2.2935,1.4357,1.5879,0.22158,0.47319,0.51286,0.22822,0.16812,0.30897,0.37691,0.40598,0.42874,0.53944,0.70707,1.0054,1.3311,1.4594,1.8093,1.5792,1.7617,1.4294,1.1747,1.0108,0.79515,0.80068,0.82972
0.83049,0.80929,0.77959,0.72341,0.65746,0.61364,0.62394,0.61143,0.55058,0.57293,0.50081,0.49151,0.56311,0.35389,0.19918,0.221,0.11223,0.17536,0.40392,0.61996,0.93435,1.0466,1.4154,2.4138,4.4073,5.0014,6.2361,4.5094,3.5006,1.9656,1.0682,0.5852,0.58763,0.63832,0.28914,0.082388,0.20852,0.28356,0.25963,0.25904,0.36107,0.41378,0.68465,0.96956,1.2626,1.4338,1.7455,1.8229,1.6752,1.4636,1.2545,0.91323,0.85838,0.87457,0.8476,0.90907,0.97524,1.0428,1.0821,1.1379,1.1907,1.0885,0.99047,0.94765,0.9314,0.93404
0.91158,0.98452,0.95234,0.90025,0.88435,0.96529,0.99405,0.954,0.94008,0.99761,1.0354,1.0414,1.0245,0.9416,0.9309,0.96713,1.0354,1.006,0.90368,0.86869,0.95451,0.91578,0.8756,0.90937,1.0808,1.214,1.2889,1.137,1.1978,1.1473,1.0205,0.87047,0.86532,0.93347,0.96444,0.9413,0.95469,0.92444,0.9043,0.86844,0.85751,0.93948,1.0719,1.101,1.0586,1.0518,1.1303,1.1804,1.1456,1.0579,0.99087,0.95432,0.95127,0.90786,0.88921,0.92998,0.93653,0.94319,0.96096,0.9733,0.9441,0.91818,0.95067,1.0083,1.0227,1.046
1.082,1.0963,1.0585,1.0177,1.037,1.106,1.0129,0.89769,0.85657,0.89947,0.93498,0.92613,0.87989,0.90955,0.94701,0.96123,0.99769,1.0159,1.0373,1.083,1.1168,1.1554,1.1319,1.0892,1.031,0.97448,0.91904,0.87887,0.8555,0.81095,0.86508,0.95443,0.99758,1.0808,1.1263,1.1465,1.2253,1.1997,1.3329,1.1974,1.0863,1.1885,1.2602,1.3163,1.2995,1.2711,1.196,1.1523,1.1753,1.2062,1.1835,1.0986,1.0993,1.0781,1.086,1.1426,1.1524,1.0782,1.0516,1.0618,1.0535,1.0043,0.98446,1.0033,1.0391,1.0365
0.89573,0.89787,0.85903,0.78835,0.77717,0.82345,0.85716,0.86781,0.82929,0.7642,0.7073,0.70236,0.69931,0.65761,0.70008,0.70708,0.65605,0.62531,0.52265,0.33773,0.22735,0.23745,0.27375,0.38767,0.4245,0.51729,0.6942,1.2705,2.811,4.8534,4.66,4.9294,5.0788,3.1711,2.1107,1.6633,0.74989,0.20904,0.58147,0.4804,0.2214,0.14562,0.1893,0.31298,0.40232,0.4954,0.64318,0.83845,1.0139,1.17,1.3767,1.5148,1.5782,1.615,1.6067,1.6267,1.5183,1.3608,1.1311,0.91927,0.78814,0.80619,0.89194,0.92184,1.0211,0.82608
0.84786,0.88498,0.89064,0.87081,0.7896,0.6985,0.60997,0.54335,0.48069,0.4197,0.37407,0.40753,0.46635,0.4573,0.40262,0.33997,0.29582,0.27947,0.31138,0.26769,0.24203,0.38489,1.1017,2.3767,2.9305,3.5747,3.6779,3.8078,3.4175,3.2369,2.0884,1.4074,0.95142,0.51071,0.32586,0.31403,0.42111,0.6239,0.7803,0.92325,0.98752,1.0525,1.106,1.1508,1.1731,1.2398,1.3109,1.3678,1.3003,1.2262,1.1389,1.066,0.98557,0.9217,0.89449,0.94337,0.98387,1.0256,1.1286,1.1683,1.1353,1.105,1.0351,0.90553,0.90145,0.93791
0.90461,0.86654,0.84995,0.87078,0.90897,0.90607,0.85639,0.79066,0.73308,0.76688,0.84195,0.90237,0.90917,0.85305,0.77202,0.77202,0.70256,0.65554,0.5947,0.51923,0.37566,0.34396,0.38059,0.38728,0.42567,0.29287,0.136,0.15779,0.3401,0.58813,0.85776,0.99497,1.9781,3.6727,4.8198,4.5225,4.3875,3.8511,2.5112,1.8021,1.0616,0.34718,0.26508,0.2867,0.21199,0.19896,0.24446,0.25939,0.34825,0.46475,0.54663,0.73578,0.83071,1.0676,1.3105,1.5476,1.6525,1.6683,1.6853,1.699,1.6268,1.4817,1.2508,1.0829,1.0293,1.0263
0.9758,0.95033,0.92667,0.91982,0.92959,0.9136,0.87501,0.8372,0.78187,0.77042,0.75804,0.73608,0.69676,0.68301,0.66548,0.63527,0.61584,0.58187,0.5547,0.48806,0.37225,0.28354,0.16413,0.11812,0.22097,0.33542,0.38945,0.65471,1.0082,1.3376,2.0982,4.0877,4.8291,4.4445,5.0131,3.429,2.7854,1.6552,0.67141,0.32868,0.33087,0.42879,0.44046,0.34279,0.34278,0.43297,0.49656,0.55068,0.71711,0.89446,1.0664,1.2328,1.5035,1.5717,1.5616,1.534,1.5377,1.5496,1.4688,1.464,1.3792,1.2382,1.1302,1.2196,1.185,0.73835
0.7291,0.72125,0.68985,0.63929,0.5935,0.57356,0.5691,0.58187,0.54885,0.5667,0.5885,0.49705,0.42951,0.28112,0.16125,0.13323,0.20258,0.37113,0.68692,1.3726,2.2134,3.7964,4.6598,4.2767,4.5838,3.7114,2.558,1.7674,0.71896,0.11749,0.25779,0.36167,0.35525,0.31707,0.32509,0.38663,0.47541,0.56783,0.6385,0.76929,0.96762,1.2058,1.4081,1.5227,1.7472,1.6775,1.6061,1.5457,1.4529,1.2964,1.1999,1.0504,0.92302,0.84839,0.8634,0.87394,0.828,0.84315,0.90042,0.96801,0.96489,0.93897,0.8188,0.70522,0.69177,0.94048
0.88593,0.81082,0.76445,0.78167,0.85097,0.88708,0.90693,0.90409,0.89006,0.88167,0.87752,0.89248,0.94577,0.91034,0.85012,0.79438,0.78295,0.77412,0.74181,0.65867,0.61204,0.61859,0.59946,0.55842,0.47604,0.37621,0.28282,0.2291,0.28462,0.3819,0.50628,0.52597,0.49704,0.7562,1.7206,3.5542,4.4699,4.4173,5.2799,4.2874,3.0018,1.8255,0.50182,0.17127,0.2241,0.29097,0.4051,0.34701,0.34255,0.44102,0.44728,0.43182,0.49631,0.57568,0.76416,0.99713,1.1988,1.4987,1.7402,1.7876,1.6329,1.4711,1.4072,1.3736,1.4256,1.271
1.3861,1.3719,1.2153,1.1125,0.86148,0.65613,0.6226,0.70659,0.79508,0.86396,1.0534,1.0024,0.98932,0.93125,0.88757,0.89222,0.93725,0.99915,1.1075,1.2407,1.3684,1.3497,1.2459,1.221,1.1794,1.1535,1.0902,0.99046,0.86323,0.82646,0.85243,0.86613,0.86781,0.89461,0.98188,1.037,1.0732,1.1073,1.1385,1.1492,1.1488,1.1094,1.0546,1.039,1.0241,0.98676,0.95238,0.91753,0.90343,0.92656,0.94354,0.95534,0.9995,1.0126,1.0202,1.0327,1.0574,1.0841,1.1053,1.0869,1.0719,1.0509,1.0599,1.0424,1.0448,1.0448
1.046,1.018,0.97359,0.95459,0.94799,0.94173,0.96044,0.97719,0.96759,0.97117,0.94361,0.95507,0.97148,0.98152,0.98359,0.9467,0.93872,0.92883,0.92202,0.92375,0.9534,0.96508,1.0018,1.0214,1.0322,1.014,0.98722,0.96378,0.89542,0.89721,0.82759,1.1566,1.2585,1.0673,1.0371,1.041,1.0369,1.0238,1.0327,1.0416,1.0873,1.0122,1.0838,1.0768,1.0002,1.058,1.1255,1.2148,1.168,1.1987,1.123,1.1617,1.2328,1.1832,1.1171,1.1264,1.1414,1.1428,1.0309,0.99354,1.0073,1.1613,1.2027,1.1809,1.2757,1.304
0.82556,0.81511,0.77196,0.76843,0.78229,0.77764,0.7986,0.81479,0.80422,0.80881,0.82066,0.81179,0.78431,0.76744,0.77468,0.80232,0.73003,0.63737,0.56795,0.52075,0.56556,0.55873,0.58553,0.56423,0.54142,0.58085,0.60106,0.55608,0.62612,0.69245,0.77617,0.74011,0.82181,0.70349,0.81465,0.83111,1.3997,2.1794,2.4639,2.6899,2.8047,2.6367,2.9378,2.8432,2.7298,1.9094,1.4311,1.3438,1.2831,1.1192,1.1656,1.3866,1.3397,1.2552,1.2376,1.209,1.2633,1.3653,1.4065,1.3947,1.3596,1.3843,1.5016,1.5529,1.4991,1.472
0.66259,0.65314,0.66483,0.61463,0.58,0.57546,0.58611,0.55713,0.53121,0.52539,0.52701,0.53217,0.52785,0.50305,0.48961,0.52243,0.53289,0.50641,0.48174,0.46213,0.49607,0.37742,0.58663,0.58532,0.72872,1.0157,1.1909,1.2732,1.6365,2.7513,3.458,3.3739,3.2188,2.6331,1.8943,1.3903,1.342,1.87,2.1637,1.7435,1.7947,2.0065,2.0225,2.2234,2.0549,1.9193,2.045,2.132,1.9152,1.8325,1.7371,1.6337,1.6291,1.5819,1.5279,1.4785,1.4651,1.4375,1.4131,1.502,1.5394,1.553,1.585,1.63,1.6186,1.551
0.75553,0.78122,0.80153,0.74787,0.70589,0.6911,0.68133,0.68154,0.65169,0.65563,0.6192,0.59668,0.63677,0.69452,0.79532,0.86738,0.81614,0.77117,0.73389,0.50705,0.67455,0.65917,0.74475,0.98929,1.4746,2.0935,2.4173,2.9245,3.582,2.9501,2.3625,2.4917,2.0081,1.3341,0.99873,1.1857,1.2314,1.2508,1.14,1.1916,1.2996,1.2909,1.1131,1.1309,1.2782,1.3346,1.3266,1.3389,1.374,1.3454,1.3369,1.3366,1.3639,1.3866,1.356,1.3342,1.3391,1.3673,1.3288,1.2622,1.215,1.1636,1.0744,1.1001,1.0404,0.92853
0.85456,0.81348,0.79646,0.76449,0.75343,0.74056,0.72598,0.69562,0.69556,0.69868,0.70331,0.70556,0.65788,0.66492,0.66375,0.64566,0.64781,0.56904,0.25175,0.37037,0.72038,1.0722,1.2186,1.4358,1.1798,0.96007,1.114,1.9095,2.8342,5.1419,4.4453,4.176,3.1488,2.2478,1.7026,2.8788,3.214,2.0198,1.6194,1.4242,1.2503,1.1497,1.0912,1.445,1.6906,1.8181,1.9647,2.0082,2.0003,2.0328,2.1385,2.0453,1.9113,1.8033,1.7558,1.7233,1.5585,1.498,1.4719,1.4584,1.5095,1.4769,1.4606,1.458,1.4378,1.416
0.77849,0.71657,0.70355,0.72523,0.69948,0.62716,0.56196,0.51231,0.55245,0.55215,0.66388,0.69516,0.66624,0.71012,0.84294,0.85796,0.76996,0.66693,0.65484,0.61555,0.59241,0.51381,0.60491,0.64695,0.81622,0.90372,1.2529,1.317,1.6742,2.271,2.8262,2.9335,2.8026,2.5292,2.0933,1.8357,1.3554,1.0645,1.2861,1.5705,1.6892,1.7775,1.9759,1.9949,1.8939,1.8571,1.7071,1.7113,1.7962,1.7236,1.6477,1.592,1.5093,1.5295,1.5771,1.5528,1.5442,1.5753,1.5099,1.5179,1.5355,1.5267,1.4609,1.4093,1.4484,0.82422
0.8085,0.78755,0.74966,0.7182,0.73535,0.75721,0.78882,0.78847,0.71917,0.65566,0.52199,0.53069,0.4727,0.59371,0.67901,0.59454,0.90714,0.67339,0.14851,0.68629,1.5647,1.5293,0.73775,0.71783,1.5381,3.3428,1.5874,1.9985,2.0098,1.8043,1.3946,0.93936,0.70316,0.75796,1.5557,0.38338,0.26235,0.52547,0.3237,0.2576,0.25029,0.25354,0.20081,0.25421,0.25903,0.27957,0.23978,0.46291,0.62082,0.71532,0.75766,0.71304,0.95572,1.0344,0.86667,0.89424,0.42577,0.25587,0.23083,0.20271,0.25964,0.33541,0.36217,0.32752,0.27847,0.23643
0.78042,0.79483,0.829,0.77597,0.74989,0.72176,0.72176,0.69024,0.63544,0.68855,0.71192,0.76931,0.78489,0.72761,0.64286,0.62382,0.69358,0.67432,0.61808,0.55522,0.54996,0.60422,0.56545,0.53209,0.58158,0.76574,0.78192,0.90827,1.2508,2.0967,2.3303,2.6766,2.9054,3.0641,2.6486,2.0848,1.8253,1.7635,1.3993,1.1017,1.0274,1.164,1.278,1.3631,1.5221,1.8587,1.7725,1.6266,1.6703,1.7971,1.8131,1.807,1.7211,1.5837,1.4808,1.4675,1.4382,1.3926,1.4328,1.4196,1.4116,1.4796,1.5279,1.4217,1.2346,1.1178
0.94591,0.93663,0.92608,0.91954,0.91082,0.88113,0.87857,0.87132,0.85564,0.84875,0.83282,0.80033,0.82515,0.77985,0.76956,0.76625,0.77386,0.76389,0.7383,0.75172,0.76813,0.78476,0.83468,0.9564,1.0352,1.1222,1.2207,1.2698,1.2297,1.0592,0.92623,0.98204,3.4211,5.0162,5.3203,7.7054,6.9835,3.7287,0.8403,1.2271,1.1287,1.9531,1.5128,1.0334,0.86296,0.89138,1.0043,0.9538,0.96281,1.028,1.2674,1.6166,1.9444,2.0699,1.9885,1.6952,1.4568,1.2201,1.4723,1.571,1.3031,1.0206,0.75332,0.89908,0.99076,0.89841
0.88812,0.89183,0.8774,0.86613,0.8477,0.84844,0.84884,0.85064,0.83613,0.81559,0.81496,0.79443,0.77175,0.76447,0.77153,0.84303,0.86657,0.89776,0.89593,0.96018,0.94287,0.94034,0.99582,0.94348,0.925,1.0391,0.79157,0.32254,1.4514,2.9154,3.7361,4.5375,2.7064,2.8487,4.5712,4.1926,2.169,1.3877,1.036,1.0916,1.1396,1.0456,1.0595,1.057,0.84251,0.90103,0.88572,0.95162,1.0028,1.0673,1.275,1.4269,1.5664,1.5573,1.3658,1.1152,0.95769,0.97972,1.0493,1.1638,1.6113,0.06951,0.31409,0.87482,0.71654,0.6806
0.47981,0.42504,0.40011,0.31286,0.20149,0.71116,0.74289,0.68611,0.66085,0.61237,0.56753,0.70089,0.82605,1.0211,1.3279,1.5303,1.6298,1.5484,1.1745,0.85853,0.76641,0.71531,0.63873,0.67426,0.68644,0.69509,0.67501,0.71873,0.75646,0.87193,0.98101,1.0833,5.2007,5.2007,5.5382,4.355,4.0223,7.0184,2.2568,0.56806,0.89688,1.3176,1.7161,1.3513,0.86807,0.69653,1.0018,1.1305,1.0756,1.0776,1.1689,1.1153,1.1306,1.0756,1.0852,1.1806,1.3913,1.5898,1.5769,1.2327,0.93348,0.69995,0.62919,0.54908,0.6306,0.80723
0.78787,0.61855,0.50367,0.44548,0.34125,0.35545,0.27325,0.33589,0.46972,0.60338,0.64735,0.6711,0.60329,0.49906,0.5631,0.72809,1.0263,1.4486,1.8424,1.9281,1.8614,1.4515,0.96843,0.68922,0.70509,0.66306,0.61582,0.68019,0.75612,0.75514,0.75159,0.78292,6.1445,8.249,8.5056,5.4938,1.0705,1.2709,1.809,1.3485,1.1586,0.89402,0.91885,0.89123,0.80314,0.88181,0.86642,0.83007,0.7357,0.70438,0.68963,0.99625,1.6488,2.4095,2.6969,2.1075,1.712,1.4473,1.3123,1.001,0.78794,0.60087,0.65601,0.81412,0.89313,0.75927
0.55256,0.52705,0.55614,0.51472,0.31664,0.26019,0.34728,0.42812,0.44976,0.4591,0.47444,0.54229,0.60866,0.68958,0.9247,1.2881,1.543,1.7262,1.6386,1.3574,0.99035,0.65648,0.58519,0.60685,0.65285,0.69135,0.72061,0.67442,0.6573,0.73667,0.81824,0.8947,4.3304,4.8775,4.2006,5.5357,6.0391,2.0997,0.58945,0.6052,1.3448,1.0007,0.75338,0.67803,0.79241,0.79271,0.8708,0.82504,0.87924,1.0398,1.2742,1.5035,1.4604,1.3188,1.2883,1.1154,1.0897,1.2485,1.2098,1.0426,0.72546,0.79031,0.77961,0.83017,0.80954,0.72883
0.71528,0.71095,0.81373,0.79245,0.74972,0.67207,0.70568,0.62639,0.55768,0.39087,0.2908,0.16859,0.38822,0.48553,0.56664,0.61441,0.70043,0.64009,0.61481,0.8338,1.1691,1.4912,1.6814,1.6953,1.4488,1.1724,0.85591,0.74856,0.67982,0.6513,0.66133,0.70411,4.7244,5.1709,6.3727,5.5098,1.5845,0.40921,1.0368,1.1712,1.0144,0.83609,0.73504,0.80597,0.82474,0.79269,0.71943,0.69141,0.74204,1.0107,1.3348,1.5976,1.7741,1.3936,1.1535,1.2258,1.2128,1.1505,1.0231,0.87723,0.69774,0.69897,0.65831,0.68982,0.69245,0.73727
0.88088,0.89753,0.78024,0.72684,0.76334,0.75922,0.63429,0.32407,0.2737,0.36441,0.42451,0.59463,0.61179,0.65855,0.56572,0.57925,0.52502,0.6906,1.089,1.4303,1.6186,1.5958,1.4119,1.0145,0.78447,0.68058,0.63891,0.7382,0.81021,0.83069,0.80286,0.73782,4.0687,4.4214,3.9802,5.9335,5.4282,1.4569,0.4162,0.68274,1.3621,1.035,0.74518,0.71585,0.74487,0.7472,0.81913,0.8916,0.95792,1.0805,1.234,1.2303,1.2613,1.239,1.2282,1.1719,1.0583,0.95751,0.89778,0.78474,0.62683,0.56414,0.5594,0.54611,0.81246,0.921
0.80229,0.61902,0.60385,0.76396,0.61886,0.82386,0.9067,0.95,0.80492,0.48819,0.41386,0.34047,0.53922,0.70174,0.71436,0.74702,0.71712,0.7454,0.69639,0.75649,0.99738,1.4147,1.654,1.7107,1.4052,0.9604,0.64302,0.60785,0.70846,0.7232,0.70004,0.70122,3.4046,0.62689,0.65536,0.98735,1.3266,0.99021,0.75974,0.73994,0.82573,0.7778,0.76448,0.73141,0.66328,0.68873,0.93503,1.3024,1.6439,1.6506,1.4643,1.3654,1.2526,1.0053,0.83863,0.73234,0.58147,0.58324,0.79817,0.90832,0.9371,0.96727,0.66365,0.33888,0.59164,0.76037
0.9472,0.88272,0.55478,0.40118,0.41609,0.46684,0.49006,0.51963,0.52571,0.62071,0.6569,0.58999,0.68865,0.93029,1.2025,1.3676,1.415,1.3852,1.1214,0.83668,0.68982,0.66858,0.68436,0.7101,0.68064,0.6479,0.66608,0.68258,0.72264,0.78429,0.88572,0.773,4.8726,4.3201,3.3463,3.3175,4.1614,2.1089,0.69593,0.62955,0.68436,0.91227,0.71913,0.7546,0.92638,1.0333,1.0727,1.2418,1.123,1.2736,1.1042,0.90298,1.1301,1.249,1.0286,1.0813,1.016,0.97437,0.8421,0.7447,0.72534,0.66727,0.554,0.62253,0.57097,0.65957
0.72804,0.72547,0.74035,0.77188,0.61257,0.64314,0.91363,1.0401,1.1714,1.0524,0.77702,0.44624,0.43455,0.52359,0.61759,0.68267,0.7659,0.77636,0.70127,0.61118,0.51988,0.5704,0.84982,1.2512,1.7079,1.7406,1.5551,1.0721,0.78031,0.77265,0.70211,0.70848,3.0314,4.9583,4.7651,3.8559,1.7875,3.0556,4.7237,2.9014,1.1218,0.70108,0.77857,1.1171,1.2173,1.1957,1.0975,0.97525,1.0498,1.0301,0.97256,0.98783,1.0109,1.0792,1.0323,1.1093,1.1604,1.1725,1.1756,1.1123,0.96695,0.99215,1.0103,0.88971,0.6758,0.49862
0.47376,0.64252,0.90135,0.88743,0.68258,0.56431,0.48998,0.71758,0.78955,0.8252,0.58452,0.31827,0.2431,0.68705,0.58342,0.61576,0.63601,0.69028,0.71744,0.72318,0.77593,0.94421,1.3205,1.588,1.5745,1.3813,1.093,0.80852,0.7035,0.71575,0.73319,0.71704,4.3289,2.7753,1.7477,2.05,3.0128,2.2183,1.7805,1.165,1.0213,1.2486,1.2777,1.1561,0.99491,0.96377,0.98919,0.94862,0.91774,0.88686,0.90432,0.96423,1.0463,1.1673,1.2735,1.3229,1.317,1.3074,1.1215,1.0416,0.90602,0.88878,0.91081,0.9237,0.87557,0.79878
0.64019,0.72998,0.58693,0.44616,0.57895,0.6992,0.56865,0.38454,0.21325,0.31597,0.35542,0.41998,0.5543,0.651,0.76937,0.85338,1.0094,1.1893,1.3265,1.4273,1.4502,1.2886,1.0321,0.79245,0.63906,0.60702,0.67124,0.73524,0.74663,0.71124,0.66174,0.62782,3.2023,4.0235,3.5629,4.8379,3.5725,1.8632,0.8414,1.0448,0.96492,0.86856,0.7745,0.74019,0.75158,0.79598,0.82719,0.92149,0.94239,0.92486,0.99396,1.0988,1.1383,1.0658,0.97746,0.9468,1.0108,0.94262,0.73658,0.69794,0.7601,0.8217,0.77626,0.72724,0.84182,0.86385
0.96438,1.0056,0.81904,0.56001,0.71937,0.88184,0.64413,0.43082,0.34789,0.5122,0.36404,0.65733,0.65148,0.6152,0.65016,0.7188,0.64933,0.77552,1.0618,1.409,1.6072,1.5562,1.2296,0.92665,0.73011,0.70877,0.67565,0.72121,0.69114,0.65533,0.67116,0.68338,3.9636,4.5356,5.8886,6.7856,2.8795,1.1885,0.45196,0.92929,1.1418,1.0709,0.83308,0.7035,0.69358,0.69072,0.65753,0.64978,0.707,0.84017,1.0792,1.228,1.4828,1.3552,1.1043,0.95091,0.99683,0.9955,0.77308,0.64635,0.64727,0.73796,0.84015,0.86254,0.79313,0.80125
0.91364,0.81592,0.63158,0.48707,0.87041,1.3183,1.4001,1.1178,0.94139,0.85781,0.54541,0.47327,0.35413,0.48703,0.7671,0.8584,0.81224,0.73537,0.70555,0.67779,0.48796,0.46539,0.78014,1.2785,1.7014,1.7238,1.5553,1.1938,0.88471,0.77841,0.80698,0.78413,6.1175,7.894,7.8499,4.3419,0.72167,1.359,1.0682,1.2941,1.0998,0.94565,0.82721,0.79845,0.80504,0.75933,0.82719,0.81176,0.69805,0.61604,0.86134,1.2585,1.8198,2.2373,2.2035,1.6523,1.2586,0.85162,0.67379,0.69949,0.62986,0.60134,0.87612,1.1394,1.1286,0.91034
0.88288,0.6765,0.58844,0.86314,1.2641,1.2867,0.9185,0.65325,0.53671,0.35996,0.35167,0.63907,0.79724,0.79964,0.79771,0.67915,0.51256,0.53082,0.84524,1.199,1.5476,1.6027,1.4956,1.2647,0.97157,0.7546,0.70536,0.70949,0.76043,0.77101,0.74048,0.71834,4.995,3.3663,2.8202,5.0336,5.7415,3.0393,1.4459,1.1478,0.9908,0.42228,1.0736,0.91756,0.86984,0.99176,1.0727,1.0788,1.1478,1.0717,0.92713,1.0206,1.1113,1.1347,1.1854,1.2244,1.0895,1.0356,0.95473,0.79507,0.56638,0.53119,0.4984,0.84803,0.89167,0.88619
0.65109,0.55683,0.8404,0.99581,0.95319,0.89794,1.0403,1.1715,1.0895,0.93526,0.70891,0.47388,0.19552,0.38784,0.63317,0.79102,0.86676,0.82484,0.74359,0.71182,0.74745,0.87259,1.2068,1.6498,1.8997,1.7857,1.4689,1.0365,0.63344,0.49999,0.58568,0.71472,2.0542,1.508,0.79815,0.55012,0.99506,1.9498,2.6033,1.7481,0.61123,1.0984,1.459,1.8504,2.1484,1.9697,1.6524,1.3845,1.0404,0.92347,1.0854,1.0081,0.83516,0.76609,0.82944,0.91337,0.9203,0.87698,0.90722,0.9295,0.98642,0.98948,1.0989,1.0409,0.76395,0.53126
0.63983,0.85524,0.78545,0.68757,0.59023,0.47567,0.39879,0.4262,0.58615,0.68974,0.72859,0.71491,0.75669,0.81317,0.90023,1.1018,1.3268,1.4733,1.3321,1.1087,0.91082,0.74986,0.59096,0.58902,0.67884,0.71183,0.74682,0.75281,0.7491,0.80114,0.78944,0.80187,4.291,5.8315,6.244,3.7943,1.965,1.0204,1.0617,0.80685,0.74923,0.69232,0.83441,0.95935,0.64079,0.84491,0.84404,0.97754,0.88351,0.94371,1.0201,1.0131,1.0436,1.3436,1.3846,1.1945,1.0372,0.99045,0.67978,0.55883,0.46261,0.53044,0.33398,0.36645,0.4068,0.42091
0.47111,0.42185,0.31365,0.23035,0.22581,0.29199,0.28003,0.3073,0.36308,0.30051,0.32063,0.3975,0.34984,0.32082,0.32673,0.33134,0.28069,0.27129,0.32449,0.35172,0.50271,0.56385,0.61441,0.53307,0.4477,0.4497,0.50273,0.61848,0.66932,0.72414,0.84145,0.97709,6.6957,5.8447,4.0159,2.9761,1.0508,1.4147,1.2561,0.79638,0.69608,0.80858,0.85261,1.0382,1.0791,0.82252,0.80144,1.0353,1.1359,1.3655,1.5224,1.5861,1.7925,1.9927,1.9751,1.9756,1.7321,1.5366,1.3393,1.4355,1.5529,1.4888,1.2946,1.3575,1.3694,1.181
1.1236,0.99144,0.90362,0.85343,0.85429,0.86353,0.88369,0.8771,1.0002,1.0219,1.0393,1.1781,1.0982,1.0857,0.9973,0.9634,0.9903,1.076,1.1535,1.2044,1.2144,1.225,1.3017,1.3351,1.3189,1.3041,1.4732,1.4403,1.4627,1.4322,1.4375,1.436,6.6252,5.5324,5.8044,3.7318,3.1118,1.45,0.96456,0.84629,0.86624,1.0772,1.1036,1.0962,0.95471,0.79766,0.80843,0.94444,1.0834,1.1873,1.267,1.2979,1.2,1.0021,1.1201,1.1174,0.93564,0.8522,0.8254,0.91987,0.92281,0.89135,0.83692,0.77541,0.49341,0.46214
0.65382,0.6332,0.96182,1.1949,1.1825,1.0195,0.86947,0.94134,1.0569,1.4285,1.4925,1.0285,0.40644,0.44606,0.58957,1.2321,0.78009,0.84908,0.92244,0.92726,0.76551,0.59309,0.38679,0.58493,1.0335,1.5655,1.8133,1.854,1.6321,1.1891,0.90859,0.78115,3.8262,1.3363,1.4075,2.5827,3.2791,1.4201,0.64367,0.49997,0.62621,0.87388,1.2153,1.6837,1.8425,1.7228,1.5416,1.3745,1.1419,1.0361,0.98426,0.89571,0.78214,0.70625,0.69716,0.72926,0.77294,0.73209,0.7236,0.65204,0.61865,0.58374,0.4945,0.50715,0.55412,0.62148
0.617,0.54415,0.53133,0.63002,0.77443,0.79721,0.81903,0.88255,0.90916,0.94125,0.96243,1.0746,1.1046,1.01,0.83886,0.74462,0.71127,0.48761,0.85383,0.94108,0.90032,0.79888,0.74122,0.68054,0.6099,0.47131,0.30854,0.76669,1.295,1.701,1.6408,1.3663,5.1964,3.9515,2.0834,2.3603,3.7397,3.937,2.0437,0.71876,0.57193,0.33912,0.28059,1.1189,1.5419,1.2384,0.98108,0.85299,0.77702,0.79668,0.91244,0.98655,0.86844,0.84319,0.88549,0.94054,0.94183,0.96521,0.99342,0.92573,0.74548,0.60577,0.55836,0.43799,0.46636,0.48009
0.48542,0.61838,0.78725,0.83822,0.80297,0.81417,0.85483,0.9485,0.98144,0.93753,0.96384,1.0039,0.78756,0.60593,0.38401,0.30224,0.44713,0.67566,0.81765,0.82907,0.75047,0.6809,0.6119,0.39436,0.47636,0.99515,1.4539,1.6655,1.633,1.3982,0.96815,0.70941,4.4403,5.1922,2.9378,1.5009,2.5938,3.4419,2.4962,1.2253,0.65974,0.59152,1.0053,1.0567,1.0994,1.1482,1.1444,1.097,1.0947,1.1056,1.0448,1.0358,0.99211,0.986,1.007,1.039,1.0538,0.97709,0.89752,0.74462,0.62552,0.5349,0.48749,0.43834,0.48803,0.56423
0.67394,0.78841,0.76555,0.68079,0.65451,0.67108,0.73929,0.81624,0.96533,1.0635,1.0484,1.005,0.76994,0.44694,0.37786,0.51129,0.67608,0.79318,0.82798,0.72437,0.60943,0.52923,0.4491,0.43611,0.62023,1.0456,1.4616,1.7516,1.6756,1.3564,1.0387,0.79403,3.6969,3.4886,4.7493,6.502,3.5811,1.8833,0.51171,0.55166,1.073,0.88213,0.92888,0.95759,0.98003,0.97557,0.99133,1.0045,1.0219,1.0421,1.0554,1.1109,1.1887,1.1975,1.1773,1.1466,1.1722,1.2484,0.94755,0.68385,0.54524,0.54535,0.52856,0.45749,0.39246,0.46859
0.50465,0.50431,0.5465,0.62231,0.7156,0.72768,0.85068,0.9577,1.1336,1.2164,1.3198,1.0319,0.65331,0.34779,0.62342,0.72938,0.80236,0.85568,0.84248,0.89136,0.84055,0.76555,0.61845,0.40513,0.58432,0.97074,1.573,1.938,2.0325,1.7882,1.246,0.97097,5.0969,3.3217,1.7321,1.8653,2.4658,2.0111,1.3489,1.0609,1.1337,0.90516,1.0909,1.2815,1.5594,1.5073,1.3737,1.2138,0.99682,0.93443,0.91307,0.77783,0.76193,0.765,0.78593,0.85983,0.85467,0.86603,0.72166,0.66768,0.74822,0.86258,0.88172,0.90834,0.98346,1.0097
0.76333,0.4821,0.41394,0.3472,0.26321,0.38086,0.43358,0.5199,0.52375,0.51021,0.49978,0.54901,0.62873,0.8481,1.151,1.3965,1.5337,1.4757,1.2295,0.89854,0.65764,0.53414,0.50852,0.5227,0.5748,0.60659,0.63694,0.6778,0.7353,0.77585,0.89351,0.91455,5.1765,4.8818,4.2951,3.7255,1.8472,0.80951,1.0275,1.0566,1.3371,1.1446,0.75865,0.61781,0.80328,1.0286,1.1279,1.286,1.2427,1.053,0.95132,1.0271,1.1099,0.98153,0.88718,0.92879,1.0514,1.045,0.81366,0.68657,0.68486,0.51524,0.56022,0.67505,0.75282,0.8382
0.80193,0.63423,0.59686,0.57234,0.57657,0.72896,0.90391,1.0408,1.1619,1.2056,1.0862,0.87915,0.58712,0.30046,0.30943,0.64351,0.95239,0.78234,0.73272,0.66025,0.6103,0.55425,0.46982,0.80864,1.1061,1.4627,1.7966,1.8268,1.5881,1.2376,0.88863,0.71961,4.3438,4.9614,4.238,3.5059,4.2562,4.6318,1.9976,1.1745,0.63765,0.7688,0.78856,0.9701,0.91735,0.95004,1.0522,1.1515,1.1862,1.0994,0.99606,0.97772,1.0543,1.0966,0.90288,0.88223,1.0479,1.1206,1.1264,1.1166,1.0588,0.84801,0.68161,0.583,0.53826,0.46908
0.39274,0.39873,0.51213,0.6715,0.79544,0.86733,0.8064,0.80263,0.83483,0.8857,0.95972,1.0378,0.81297,0.50209,0.34995,0.44454,0.65619,0.62481,0.63576,0.64752,0.6489,0.64429,0.65412,0.78883,0.99565,1.2942,1.5502,1.6381,1.4588,1.1695,0.91726,0.75085,4.0994,4.6312,4.0902,3.9893,5.2777,4.88,2.2894,0.52723,0.39249,0.76122,0.79053,0.88438,0.86353,1.0123,1.0952,1.0141,1.0688,1.0827,1.0324,0.89856,0.90299,0.99281,0.99309,0.97394,1.0019,1.0856,1.0645,1.1029,0.99589,0.79642,0.64132,0.51137,0.43031,0.48165
0.53778,0.68118,0.68385,0.72123,0.64797,0.5571,0.47455,0.43279,0.63725,0.83575,0.91547,0.90671,0.77009,0.37731,0.3415,0.43399,0.59452,0.67894,0.77785,0.89174,0.86004,0.69084,0.55574,0.56463,0.66958,0.9887,1.4214,1.7318,1.6085,1.315,0.99167,0.85399,3.9026,2.7596,4.7168,6.2191,4.5959,1.7907,0.5737,0.84636,0.99567,0.95712,0.74684,0.70518,0.70384,0.71996,0.80467,0.85645,0.89086,0.98539,1.0322,1.0606,1.0901,1.0969,1.086,0.89999,0.85789,0.71698,0.6553,0.67489,0.65452,0.65418,0.6839,0.62292,0.64223,0.71805
0.7781,0.69788,0.6625,0.7033,0.76872,0.88866,1.0845,1.27,1.2313,1.008,0.46888,0.41244,0.40272,0.62506,0.7727,0.7527,0.6771,0.72283,0.70421,0.57386,0.49228,0.51428,0.70966,1.2302,1.5978,1.6004,1.4858,1.2091,0.86749,0.63989,0.63173,0.57363,4.4594,3.0872,1.9251,2.0456,3.6882,3.7512,2.062,1.3292,0.85186,0.75996,0.84974,0.86344,0.98617,0.96061,1.0075,1.0703,1.1135,1.0971,0.97028,0.93381,0.95007,0.9344,0.9979,1.0758,1.0385,1.0546,1.0237,0.85559,0.73565,0.63468,0.49203,0.3814,0.43105,0.50967
0.55175,0.62815,0.53019,0.34477,0.39277,0.51063,0.62053,0.68511,0.8339,0.86287,0.93505,1.0975,1.2476,1.3081,1.1299,0.66316,0.45868,0.54545,0.56195,0.6845,0.80731,0.86694,0.84417,0.69235,0.48014,0.55288,0.66808,0.97672,1.411,1.6521,1.7199,1.5109,3.9242,3.0358,4.3423,5.1536,4.0678,1.692,1.0885,0.68253,0.67905,0.8438,0.75417,0.71267,0.70526,0.70394,0.79384,0.94983,1.145,1.1417,1.0053,1.0069,0.95859,0.90988,0.87663,0.76296,0.62294,0.6195,0.60921,0.63467,0.8394,0.97763,0.85549,0.76114,0.66991,0.47527
0.36951,0.44254,0.59636,0.83382,0.90933,0.80003,0.66286,0.50508,0.63451,0.74418,0.89769,0.99349,1.0573,0.90748,0.60072,0.34046,0.42977,0.55163,0.64221,0.73171,0.7588,0.75187,0.75746,0.70674,0.63539,0.56308,0.49162,0.61047,1.1812,1.6022,1.7782,1.723,3.2235,1.0571,1.0555,1.0646,1.0719,1.0731,1.0612,1.033,1.0737,1.0378,1.0323,1.0375,1.0483,1.0418,1.0424,1.0447,1.0348,1.0329,1.0302,1.0438,1.0331,1.0283,1.0156,1.0194,1.0224,1.0082,0.99841,0.99725,0.99506,1.0046,0.98487,0.9815,0.97125,0.97496
0.95465,0.93074,0.90358,0.91899,0.96874,0.92936,0.90072,0.90082,0.88343,0.87591,0.86181,0.86009,0.85211,0.85461,0.81854,0.77338,0.77193,0.7654,0.80445,0.79545,0.85075,0.89319,0.84079,0.83954,0.88033,0.95722,0.83299,1.2299,1.0097,0.71936,0.54829,1.9455,1.0468,1.0455,1.059,1.0519,1.0476,1.0529,1.0621,1.051,1.0534,1.0599,1.0603,1.0635,1.0544,1.0584,1.0419,1.0689,1.0707,1.0252,1.0376,1.0265,1.0427,1.031,1.0205,0.99246,0.98334,0.99199,1.0086,1.019,0.98186,0.98835,0.97765,1.0228,1.0336,1.0234
1.0212,1.0245,1.082,1.0989,1.0881,1.1059,1.1454,1.2166,1.2113,1.2029,1.1989,1.241,1.2267,1.1817,1.1293,1.1187,1.1526,1.1086,1.0863,1.0984,1.1175,1.0989,1.0227,1.0391,0.94119,0.8044,0.85201,0.71111,0.93573,1.3953,2.3078,3.7292,1.0114,1.0131,1.0184,1.0198,1.0224,1.0204,1.0018,1.0186,1.0073,1.0041,1.0055,1.0113,1.0062,1.0175,1.0152,1.015,1.0131,1.009,1.0096,1.0096,1.0157,1.0063,1.0069,1.0099,1.0124,0.99001,1.0067,0.98806,0.98912,0.99308,1.001,0.99224,0.98314,0.98609
0.97588,0.97968,0.95673,0.94477,0.95268,0.92664,0.93245,0.92371,0.92998,0.92539,0.91669,0.88803,0.89343,0.86396,0.87217,0.8689,0.8647,0.87812,0.91226,0.93923,0.93709,0.95187,0.94192,0.805,0.85644,0.78473,0.7871,0.56922,1.2243,3.1763,4.7609,0.98676,1.0074,1.0045,0.99771,0.99688,0.99474,0.99695,0.99345,0.9888,0.98777,0.9842,0.98541,0.98883,0.9797,0.992,0.99387,1.0365,1.0416,1.0249,1.024,1.0325,1.0307,1.0257,1.0251,1.0156,1.0298,1.0074,0.99404,1.0203,1.0088,1.0311,1.0315,1.0393,1.0173,1.0344
1.0463,1.0564,1.0456,1.0414,1.035,1.0541,1.0455,1.0205,1.0054,1.0063,0.98372,1.0369,0.96804,0.93454,0.92886,0.9071,0.8888,0.83653,0.85208,0.87801,0.89433,0.95161,1.002,1.0308,1.1201,0.9406,0.8341,0.42313,0.87566,2.677,4.6428,1.0175,1.0225,1.024,1.0193,1.0206,1.0184,1.0191,1.0204,1.0198,1.0213,1.0168,1.0432,1.0133,1.0148,1.0238,1.0195,1.0287,1.0319,1.0262,1.0272,1.0308,1.029,1.0141,1.0303,1.0317,1.0276,1.0273,1.038,1.0527,1.0553,1.0569,1.0689,1.0757,1.083,1.1002
1.0922,1.0926,1.0935,1.0717,1.0642,1.06,1.0602,1.0663,1.0773,1.0303,1.0639,1.1164,1.1152,1.1103,1.1015,1.0936,1.11,1.0712,1.0741,1.0281,1.0857,1.086,0.96303,0.69967,0.65833,0.73615,0.54471,1.3279,2.5646,3.5684,1.1606,1.1802,1.1487,1.1741,1.1097,0.98913,1.178,1.1459,1.1119,1.0928,1.0268,1.0468,1.0188,1.0315,1.1187,1.0978,1.0973,1.2296,1.0773,1.0598,1.0344,1.0257,1.0167,1.0751,1.0741,0.95264,1.0194,0.99812,1.0251,1.0035,0.98615,1.0097,0.99566,1.0198,1.0092,1.0273
0.89908,0.86615,0.85864,0.9129,0.9454,0.8415,0.86221,0.81676,0.91356,0.88852,0.8682,0.86828,0.83699,0.80557,0.75742,0.82058,0.8034,0.73497,0.71357,0.83616,0.99153,1.0171,1.2144,1.2819,0.26081,1.2832,1.7688,4.3466,4.8107,1.0348,1.0105,1.0299,1.008,0.99486,0.96026,0.96076,0.94046,0.96816,0.97417,0.97499,0.97235,0.96459,0.96616,0.95857,0.93648,0.92798,0.90409,0.93009,0.92619,0.92331,0.91618,0.90182,0.91079,0.91143,0.91485,0.92011,0.9295,0.91554,0.92476,0.94877,0.95705,0.93924,0.95982,0.93258,0.93278,0.93017
0.93943,0.92624,0.90411,0.87732,0.88046,0.88511,0.85124,0.83612,0.87528,0.79917,0.82389,0.8034,0.78668,0.79925,0.82803,0.88807,0.87459,0.88467,0.89441,0.80101,0.95723,1.0434,0.98502,0.64364,0.73627,3.2532,4.1635,5.2157,1.0316,1.0322,1.0373,1.0435,1.0459,1.0388,1.0372,1.0377,1.0428,1.0566,1.0496,1.0393,1.0283,1.0357,1.0474,1.0498,1.0457,1.0427,1.0417,1.0398,1.0466,1.0482,1.0355,1.0453,1.0432,1.0585,1.054,1.0607,1.0506,1.0471,1.0564,1.0562,1.0461,1.0385,1.058,1.0562,1.0481,1.0725
1.0628,1.0953,1.0621,1.0997,1.0583,1.0693,1.0726,1.105,1.1361,1.095,1.0817,1.1319,1.1596,1.1301,1.1072,1.1072,1.073,1.0796,1.0677,1.0843,1.0172,0.87298,0.87833,0.67142,0.90712,1.1582,1.6019,3.3232,1.054,1.0627,1.0614,1.0607,1.0619,1.0627,1.067,1.074,1.0846,1.1094,1.1224,1.0886,1.0928,1.1217,1.0991,1.1481,1.1398,1.1119,1.1309,1.1384,1.1054,1.1374,1.1792,1.1778,1.2012,1.2285,1.2386,1.2844,1.3101,1.3186,1.3027,1.3597,1.357,1.3553,1.3839,1.366,1.3639,1.3933
1.4066,1.3799,1.3571,1.395,1.3858,1.3336,1.3507,1.2972,1.2852,1.2755,1.2867,1.2159,1.1368,1.0574,1.0384,1.0655,1.0577,1.0442,1.0774,0.98818,0.94273,0.90472,0.92197,0.75319,0.33395,0.58375,2.1903,0.9938,0.99019,0.99871,1.0198,1.0162,1.023,1.0188,1.0152,1.0259,1.0288,1.0317,1.0267,1.0414,1.0178,1.044,1.0422,1.0424,1.0372,1.0419,1.0451,1.0493,1.0402,1.0394,1.0502,1.0487,1.0373,1.0402,1.0361,1.0358,1.0477,1.0371,1.0273,1.0062,1.0025,1.0045,1.0138,1.016,1.0112,1.0238
1.0129,1.018,1.0271,0.99353,1.0435,1.0342,1.0077,1.0485,1.0663,1.0293,0.98642,0.99525,0.98036,0.98606,1.0561,0.99136,1.0471,0.96432,0.9427,0.88309,0.77316,0.97512,0.85913,0.4907,0.31664,1.9926,3.7781,1.0157,1.0171,1.0122,1.0035,1.0315,1.0242,1.0403,1.0123,1.0232,1.0263,1.0169,0.98034,1.001,1.0126,0.9992,0.99755,0.99604,0.99244,0.99634,0.98892,0.99952,1.01,1.0047,1.005,0.99233,0.9829,0.97824,0.99359,0.98858,0.98401,0.99775,1.0108,1.0178,1.0088,1.0137,1.0041,0.9943,0.99273,0.94888
0.93253,0.97024,0.9903,0.97271,0.9757,0.95589,0.98175,0.95312,0.83451,0.80034,0.88794,0.96438,1.0093,1.0134,0.93665,0.94878,0.96513,1.0217,0.95917,0.87636,0.76706,1.0638,0.88548,0.53551,0.30222,1.804,3.6014,4,1.0559,1.0401,1.0296,1.0378,1.0547,1.0374,1.0524,1.0609,1.0571,1.0657,1.0808,1.0811,1.0822,1.0899,1.0915,1.0868,1.0803,1.0894,1.0942,1.1004,1.0754,1.0916,1.0867,1.0904,1.091,1.0823,1.0986,1.0949,1.0965,1.097,1.092,1.0944,1.0764,1.0852,1.0842,1.1015,1.111,1.1027
1.1294,1.1161,1.1104,1.115,1.0991,1.1061,1.1003,1.0625,1.1232,1.1285,1.097,1.0263,1.0593,1.0767,1.0556,1.0356,1.0181,0.98333,0.95835,0.78047,0.60375,0.68368,0.57426,0.7862,0.9379,2.5265,3.2244,1.0442,1.0449,1.0307,1.0244,1.0245,1.0146,1.0275,1.0154,1.0453,1.0431,1.0423,1.0284,1.0237,1.0232,1.0169,1.0344,1.0313,1.0385,1.0367,1.039,1.0403,1.05,1.0396,1.0309,1.0433,1.0433,1.0508,1.0503,1.0373,1.0418,1.0497,1.0458,1.0319,1.0431,1.0297,1.0377,1.036,1.0376,1.0336
1.0165,0.98745,1.0013,1.0178,0.9678,0.9716,1.044,1.0325,1.0017,1.0374,1.0713,1.0847,1.1229,1.0778,1.0894,1.0883,1.0568,1.0103,0.972,0.84717,0.76292,0.55005,0.89428,0.56344,1.338,2.8771,3.8317,1.0475,1.0458,1.0335,1.0325,1.0391,1.0609,1.0284,1.0205,1.0281,1.0399,1.03,1.0368,1.0361,1.0346,1.0383,1.0314,1.0218,1.03,1.0322,1.0397,1.0398,1.0321,1.0441,1.0328,1.041,1.02,1.036,1.047,1.0446,1.0433,1.0424,1.0507,1.0464,1.039,1.053,1.0201,1.0399,1.0286,1.0497
1.051,1.0297,1.0147,1.0072,0.98473,0.9762,0.96268,0.97078,0.95348,0.92554,0.94717,0.89433,0.92113,0.95967,0.92265,0.92655,0.9016,0.90973,0.8593,1.2471,1.5064,0.77666,0.61764,0.91917,0.43181,2.1123,4.2389,1.0047,1.0088,1.008,1.0082,1.0039,0.99495,0.99404,1.0064,1.0162,1.0074,1.0099,1.0158,1.0094,1.018,0.99925,1.0036,0.99386,1.0199,0.99702,1.0126,1.0293,1.0305,1.022,1.0251,1.0178,1.0136,1.0172,1.0307,1.0147,1.0197,1.0174,1.0146,1.0249,1.0258,1.0321,1.0347,1.032,1.0288,1.0303
1.047,1.0593,1.0282,1.0238,1.0505,1.0253,1.0225,0.97125,0.97843,0.8967,0.9698,0.93104,0.90605,0.94337,0.90416,0.89723,0.97912,1.0417,1.0375,0.9814,0.93434,1.0455,1.1571,0.85332,0.39062,3.0559,3.9425,1.0009,0.99998,1.0128,0.99345,1.003,0.98519,0.97928,0.99452,1.008,0.99901,1.0043,1.0053,1.0052,0.99261,0.99877,0.98163,0.98345,0.97705,0.98018,0.98455,0.98163,0.98282,0.99003,0.98935,0.99753,1.0057,1.0027,1.001,0.99799,0.9876,0.97416,0.97738,0.97668,0.98823,0.98036,0.95497,0.98424,0.94711,0.94786
0.94494,0.95097,0.92571,0.91136,0.91337,0.90381,0.8835,0.87803,0.83914,0.86448,0.81611,0.77994,0.80654,0.74613,0.81451,1.0601,1.0744,0.92038,0.90612,0.87716,1.0551,1.2111,0.942,0.91739,3.135,0.95423,0.9399,0.94863,0.92985,0.95449,0.96864,0.95317,0.94345,0.94763,0.96037,0.94958,0.93711,0.94285,0.94451,0.94775,0.95313,0.93377,0.94325,0.93185,0.92654,0.9287,0.92817,0.91069,0.90935,0.91427,0.9167,0.92748,0.92965,0.92045,0.92728,0.93376,0.93488,0.93353,0.91892,0.9149,0.90355,0.91151,0.90862,0.91612,0.92037,0.91713
0.91786,0.91313,0.93436,0.89915,0.89356,0.90398,0.87887,0.87166,0.91613,0.90169,0.89949,0.88512,0.93092,0.94001,0.85084,0.84165,0.78825,0.94003,1.1344,0.78899,0.64624,0.76283,0.71365,2.2403,4.2125,0.97538,0.98806,0.96779,0.9753,0.9988,0.98291,0.98698,0.99188,1.0133,1.0044,0.99615,1.0012,1.0004,0.97697,0.9793,0.96867,0.96155,0.96301,0.96724,0.96312,0.96857,0.96552,0.96539,0.95811,0.97658,0.96667,0.95831,0.95958,0.96557,0.95564,0.9467,0.93424,0.9218,0.95213,0.94803,0.91763,0.91741,0.92401,0.93064,0.92475,0.91822
0.90489,0.90062,0.88495,0.8648,0.85691,0.8495,0.85581,0.83095,0.83713,0.83218,0.73929,0.78534,0.90957,0.91242,0.87035,1.0584,1.2431,1.0907,0.88508,0.78993,1.5807,1.2466,0.63096,2.2725,0.98997,1.0128,1.0073,1.0006,0.99899,1.0051,1.0046,1.0023,0.99746,0.99974,1.0015,1.0048,0.99691,0.99192,0.9832,0.9889,0.99928,0.98601,0.97992,1.0103,0.97218,0.97899,0.99753,0.9925,0.9955,0.98839,0.98207,0.98696,0.98354,0.97634,0.98121,0.9681,0.97412,0.95287,0.95385,0.96039,0.95692,0.93409,0.91633,0.91409,0.91249,0.89698
0.87255,0.86567,0.8673,0.87882,0.86642,0.85427,0.83717,0.82112,0.83823,0.82216,0.80597,0.73354,0.69445,0.83709,0.94705,0.98325,1.1003,1.2847,1.6126,1.9686,1.4336,1.2671,0.67641,4.0157,4.691,6.0599,7.7948,6.0219,3.8712,1.464,1.7989,1.4792,1.3791,0.9346,1.3509,1.4805,1.0435,0.70042,0.7211,0.89387,1.2473,1.4241,1.3264,1.2772,1.0542,0.84806,0.92258,1.0159,0.8628,0.88673,0.98043,1.0488,0.99489,0.82786,0.69847,0.51621,0.29139,0.19605,0.47433,0.64462,0.84809,1.096,1.0279,0.85209,0.8407,1.0784
1.2378,1.3063,1.0873,0.79812,0.55628,0.36899,0.58487,0.71601,0.82961,0.8545,0.82704,0.74126,0.72629,0.66601,0.68354,1.0755,1.6868,2.1668,2.2578,1.9279,1.2284,0.66575,0.43022,0.53502,1.8283,1.8128,1.791,1.7686,1.7527,1.7309,1.7172,1.6935,1.6332,1.5888,1.5453,1.5275,1.5206,1.5324,1.5909,1.6095,1.6245,1.6123,1.6215,1.6394,1.6703,1.6786,1.7014,1.7002,1.7608,1.8694,1.9817,2.0815,2.0907,2.0619,2.8054,3.6074,4.019,1.7726,1.829,1.8837,1.9445,1.9434,1.9357,1.9139,1.8897,1.8856
1.8756,1.8964,1.9127,1.9203,1.9398,1.9476,1.9495,1.9896,1.9787,1.9317,1.9124,1.9041,1.8918,1.8971,1.8767,1.8745,1.8765,1.8858,1.89,1.8633,1.8643,1.8806,1.8737,1.8452,1.844,1.811,1.7774,1.7618,1.7283,1.6972,1.6577,1.6427,1.5698,1.4959,1.4075,1.3292,1.2167,1.1025,0.95743,0.88426,0.83453,0.80331,0.83265,0.92312,1.0427,1.0802,1.1026,1.281,1.7045,2.221,2.6909,3.0406,3.4235,4.4482,4.7209,4.8162,5.5345,1.8442,1.9202,1.9352,1.9648,2.0049,1.9909,1.9378,1.8918,1.8658
1.8667,1.8899,1.9374,1.9499,1.9354,1.9383,1.9374,1.9335,1.9165,1.8834,1.8926,1.9286,1.9381,1.929,1.9413,1.9281,1.9136,1.9061,1.9044,1.8975,1.8824,1.8872,1.8701,1.8697,1.8503,1.8359,1.8161,1.8037,1.7963,1.7706,1.7225,1.6563,1.6142,1.5753,1.4807,1.3786,1.2845,1.1821,1.0661,0.80807,0.63578,0.56324,0.58892,0.54219,0.42122,0.55346,0.86918,1.1035,1.3162,1.5082,1.9484,2.4166,2.8118,3.7659,5.0713,5.8732,7.0822,1.9351,1.9469,1.979,1.9329,1.8881,1.8708,1.8363,1.8402,1.8812
1.9044,1.9197,1.9407,1.9619,1.9394,1.9539,1.9272,1.9035,1.8992,1.9022,1.9145,1.9212,1.9279,1.9196,1.909,1.926,1.8871,1.9119,1.9197,1.9087,1.897,1.9096,1.9079,1.8897,1.8678,1.8494,1.8085,1.791,1.7533,1.6572,1.5931,1.5432,1.5093,1.4682,1.3598,1.2694,1.1439,1.0178,0.88164,0.80123,0.6778,0.59071,0.51785,0.64287,0.79216,0.90951,1.1157,1.3048,1.5519,1.7669,2.012,2.4816,3.4703,4.8488,6.0853,6.3039,6.6789,1.2929,1.3115,1.3294,1.2953,1.3307,1.4375,1.5008,1.5622,1.6283
1.7574,1.8706,1.9157,1.9237,1.9009,1.9075,1.879,1.8381,1.8193,1.8511,1.8844,1.904,1.9238,1.9216,1.9059,1.9152,1.8809,1.8729,1.8522,1.8435,1.8628,1.8672,1.8692,1.8474,1.8306,1.8213,1.7861,1.7372,1.6963,1.5973,1.5587,1.4763,1.3626,1.2371,1.1806,1.1686,1.0441,0.85979,0.85979,0.71889,0.72961,0.76346,0.72703,0.76401,0.91809,1.0176,1.2077,1.4251,1.6879,2.0778,2.268,2.4737,3.5783,4.7175,5.5103,6.0025,1.5546,1.6252,1.6917,1.7877,1.8266,1.8495,1.843,1.8403,1.842,1.8777
1.8828,1.8654,1.8806,1.8838,1.8802,1.9059,1.9109,1.9098,1.8873,1.8999,1.8925,1.9474,1.9273,1.9298,1.9154,1.918,1.9123,1.9168,1.8816,1.8902,1.8988,1.901,1.8614,1.8496,1.7833,1.7436,1.7297,1.7034,1.6812,1.6565,1.5749,1.4294,1.3125,1.1795,1.0613,0.89474,0.75557,0.57363,0.45975,0.52592,0.69013,0.70717,0.79015,1.0474,1.1623,1.3232,1.724,1.9754,2.145,2.6436,3.1744,4.4129,5.8549,6.5991,6.1977,6.6327,1.3114,1.2509,1.3581,1.4456,1.5302,1.6014,1.7012,1.8019,1.8876,1.9299
1.9224,1.886,1.8509,1.8149,1.8283,1.8524,1.8467,1.8654,1.8666,1.899,1.9153,1.8897,1.8791,1.8648,1.8566,1.8829,1.8951,1.8949,1.8805,1.8689,1.8608,1.85,1.848,1.8393,1.7971,1.7655,1.7343,1.6918,1.6468,1.5865,1.5253,1.568,1.5216,1.4341,1.3532,1.3323,1.2677,1.18,1.0214,0.90283,0.91903,1.0618,0.92393,0.79747,0.80454,1.028,1.2065,1.3944,1.4552,1.5827,2.0537,2.5398,3.4391,4.6422,5.804,6.4312,1.2579,1.2935,1.4622,1.5192,1.6335,1.7538,1.8277,1.9163,1.97,1.9492
1.9018,1.8662,1.8573,1.8441,1.8224,1.8047,1.8548,1.8877,1.9026,1.9079,1.9051,1.9187,1.9221,1.901,1.906,1.904,1.8998,1.8732,1.8769,1.8696,1.9044,1.8927,1.8695,1.8337,1.8076,1.7771,1.7639,1.7361,1.7379,1.7023,1.6574,1.5992,1.4809,1.4727,1.4012,1.3054,1.1402,1.0547,0.99823,0.96466,0.8761,0.83472,0.77232,0.68395,0.74451,0.98633,1.0971,1.1946,1.3995,1.659,1.7013,2.2261,3.5368,4.6091,5.8769,6.4361,1.1472,1.1598,1.3177,1.3402,1.3793,1.4661,1.5633,1.6885,1.7758,1.8827
1.976,2.0017,1.9109,1.8369,1.7825,1.8144,1.8201,1.77,1.8027,1.8779,1.9268,1.912,1.881,1.8676,1.864,1.8568,1.8307,1.8375,1.8825,1.9091,1.8995,1.9114,1.9061,1.8613,1.838,1.7881,1.7779,1.7539,1.7218,1.6486,1.5794,1.496,1.4966,1.4615,1.3731,1.2445,1.219,1.1896,1.1711,1.1478,1.0987,0.94882,0.87193,0.85277,0.84951,0.93674,1.0966,1.4064,1.5739,1.5875,1.7662,2.0624,2.7773,3.6577,5.0417,1.1326,1.1901,1.315,1.3673,1.4977,1.611,1.6909,1.8064,1.9508,1.9988,1.9887
1.921,1.885,1.8038,1.7828,1.784,1.8154,1.8381,1.845,1.8814,1.9136,1.9297,1.9132,1.8808,1.8707,1.8661,1.843,1.8433,1.8539,1.8914,1.8778,1.8755,1.8679,1.8436,1.7867,1.7585,1.7646,1.7145,1.6348,1.6273,1.6245,1.6206,1.5607,1.3879,1.3129,1.2615,1.2625,1.2196,1.1095,1.0836,1.2894,1.3209,1.0353,0.8709,0.81791,0.95755,1.1827,1.2461,1.2889,1.1311,1.4962,1.8218,2.4178,3.5506,5.3264,6.6889,6.5961,1.1959,1.2045,1.1715,1.1609,1.3104,1.4624,1.3993,1.5015,1.5207,1.6332
1.739,1.7812,1.7302,1.7447,1.7774,1.8028,1.8249,1.8704,1.8321,1.8843,1.9223,1.9479,1.884,1.9026,1.8986,1.8888,1.8652,1.83,1.8206,1.8389,1.8409,1.8257,1.7953,1.8118,1.8044,1.8023,1.7742,1.7613,1.7388,1.6747,1.6352,1.593,1.553,1.4864,1.3532,1.2278,1.1979,1.1026,1.0844,1.075,1.0529,1.0039,1.0062,1.1079,1.1898,1.0776,0.98886,1.0896,1.1143,1.4082,1.4945,1.7038,2.5704,3.6934,5.1653,1.0961,1.0462,1.1969,1.3348,1.4711,1.5254,1.677,1.8424,1.9959,2.0676,2.0204
1.9456,1.8552,1.7953,1.7589,1.7622,1.8083,1.8254,1.8649,1.9127,1.9696,1.9546,1.9261,1.965,1.9104,1.902,1.8789,1.8648,1.8823,1.8751,1.8844,1.8767,1.858,1.8463,1.856,1.7929,1.7373,1.6973,1.6558,1.5805,1.5037,1.4495,1.3481,1.3217,1.2933,1.1985,1.0274,0.94827,1.0247,0.74793,0.72467,0.75968,0.73636,0.86171,1.0931,1.2917,1.51,1.4991,1.5462,1.5308,2.0712,3.1774,4.4748,5.7607,6.9786,6.9431,1.1708,1.1415,1.1098,1.0845,1.14,1.2966,1.4682,1.5131,1.6783,1.8536,2.016
2.0839,2.0668,1.9485,1.8777,1.7439,1.7486,1.7983,1.7987,1.8137,1.8565,1.8806,1.9512,1.9426,1.8387,1.8826,1.8863,1.8967,1.8992,1.9171,1.9078,1.9291,1.9188,1.7903,1.7301,1.7354,1.7119,1.749,1.6969,1.6505,1.6197,1.5796,1.4792,1.4413,1.3639,1.2886,1.1735,1.0208,0.9528,1.03,1.0462,0.9283,0.78263,0.81437,0.89515,0.97189,1.0705,1.1345,1.2941,1.4407,1.6687,2.0216,3.1301,4.8705,6.7745,7.3587,1.1297,1.1497,1.1901,1.2415,1.3084,1.3632,1.4795,1.6067,1.7834,1.8979,1.9656
2.0009,1.9877,1.9286,1.8322,1.7968,1.7897,1.7612,1.8062,1.8453,1.8791,1.9182,1.9678,1.9757,1.9516,1.9482,1.9016,1.8728,1.8538,1.7947,1.8551,1.8262,1.8146,1.8035,1.7851,1.7374,1.7262,1.7064,1.6741,1.6631,1.6207,1.5706,1.5462,1.5163,1.4095,1.248,1.1308,1.0454,1.0848,1.0396,0.93377,0.88656,1.0017,1.0713,0.97555,0.96788,1.1017,1.3712,1.5518,1.5845,1.6598,2.02,2.6301,3.9543,5.7021,6.6732,1.0021,1.1317,1.2871,1.4265,1.5496,1.6629,1.7949,1.9887,2.111,2.0793,1.9309
1.8319,1.7085,1.6797,1.7454,1.7758,1.8502,1.9212,1.9759,1.9871,1.9788,1.944,1.8791,1.837,1.8045,1.7961,1.8176,1.7973,1.8136,1.8086,1.7966,1.82,1.8415,1.8636,1.8221,1.8148,1.7433,1.6403,1.6592,1.658,1.6409,1.5684,1.4444,1.3563,1.348,1.2785,1.2538,1.1174,1.0133,0.9269,1.067,0.98542,0.94247,0.82457,0.82785,1.124,1.2185,1.348,1.4044,1.5483,1.6235,2.0822,3.118,4.674,6.4407,7.2816,1.7398,1.8062,2.073,2.2321,2.1238,2.064,1.9732,1.859,1.8124,1.7811,1.785
1.8371,1.8789,1.9,1.8768,1.8707,1.9103,1.9016,1.8379,1.8212,1.8567,1.906,1.9044,1.9195,1.9399,1.9431,1.9181,1.9114,1.8805,1.8554,1.8196,1.7976,1.8087,1.802,1.7895,1.792,1.7462,1.7205,1.7653,1.7986,1.7402,1.6455,1.4748,1.404,1.4174,1.3618,1.2744,1.1908,1.1377,1.0441,0.87139,0.86425,0.88619,0.86723,0.85767,0.86371,0.95404,1.0941,1.342,1.5283,1.8016,2.0578,2.6604,4.2145,5.2306,6.1702,1.6235,1.5653,1.6499,1.7924,1.8999,2.0035,2.0409,2.0027,1.9583,1.9501,1.9061
1.8908,1.8853,1.8985,1.8836,1.9063,1.9531,1.949,1.9592,1.954,1.9246,1.9209,1.9082,1.9005,1.8265,1.8662,1.879,1.8559,1.953,2.0797,1.9966,1.8238,1.831,1.7465,1.7046,1.8115,1.7805,1.5994,1.4975,1.4478,1.4357,1.4124,1.4182,1.4581,1.4724,1.3978,1.2873,1.2206,1.1191,1.0455,0.95826,0.83713,0.74951,0.76595,1.0053,1.0905,1.0932,1.1344,1.2861,1.4939,1.8641,2.3231,3.1215,4.8853,6.4189,6.5479,1.8782,1.9763,1.9935,1.979,1.9423,1.8978,1.9519,2.0219,2.0263,1.9834,1.9536
1.9304,1.9304,1.9092,1.9342,1.9216,1.8736,1.8705,1.8923,1.9936,1.9354,1.8572,1.8501,1.9007,1.8629,1.822,1.8005,1.8017,1.8442,1.8352,1.8407,1.7981,1.8115,1.8266,1.7252,1.6326,1.5958,1.6326,1.6368,1.5876,1.4976,1.4244,1.4112,1.3809,1.301,1.2427,1.2582,1.1466,1.0713,1.0767,1.1251,1.0852,0.96979,0.94068,1.0016,1.0644,1.0669,1.0362,1.1813,1.4586,1.797,2.4008,3.4692,4.5004,5.8614,6.8547,1.8427,1.747,1.7194,1.7601,1.7929,1.8652,1.9674,2.0065,2.0156,2.0313,2.0214
1.9651,1.9001,1.8256,1.81,1.8656,1.8949,1.9349,2.0272,2.0176,1.9283,1.9188,1.8852,1.8198,1.7969,1.8139,1.8398,1.9037,1.8821,1.8762,1.8487,1.8225,1.7997,1.783,1.7442,1.7038,1.7013,1.6738,1.6806,1.6454,1.596,1.5397,1.4649,1.404,1.3826,1.3346,1.2305,1.1229,1.0573,1.0216,0.92354,0.79822,0.74742,0.8075,0.90201,1.0073,1.0431,1.0857,1.1306,1.1902,1.3627,1.6805,2.3289,3.5163,5.0428,6.2502,1.9731,1.9666,1.8995,1.7926,1.8035,1.8788,1.8584,1.8288,1.9327,1.9614,2.0042
2.0382,2.0377,2.0147,1.9886,1.9498,1.8983,1.8612,1.8818,1.8911,1.9293,1.936,1.9313,1.9189,1.861,1.8262,1.8306,1.8464,1.8839,1.8632,1.8358,1.8935,1.8456,1.8378,1.8084,1.7631,1.7529,1.694,1.6466,1.5876,1.5504,1.5502,1.5378,1.4823,1.3199,1.2814,1.3066,1.2899,1.1218,1.0134,0.87378,0.84099,0.8081,0.80626,0.86395,0.92808,1.0455,1.0564,1.0403,1.0854,1.2075,1.4799,1.9421,2.8587,4.5278,5.6632,1.9946,1.9907,1.95,1.8688,1.7632,1.6791,1.781,1.8944,1.9449,2.0765,2.1088
2.1033,2.1059,2.0729,2.0044,1.8775,1.8494,1.8789,1.8613,2.0267,2.0122,1.925,1.8782,1.8619,1.8382,1.8307,1.8382,1.8523,1.8608,1.8864,1.9151,1.8972,1.9099,1.8023,1.7433,1.7037,1.6473,1.5631,1.5319,1.5367,1.5015,1.5003,1.4271,1.3053,1.1942,1.0789,0.94825,0.77325,0.68301,0.64357,0.7286,0.84838,0.9356,1.0599,1.1643,1.2474,1.259,1.3095,1.4942,1.7536,2.1054,2.7248,3.762,4.7425,5.2005,6.0423,2.0832,1.9885,1.9124,1.9113,1.8889,1.8732,1.8629,1.8653,1.8892,1.8897,1.9556
1.9982,2.0419,1.9767,1.9698,1.9878,1.9614,2.0056,2.0788,2.0379,1.9317,1.8957,1.8353,1.8382,1.8222,1.8367,1.8435,1.8481,1.8978,1.9167,1.9057,1.9067,1.8843,1.8249,1.777,1.6956,1.6536,1.6182,1.5825,1.5535,1.4689,1.4436,1.348,1.2787,1.0892,0.94031,0.78208,0.78774,0.901,0.96787,1.0057,1.1199,1.1767,1.2259,1.2482,1.322,1.4136,1.5424,1.6209,1.7366,1.9509,2.4454,4.1895,5.1105,5.2426,5.5576,1.6546,1.6546,1.5907,1.5922,1.6868,1.7343,1.8283,1.9072,1.932,1.9567,1.9928
2.017,2.0129,1.9743,1.8764,1.8669,1.9213,1.9296,1.9868,1.9883,1.9574,1.933,1.9276,1.8775,1.8146,1.7383,1.6897,1.681,1.7442,1.7797,1.8196,1.8702,1.8467,1.8056,1.7528,1.6769,1.6397,1.6044,1.5771,1.623,1.576,1.4318,1.3624,1.3735,1.2964,1.1371,0.99696,0.90785,0.86455,0.92601,0.99064,1.1039,1.0819,1.1595,1.3349,1.5113,1.5963,1.6402,1.7404,1.9932,2.3343,2.7501,3.7386,4.7347,4.8797,5.2004,1.6046,1.6718,1.6716,1.6854,1.7331,1.7231,1.7083,1.7698,1.806,1.7323,1.8027
1.911,1.9316,1.8223,1.7866,1.725,1.7678,1.8434,1.9908,2.0064,2.0572,2.049,1.9819,1.9084,1.848,1.9059,2.0004,1.8894,1.8563,1.9294,1.8485,1.8133,1.7849,1.8284,1.9348,1.8567,1.7107,1.6134,1.4713,1.3982,1.2929,1.2737,1.2309,1.0921,1.0303,0.97446,0.96936,0.89263,0.86598,0.98557,1.2996,1.5454,1.4352,1.3015,1.3331,1.4738,1.5009,1.4512,1.4458,1.6225,1.9296,2.1704,3.0836,4.3234,5.3001,5.7865,1.9109,1.8311,1.736,1.6608,1.6174,1.6009,1.8649,2.024,1.6648,2.2109,2.2189
1.9902,1.9931,1.9442,1.854,1.7366,1.6775,1.6878,1.7337,1.7763,1.8274,1.8496,1.9172,2.006,2.0672,2.0611,2.0714,1.9844,1.9412,1.8915,1.814,1.7404,1.692,1.7367,1.7603,1.7724,1.7346,1.6638,1.5679,1.4806,1.4342,1.3645,1.2153,1.0878,1.0193,1.0161,1.0315,1.0387,1.0708,1.0425,1.1016,1.1895,1.2522,1.3093,1.3737,1.4953,1.4813,1.3919,1.3905,1.5652,1.9155,2.1791,2.6164,4.164,5.2777,5.9731,1.5178,1.4857,1.5423,1.8057,1.7821,1.9885,1.9704,1.9513,1.9518,1.9354,1.881
1.8617,1.8782,1.8434,1.8437,1.9031,1.9717,1.9809,1.961,1.9257,1.9283,1.9262,1.9338,1.8999,1.8552,1.7816,1.747,1.7925,1.7838,1.835,1.8761,1.8449,1.8113,1.76,1.7024,1.6368,1.6031,1.5296,1.505,1.4797,1.4457,1.4137,1.3897,1.3827,1.3203,1.2516,1.1474,0.99032,0.88293,0.88697,0.92185,0.97356,1.0559,1.1487,1.2677,1.3264,1.3002,1.3393,1.406,1.6609,2.0103,2.7506,4.0018,5.4514,5.782,6.4197,1.7964,1.9996,2.0989,2.0306,1.9441,2.037,1.9865,1.8888,1.9429,1.8541,1.8649
1.8927,1.9052,1.8734,1.892,1.8515,1.8638,2.0282,2.0036,1.9092,1.9033,1.8889,1.8588,1.8186,1.7985,1.7623,1.8021,1.8869,1.9509,1.9725,2.0026,1.9747,1.8853,1.8046,1.721,1.6688,1.6478,1.5977,1.5752,1.5431,1.4749,1.4237,1.3322,1.1226,1.0179,0.97083,1.0478,1.1379,1.0861,0.9418,0.82605,0.78834,0.85639,1.0117,1.1765,1.1959,1.2154,1.2975,1.4164,1.5449,1.8755,2.4925,3.4874,4.4713,6.2456,7.5206,1.8483,1.8282,1.8597,1.9205,1.9728,1.9059,1.8173,1.7495,1.785,1.8171,1.8185
1.8618,1.8915,2.0218,2.0154,1.9525,1.9808,1.9922,1.9158,2.0033,1.966,1.9032,1.8794,1.8445,1.8298,1.8654,1.8782,1.8769,1.8569,1.8702,1.877,1.9129,1.8759,1.7988,1.7246,1.635,1.5831,1.4785,1.3786,1.2879,1.2565,1.1874,1.1619,1.2267,1.3183,1.346,1.2159,1.1218,1.0363,0.9755,1.1212,1.2814,1.3865,1.3542,1.2995,1.2717,1.2492,1.1887,1.1949,1.4212,1.9432,2.7421,4.221,5.2001,6.3677,6.3605,1.8029,1.7943,1.7655,1.7366,1.7399,1.7515,1.8736,1.9659,1.8379,1.9949,2.0095
1.875,1.88,1.8713,1.7784,1.6552,1.6329,1.8341,2.0446,2.1375,2.1141,2.1192,2.0915,1.9679,1.8278,1.8295,1.8563,1.8589,1.9055,1.7968,1.7779,1.8183,1.8299,1.8061,1.7301,1.6095,1.5152,1.4605,1.4965,1.5232,1.4173,1.4058,1.4316,1.3714,1.2817,1.2311,1.1266,1.1278,1.1268,0.92122,0.7302,0.69914,0.81454,1.1692,1.4282,1.3829,1.2278,1.3015,1.457,1.565,1.7674,2.4156,3.8917,5.2646,4.5073,6.3155,1.6553,1.8674,1.6141,1.8458,1.9956,1.9597,1.8958,1.9672,1.9743,1.9156,1.8703
1.8578,1.841,1.8329,1.8554,1.895,1.871,1.8702,1.8968,1.9336,1.9935,2.0789,2.0611,2.0783,2.0589,1.996,1.8898,1.8246,1.848,1.8907,1.8523,1.7188,1.7694,1.7417,1.6553,1.6291,1.6629,1.6413,1.5174,1.4672,1.4792,1.5196,1.5101,1.4828,1.4544,1.4216,1.2897,1.1449,1.0795,1.0282,1.0339,0.98947,0.86666,0.83712,0.86218,0.94427,1.0595,1.0919,1.2457,1.4764,1.8259,2.2735,3.3401,4.4385,5.2679,6.3974,2.0881,2.064,1.8922,1.8599,1.8194,1.727,1.6908,1.6175,1.5996,1.618,1.5762
1.5235,1.5071,1.4734,1.4034,1.2781,1.2095,1.254,1.2837,1.2458,1.3571,1.5984,1.6681,1.7194,2.1492,2.5841,2.6221,2.7118,2.8287,3.0042,3.061,3.0007,2.8947,2.6728,2.4451,2.2702,2.0792,1.9162,1.8495,1.7969,1.7664,1.7131,1.593,1.4911,1.4122,1.372,1.3331,1.2124,0.9861,0.87872,0.61744,0.53565,0.50898,0.54538,0.71719,0.72422,0.78115,0.58299,0.5249,0.58486,0.21618,0.95183,3.8234,4.2123,6.8173,11.121,2.0542,1.9744,1.9477,1.8755,1.8491,1.7586,1.6692,1.6833,1.777,1.7991,1.8618
1.9539,1.9272,1.7561,1.6749,1.6963,1.6361,1.631,1.38,1.3244,1.3113,1.2123,1.2262,1.2663,1.2578,1.3003,1.3229,1.3506,1.6357,1.9052,2.2121,2.3394,2.6262,2.8866,3.0593,3.1389,3.1615,3.104,2.9805,2.8493,2.6484,2.6026,2.4057,2.1933,2.0224,1.9075,1.6558,1.3869,1.1281,0.85221,0.54891,0.55878,0.82711,0.63253,0.36019,0.20048,0.20075,0.33478,0.49483,0.5873,0.42278,0.043303,2.8747,3.4563,5.995,11.369,6.7856,6.5985,6.1734,4.3512,2.6927,1.6093,1.1177,1.2084,1.0119,0.78041,0.7052
0.77844,0.81549,1.7987,1.71,1.6485,1.6213,1.6993,1.8293,1.8861,1.9026,1.8294,1.7469,1.8767,1.8906,1.8684,1.7395,1.6648,1.5761,1.6074,1.7253,1.7225,1.4356,1.2483,1.2118,1.0938,0.8885,0.59644,0.65473,0.94841,1.5421,1.529,2.8662,3.8693,4.5917,5.6719,1.7672,1.774,1.8386,1.8301,1.8672,1.8622,1.8234,1.9149,1.9699,1.9156,1.9086,1.9146,1.9977,1.9623,1.972,1.9586,1.872,1.8595,1.8429,1.7699,1.7801,1.7511,1.7589,1.8103,1.7999,1.7426,1.6685,1.7604,1.7673,1.6868,1.6071
1.6603,1.7215,1.6743,1.6122,1.6244,1.8061,1.7845,1.7026,1.6654,1.6971,1.6693,1.6989,1.7383,1.7667,1.7324,1.7675,1.8233,1.7703,1.6821,1.815,1.5994,1.5904,1.4836,1.4695,1.3407,0.96072,0.55049,0.4443,0.74866,1.0901,1.3587,2.175,3.3829,4.1627,4.3921,1.999,2.1094,2.1505,2.2049,2.1975,2.1172,2.0372,2.0814,2.1408,2.0503,1.9593,1.9713,2.0179,2.0385,2.004,1.9646,2.0059,1.9491,1.9024,1.7993,1.7792,1.6913,1.6698,1.7607,1.7466,1.6918,1.8085,1.8627,1.8329,1.8586,1.8585
1.8585,1.8988,1.8599,1.7966,1.8131,1.7959,1.7731,1.6885,1.599,1.6528,1.6285,1.6145,1.6733,1.6497,1.7462,1.7867,1.6704,1.7243,1.7088,1.6445,1.6154,1.5255,1.4453,1.2979,1.223,0.89185,0.77122,0.62548,0.55857,0.88829,1.2863,1.8703,3.1811,3.6089,2.0544,1.9721,1.9677,1.9344,1.8945,1.8496,1.8462,1.9046,1.9084,1.903,1.9821,1.9382,1.847,1.8661,1.8227,1.8404,1.8322,1.8588,1.7954,1.8577,1.8179,1.8511,1.7171,1.7821,1.8087,1.8114,1.7575,1.815,1.8417,1.8458,1.7969,1.8725
1.9164,1.7785,1.7987,1.784,1.7741,1.7136,1.7799,1.7942,1.7633,1.7039,1.7438,1.8071,1.8301,1.73,1.6258,1.6046,1.5693,1.6698,1.6133,1.7066,1.716,1.5553,1.4652,1.3769,0.84919,0.42851,0.65256,0.9722,1.112,1.2818,2.4657,3.9373,4.5977,5.5497,1.7199,1.7158,1.7495,1.8028,1.8332,1.921,1.8857,1.9586,2.0329,1.9734,1.9901,1.9917,1.908,1.9611,1.9521,1.8823,1.8592,1.7246,1.9246,1.7408,1.8269,1.7242,1.7067,1.7916,1.7242,1.7543,1.7887,1.8079,1.7688,1.7345,1.7619,1.8019
1.7644,1.7472,1.7497,1.7336,1.8053,1.7086,1.7941,1.682,1.7342,1.7632,1.6146,1.8377,1.9015,1.836,1.8279,1.9292,1.8145,1.6983,1.6428,1.5916,1.5233,1.294,1.3314,1.1544,0.86539,0.70857,0.6863,0.92551,1.3802,1.4962,2.1725,2.9962,3.9145,4.5459,1.75,1.649,1.6119,1.5691,1.6263,1.6547,1.7696,1.7354,1.7717,1.8362,1.8742,1.8684,1.8702,1.8596,1.7895,1.8157,1.8102,1.8546,1.8278,1.7938,1.8242,1.8336,1.8839,1.8446,1.7747,1.8667,1.8623,1.7538,1.8225,1.8354,1.8145,1.7866
1.8102,1.771,1.8554,1.7387,1.7831,1.774,1.7358,1.6911,1.6839,1.7118,1.691,1.6853,1.6533,1.6304,1.5224,1.4549,1.5626,1.4685,1.5511,1.3358,1.2594,1.3451,1.3851,1.3244,1.1482,0.9157,0.48919,0.286,0.40762,1.0136,1.0356,3.1549,4.9662,7.0228,1.4553,1.4221,1.5079,1.5372,1.5703,1.6839,1.7848,1.832,1.822,1.8538,2.0422,2.1371,2.2288,2.222,2.1876,1.9279,1.8561,1.8043,1.8716,1.825,1.8432,1.7643,1.7671,1.8488,1.9836,1.9888,2.0218,1.8478,1.9011,1.8203,1.8193,1.7761
1.7451,1.9154,1.7492,1.6345,1.6607,1.7568,1.7908,1.653,1.6116,1.7333,1.6306,1.4598,1.4075,1.5948,1.7064,1.5162,1.1729,1.1919,1.4263,1.2521,1.2785,1.2842,1.3337,1.1396,1.0847,0.84027,0.84185,1.0955,1.7498,1.5781,2.927,3.3052,4.2643,4.2825,1.687,1.6077,1.5655,1.5122,1.5066,1.6013,1.5938,1.7833,1.9082,2.038,2.1211,1.9616,1.8487,2.0663,2.0689,2.0956,1.998,1.8682,1.8936,1.8153,1.832,1.8271,1.8273,1.798,1.7868,1.7794,1.7718,1.7812,1.7823,1.7984,1.6872,1.8515
1.8369,1.8706,1.8127,1.7323,1.8078,1.7442,1.6575,1.8338,1.768,1.6359,1.643,1.7102,1.7372,1.6254,1.5677,1.5879,1.5393,1.5233,1.3632,1.1053,1.1511,1.1609,1.0297,0.97472,0.9627,0.89004,0.7132,1.2313,0.52876,0.94857,1.944,3.5014,5.5073,5.774,1.9201,1.8462,1.8974,1.9156,1.8171,1.9444,1.7625,1.8034,1.7857,1.7049,1.7865,1.868,1.8428,1.8249,1.8253,1.8195,1.8495,1.799,1.7622,1.7977,1.7698,1.756,1.7626,1.8711,1.6929,1.7547,1.8572,1.8982,1.8162,1.7695,1.7596,1.7601
1.7595,1.9172,1.9671,2.0168,2.0983,2.0018,2.0289,1.8871,1.9233,1.9779,2.1878,2.0677,1.8533,1.9619,2.174,2.2017,2.2069,2.0229,1.9337,1.9226,1.8413,1.9066,1.9633,1.9407,1.9909,2.068,2.0247,1.8997,2.2254,2.3773,2.527,2.7539,3.3464,3.3664,1.7811,1.9331,2.0075,2.2021,2.3131,2.1082,1.9818,1.8374,1.8696,1.7845,1.807,1.7932,1.7824,1.7995,1.8132,1.8305,1.8376,1.7987,1.8366,1.8128,1.8202,1.8526,1.9056,1.9161,1.9006,1.8283,1.8377,1.8086,1.8564,1.8649,1.7595,1.5874
1.7143,1.7614,1.6908,1.6524,1.6465,1.7311,1.7498,1.6137,1.5914,1.4924,1.5155,1.5367,1.5782,1.5625,1.4752,1.5359,1.4511,1.3777,1.3182,1.2712,1.0644,0.95349,0.90579,1.1954,1.4068,1.8547,2.7031,3.9394,4.2097,3.6053,2.445,2.4482,2.5448,4.3866,1.806,1.8282,1.8658,1.8975,1.8371,1.83,1.8162,1.8763,1.8876,1.8245,1.8931,1.8599,1.8056,1.7954,1.7589,1.7556,1.7657,1.7194,1.7021,1.8015,1.8702,1.774,1.6488,1.7197,1.6722,1.6137,1.7012,1.8347,1.8199,1.8104,1.7707,1.8633
1.8959,1.7995,1.7231,1.7283,1.8075,1.7146,1.5436,1.5136,1.7303,1.6658,1.4904,1.508,1.4653,1.3964,1.4211,1.3323,1.1961,0.97602,0.68308,0.61533,0.7935,1.3604,1.8411,2.3688,3.6825,3.9627,3.0716,1.8007,2.0677,2.6684,3.95,4.1877,1.6234,1.5046,1.6351,1.7244,1.8386,1.9165,1.9208,1.8995,1.8833,1.8738,1.8428,1.7877,1.7277,1.7168,1.7925,1.8452,1.8841,1.9385,1.9114,1.9783,1.9149,1.8813,1.9068,1.8685,1.8914,1.925,1.9366,1.9171,1.9171,1.916,1.881,1.8448,1.8311,1.8382
1.8222,1.7061,1.7548,1.772,1.6795,1.6343,1.5917,1.7158,1.7098,1.6405,1.6035,1.6492,1.6486,1.6226,1.6261,1.5846,1.5993,1.501,1.4634,1.4019,1.3095,1.1739,0.97043,0.76376,0.64308,0.50538,0.58118,0.348,0.42488,1.7656,3.5595,4.475,1.8024,1.6449,1.4693,1.387,1.3497,1.3628,1.3691,1.42,1.5119,1.6606,1.8136,1.8789,1.9734,2.1498,2.1016,2.0664,1.9861,1.9841,1.9896,1.8605,1.9322,1.8823,1.8996,1.8899,1.8741,1.8178,1.8462,1.8955,1.895,1.8597,1.8622,1.9115,1.8867,1.8239
1.7534,1.6953,1.7497,1.7647,1.7194,1.57,1.7569,1.7222,1.7447,1.6213,1.6463,1.7397,1.5724,1.3856,1.4106,1.4337,1.3989,1.1904,1.1609,1.1959,1.1807,1.0342,0.92595,0.79071,0.67195,0.4286,0.3348,0.98463,1.4732,2.8747,3.6648,4.2453,1.9242,1.9274,1.9305,1.8518,1.9304,1.9254,1.9184,1.9177,1.8962,1.8921,1.8936,1.9147,1.8939,1.8949,1.9046,1.9082,1.9066,1.9083,1.8957,1.89,1.9141,1.9208,1.8666,1.8838,1.9218,1.8736,1.9041,1.8509,1.8168,1.8267,1.8236,1.8094,1.8013,1.7674
1.7501,1.7125,1.6558,1.5751,1.4792,1.4092,1.3563,1.2341,1.2341,1.3418,1.2318,1.1667,1.1635,1.0793,1.0251,1.0831,1.2256,1.3396,1.3378,1.3518,1.3784,1.334,1.2707,1.2877,1.4038,1.9085,2.4795,3.2403,3.9868,4.5686,5.1232,5.3424,1.9417,1.9213,1.9162,1.9197,1.8876,1.9028,1.9182,1.8974,1.8869,1.9093,1.9218,1.9164,1.9037,1.8918,1.8653,1.972,1.8682,1.8924,1.877,1.8901,1.9051,1.8799,1.8753,1.8454,1.8444,1.8505,1.8514,1.8113,1.7774,1.7764,1.8151,1.773,1.6774,1.5815
1.6555,1.5401,1.594,1.5063,1.4614,1.4817,1.4378,1.355,1.3017,1.3516,1.3413,1.2644,1.2189,1.2719,1.3323,1.3407,1.3818,1.5456,1.709,1.8361,2.111,2.4041,2.4549,2.3533,2.1507,1.9792,2.1623,2.3717,2.7296,2.8718,3.2206,4.0233,1.9084,1.9124,1.9387,1.9477,1.916,1.8799,1.8733,1.7697,1.8927,1.8205,1.9234,1.9062,1.9255,1.9283,1.9326,1.9269,1.9119,1.8975,1.8828,1.8675,1.8839,1.8781,1.8775,1.8525,1.9053,1.9096,1.8622,1.8249,1.8953,1.8309,1.8636,1.8023,1.7645,1.7455
1.7277,1.6658,1.5111,1.4749,1.5106,1.5044,1.4233,1.3081,1.2413,1.2475,1.3285,1.2873,1.1507,1.2083,1.2153,1.2793,1.2213,1.1521,1.3952,1.5417,1.678,1.7879,1.684,1.6808,1.8948,1.9213,2.0743,2.0122,2.36,3.1737,4.1735,4.4684,1.9072,1.891,1.9095,1.925,1.934,1.9217,1.9223,1.9356,1.9126,1.9222,1.9278,1.9184,1.8754,1.9731,1.8961,1.9357,1.9156,1.9192,1.9269,1.9136,1.896,1.8879,1.8998,1.8948,1.9086,1.9058,1.9065,1.9233,1.8919,1.8589,1.8545,1.7723,1.8134,1.7748
1.7731,1.7723,1.7327,1.7029,1.676,1.5924,1.515,1.4247,1.3571,1.2651,1.0877,0.99532,0.95197,0.84781,0.82361,0.89831,0.99416,1.0117,1.176,1.2259,1.2573,1.2753,1.3451,1.577,1.6955,1.6903,1.8601,2.3462,3.0105,3.522,4.5316,5.0282,1.8593,1.9451,1.872,1.9214,1.9349,1.918,1.9129,1.9113,1.9174,1.9066,1.904,1.9066,1.8992,1.9123,1.8973,1.88,1.8675,1.872,1.8083,1.8569,1.8747,1.8314,1.8293,1.7836,1.7529,1.7213,1.6384,1.5183,1.4161,1.427,1.5003,1.5213,1.4056,1.2747
1.286,1.3835,1.4879,1.4339,1.5478,1.5208,1.6026,1.5959,1.643,1.6789,1.7202,1.7634,1.8459,1.8945,1.9548,1.9536,1.9871,2.0608,1.9938,2.0958,1.9377,1.6909,1.6339,1.8407,1.9596,2.2585,2.9668,3.3351,2.9435,3.2422,3.5546,4.0071,2.1419,2.038,1.8161,1.7044,1.789,1.9451,1.9467,1.8714,1.9112,1.8928,1.9866,1.9857,1.8804,1.7138,1.6346,1.7064,1.7539,1.9162,1.9227,1.9264,1.9371,2.0025,2.0325,1.9973,1.9143,1.886,1.8559,1.7367,1.6809,1.6593,1.7197,1.6987,1.6641,1.6091
1.6368,1.6273,1.5731,1.5342,1.4767,1.3321,1.2383,1.2352,1.2625,1.3453,1.1679,1.1212,1.2644,1.3773,1.3988,1.2935,1.2165,1.3276,1.4134,1.6316,1.6614,1.5245,1.7027,1.6737,1.557,1.6894,2.4041,3.6414,3.7915,4.3706,3.9133,5.0687,1.8333,1.8792,1.9297,1.9011,2.0779,1.9354,1.9513,1.9293,1.8624,1.8847,1.909,1.9691,1.9623,1.983,1.97,1.9143,1.8896,1.8677,1.8681,1.8669,1.9131,1.9313,1.9121,1.9473,1.8681,1.9163,1.8632,1.8151,1.8171,1.7964,1.7451,1.7136,1.6661,1.7177
1.6532,1.5696,1.5119,1.5007,1.5391,1.5291,1.4945,1.4907,1.5281,1.4696,1.4177,1.2739,1.1752,1.2224,1.2674,1.1787,1.1176,1.1395,1.21,1.3692,1.4383,1.5065,1.611,1.7301,1.7702,1.754,1.7879,1.9431,2.4521,2.8877,3.5476,4.7352,1.8905,1.9073,1.9261,1.9533,1.9624,1.9695,1.9361,1.9024,1.8801,1.8697,1.8762,1.8398,1.8641,1.8772,1.834,1.9858,1.8708,1.9536,1.9212,1.8825,1.8503,1.8594,1.8701,1.8578,1.8505,1.8548,1.8546,1.8229,1.7556,1.7257,1.7323,1.7062,1.6186,1.5673
1.6556,1.5694,1.5894,1.5185,1.4562,1.4729,1.4155,1.3072,1.2806,1.2885,1.2673,1.264,1.2437,1.4621,1.4861,1.412,1.3808,1.3752,1.3464,1.4794,1.5958,1.7762,1.8663,1.9755,1.9641,1.9632,2.3052,2.4181,2.5832,3.3081,3.9333,4.6368,1.8858,1.8864,1.8836,1.8964,1.9056,1.9071,1.8989,1.9047,1.9112,1.9223,1.8979,1.9286,1.8925,1.8979,1.8996,1.8991,1.849,1.9205,1.8379,1.8944,1.9107,1.8736,1.8834,1.872,1.8599,1.8251,1.8225,1.8153,1.8172,1.7844,1.7337,1.6997,1.6709,1.649
1.6031,1.5066,1.483,1.4177,1.2963,1.258,1.3259,1.4087,1.4311,1.2636,1.1502,1.1088,1.198,1.2642,1.3061,1.4332,1.534,1.5683,1.5579,1.5463,1.6746,1.7655,2.0317,2.2292,2.5001,2.7372,2.7773,2.7792,3.0268,3.3202,3.1834,4.0241,1.896,1.893,1.8915,1.9102,1.884,1.8987,1.8985,1.9178,1.8975,1.9108,1.9472,1.9527,1.9612,1.9461,1.9205,1.8841,1.9572,1.8549,1.8731,1.9183,1.8961,1.8656,1.8669,1.8736,1.8746,1.8758,1.8434,1.7882,1.7756,1.7244,1.6559,1.6368,1.6451,1.5382
1.3821,1.3863,1.157,1.1289,1.3658,1.5698,1.349,1.2513,1.2862,1.3647,1.3604,1.358,1.4362,1.536,1.6171,1.5219,1.6634,1.7415,1.8472,1.9492,1.8199,2.0009,2.2007,2.2327,2.4331,2.7551,2.9117,2.9452,2.8782,2.6675,3.065,4.0587,1.8565,1.8092,1.8408,1.8064,1.7731,1.8106,1.8064,1.8415,1.9055,1.9496,1.9158,1.8953,1.889,1.8868,1.8021,1.8635,1.8883,1.9486,2.0003,1.98,2.0005,2.0016,1.9917,1.9468,1.9577,1.9503,1.9289,1.9143,1.9042,1.8688,1.8348,1.835,1.8315,1.7802
1.868,1.7037,1.7545,1.7229,1.6752,1.5631,1.5136,1.4317,1.3392,1.298,1.282,1.239,1.1783,1.2206,1.262,1.2332,1.1476,1.1859,1.2732,1.3486,1.3589,1.3942,1.4699,1.5318,1.5419,1.8181,1.8486,1.9153,2.6699,3.8127,4.319,4.738,1.9025,1.9056,1.9035,1.9043,1.894,1.8739,1.8631,1.9416,1.8474,1.9006,1.8961,1.8983,1.9238,1.9249,1.9188,1.9279,1.9219,1.9111,1.8909,1.8976,1.8946,1.9045,1.8854,1.8438,1.7278,1.8522,1.841,1.9402,1.9262,1.8678,1.8741,1.8536,1.818,1.7737
1.748,1.686,1.5734,1.4536,1.3609,1.2735,1.1508,1.0919,1.0658,1.0831,1.3164,1.2598,1.4346,1.571,1.6114,1.5639,1.6261,1.7048,1.6877,1.6812,1.6486,1.6617,1.675,1.7387,1.9028,2.0425,2.1785,2.1846,2.7903,4.1766,4.5341,4.8171,1.9183,1.9148,1.9205,1.9091,1.9044,1.9229,1.9158,1.914,1.8909,1.8859,1.8697,1.8696,1.8622,1.8738,1.8667,1.8311,1.8936,1.8321,1.8669,1.9109,1.9177,1.9521,1.9326,1.931,1.9084,1.8753,1.8189,1.809,1.7699,1.7426,1.7347,1.7005,1.688,1.6689
1.6975,1.6057,1.5461,1.5119,1.3962,1.3004,1.2951,1.315,1.1901,1.2186,1.3462,1.5438,1.5707,1.6076,1.65,1.7155,1.7545,1.8191,1.97,1.9779,1.997,2.0765,2.0431,1.9346,1.9472,2.0295,2.0548,2.0452,1.857,2.197,3.2427,4.2141,1.9008,1.9053,1.8811,1.9131,1.9189,1.8418,1.9396,1.9424,1.9287,1.9607,1.9414,1.9374,1.928,1.9121,1.9366,1.9003,1.9081,1.9035,1.9304,1.9227,1.912,1.913,1.8934,1.8706,1.8461,1.9696,1.8579,1.9211,1.8818,1.8582,1.8545,1.852,1.8011,1.7516
1.7459,1.7281,1.6861,1.6254,1.5174,1.452,1.3021,1.21,0.95404,1.1385,0.96238,0.95506,1.0232,1.0599,1.0942,1.1343,1.1906,1.4128,1.5282,1.702,1.67,1.6051,1.588,1.8431,1.998,1.7796,2.2525,3.4235,4.4622,4.5809,5.8283,6.3531,1.825,1.7961,1.7531,1.7781,1.807,1.8658,1.8955,1.9369,1.9955,1.9975,2.0173,1.9071,1.9655,1.8448,1.8866,1.857,1.8235,1.8548,1.87,1.9164,1.9363,1.9505,1.9421,1.9392,1.9104,1.8918,1.8509,1.8525,1.8417,1.7545,1.9025,1.7713,1.8322,1.7792
1.756,1.6834,1.5979,1.5558,1.5334,1.554,1.5239,1.4224,1.3389,1.2058,1.1197,1.0393,1.0737,0.98859,1.1204,1.068,1.2329,1.3033,1.3735,1.4935,1.5949,1.6117,1.6655,1.7089,1.6346,1.6426,1.6865,1.7913,2.3226,3.6642,6.037,6.4936,1.9291,1.9322,1.8859,1.9535,1.9218,1.8943,1.9239,1.8975,1.9232,1.9308,1.9481,1.9205,1.9405,1.9378,1.9579,1.9416,1.9383,1.9255,1.9205,1.9296,1.8985,1.8764,1.942,1.8607,1.9029,1.8768,1.827,1.8206,1.798,1.7718,1.7453,1.6868,1.6453,1.6222
1.5738,1.5297,1.49,1.4461,1.4416,1.243,1.2942,1.2137,1.2846,1.1814,1.0277,1.1023,1.3479,1.6005,1.4931,1.4773,1.501,1.5747,1.7087,1.7715,1.9001,2.0408,2.1345,2.2802,2.7352,2.793,2.5104,2.3819,2.745,3.0479,3.6066,4.0406,1.9865,2.0743,1.9164,2.276,2.1553,1.8389,1.7157,1.7956,1.8848,1.9207,1.9383,1.9939,2.0233,2.0135,2.0267,1.9992,1.934,1.9081,1.7997,1.8675,1.8537,1.8538,1.923,1.9328,1.9259,1.9309,1.9197,1.8985,1.8664,1.8401,1.8217,1.8069,1.8037,1.8036
1.8144,1.7967,1.7991,1.7045,1.8285,1.6754,1.6634,1.5987,1.4536,1.2475,1.0731,1.0156,1.0791,1.0546,1.0087,0.97496,0.88127,0.78782,0.92653,1.1647,1.2495,1.3848,1.6771,1.7251,1.7174,1.7218,1.9896,2.3212,2.5486,2.6513,3.2892,5.2704,1.9071,1.9057,1.9096,1.9115,1.8214,1.9746,1.8818,1.9417,1.9231,1.8819,1.8925,1.8888,1.8701,1.9059,1.8675,1.8505,1.8534,1.8722,1.9049,1.9057,1.9031,1.9068,1.8732,2.0047,1.9057,1.9204,1.8912,1.8513,1.8368,1.8051,1.7797,1.7682,1.7589,1.7591
1.714,1.6593,1.6087,1.5526,1.4953,1.4417,1.2779,1.1752,1.1755,1.2066,1.1701,1.1304,1.1514,1.1801,1.2882,1.3821,1.582,1.6746,1.7037,1.8558,1.9086,1.9265,1.9947,2.1023,2.1877,2.3327,2.459,2.2199,2.3194,2.5296,3.0423,3.927,2.1973,2.2203,2.1822,2.1223,2.0709,2.1666,2.0463,2.0089,2.0579,2.1072,2.0912,2.1112,2.105,2.1875,2.1577,2.1587,2.1211,2.0654,1.9129,1.8924,1.9174,1.8882,1.889,1.8523,1.8468,1.9071,1.8983,1.8713,1.8803,1.8998,1.8806,1.8843,1.8837,1.9864
1.9706,1.8919,1.6345,1.5554,1.5053,1.4937,1.5469,1.4722,1.5593,1.6783,1.7752,1.7039,1.6739,1.8738,2.1632,2.0707,1.8707,2.0222,1.978,1.9395,2.0104,2.5954,2.7758,2.3526,2.0504,1.9913,2.0829,1.97,2.103,2.6243,3.666,4.4186,1.9959,1.9174,1.8895,1.8749,1.882,1.8903,1.8576,1.9198,1.918,1.907,1.8992,1.9243,1.8988,1.8441,1.7925,1.8135,1.8307,1.8053,1.8366,1.8354,1.8691,1.9704,1.9061,1.8264,1.882,1.8381,1.8237,1.7593,1.7171,1.7374,1.7518,1.8156,1.7904,1.6564
1.6074,1.5503,1.5747,1.5325,1.4661,1.4129,1.4927,1.4667,1.4378,1.4255,1.4621,1.4806,1.4182,1.3715,1.3417,1.3435,1.3257,1.3277,1.3898,1.5378,1.5765,1.7053,1.7492,1.9361,2.0227,1.8882,2.0212,2.3429,2.6117,3.5957,4.4045,5.0686,1.9144,1.921,1.9138,1.8801,1.9071,1.9188,1.9147,1.9145,1.9283,1.9076,1.9263,1.9149,1.9158,1.9129,1.9289,1.9021,1.8966,1.812,1.8893,1.9293,1.9107,1.9327,1.9053,1.8516,1.909,1.9263,1.8822,1.867,1.8784,1.8621,1.8665,1.8548,1.8537,1.8385
1.7995,1.6885,1.7304,1.63,1.5248,1.4269,1.3064,1.1656,1.0301,1.0291,1.2284,1.3239,1.3457,1.4991,1.4589,1.2704,1.1348,1.1606,1.169,1.1683,1.2938,1.304,1.4713,1.5477,1.7744,1.9691,1.9865,2.0988,2.3921,3.47,5.1839,5.6402,1.9439,1.9164,2.0777,2.042,1.8856,1.7998,1.8138,1.8128,1.8177,1.8278,1.7974,1.7869,1.8037,1.8505,1.9017,1.94,1.945,1.8769,2.0323,1.8868,1.9351,1.9249,1.885,1.8343,1.8342,1.8003,1.7958,1.7988,1.809,1.8281,1.8609,1.8581,1.7901,1.8734
1.7362,1.5481,1.3797,1.3655,1.404,1.3203,1.2088,1.2166,1.1898,1.1579,1.2545,1.3845,1.3657,1.3877,1.4557,1.5092,1.5377,1.5774,1.5677,1.7089,1.7409,1.7237,1.8679,2.0562,2.1671,2.2414,2.2619,2.6395,3.5937,4.8901,5.5112,5.4747,1.897,1.8689,1.8643,1.888,1.8688,1.8718,1.8934,1.9169,1.9175,1.9163,1.949,1.9469,1.9476,1.8456,1.8952,1.9147,1.9044,1.9134,1.8596,1.8686,1.8592,1.8566,1.8811,1.9295,1.9566,1.9525,1.9547,1.8819,1.8613,1.832,1.792,1.7028,1.6864,1.7208
1.6953,1.6768,1.5849,1.4459,1.3718,1.2649,1.2505,1.2559,1.271,1.2006,1.253,1.3083,1.2756,1.2998,1.4407,1.3853,1.4377,1.455,1.3797,1.5176,1.6097,1.6708,1.7387,1.8206,1.9654,2.1184,1.918,2.3512,3.2603,3.6033,4.6511,7.032,1.8123,1.8207,1.8613,1.9096,1.9173,1.9376,1.9623,1.9435,1.9487,1.921,1.9322,1.9277,1.9094,1.9028,1.9054,1.8981,1.9282,1.9843,2.0544,1.9902,1.9924,1.9836,1.9287,1.9121,1.894,1.8012,1.874,1.8546,1.8542,1.8513,1.7799,1.7291,1.6363,1.6307
1.6492,1.6705,1.6687,1.6808,1.7033,1.6256,1.5464,1.5266,1.4502,1.3112,1.1909,1.3113,1.1199,0.99001,1.0666,1.0886,1.0362,1.1125,1.2087,1.3601,1.3996,1.444,1.4309,1.5543,1.7234,2.0518,2.0697,2.3948,3.0042,3.7291,5.575,6.7835,1.9271,1.8906,1.9679,1.924,1.9428,1.901,1.8919,1.9007,1.8907,1.8799,1.9192,1.9354,1.989,1.9845,1.9574,1.9581,1.9464,1.9066,1.8944,1.8284,1.826,1.8853,1.8685,1.8902,1.8851,1.8303,1.8357,1.8366,1.8243,1.7824,1.7395,1.7248,1.7174,1.6728
1.599,1.5604,1.5969,1.5578,1.5074,1.4956,1.4071,1.4311,1.4936,1.4137,1.4637,1.5094,1.4842,1.3598,1.3881,1.4937,1.4004,1.2109,1.1175,1.0897,1.0706,1.1763,1.2545,1.2012,1.1852,1.5133,1.9024,2.0625,3.2363,4.8736,6.5167,7.3314,1.8426,1.9142,1.8536,1.8715,1.8898,1.8918,1.9169,1.9083,1.9183,1.9069,1.9224,1.9556,1.9147,1.8566,1.9235,1.8556,1.8158,1.8154,1.8784,1.8352,1.8905,1.8798,1.8837,1.8989,1.8888,1.9135,1.8811,1.8635,1.8426,1.8484,1.8517,1.8246,1.7728,1.7587
1.7369,1.64,1.5427,1.5835,1.4344,1.3897,1.315,1.2426,1.1832,1.1902,1.2547,1.155,1.0237,1.0843,1.1197,1.1812,1.1048,1.2218,1.341,1.4247,1.5633,1.5968,1.6826,1.7659,2.2708,2.7379,2.7379,2.7295,3.974,5.848,6.7295,6.8995,6.625,6.028,3.9023,2.456,1.6251,1.0892,0.69719,0.66994,0.71968,0.70592,0.56893,0.60563,0.62248,0.70132,0.8768,1.0852,1.3887,1.811,2.1222,2.1785,2.9102,3.2239,2.5418,2.3885,2.5266,2.4865,2.2967,2.0744,1.9191,1.7965,1.795,1.6246,1.5331,1.7695
1.7274,1.7435,1.7916,1.7588,1.6906,1.6657,1.6384,1.5789,1.4443,1.2327,1.3103,1.5627,1.6298,1.5797,1.692,1.7748,1.7352,1.6079,1.6872,1.765,1.5889,1.5553,1.703,1.8164,1.7816,1.8327,1.731,1.4218,1.4928,1.4293,1.3773,1.4436,1.3095,1.3275,1.8435,2.3759,2.8844,3.0755,4.243,5.2874,4.8086,3.8757,3.3656,2.8962,2.5809,3.4374,2.9607,1.7095,2.4201,2.4821,2.4985,2.1672,2.1102,2.1346,1.9957,2.0979,2.3702,2.2751,2.3176,2.4589,2.5447,2.3679,2.4099,2.0777,1.6955,1.7471
1.8086,1.7946,1.7243,1.7114,1.7984,1.9001,1.89,1.9387,2.1666,2.2791,2.2816,2.2425,2.2231,2.1268,2.0299,2.136,2.1781,1.8483,1.5716,2.6209,3.0264,3.5862,4.4693,4.8925,3.7497,3.059,1.4137,0.43575,2.1717,2.4264,3.0409,3.0131,2.4846,2.1579,2.0829,2.6944,3.5603,4.3538,4.6598,4.4716,4.2524,3.2888,2.8329,2.2899,1.7987,1.3314,1.3234,1.1088,1.0375,1.0688,1.1256,1.3234,1.5832,1.6823,1.8858,2.2039,2.3258,2.5837,2.3205,2.2322,2.1464,1.9592,1.8908,1.6964,1.6011,1.5193
1.6098,1.5152,1.3761,1.2417,1.1051,1.0654,1.1278,1.18,1.0844,1.0874,1.0874,1.1935,1.2878,1.3873,1.6739,1.8095,1.6091,1.4354,1.4432,1.7642,1.6962,1.4512,2.2557,2.9491,3.2364,3.5219,3.9139,5.8353,6.2151,5.0707,5.9502,3.8433,2.39,1.8183,1.7926,1.8556,1.7345,1.5921,1.3073,1.3158,1.3137,1.2173,1.1555,1.3934,1.8203,2.2013,2.4223,2.5295,2.5514,2.6057,2.5064,2.4555,2.4226,2.4013,2.1643,1.9246,1.7833,1.6845,1.7055,1.563,1.4667,1.3301,1.4848,1.5842,1.5455,1.5776
1.4737,1.394,1.3451,1.3399,1.6245,1.7937,1.8133,1.7631,1.5839,1.3133,1.0943,1.0418,0.99293,0.92077,0.77171,0.8144,1.0082,0.84641,0.831,0.97195,1.0352,1.0915,1.2941,1.7433,1.5394,1.3471,2.0857,2.5982,5.2255,6.6183,5.6321,6.2374,6.1641,4.9356,4.6713,3.9955,3.2139,2.6639,1.9705,1.3961,1.5366,1.5547,1.0115,1.1885,1.3791,1.3833,1.5624,1.5479,2.0925,2.338,2.5915,2.9668,3.0945,3.1427,3.0077,2.7835,2.5949,2.3531,2.2257,1.8829,1.6821,1.4628,1.2555,1.675,1.7764,1.7791
1.845,1.8724,1.8789,1.8498,1.8322,1.7537,1.7608,1.7215,1.6749,1.6994,1.7479,1.718,1.301,1.2164,1.2397,1.1103,0.93581,0.73912,0.78461,0.68999,0.41728,0.29194,0.15592,0.44081,0.854,1.4655,2.174,4.4084,6.1624,4.6403,7.7919,3.9587,1.2474,7.6065,6.1262,3.6644,2.0957,1.9747,2.118,1.4777,1.0093,0.83617,0.73539,0.83317,1.0915,1.1759,1.4567,1.4757,1.4266,1.7196,2.412,3.1465,3.1465,3.2692,3.0428,2.9705,2.9731,2.8614,2.7953,2.5839,2.3922,2.1993,1.9082,1.6671,1.6195,1.582
1.6941,1.665,1.6116,1.4935,1.6389,1.5856,1.5107,1.5562,1.5365,1.4188,1.2429,1.1458,1.0566,0.94191,0.89198,0.84564,0.8965,0.80959,0.80253,0.91553,0.94207,1.0245,1.1585,1.1631,1.0613,1.2876,2.0608,2.9444,3.8174,5.5316,5.5742,8.3906,5.9455,5.0219,4.0342,3.4989,3.331,2.4605,1.7931,0.96839,0.99518,0.92929,0.78428,1.0098,0.87176,0.83375,0.77186,1.2321,2.3151,3.4213,3.6957,3.775,3.6161,3.4034,3.0618,2.7828,2.5768,2.0659,1.773,1.4849,1.3888,1.3248,1.4383,1.4894,1.8349,1.8148
1.748,1.6319,1.5082,1.4949,1.4173,1.4019,1.4503,1.3573,1.4903,1.6388,1.3948,1.244,1.3287,1.2168,1.1024,1.4612,1.3847,1.0221,0.8492,0.29941,0.2117,0.42525,0.53923,0.38751,0.36791,0.93906,0.95441,2.474,3.3981,13.667,15.96,6.9594,8.7374,5.6269,3.2476,3.0579,2.8448,1.5379,0.96216,1.0183,0.62291,0.61435,0.66677,0.57879,0.71463,0.93755,1.0604,1.7214,2.9,3.3325,3.0362,2.5606,3.282,3.6406,3.3584,3.4112,3.2249,2.7893,2.547,2.3079,1.8547,1.7941,1.1637,0.90737,1.6772,1.6902
1.7219,1.7278,1.747,1.7688,1.7763,1.691,1.5986,1.59,1.5449,1.3752,1.2276,1.1906,1.1981,1.0695,0.89345,0.76622,0.73089,0.8306,0.85453,0.72635,0.51851,0.4922,0.38747,0.13336,0.24397,0.33583,0.99017,2.0018,6.5883,7.6941,12.3,7.5174,6.1109,5.5068,4.46,4.1471,2.7423,1.4968,1.0282,1.2517,0.85266,0.68381,0.60849,0.73167,0.75556,0.85084,1.2103,1.6915,2.356,3.1558,3.1295,3.6156,3.3192,3.0696,2.955,2.6607,2.2031,1.7458,1.4513,1.3036,1.3718,1.5447,1.6696,1.6485,1.9146,1.8598
1.8247,1.7333,1.7,1.6353,1.5992,1.5444,1.4816,1.436,1.4315,1.5403,1.5137,1.4813,1.4054,1.4127,1.0831,0.83154,0.53852,0.33209,0.21327,0.29217,0.74964,0.60589,0.2032,0.14666,0.46599,0.81138,2.194,3.4304,9.3838,15.326,8.4596,12.136,6.7167,1.9053,1.525,2.1724,2.0873,1.442,0.92731,0.24163,0.16705,0.5276,0.64831,0.7546,0.88664,1.2882,1.7913,3.6751,2.7555,3.2278,2.9508,3.115,3.0607,3.4428,3.1421,3.0113,3.2711,3.22,2.5843,2.3035,1.9318,1.6298,1.2344,0.85216,1.8105,1.6445
1.8175,1.73,1.6643,1.7195,1.6794,1.6283,1.5934,1.536,1.4976,1.4385,1.395,1.4091,1.4139,1.3256,1.2435,1.2764,1.2878,1.154,1.0606,0.84658,0.76214,0.43166,0.38457,0.44606,0.47076,0.49374,0.5936,0.91475,1.6148,3.0869,7.5079,4.9751,6.734,6.1598,6.5615,5.6928,5.9734,6.2486,3.0159,4.6202,2.0134,1.6257,1.2931,0.84303,0.42476,1.1198,1.3017,1.421,1.7231,1.8248,1.9045,2.5091,2.6427,2.8479,2.7772,2.679,2.8257,2.3926,2.2447,2.1927,1.7965,1.6917,2.5658,1.7606,1.4821,1.5959
1.5159,1.3534,1.3695,1.2739,1.2725,1.1859,1.1568,1.3027,1.4905,1.4932,1.5263,1.6468,1.5492,1.3094,1.124,1.171,1.1881,1.084,1.3006,0.89035,0.9703,0.79393,0.61659,0.52613,1.2143,1.7948,2.4887,7.4826,7.3025,9.6835,11.496,7.0683,4.684,2.6112,2.1174,2.0737,1.6528,1.2065,1.0259,0.95548,0.60887,1.1387,1.5657,1.2499,1.5273,2.1351,2.4116,2.516,2.9269,3.0309,3.0485,3.0348,2.9926,2.8926,2.8151,2.6477,2.663,2.3616,1.939,1.5413,1.4383,1.5338,1.2834,1.3472,1.7507,1.6944
1.6824,1.6971,1.6688,1.6059,1.5652,1.6587,1.6861,1.613,1.5861,1.4984,1.362,1.2237,1.1455,1.0709,0.92767,0.73864,0.58046,0.49883,0.51513,0.52477,0.98139,0.5454,0.64724,0.7824,0.95906,1.4128,3.8674,5.6399,5.9539,9.7773,9.9333,7.7877,5.6373,2.9499,1.9236,3.1813,2.5312,1.5532,0.92796,1.2026,0.5078,0.8846,0.73326,0.8296,0.69992,0.75655,1.1202,1.3003,1.9459,2.602,3.859,3.5541,3.8114,3.825,2.8334,2.0108,1.4933,1.6862,1.3046,1.5474,1.4113,1.2306,1.2127,1.2961,1.6205,1.515
1.5165,1.5203,1.497,1.4693,1.4433,1.4541,1.4757,1.5984,1.6233,1.5812,1.5859,1.5892,1.7049,1.7529,1.7086,1.6352,1.4969,1.4553,1.4147,1.4242,1.5908,1.7071,1.4633,1.1549,1.1871,1.3917,2.1222,3.0752,4.2998,5.4278,6.2967,4.4715,2.7568,1.2141,1.2137,2.6686,3.7016,2.1534,2.5802,3.1125,3.5697,3.9661,3.7419,3.9936,3.9626,3.7172,3.5491,2.5124,2.0856,1.1609,1.4858,1.1662,0.84329,1.0146,1.2283,1.4262,1.3989,1.664,2.0519,2.2643,2.4287,2.551,2.5303,2.2673,1.7121,1.7279
1.7315,1.7225,1.7273,1.7093,1.663,1.6117,1.6896,1.6546,1.5561,1.5148,1.469,1.3979,1.2714,1.3176,1.2858,1.1152,0.89699,0.66719,0.4595,0.29018,0.2182,0.18784,0.33096,0.38824,0.32547,0.40888,0.55878,0.71492,1.249,4.201,10.443,8.6847,13.309,6.5734,6.6672,4.1359,5.5742,3.8372,3.6449,1.8942,1.5014,0.60478,0.58039,0.56325,0.6386,0.93369,1.3163,1.3357,1.7958,3.2661,3.0298,2.9672,2.8461,2.7198,2.7003,2.3422,2.13,2.5546,2.0434,2.058,1.7827,1.9138,1.8072,1.748,1.7063,1.7192
1.6533,1.6789,1.609,1.5329,1.563,1.4965,1.4658,1.4915,1.4287,1.5416,1.5099,1.339,1.2249,1.1731,1.0995,0.86456,0.67593,0.42011,0.52415,0.80815,0.8333,0.7779,0.23486,0.38492,0.49324,2.9251,1.0796,6.4819,9.624,10.24,14.494,8.8011,5.4722,3.7542,1.7863,0.82882,0.8328,0.46848,0.66882,0.4316,0.53946,0.71847,0.67649,0.75461,0.77596,1.0013,1.2641,1.7417,2.6763,3.6615,4.0139,3.6571,3.3823,3.7617,3.8902,3.0808,2.8338,2.6852,2.4168,1.7863,1.3337,1.0468,0.69698,0.3447,1.7444,1.7456
1.7132,1.7182,1.6903,1.6614,1.6105,1.3806,1.3744,1.2391,1.0187,1.0087,0.79462,0.64397,0.59705,0.52562,0.56304,0.69343,0.84939,0.83612,1.1324,1.2551,1.2961,1.3413,1.7631,1.867,1.3895,1.2855,3.5126,3.8481,4.2557,6.8671,5.8909,5.6956,5.6315,4.9015,4.0137,3.8573,2.9913,1.6891,0.97103,1.3409,0.76611,0.56083,0.76234,0.69311,0.61547,0.52443,1.1452,1.347,1.6357,2.0703,2.4372,3.0994,3.619,3.5144,3.2098,2.9101,2.7739,2.131,1.7532,1.3747,1.3376,1.6071,1.2212,1.3273,1.6133,1.6041
1.5817,1.4922,1.4208,1.5518,1.5072,1.5396,1.4768,1.5272,1.4595,1.4187,1.2429,1.4568,1.2692,1.1382,1.1564,0.94538,0.86726,0.71488,0.51787,0.33568,0.20424,0.41556,0.4747,0.2325,0.8483,0.80019,1.365,2.4572,6.388,17.694,10.008,10.599,7.1687,3.7244,4.0017,2.3392,1.2822,0.99881,0.99276,1.0518,1.012,0.91179,1.0197,0.90467,0.95014,1.2172,1.8144,2.359,2.9006,3.004,3.0119,3.153,3.3002,3.1236,2.8283,2.7818,2.8195,2.7037,2.5482,2.2229,1.7417,1.4701,1.4493,1.2327,1.5505,1.5691
1.577,1.5578,1.6231,1.7467,1.7343,1.6671,1.612,1.5493,1.5076,1.4726,1.4571,1.321,1.1038,1.2422,1.1579,1.1585,0.98608,0.64879,0.6193,0.73385,0.64114,0.86923,0.5244,0.95283,2.2202,3.652,3.9664,3.8461,2.7855,5.9639,9.6308,7.152,5.8886,4.9782,2.8636,2.3519,2.3623,1.5977,1.3151,1.192,0.95641,0.72636,1.0022,1.0191,1.1901,1.4943,1.8709,2.5378,2.1619,2.2268,2.3195,2.5231,2.3436,2.2435,2.3161,2.2218,2.0126,1.8981,1.7573,1.682,1.803,1.7915,1.739,1.7811,1.5163,1.4639
1.4801,1.5361,1.6046,1.6833,1.6802,1.7005,1.6662,1.5645,1.3712,1.392,1.2745,1.2084,0.96959,0.79694,0.66337,0.45913,0.2999,0.13713,0.12272,0.1733,0.4084,0.28055,0.22673,0.61082,1.9443,1.8262,4.8231,14.721,13.271,5.3376,13.809,4.2952,4.089,1.9405,1.3075,1.2689,1.2779,0.84932,0.93783,0.82118,1.0401,0.85053,0.96162,1.3332,1.7451,1.8661,2.4926,2.5609,2.9125,3.2234,3.1038,2.9112,3.6266,3.6674,3.1317,2.8364,2.8916,2.6887,2.0401,1.9714,1.8779,1.2782,0.965,0.87084,1.735,1.6387
