0.27247,0.20508,0.059572,-0.066897,-0.11475,-0.023438,0.095706,0.21192,0.41163,0.66652,0.94632,1.1875,1.2217,0.9678,0.75491,0.69582,0.49025,0.44386,0.47902,0.34376,0.13526,-0.94974,-0.92825,-0.93606,-0.91897,-0.94534,-0.98489,-0.9595,-0.91214,-0.8887,-0.90872,-0.90677,-0.88235,-0.87503,-0.89944,-0.93558,-0.92288,-0.89895,-0.8887,-0.84036,-0.79543,-0.78323,-0.7593,-0.74807,-0.73586,-0.70412,-0.70168,-0.70363,-0.64797,-0.584,-0.54836,-0.59279,-0.58156,-0.45558,-0.29493,-0.17676,-0.098148,-0.028321,0.08887,0.25733,0.43751,0.51271,0.33253,0.097659,-0.36769,-1.1939
-0.70461,-0.7007,-0.67238,-0.62453,-0.58742,-0.56594,-0.54836,-0.54299,-0.49855,-0.56301,-0.58058,-0.45851,-0.36818,-0.20362,-0.091311,0.020997,0.15625,0.26466,-0.058596,-0.68557,-1.4219,-1.8599,-2.3643,-2.544,-1.2095,-0.9761,-0.32325,-0.26856,-0.22217,0.029298,0.22413,0.32569,0.32423,0.292,0.17139,0.064943,0.04883,0.041017,-0.018067,-0.059084,-0.10645,-0.074221,-0.16895,-0.041017,-0.013672,0.04004,0.12012,0.12598,0.15186,0.16993,0.16749,0.12159,0.090335,0.058107,0.066408,0.098636,0.12207,0.13477,0.078616,0.033204,0.038087,0.058107,-0.013184,-0.1084,-0.26807,-0.88186
-0.37501,-0.34767,-0.33692,-0.30665,-0.38038,-0.34913,-0.3296,-0.32569,-0.36378,-0.35157,-0.292,-0.24659,-0.1963,-0.1709,-0.22803,-0.18262,-0.065432,0.073244,0.088382,-0.052736,-0.28321,-0.24268,-0.18311,-0.10498,-0.45119,-0.68117,-1.1431,-1.5538,-2.1876,-1.815,-1.6275,-0.7842,-0.4048,-0.078127,-0.18897,0.14942,0.56887,0.70412,0.66994,0.52345,0.50978,0.50002,0.54543,0.58351,0.48341,0.42531,0.45167,0.48,0.49171,0.53175,0.53273,0.55129,0.57033,0.584,0.57179,0.50783,0.43703,0.40333,0.35255,0.33839,0.33497,0.24903,0.1792,0.17481,0.050295,0.090823
-0.39894,-0.34962,-0.34474,-0.31935,-0.29591,-0.28175,-0.29102,-0.27833,-0.30519,-0.27931,-0.038087,0.17481,0.37452,0.65285,0.55031,0.33009,0.14942,0.11621,0.41554,0.73196,0.41945,-0.024415,0.043458,0.23096,0.15674,-0.061525,0.32667,0.15821,0.049318,0.14209,0.030763,-0.080569,-0.033204,0.0459,0.13868,0.19727,0.19092,0.15479,0.11231,0.14209,0.15186,0.16407,0.12549,0.12452,0.14747,0.18311,0.15625,0.13623,0.14405,0.1626,0.17481,0.16944,0.17042,0.13184,0.11817,0.097171,0.1211,0.078616,0.070803,0.086917,0.098148,0.10157,0.10498,0.090335,0.098636,0.1128
-0.88577,-0.84182,-0.77639,-0.73733,-0.76907,-0.74172,-0.65969,-0.6006,-0.58986,-0.60842,-0.53127,-0.46144,-0.42726,-0.3882,-0.26466,-0.16749,0.024903,0.25929,0.44923,0.37745,0.33888,0.26807,0.032716,-0.61623,-1.0806,-0.41456,1.1612,2.0391,1.9581,1.4678,0.58303,-0.13623,-0.47365,-0.20899,0.055177,0.27296,0.32423,0.15772,0.071291,0.049806,0.16016,0.29981,0.50246,0.70949,1.0259,1.1778,1.1597,1.0327,0.92386,0.66701,0.41359,0.31886,0.35792,0.38917,0.33253,0.1001,-0.073733,-0.13477,-0.14405,-0.068361,-0.024903,0.069338,0.0918,0.038087,0.027345,-0.8511
-0.82669,-0.85208,-0.91458,-0.74807,-0.77346,-0.79153,-0.78616,-0.80032,-0.82766,-0.83743,-0.81545,-0.78274,-0.74319,-0.78274,-0.80471,-0.81204,-0.80081,-0.897,-0.89993,-0.86428,-0.83889,-0.85647,-0.84622,-0.85354,-0.83792,-0.87259,-0.88479,-0.83596,-0.82376,-0.79397,-0.77102,-0.74221,-0.72463,-0.69094,-0.65383,-0.60695,-0.57131,-0.55177,-0.50246,-0.47365,-0.48585,-0.48878,-0.3628,-0.22169,-0.1504,-0.020997,0.27003,0.67483,0.76077,0.4546,0.38917,0.68313,0.51369,0.000977,-1.4312,-0.58742,0.62844,2.4859,1.6426,1.2183,0.010743,-0.53713,-0.68166,-0.17237,0.26759,0.36036
0.27247,0.20508,0.059572,-0.066897,-0.11475,-0.023438,0.095706,0.21192,0.41163,0.66652,0.94632,1.1875,1.2217,0.9678,0.75491,0.69582,0.49025,0.44386,0.47902,0.34376,0.13526,-0.94974,-0.92825,-0.93606,-0.91897,-0.94534,-0.98489,-0.9595,-0.91214,-0.8887,-0.90872,-0.90677,-0.88235,-0.87503,-0.89944,-0.93558,-0.92288,-0.89895,-0.8887,-0.84036,-0.79543,-0.78323,-0.7593,-0.74807,-0.73586,-0.70412,-0.70168,-0.70363,-0.64797,-0.584,-0.54836,-0.59279,-0.58156,-0.45558,-0.29493,-0.17676,-0.098148,-0.028321,0.08887,0.25733,0.43751,0.51271,0.33253,0.097659,-0.36769,-1.1939
-2.5953,-2.4454,-1.6163,0.17188,2.2955,1.6807,1.5113,0.84964,-0.02295,-0.69973,-0.52199,0.034669,0.34376,0.42628,0.44923,0.34913,0.33009,0.46095,0.63186,0.85794,1.0376,0.95364,0.73733,0.58547,0.50832,0.44728,0.45656,0.48439,0.50246,0.46535,0.35987,0.25538,0.10938,0.02002,0.0043947,-0.011719,0.0034181,0.04004,0.057131,0.064455,0.0459,0.019532,0.029298,0.081057,0.11377,-0.51564,-0.45314,-0.33839,-0.28809,-0.18165,-0.07178,0.089846,0.25782,0.50295,0.68606,0.61672,0.4883,0.32228,-0.16016,-1.3951,-1.9434,-0.39894,2.3419,2.2681,2.1055,1.1006
-0.27589,-1.0811,-0.84866,-0.13526,0.27345,0.32765,0.37306,0.28614,0.074709,-0.078127,-0.034669,0.13086,0.35694,0.66945,0.98392,1.2774,1.3116,1.147,0.80618,0.47169,0.33741,0.32228,0.45119,0.51076,0.41847,0.28468,0.090823,0.0092776,-0.028809,-0.50197,-0.46779,-0.49367,-0.42824,-0.31056,-0.30958,-0.22755,-0.22462,-0.19337,0.0087893,0.11377,0.17139,0.21827,0.33351,0.16456,-0.38722,-1.1245,-2.2823,-2.3458,-0.90823,0.87307,2.2794,1.6294,1.0249,0.78176,0.31202,-0.11084,-0.36232,-0.30763,-0.057619,0.25391,0.46632,0.5547,0.62111,0.58156,0.52687,0.57961
-0.96683,-0.96341,-0.88723,-0.83059,-0.81741,-0.83254,-0.80374,-0.80032,-0.80862,-0.7925,-0.75051,-0.72805,-0.67629,-0.67287,-0.67287,-0.62551,-0.52345,-0.37111,-0.3169,-0.34571,-0.2505,-0.070803,0.090823,0.1084,0.067873,-0.056642,-0.79104,-1.6578,-1.1494,-2.7589,-3.8829,-2.7813,-1.8169,-1.044,-1.0186,-0.82083,-0.18067,-0.27345,-0.41408,-0.14551,-0.14893,0.0039064,0.058107,-0.034181,-0.11768,-0.22315,-0.12989,0.056154,0.6924,0.13526,-0.75686,-0.77248,-0.68654,-0.93362,-1.0406,-0.79788,-0.55129,-0.17676,-0.19727,-0.081545,0.0092776,0.038575,0.1377,-0.057619,-0.12207,-0.90286
-0.90432,-0.91165,-0.90579,-0.87503,-0.84036,-0.85598,-0.8218,-0.79788,-0.78176,-0.80081,-0.78811,-0.75686,-0.72317,-0.67922,-0.66262,-0.67483,-0.65236,-0.62746,-0.53615,-0.51711,-0.51515,-0.60598,-0.52736,-0.41798,-0.31397,-0.2588,-0.14649,-0.057131,0.098636,0.18604,0.38868,-0.15674,-3.566,-1.3785,-3.2057,-3.0167,-1.7476,-1.96,-1.1455,-0.65627,-0.33106,-0.48781,-0.29786,-0.41505,0.083499,0.13184,0.18506,-0.02588,-0.20801,-0.10498,-0.0039064,-0.080569,-0.28565,-0.26759,-0.18995,-0.038087,-0.0918,-0.34376,-0.87503,-0.67141,-0.55324,-0.5884,-0.48732,-0.3379,-0.25196,-0.92288
-0.93362,-0.91458,-0.89065,-0.8843,-0.88479,-0.8721,-0.84671,-0.82522,-0.81838,-0.81838,-0.80081,-0.80618,-0.82962,-0.85549,-0.84866,-0.8218,-0.78762,-0.73977,-0.76809,-0.74758,-0.72414,-0.68996,-0.63674,-0.57521,-0.57082,-0.49025,-0.47462,-0.48341,-0.5508,-0.53029,-0.26075,-0.004883,0.011719,-0.030763,-0.038087,0.30958,0.99319,-0.28614,2.3507,-4.6847,-2.171,-3.6866,-1.816,-1.9371,-1.1919,-0.66457,-0.68166,-0.27052,-0.38527,-0.29835,0,0.062014,0.10889,0.1167,-0.087893,-0.095218,-0.39601,-0.18311,-0.18018,-0.35743,-0.36378,-0.2544,-0.23927,-0.24708,-0.31886,-0.79836
-0.80129,-0.84036,-0.76907,-0.71194,-0.73293,-0.76077,-0.68606,-0.60305,-0.48341,-0.36183,-0.33937,-0.30714,-0.2295,-0.10254,-0.038575,-0.074709,-0.081545,0.21534,0.16211,0.10498,0.21485,-0.78127,-4.9748,-0.89407,-3.5382,-2.5064,-1.6548,-1.6016,-0.94681,-0.78616,-1.0894,-0.60305,-0.29542,-0.037111,0.26222,-0.064455,-0.14209,-0.18018,-0.17774,-0.21436,-0.39357,-0.30958,-0.1167,-0.23536,-0.34132,-0.62258,-0.79641,-0.4839,-0.5298,-0.72951,-0.72951,-0.71535,-1.002,-0.99075,-1.0762,-0.67873,-0.48195,-0.22022,0.0039064,-0.088382,-0.13623,-0.20753,-0.24171,-0.47951,-0.24415,-0.70217
-0.76321,-0.72073,-0.59328,-0.48878,-0.44093,-0.38624,-0.35255,-0.30665,-0.28126,-0.25733,-0.13916,0.04297,0.15577,0.35304,0.14747,-0.019044,-0.83059,1.4331,-0.64553,-1.8843,-2.9195,-1.73,-1.8213,-1.2339,-0.72951,-0.56301,-0.42335,-0.42775,-0.23145,-0.034181,-0.12403,0.18311,0.017579,-0.3589,-0.27345,-0.23341,-0.33302,-0.31056,-0.3169,-0.35304,-0.45509,-0.35401,-0.041505,-0.11573,-0.33253,-0.5298,-0.42824,-0.36622,-0.46974,-0.49464,-0.55715,-0.63527,-0.36476,-0.30909,-0.24073,-0.25684,-0.13282,-0.13819,-0.0097659,-0.0918,-0.16358,-0.28858,-0.57277,-0.54201,-0.33595,-0.3628
-0.11084,-0.7178,-1.1221,-1.0782,-1.128,-0.88723,-0.68361,-0.73049,-0.86819,-0.8135,-0.65871,-0.58498,-0.57033,-0.60891,-0.5757,-0.58254,-0.62551,-0.59181,-0.45216,-0.38722,-0.31642,-0.21534,-0.26905,-0.23389,-0.026368,-0.0053713,-0.23048,-0.43849,-1.0093,-1.252,-1.8189,-3.5206,-2.4117,-0.27735,-0.053713,-0.037111,0.70022,0.62502,0.39015,-0.011231,0.032716,0.028809,0.17579,0.1709,0.17774,0.21632,0.18262,0.25147,0.26563,0.26759,0.32374,0.34132,0.28224,0.21192,0.48976,0.087405,0.069826,0.11621,0.17042,0.14161,0.0053713,-0.0019532,0.015137,-0.010254,-0.084964,-0.62893
-0.6216,-0.64064,-0.56838,-0.46388,-0.4629,-0.66408,-0.79495,-0.75491,-0.70901,-0.74319,-0.83108,-0.68459,-0.57961,-0.29054,-0.10254,-0.20167,-0.38478,-0.66018,-0.83889,-1.0362,-1.1289,-1.4898,-1.378,-0.10743,-0.41261,-0.51906,-0.15918,0.19337,0.62941,0.14844,-0.083987,-0.13721,0.0014649,0.18506,0.13672,0.024903,0.067873,0.21143,0.33839,0.42433,0.54592,0.5923,0.56252,0.55861,0.56447,0.70168,0.73586,0.69338,0.51515,0.34864,0.33692,0.32325,0.18751,0.26807,0.22462,-0.0087893,-0.27442,-0.44923,-0.50636,-0.37989,-0.10743,-0.019532,-0.12012,-0.16065,-0.13184,-0.85159
-0.84866,-0.80764,-0.76809,-0.74123,-0.73879,-0.72268,-0.6968,-0.6675,-0.68801,-0.65822,-0.62941,-0.65969,-0.69485,-0.71242,-0.7383,-0.7676,-0.86673,-0.96194,-0.90432,-0.61281,-0.53175,-0.41212,-0.22559,-0.14551,-0.06885,-0.079104,0.021485,-0.056642,-0.29102,-0.62355,-0.86135,-1.1612,-2.8414,-2.8482,-0.24366,0.61721,-0.50295,0.14063,0.7803,0.48048,-0.16895,-0.43849,-0.25391,0.034181,0.026368,0.059572,0.16846,0.22706,0.11524,0.074709,0.08594,0.21973,0.32765,0.30811,0.17237,0.096194,0.17774,0.13282,0.06592,0.06592,0.093753,0.19239,0.037111,-0.17139,-0.043947,-0.9595
-0.95901,-0.94778,-0.95462,-0.90823,-0.86721,-0.83206,-0.78469,-0.75539,-0.77688,-0.75588,-0.7217,-0.71438,-0.70949,-0.71438,-0.73733,-0.69973,-0.60158,-0.60451,-0.59719,-0.584,-0.65236,-0.67678,-0.55666,-0.42921,-0.3921,-0.39601,-0.21387,-0.041993,-0.10889,-0.015137,-0.071291,-0.45949,-0.90042,-1.3521,-1.8448,-2.543,-2.7852,-1.6285,1.1597,-0.20215,-0.069826,0.73098,0.98489,-0.061525,-0.43703,-0.48634,-0.18116,0.11035,0.29933,0.36476,0.33985,0.17627,0.10645,0.27686,0.51515,0.61232,0.72707,0.65481,0.85354,0.5088,0.56349,0.61916,0.61428,0.43214,0.24122,-0.80325
-0.80178,-0.7842,-0.75393,-0.7007,-0.63869,-0.5884,-0.59963,-0.60109,-0.54347,-0.54494,-0.46876,-0.47072,-0.5547,-0.34962,-0.10645,-0.12256,-0.097171,-0.041993,-0.055177,-0.055177,-0.12598,-0.22217,-0.31935,-0.25684,-2.0489,-2.3248,-0.80227,0.77151,-0.1128,0.3086,0.93362,0.47023,-0.4087,-0.53078,-0.082034,0.082034,0.15137,0.20997,0.13379,0.091311,0.1084,0.21583,0.37111,0.50246,0.54054,0.61672,0.75979,0.71242,0.57668,0.47804,0.45314,0.40284,0.50148,0.47511,0.33546,0.22657,0.146,0.0918,0.054201,0.063478,0.021485,0.035157,0.050295,0.011231,0.0029298,-0.04883
-0.090335,-0.079592,-0.093265,-0.12891,-0.14161,-0.12842,-0.10352,-0.093753,-0.06592,-0.038087,-0.092776,-0.12891,-0.13575,-0.14454,-0.14551,-0.20753,-0.24952,-0.24659,-0.23731,-0.16944,-0.15723,-0.21778,-0.2461,-0.3047,-0.33546,-0.44191,-0.42677,-0.38429,-0.41408,-0.34327,-0.38771,-0.39064,-0.45802,-0.41652,-0.32716,-0.36769,-0.35353,-0.3169,-0.30128,-0.34718,-0.33741,-0.42775,-0.53859,-0.62502,-0.67287,-0.71926,-0.72707,-0.76272,-0.71731,-0.62209,-0.55422,-0.49806,-0.51271,-0.49904,-0.42189,-0.4839,-0.55519,-0.5884,-0.58449,-0.56642,-0.53517,-0.51808,-0.53224,-0.56301,-0.61476,-0.66652
-0.69338,-0.68801,-0.68654,-0.73391,-0.78957,-0.87942,-0.81008,-0.71682,-0.69973,-0.75539,-0.79348,-0.78713,-0.77297,-0.81008,-0.84426,-0.86428,-0.92581,-0.96487,-0.98685,-1.0342,-1.0703,-1.1075,-1.0904,-1.0518,-1.0005,-0.93558,-0.86868,-0.80374,-0.78323,-0.76418,-0.81204,-0.88968,-0.93802,-0.99173,-1.0142,-1.002,-1.0034,-0.96829,-0.9761,-0.93167,-0.81692,-0.85794,-0.90384,-0.92776,-0.89749,-0.85208,-0.76516,-0.71145,-0.70217,-0.7007,-0.64455,-0.61135,-0.60256,-0.61037,-0.60402,-0.62062,-0.63381,-0.62502,-0.63186,-0.67141,-0.68654,-0.68752,-0.66897,-0.69582,-0.7344,-0.7593
-0.88626,-0.89065,-0.84719,-0.77444,-0.77248,-0.82327,-0.85696,-0.86721,-0.8262,-0.7466,-0.65969,-0.67141,-0.68947,-0.65383,-0.68996,-0.70315,-0.64699,-0.61769,-0.51369,-0.30519,-0.19385,-0.14747,-0.062502,0.06885,0.15479,0.12696,0.039064,-0.39308,-0.89212,-2.1573,-2.0875,-1.3467,-0.68801,-0.12598,0.292,0.16944,-0.063478,-0.080569,-0.024903,0.035157,0.12793,0.13135,0.11621,0.096194,0.13379,0.18213,0.14209,0.024903,0.0087893,0.097659,0.1836,0.20948,0.23829,0.19874,0.10743,0.058107,0.16309,0.18995,0.27686,0.31544,0.053224,-0.11914,-0.12061,0.013184,0.059084,-0.78713
-0.81204,-0.84426,-0.8511,-0.84085,-0.76516,-0.6719,-0.59181,-0.52638,-0.46486,-0.41749,-0.37159,-0.3965,-0.44826,-0.45167,-0.39161,-0.30567,-0.24952,-0.20069,-0.18262,-0.17627,-0.14258,-0.20655,-0.68068,-1.7955,-2.0406,-2.0128,-1.774,-1.9092,-1.7627,-1.0044,-0.62404,0.055177,-0.039064,-0.10743,-0.019532,0.14747,0.35157,0.46535,0.48195,0.31007,0.25733,0.27296,0.33644,0.35841,0.2754,0.12061,0.12891,0.20997,0.28272,0.30274,0.25147,0.20167,0.14893,0.13721,0.055666,-0.0097659,0.020508,0.12012,0.18653,0.16211,0.083987,0.087893,0.099124,0.14991,0.167,-0.87405
-0.84378,-0.81838,-0.8052,-0.82229,-0.85354,-0.85354,-0.81643,-0.75198,-0.69729,-0.72756,-0.79836,-0.86038,-0.86184,-0.81887,-0.74514,-0.74514,-0.66994,-0.58596,-0.56838,-0.50002,-0.34376,-0.3047,-0.33741,-0.36525,-0.40236,-0.26173,-0.090823,0.017579,-0.030763,0.053224,-0.017579,-0.47853,-1.1119,-1.564,-2.2193,-1.5689,-1.1543,-0.96634,-0.062502,0.20899,0.1211,0.17725,0.26173,0.28077,0.20655,0.16504,0.1543,0.084475,0.088382,0.076662,0.037111,0.036622,-0.01709,-0.016602,-0.0034181,0.033204,0.13184,0.1626,0.16163,0.18458,0.21876,0.32276,0.27735,0.19776,0.11817,-0.96438
-0.91214,-0.88235,-0.87063,-0.87649,-0.87796,-0.86428,-0.83108,-0.80032,-0.75198,-0.73684,-0.72414,-0.70803,-0.68068,-0.6719,-0.64797,-0.61623,-0.6006,-0.57179,-0.5381,-0.47365,-0.36427,-0.27052,-0.14942,-0.054689,-0.0063479,0.02295,0.067385,0.24659,0.023438,-0.64211,-1.2544,-1.2583,-2.3541,-2.3804,-1.9713,-0.55129,-0.31446,-0.17286,-0.44093,-0.28907,0.071291,0.34327,0.38722,0.28468,0.1294,0.062502,0.023927,-0.045412,-0.065432,-0.13379,-0.24512,-0.34718,-0.40089,-0.24464,-0.32521,-0.24708,-0.10157,-0.20508,-0.20753,-0.049318,-0.12549,-0.041993,0.048341,-0.07178,-0.1792,-0.71242
-0.70461,-0.7007,-0.67238,-0.62453,-0.58742,-0.56594,-0.54836,-0.54299,-0.49855,-0.56301,-0.58058,-0.45851,-0.36818,-0.20362,-0.091311,0.020997,0.15625,0.26466,-0.058596,-0.68557,-1.4219,-1.8599,-2.3643,-2.544,-1.2095,-0.9761,-0.32325,-0.26856,-0.22217,0.029298,0.22413,0.32569,0.32423,0.292,0.17139,0.064943,0.04883,0.041017,-0.018067,-0.059084,-0.10645,-0.074221,-0.16895,-0.041017,-0.013672,0.04004,0.12012,0.12598,0.15186,0.16993,0.16749,0.12159,0.090335,0.058107,0.066408,0.098636,0.12207,0.13477,0.078616,0.033204,0.038087,0.058107,-0.013184,-0.1084,-0.26807,-0.88186
-0.83303,-0.75832,-0.70754,-0.72561,-0.78909,-0.81887,-0.83059,-0.81594,-0.80032,-0.78665,-0.80862,-0.81204,-0.86282,-0.84036,-0.78323,-0.73489,-0.71487,-0.68752,-0.65285,-0.60109,-0.59181,-0.60646,-0.5757,-0.53615,-0.46486,-0.36622,-0.23878,-0.12891,-0.08594,-0.020997,0.13086,0.28663,0.29835,-0.055666,-0.626,-1.1905,-2.3775,-1.4585,-1.5508,-0.63088,-0.20118,-0.037599,-0.066897,0.04004,0.13965,0.18506,0.29786,0.27589,-0.029786,-0.10498,-0.029298,0.058107,-0.01709,-0.22559,-0.38868,-0.40773,-0.30274,-0.14551,0.035157,0.087893,-0.027833,-0.18213,-0.14209,-0.042482,-0.070315,0.077151
0.082034,0.088382,0.18165,0.10205,0.011231,0.085452,0.031739,-0.025391,-0.054201,-0.16504,-0.2129,-0.19141,-0.13965,-0.08594,-0.077639,-0.1504,-0.25782,-0.31544,-0.31788,-0.33399,-0.36622,-0.38136,-0.3506,-0.33399,-0.32765,-0.3506,-0.33399,-0.28663,-0.26514,-0.26514,-0.27296,-0.25977,-0.29005,-0.31544,-0.36866,-0.4131,-0.42921,-0.38673,-0.36573,-0.39991,-0.41505,-0.42042,-0.39405,-0.35548,-0.34523,-0.32276,-0.33692,-0.34425,-0.36427,-0.40529,-0.44435,-0.4756,-0.51662,-0.52443,-0.53078,-0.55519,-0.58156,-0.62355,-0.63332,-0.63771,-0.63918,-0.64504,-0.65871,-0.66457,-0.68459,-0.69436
-0.7051,-0.70852,-0.69533,-0.69436,-0.7134,-0.7344,-0.74416,-0.76907,-0.78665,-0.80764,-0.79495,-0.81594,-0.83743,-0.87307,-0.90286,-0.8804,-0.87747,-0.87307,-0.87405,-0.88089,-0.91751,-0.93313,-0.95999,-0.96585,-0.9805,-0.96829,-0.94143,-0.90432,-0.87112,-0.89065,-0.81985,-1.147,-1.2515,-1.065,-1.0298,-1.0406,-1.0352,-1.022,-1.0308,-1.0318,-1.062,-0.98245,-1.0484,-1.0039,-0.87942,-0.94388,-1.0528,-1.1192,-1.1421,-1.1211,-1.0137,-1.0337,-1.1148,-1.0586,-0.97317,-1.0005,-1.0435,-1.0601,-0.93265,-0.86526,-0.89456,-1.0166,-1.0674,-0.98343,-1.0064,-1.0576
-0.51466,-0.49611,-0.48244,-0.4424,-0.42384,-0.46242,-0.48195,-0.45363,-0.44826,-0.46681,-0.50343,-0.53224,-0.43703,-0.38478,-0.5049,-0.53322,-0.42042,-0.29737,-0.2251,-0.24024,-0.2129,-0.13038,-0.021485,-0.016602,-0.16358,-0.27784,-0.25098,-0.14844,-0.13575,-0.21973,-0.29884,-0.19874,-0.12598,-0.17774,-0.21876,-0.19825,-0.42482,-0.76711,-0.6299,-0.4922,-0.46388,-0.20264,0.045412,0.77102,0.79983,0.62404,0.55275,0.78665,0.88528,0.77248,0.88333,1.1006,1.1382,1.0191,0.90628,0.85305,0.83499,0.92141,0.92727,0.92093,0.84329,0.82913,0.84719,0.7925,0.74563,0.71877
-0.55666,-0.54299,-0.56398,-0.52638,-0.4839,-0.47414,-0.49562,-0.46193,-0.42384,-0.42189,-0.43019,-0.43361,-0.40236,-0.35694,-0.3379,-0.36964,-0.35694,-0.34864,-0.25587,-0.20899,-0.13428,0.0063479,0.313,0.51369,0.47707,0.4629,0.3086,0.099612,-0.28858,-1.4678,-1.9131,-1.3155,-1.2544,-0.57863,0.055177,0.47755,1.1114,1.6407,1.7994,1.5127,1.6851,1.69,1.5191,1.5616,1.3584,1.2486,1.4527,1.5503,1.3882,1.3428,1.1983,0.95755,0.876,0.83352,0.71926,0.64602,0.61525,0.62062,0.56789,0.59767,0.64016,0.77932,0.79202,0.69045,0.63625,0.62941
-0.20704,-0.31739,-0.37208,-0.29444,-0.18116,-0.23341,-0.35597,-0.32911,-0.23927,-0.21632,-0.18067,-0.23048,-0.30811,-0.30274,-0.20118,-0.24024,-0.32179,-0.25782,-0.056154,0.051271,0.18311,0.15137,-0.015625,-0.18848,-0.6592,-1.5303,-1.6041,-2.0259,-1.3453,-1.5289,-1.1905,-0.38868,0.078616,0.33106,0.60842,1.0713,1.1285,0.98196,0.72854,0.72561,0.81887,0.87796,0.78518,0.73537,0.76467,0.81887,0.81204,0.81301,0.81008,0.8052,0.7637,0.62258,0.46779,0.37989,0.27589,0.24073,0.3672,0.42238,0.34278,0.31495,0.35304,0.35939,0.31251,0.31739,0.27491,0.19825
-0.45412,-0.44728,-0.41847,-0.39552,-0.37696,-0.38673,-0.38575,-0.36476,-0.35401,-0.38136,-0.3838,-0.37208,-0.31202,-0.31349,-0.32081,-0.32521,-0.25001,-0.15918,-0.12207,0.054201,0.4297,0.68264,0.90725,1.1919,0.99759,0.60158,0.41261,0.35987,-0.40675,-3.0562,-1.3755,-1.8414,-0.6343,0.27589,1.0801,2.6568,2.899,1.7789,1.3306,1.1045,0.86233,0.74612,0.85501,1.2305,1.3985,1.483,1.6246,1.6382,1.5191,1.4712,1.5269,1.397,1.1993,0.98099,0.89993,0.87356,0.6841,0.6299,0.54933,0.43995,0.41359,0.42726,0.4756,0.54201,0.52882,0.48
-0.34425,-0.29688,-0.31397,-0.34913,-0.32472,-0.24708,-0.18995,-0.17579,-0.1963,-0.26905,-0.37452,-0.32618,-0.23048,-0.43165,-0.6592,-0.66262,-0.55422,-0.44484,-0.36866,-0.34669,-0.21339,-0.096683,0.1084,0.28663,0.26124,0.14063,0.14161,-0.29444,-1.1392,-1.8751,-2.1627,-1.899,-1.5264,-1.1255,-0.51173,-0.11621,0.17139,0.56691,1.0078,1.3052,1.2598,1.0249,0.73147,0.6299,0.92239,1.146,1.0518,1.1431,1.3267,1.2696,1.1534,1.1114,1.001,0.90774,0.81155,0.73391,0.69338,0.68606,0.67776,0.6465,0.59572,0.5674,0.57863,0.64357,0.68899,-0.38429
-0.39405,-0.39308,-0.36866,-0.3882,-0.39698,-0.4131,-0.40724,-0.39161,-0.33448,-0.25098,-0.20362,-0.089358,-0.011231,0.11426,0.37403,0.43117,0.83596,0.61916,0.066897,-0.16651,-0.077639,0.064455,0.056642,-0.013184,-0.024903,-1.2344,-0.72121,-0.9595,-0.57619,-0.93655,-0.78176,-0.55959,-0.27393,-0.41408,1.3741,-0.18897,0.19385,0.33888,0.25929,0.15479,0.077639,0.15772,0.14405,0.12159,0.068361,0.021973,-0.092776,-0.14893,-0.3423,-0.26319,-0.3086,-0.18702,-0.2964,-0.43117,-0.57619,-0.4629,-0.14991,-0.0014649,-0.079104,-0.10938,0.000977,0.19385,0.20655,0.11866,0.038087,0.026368
-0.35939,-0.41163,-0.42872,-0.36525,-0.34474,-0.33351,-0.33351,-0.32716,-0.27345,-0.30763,-0.41163,-0.4629,-0.39845,-0.35743,-0.30274,-0.28516,-0.26124,-0.22657,-0.19337,-0.15674,-0.12842,-0.057131,0.012207,0.043947,0.1836,0.27638,0.041993,-0.12842,-0.57228,-1.5337,-1.6876,-2.0728,-1.9268,-1.6563,-1.3038,-0.73,-0.24171,0.2461,0.66945,0.78811,0.84231,0.78665,0.75246,0.77493,0.81155,0.95999,0.91018,0.87991,1.0235,1.0889,1.0147,1.0015,1.0249,1.0674,1.0225,0.9761,0.95999,0.87307,0.80227,0.71291,0.6343,0.61818,0.66701,0.65773,0.5967,0.50441
-0.59328,-0.57863,-0.57314,-0.56764,-0.55483,-0.53743,-0.5182,-0.50081,-0.47975,-0.46236,-0.42573,-0.38545,-0.32228,-0.27284,-0.23072,-0.20051,-0.12543,-0.13276,-0.0018311,0.12909,0.2591,0.35524,0.4825,0.70589,0.84597,0.93295,1.0318,1.0968,0.99704,0.8533,0.67751,-0.9714,-3.1101,-3.5432,-1.8888,0.61983,2.7293,2.8455,0.49257,-0.47609,0.44588,1.5775,1.1774,0.55483,0.4294,0.54109,0.70132,0.7297,0.79012,0.82125,0.97507,1.1417,1.3596,1.5043,1.4988,1.4154,1.2131,0.94577,1.095,1.2488,0.98788,0.44862,-0.014649,-0.11811,0.70589,-0.61251
-0.59877,-0.57222,-0.56032,-0.54201,-0.51729,-0.48524,-0.4706,-0.47609,-0.44862,-0.40376,-0.35249,-0.28932,-0.23255,-0.14557,-0.07416,0.081484,0.13001,0.17212,0.2884,0.42665,0.4825,0.57772,0.65645,0.63723,0.7004,0.70772,0.62532,0.11719,-1.4035,-2.9023,-3.7272,-4.4945,-2.2587,0.22889,2.7732,2.6936,1.2918,1.0245,0.99338,1.0474,1.052,0.98514,0.98605,0.9064,0.74068,0.79012,0.76174,0.78372,0.88168,0.93661,1.0758,1.1325,1.2333,1.1856,0.9714,0.68026,0.49348,0.40376,0.56215,0.7535,1.3248,-0.043947,0.062258,0.76449,0.57497,0.19227
0.0091556,-0.13642,-0.14832,-0.13459,0.03296,0.4651,0.477,0.42573,0.45686,0.46419,0.50356,0.58046,0.5649,0.52644,0.54292,0.57955,0.53377,0.49623,0.4825,0.47426,0.52095,0.5475,0.49532,0.54201,0.5649,0.57863,0.55757,0.57497,0.54109,0.56764,0.62075,0.5887,-4.4661,-4.4661,-3.2649,-0.21241,1.8055,6.3887,1.9675,0.45961,-0.62441,0.81851,1.529,1.1921,0.79287,0.66012,0.87161,1.041,0.965,0.95309,1.0886,1.0245,1.0034,0.88809,0.83041,0.92013,1.0437,1.1948,1.182,0.89999,0.54292,0.20142,0.23255,0.29481,0.43764,0.63723
0.62258,0.42573,0.18677,-0.000916,-0.063173,-0.13001,-0.1236,-0.065004,0.066836,0.25452,0.34974,0.41566,0.40834,0.40834,0.51454,0.58962,0.6418,0.71047,0.7535,0.71596,0.63448,0.5356,0.45686,0.45045,0.553,0.50722,0.4944,0.56673,0.65371,0.67019,0.64913,0.59969,-3.3052,-1.3514,1.5162,2.6093,-0.96774,0.7654,1.4887,0.54109,0.57131,0.52278,0.52004,0.41658,0.47517,0.57314,0.59511,0.60244,0.51637,0.52095,0.54842,0.63631,0.87344,1.3395,1.4502,0.91372,0.61068,0.70315,0.76724,0.65737,0.65462,0.55025,0.56856,0.73428,0.72695,0.48891
0.17304,-0.032044,-0.23988,-0.28291,-0.062258,-0.025636,-0.0073244,0.03296,0.13001,0.26551,0.35798,0.48341,0.52919,0.54018,0.50722,0.55574,0.57039,0.57497,0.58596,0.53468,0.4651,0.41475,0.44313,0.48616,0.52919,0.54842,0.54109,0.48341,0.44771,0.44404,0.44496,0.45137,-4.2042,-3.2694,-0.63997,2.3731,3.9937,1.4768,0.10529,0.1062,0.93204,0.79653,0.49348,0.43214,0.53926,0.66195,0.77456,0.7178,0.70864,0.76083,0.91556,1.0941,1.1216,1.0044,0.91098,0.73977,0.69033,0.99155,1.0584,0.87985,0.38087,0.33143,0.34333,0.40376,0.49532,0.5182
0.54292,0.51271,0.64089,0.6299,0.49715,0.17762,0.067751,-0.013733,-0.11536,-0.20783,-0.096133,-0.0045778,0.15015,0.22156,0.30213,0.40742,0.53285,0.51546,0.52828,0.58412,0.61159,0.65004,0.64272,0.68484,0.62258,0.6006,0.56124,0.58321,0.56856,0.52828,0.51912,0.55391,-3.0763,-0.96042,2.4491,3.0113,0.89816,0.23164,0.47609,0.88351,0.72329,0.47884,0.39094,0.46419,0.60976,0.68392,0.64821,0.6061,0.6299,0.69033,0.87344,1.0602,1.0749,0.79012,0.67476,0.79653,0.88534,0.90365,0.77181,0.66561,0.51912,0.5237,0.52461,0.48616,0.52461,0.56215
0.66927,0.6354,0.47884,0.13184,-0.14832,-0.25361,-0.19959,-0.14924,-0.073244,0.067751,0.12268,0.27833,0.35615,0.37629,0.36531,0.43306,0.44221,0.34516,0.29298,0.20966,0.18311,0.29115,0.47792,0.54476,0.58596,0.56124,0.52736,0.63723,0.69308,0.70315,0.66195,0.56307,-3.8957,-2.5855,-0.19776,2.9893,3.6888,1.0483,0.16755,0.3827,1.0794,0.80752,0.50172,0.48067,0.553,0.62807,0.72695,0.78646,0.75533,0.76266,0.83773,0.93387,0.97781,0.93844,0.87619,0.87252,0.81393,0.69308,0.53377,0.40742,0.28382,0.16022,0.21882,0.37629,0.69674,0.82949
0.70864,0.39094,0.36714,0.53743,0.45503,0.3534,0.20508,-0.011902,-0.13642,-0.086062,-0.086062,0.1062,0.32685,0.43672,0.47792,0.51546,0.51454,0.56124,0.5942,0.54842,0.53468,0.47426,0.51637,0.46693,0.50813,0.37538,0.24995,0.43214,0.60518,0.59236,0.54476,0.56032,1.9886,0.33784,0.30305,0.60518,1.0858,0.67751,0.412,0.34333,0.4825,0.57222,0.64089,0.60427,0.54201,0.49532,0.55849,0.69765,0.86245,0.90823,0.85788,0.7123,0.79012,0.62349,0.42848,0.29481,0.24537,0.35432,0.67934,0.79745,0.86703,0.93844,0.64638,0.1062,-0.12085,0.20508
0.412,0.33052,0.071413,-0.019227,-0.095218,-0.061342,0.047609,0.24354,0.38453,0.5182,0.55391,0.50081,0.52278,0.55666,0.56215,0.44862,0.38545,0.38453,0.34059,0.36805,0.45869,0.50996,0.56673,0.58138,0.55116,0.4944,0.49898,0.47975,0.45595,0.45595,0.6061,0.43764,-4.5595,-2.1653,0.27741,2.2102,3.4031,1.778,0.65096,0.58046,0.56307,0.65554,0.60427,0.64272,0.81027,0.93844,0.98239,1.0593,0.98972,1.0099,0.94302,0.86062,0.99612,1.0327,0.8533,0.76998,0.68941,0.63448,0.57497,0.38636,0.24995,0.14191,0.1648,0.24079,0.35157,0.50813
0.57772,0.55116,0.57222,0.63265,0.42665,0.3177,0.4001,0.46876,0.31953,0.058596,-0.23255,-0.25269,-0.19501,-0.051271,0.15839,0.27924,0.42848,0.48616,0.46968,0.48891,0.47243,0.42482,0.28474,0.22523,0.27192,0.38911,0.38453,0.2179,0.39552,0.63448,0.60793,0.63814,-3.0213,-4.814,-4.7572,-2.96,-0.5356,2.3594,4.2445,2.1955,0.62624,0.36073,0.61983,0.95218,1.0163,0.90274,0.82492,0.76357,0.8652,0.90823,0.87985,0.91006,0.93204,0.95401,0.8826,0.97781,0.98331,0.965,0.88534,0.7709,0.51088,0.40925,0.43397,0.42482,0.43855,0.4001
0.40742,0.54292,0.77639,0.73428,0.46602,0.24995,0.14374,0.21699,0.29756,0.2298,0.16755,0.030213,0.00824,0.18403,0.29481,0.41566,0.50722,0.56398,0.59786,0.58138,0.58596,0.61708,0.63814,0.63173,0.59877,0.46236,0.38087,0.40284,0.46236,0.56215,0.62532,0.6006,-4.239,-2.6954,-1.0712,1.1756,2.1323,1.5262,1.3889,0.88443,0.82583,1.0309,1.0355,0.81576,0.59786,0.57772,0.64455,0.67019,0.7178,0.74343,0.77822,0.83865,0.91647,0.99887,1.1097,1.149,1.1106,1.0492,0.86978,0.66561,0.47792,0.44862,0.53011,0.6418,0.66195,0.62258
0.4706,0.39827,0.31129,0.084231,0.069582,0.056764,0.078738,0.17945,0.17304,0.26002,0.28108,0.31037,0.39369,0.52278,0.65188,0.70681,0.74252,0.80935,0.84323,0.85147,0.79287,0.67568,0.50722,0.39552,0.37263,0.39186,0.48708,0.57772,0.60152,0.5649,0.50996,0.46785,-3.1852,-1.7286,0.40559,2.309,1.767,1.1298,0.64821,0.97598,0.79745,0.63356,0.61159,0.62807,0.63814,0.64364,0.64547,0.70498,0.73428,0.66286,0.67202,0.7416,0.76815,0.76357,0.73885,0.71688,0.74618,0.64821,0.49165,0.36164,0.43397,0.47426,0.57314,0.63356,0.73061,0.73519
0.77822,0.65462,0.42299,0.065004,0.13642,0.22797,0.069582,0.0018311,-0.11994,-0.059511,0.16388,0.35707,0.42848,0.45228,0.51912,0.6418,0.56856,0.50905,0.53102,0.5768,0.56856,0.51088,0.40101,0.40925,0.50172,0.54842,0.49806,0.55116,0.54201,0.53743,0.52736,0.50264,-3.6036,-2.0399,0.4825,3.534,1.6169,0.83407,0.26276,0.41017,0.70864,0.69491,0.47517,0.42024,0.44221,0.50539,0.55574,0.5887,0.60701,0.60701,0.62807,0.62258,0.70956,0.60701,0.50722,0.58229,0.76266,0.86795,0.61708,0.43031,0.39918,0.48433,0.62166,0.72237,0.6885,0.62349
0.65828,0.69948,0.50996,0.3882,0.66469,0.95584,0.9238,0.45228,0.078738,-0.20875,-0.33143,-0.38728,-0.26826,0.09888,0.38179,0.51271,0.49623,0.44313,0.4294,0.44954,0.38453,0.34516,0.26826,0.14374,0.10071,0.10346,0.22248,0.42024,0.56581,0.67843,0.70223,0.62807,-2.9069,-0.71413,2.1177,2.255,0.66561,0.55025,0.16114,0.61434,0.64272,0.53194,0.39644,0.43672,0.43031,0.47975,0.53652,0.56124,0.56398,0.56856,0.56948,0.5768,0.759,0.7297,0.26551,0.40834,0.7297,0.68026,0.48708,0.49898,0.32868,0.43489,0.77273,1.0364,1.03,0.82858
0.69033,0.53102,0.42207,0.39735,0.60152,0.63356,0.4001,-0.10163,-0.31404,-0.22523,-0.031129,0.23255,0.40834,0.52919,0.57772,0.52919,0.4413,0.39644,0.35707,0.33418,0.34059,0.26643,0.3827,0.55574,0.62349,0.61159,0.61159,0.60335,0.63906,0.66103,0.62441,0.55849,-4.7362,-2.3292,0.12085,3.2182,4.4954,2.8529,1.1673,-0.76724,-0.29939,0.25269,0.96225,0.72237,0.61434,0.77548,0.84414,0.90457,0.97324,0.87436,0.67293,0.73061,0.83132,0.84231,0.93478,0.95584,0.82217,0.70864,0.58046,0.39827,0.15198,0.0036622,0.076907,0.46236,0.7654,0.59603
0.39369,0.52828,0.80752,0.90365,0.78005,0.5768,0.41932,0.33876,0.17762,0.053102,0.027467,-0.039369,-0.028382,0.13459,0.30305,0.39644,0.51546,0.55208,0.56856,0.61708,0.66561,0.6592,0.61342,0.78463,0.77364,0.57588,0.39277,0.28657,0.27833,0.38087,0.49623,0.59786,-2.0518,-1.4365,-0.75625,0.20875,0.92563,1.9364,2.5269,1.5867,0.069582,0.39277,0.6299,0.79104,0.90365,0.92929,0.97507,1.0273,0.86612,0.83041,0.99155,0.9357,0.75259,0.68484,0.7297,0.76815,0.72878,0.59053,0.55757,0.54476,0.61159,0.61342,0.71871,0.7709,0.59511,0.30305
0.35524,0.55208,0.44954,0.3177,0.15198,0.16572,0.23438,0.30122,0.43764,0.51637,0.59053,0.62532,0.66561,0.70772,0.76083,0.8066,0.87619,0.88168,0.70132,0.39644,0.22431,0.23621,0.34608,0.44588,0.5649,0.55116,0.58138,0.60518,0.63448,0.64913,0.58412,0.50722,-2.6908,-2.1461,-0.56764,0.2234,0.67019,0.91281,1.0282,0.7416,0.52187,0.41108,0.57588,0.5118,0.48433,0.59236,0.56764,0.63723,0.5887,0.36714,0.3534,0.58138,0.63997,0.99521,0.9302,0.80111,0.70681,0.65096,0.347,0.14374,0.19959,0.28932,0.20051,0.21424,0.35615,0.31953
0.33601,0.29481,0.21241,0.17487,0.10254,0.060427,-0.017396,-0.055849,-0.080569,-0.013733,0.000916,-0.032044,0.054018,0.13642,0.22797,0.2353,0.13184,0.068667,0.044862,0.058596,0.067751,0.042116,0.064089,0.030213,0.094302,0.13184,0.15107,0.26093,0.27192,0.24171,0.22797,0.14191,-2.0142,-0.97507,0.071413,0.77273,0.92196,1.1911,1.2076,0.61068,0.19776,0.16572,0.40651,0.84414,0.83316,0.57405,0.52095,0.65188,0.69674,0.76174,0.70406,0.75442,0.82766,0.88992,0.8414,0.87527,0.7947,0.67293,0.4825,0.40193,0.39827,0.3122,0.2298,0.206,0.27284,0.37538
0.33418,0.28657,0.24628,0.23621,0.21058,0.19868,0.11628,-0.010987,-0.13092,-0.22614,-0.19227,-0.19227,-0.23713,-0.28657,-0.27284,-0.21699,-0.19318,-0.13916,-0.10712,-0.1236,-0.093387,0.0045778,0.054933,0.065004,0.1062,0.10254,0.141,0.11811,0.13276,0.10346,0.13276,0.17121,-3.3747,-0.33876,1.3843,2.038,2.9087,1.2589,0.42207,0.046693,0.077822,0.4944,0.85421,0.95584,0.87893,0.71871,0.7123,0.81484,0.88351,0.90182,0.92837,0.96316,0.94394,0.88992,0.94211,0.99887,0.81576,0.70772,0.60427,0.56856,0.43214,0.37721,0.33967,0.27375,0.19593,0.15107
0.27467,0.46327,0.9302,1.1499,1.1289,0.94943,0.66561,0.54933,0.48067,0.38453,0.28199,0.20051,-0.12085,-0.32044,-0.17212,0.089724,0.22065,0.37721,0.48708,0.5887,0.51912,0.44496,0.3415,0.19135,-0.029298,-0.16938,-0.16388,-0.014649,0.23804,0.50264,0.58596,0.63356,-3.3171,-0.80569,1.2644,2.5626,3.2539,1.4063,0.31495,0.33326,0.60427,0.78005,0.89816,1.1023,1.0968,0.98422,1.0007,1.0309,0.98239,0.95492,0.91189,0.80477,0.65188,0.52828,0.58046,0.64089,0.5887,0.46236,0.33509,0.21973,0.2472,0.21516,0.16388,0.17945,0.33052,0.42665
0.41017,0.37263,0.36073,0.44862,0.50813,0.49074,0.52644,0.58596,0.61708,0.57863,0.48616,0.29939,0.10346,-0.13916,-0.39277,-0.44771,-0.18036,0.24445,0.5942,0.6354,0.52004,0.477,0.44862,0.4413,0.39735,0.24354,-0.10254,-0.62807,-1.0584,-1.1518,-0.85879,-0.27741,-4.8369,-3.1376,-0.56856,1.605,3.2868,3.7712,1.778,0.618,0.56764,0.30396,0.2298,1.0941,1.4603,1.1087,0.83499,0.73244,0.69033,0.73428,0.84048,0.9064,0.75625,0.65645,0.64089,0.61434,0.51088,0.37996,0.18036,0.12177,0.12177,0.2298,0.34883,0.23804,0.19044,0.2179
0.26185,0.45778,0.61708,0.63997,0.50996,0.51546,0.46236,0.50447,0.39094,0.22431,0.054933,-0.0824,-0.12726,-0.15748,-0.1355,-0.039369,0.14832,0.3589,0.53102,0.52461,0.412,0.3946,0.39735,0.22431,0.021973,-0.17853,-0.2298,-0.30671,-0.10804,0.22431,0.39369,0.41292,-4.3809,-4.4386,-2.136,0.48708,2.2047,3.1907,2.4006,1.1042,0.52644,0.49165,0.89908,0.9238,0.96591,0.99429,1.0034,0.99338,1.0273,1.0657,0.99429,0.94119,0.86154,0.81027,0.80203,0.82125,0.75808,0.57497,0.41749,0.21332,0.03296,-0.076907,-0.077822,0.021058,0.11902,0.31495
0.49989,0.66561,0.64455,0.4944,0.40376,0.34333,0.40376,0.47243,0.5356,0.47609,0.19684,-0.0064089,-0.13825,-0.18952,-0.16022,0.056764,0.27375,0.39094,0.48067,0.36714,0.37446,0.41108,0.42482,0.33235,0.13733,-0.092471,-0.22614,-0.18128,0.033876,0.39918,0.58687,0.60427,-2.9646,-1.5134,1.6407,4.3828,2.2587,0.77822,0.29206,0.19318,0.4825,0.60427,0.7709,0.8414,0.88351,0.89358,0.89816,0.91464,0.92563,0.92929,0.93936,0.98514,1.0355,0.99979,0.8945,0.81301,0.9183,0.8414,0.47792,0.20508,0.043947,0.032044,0.11078,0.21332,0.26276,0.35798
0.35981,0.35798,0.42024,0.44954,0.58779,0.56398,0.6418,0.66012,0.73702,0.46968,0.22431,0.32411,0.01648,-0.28748,-0.24537,0.13733,0.33784,0.49165,0.55116,0.56032,0.53377,0.4944,0.39277,0.26551,0.13367,-0.032044,-0.22889,-0.25269,-0.22614,0.13459,0.49074,0.72329,-5.0795,-3.2704,-0.44496,1.5326,2.2037,1.7533,1.2094,0.93295,1.0089,0.76357,0.87252,0.86978,1.0218,1.008,1.0218,0.94394,0.83499,0.79928,0.78829,0.67293,0.64913,0.66836,0.60976,0.6473,0.63082,0.59511,0.46602,0.45228,0.52919,0.54567,0.52736,0.51271,0.58412,0.57772
0.47334,0.2591,0.03296,-0.13733,0.066836,0.18677,0.16388,0.2472,0.32868,0.34608,0.3946,0.44496,0.47243,0.58046,0.69857,0.81027,0.83407,0.76357,0.60152,0.412,0.30122,0.29847,0.38087,0.4239,0.4825,0.50356,0.52187,0.53011,0.53743,0.55025,0.54659,0.52278,-1.5784,0.52004,2.2605,3.2301,1.6013,0.13184,-0.30396,0.5356,1.1032,1.0538,0.67568,0.51363,0.69765,0.90732,0.94394,1.0611,0.98605,0.82858,0.7654,0.8771,0.98514,0.79562,0.62441,0.51454,0.58229,0.59877,0.27192,-0.11902,-0.29298,-0.083316,0.18036,0.33967,0.50905,0.64547
0.64913,0.5237,0.47334,0.45137,0.48799,0.56307,0.63448,0.60701,0.41749,0.20692,0.14649,0.047609,-0.077822,-0.048524,0.072329,0.20325,0.39369,0.4358,0.40101,0.39277,0.41932,0.37812,0.39003,0.34791,0.32136,0.25269,0.28199,0.37172,0.37263,0.49074,0.53835,0.56215,-4.055,-3.9982,-2.1397,0.34059,2.9637,3.9167,1.6379,0.79745,0.13276,0.39644,0.57955,0.85147,0.86612,0.87619,0.94668,0.9769,1.0263,0.94852,0.84323,0.8478,0.91647,0.95676,0.81118,0.66286,0.67293,0.73244,0.83682,0.91922,0.88992,0.65279,0.33052,0.12909,0.09888,0.15015
0.20783,0.30305,0.45869,0.6299,0.73611,0.78646,0.69491,0.57772,0.47609,0.32777,0.37172,0.34333,0.25361,0.10071,0.032044,0.14191,0.18403,0.21149,0.33326,0.4239,0.44771,0.4358,0.41383,0.41475,0.38728,0.39827,0.33784,0.28199,0.29664,0.41108,0.52095,0.5942,-3.9543,-4.1282,-2.4766,1.2992,3.2328,3.9973,1.7386,0.030213,0.019227,0.2472,0.53835,0.76815,0.79745,0.96133,1.03,0.92471,0.9888,1.0181,0.96774,0.79562,0.80477,0.92471,0.86703,0.71139,0.61983,0.55757,0.53377,0.66012,0.58596,0.3946,0.31495,0.25086,0.15931,0.11353
0.21149,0.39918,0.45412,0.5237,0.48799,0.40284,0.30763,0.23988,0.33418,0.35798,0.12909,-0.028382,0.00824,-0.0412,-0.20051,-0.092471,0.094302,0.25636,0.41475,0.53652,0.60518,0.53011,0.43306,0.37172,0.29939,0.22523,0.18036,0.093387,0.027467,0.20325,0.42665,0.57497,-3.4022,-1.3697,0.8771,3.4635,2.9582,0.56948,0.059511,0.35157,0.47517,0.53102,0.51271,0.56307,0.61525,0.64913,0.76998,0.81393,0.78372,0.79562,0.7535,0.71047,0.76266,0.79836,0.7535,0.63814,0.52553,0.28199,0.097049,0.044862,0.068667,0.19135,0.37263,0.46236,0.5768,0.68484
0.73244,0.63265,0.56398,0.53377,0.51546,0.47975,0.40925,0.33143,0.20142,0.05768,-0.24812,-0.39918,-0.13459,0.097049,0.28748,0.41841,0.39735,0.45961,0.43031,0.35066,0.29023,0.093387,-0.10712,-0.23347,-0.38087,-0.29572,0.037538,0.25727,0.25544,0.3415,0.48341,0.45045,-4.3196,-2.9499,-1.2809,1.1206,3.0598,3.0195,1.2067,0.53835,0.3589,0.58321,0.80294,0.80386,0.88626,0.86978,0.92196,0.99979,1.0547,1.0401,0.91281,0.84964,0.81851,0.79196,0.77181,0.80203,0.68209,0.61068,0.54201,0.37172,0.31129,0.33326,0.23713,0.073244,0.11261,0.25178
0.38911,0.29847,0.17304,0.18494,0.32685,0.41108,0.40101,0.41017,0.5475,0.54842,0.45595,0.46419,0.50264,0.5182,0.40925,0.15839,0.020142,-0.0091556,0.16297,0.25727,0.47609,0.57955,0.58504,0.44404,0.36256,0.46144,0.4944,0.47243,0.52095,0.55666,0.54567,0.44313,-3.3418,-1.5619,0.99704,2.1982,2.7924,0.93753,0.51637,0.16114,0.12177,0.50539,0.59053,0.61983,0.68392,0.69948,0.76632,0.87344,1.0062,1.0465,0.88992,0.82034,0.71047,0.70681,0.7709,0.65096,0.44404,0.43214,0.36531,0.21424,0.17487,0.18769,0.22248,0.29572,0.34608,0.35066
0.29847,0.33967,0.47426,0.67568,0.76357,0.68758,0.51363,0.23072,0.23072,0.30396,0.35707,0.22248,-0.03296,-0.0045778,-0.043031,-0.25452,-0.28291,-0.14283,0.10071,0.35798,0.44862,0.46693,0.44588,0.45778,0.44313,0.36256,0.27558,-0.015564,-0.36714,-0.39644,-0.33326,0.015564,-2.4656,-0.6592,-0.66469,-0.67843,-0.69033,-0.69124,-0.67934,-0.65737,-0.65279,-0.6711,-0.65371,-0.65004,-0.64272,-0.6473,-0.6592,-0.66012,-0.6473,-0.64821,-0.66561,-0.66195,-0.65462,-0.64272,-0.64455,-0.63265,-0.63448,-0.6299,-0.61525,-0.61892,-0.60976,-0.62349,-0.62166,-0.60427,-0.59969,-0.59969
-0.59511,-0.54659,-0.5237,-0.54933,-0.56307,-0.54109,-0.50722,-0.45869,-0.45137,-0.43764,-0.4001,-0.3946,-0.39003,-0.38179,-0.32502,-0.2884,-0.19044,-0.12085,-0.045778,0.081484,0.20875,0.26185,0.30396,0.37172,0.54292,0.71963,0.73244,1.1344,0.97964,0.48616,-0.32777,-1.9199,-0.65004,-0.65096,-0.65004,-0.65554,-0.65188,-0.65554,-0.6592,-0.65279,-0.65645,-0.65096,-0.64821,-0.65645,-0.65096,-0.65737,-0.64455,-0.6418,-0.6418,-0.64455,-0.63265,-0.62716,-0.63173,-0.64364,-0.65004,-0.61983,-0.6061,-0.60518,-0.6006,-0.61342,-0.58596,-0.54292,-0.50081,-0.4825,-0.50447,-0.53926
-0.54842,-0.4825,-0.42573,-0.40376,-0.41292,-0.42116,-0.41292,-0.38636,-0.45137,-0.43947,-0.36714,-0.27833,-0.27558,-0.26093,-0.22889,-0.15748,-0.10163,-0.087893,0.014649,0.1117,0.12909,0.13825,0.095218,0.16755,0.25452,0.14557,0.24628,0.099796,-0.61983,-1.3028,-2.2605,-3.7071,-0.66012,-0.65737,-0.66012,-0.65554,-0.66195,-0.66378,-0.66744,-0.66561,-0.64913,-0.64547,-0.65737,-0.66378,-0.65828,-0.65645,-0.64638,-0.64638,-0.6592,-0.65371,-0.65004,-0.63265,-0.63448,-0.63997,-0.64455,-0.64821,-0.63082,-0.62349,-0.60427,-0.62441,-0.60884,-0.59145,-0.60152,-0.59511,-0.57772,-0.56215
-0.55849,-0.55849,-0.53377,-0.48799,-0.48524,-0.47609,-0.42848,-0.4001,-0.37538,-0.39094,-0.37538,-0.28108,-0.22065,-0.19501,-0.13642,-0.052187,0.056764,0.16114,0.24537,0.28748,0.35798,0.43855,0.56673,0.56032,0.60701,0.6711,0.73794,-0.28474,-1.2076,-3.1687,-4.7398,-0.64821,-0.6592,-0.65737,-0.65645,-0.66012,-0.65371,-0.65828,-0.65554,-0.64364,-0.63997,-0.63356,-0.63814,-0.63906,-0.62716,-0.62441,-0.63265,-0.64364,-0.64089,-0.66286,-0.65645,-0.65554,-0.65096,-0.6354,-0.62441,-0.61434,-0.60976,-0.6006,-0.58412,-0.60152,-0.61342,-0.61617,-0.618,-0.6061,-0.57314,-0.56032
-0.56215,-0.5649,-0.553,-0.53468,-0.50447,-0.477,-0.49165,-0.45503,-0.42756,-0.38362,-0.3415,-0.33235,-0.29023,-0.20417,-0.15656,-0.080569,-0.063173,0.076907,0.15564,0.29206,0.42482,0.55666,0.69491,0.74252,1.0089,0.88351,0.7947,0.27192,-0.77639,-2.6395,-4.5851,-0.67385,-0.67019,-0.66836,-0.66378,-0.65737,-0.65554,-0.64638,-0.64913,-0.65279,-0.65645,-0.66469,-0.65371,-0.6418,-0.65096,-0.64364,-0.64821,-0.65554,-0.64364,-0.64455,-0.63448,-0.62716,-0.61434,-0.60793,-0.60427,-0.61892,-0.59145,-0.6006,-0.5942,-0.6006,-0.60152,-0.58596,-0.58046,-0.553,-0.55116,-0.54018
-0.5182,-0.49257,-0.46785,-0.43214,-0.42116,-0.41658,-0.37172,-0.32594,-0.32502,-0.28474,-0.19868,-0.1822,-0.2298,-0.21332,-0.14649,-0.072329,-0.028382,0.0027467,0.081484,0.141,0.28199,0.41658,0.43672,0.3882,0.17487,0.36164,0.051271,-1.1811,-2.5434,-3.5615,-0.59328,-0.59236,-0.5649,-0.59786,-0.59053,-0.683,-0.76815,-0.66836,-0.64455,-0.61434,-0.62166,-0.63723,-0.6766,-0.66744,-0.63997,-0.65371,-0.60976,-0.49715,-0.56398,-0.65096,-0.65004,-0.65004,-0.6299,-0.59877,-0.63356,-0.64821,-0.67568,-0.65828,-0.62624,-0.60976,-0.58687,-0.59328,-0.57497,-0.51729,-0.54018,-0.53926
-0.56215,-0.49348,-0.50081,-0.52644,-0.5063,-0.37355,-0.35981,-0.42207,-0.34242,-0.24079,-0.18586,-0.13459,-0.18036,-0.14283,-0.073244,0.054933,0.13092,0.21882,0.30763,0.51271,0.74068,0.86886,1.1765,1.106,0.10804,-0.68941,-1.7405,-4.2711,-4.8094,-0.65004,-0.64913,-0.6299,-0.63265,-0.64455,-0.62716,-0.62716,-0.63814,-0.63173,-0.64364,-0.66469,-0.66652,-0.66927,-0.66927,-0.64364,-0.63356,-0.62166,-0.61983,-0.63723,-0.63997,-0.62624,-0.61342,-0.60244,-0.618,-0.61708,-0.61251,-0.61434,-0.60701,-0.59511,-0.59603,-0.60152,-0.61708,-0.60976,-0.58687,-0.56764,-0.54842,-0.5356
-0.51637,-0.49623,-0.45595,-0.44496,-0.42848,-0.40651,-0.35524,-0.31037,-0.28565,-0.2765,-0.22248,-0.19593,-0.069582,0.054018,0.22797,0.3534,0.44404,0.53743,0.61159,0.59969,0.87069,0.97964,0.75625,0.37263,-0.73153,-3.2127,-3.9726,-5.1857,-0.65554,-0.64913,-0.65188,-0.65279,-0.65371,-0.65188,-0.65462,-0.65737,-0.65645,-0.64913,-0.65554,-0.64821,-0.65096,-0.64913,-0.65554,-0.64821,-0.65462,-0.64821,-0.64089,-0.6354,-0.63631,-0.63173,-0.63265,-0.62349,-0.61434,-0.62166,-0.62258,-0.62258,-0.61708,-0.59328,-0.58687,-0.58596,-0.56948,-0.56032,-0.55025,-0.52919,-0.50172,-0.48067
-0.44954,-0.47426,-0.45045,-0.42024,-0.39277,-0.36256,-0.32136,-0.23072,-0.26093,-0.23072,-0.19227,-0.11078,-0.10804,-0.096133,-0.062258,0.0018311,0.061342,0.13733,0.24537,0.29206,0.34425,0.29939,0.57039,0.10895,-0.63997,-0.83224,-1.551,-3.3033,-0.64547,-0.64364,-0.6473,-0.64821,-0.63631,-0.63265,-0.62899,-0.62441,-0.61617,-0.62532,-0.61983,-0.59786,-0.6006,-0.60976,-0.58046,-0.57497,-0.63173,-0.64638,-0.61251,-0.55849,-0.5356,-0.54292,-0.51088,-0.51271,-0.53285,-0.56398,-0.5594,-0.55757,-0.55757,-0.57314,-0.56398,-0.54384,-0.56307,-0.50996,-0.53194,-0.51454,-0.49074,-0.44038
-0.48433,-0.5063,-0.46876,-0.47243,-0.48158,-0.35615,-0.35798,-0.38728,-0.36988,-0.29847,-0.1886,-0.13825,-0.048524,0.027467,0.12543,0.25086,0.39369,0.51088,0.62899,0.58962,0.63906,0.70406,0.81759,0.618,-0.11261,-0.55116,-2.169,-0.63997,-0.6592,-0.66103,-0.66469,-0.65462,-0.65737,-0.65188,-0.64913,-0.65645,-0.65554,-0.66378,-0.65554,-0.65096,-0.65004,-0.6592,-0.65188,-0.65096,-0.65096,-0.65462,-0.65371,-0.65462,-0.64821,-0.64547,-0.64364,-0.63631,-0.6299,-0.62716,-0.62258,-0.62349,-0.618,-0.59786,-0.59969,-0.5768,-0.55483,-0.53926,-0.53194,-0.54018,-0.53102,-0.49989
-0.48891,-0.49532,-0.48158,-0.46419,-0.45137,-0.40925,-0.38362,-0.32411,-0.26734,-0.20051,-0.14008,-0.095218,-0.00824,0.085147,0.23072,0.32411,0.43306,0.51454,0.57955,0.57497,0.56124,0.85513,0.69674,0.076907,-0.048524,-1.9684,-3.7053,-0.6354,-0.63997,-0.6418,-0.65096,-0.65554,-0.68209,-0.68117,-0.66286,-0.66378,-0.63997,-0.64913,-0.64547,-0.65371,-0.64272,-0.64364,-0.63723,-0.6418,-0.63631,-0.62441,-0.63082,-0.66012,-0.67019,-0.66103,-0.65554,-0.63356,-0.62716,-0.60152,-0.59511,-0.62349,-0.59328,-0.59877,-0.5887,-0.62624,-0.64089,-0.60427,-0.57039,-0.5594,-0.55116,-0.50447
-0.47243,-0.44771,-0.47884,-0.46602,-0.46236,-0.40284,-0.36622,-0.34059,-0.25086,-0.13642,-0.1529,-0.078738,-0.02472,-0.040284,0.013733,0.13825,0.21149,0.3058,0.34425,0.34425,0.43672,0.92837,0.6418,-0.25361,-0.10987,-1.7826,-3.5963,-3.99,-0.67202,-0.6418,-0.63356,-0.65737,-0.6711,-0.66561,-0.62075,-0.64089,-0.67476,-0.66286,-0.66012,-0.6592,-0.6473,-0.65645,-0.64455,-0.62899,-0.63448,-0.63906,-0.6299,-0.62624,-0.63814,-0.63631,-0.61617,-0.61434,-0.61708,-0.61617,-0.60793,-0.60244,-0.60152,-0.58687,-0.56764,-0.55483,-0.53743,-0.52461,-0.51454,-0.52461,-0.52736,-0.5063
-0.46327,-0.47609,-0.45228,-0.41749,-0.3708,-0.33326,-0.30671,-0.26917,-0.20142,-0.22156,-0.16297,-0.09064,-0.037538,0.0412,0.13733,0.22706,0.29847,0.30763,0.347,0.22248,0.24995,0.58504,0.29756,0.46236,-0.92563,-2.5233,-3.2136,-0.65645,-0.6473,-0.63906,-0.64455,-0.65371,-0.64272,-0.63448,-0.63814,-0.67385,-0.68484,-0.67202,-0.65188,-0.64638,-0.65188,-0.65828,-0.64547,-0.65462,-0.64364,-0.6592,-0.65828,-0.65096,-0.65188,-0.64638,-0.63356,-0.62716,-0.63173,-0.6299,-0.62349,-0.60518,-0.59969,-0.59236,-0.60152,-0.58046,-0.5594,-0.54384,-0.5356,-0.51546,-0.50081,-0.49532
-0.45503,-0.40468,-0.35066,-0.34883,-0.30213,-0.2179,-0.19501,-0.17029,-0.10712,-0.045778,-0.073244,-0.083316,-0.035707,-0.017396,0.019227,0.072329,0.078738,0.070498,0.068667,0.13184,0.2591,0.25544,0.55025,-0.4706,-1.2323,-2.8474,-3.8289,-0.6592,-0.66195,-0.66744,-0.6592,-0.66744,-0.65371,-0.65004,-0.65279,-0.66652,-0.66286,-0.66103,-0.64638,-0.65096,-0.6592,-0.66195,-0.65371,-0.64272,-0.64272,-0.6418,-0.64547,-0.6418,-0.65188,-0.64089,-0.62899,-0.61251,-0.63265,-0.62441,-0.61617,-0.61617,-0.61525,-0.60427,-0.59877,-0.5942,-0.58412,-0.57222,-0.56856,-0.55208,-0.53743,-0.54109
-0.52461,-0.50264,-0.48341,-0.46052,-0.42207,-0.37629,-0.33967,-0.30488,-0.3003,-0.26643,-0.1941,-0.15839,-0.063173,0.071413,0.19318,0.36073,0.4294,0.5237,0.63631,1.0858,1.3688,0.62807,0.60335,0.59969,-0.01648,-2.1058,-4.2134,-0.66103,-0.66012,-0.66744,-0.65462,-0.64821,-0.65096,-0.65096,-0.65462,-0.66469,-0.65462,-0.65645,-0.65371,-0.65737,-0.66286,-0.66103,-0.63173,-0.63448,-0.618,-0.65188,-0.65279,-0.64455,-0.6473,-0.64089,-0.63814,-0.62166,-0.62441,-0.63356,-0.62716,-0.61342,-0.60244,-0.58962,-0.57588,-0.5649,-0.55849,-0.56398,-0.56032,-0.5475,-0.53011,-0.5063
-0.50447,-0.52461,-0.51088,-0.45228,-0.4239,-0.40376,-0.36714,-0.35798,-0.29389,-0.27741,-0.23072,-0.22431,-0.16297,-0.021973,0.060427,0.1648,0.47884,0.65004,0.66744,0.88076,0.82858,1.0016,1.0547,0.50996,0.21149,-2.9783,-3.9167,-0.66286,-0.66378,-0.65188,-0.66103,-0.64821,-0.65737,-0.6473,-0.65279,-0.65828,-0.66012,-0.66378,-0.65371,-0.65279,-0.64455,-0.64547,-0.65188,-0.63356,-0.64272,-0.63173,-0.63631,-0.64272,-0.63723,-0.63997,-0.64089,-0.63265,-0.63814,-0.63356,-0.6299,-0.62716,-0.618,-0.60152,-0.59603,-0.59145,-0.59603,-0.57497,-0.56856,-0.54292,-0.54109,-0.51729
-0.50081,-0.47243,-0.4413,-0.41566,-0.39277,-0.3122,-0.32319,-0.27924,-0.20508,-0.17304,-0.141,-0.069582,0.038453,0.078738,0.26734,0.66927,0.73336,0.54018,0.70406,0.76266,0.98697,1.1426,0.82492,-0.83041,-3.0406,-0.64547,-0.6354,-0.63356,-0.65554,-0.65828,-0.66561,-0.65371,-0.64821,-0.65279,-0.66103,-0.65737,-0.64547,-0.64821,-0.65279,-0.66378,-0.67293,-0.65645,-0.65462,-0.65828,-0.65371,-0.64821,-0.63997,-0.62807,-0.60976,-0.60884,-0.61342,-0.61159,-0.61892,-0.59511,-0.60244,-0.61617,-0.61068,-0.60793,-0.59511,-0.55391,-0.54292,-0.53652,-0.52736,-0.52004,-0.49715,-0.46327
-0.41932,-0.40193,-0.37538,-0.34333,-0.3003,-0.3003,-0.25544,-0.18403,-0.10071,-0.11902,-0.060427,-0.039369,0.086062,0.15564,0.21241,0.25361,0.3946,0.69674,0.96774,0.63082,0.60793,0.56124,-0.6061,-2.2266,-4.1978,-0.66286,-0.64913,-0.65554,-0.66561,-0.66286,-0.64455,-0.6592,-0.66103,-0.66652,-0.66286,-0.66561,-0.67293,-0.68117,-0.65737,-0.65004,-0.65004,-0.6354,-0.63265,-0.6299,-0.6354,-0.64089,-0.63723,-0.62716,-0.62532,-0.63448,-0.63631,-0.63173,-0.61708,-0.61617,-0.61159,-0.59603,-0.57863,-0.56581,-0.55666,-0.55483,-0.56398,-0.54292,-0.55483,-0.54384,-0.53102,-0.52278
-0.48616,-0.45045,-0.43031,-0.39094,-0.38087,-0.32868,-0.25727,-0.21882,-0.14374,-0.078738,0.058596,0.12726,0.25636,0.30122,0.39277,0.67751,1.1161,0.95126,0.74801,0.7242,1.5775,1.1536,0.069582,-2.0746,-0.6592,-0.66469,-0.65371,-0.65279,-0.65096,-0.66378,-0.66012,-0.65554,-0.65279,-0.65096,-0.65737,-0.66378,-0.65096,-0.64547,-0.64455,-0.64913,-0.65004,-0.65554,-0.64089,-0.6354,-0.6418,-0.64364,-0.64455,-0.63631,-0.6418,-0.63173,-0.62441,-0.62075,-0.61892,-0.61983,-0.61983,-0.59969,-0.58779,-0.57772,-0.58229,-0.57314,-0.5649,-0.5475,-0.52828,-0.50356,-0.48067,-0.46327
-0.43764,-0.412,-0.3827,-0.34974,-0.33692,-0.29481,-0.23621,-0.18311,-0.12177,-0.019227,-0.014649,0.1886,0.2646,0.35707,0.45595,0.61892,0.85971,1.1994,1.5802,1.8943,1.3514,0.42024,-0.62716,-3.8325,-3.8325,-1.5857,2.743,3.2621,3.3381,1.4008,0.51088,-0.16297,-0.39644,-0.087893,1.0712,1.3276,0.94852,0.62899,0.62899,0.72787,0.97964,1.1591,0.94668,0.84689,0.69674,0.66652,0.82034,0.8652,0.65188,0.61434,0.57405,0.6299,0.6354,0.40651,0.20417,0.079653,0.089724,0.092471,0.18036,0.39918,0.70498,1.0099,0.91922,0.66195,0.51454,0.53377
0.52644,0.44679,0.19959,-0.1529,-0.32594,-0.27558,0.095218,0.38179,0.44221,0.45595,0.49623,0.48524,0.51637,0.51546,0.52644,0.56215,0.62441,0.76632,0.73794,0.5768,0.40651,0.35524,0.38087,0.43947,-1.8274,-1.8119,-1.7899,-1.767,-1.7487,-1.724,-1.7084,-1.6874,-1.6279,-1.5802,-1.5372,-1.5162,-1.5015,-1.5061,-1.5592,-1.5876,-1.6004,-1.5931,-1.5995,-1.5995,-1.6178,-1.6324,-1.6471,-1.6297,-1.6599,-1.7844,-1.919,-2.0124,-2.0298,-2.0582,-2.7824,-3.5414,-3.914,-1.431,-1.4612,-1.507,-1.54,-1.5427,-1.5189,-1.4878,-1.4686,-1.4512
-1.4621,-1.4887,-1.518,-1.5372,-1.5629,-1.5986,-1.6315,-1.6736,-1.67,-1.6233,-1.6041,-1.6031,-1.6013,-1.6123,-1.605,-1.6105,-1.6306,-1.6498,-1.6535,-1.6434,-1.6407,-1.6672,-1.6681,-1.6526,-1.6507,-1.6269,-1.6114,-1.6031,-1.5766,-1.5574,-1.54,-1.5308,-1.475,-1.4209,-1.344,-1.2662,-1.1655,-1.0401,-0.89816,-0.83407,-0.81484,-0.80294,-0.80203,-0.88809,-1.0309,-1.0749,-1.0776,-1.1609,-1.5345,-2.1598,-2.6606,-3.0213,-3.2621,-4.1218,-4.2674,-3.9808,-4.4359,-1.5171,-1.5683,-1.5949,-1.6214,-1.6572,-1.6288,-1.5757,-1.5418,-1.5217
-1.5226,-1.5445,-1.5793,-1.6022,-1.5885,-1.594,-1.5775,-1.5601,-1.5555,-1.5491,-1.5354,-1.5821,-1.5894,-1.5876,-1.5967,-1.5976,-1.5802,-1.5757,-1.5757,-1.5729,-1.5656,-1.5702,-1.551,-1.5601,-1.5436,-1.54,-1.5262,-1.5198,-1.5134,-1.4942,-1.4621,-1.4173,-1.3916,-1.3468,-1.2726,-1.1856,-1.0996,-1.0346,-0.93295,-0.72512,-0.58962,-0.50264,-0.56307,-0.52644,-0.40376,-0.52461,-0.83956,-1.0501,-1.2323,-1.4603,-1.9337,-2.2706,-2.3951,-3.0836,-4.1328,-4.3965,-5.508,-1.6352,-1.648,-1.6892,-1.6297,-1.5757,-1.5409,-1.4997,-1.5116,-1.5409
-1.5683,-1.5867,-1.6196,-1.6398,-1.6315,-1.637,-1.6123,-1.5876,-1.5867,-1.5848,-1.605,-1.6141,-1.6095,-1.6105,-1.6251,-1.6361,-1.6004,-1.6251,-1.6343,-1.637,-1.6352,-1.6462,-1.6462,-1.6288,-1.6105,-1.5949,-1.5601,-1.5363,-1.5098,-1.4008,-1.3541,-1.312,-1.2909,-1.2534,-1.1637,-1.0858,-1.0044,-0.9183,-0.79379,-0.76357,-0.6766,-0.58321,-0.5063,-0.63906,-0.78646,-0.89999,-1.0694,-1.269,-1.5226,-1.7652,-1.9602,-2.2303,-2.8153,-3.9067,-4.8277,-4.9229,-5.2846,-1.2186,-1.2085,-1.2149,-1.1582,-1.171,-1.2287,-1.2671,-1.3028,-1.3477
-1.4576,-1.5601,-1.5757,-1.6123,-1.5995,-1.5894,-1.5537,-1.5253,-1.5052,-1.5345,-1.5583,-1.5821,-1.6004,-1.6086,-1.5995,-1.6041,-1.5821,-1.5683,-1.5619,-1.5693,-1.5967,-1.6178,-1.626,-1.6205,-1.6086,-1.5967,-1.5619,-1.5308,-1.4859,-1.3715,-1.3504,-1.2937,-1.1866,-1.0913,-1.0446,-1.0382,-0.95767,-0.82492,-0.82492,-0.71413,-0.71596,-0.73702,-0.72695,-0.74068,-0.88351,-0.98422,-1.1353,-1.3651,-1.6517,-2.0765,-2.2303,-2.2916,-3.1422,-3.7574,-3.9149,-4.1411,-1.3752,-1.4246,-1.4759,-1.5455,-1.5848,-1.6041,-1.5702,-1.572,-1.5564,-1.5912
-1.5821,-1.5683,-1.5793,-1.5885,-1.594,-1.6123,-1.6279,-1.6169,-1.6123,-1.6279,-1.5839,-1.648,-1.6361,-1.6352,-1.6123,-1.616,-1.6095,-1.605,-1.5867,-1.5894,-1.5867,-1.5802,-1.54,-1.5281,-1.4759,-1.4411,-1.4274,-1.4109,-1.3971,-1.3733,-1.3092,-1.1966,-1.0785,-0.97049,-0.88534,-0.78463,-0.68667,-0.52004,-0.43764,-0.51363,-0.6766,-0.69491,-0.76083,-0.99246,-1.0703,-1.258,-1.6105,-1.9446,-2.1058,-2.5672,-2.9014,-3.8179,-4.9046,-5.3505,-4.7755,-5.3899,-1.2131,-1.1325,-1.2012,-1.2699,-1.3157,-1.3559,-1.4347,-1.5271,-1.5766,-1.6288
-1.6196,-1.572,-1.5372,-1.4924,-1.5061,-1.5171,-1.5253,-1.5354,-1.5555,-1.5894,-1.5967,-1.5812,-1.5812,-1.5592,-1.5748,-1.6041,-1.6288,-1.6324,-1.6343,-1.6288,-1.626,-1.6233,-1.6269,-1.6123,-1.5922,-1.5647,-1.5491,-1.5162,-1.4612,-1.4365,-1.3953,-1.4255,-1.3871,-1.3303,-1.2827,-1.2644,-1.2085,-1.1444,-1.0117,-0.90182,-0.91647,-1.052,-0.9238,-0.79562,-0.79562,-0.99521,-1.1554,-1.2973,-1.3944,-1.5793,-2.0206,-2.3475,-2.8355,-3.6961,-4.4038,-4.8451,-1.0529,-1.0556,-1.236,-1.2442,-1.3486,-1.4347,-1.5134,-1.6095,-1.6691,-1.6434
-1.6022,-1.5674,-1.5537,-1.5418,-1.5308,-1.5098,-1.5674,-1.5912,-1.6077,-1.6187,-1.6398,-1.6517,-1.6535,-1.6398,-1.6507,-1.659,-1.6581,-1.6507,-1.6746,-1.6535,-1.6956,-1.6819,-1.67,-1.6498,-1.6141,-1.5903,-1.5912,-1.5693,-1.5848,-1.5482,-1.5198,-1.4512,-1.3715,-1.366,-1.2946,-1.2214,-1.0685,-1.0099,-0.96408,-0.94394,-0.86978,-0.83407,-0.7709,-0.65645,-0.68117,-0.91006,-1.0382,-1.1655,-1.3944,-1.648,-1.5574,-2.0627,-3.0268,-3.6128,-4.434,-4.5531,-1.0758,-1.0721,-1.1838,-1.1948,-1.2049,-1.2534,-1.3294,-1.4237,-1.5143,-1.626
-1.7148,-1.7286,-1.6352,-1.5674,-1.5198,-1.529,-1.5409,-1.5024,-1.5491,-1.6297,-1.6837,-1.681,-1.6645,-1.6636,-1.6462,-1.6443,-1.6379,-1.6544,-1.7093,-1.735,-1.7405,-1.757,-1.7579,-1.7203,-1.6947,-1.6562,-1.6507,-1.6279,-1.6013,-1.5235,-1.4603,-1.4054,-1.4145,-1.3779,-1.3047,-1.2067,-1.2049,-1.1774,-1.149,-1.128,-1.095,-0.9476,-0.86795,-0.85147,-0.82308,-0.88534,-1.0291,-1.3266,-1.5061,-1.5757,-1.757,-1.9932,-2.4628,-3.1001,-4.0614,-1.0135,-1.0364,-1.1161,-1.1289,-1.2085,-1.2873,-1.3742,-1.4722,-1.5867,-1.6453,-1.626
-1.5519,-1.5052,-1.4255,-1.4054,-1.4081,-1.4283,-1.4557,-1.4722,-1.5217,-1.5445,-1.561,-1.5574,-1.5326,-1.5326,-1.5308,-1.5262,-1.5354,-1.5537,-1.6095,-1.5976,-1.6123,-1.6095,-1.5857,-1.5638,-1.5336,-1.551,-1.5299,-1.4576,-1.4612,-1.4649,-1.4768,-1.442,-1.2946,-1.2433,-1.1985,-1.1783,-1.1682,-1.0932,-1.0749,-1.2827,-1.3074,-1.0346,-0.86978,-0.8121,-0.9476,-1.1701,-1.2204,-1.2552,-1.0373,-1.4768,-1.6773,-1.9163,-2.8135,-3.947,-4.8973,-4.8817,-1.171,-1.1737,-1.127,-1.0868,-1.1866,-1.3221,-1.2223,-1.2644,-1.2891,-1.388
-1.4759,-1.5015,-1.4154,-1.4374,-1.453,-1.4585,-1.4667,-1.4978,-1.4878,-1.5299,-1.5482,-1.5729,-1.5088,-1.5436,-1.5436,-1.5207,-1.5024,-1.475,-1.4859,-1.496,-1.5207,-1.5317,-1.5253,-1.5436,-1.5564,-1.5693,-1.5592,-1.5674,-1.5574,-1.5061,-1.4914,-1.464,-1.431,-1.3797,-1.2589,-1.138,-1.1344,-1.0538,-1.0492,-1.0364,-1.0227,-0.99887,-1.0034,-1.1042,-1.1856,-1.0675,-0.94668,-1.0465,-1.106,-1.3907,-1.4603,-1.6379,-2.3576,-3.339,-4.4285,-0.98422,-0.86886,-1.0016,-1.1133,-1.2122,-1.2543,-1.3953,-1.5427,-1.691,-1.7661,-1.6993
-1.615,-1.5381,-1.474,-1.4612,-1.4695,-1.5134,-1.5409,-1.5857,-1.6334,-1.6626,-1.6828,-1.6407,-1.691,-1.6471,-1.6379,-1.616,-1.6022,-1.6224,-1.6251,-1.6242,-1.6214,-1.6242,-1.5976,-1.6141,-1.5519,-1.5171,-1.4805,-1.4411,-1.3926,-1.3303,-1.3001,-1.2305,-1.2067,-1.1921,-1.1197,-0.99063,-0.91372,-0.99338,-0.74068,-0.72237,-0.74801,-0.71963,-0.84506,-1.0538,-1.236,-1.4713,-1.4924,-1.5107,-1.4896,-1.963,-2.7503,-3.8371,-4.6529,-5.3716,-5.4421,-1.1252,-1.0877,-1.0163,-0.95767,-0.96042,-1.0584,-1.1618,-1.2333,-1.4054,-1.5537,-1.7066
-1.7817,-1.7698,-1.6471,-1.5693,-1.4493,-1.4164,-1.4585,-1.4594,-1.496,-1.5345,-1.5601,-1.6324,-1.6242,-1.5409,-1.5986,-1.6187,-1.6544,-1.6407,-1.6654,-1.6526,-1.6718,-1.6608,-1.5336,-1.4795,-1.5006,-1.5052,-1.5381,-1.5098,-1.4823,-1.4393,-1.4173,-1.3395,-1.3102,-1.2571,-1.1774,-1.0822,-0.97781,-0.92563,-0.99979,-1.0273,-0.9238,-0.77456,-0.77364,-0.89175,-0.96774,-1.041,-1.0813,-1.2745,-1.4228,-1.5949,-1.8686,-2.808,-4.1081,-5.865,-5.8925,-1.0575,-1.0703,-1.0813,-1.0868,-1.117,-1.1298,-1.1866,-1.2928,-1.4658,-1.5702,-1.6526
-1.6855,-1.6654,-1.6068,-1.5152,-1.4777,-1.4896,-1.431,-1.4997,-1.5381,-1.5802,-1.6343,-1.6883,-1.6974,-1.681,-1.6819,-1.6407,-1.6132,-1.6077,-1.5436,-1.6315,-1.6031,-1.6095,-1.6141,-1.605,-1.572,-1.5601,-1.551,-1.5217,-1.5134,-1.4814,-1.453,-1.4264,-1.4045,-1.3065,-1.1765,-1.095,-1.0108,-1.063,-1.0172,-0.91922,-0.88626,-0.96591,-1.0666,-0.97232,-0.93936,-1.0355,-1.3038,-1.5143,-1.5775,-1.6489,-2.0023,-2.418,-3.5936,-5.0346,-5.4924,-0.91098,-0.97781,-1.0639,-1.1994,-1.3038,-1.4164,-1.5271,-1.7002,-1.8128,-1.7615,-1.6205
-1.4951,-1.4173,-1.3742,-1.3953,-1.4649,-1.5345,-1.6105,-1.6755,-1.6919,-1.6837,-1.6352,-1.5693,-1.5381,-1.5253,-1.485,-1.5326,-1.5317,-1.5629,-1.5729,-1.5775,-1.5986,-1.6379,-1.6572,-1.6361,-1.6242,-1.5656,-1.4695,-1.5189,-1.5125,-1.4795,-1.4026,-1.3303,-1.2827,-1.2653,-1.2021,-1.1847,-1.0904,-1.0062,-0.92105,-1.0566,-0.98514,-0.94211,-0.81759,-0.81027,-1.0712,-1.1783,-1.3019,-1.3532,-1.5372,-1.5189,-1.8,-2.6368,-3.8682,-5.1592,-5.7341,-1.561,-1.6214,-1.8293,-1.952,-1.843,-1.821,-1.767,-1.6416,-1.5848,-1.5445,-1.5546
-1.5931,-1.6315,-1.6553,-1.6434,-1.6462,-1.681,-1.6718,-1.6269,-1.615,-1.637,-1.68,-1.6874,-1.7103,-1.7331,-1.7414,-1.7377,-1.7331,-1.7112,-1.6919,-1.6599,-1.6498,-1.6746,-1.681,-1.6709,-1.6791,-1.659,-1.6498,-1.6892,-1.7277,-1.6901,-1.5995,-1.4493,-1.3669,-1.3578,-1.2992,-1.2369,-1.1417,-1.0868,-1.0025,-0.85055,-0.83682,-0.86245,-0.83224,-0.80203,-0.80844,-0.86886,-1.0034,-1.2296,-1.4402,-1.6892,-1.9373,-2.3997,-3.6723,-4.5366,-5.139,-1.323,-1.2442,-1.2983,-1.4411,-1.5638,-1.6755,-1.7002,-1.6709,-1.615,-1.594,-1.5262
-1.5061,-1.4704,-1.4777,-1.475,-1.4841,-1.5226,-1.5244,-1.5491,-1.5629,-1.551,-1.5619,-1.5491,-1.5317,-1.4914,-1.561,-1.5812,-1.5857,-1.6993,-1.8375,-1.7872,-1.6379,-1.6636,-1.6004,-1.5564,-1.6022,-1.6068,-1.4237,-1.333,-1.2955,-1.3211,-1.3312,-1.3147,-1.3202,-1.3294,-1.2763,-1.1701,-1.1161,-1.0327,-0.97507,-0.91922,-0.81301,-0.70681,-0.71413,-0.91647,-0.93844,-0.83956,-0.81301,-0.94852,-1.1664,-1.6068,-2.082,-2.8739,-4.5283,-6.1223,-6.2157,-1.5217,-1.6297,-1.6462,-1.6526,-1.6288,-1.5812,-1.6242,-1.6645,-1.6562,-1.6013,-1.5702
-1.551,-1.551,-1.5226,-1.5217,-1.5143,-1.4576,-1.4356,-1.4621,-1.5372,-1.4768,-1.442,-1.4759,-1.5107,-1.4924,-1.4612,-1.4676,-1.4805,-1.5143,-1.5326,-1.561,-1.5271,-1.5427,-1.5601,-1.4576,-1.4228,-1.4255,-1.4612,-1.4786,-1.4566,-1.3898,-1.3193,-1.2983,-1.2818,-1.214,-1.1911,-1.1737,-1.0913,-1.0483,-1.0382,-1.0685,-1.0327,-0.91372,-0.85604,-0.89267,-0.93112,-0.94028,-0.93478,-1.0941,-1.344,-1.6526,-2.1442,-3.1596,-4.1484,-5.2608,-6.1773,-1.4841,-1.3569,-1.2635,-1.3157,-1.334,-1.4219,-1.5308,-1.5766,-1.5986,-1.583,-1.5601
-1.5079,-1.4292,-1.3504,-1.3321,-1.3587,-1.3971,-1.453,-1.5702,-1.5885,-1.5464,-1.5436,-1.5171,-1.4603,-1.4612,-1.4768,-1.4969,-1.5839,-1.5876,-1.6031,-1.5839,-1.5665,-1.5436,-1.5436,-1.5052,-1.4731,-1.4905,-1.4768,-1.5006,-1.474,-1.4466,-1.41,-1.3761,-1.3266,-1.3102,-1.2772,-1.1866,-1.0831,-1.0007,-0.97324,-0.88534,-0.77181,-0.69948,-0.75991,-0.86062,-0.95492,-0.95859,-0.99521,-1.0657,-1.1261,-1.2845,-1.5308,-2.0884,-3.2557,-4.5347,-5.3587,-1.6288,-1.6425,-1.5336,-1.4301,-1.4457,-1.5217,-1.5052,-1.4832,-1.5903,-1.6187,-1.6443
-1.6654,-1.6654,-1.6572,-1.6288,-1.5848,-1.5308,-1.4841,-1.4951,-1.5152,-1.5711,-1.5986,-1.605,-1.583,-1.5363,-1.5253,-1.5143,-1.5455,-1.5665,-1.5802,-1.55,-1.6169,-1.5748,-1.5647,-1.5583,-1.5262,-1.518,-1.4695,-1.4411,-1.4072,-1.3935,-1.3807,-1.3935,-1.3486,-1.2177,-1.1765,-1.193,-1.2076,-1.0602,-0.97232,-0.84872,-0.78646,-0.73885,-0.72878,-0.7828,-0.83316,-0.93295,-0.93204,-0.92837,-0.99612,-1.128,-1.3752,-1.7954,-2.6487,-4.2903,-5.3276,-1.5867,-1.6205,-1.5885,-1.5015,-1.3678,-1.2827,-1.3623,-1.4942,-1.5638,-1.681,-1.7432
-1.7551,-1.7652,-1.6901,-1.5967,-1.5006,-1.453,-1.4145,-1.409,-1.616,-1.626,-1.5656,-1.5235,-1.5152,-1.496,-1.507,-1.5061,-1.5207,-1.5317,-1.5354,-1.5711,-1.5427,-1.5693,-1.4777,-1.4274,-1.4035,-1.3834,-1.3385,-1.3285,-1.3578,-1.3523,-1.3559,-1.2955,-1.214,-1.1151,-1.0062,-0.85788,-0.7242,-0.6354,-0.59694,-0.68667,-0.77181,-0.84872,-0.96957,-1.0538,-1.1325,-1.1225,-1.149,-1.3047,-1.5317,-1.8622,-2.5278,-3.5688,-4.4295,-4.6693,-5.3377,-1.5107,-1.4502,-1.3962,-1.42,-1.3953,-1.3651,-1.3651,-1.3807,-1.4255,-1.442,-1.4859
-1.5537,-1.6095,-1.5455,-1.5326,-1.5574,-1.5015,-1.5317,-1.5931,-1.5555,-1.464,-1.4411,-1.3898,-1.4035,-1.4008,-1.4347,-1.4438,-1.474,-1.5235,-1.5537,-1.5738,-1.561,-1.5427,-1.4942,-1.4402,-1.4008,-1.3916,-1.3852,-1.3715,-1.3733,-1.2983,-1.2827,-1.2113,-1.117,-0.94485,-0.84231,-0.70132,-0.68026,-0.77914,-0.84414,-0.92837,-1.0584,-1.117,-1.1435,-1.1298,-1.1664,-1.2113,-1.2735,-1.2992,-1.3862,-1.6407,-2.2477,-3.9891,-4.9037,-5.0218,-5.2644,-1.3248,-1.2955,-1.2259,-1.2314,-1.3001,-1.3623,-1.453,-1.5207,-1.5583,-1.5931,-1.6324
-1.6361,-1.5931,-1.5683,-1.4805,-1.4768,-1.5217,-1.5162,-1.5656,-1.5876,-1.5427,-1.5079,-1.4969,-1.4539,-1.3807,-1.3358,-1.2891,-1.2589,-1.3495,-1.3971,-1.4704,-1.5262,-1.5207,-1.4713,-1.4173,-1.3404,-1.3147,-1.3239,-1.2946,-1.3715,-1.3633,-1.2864,-1.2452,-1.2726,-1.2049,-1.0437,-0.89999,-0.81027,-0.79104,-0.83865,-0.85971,-0.95035,-0.89816,-0.95126,-1.0904,-1.2351,-1.2891,-1.3092,-1.3871,-1.6773,-2.0627,-2.5031,-3.5936,-4.5988,-4.7911,-5.0017,-1.4237,-1.4924,-1.4805,-1.4566,-1.4933,-1.4493,-1.4457,-1.4713,-1.4924,-1.4145,-1.4447
-1.5271,-1.5207,-1.431,-1.3752,-1.301,-1.3733,-1.4228,-1.539,-1.561,-1.6315,-1.637,-1.5757,-1.4997,-1.4136,-1.4686,-1.54,-1.431,-1.399,-1.4658,-1.4566,-1.4704,-1.4768,-1.5217,-1.6095,-1.5345,-1.3971,-1.2799,-1.1399,-1.041,-0.96957,-0.94302,-0.89908,-0.79653,-0.8002,-0.7709,-0.7535,-0.75259,-0.7535,-0.84414,-1.1179,-1.3669,-1.2644,-1.0767,-1.0749,-1.1829,-1.1765,-1.0785,-1.0849,-1.3367,-1.7139,-1.973,-2.9563,-4.185,-5.1473,-5.6389,-1.6022,-1.5171,-1.4301,-1.3623,-1.2754,-1.2488,-1.4676,-1.6489,-1.2149,-1.7396,-1.7661
-1.529,-1.5253,-1.4869,-1.3962,-1.2708,-1.2094,-1.2351,-1.301,-1.3358,-1.3825,-1.4356,-1.518,-1.5775,-1.6727,-1.7231,-1.7707,-1.7084,-1.6562,-1.5967,-1.5244,-1.4667,-1.4301,-1.4658,-1.4594,-1.4704,-1.4493,-1.388,-1.3019,-1.2424,-1.1893,-1.128,-1.0227,-0.93204,-0.90182,-0.90548,-0.92288,-0.95401,-0.98239,-0.9595,-1.0034,-1.0712,-1.0932,-1.1051,-1.1371,-1.2094,-1.1673,-1.0877,-1.1151,-1.3166,-1.7112,-1.951,-2.5004,-4.0083,-5.1106,-5.6426,-1.269,-1.2342,-1.2232,-1.4557,-1.3944,-1.5033,-1.5647,-1.5473,-1.561,-1.5464,-1.4328
-1.4063,-1.4264,-1.4109,-1.4209,-1.4539,-1.5583,-1.5857,-1.5766,-1.5528,-1.5519,-1.5812,-1.5867,-1.5555,-1.5125,-1.474,-1.431,-1.518,-1.5217,-1.5702,-1.6077,-1.5784,-1.5235,-1.4603,-1.4154,-1.3422,-1.3056,-1.2223,-1.2076,-1.1994,-1.182,-1.1637,-1.1536,-1.1618,-1.1261,-1.0584,-0.96683,-0.8478,-0.76998,-0.75625,-0.72512,-0.78188,-0.83773,-0.889,-0.97964,-1.0208,-1.0025,-1.0529,-1.1591,-1.4338,-1.7899,-2.5736,-3.8673,-5.3551,-5.6325,-6.1892,-1.4988,-1.6233,-1.7304,-1.6865,-1.6059,-1.6727,-1.6022,-1.5143,-1.5519,-1.464,-1.4493
-1.4859,-1.4997,-1.464,-1.474,-1.4164,-1.3724,-1.4988,-1.4896,-1.3898,-1.3999,-1.4319,-1.4301,-1.3797,-1.3559,-1.3349,-1.3688,-1.4585,-1.5372,-1.5702,-1.6178,-1.6077,-1.5326,-1.4667,-1.4054,-1.3742,-1.3825,-1.3541,-1.3495,-1.3056,-1.2278,-1.1847,-1.117,-0.95035,-0.82858,-0.77731,-0.82766,-0.9476,-0.94394,-0.85696,-0.80203,-0.75625,-0.76449,-0.89541,-0.97873,-0.90091,-0.87985,-0.90915,-1.0547,-1.2397,-1.6443,-2.2678,-3.3253,-4.3471,-6.0839,-7.3949,-1.4026,-1.3971,-1.4457,-1.4667,-1.4484,-1.345,-1.2351,-1.1426,-1.095,-1.1481,-1.1435
-1.2122,-1.2955,-1.4081,-1.3981,-1.3358,-1.3788,-1.3862,-1.3147,-1.3495,-1.3376,-1.3248,-1.3422,-1.3138,-1.3294,-1.3569,-1.3953,-1.4081,-1.4255,-1.4713,-1.496,-1.5271,-1.5125,-1.4686,-1.3926,-1.3431,-1.3065,-1.2461,-1.1655,-1.0978,-1.1087,-1.0785,-1.0428,-1.0364,-1.1069,-1.1582,-1.0923,-1.0172,-0.92837,-0.85604,-0.96957,-1.1087,-1.193,-1.1225,-1.0108,-0.96408,-0.95126,-0.93936,-1.0025,-1.268,-1.7432,-2.5452,-4.0577,-5.0694,-6.104,-6.1379,-1.5326,-1.5088,-1.4713,-1.4576,-1.453,-1.4447,-1.5088,-1.6031,-1.4328,-1.5894,-1.5986
-1.4768,-1.453,-1.4493,-1.3797,-1.3001,-1.2653,-1.4768,-1.626,-1.7423,-1.7432,-1.7798,-1.7615,-1.6535,-1.5217,-1.4869,-1.5189,-1.5253,-1.6013,-1.5152,-1.5363,-1.5995,-1.6242,-1.6041,-1.5235,-1.4081,-1.3129,-1.29,-1.2818,-1.3129,-1.214,-1.225,-1.2735,-1.2159,-1.1115,-1.0538,-0.9888,-0.99246,-1.0034,-0.82308,-0.65371,-0.62899,-0.72512,-0.9888,-1.1829,-1.1234,-0.90457,-0.87893,-1.0694,-1.2607,-1.55,-2.2111,-3.6576,-5.0932,-4.3352,-6.0125,-1.2333,-1.3898,-1.0639,-1.2195,-1.3669,-1.2955,-1.2223,-1.2552,-1.301,-1.2387,-1.1921
-1.2104,-1.1884,-1.2296,-1.268,-1.3477,-1.3587,-1.3523,-1.355,-1.3926,-1.4695,-1.5674,-1.572,-1.6114,-1.6178,-1.5894,-1.518,-1.4658,-1.4905,-1.5079,-1.4924,-1.3852,-1.4182,-1.3944,-1.3541,-1.3504,-1.3816,-1.3788,-1.2909,-1.2525,-1.2543,-1.279,-1.2516,-1.2397,-1.2342,-1.214,-1.1151,-0.98697,-0.93753,-0.87436,-0.86795,-0.78188,-0.65645,-0.63448,-0.65279,-0.72329,-0.80844,-0.85696,-1.0135,-1.2561,-1.6132,-2.0362,-3.1321,-4.2903,-5.1619,-6.2148,-1.8622,-1.7991,-1.6416,-1.6269,-1.6105,-1.5143,-1.4951,-1.4109,-1.3834,-1.4173,-1.4063
-1.3706,-1.3578,-1.3486,-1.3138,-1.1802,-1.1417,-1.2067,-1.2589,-1.2369,-1.355,-1.5949,-1.6572,-1.6709,-2.1232,-2.5736,-2.5938,-2.6652,-2.7787,-2.9371,-2.9865,-2.9408,-2.8446,-2.635,-2.4107,-2.2385,-2.0591,-1.8934,-1.8165,-1.767,-1.7487,-1.7029,-1.583,-1.4805,-1.4072,-1.3633,-1.3056,-1.2021,-0.97964,-0.86428,-0.61434,-0.51088,-0.40284,-0.50539,-0.6473,-0.67202,-0.72695,-0.49074,-0.50539,-0.55208,-0.206,0.56948,-0.48524,-2.288,-6.2688,-10.083,-1.7615,-1.6855,-1.691,-1.637,-1.6141,-1.5372,-1.4219,-1.4274,-1.4686,-1.464,-1.5006
-1.6105,-1.6379,-1.4786,-1.431,-1.4548,-1.3916,-1.3257,-1.1518,-1.0996,-1.1435,-1.0849,-1.1509,-1.2003,-1.2314,-1.2845,-1.3175,-1.3477,-1.6013,-1.8879,-2.1625,-2.2486,-2.5425,-2.8291,-3.0094,-3.0909,-3.1101,-3.0717,-2.9563,-2.8162,-2.6222,-2.5892,-2.3933,-2.1891,-2.0197,-1.8906,-1.6526,-1.3852,-1.1252,-0.70223,-0.07416,0.47884,0.79928,0.53926,0.29664,0.047609,0.086062,-0.076907,-0.37904,-0.52187,-0.30671,-0.036622,-0.83316,-3.123,-5.4274,-11.081,-5.237,-5.5098,-5.5226,-3.6641,-2.2495,-1.1344,-0.87527,-0.99155,-0.70681,-0.49348,-0.37904
-0.46693,-0.51729,-1.6031,-1.5033,-1.4795,-1.4667,-1.5464,-1.681,-1.7295,-1.7277,-1.7002,-1.6123,-1.756,-1.7304,-1.6681,-1.5116,-1.3175,-1.1921,-1.2708,-1.2131,-1.0016,-0.71596,-0.56764,-0.56398,-0.57863,-0.47609,0.07416,0.036622,-0.63997,-1.0657,-0.89816,-1.9163,-3.0525,-4.196,-5.4732,-1.6819,-1.691,-1.7551,-1.7487,-1.767,-1.7597,-1.7222,-1.8055,-1.8384,-1.7588,-1.7277,-1.7139,-1.7789,-1.7185,-1.7203,-1.6755,-1.6123,-1.5812,-1.5345,-1.4603,-1.4374,-1.3816,-1.3669,-1.399,-1.3971,-1.345,-1.279,-1.3349,-1.3166,-1.2323,-1.1472
-1.1911,-1.2223,-1.1792,-1.1344,-1.1637,-1.2864,-1.2717,-1.2204,-1.3028,-1.3569,-1.3596,-1.4328,-1.4832,-1.5427,-1.4878,-1.4988,-1.5766,-1.5473,-1.475,-1.453,-1.2891,-1.2488,-1.073,-1.0208,-1.0108,-0.8066,-0.51271,-0.42299,-0.65737,-0.81668,-0.79379,-1.0804,-2.309,-3.1925,-3.9177,-1.9309,-2.0463,-2.0847,-2.1278,-2.1003,-2.0133,-1.9153,-1.9611,-2.0115,-1.9199,-1.843,-1.8357,-1.8741,-1.8998,-1.865,-1.8421,-1.8567,-1.8027,-1.713,-1.6132,-1.5821,-1.4429,-1.4457,-1.5207,-1.4576,-1.4136,-1.5308,-1.5592,-1.5107,-1.5546,-1.5345
-1.5079,-1.5244,-1.507,-1.4621,-1.4768,-1.4924,-1.4457,-1.3569,-1.3321,-1.4328,-1.3953,-1.4319,-1.5354,-1.4978,-1.6224,-1.6892,-1.5766,-1.6077,-1.6004,-1.5345,-1.4924,-1.4191,-1.2754,-1.117,-0.87985,-0.66652,-0.57131,-0.57314,-0.54659,-0.75991,-1.0822,-1.2452,-1.8577,-2.6652,-1.8567,-1.7515,-1.7432,-1.7212,-1.6764,-1.6269,-1.6416,-1.68,-1.6654,-1.6636,-1.7277,-1.6919,-1.605,-1.6214,-1.5674,-1.5894,-1.5894,-1.6141,-1.5702,-1.5766,-1.5775,-1.5445,-1.4649,-1.5162,-1.5162,-1.4951,-1.464,-1.5262,-1.5702,-1.5711,-1.561,-1.6224
-1.6636,-1.583,-1.5647,-1.5619,-1.5482,-1.4759,-1.5143,-1.5464,-1.4841,-1.3742,-1.4695,-1.5235,-1.5455,-1.4805,-1.344,-1.3092,-1.3166,-1.3981,-1.3385,-1.2351,-1.03,-0.83773,-0.8533,-0.93295,-0.58138,-0.37996,-0.58321,-0.88351,-0.90732,-0.54476,-1.2708,-2.7577,-3.7391,-5.0703,-1.6388,-1.6453,-1.6709,-1.7158,-1.7258,-1.8055,-1.7881,-1.8522,-1.9153,-1.8384,-1.8256,-1.7853,-1.7524,-1.7899,-1.745,-1.6791,-1.6654,-1.5445,-1.6791,-1.5445,-1.615,-1.5482,-1.5336,-1.5976,-1.5244,-1.5116,-1.5674,-1.6086,-1.594,-1.5683,-1.5821,-1.605
-1.5683,-1.5683,-1.5702,-1.5711,-1.5903,-1.5592,-1.6498,-1.5775,-1.6114,-1.6297,-1.4997,-1.7414,-1.7679,-1.7121,-1.7112,-1.8027,-1.68,-1.55,-1.5043,-1.3971,-1.2323,-1.0254,-0.91281,-0.81576,-0.59603,-0.69857,-0.63173,-0.7828,-0.94485,-1.1838,-1.2131,-1.7615,-2.9664,-4.0358,-1.6947,-1.5958,-1.5629,-1.5189,-1.5683,-1.5793,-1.6947,-1.648,-1.6727,-1.7258,-1.7313,-1.7158,-1.7002,-1.6855,-1.615,-1.5876,-1.551,-1.6013,-1.5436,-1.5134,-1.5217,-1.5345,-1.5592,-1.5116,-1.4621,-1.54,-1.529,-1.4228,-1.507,-1.4997,-1.4557,-1.4438
-1.4502,-1.4438,-1.4988,-1.3962,-1.4328,-1.4274,-1.4026,-1.3285,-1.3211,-1.366,-1.3147,-1.3111,-1.3001,-1.2754,-1.1902,-1.1618,-1.204,-1.1399,-1.1087,-0.89999,-0.72787,-0.8121,-0.74526,-0.70864,-0.68484,-0.58687,-0.2472,-0.14832,-0.070498,-0.53652,-0.6006,-2.0728,-3.9644,-6.798,-1.4283,-1.4072,-1.4997,-1.5326,-1.561,-1.6462,-1.7295,-1.757,-1.7496,-1.7936,-1.9538,-2.0234,-2.0719,-2.0783,-2.038,-1.7551,-1.6837,-1.6224,-1.7029,-1.6645,-1.6626,-1.5775,-1.6178,-1.6837,-1.7817,-1.7661,-1.8036,-1.6901,-1.7359,-1.6517,-1.6709,-1.5812
-1.507,-1.5986,-1.4859,-1.3486,-1.366,-1.507,-1.572,-1.4502,-1.4438,-1.5043,-1.3862,-1.225,-1.16,-1.3605,-1.4713,-1.2772,-0.94394,-0.90823,-1.0199,-0.92837,-0.83773,-0.889,-1.0126,-0.98788,-0.95218,-0.81576,-0.69857,-0.69948,-1.1335,-1.1737,-1.3367,-2.1964,-3.2054,-3.7245,-1.6498,-1.5683,-1.5162,-1.4612,-1.4393,-1.4695,-1.4484,-1.6022,-1.7048,-1.8476,-1.8952,-1.7377,-1.6224,-1.7652,-1.767,-1.7927,-1.7167,-1.6068,-1.5958,-1.5464,-1.4978,-1.5445,-1.5043,-1.4457,-1.4264,-1.4301,-1.4283,-1.4173,-1.4072,-1.3413,-1.2946,-1.4228
-1.4466,-1.4521,-1.4081,-1.388,-1.4612,-1.4475,-1.3175,-1.4072,-1.3623,-1.2278,-1.2378,-1.3111,-1.3953,-1.3038,-1.2094,-1.2616,-1.1948,-1.1591,-1.0089,-0.66744,-0.67293,-0.66927,-0.59511,-0.56673,-0.52187,-0.40742,-0.45595,-0.98514,-0.4825,-0.71688,-1.2653,-2.3438,-4.3626,-5.5904,-1.5189,-1.5098,-1.594,-1.6123,-1.5867,-1.7002,-1.561,-1.6242,-1.6196,-1.5436,-1.6709,-1.7588,-1.7368,-1.7258,-1.7277,-1.7377,-1.7771,-1.746,-1.7148,-1.7515,-1.7258,-1.6974,-1.7176,-1.8046,-1.6334,-1.7084,-1.7853,-1.843,-1.7624,-1.7038,-1.6947,-1.6691
-1.6755,-1.8247,-1.8888,-1.962,-2.0124,-1.8842,-1.9282,-1.7982,-1.9025,-1.9556,-2.1534,-2.0078,-1.7679,-1.8567,-2.0884,-2.1305,-2.1589,-1.9098,-1.8439,-1.8448,-1.7533,-1.778,-1.7917,-1.7606,-1.8567,-1.8815,-1.8,-1.6727,-1.9785,-2.1131,-2.1012,-2.3795,-3.0754,-3.1046,-1.5922,-1.7304,-1.7734,-1.9263,-2.0408,-1.8201,-1.681,-1.5976,-1.583,-1.4905,-1.5061,-1.4722,-1.4731,-1.4951,-1.5079,-1.5015,-1.5116,-1.4841,-1.5244,-1.5006,-1.5098,-1.5464,-1.5885,-1.5876,-1.5647,-1.529,-1.5152,-1.4722,-1.5253,-1.5244,-1.442,-1.3596
-1.4393,-1.4969,-1.3779,-1.3797,-1.3843,-1.4759,-1.4649,-1.3111,-1.3038,-1.2635,-1.3166,-1.3578,-1.4429,-1.3843,-1.3395,-1.3788,-1.2772,-1.1737,-1.0978,-1.0181,-0.84872,-0.75808,-0.8652,-1.0117,-1.3248,-1.1408,-1.6929,-2.6771,-3.9167,-3.2127,-1.8824,-1.9666,-2.4711,-1.8458,-1.6297,-1.6709,-1.6764,-1.6755,-1.648,-1.6361,-1.616,-1.648,-1.6681,-1.6114,-1.6599,-1.6343,-1.5766,-1.5601,-1.5253,-1.5381,-1.5363,-1.5052,-1.4841,-1.5683,-1.6123,-1.5436,-1.4438,-1.5107,-1.475,-1.4228,-1.5171,-1.6242,-1.6132,-1.6086,-1.5592,-1.6507
-1.6782,-1.5555,-1.5134,-1.5107,-1.5775,-1.496,-1.3395,-1.2854,-1.442,-1.4402,-1.2699,-1.2735,-1.214,-1.1628,-1.1509,-1.0556,-0.92288,-0.76266,-0.56948,-0.60518,-0.72329,-1.063,-1.3166,-1.6892,-2.6066,-3.2347,-2.775,-1.4393,-1.9639,-2.5535,-2.298,-2.2422,-1.4154,-1.2928,-1.41,-1.4814,-1.5802,-1.6498,-1.6507,-1.6334,-1.6279,-1.605,-1.5464,-1.4942,-1.4347,-1.4264,-1.4914,-1.55,-1.5894,-1.6269,-1.6279,-1.6306,-1.5876,-1.551,-1.5464,-1.507,-1.5345,-1.5464,-1.5564,-1.5253,-1.5372,-1.5326,-1.5033,-1.4557,-1.4484,-1.4466
-1.431,-1.3221,-1.366,-1.3605,-1.2983,-1.2442,-1.214,-1.3385,-1.3614,-1.3038,-1.2653,-1.3028,-1.3239,-1.3129,-1.3038,-1.2305,-1.2525,-1.1362,-1.0776,-1.0437,-0.90823,-0.79562,-0.69857,-0.46236,-0.31861,-0.25361,-0.10254,-0.12085,-0.1822,-1.1655,-3.0168,-4.2839,-1.6178,-1.4814,-1.3193,-1.2479,-1.2223,-1.2186,-1.2223,-1.2671,-1.3321,-1.4566,-1.5857,-1.6388,-1.7203,-1.897,-1.8503,-1.7826,-1.7002,-1.7011,-1.6819,-1.5885,-1.6022,-1.5757,-1.5903,-1.5702,-1.5464,-1.5043,-1.5235,-1.5592,-1.5372,-1.5271,-1.5098,-1.5491,-1.5079,-1.4457
-1.3962,-1.3422,-1.3413,-1.3816,-1.3276,-1.2397,-1.377,-1.3532,-1.3898,-1.2497,-1.2351,-1.3184,-1.1875,-0.96591,-0.82858,-0.85421,-0.88534,-0.69582,-0.67476,-0.72787,-0.68667,-0.62075,-0.58779,-0.54384,-0.42848,-0.087893,-0.25086,-0.9595,-1.1106,-1.7368,-2.9618,-3.8984,-1.6425,-1.6434,-1.6498,-1.5986,-1.6324,-1.6379,-1.6251,-1.6269,-1.6077,-1.6041,-1.5967,-1.6086,-1.5949,-1.6068,-1.6041,-1.615,-1.615,-1.6132,-1.6105,-1.5986,-1.6196,-1.6178,-1.5821,-1.5931,-1.6242,-1.5738,-1.5967,-1.5629,-1.5381,-1.5464,-1.5299,-1.5189,-1.5271,-1.5024
-1.4951,-1.4731,-1.42,-1.3514,-1.2699,-1.2333,-1.1957,-1.1051,-1.1161,-1.214,-1.1252,-1.0529,-1.0941,-1.0273,-0.97415,-1.0172,-1.16,-1.2305,-1.236,-1.2717,-1.2973,-1.2214,-1.1472,-1.1856,-1.2442,-1.6617,-2.2971,-3.058,-3.7007,-4.1044,-4.7874,-5.0429,-1.6315,-1.6196,-1.6086,-1.6068,-1.5848,-1.572,-1.5958,-1.5857,-1.5857,-1.6141,-1.6233,-1.616,-1.6086,-1.5967,-1.5995,-1.6654,-1.5619,-1.6041,-1.5793,-1.6095,-1.6205,-1.6013,-1.5876,-1.5867,-1.5922,-1.5857,-1.5839,-1.5683,-1.5519,-1.5683,-1.6105,-1.5867,-1.5098,-1.4612
-1.5152,-1.4045,-1.474,-1.4035,-1.3523,-1.366,-1.3395,-1.2598,-1.2076,-1.2607,-1.2452,-1.1875,-1.1591,-1.1893,-1.2113,-1.2214,-1.2516,-1.3916,-1.529,-1.6526,-1.8229,-2.0902,-2.2019,-2.1342,-1.9236,-1.8201,-2.0829,-2.3521,-2.7247,-2.8611,-3.0488,-3.8032,-1.6114,-1.6141,-1.6178,-1.615,-1.5876,-1.5555,-1.5436,-1.4859,-1.5482,-1.4768,-1.5912,-1.5958,-1.6187,-1.6379,-1.6544,-1.6553,-1.6398,-1.6297,-1.6242,-1.6242,-1.6416,-1.6169,-1.6196,-1.6022,-1.6453,-1.6507,-1.6068,-1.6141,-1.6764,-1.6196,-1.6416,-1.5931,-1.5546,-1.5363
-1.5226,-1.4548,-1.3266,-1.2891,-1.3321,-1.3669,-1.3019,-1.1911,-1.1554,-1.171,-1.269,-1.2305,-1.1142,-1.1609,-1.1628,-1.236,-1.1765,-1.1014,-1.3083,-1.5125,-1.6398,-1.7396,-1.6517,-1.637,-1.8339,-1.8952,-1.9602,-1.8714,-1.9602,-2.4866,-3.3088,-3.708,-1.5995,-1.5775,-1.5995,-1.6095,-1.6324,-1.615,-1.6086,-1.6224,-1.6068,-1.6178,-1.6205,-1.6022,-1.5876,-1.6498,-1.594,-1.637,-1.6187,-1.6233,-1.6334,-1.6187,-1.6086,-1.5931,-1.594,-1.6031,-1.605,-1.5995,-1.6022,-1.6086,-1.5894,-1.5537,-1.5491,-1.4859,-1.496,-1.474
-1.4704,-1.4805,-1.4521,-1.4145,-1.3944,-1.3239,-1.2333,-1.1664,-1.1106,-1.0465,-0.89541,-0.79745,-0.81942,-0.77273,-0.72329,-0.80935,-0.89908,-0.89175,-1.0382,-1.1133,-1.1747,-1.2415,-1.3257,-1.5281,-1.6517,-1.6095,-1.7295,-2.0975,-2.6102,-2.9691,-4.0349,-4.3013,-1.5976,-1.6526,-1.5848,-1.637,-1.6398,-1.6334,-1.6361,-1.6334,-1.6416,-1.6224,-1.6352,-1.6352,-1.6388,-1.6453,-1.6334,-1.6141,-1.6041,-1.6132,-1.5867,-1.6059,-1.6196,-1.6059,-1.594,-1.5574,-1.5079,-1.4548,-1.3916,-1.3157,-1.2589,-1.2946,-1.3761,-1.4045,-1.3294,-1.2296
-1.2278,-1.3202,-1.42,-1.3669,-1.4887,-1.4219,-1.4905,-1.4603,-1.5198,-1.5821,-1.6269,-1.6517,-1.7322,-1.8201,-1.8824,-1.8476,-1.8696,-1.9282,-1.8815,-1.9739,-1.886,-1.6645,-1.5015,-1.6443,-1.6507,-1.8174,-2.2202,-2.3374,-1.5583,-1.1133,-0.45137,0.1822,-1.9868,-1.9025,-1.6883,-1.5821,-1.6388,-1.7798,-1.7835,-1.7496,-1.7936,-1.8073,-1.8796,-1.8604,-1.7661,-1.6416,-1.551,-1.6178,-1.6553,-1.7853,-1.8036,-1.8128,-1.8366,-1.9126,-1.93,-1.9126,-1.7972,-1.7753,-1.7661,-1.6645,-1.6031,-1.5775,-1.6242,-1.6086,-1.5848,-1.5528
-1.5738,-1.5748,-1.5226,-1.4786,-1.4118,-1.2873,-1.2159,-1.2214,-1.2433,-1.2983,-1.1115,-1.0703,-1.2113,-1.3157,-1.3486,-1.2552,-1.1802,-1.2909,-1.3477,-1.5812,-1.6416,-1.5134,-1.6993,-1.6672,-1.4695,-1.4548,-2.1616,-2.9261,-2.1461,-2.9041,-2.3759,-2.027,-1.6022,-1.6205,-1.6883,-1.681,-1.8174,-1.6718,-1.6791,-1.648,-1.5931,-1.6077,-1.6388,-1.6846,-1.68,-1.7478,-1.757,-1.7505,-1.7295,-1.7203,-1.7121,-1.7212,-1.7588,-1.7753,-1.756,-1.8036,-1.7286,-1.7652,-1.7148,-1.6764,-1.6636,-1.6453,-1.5995,-1.5839,-1.5491,-1.5949
-1.5381,-1.4566,-1.3953,-1.3953,-1.4145,-1.4411,-1.4127,-1.4118,-1.4429,-1.4054,-1.3715,-1.2497,-1.1481,-1.2085,-1.2616,-1.1756,-1.1142,-1.1289,-1.2003,-1.3395,-1.3852,-1.4914,-1.6068,-1.7176,-1.7496,-1.7386,-1.702,-1.7643,-2.1241,-2.4802,-3.014,-3.9067,-1.5693,-1.6041,-1.6224,-1.6517,-1.6526,-1.6691,-1.6361,-1.6114,-1.5839,-1.5711,-1.5775,-1.5519,-1.5793,-1.5656,-1.5601,-1.6965,-1.5748,-1.6636,-1.6407,-1.6178,-1.605,-1.615,-1.6361,-1.6068,-1.6068,-1.6233,-1.6352,-1.6288,-1.5619,-1.5207,-1.5143,-1.5125,-1.4731,-1.4539
-1.5235,-1.442,-1.4805,-1.4145,-1.3578,-1.3862,-1.3459,-1.2552,-1.2287,-1.2314,-1.1985,-1.1884,-1.1719,-1.3724,-1.3971,-1.3404,-1.3184,-1.2864,-1.2497,-1.3083,-1.4164,-1.6041,-1.7066,-1.8925,-1.9098,-1.8686,-2.1168,-2.3026,-2.4491,-3.1092,-3.5762,-3.7776,-1.6233,-1.6214,-1.615,-1.6196,-1.6251,-1.6334,-1.6279,-1.6242,-1.6224,-1.6361,-1.6214,-1.6443,-1.6068,-1.6105,-1.6224,-1.5949,-1.5702,-1.6269,-1.5619,-1.6416,-1.648,-1.6324,-1.6498,-1.6443,-1.6388,-1.6297,-1.6343,-1.6315,-1.6379,-1.6123,-1.5537,-1.5308,-1.5134,-1.5043
-1.4704,-1.3825,-1.3742,-1.3294,-1.2516,-1.2314,-1.3047,-1.3578,-1.3907,-1.2296,-1.1179,-1.0712,-1.1426,-1.2067,-1.236,-1.3477,-1.4365,-1.4786,-1.4521,-1.3971,-1.4878,-1.5445,-1.8531,-2.1085,-2.374,-2.5874,-2.6908,-2.7448,-2.9728,-3.2109,-2.9334,-3.4169,-1.6132,-1.6169,-1.615,-1.6233,-1.6077,-1.6059,-1.6068,-1.6205,-1.6233,-1.6416,-1.6626,-1.6626,-1.6636,-1.6626,-1.6306,-1.6279,-1.6782,-1.6178,-1.6544,-1.6782,-1.6727,-1.6462,-1.6636,-1.6709,-1.67,-1.67,-1.659,-1.6251,-1.616,-1.5876,-1.5299,-1.5271,-1.5363,-1.4054
-1.3001,-1.2882,-1.1325,-1.1087,-1.3385,-1.5482,-1.3157,-1.2094,-1.2479,-1.3294,-1.334,-1.3193,-1.3999,-1.5079,-1.5967,-1.4319,-1.4676,-1.5729,-1.6919,-1.7615,-1.6782,-1.8119,-2.0463,-2.1104,-2.3283,-2.6634,-2.8538,-2.9133,-2.7979,-2.4802,-2.7494,-3.5276,-1.6398,-1.6269,-1.6892,-1.6572,-1.6205,-1.6379,-1.6297,-1.6617,-1.7368,-1.7789,-1.7496,-1.7277,-1.7487,-1.7624,-1.6974,-1.7515,-1.7963,-1.8686,-1.9071,-1.8998,-1.9172,-1.9199,-1.9108,-1.8732,-1.8833,-1.8769,-1.8522,-1.8384,-1.8247,-1.7862,-1.7588,-1.7615,-1.7441,-1.7121
-1.7771,-1.6443,-1.6892,-1.6544,-1.6077,-1.5015,-1.4466,-1.3871,-1.2937,-1.2616,-1.2561,-1.2177,-1.1518,-1.1966,-1.2452,-1.2259,-1.1472,-1.1847,-1.2616,-1.3385,-1.3257,-1.377,-1.4411,-1.485,-1.5061,-1.8165,-1.8421,-1.8567,-2.4281,-3.5194,-3.9378,-4.2088,-1.5482,-1.5491,-1.5537,-1.551,-1.5619,-1.5336,-1.5482,-1.6343,-1.5336,-1.605,-1.605,-1.6141,-1.6361,-1.6343,-1.6489,-1.6608,-1.6581,-1.648,-1.6297,-1.6471,-1.6572,-1.6544,-1.6599,-1.637,-1.5555,-1.6608,-1.6636,-1.7707,-1.7496,-1.724,-1.7496,-1.7295,-1.7029,-1.6572
-1.6279,-1.5793,-1.4667,-1.3678,-1.3065,-1.2186,-1.1069,-1.0886,-1.062,-1.0758,-1.312,-1.2323,-1.3862,-1.5226,-1.561,-1.4805,-1.5299,-1.6334,-1.605,-1.5766,-1.5226,-1.5253,-1.5253,-1.5903,-1.7652,-1.9355,-2.158,-2.1708,-2.7018,-3.925,-4.1282,-4.1914,-1.4594,-1.4676,-1.4823,-1.4603,-1.4521,-1.4722,-1.4951,-1.4924,-1.4823,-1.4832,-1.4924,-1.4878,-1.4786,-1.496,-1.4896,-1.4722,-1.5207,-1.4594,-1.5308,-1.5848,-1.5912,-1.6169,-1.6233,-1.6379,-1.637,-1.6169,-1.5757,-1.5793,-1.5702,-1.5757,-1.583,-1.5372,-1.5436,-1.5647
-1.6013,-1.5317,-1.4942,-1.4777,-1.3752,-1.2964,-1.2946,-1.3147,-1.1856,-1.1811,-1.3294,-1.4978,-1.5043,-1.551,-1.5976,-1.6471,-1.6453,-1.6773,-1.8311,-1.8284,-1.8055,-1.897,-1.8384,-1.7203,-1.7771,-1.8485,-1.832,-1.9611,-1.8192,-2.1122,-3.0424,-3.806,-1.6462,-1.6517,-1.6343,-1.6681,-1.6691,-1.6059,-1.6782,-1.6645,-1.6572,-1.6901,-1.6727,-1.68,-1.6727,-1.6645,-1.6901,-1.6663,-1.681,-1.6709,-1.6947,-1.6993,-1.6855,-1.6919,-1.681,-1.6645,-1.6608,-1.7515,-1.6407,-1.7112,-1.6663,-1.6645,-1.659,-1.6507,-1.5922,-1.5409
-1.5354,-1.5152,-1.474,-1.4209,-1.3266,-1.2799,-1.1737,-1.0566,-0.88717,-1.095,-0.91281,-0.91464,-1.019,-1.0584,-1.0858,-1.1014,-1.1252,-1.3184,-1.4521,-1.6443,-1.6123,-1.5491,-1.5491,-1.8274,-1.9675,-1.735,-2.2459,-3.3711,-4.3297,-4.4093,-5.4521,-5.8531,-1.5033,-1.4731,-1.4283,-1.4466,-1.4557,-1.5253,-1.5445,-1.5958,-1.6416,-1.6462,-1.6489,-1.5949,-1.6169,-1.5107,-1.5381,-1.5189,-1.5061,-1.5308,-1.5638,-1.594,-1.6068,-1.6288,-1.616,-1.616,-1.5912,-1.5894,-1.5564,-1.5619,-1.5253,-1.4878,-1.6068,-1.4997,-1.5629,-1.5226
-1.5226,-1.4539,-1.3605,-1.3294,-1.2937,-1.3294,-1.3038,-1.2387,-1.2012,-1.0849,-1.0611,-1.0126,-1.0547,-0.98788,-1.1151,-1.03,-1.204,-1.2626,-1.3102,-1.4017,-1.4869,-1.4988,-1.5555,-1.5876,-1.496,-1.5784,-1.6709,-1.7853,-2.2907,-3.4342,-5.7598,-6.0344,-1.5702,-1.5748,-1.5427,-1.5912,-1.5683,-1.561,-1.5885,-1.5683,-1.5976,-1.605,-1.6205,-1.6004,-1.6214,-1.6224,-1.6324,-1.6251,-1.6279,-1.6224,-1.6233,-1.6425,-1.6123,-1.6013,-1.6471,-1.5857,-1.6297,-1.5958,-1.5784,-1.5491,-1.5418,-1.5262,-1.475,-1.4328,-1.4264,-1.4246
-1.3953,-1.3523,-1.3239,-1.3111,-1.312,-1.1545,-1.2241,-1.1792,-1.2662,-1.1792,-0.99155,-1.0034,-1.2918,-1.5482,-1.4429,-1.4283,-1.4246,-1.4292,-1.5372,-1.572,-1.6764,-1.8101,-1.9236,-2.0362,-2.429,-2.3777,-2.244,-2.2001,-2.6807,-3.0406,-3.4974,-3.7291,-1.6956,-1.7222,-1.4969,-1.9483,-1.8677,-1.5885,-1.4869,-1.5683,-1.6746,-1.6984,-1.6956,-1.7396,-1.7652,-1.746,-1.7414,-1.6929,-1.6379,-1.6022,-1.5198,-1.5299,-1.5418,-1.5372,-1.6178,-1.6297,-1.6242,-1.637,-1.6361,-1.5976,-1.5738,-1.5418,-1.5217,-1.5116,-1.5024,-1.4942
-1.4933,-1.518,-1.4814,-1.4557,-1.5601,-1.4145,-1.4338,-1.3715,-1.2424,-1.0758,-0.95492,-0.90823,-0.97049,-0.98056,-0.95309,-0.89816,-0.86886,-0.78555,-0.87619,-1.1097,-1.203,-1.2735,-1.6141,-1.6425,-1.6123,-1.5885,-1.8192,-2.2019,-2.5187,-2.6075,-3.1129,-5.0346,-1.6031,-1.5894,-1.6022,-1.5766,-1.55,-1.6517,-1.561,-1.6114,-1.6004,-1.5702,-1.5738,-1.5729,-1.5445,-1.5729,-1.5537,-1.5427,-1.5464,-1.55,-1.5729,-1.5784,-1.5876,-1.6004,-1.5839,-1.6782,-1.5711,-1.6334,-1.5812,-1.5528,-1.5583,-1.5235,-1.5116,-1.518,-1.5107,-1.5226
-1.4942,-1.4576,-1.4255,-1.3889,-1.3486,-1.2973,-1.1774,-1.0987,-1.1142,-1.1509,-1.1243,-1.1225,-1.149,-1.1737,-1.2397,-1.344,-1.5381,-1.5867,-1.5665,-1.6947,-1.7624,-1.7606,-1.778,-1.8448,-2.0161,-2.0746,-2.2779,-2.1332,-2.3109,-2.5086,-2.776,-3.3555,1.0566,1.0703,0.97049,0.93936,0.86612,0.91464,0.73428,0.61159,0.54659,0.55116,0.58321,0.44771,0.34425,0.27467,0.25819,0.20508,0.092471,-0.015564,-0.077822,-0.21973,-0.32868,-0.39094,-0.48891,-0.55757,-0.61434,-0.70589,-0.77548,-0.77364,-0.84964,-0.89908,-0.98605,-1.0593,-1.1472,-1.2873
-1.247,-1.1261,-0.96133,-0.99887,-1.0474,-1.1307,-1.2433,-1.2561,-1.3898,-1.5647,-1.6974,-1.6462,-1.5986,-1.8192,-2.1268,-2.0334,-1.8174,-1.9483,-1.865,-1.6269,-1.7313,-2.4628,-2.6972,-2.2797,-1.9428,-1.8705,-1.9401,-1.8613,-1.8732,-2.4326,-3.567,-4.348,-1.7551,-1.681,-1.659,-1.637,-1.6214,-1.6334,-1.6041,-1.6626,-1.6727,-1.6709,-1.6645,-1.6883,-1.6636,-1.6315,-1.5894,-1.572,-1.5958,-1.6022,-1.6425,-1.659,-1.6993,-1.7469,-1.7011,-1.6791,-1.6865,-1.6526,-1.6581,-1.5949,-1.5299,-1.616,-1.6343,-1.7057,-1.6865,-1.561
-1.5482,-1.4951,-1.5299,-1.4997,-1.4557,-1.41,-1.4841,-1.4539,-1.4209,-1.3953,-1.431,-1.453,-1.3742,-1.2928,-1.2534,-1.2635,-1.2104,-1.1893,-1.2772,-1.4045,-1.3715,-1.3431,-1.3761,-1.5244,-1.6608,-1.5766,-1.8567,-2.2907,-2.5983,-3.3793,-4.0815,-4.6254,-1.6031,-1.605,-1.5912,-1.5647,-1.605,-1.616,-1.605,-1.5949,-1.6178,-1.6205,-1.6416,-1.5894,-1.5986,-1.6059,-1.626,-1.6187,-1.6004,-1.5445,-1.6169,-1.6517,-1.6425,-1.6416,-1.616,-1.6132,-1.6434,-1.6736,-1.6205,-1.6407,-1.6535,-1.6315,-1.6205,-1.6095,-1.6288,-1.615
-1.5821,-1.551,-1.5766,-1.4118,-1.377,-1.2589,-1.1435,-0.98697,-0.88076,-0.89633,-1.1042,-1.182,-1.2973,-1.4347,-1.3816,-1.2607,-1.1316,-1.1261,-1.1042,-1.0675,-1.1078,-1.1536,-1.2864,-1.3221,-1.5143,-1.7368,-1.8476,-2.0481,-2.3887,-3.3711,-4.9797,-5.2159,-1.8302,-1.8101,-1.9456,-1.9044,-1.7606,-1.6681,-1.6681,-1.659,-1.6443,-1.6636,-1.6279,-1.6141,-1.6489,-1.7002,-1.7524,-1.7853,-1.7826,-1.7542,-1.8659,-1.7432,-1.7862,-1.7634,-1.745,-1.6993,-1.6993,-1.6938,-1.6883,-1.7002,-1.6993,-1.7212,-1.7579,-1.7615,-1.7084,-1.7753
-1.6782,-1.5125,-1.3688,-1.3578,-1.399,-1.3129,-1.2021,-1.2122,-1.1875,-1.1563,-1.2534,-1.3816,-1.3623,-1.377,-1.4475,-1.4969,-1.5244,-1.5363,-1.4997,-1.5967,-1.5839,-1.5336,-1.6791,-1.8348,-2.0051,-2.1781,-2.2605,-2.58,-3.2282,-4.2006,-4.3699,-4.3873,-1.5381,-1.5299,-1.5171,-1.5464,-1.5336,-1.5271,-1.5647,-1.583,-1.5738,-1.5601,-1.5848,-1.5802,-1.583,-1.5171,-1.5491,-1.5464,-1.5592,-1.5766,-1.5473,-1.5583,-1.551,-1.5647,-1.5812,-1.6077,-1.6572,-1.6663,-1.6755,-1.6114,-1.5574,-1.5436,-1.5235,-1.474,-1.4246,-1.4768
-1.5143,-1.5033,-1.431,-1.2992,-1.2305,-1.1591,-1.1234,-1.1582,-1.1939,-1.1563,-1.2113,-1.29,-1.2735,-1.2973,-1.4338,-1.3715,-1.409,-1.4118,-1.2452,-1.4008,-1.5354,-1.605,-1.6507,-1.7386,-1.9218,-2.0737,-1.8677,-2.2587,-3.1568,-3.4452,-4.5384,-6.7861,-1.5674,-1.5857,-1.6187,-1.6517,-1.6727,-1.6947,-1.691,-1.7029,-1.7066,-1.6956,-1.7057,-1.6929,-1.7011,-1.7084,-1.7038,-1.6929,-1.7258,-1.7661,-1.8412,-1.8101,-1.8101,-1.8119,-1.7478,-1.7313,-1.6938,-1.6297,-1.6626,-1.6727,-1.6681,-1.6654,-1.6031,-1.5491,-1.4548,-1.4402
-1.4823,-1.4978,-1.507,-1.5436,-1.5455,-1.4621,-1.4164,-1.4246,-1.3559,-1.2424,-1.1664,-1.2973,-1.1161,-0.98331,-1.0511,-1.0611,-0.99521,-1.0236,-1.0813,-1.2662,-1.2745,-1.3211,-1.3376,-1.4667,-1.6947,-2.0014,-1.9712,-2.2156,-2.6075,-3.4278,-5.2068,-6.4959,-1.551,-1.5857,-1.616,-1.5738,-1.6205,-1.5958,-1.6041,-1.6068,-1.6031,-1.6059,-1.6498,-1.659,-1.6691,-1.6974,-1.7158,-1.7048,-1.6993,-1.6599,-1.6526,-1.6086,-1.6269,-1.6553,-1.6434,-1.6654,-1.6654,-1.6279,-1.6306,-1.6471,-1.6434,-1.6178,-1.5976,-1.5976,-1.5976,-1.5455
-1.4887,-1.4951,-1.5583,-1.5308,-1.4832,-1.4658,-1.3907,-1.4228,-1.4704,-1.4072,-1.4502,-1.4969,-1.4667,-1.3202,-1.3248,-1.4521,-1.3541,-1.1554,-1.0465,-0.99338,-0.96225,-1.0739,-1.1829,-1.1444,-1.1847,-1.4612,-1.7167,-1.8897,-2.9279,-4.5146,-6.2175,-6.982,-1.4795,-1.5455,-1.4896,-1.5207,-1.5354,-1.5418,-1.5656,-1.5711,-1.5757,-1.5336,-1.5894,-1.5903,-1.5656,-1.5381,-1.5793,-1.5418,-1.5125,-1.5052,-1.5793,-1.5592,-1.6297,-1.6178,-1.6242,-1.6562,-1.6672,-1.6993,-1.6636,-1.6572,-1.6489,-1.6755,-1.6901,-1.6626,-1.6507,-1.6279
-1.5931,-1.4878,-1.4447,-1.4704,-1.3495,-1.3019,-1.2397,-1.1994,-1.1618,-1.1692,-1.2452,-1.1527,-1.0163,-1.0309,-1.0739,-1.1078,-1.0263,-1.1069,-1.2021,-1.2918,-1.4328,-1.4969,-1.5839,-1.7515,-2.2605,-2.5251,-2.5251,-2.4738,-3.589,-5.5345,-6.4391,-6.5233,-6.1379,-5.6114,-3.4892,-1.941,-1.0309,-0.39644,0.04944,0.36256,0.39918,0.24812,0.073244,0.12818,0.13459,-0.1236,-0.27467,-0.33876,-0.61434,-0.79836,-1.1023,-1.128,-2.1003,-2.4986,-1.9364,-1.7982,-2.0142,-1.9813,-1.7679,-1.5601,-1.4667,-1.4338,-1.4447,-1.3092,-1.2873,-1.4786
-1.496,-1.5372,-1.5546,-1.5308,-1.5098,-1.5171,-1.4676,-1.3971,-1.3138,-1.1802,-1.258,-1.4484,-1.474,-1.4786,-1.6013,-1.6755,-1.6077,-1.4933,-1.5546,-1.6233,-1.474,-1.3935,-1.4805,-1.6041,-1.5702,-1.5638,-1.4063,-1.1893,-1.1362,-1.1747,-1.3047,-1.4118,-1.2873,-1.2671,-1.6324,-1.7826,-2.2953,-2.1873,-2.9563,-3.2163,-1.6553,-1.0904,-0.60701,0.17945,1.3642,2.7256,2.5169,1.6782,2.0215,1.876,2.06,1.5345,1.4228,1.5207,1.4072,1.1939,1.4585,1.2891,1.1646,1.3477,1.5217,1.2854,1.3074,1.1014,-1.6874,-1.6279
-1.7093,-1.7624,-1.6553,-1.5958,-1.7267,-1.8027,-1.7615,-1.789,-2.0609,-2.1928,-2.2047,-2.1543,-2.1149,-2.0435,-1.9501,-2.0975,-2.1314,-1.8027,-1.4191,-2.0151,-2.3539,-2.3658,-2.7357,-3.5862,-2.5288,-2.0389,-0.97324,-0.30122,2.1204,2.4033,0.61342,1.659,2.0151,1.9218,2.027,2.6807,3.5569,4.348,4.6355,4.4432,4.1301,3.1248,2.6084,2.1342,1.7029,1.2085,1.1481,0.98148,0.92746,0.94119,0.88809,0.99063,1.1435,1.1792,1.2186,1.3047,1.3477,1.2864,1.268,1.1701,1.2873,1.1206,1.204,1.204,-1.377,-1.3395
-1.3678,-1.29,-1.1994,-1.0776,-0.96866,-0.96042,-1.0227,-1.0721,-1.0172,-0.98422,-0.98422,-1.0849,-1.1783,-1.2333,-1.4905,-1.5857,-1.3504,-1.2104,-1.3028,-1.4603,-1.464,-1.3038,-2.1012,-2.6249,-2.7265,-3.2063,-3.0296,-4.6272,-4.5512,-2.9563,-1.7734,-0.2884,-0.01648,0.19776,1.2671,1.4447,1.2717,1.2525,0.91464,0.83407,0.64455,0.46693,0.27467,0.44679,0.35524,0.37721,0.3946,0.40925,0.38179,0.12635,0.17396,0.35707,0.42299,0.54018,0.63723,0.60244,0.61342,0.55116,0.45228,0.44496,0.42665,0.42207,0.53194,0.62899,-1.0758,-1.0071
-1.1133,-1.0401,-0.99155,-1.0739,-1.4017,-1.6279,-1.6352,-1.5409,-1.2433,-1.0492,-0.86154,-0.81301,-0.71505,-0.61617,-0.53468,-0.64638,-0.62349,-0.54018,-0.51088,-0.75076,-0.9302,-1.0849,-1.1737,-1.4502,-1.236,-1.214,-1.5537,-1.6746,-2.9728,-5.5501,-2.9289,-4.3168,-3.9781,-2.1973,-2.4436,-2.4079,-1.1563,-0.75167,-0.60335,-0.72604,-0.61434,-1.0547,-0.42207,-0.78188,-0.73794,-0.64821,-0.82949,-0.50356,-1.0831,-1.3193,-1.4374,-1.7048,-1.9025,-2.0325,-1.9053,-1.886,-1.7313,-1.5528,-1.6398,-1.4209,-1.279,-1.1316,-1.1957,-1.4603,-1.7606,-1.7661
-1.8311,-1.8595,-1.8641,-1.8293,-1.8137,-1.7396,-1.7359,-1.6929,-1.6526,-1.6315,-1.6883,-1.6123,-1.2699,-1.1335,-1.1325,-1.0465,-0.8359,-0.62075,-0.62441,-0.62716,-0.39003,-0.26093,0.073244,0.13367,-0.035707,-0.48433,-1.3926,-3.0589,-5.0035,-4.2033,-6.6771,-0.34333,0.22431,-3.1532,-3.589,-1.5125,-0.77273,-1.312,-1.4978,-1.0611,-0.68941,-0.41841,-0.23255,-0.15198,-0.19044,-0.27833,-0.5182,-0.68575,-0.824,-1.1362,-1.8723,-2.3447,-2.3447,-2.4235,-2.3017,-2.3502,-2.3045,-2.2376,-2.0627,-1.8412,-1.6233,-1.4557,-1.2195,-1.0282,-1.4026,-1.388
-1.4704,-1.4686,-1.4328,-1.377,-1.4548,-1.4438,-1.3862,-1.4081,-1.4026,-1.2799,-1.1133,-1.0437,-0.98422,-0.87619,-0.81576,-0.77639,-0.83407,-0.76998,-0.77181,-0.86978,-0.91739,-1.0034,-1.1179,-1.1335,-1.0401,-1.2021,-1.6846,-2.4116,-3.4654,-4.0632,-4.2143,-4.7224,-3.3345,-2.3035,-1.3742,-0.084231,0.59786,0.91189,0.63173,0.78188,0.97049,0.7828,0.63082,0.57131,0.62441,0.36439,0.31861,0.30763,0.53377,0.86886,1.0419,0.84964,0.93112,0.59694,0.53102,0.81484,0.99704,0.97507,0.87069,0.6885,0.56764,0.44221,0.36988,0.33418,-1.6544,-1.6086
-1.5299,-1.4118,-1.3312,-1.2745,-1.2159,-1.1646,-1.2131,-1.1582,-1.1426,-0.97873,-0.8945,-0.7123,-0.69582,-0.53743,-0.53743,-0.68667,-0.74618,-0.57772,-0.26368,-0.086978,0.095218,0.29023,0.28474,0.18677,0.28199,0.22797,0.27375,0.75076,-2.4656,-13.07,-15.588,-4.8552,-3.7895,-0.92654,-3.2054,-1.9291,-0.61617,-0.90091,-0.91464,-1.0163,-0.61068,-0.50905,-0.41566,-0.26368,-0.31037,-0.57497,-0.80294,-1.4466,-2.3054,-2.2916,-2.1168,-1.8366,-2.5086,-2.7,-2.2733,-2.2065,-2.1552,-1.5125,-1.1893,-1.1444,-1.0117,-0.71047,-0.34242,-0.57405,-1.4713,-1.4869
-1.5271,-1.5473,-1.5528,-1.5491,-1.5793,-1.5162,-1.4136,-1.3678,-1.2873,-1.1975,-1.0648,-1.0025,-1.0016,-0.89358,-0.75442,-0.65554,-0.65554,-0.71413,-0.76357,-0.62624,-0.45778,-0.4651,-0.347,-0.11261,0.028382,-0.25269,-0.66561,-1.0858,-4.3397,-5.3743,-10.583,-5.4814,-3.4196,-2.9829,-2.1708,-0.46419,0.85513,0.73611,0.69857,0.9476,0.79012,0.52736,0.36805,0.36531,0.36622,0.23988,0.13001,0.17853,0.16755,0.081484,0.52004,-0.010071,0.086062,-0.086062,0.30763,0.60152,0.62624,0.61342,0.44221,0.39369,0.46693,0.58962,0.64913,0.70589,-1.8247,-1.7652
-1.7194,-1.6388,-1.5775,-1.5033,-1.4365,-1.3633,-1.2937,-1.2342,-1.2131,-1.2168,-1.138,-1.0401,-1.0437,-0.92746,-0.69582,-0.53102,-0.3415,-0.26368,-0.19593,0.021058,0.19318,0.12726,0.12268,-0.0064089,-0.4651,-0.12635,1.3294,-3.2814,-9.0951,-14.765,-7.1514,-12.014,-3.3106,0.66378,-1.1417,-2.0637,-1.973,-1.3321,-0.78738,-0.2179,-0.14374,-0.3415,-0.50996,-0.5942,-0.70589,-0.93753,-1.6691,-3.4471,-2.2724,-2.3072,-2.2321,-2.7458,-2.3786,-2.6212,-2.0792,-2.0243,-2.3054,-1.9886,-1.2369,-1.1032,-1.106,-0.99521,-0.82034,-0.52278,-1.5336,-1.4924
-1.5217,-1.5244,-1.5116,-1.5656,-1.5473,-1.5015,-1.453,-1.4191,-1.3752,-1.3028,-1.2708,-1.2735,-1.2699,-1.2259,-1.1646,-1.1783,-1.1545,-1.0923,-0.9238,-0.77914,-0.66836,-0.39186,-0.36714,-0.42848,-0.4706,-0.43947,-0.49165,-0.54201,-0.89084,-1.9364,-6.9115,-4.217,-3.8948,-3.6238,-2.5571,-1.3981,1.7057,2.1287,2.2385,1.3184,2.0005,1.475,0.77639,0.42024,0.16114,0.61068,0.8121,0.79104,0.90457,1.0428,1.2186,1.0437,0.62899,1.8494,0.54842,-0.080569,0.1236,0.73611,1.0126,0.89908,0.87893,0.86978,0.012818,0.57314,-1.2726,-1.2168
-1.1087,-0.99612,-0.99338,-0.91739,-0.86795,-0.84323,-0.81118,-0.88443,-0.93661,-0.96042,-0.9302,-1.0932,-0.82217,-0.7828,-0.62899,-0.63265,-0.61892,-0.75167,-0.84506,-0.70772,-0.66744,-0.57955,-0.55391,0.094302,0.27009,0.53835,-1.6929,-6.4684,-6.6314,-5.258,-8.8946,-2.9499,-1.7496,-2.0792,-1.6398,-1.5848,-1.171,-0.7535,-0.42024,-0.73702,-0.29298,-0.55025,-0.65371,-0.67751,-0.9595,-1.1408,-1.4466,-1.5702,-1.7222,-1.6562,-1.5867,-1.474,-1.4786,-1.4521,-1.3834,-1.3431,-1.1628,-0.85421,-0.7947,-0.81668,-0.97507,-1.0474,-0.91098,-1.0767,-1.6819,-1.6379
-1.6205,-1.6288,-1.5995,-1.5464,-1.5171,-1.5986,-1.6324,-1.5528,-1.5262,-1.4411,-1.344,-1.2067,-1.128,-1.0529,-0.9183,-0.71322,-0.54292,-0.4706,-0.46785,-0.46144,-0.88168,-0.5118,-0.54201,-0.39827,-0.27558,-0.40834,-2.1424,-2.8629,-4.2793,-4.4505,-3.2887,-0.97781,1.475,0.44862,1.0712,1.908,2.2349,1.3651,0.51454,0.15107,0.28199,0.71413,0.59053,0.59236,0.34883,0.25727,0.23164,0.18677,-0.068667,-0.20234,0.010987,-0.44038,0.0064089,0.23072,0.20417,0.31953,-0.13733,0.49257,0.25086,0.50996,-0.048524,0.092471,0.24354,0.30305,-1.5482,-1.4814
-1.474,-1.4475,-1.4722,-1.4466,-1.4338,-1.4521,-1.474,-1.5958,-1.6214,-1.5766,-1.5775,-1.5775,-1.6828,-1.7258,-1.6865,-1.6196,-1.4841,-1.4008,-1.3065,-1.3633,-1.5198,-1.6004,-1.4081,-1.0657,-1.0895,-1.3916,-1.9694,-2.8217,-3.8902,-5.0539,-5.9502,-3.7703,-2.0463,-0.56856,0.49989,2.4052,3.4901,1.6874,2.4024,3.0543,3.5469,3.6421,3.5047,3.6961,3.4443,3.3033,3.177,2.233,1.963,1.1069,1.2946,0.98972,0.72878,0.77914,0.72878,0.6766,0.71871,0.85238,1.1444,1.2973,1.5427,1.5802,1.5455,1.2845,-1.4338,-1.4438
-1.4484,-1.4429,-1.4374,-1.4255,-1.3935,-1.3724,-1.3962,-1.3688,-1.3404,-1.2983,-1.2644,-1.2159,-1.1518,-1.1261,-1.149,-1.0218,-0.83682,-0.63448,-0.44496,-0.27284,0.0027467,-0.05768,0.01648,0.055849,-0.19959,-0.38636,-0.3882,-0.33418,-0.41932,-2.4216,-8.0276,-2.8996,-7.4545,-2.4509,1.0913,1.8522,2.4372,2.3081,2.0298,1.0382,0.58412,0.35432,-0.13459,0.10346,0.38179,0.42756,0.17579,0.22156,0.59969,1.9657,1.5217,0.67934,0.71505,0.51546,0.58229,1.0941,1.0456,1.5217,1.1985,1.0382,0.63448,0.67934,0.5182,0.45778,-1.6141,-1.6196
-1.5729,-1.5619,-1.4887,-1.4576,-1.4869,-1.4475,-1.4154,-1.3862,-1.3266,-1.3871,-1.3697,-1.1829,-1.0602,-1.0355,-0.95401,-0.7297,-0.56764,-0.40559,-0.24903,-0.21149,0.043947,0.21424,-0.20142,-0.1822,-0.49165,1.8339,-0.53652,-6.2871,-9.3753,-9.2068,-11.41,-8.5778,-5.0154,-3.0662,-1.648,-0.44221,0.52278,0.42116,0.099796,-0.043947,-0.50081,-0.58687,-0.64913,-0.70406,-0.72237,-0.79379,-0.82034,-1.2268,-2.299,-3.3592,-3.4938,-2.9737,-2.3795,-2.6734,-2.5874,-2.3557,-2.5388,-2.4162,-2.1909,-1.6837,-1.2534,-0.87161,-0.37629,-0.0064089,-1.5519,-1.5436
-1.5198,-1.5345,-1.5152,-1.4859,-1.4283,-1.3083,-1.2085,-1.0968,-0.95584,-0.88443,-0.78463,-0.63356,-0.57955,-0.50264,-0.55849,-0.66744,-0.79653,-0.81118,-1.0913,-1.2177,-1.2754,-1.3157,-1.7542,-1.8604,-1.29,-1.1325,-3.1523,-2.5114,-1.139,-5.0896,-0.17304,-1.5958,-2.5498,-1.2983,1.29,1.8155,1.6388,1.2406,0.81759,1.2653,0.60884,0.53652,0.55483,0.53194,0.45412,0.40651,0.62624,0.74709,0.88717,0.86886,0.63173,0.16572,-0.03296,0.31129,0.2765,0.10437,0.10712,0.015564,0.47884,0.18128,-0.051271,0.39003,0.22523,0.11719,-1.3358,-1.3083
-1.2662,-1.2076,-1.171,-1.2104,-1.2085,-1.1856,-1.0923,-1.1234,-1.0501,-1.008,-0.99063,-0.95767,-0.92105,-0.89724,-0.7654,-0.68667,-0.60701,-0.54933,-0.3946,-0.27375,-0.053102,0.10529,0.1941,-0.17304,0.25086,0.033876,-0.41383,-2.0875,-6.0106,-16.894,-8.9624,-7.7383,0.23255,-3.394,-2.4921,-1.4264,-1.0126,-0.82492,-0.81484,-0.91739,-0.82766,-0.60701,-0.54659,-0.51363,-0.43764,-0.43306,-1.0089,-1.4365,-1.377,-1.5491,-1.7771,-1.724,-1.5574,-1.366,-1.1792,-1.1591,-1.1444,-0.73611,-0.56307,-0.46968,-0.36988,-0.42848,-0.60152,-0.47426,-1.3788,-1.3898
-1.4035,-1.4237,-1.5024,-1.5986,-1.5702,-1.5107,-1.4667,-1.4145,-1.3944,-1.3651,-1.3312,-1.2333,-1.0291,-1.0575,-1.0154,-0.99796,-0.70132,-0.49532,-0.5887,-0.63265,-0.50264,-0.36714,-0.41658,-0.9357,-2.0838,-2.2935,-2.5114,-2.9701,-1.6709,-3.1669,-3.3857,-2.1928,0.9183,1.5226,1.4759,0.74618,1.7679,1.2131,0.85879,0.37355,0.32228,0.24628,0.47975,0.6061,0.54567,0.97598,1.475,1.5372,1.0135,0.96133,0.9302,1.2735,1.3523,1.2763,1.2973,1.2287,1.0392,0.83499,0.69857,0.63723,0.5768,0.62441,0.53285,0.55849,-1.2012,-1.171
-1.1472,-1.1985,-1.2369,-1.3129,-1.3129,-1.3166,-1.3083,-1.1792,-1.0071,-0.93478,-0.90732,-0.75167,-0.59236,-0.40559,-0.47975,-0.35066,-0.12635,0.0064089,-0.071413,0.13916,0.1474,-0.0054933,0.073244,0.36164,0.55666,-0.9714,-4.6501,-12.089,-10.293,-4.0321,-6.0665,-2.9646,-2.5846,-1.3514,-0.95126,-1.0474,-1.0566,-0.6061,-0.40468,-0.24171,-0.39094,-0.35981,-0.32411,-0.57955,-0.65554,-0.66286,-1.2232,-1.0346,-1.0749,-1.2296,-1.1609,-1.1481,-1.2296,-0.70589,-0.42116,-0.74709,-0.5118,-0.34608,-0.41475,-0.4706,-0.42848,-0.13184,-0.46968,-0.61892,-1.3221,-1.2278
