49.562,46.876,47.975,9.888,14.405,21.851,21.119,11.963,0.24415,-4.883,-4.6388,-1.8311,-6.4699,-18.799,-37.233,-41.383,-32.96,-38.331,-53.224,-33.082,-18.189,-26.734,-41.383,-42.482,-25.636,-15.381,-32.472,-39.308,-39.308,-38.697,-35.768,-32.594,-29.664,-31.739,-38.087,-33.937,-31.251,-27.833,-25.88,-17.701,-15.87,-23.927,-17.09,19.898,51.637,64.943,100.83,136.23,113.04,-3.7843,2.9298,92.898,99.979,-50.295,-127.69,-73.611,70.803,351.21,225.96,-45.167,-303.6,-154.91,-7.5686,28.443,75.686,80.447
12.085,14.283,11.841,8.9114,13.062,24.903,24.415,13.672,17.701,16.724,14.527,1.587,6.2258,2.4415,3.0519,38.209,68.85,84.109,83.621,59.206,52.37,69.948,77.639,32.96,0,-23.438,18.555,75.442,74.465,28.932,-24.171,-0.85452,64.211,21.241,-47.243,-110.35,-168.95,-98.025,64.699,342.3,198,-0.24415,108.16,140.26,318.25,368.3,341.44,272.47,145.63,76.54,3.7843,63.967,151.37,120.98,34.059,-60.915,-46.266,-43.458,-49.806,-85.452,-130.74,-125.74,-113.77,-146.24,-200.69,37.233
-73,-79.47,-65.432,-64.333,-65.798,-63.112,-56.887,-55.544,-54.201,-57.375,-46.754,-43.214,-56.398,-53.591,-18.555,26.368,55.544,55.91,54.689,55.177,59.816,38.453,6.1037,-13.55,-15.137,-2.0753,-4.1505,-24.171,-20.142,-0.97659,15.259,38.942,52.492,51.149,40.651,30.763,36.256,50.539,56.154,43.214,22.706,-6.9582,-27.345,-39.064,-38.331,-34.547,-9.0335,20.386,30.03,25.025,9.888,10.01,10.254,8.4231,-4.5167,-26.856,-42.604,-36.5,-28.321,-23.56,-38.575,-54.933,-54.201,-48.341,-33.937,-32.105
57.863,72.146,52.126,35.157,-15.748,-22.584,-22.462,-11.231,18.189,41.627,48.341,31.129,21.729,31.007,27.223,5.9816,-20.997,10.62,63.845,88.015,107.3,116.46,84.597,56.032,42.238,69.094,157.11,195.81,171.39,174.57,212.04,104.37,81.301,335.95,315.32,34.547,34.669,-50.539,-263.19,-183.72,26.368,73.733,86.795,100.59,142.46,189.95,191.78,187.38,183.72,208.99,262.7,283.94,266,195.68,123.29,52.492,-26.246,-56.52,-51.271,-57.009,-57.375,-17.579,-2.9298,-33.204,-52.736,5.3713
0.24415,-45.289,-82.034,-81.668,-73.489,-80.691,-107.79,-129.89,-139.65,-158.09,-178.59,-166.88,-102.91,-1.4649,68.606,87.405,159.43,181.89,167.24,192.51,280.4,189.7,-27.467,144.9,399.3,238.9,145.51,198.13,74.465,-24.171,36.134,161.38,247.93,237.8,204.6,206.18,211.19,234.87,253.79,289.07,339.49,360.24,318.49,317.76,314.1,270.52,189.95,145.02,152.96,186.28,232.67,229.01,161.99,122.07,84.231,56.276,80.203,125.61,149.78,167.36,161.38,112.67,56.276,26.124,17.212,-25.513
-20.997,-17.823,-16.48,-7.2024,-9.888,-14.771,-35.401,-46.999,-61.037,-63.234,-62.136,-57.863,-73.366,-88.137,-73.977,-46.999,-42.726,-61.037,-84.964,-76.052,-43.703,-14.893,-52.858,-48.463,-66.042,-59.816,-12.207,62.624,153.81,252.94,259.77,246.59,-158.94,-219.12,-232.31,183.48,88.26,-174.57,-118.41,-404.8,-419.45,-134.77,84.841,96.194,84.964,87.893,84.475,86.673,126.59,160.53,195.56,278.33,351.33,347.18,318.86,289.07,233.89,126.83,0.61037,-49.806,-67.995,-64.211,-85.452,-62.868,-46.754,-34.059
-38.575,-38.575,-39.308,-36.744,-33.204,-29.664,-25.513,-26.246,-32.594,-39.308,-35.157,-24.537,-25.513,-33.692,-28.077,-7.6907,-6.1037,-27.833,-32.96,-7.0803,19.044,9.3997,-10.254,-8.5452,11.475,2.9298,31.373,64.089,161.87,260.75,294.56,273.57,222.05,159.43,134.89,55.3,3.296,-46.022,222.66,467.3,224.98,146,-113.16,-348.89,-231.21,72.146,170.05,181.28,191.05,220.59,241.22,249.52,275.4,342.05,443.37,503.8,449.35,284.19,260.14,253.06,282.24,244.15,194.46,164.56,158.45,-104.13
-91.311,-72.756,-63.234,-40.773,-16.602,-3.6622,-8.0569,-10.376,-12.329,-16.846,-4.6388,38.82,91.678,91.678,78.738,43.214,21.851,79.104,123.05,143.31,130.99,194.46,256.36,18.067,-114.51,104.01,577.53,455.82,-20.508,-156.62,-509.78,-552.63,-54.201,97.415,111.7,146.98,165.53,155.28,119.27,90.579,87.161,111.45,200.08,333.99,462.42,456.92,393.81,335.34,274.18,242.19,210.7,180.43,145.39,54.079,-35.768,-92.654,-105.72,-95.828,-74.465,-58.84,-26.49,12.452,27.833,14.039,-0.97659,-4.0284
10.01,7.3244,-17.212,-37.111,-46.632,-52.248,-56.887,-70.437,-68.728,-93.142,-124.52,-146.24,-161.87,-161.75,-148.93,-143.31,-134.28,-136.36,-128.67,-105.59,-100.1,-107.3,-93.387,-61.159,-57.253,-67.751,-60.427,-42.848,-32.594,-17.212,-17.212,1.3428,65.188,106.57,128.67,105.96,84.109,108.52,110.72,93.997,88.87,110.48,93.875,57.985,52.858,58.718,62.624,47.365,37.111,34.059,26.978,21.851,-12.818,-17.823,-22.34,-41.261,-48.708,-42.97,-29.42,-21.851,-15.015,-8.5452,4.2726,13.55,-7.0803,-20.875
-11.841,-17.579,-39.064,-57.863,-58.473,-56.276,-68.728,-80.569,-82.766,-77.639,-73,-78.616,-82.4,-70.193,-62.136,-60.06,-53.346,-49.074,-46.632,-46.51,-39.674,-30.763,-31.129,-33.326,-33.57,-32.35,-29.42,-23.927,-28.565,-30.519,-30.152,-31.861,-37.233,-41.627,-41.627,-18.799,-12.329,-19.288,-36.5,-67.751,-54.323,-64.089,-77.517,-75.686,-69.582,-45.9,-20.02,-1.0987,11.841,8.6673,-7.4465,-7.0803,2.1973,9.3997,9.5218,8.4231,-3.0519,-21.363,-36.5,-44.557,-49.562,-54.811,-50.905,-46.144,-37.843,-28.443
25.147,30.763,42.726,60.915,84.964,96.805,89.48,63.967,52.858,62.502,66.652,70.559,69.826,64.089,57.619,54.201,42.848,28.199,16.236,18.311,11.597,-21.851,-35.524,-31.861,-48.219,-93.875,-132.82,-179.94,-307.38,-474.75,47.731,161.02,196.78,354.38,416.88,409.56,299.08,176.76,165.78,45.167,27.223,30.641,8.5452,10.743,30.641,35.035,11.475,-19.898,-34.913,-46.632,-58.107,-52.98,-46.999,-94.119,-133.18,-154.55,-129.89,-85.33,-24.293,-1.709,-17.335,-48.585,-33.204,4.0284,0,62.99
57.985,60.06,58.107,61.892,66.652,56.764,37.965,21.607,20.02,27.589,11.231,-12.94,-5.9816,28.321,42.36,28.077,28.932,67.751,85.086,41.749,19.044,12.207,-24.781,-2.6856,79.958,109.38,56.276,57.741,67.751,82.034,217.54,208.01,262.7,239.02,164.68,141,143.68,116.95,87.527,70.803,78.982,97.293,115.12,111.45,92.776,71.413,56.52,59.206,67.507,60.06,42.116,29.786,30.641,24.171,8.6673,-14.161,-32.96,-48.952,-66.53,-45.534,-15.503,-36.744,-80.813,-108.4,-133.06,18.189
28.687,33.937,26.734,16.602,13.062,19.288,34.547,48.83,55.422,38.331,7.8127,-5.1271,15.259,45.045,56.398,63.112,82.888,110.84,115.73,91.8,80.325,78.127,61.525,36.012,36.012,32.96,25.513,-18.311,-107.43,-137.33,-166.63,-204.23,-328.14,-386.73,-317.76,0.97659,-86.184,131.47,335.7,309.34,309.46,289.93,202.64,118.53,83.499,61.769,40.407,40.529,29.542,9.2776,-14.771,-42.726,-70.559,-104.01,-140.26,-155.03,-136.36,-132.33,-163.34,-218.39,-247.93,-244.03,-244.27,-239.88,-206.31,36.012
44.557,44.923,41.749,37.843,34.791,40.773,50.05,62.868,66.408,61.403,65.676,74.953,75.564,66.53,58.718,62.502,71.78,72.512,61.037,64.577,72.268,82.278,69.338,53.346,39.186,38.942,23.194,-47.365,-114.26,-142.7,-209.36,-365.37,-181.4,189.95,66.652,237.8,313,497.33,541.03,421.03,345.47,256.6,156.01,59.45,0.97659,-21.729,-29.664,-21.363,-40.284,29.908,112.19,157.23,161.02,174.44,192.39,213.26,230.72,213.51,163.82,125.61,82.4,-0.4883,-103.03,-149.78,-96.805,48.463
-5.2492,-7.4465,-13.184,-27.955,-46.999,-65.554,-82.156,-89.48,-90.945,-92.166,-87.161,-85.208,-88.26,-88.26,-80.691,-67.873,-55.788,-49.562,-54.567,-60.671,-65.432,-77.761,-94.119,-101.08,-102.54,-110.72,-121.34,-117.56,-83.865,-22.584,-56.52,-140.63,-136.48,-122.07,-115.6,-92.776,-87.771,-78.372,-75.32,-37.111,14.771,-25.88,-129.76,-129.89,-98.148,-111.09,-101.44,-47.975,-34.669,-15.259,21.973,68.972,51.149,42.36,78.127,100.1,93.142,79.836,74.099,60.183,43.214,13.55,5.8596,21.241,5.4933,-20.142
35.279,36.134,33.692,30.152,28.565,35.157,41.627,39.796,29.176,28.565,42.848,62.258,76.418,84.353,90.091,96.072,105.59,102.66,98.88,106.45,110.48,109.62,116.58,122.44,125.49,116.82,102.66,97.171,91.8,56.887,31.251,18.311,10.01,-22.095,-38.453,-93.753,-137.7,-28.687,57.009,103.52,157.72,254.16,257.58,384.9,427.75,370.86,314.83,253.18,211.31,184.58,155.03,157.72,164.31,152.59,134.53,132.69,135.14,125.13,106.69,87.893,72.756,61.647,48.463,31.007,28.443,-1.3428
49.928,46.388,55.544,62.868,63.845,62.136,56.154,54.445,59.45,60.915,57.741,52.98,51.637,49.928,46.266,39.552,32.96,32.228,40.529,25.636,0.97659,-52.37,-47.243,-13.672,-7.8127,-11.109,0.4883,3.0519,-15.381,-1.709,1.587,0.24415,-29.054,-39.186,-51.149,-4.2726,10.62,24.049,35.157,27.711,48.952,46.754,65.92,86.673,78.127,63.723,72.756,80.935,69.582,61.159,74.831,85.086,85.452,83.01,84.231,91.922,93.875,84.231,75.32,68.972,72.39,58.718,48.097,57.863,68.117,66.652
97.659,75.442,55.3,71.535,101.32,99.734,85.574,73.244,68.85,71.78,69.094,60.915,62.258,70.803,64.943,50.05,50.905,66.042,56.52,64.089,105.84,124.27,165.04,174.32,154.3,182.5,172.12,112.92,48.463,-86.428,-187.75,-262.95,-400.4,-413.22,-401.38,-318.86,-161.5,-27.467,33.57,82.034,107.79,121.1,126.71,136.23,138.92,143.07,159.43,178.59,174.81,166.51,167.12,160.77,139.65,122.44,100.59,66.164,36.622,16.114,1.587,7.2024,27.955,41.139,48.952,52.37,52.858,47.609
58.718,59.45,62.38,63.601,61.769,60.915,61.892,61.037,62.136,59.694,55.177,50.905,46.999,49.44,49.684,43.336,35.035,16.724,0.61037,21.119,-13.794,18.189,24.415,11.597,33.937,39.064,53.713,44.801,-17.823,-44.923,-15.748,-75.198,-23.194,-1.709,-0.4883,33.57,42.97,33.815,52.98,60.305,68.728,95.096,115.24,124.15,116.46,104.37,98.758,99.979,107.18,105.72,92.776,69.094,54.811,50.417,58.351,53.835,54.323,57.131,64.455,72.756,73.855,57.253,55.3,68.239,67.019,59.45
43.336,51.271,55.3,58.473,59.45,51.637,39.308,32.35,43.458,62.136,74.587,71.291,65.554,60.06,63.356,87.771,101.93,83.254,52.37,38.82,47.121,33.937,-30.152,-86.428,-89.602,-113.65,-94.485,-90.823,-68.484,-32.105,-72.268,-80.203,-45.778,0.24415,129.15,276.25,320.32,327.52,321.18,264.66,180.43,90.213,27.223,-41.017,-75.93,-100.83,-119.88,-121.34,-136.72,-136.72,-89.236,-35.157,-24.293,-20.875,6.7141,23.438,32.35,35.401,27.711,23.438,20.02,30.641,60.305,72.146,69.826,77.395
77.761,85.208,84.231,79.47,75.564,74.465,74.953,71.169,68.117,63.234,45.534,41.261,12.329,21.119,38.82,30.274,56.032,109.01,155.28,155.64,54.689,4.7609,81.301,116.95,85.452,6.8361,308.48,97.659,100.22,61.647,112.43,69.704,21.241,-0.36622,66.897,99.734,121.1,7.4465,44.069,57.253,62.868,65.432,65.554,57.009,47.609,64.699,78.372,72.024,59.938,58.107,55.91,50.295,41.749,35.157,24.781,-10.743,12.452,23.316,18.677,29.298,28.443,25.391,29.542,30.763,27.1,31.739
55.544,49.196,52.98,58.107,52.004,38.697,33.204,46.266,49.806,37.599,41.383,51.393,43.703,25.025,22.584,38.331,43.336,43.336,30.641,13.428,5.005,1.9532,-17.701,-30.763,-75.808,-90.213,-105.96,-95.828,-62.014,-65.798,-24.171,33.204,22.34,0.24415,71.535,172.25,276.01,369.27,432.26,418.23,299.33,206.06,171.03,154.18,142.22,125.86,114.87,96.438,61.647,37.477,26.734,-9.2776,-24.781,-11.353,10.132,15.87,12.574,-2.0753,17.457,34.425,28.077,11.109,-2.0753,1.709,17.212,57.741
-7.5686,0.73244,11.841,6.3478,-4.0284,-3.1739,0.24415,5.1271,4.5167,6.3478,6.8361,14.039,22.828,33.937,43.58,58.84,55.177,21.241,10.254,-14.039,7.9348,-8.5452,-122.2,-179.08,-247.32,-283.58,-166.14,52.492,182.26,38.209,-153.57,-135.87,-100.83,-90.579,-57.863,5.4933,38.331,5.4933,-7.8127,15.503,40.773,59.694,72.878,91.678,116.09,104.86,36.866,-8.301,-51.271,-77.883,-116.34,-100.22,-20.02,3.6622,-31.495,-87.893,-86.428,-76.907,-73.611,-31.617,16.968,49.806,60.305,33.204,-4.883,54.567
49.562,46.876,47.975,9.888,14.405,21.851,21.119,11.963,0.24415,-4.883,-4.6388,-1.8311,-6.4699,-18.799,-37.233,-41.383,-32.96,-38.331,-53.224,-33.082,-18.189,-26.734,-41.383,-42.482,-25.636,-15.381,-32.472,-39.308,-39.308,-38.697,-35.768,-32.594,-29.664,-31.739,-38.087,-33.937,-31.251,-27.833,-25.88,-17.701,-15.87,-23.927,-17.09,19.898,51.637,64.943,100.83,136.23,113.04,-3.7843,2.9298,92.898,99.979,-50.295,-127.69,-73.611,70.803,351.21,225.96,-45.167,-303.6,-154.91,-7.5686,28.443,75.686,80.447
12.085,14.283,11.841,8.9114,13.062,24.903,24.415,13.672,17.701,16.724,14.527,1.587,6.2258,2.4415,3.0519,38.209,68.85,84.109,83.621,59.206,52.37,69.948,77.639,32.96,0,-23.438,18.555,75.442,74.465,28.932,-24.171,-0.85452,64.211,21.241,-47.243,-110.35,-168.95,-98.025,64.699,342.3,198,-0.24415,108.16,140.26,318.25,368.3,341.44,272.47,145.63,76.54,3.7843,63.967,151.37,120.98,34.059,-60.915,-46.266,-43.458,-49.806,-85.452,-130.74,-125.74,-113.77,-146.24,-200.69,37.233
43.092,43.703,41.627,66.897,90.701,87.405,74.953,42.604,10.01,26.002,31.617,27.223,53.102,89.846,101.32,70.315,2.6856,-70.315,-74.343,-111.45,-99.002,22.34,256.23,613.06,745.38,200.93,236.82,249.4,246.22,208.01,251.84,192.14,88.015,2.3194,-41.627,16.602,41.017,42.604,41.749,54.811,57.619,15.015,-16.846,-22.95,-21.607,-46.388,-77.395,-42.36,-89.114,-232.43,-263.92,-167.12,-66.652,-0.4883,59.45,117.92,147.59,139.9,139.9,140.63,124.52,104.62,44.801,-11.597,-50.905,-11.597
-4.2726,1.8311,7.5686,21.851,15.992,15.503,20.386,17.335,5.8596,-41.261,-59.572,-58.718,-79.226,-124.15,-100.96,-97.903,-66.042,293.1,799.34,593.77,620.5,213.14,187.63,261.6,241.34,233.04,203.13,173.22,122.56,125.49,151.74,168.22,152.1,135.62,91.8,58.107,16.724,-0.36622,6.1037,-39.552,-79.592,-123.91,-171.15,-250.86,-302.74,-347.18,-330.45,-282.72,-187.26,-117.8,-65.554,-10.987,57.009,139.16,172.98,156.5,115.24,58.229,21.119,56.276,53.346,-19.898,-33.326,-58.107,-111.45,-166.02
-38.575,-38.575,-39.308,-36.744,-33.204,-29.664,-25.513,-26.246,-32.594,-39.308,-35.157,-24.537,-25.513,-33.692,-28.077,-7.6907,-6.1037,-27.833,-32.96,-7.0803,19.044,9.3997,-10.254,-8.5452,11.475,2.9298,31.373,64.089,161.87,260.75,294.56,273.57,222.05,159.43,134.89,55.3,3.296,-46.022,222.66,467.3,224.98,146,-113.16,-348.89,-231.21,72.146,170.05,181.28,191.05,220.59,241.22,249.52,275.4,342.05,443.37,503.8,449.35,284.19,260.14,253.06,282.24,244.15,194.46,164.56,158.45,-104.13
-91.311,-72.756,-63.234,-40.773,-16.602,-3.6622,-8.0569,-10.376,-12.329,-16.846,-4.6388,38.82,91.678,91.678,78.738,43.214,21.851,79.104,123.05,143.31,130.99,194.46,256.36,18.067,-114.51,104.01,577.53,455.82,-20.508,-156.62,-509.78,-552.63,-54.201,97.415,111.7,146.98,165.53,155.28,119.27,90.579,87.161,111.45,200.08,333.99,462.42,456.92,393.81,335.34,274.18,242.19,210.7,180.43,145.39,54.079,-35.768,-92.654,-105.72,-95.828,-74.465,-58.84,-26.49,12.452,27.833,14.039,-0.97659,-4.0284
44.557,44.923,41.749,37.843,34.791,40.773,50.05,62.868,66.408,61.403,65.676,74.953,75.564,66.53,58.718,62.502,71.78,72.512,61.037,64.577,72.268,82.278,69.338,53.346,39.186,38.942,23.194,-47.365,-114.26,-142.7,-209.36,-365.37,-181.4,189.95,66.652,237.8,313,497.33,541.03,421.03,345.47,256.6,156.01,59.45,0.97659,-21.729,-29.664,-21.363,-40.284,29.908,112.19,157.23,161.02,174.44,192.39,213.26,230.72,213.51,163.82,125.61,82.4,-0.4883,-103.03,-149.78,-96.805,48.463
41.261,23.682,27.833,35.401,54.567,58.229,48.708,25.391,9.1556,58.84,65.432,67.019,82.278,98.636,117.44,121.71,76.785,-32.838,-148.81,-119.51,-86.673,-178.72,-119.88,98.88,2.0753,89.358,222.42,301.03,306.04,248.79,200.08,130.38,65.798,-10.62,-54.689,-46.266,-32.716,-26.49,-6.1037,16.846,35.279,34.913,42.848,58.229,53.102,70.437,52.37,15.503,-8.0569,-11.963,-16.114,3.9064,7.9348,-10.62,-53.468,-78.86,-98.514,-117.92,-95.218,-52.126,-4.5167,54.933,106.94,114.14,62.136,32.228
35.157,34.059,27.589,22.462,14.649,11.597,4.5167,-3.7843,-8.9114,-11.963,-16.114,-18.921,-4.2726,23.804,37.965,46.999,53.102,65.065,77.517,93.631,90.701,67.507,57.863,55.055,33.204,5.6154,-2.6856,1.587,28.199,36.5,28.443,-1.709,-57.497,-176.52,-301.89,-392.83,-241.1,135.38,163.82,315.81,413.34,438.61,502.09,416.52,189.09,96.927,54.933,32.228,34.181,29.298,33.692,43.458,46.999,53.713,60.06,75.32,99.002,102.66,101.2,66.53,36.256,5.005,-18.555,-32.96,-44.557,-51.759
42.116,48.097,51.637,50.172,46.999,50.539,60.06,70.681,68.85,65.92,71.413,70.315,52.492,49.44,66.408,85.94,79.592,70.803,78.372,92.532,91.189,54.445,43.214,49.074,29.054,-5.1271,10.376,25.636,18.555,-17.945,-29.42,-17.457,-8.6673,-11.841,22.217,28.443,58.351,66.408,69.216,91.556,96.316,103.64,109.62,107.91,104.86,89.358,63.356,42.97,52.37,73.122,86.184,87.771,94.119,98.758,104.62,102.66,90.701,85.94,79.592,69.46,57.131,48.952,43.214,43.703,41.505,41.139
56.154,56.398,48.83,47.487,57.009,59.694,38.697,20.753,16.724,34.547,52.614,46.51,31.983,31.739,36.134,34.181,25.025,20.753,17.945,12.94,-8.6673,-37.965,-35.035,-15.748,-2.5636,31.739,42.848,-45.045,-7.4465,4.6388,-21.119,-59.572,-65.432,-15.992,16.602,15.015,57.619,87.039,75.076,89.846,104.86,112.8,135.14,146.98,121.46,90.701,80.691,90.823,102.91,112.19,107.91,91.922,77.151,77.029,78.494,73,72.146,68.728,66.042,50.417,44.313,44.313,55.91,68.361,69.216,64.821
61.159,64.821,60.671,45.778,43.703,46.51,49.928,59.694,60.915,72.024,93.509,104.98,98.148,109.62,110.97,130.62,155.03,177.25,208.01,227.79,243.17,241.1,195.93,132.21,47.731,-9.6438,-0.12207,107.91,155.89,142.22,179.82,-40.651,26.734,-34.913,-94.974,-81.179,-71.657,-40.162,-5.8596,31.129,51.393,39.796,36.256,38.209,42.97,47.853,55.666,68.728,80.203,81.668,85.086,96.072,95.218,89.724,84.597,78.005,64.089,52.614,47.243,47.731,45.534,31.129,16.968,18.677,30.274,39.796
78.249,81.179,84.353,82.888,78.738,75.32,83.987,93.387,82.278,81.545,92.654,108.16,106.94,83.132,54.079,10.01,-75.198,-101.81,-130.5,-96.072,-114.14,-107.06,-70.559,-6.3478,70.437,110.97,118.66,129.15,156.87,108.04,83.01,51.271,35.646,32.838,45.534,52.248,49.44,58.596,74.831,79.348,72.39,62.502,57.131,62.502,64.333,61.159,46.388,38.087,32.594,28.321,33.204,41.871,50.905,57.009,65.432,71.902,78.616,87.771,88.504,94.119,85.818,68.484,62.502,69.704,74.465,74.465
-749.05,-747.22,-745.63,-744.29,-743.06,-742.82,-741.48,-741.23,-740.87,-741.23,-742.45,-743.55,-744.04,-749.9,-749.9,-747.46,-742.21,-747.95,-753.81,-765.89,-784.33,-798.85,-799.1,-785.18,-774.56,-775.66,-782.25,-758.45,-706.69,-688.25,-639.18,-637.35,-746.85,-945.1,-991.85,-950.71,-811.67,-793.48,-710.23,-745.99,-904.08,-907.01,-827.3,-838.28,-873.93,-896.39,-911.4,-886.99,-857.2,-838.65,-805.2,-749.05,-670.67,-611.1,-628.44,-675.68,-701.44,-711.08,-692.28,-670.06,-621.11,-543.11,-513.32,-610.13,-677.27,-749.29
-749.53,-748.19,-748.07,-746.6,-747.34,-745.51,-744.77,-743.06,-741.48,-740.75,-740.13,-744.29,-748.19,-745.51,-741.23,-737.57,-735.98,-719.75,-730.37,-746.48,-734.76,-698.75,-683.98,-683.37,-679.95,-674.34,-660.3,-679.71,-793.24,-766.26,-732.57,-838.16,-933.38,-1089.5,-1066,-1036.9,-929.84,-781.76,-800.56,-805.2,-791.28,-797.39,-799.22,-805.81,-826.08,-811.91,-800.44,-800.2,-795.68,-790.43,-789.45,-764.79,-747.83,-729.64,-733.3,-748.92,-735.5,-719.99,-694.97,-639.42,-623.43,-556.41,-590.72,-610.37,-723.41,-804.22
-804.83,-796.78,-796.29,-771.26,-757.47,-725.24,-750.76,-731.47,-721.95,-721.21,-741.72,-751,-755.88,-756.98,-771.75,-789.7,-800.44,-808.25,-782.37,-761.62,-756.49,-751.98,-758.45,-758.2,-756.98,-752.83,-753.44,-760.64,-761.25,-759.79,-766.5,-774.56,-681.42,-709.74,-706.2,-950.96,-912.02,-706.2,-660.3,-836.09,-850.98,-820.34,-785.06,-828.27,-893.83,-897.61,-886.62,-852.2,-840.48,-834.99,-814.48,-783.84,-762.35,-751,-737.69,-721.46,-672.99,-655.78,-646.75,-644.67,-648.34,-709.74,-761.13,-802.27,-823.02,-823.02
-790.67,-744.53,-753.2,-743.43,-734.28,-737.45,-748.56,-756.13,-765.77,-762.6,-753.81,-735.25,-734.64,-748.56,-752.71,-770.29,-803.37,-811.18,-813.26,-809.23,-805.2,-783.1,-753.56,-743.92,-735.62,-738.43,-744.65,-746.36,-754.05,-758.57,-765.77,-772.36,-1014.9,-1045.4,-841.46,-755.52,-712.42,-739.16,-791.16,-756.37,-725.24,-787.01,-810.21,-803.61,-810.33,-807.15,-818.75,-827.91,-829.25,-827.17,-829.37,-819.12,-784.94,-737.45,-739.04,-731.96,-716.82,-716.09,-682.15,-663.59,-639.06,-660.3,-750.39,-815.21,-826.81,-809.47
-784.08,-761.5,-732.57,-703.76,-682.15,-681.66,-683,-700.46,-721.95,-739.52,-749.66,-757.35,-769.31,-780.18,-800.56,-804.59,-792.87,-780.79,-774.44,-754.66,-740.01,-743.43,-756.86,-776.76,-791.04,-794.21,-795.68,-794.21,-790.31,-786.77,-777.86,-773.71,-928.01,-1140.7,-894.8,-760.28,-724.75,-740.26,-733.3,-772.85,-779.93,-755.88,-783.59,-810.33,-824.24,-825.59,-804.83,-791.53,-792.38,-788.6,-780.79,-756,-727.56,-731.35,-752.34,-747.22,-700.09,-672.99,-660.18,-673.48,-717.31,-757.59,-792.87,-821.68,-825.95,-807.4
-787.74,-780.79,-776.15,-751.49,-725.73,-713.52,-707.79,-698.87,-685.57,-654.32,-695.33,-710.35,-743.92,-760.4,-776.76,-779.56,-780.42,-790.19,-819.48,-848.78,-805.44,-781.88,-751.98,-713.77,-691.43,-692.4,-710.59,-732.93,-748.07,-759.67,-772.24,-784.45,-1092.2,-928.13,-673.48,-721.34,-815.58,-759.79,-781.76,-740.5,-729.51,-755.15,-762.72,-765.53,-766.99,-767.85,-763.08,-772,-788.84,-785.67,-780.42,-787.74,-762.35,-748.19,-746.97,-727.44,-724.39,-716.21,-693.99,-687.64,-707.54,-743.43,-788.11,-831.08,-833.16,-823.15
-801.66,-779.44,-745.26,-713.52,-697.16,-689.35,-671.53,-652.85,-624.53,-690.82,-727.2,-758.45,-781.64,-777.73,-781.64,-783.47,-832.18,-825.83,-802.15,-808.74,-793.97,-762.47,-719.5,-704.12,-714.26,-734.52,-757.1,-763.94,-769.68,-770.41,-762.96,-761.62,-917.26,-1184,-943.14,-682.76,-754.54,-816.43,-697.41,-786.16,-745.02,-715.11,-733.54,-773.22,-800.2,-810.33,-807.89,-794.58,-783.23,-769.55,-750.27,-751.24,-760.64,-742.33,-717.8,-710.59,-704.98,-693.87,-708.03,-704.37,-693.26,-694.36,-694.97,-740.62,-791.77,-819.48
-835.35,-821.92,-799.22,-778.71,-755.64,-745.87,-727.68,-731.35,-725.85,-662.86,-716.09,-712.42,-723.53,-735.37,-746.12,-755.27,-756.98,-739.89,-759.42,-838.89,-798.73,-773.46,-770.17,-755.64,-740.26,-731.22,-754.42,-749.9,-745.02,-750.76,-752.1,-749.9,-795.31,-763.7,-763.21,-774.19,-714.99,-709.98,-751.49,-784.08,-780.05,-780.18,-770.17,-771.87,-790.55,-803.37,-797.63,-782.13,-770.9,-765.4,-761.38,-748.44,-733.79,-737.33,-718.89,-697.78,-683.13,-684.22,-689.72,-705.83,-702.9,-728.05,-775.66,-808.5,-818.14,-781.64
-736.11,-704.12,-718.28,-750.88,-772.12,-766.14,-742.94,-734.76,-739.4,-743.68,-740.5,-745.26,-752.83,-763.57,-771.26,-776.39,-772.73,-766.38,-765.4,-769.92,-769.43,-766.62,-762.6,-752.71,-742.94,-743.31,-745.75,-745.14,-753.81,-766.01,-780.54,-773.95,-1152.3,-799.34,-704.37,-722.56,-725.12,-695.09,-703.39,-748.44,-726.83,-693.87,-704.12,-735.98,-768.21,-790.92,-793.97,-801.54,-809.47,-802.88,-790.92,-769.68,-778.83,-731.47,-724.75,-732.93,-740.01,-729.64,-727.07,-726.46,-734.76,-751.49,-762.47,-770.9,-774.8,-792.63
-810.33,-805.44,-777.86,-767.97,-772.36,-749.66,-716.94,-708.27,-717.18,-707.17,-690.69,-682.88,-709.01,-732.69,-753.93,-764.43,-752.22,-735.86,-720.73,-721.09,-737.69,-763.33,-771.02,-758.45,-760.03,-751.12,-742.7,-736.72,-740.38,-734.15,-730,-733.42,-654.32,-694.6,-944.49,-1176.8,-812.65,-757.1,-722.07,-918.61,-904.32,-806.67,-790.55,-806.3,-796.17,-743.43,-760.89,-774.44,-768.09,-772.73,-773.58,-768.21,-764.18,-762.72,-753.2,-736.35,-738.67,-733.18,-733.66,-736.47,-743.31,-722.19,-691.18,-671.29,-654.68,-665.43
-683.25,-714.13,-759.54,-800.56,-808.98,-790.19,-759.42,-749.41,-769.92,-773.95,-776.64,-772.85,-724.14,-609.27,-757.1,-761.99,-769.31,-763.57,-760.03,-777.49,-811.67,-750.02,-733.79,-727.44,-722.31,-723.41,-722.56,-729.76,-742.58,-754.66,-761.25,-758.57,-690.69,-1027,-1126.5,-883.08,-906.03,-923.86,-844.26,-819.97,-824.24,-825.46,-809.96,-784.57,-766.75,-747.34,-735.86,-739.4,-743.06,-738.55,-731.96,-742.45,-771.02,-786.28,-789.09,-782.86,-761.74,-751.37,-752.22,-721.34,-713.16,-706.56,-681.42,-660.91,-656.15,-658.71
-680.93,-722.31,-778.47,-829.62,-841.7,-797.27,-734.4,-701.19,-702.05,-706.93,-652.61,-763.33,-778.59,-807.15,-813.14,-819.36,-805.57,-763.57,-735.74,-711.81,-700.83,-707.17,-726.83,-749.41,-766.14,-781.64,-785.3,-778.59,-772.12,-768.94,-764.92,-760.4,-764.55,-1065.3,-872.1,-820.95,-833.89,-733.3,-774.93,-757.84,-756.13,-759.42,-764.92,-782.62,-790.19,-792.87,-787.01,-782.74,-770.29,-748.19,-734.64,-732.44,-725.73,-714.26,-722.43,-744.04,-763.33,-767.85,-760.89,-760.64,-761.13,-744.65,-722.07,-719.87,-733.66,-742.82
-758.93,-759.67,-732.2,-734.15,-762.47,-771.75,-725.12,-704.61,-706.44,-637.71,-695.09,-753.07,-775.41,-776.64,-773.46,-782.86,-805.81,-842.92,-827.54,-772.36,-744.53,-707.79,-702.29,-724.14,-752.22,-768.82,-779.56,-768.33,-763.33,-758.08,-753.07,-745.63,-876.61,-969.02,-825.1,-716.82,-806.42,-725.85,-762.96,-782.74,-743.43,-714.87,-714.26,-719.14,-738.18,-751.73,-754.3,-749.17,-756.74,-765.53,-764.55,-758.69,-754.78,-748.31,-755.39,-736.35,-711.33,-741.36,-756.98,-758.57,-750.63,-751.12,-754.78,-755.39,-746.85,-747.09
-762.11,-781.15,-784.81,-796.29,-803.25,-805.93,-799.83,-761.62,-711.45,-688.99,-685.2,-692.77,-687.64,-672.87,-758.2,-771.02,-774.44,-771.02,-759.3,-746.36,-771.75,-815.33,-874.54,-856.35,-830.96,-777.12,-725.12,-697.29,-706.81,-729.88,-751.12,-757.47,-801.42,-776.27,-872.34,-737.94,-837.92,-752.46,-704.86,-753.07,-728.05,-735.74,-742.45,-717.43,-699.73,-733.91,-740.87,-737.69,-744.16,-757.84,-783.96,-789.82,-812.4,-856.11,-811.18,-746.48,-715.23,-726.46,-748.56,-769.43,-769.31,-749.41,-743.68,-741.11,-733.42,-724.88
-715.96,-685.08,-700.7,-756,-804.35,-805.32,-782.37,-740.87,-719.87,-716.57,-698.63,-714.38,-773.09,-771.02,-762.35,-754.91,-764.79,-780.18,-835.23,-791.65,-760.77,-751.12,-750.39,-747.7,-736.23,-728.05,-740.26,-755.15,-766.26,-772.97,-769.19,-758.93,-699.48,-1132.7,-1042.9,-754.05,-847.32,-929.23,-828.27,-682.52,-826.93,-880.4,-819.97,-809.84,-735.62,-716.57,-734.89,-745.99,-749.41,-741.84,-752.22,-765.65,-745.14,-733.05,-727.2,-730.37,-701.93,-670.19,-667.99,-667.5,-687.28,-724.27,-766.01,-810.33,-842.8,-803.13
-746.97,-737.33,-747.83,-769.31,-785.3,-768.46,-753.32,-749.78,-722.31,-673.24,-629.17,-649.31,-688.86,-729.03,-763.45,-777.98,-776.51,-772.61,-765.28,-765.4,-768.21,-777.25,-775.41,-759.54,-750.02,-748.31,-738.18,-733.54,-743.43,-760.28,-773.71,-780.91,-936.92,-813.62,-899.93,-934.6,-838.65,-852.2,-788.96,-737.82,-779.2,-810.21,-832.67,-809.72,-778.83,-768.21,-757.35,-751.37,-761.99,-774.07,-782.25,-783.1,-785.79,-791.16,-789.33,-777.12,-762.84,-745.87,-739.77,-730.37,-716.09,-704.12,-708.64,-734.4,-762.11,-777.98
-784.69,-781.64,-773.22,-748.44,-722.68,-713.16,-721.58,-740.87,-759.54,-770.04,-770.04,-766.26,-756.61,-755.15,-756.61,-771.39,-789.82,-791.65,-786.52,-770.17,-748.8,-741.72,-746.6,-751.49,-747.83,-745.99,-736.72,-732.93,-741.97,-753.93,-749.78,-764.06,-959.87,-849.64,-355.97,-266.12,-352.92,-538.71,-730.49,-682.52,-761.38,-926.05,-1015.2,-1038.5,-1005,-1002.2,-1027.1,-1035.9,-1072.2,-1093.4,-1107.1,-1081.1,-1054.5,-1024.1,-1047.5,-1049.5,-1064.1,-1079.1,-981.96,-952.91,-949.86,-940.46,-906.89,-915.56,-881.98,-829.37
-787.62,-741.36,-707.79,-687.52,-688.62,-684.71,-686.54,-703.88,-708.64,-699.12,-699.12,-687.89,-661.89,-635.64,-597.31,-571.92,-525.41,-480.12,-439.71,-406.99,-393.81,-397.47,-376.35,-375.13,-360.97,-361.71,-365.25,-363.54,-373.06,-385.63,-416.27,-447.65,-728.29,-323.62,74.953,-167.97,-377.82,-497.09,-690.08,-645.77,-640.64,-627.34,-739.16,-798.49,-750.27,-774.44,-797.51,-780.3,-755.52,-710.23,-684.59,-669.94,-660.54,-656.15,-688.01,-743.68,-819.73,-808.5,-787.38,-742.94,-691.79,-665.91,-681.78,-704.25,-786.16,-808.25
-771.02,-771.14,-758.08,-747.09,-734.15,-732.69,-748.19,-754.91,-745.14,-750.51,-756.37,-760.89,-725.97,-683.74,-664.33,-659.08,-653.58,-647.85,-646.38,-649.43,-650.04,-670.43,-703.88,-696.55,-691.18,-690.33,-697.04,-709.74,-693.62,-701.19,-716.21,-725.24,-913.97,-606.46,-847.8,-899.32,-1010.5,-769.19,-682.64,-690.69,-768.7,-788.48,-814.97,-781.76,-742.7,-766.38,-792.75,-810.82,-823.88,-834.86,-833.28,-825.22,-824.24,-791.77,-745.63,-711.69,-705.83,-712.06,-718.28,-707.3,-703.76,-699.61,-723.9,-754.42,-757.59,-757.96
-625.26,-813.01,-799.83,-891.14,-803.49,-754.66,-733.54,-748.07,-750.27,-741.48,-732.44,-710.96,-708.64,-741.23,-737.45,-558.24,-770.9,-735.62,-736.23,-747.09,-743.55,-744.16,-779.56,-846.71,-881.86,-841.46,-727.44,-711.45,-723.78,-736.47,-732.32,-729.03,-896.76,-771.26,-613.42,-659.93,-646.14,-678.98,-693.14,-739.65,-747.7,-820.22,-862.33,-899.69,-930.81,-885.28,-826.56,-778.1,-744.65,-725.61,-724.63,-723.53,-723.9,-735.62,-756.61,-774.32,-782.98,-800.68,-810.94,-809.35,-809.96,-816.43,-800.56,-781.15,-768.33,-763.45
-768.58,-784.69,-786.77,-772.61,-759.79,-747.95,-736.23,-719.26,-705.47,-696.92,-702.78,-713.03,-699.97,-700.95,-725.12,-778.83,-796.9,-741.72,-822.41,-803.49,-756.98,-766.14,-775.17,-769.43,-764.06,-775.41,-780.18,-746.97,-735.01,-753.69,-762.47,-761.38,-563.62,-593.65,-506.73,-513.44,-729.76,-834.86,-818.02,-703.02,-697.78,-705.59,-751.49,-800.81,-795.8,-756,-761.86,-795.07,-810.33,-799.71,-782.98,-776.02,-780.42,-787.74,-796.29,-819.61,-823.51,-810.94,-791.16,-774.56,-775.41,-768.46,-737.82,-741.84,-766.01,-775.41
-786.03,-770.04,-764.18,-772.48,-777.86,-772.48,-759.3,-759.42,-768.7,-778.71,-778.83,-757.47,-728.05,-695.94,-687.03,-679.95,-679.83,-694.97,-708.88,-719.75,-727.56,-723.29,-714.26,-715.96,-712.91,-709.37,-710.23,-722.43,-725.73,-715.84,-701.93,-735.62,-702.9,-806.42,-699,-611.22,-652.85,-656.15,-722.56,-700.34,-758.69,-769.55,-772.48,-787.74,-791.77,-789.09,-764.31,-753.44,-773.83,-802.51,-815.82,-826.32,-829.74,-833.77,-829.62,-806.3,-786.28,-765.53,-739.89,-727.68,-729.15,-719.87,-727.81,-753.56,-783.84,-810.57
-838.65,-844.87,-819.48,-796.17,-771.63,-749.41,-741.97,-722.92,-703.51,-670.8,-651.63,-665.55,-701.8,-715.48,-706.44,-702.41,-734.4,-750.88,-752.22,-745.14,-750.02,-763.82,-774.07,-776.51,-791.53,-816.19,-821.56,-783.59,-763.57,-757.71,-767.48,-762.84,-1006.3,-823.88,-797.02,-704.49,-850,-849.51,-760.03,-795.31,-768.7,-723.29,-739.4,-772.73,-783.1,-777,-768.82,-773.34,-771.51,-759.42,-749.78,-745.26,-745.75,-750.27,-711.57,-660.79,-688.99,-696.19,-616.11,-626.36,-665.3,-696.31,-717.43,-730.37,-741.36,-752.46
-767.11,-784.94,-795.8,-801.05,-786.03,-773.71,-750.02,-714.74,-675.8,-653.71,-652.73,-682.15,-741.36,-771.87,-788.11,-810.69,-820.83,-823.63,-809.84,-790.19,-773.95,-768.21,-773.95,-777,-784.08,-781.03,-774.68,-763.21,-735.62,-720.73,-720.97,-712.79,-910.18,-804.35,-915.31,-752.1,-775.05,-781.03,-763.57,-767.72,-789.21,-812.28,-813.26,-833.16,-847.07,-832.79,-787.5,-760.03,-731.1,-713.16,-715.84,-730.74,-733.79,-736.35,-733.91,-730.86,-736.59,-744.16,-747.09,-736.35,-720.97,-711.57,-701.32,-688.62,-680.44,-666.04
-696.31,-774.07,-806.05,-809.23,-804.1,-798,-796.04,-793.48,-787.62,-791.89,-791.28,-789.57,-777.25,-749.17,-721.7,-687.64,-674.83,-687.28,-709.13,-731.71,-747.95,-752.95,-754.66,-761.01,-767.24,-772.85,-775.05,-767.6,-747.22,-741.11,-734.64,-736.11,-620.26,-758.2,-957.3,-937.77,-723.78,-739.4,-788.48,-754.66,-771.63,-738.67,-746.73,-777.49,-808.37,-811.18,-790.67,-787.38,-783.35,-761.74,-754.78,-754.05,-782.98,-813.5,-821.56,-792.5,-747.95,-696.31,-679.22,-683.25,-678,-704,-765.4,-793.73,-790.19,-763.57
-730.61,-708.03,-698.39,-703.39,-713.03,-735.74,-753.44,-753.2,-743.68,-733.91,-727.07,-716.94,-724.75,-739.28,-735.62,-741.84,-659.81,-763.08,-758.08,-766.14,-770.17,-790.43,-859.28,-874.66,-777.98,-749.53,-725.12,-714.13,-717.67,-736.23,-739.77,-736.59,-711.69,-596.94,-539.45,-516.5,-779.32,-908.47,-698.14,-679.83,-767.48,-736.84,-699.24,-734.89,-773.83,-710.35,-763.82,-830.71,-823.39,-800.2,-775.9,-767.24,-771.02,-775.05,-771.87,-760.03,-767.36,-762.6,-738.06,-712.55,-706.44,-711.08,-707.05,-707.42,-717.67,-739.77
-755.64,-761.13,-761.13,-766.5,-775.66,-790.8,-809.35,-810.69,-798.85,-779.93,-770.29,-753.93,-741.36,-750.76,-767.6,-755.52,-739.52,-752.1,-759.54,-767.72,-779.44,-794.09,-791.65,-776.27,-763.45,-732.08,-708.76,-706.44,-715.35,-715.35,-722.68,-743.8,-783.23,-658.22,-696.31,-610.98,-667.13,-719.63,-775.05,-716.45,-741.6,-738.3,-697.16,-713.77,-707.17,-724.27,-787.01,-816.43,-819.61,-837.92,-836.94,-833.52,-824.85,-796.53,-771.75,-759.18,-743.31,-738.06,-746.6,-745.14,-728.42,-721.58,-721.34,-733.05,-758.08,-789.09
-811.06,-821.07,-803.61,-769.19,-733.66,-708.4,-691.06,-675.8,-681.42,-690.57,-694.24,-696.31,-700.09,-722.68,-782.25,-823.76,-827.17,-833.16,-835.35,-818.87,-793.85,-786.16,-781.76,-784.08,-779.81,-762.6,-741.84,-715.6,-713.52,-722.07,-738.3,-760.52,-763.21,-727.32,-775.9,-742.82,-732.81,-815.33,-816.43,-748.56,-707.17,-701.07,-706.44,-712.18,-716.45,-719.99,-728.54,-756.49,-777.49,-764.92,-760.77,-772.85,-767.48,-757.96,-765.77,-777.25,-775.66,-761.74,-759.42,-745.02,-732.93,-724.14,-719.38,-722.31,-726.58,-751.37
-784.94,-797.39,-795.07,-795.68,-795.19,-793.73,-782.86,-753.44,-743.43,-727.32,-722.19,-749.29,-763.33,-786.89,-803.25,-798.49,-798.85,-794.09,-801.29,-803,-792.87,-779.56,-766.99,-737.69,-706.2,-677.76,-669.7,-672.02,-676.9,-697.78,-724.27,-745.99,-846.1,-802.27,-882.47,-731.71,-572.41,-682.88,-795.56,-786.28,-742.09,-688.5,-669.94,-656.27,-718.04,-754.54,-750.63,-764.06,-786.77,-801.05,-807.15,-807.64,-787.74,-764.92,-747.7,-749.66,-739.52,-727.32,-717.06,-713.64,-720.11,-731.83,-750.14,-773.09,-794.09,-816.68
-835.96,-809.6,-748.56,-708.88,-716.09,-754.42,-791.41,-802.39,-781.27,-761.38,-760.4,-757.84,-737.45,-726.22,-740.75,-753.93,-753.93,-753.2,-743.19,-736.72,-733.91,-732.57,-728.29,-715.96,-715.11,-723.53,-739.89,-755.39,-765.65,-777.61,-803.74,-781.27,-667.5,-767.6,-607.56,-522.6,-642.6,-822.17,-776.51,-639.79,-612.81,-593.04,-588.27,-634.91,-693.26,-730.98,-761.86,-790.19,-827.66,-862.09,-803.61,-780.91,-767.24,-775.41,-776.39,-771.26,-775.54,-785.3,-788.6,-789.82,-806.54,-811.67,-793.48,-767.72,-742.82,-731.47
-741.72,-765.89,-797.63,-810.21,-806.91,-792.99,-782.62,-781.64,-763.82,-751.61,-740.38,-718.16,-725.12,-740.99,-764.92,-783.1,-752.59,-763.82,-778.1,-784.94,-797.14,-796.53,-794.09,-790.67,-782.74,-768.58,-751,-742.45,-747.34,-753.56,-747.46,-749.78,-679.83,-749.41,-751.73,-753.07,-752.71,-751.61,-750.88,-755.88,-759.42,-763.21,-754.78,-755.88,-759.42,-764.18,-766.01,-764.67,-765.77,-766.5,-768.33,-766.87,-771.75,-766.62,-766.01,-762.84,-761.62,-760.77,-758.57,-757.84,-756.98,-756.25,-756.37,-755.52,-753.07,-753.69
-755.52,-756.49,-758.08,-760.16,-756.74,-759.06,-756.61,-761.25,-774.32,-783.72,-794.09,-797.88,-795.8,-782.49,-775.78,-770.04,-759.42,-751.49,-747.09,-750.14,-751,-746.85,-744.04,-740.26,-753.69,-765.53,-744.9,-715.11,-729.15,-834.86,-817.9,-878.44,-758.57,-763.08,-765.77,-769.8,-772.36,-774.56,-777.73,-780.05,-780.3,-780.05,-780.3,-780.3,-778.47,-777,-775.17,-774.32,-774.68,-773.34,-764.79,-768.21,-769.55,-771.14,-771.14,-772.61,-772,-769.07,-766.14,-763.82,-768.33,-765.16,-765.4,-763.33,-761.74,-757.96
-751.49,-748.68,-746.24,-746.24,-750.14,-749.78,-746.48,-741.6,-739.77,-742.94,-747.22,-748.19,-742.94,-743.19,-742.21,-735.86,-740.87,-755.76,-770.9,-775.78,-770.41,-772.48,-755.88,-721.7,-728.54,-729.27,-724.02,-732.08,-742.33,-750.76,-743.19,-720.36,-747.46,-746.73,-748.19,-750.63,-750.39,-752.34,-758.2,-756.61,-758.69,-760.03,-761.99,-764.31,-766.87,-769.07,-771.14,-773.34,-774.93,-774.68,-774.44,-773.22,-774.19,-775.05,-774.44,-772.97,-771.39,-773.46,-769.31,-771.02,-766.01,-769.68,-774.07,-774.68,-775.66,-774.44
-775.66,-774.8,-772.24,-774.19,-777.98,-772.85,-763.45,-760.28,-763.57,-764.18,-759.54,-759.54,-754.3,-746.48,-737.45,-728.17,-723.17,-722.68,-722.56,-718.04,-712.91,-715.84,-730.25,-717.43,-678.49,-683.86,-753.07,-766.99,-858.3,-814.36,-681.42,-751.85,-748.68,-747.34,-744.16,-742.7,-742.21,-741.6,-740.26,-740.38,-740.99,-742.33,-744.04,-746.48,-749.05,-751,-753.44,-754.54,-755.27,-756.49,-755.39,-761.01,-765.4,-768.7,-768.94,-769.92,-771.02,-771.87,-771.26,-769.43,-772.61,-771.51,-774.19,-773.83,-772.61,-770.04
-770.9,-771.26,-771.63,-773.22,-771.75,-770.04,-767.85,-765.04,-762.47,-759.54,-753.93,-750.63,-752.71,-755.88,-749.05,-750.39,-751.12,-753.56,-749.05,-743.8,-748.68,-757.71,-764.67,-777.37,-755.76,-737.08,-782.98,-815.58,-871.49,-873.2,-655.78,-751.12,-752.46,-753.32,-754.66,-755.27,-756.37,-755.52,-758.69,-760.52,-761.01,-761.38,-759.18,-763.57,-759.18,-756.98,-760.4,-761.86,-763.94,-765.77,-763.82,-765.28,-767.36,-767.24,-765.77,-770.53,-765.89,-768.82,-766.87,-767.85,-767.11,-765.16,-763.33,-762.23,-762.47,-762.84
-765.16,-764.55,-764.18,-763.57,-761.99,-758.45,-754.66,-752.83,-744.65,-734.76,-734.76,-738.55,-739.52,-735.37,-729.64,-726.22,-724.14,-724.63,-726.46,-735.86,-738.67,-745.99,-726.22,-694.48,-768.33,-772.97,-762.23,-782.25,-767.72,-792.02,-751.24,-738.91,-743.06,-734.89,-739.28,-758.2,-737.33,-734.4,-751.61,-753.2,-751,-748.68,-758.45,-751.98,-748.56,-768.21,-753.07,-757.59,-767.72,-753.2,-754.54,-750.88,-753.56,-750.51,-747.22,-748.8,-753.69,-758.32,-757.47,-759.06,-758.81,-756.98,-757.96,-754.66,-748.44,-732.44
-724.63,-721.58,-718.89,-733.42,-739.16,-750.63,-765.65,-777,-774.8,-773.95,-770.41,-763.94,-760.28,-759.54,-767.72,-767.36,-773.71,-778.95,-777.61,-787.13,-788.11,-775.9,-852.69,-633.69,-771.87,-695.58,-681.66,-658.22,-622.94,-746.6,-745.99,-741.72,-742.09,-740.75,-740.5,-743.31,-743.55,-746.36,-750.76,-752.46,-752.34,-754.42,-756.49,-758.08,-763.33,-763.57,-768.82,-768.82,-769.8,-768.58,-766.5,-764.31,-763.57,-762.47,-761.62,-761.5,-759.54,-761.13,-761.74,-761.38,-763.33,-765.28,-761.99,-762.96,-758.08,-757.84
-756.25,-758.57,-763.7,-768.58,-767.85,-762.6,-760.4,-758.57,-753.56,-761.74,-750.14,-747.09,-746.73,-744.9,-739.77,-730,-732.32,-736.96,-737.21,-729.76,-739.52,-751.49,-680.81,-693.26,-671.9,-507.95,-677.02,-757.96,-735.74,-737.94,-739.4,-739.89,-741.84,-743.06,-745.38,-748.44,-749.66,-750.88,-753.81,-754.17,-755.39,-755.39,-757.47,-759.79,-760.64,-759.67,-760.16,-758.08,-758.93,-758.32,-761.74,-762.72,-761.13,-760.77,-758.93,-757.59,-756.49,-755.52,-755.76,-757.35,-758.2,-760.03,-758.69,-761.38,-763.82,-762.11
-760.4,-756.13,-759.3,-764.79,-768.94,-764.92,-764.55,-768.94,-768.82,-768.58,-772.36,-772,-775.41,-790.19,-795.8,-778.1,-757.1,-751.61,-745.87,-747.22,-752.1,-769.31,-767.85,-747.34,-783.84,-811.79,-796.9,-765.89,-752.46,-750.51,-753.56,-753.93,-755.39,-758.2,-760.16,-761.74,-762.84,-764.43,-764.55,-762.72,-758.2,-752.46,-751,-746.73,-747.34,-748.56,-744.65,-743.19,-741.36,-734.4,-732.93,-727.2,-719.5,-712.91,-714.01,-710.23,-711.81,-720.73,-732.93,-740.75,-743.92,-752.1,-753.81,-759.67,-766.99,-772.85
-777.49,-779.44,-784.94,-786.77,-780.42,-780.05,-777.12,-776.27,-776.76,-775.29,-772.97,-770.41,-767.11,-762.6,-764.31,-765.16,-755.15,-751.73,-763.7,-751.49,-744.53,-729.15,-731.35,-738.06,-740.75,-793.24,-800.32,-758.69,-758.93,-758.32,-761.5,-763.08,-763.45,-762.35,-761.01,-761.01,-758.81,-758.08,-757.71,-755.88,-755.76,-753.32,-755.03,-752.71,-753.07,-752.95,-752.22,-752.71,-754.78,-755.52,-755.03,-756,-757.35,-758.32,-759.67,-760.16,-761.99,-764.06,-761.86,-763.94,-762.96,-769.07,-767.6,-771.87,-771.14,-762.72
-767.6,-765.4,-763.94,-772.24,-765.53,-768.82,-773.09,-768.58,-769.31,-772.36,-770.41,-758.93,-750.63,-739.77,-726.46,-706.44,-685.2,-678.49,-684.22,-722.92,-762.35,-721.09,-719.99,-722.19,-758.2,-781.4,-770.9,-765.04,-770.65,-776.51,-778.95,-770.29,-774.68,-769.31,-777.98,-773.58,-762.23,-772.24,-772.48,-773.46,-763.82,-762.96,-761.62,-762.23,-765.16,-765.89,-763.08,-760.4,-759.06,-762.84,-763.21,-761.01,-757.84,-756.61,-759.54,-763.21,-754.78,-755.76,-762.84,-763.45,-762.35,-761.01,-761.74,-762.6,-756.25,-759.67
-761.62,-751.61,-748.44,-742.94,-747.22,-751.85,-751.12,-751.61,-757.1,-770.41,-767.36,-771.26,-773.22,-781.4,-784.08,-766.5,-761.62,-752.34,-752.22,-736.11,-707.91,-710.35,-717.18,-785.79,-737.57,-729.03,-783.23,-816.19,-758.45,-758.2,-759.91,-763.45,-764.67,-763.57,-762.84,-766.99,-764.67,-756.98,-760.4,-761.99,-762.35,-760.64,-756.98,-756.25,-755.39,-753.93,-754.05,-755.03,-754.3,-754.05,-754.42,-751.85,-750.88,-749.41,-748.44,-749.41,-749.53,-749.9,-749.66,-748.8,-750.51,-748.92,-749.17,-745.26,-743.92,-744.41
-741.97,-741.36,-739.28,-743.43,-749.05,-748.19,-741.11,-745.02,-746.36,-744.41,-747.7,-762.35,-769.92,-773.58,-778.22,-754.42,-725.36,-725.61,-716.94,-718.65,-766.75,-750.39,-752.1,-763.21,-828.52,-785.67,-776.88,-750.63,-750.02,-748.19,-745.87,-744.9,-744.16,-744.04,-745.26,-745.26,-743.92,-743.31,-744.9,-747.09,-746.36,-743.31,-740.5,-746.12,-741.6,-747.09,-743.8,-749.05,-752.83,-756.98,-756.13,-755.52,-756.13,-756.49,-757.47,-762.96,-760.03,-759.91,-760.16,-758.93,-757.47,-759.54,-760.28,-761.01,-761.25,-762.84
-762.11,-761.74,-760.16,-757.35,-756.74,-754.17,-751.73,-749.78,-748.68,-747.46,-751.12,-758.08,-763.94,-764.06,-757.1,-749.9,-747.95,-761.62,-777.12,-803.49,-786.03,-808.74,-755.15,-787.13,-790.8,-756.25,-827.78,-757.96,-759.54,-756.25,-754.54,-753.81,-749.78,-754.91,-759.06,-757.71,-757.23,-758.32,-755.03,-758.45,-758.2,-759.18,-758.32,-759.42,-758.32,-759.18,-759.91,-761.74,-762.84,-760.28,-761.13,-759.79,-761.99,-756.61,-760.52,-764.55,-763.94,-761.86,-759.79,-760.64,-761.38,-758.93,-764.79,-762.11,-760.28,-759.91
-762.96,-762.84,-763.82,-762.6,-762.96,-760.28,-761.62,-760.16,-761.74,-751.61,-738.43,-733.79,-732.08,-728.78,-726.22,-712.91,-709.49,-739.4,-789.09,-848.41,-852.57,-711.2,-850.49,-785.42,-740.13,-811.91,-802.39,-766.62,-767.24,-769.55,-769.19,-769.19,-771.75,-770.65,-767.85,-767.72,-764.55,-762.96,-762.11,-762.72,-761.01,-761.13,-756.86,-756.86,-751.12,-754.54,-745.63,-747.46,-748.56,-749.78,-748.31,-747.09,-748.92,-750.27,-750.27,-755.64,-752.95,-756.74,-756.74,-757.84,-756.98,-756.61,-756.25,-757.96,-760.03,-760.77
-758.2,-759.91,-760.16,-757.1,-757.71,-761.86,-763.82,-772.12,-777.61,-777.37,-751.24,-764.43,-778.22,-783.72,-776.51,-758.45,-760.28,-760.52,-761.86,-787.74,-788.35,-780.66,-781.52,-673.97,-768.94,-702.29,-607.07,-756.61,-756,-756.25,-759.06,-754.91,-755.52,-751.12,-753.81,-758.08,-757.59,-756,-755.27,-755.64,-755.76,-753.69,-758.08,-756.86,-755.39,-753.07,-752.22,-751.85,-750.63,-751.37,-751.37,-752.59,-752.95,-753.93,-754.17,-754.3,-751.98,-752.34,-751.98,-752.1,-749.17,-751.49,-752.71,-751.37,-756,-751.12
-754.91,-760.52,-762.84,-765.4,-767.97,-767.97,-768.21,-762.35,-768.82,-764.55,-765.53,-761.01,-770.04,-810.94,-847.56,-805.81,-787.13,-784.08,-802.39,-797.39,-790.06,-774.19,-776.64,-788.11,-624.9,-751.12,-752.83,-750.51,-749.78,-748.19,-751,-749.29,-751.73,-751.85,-754.05,-756.49,-757.23,-757.47,-758.32,-759.3,-760.03,-761.62,-760.28,-761.5,-760.77,-760.89,-759.18,-759.91,-758.69,-758.57,-759.06,-757.71,-757.71,-756.98,-756.86,-756.37,-754.3,-755.52,-756.37,-752.95,-754.54,-749.17,-748.8,-750.51,-755.15,-761.25
-765.77,-768.94,-768.46,-773.22,-777.37,-775.78,-769.55,-766.87,-770.9,-770.04,-764.43,-761.86,-759.3,-749.53,-741.48,-746.24,-759.91,-799.95,-785.91,-712.67,-788.6,-773.22,-760.28,-808.86,-765.04,-759.18,-758.93,-761.86,-755.64,-757.23,-756.86,-754.42,-752.34,-749.66,-750.27,-749.29,-747.7,-745.75,-749.41,-748.31,-750.51,-750.63,-750.02,-750.51,-752.22,-754.17,-755.52,-756.49,-756.98,-756.86,-757.35,-755.64,-753.07,-752.59,-751.98,-750.14,-749.17,-748.31,-744.9,-745.87,-746.6,-741.23,-742.7,-741.84,-744.16,-745.02
-744.65,-745.75,-750.76,-756.61,-764.31,-768.09,-769.19,-770.53,-776.76,-786.4,-786.89,-808.25,-760.4,-752.83,-739.28,-729.27,-732.2,-740.99,-755.15,-741.72,-756.86,-751.12,-829.37,-878.2,-752.95,-751.24,-751.85,-750.88,-750.51,-750.02,-749.17,-749.9,-750.51,-751,-750.51,-751.37,-750.51,-752.22,-753.44,-755.03,-756,-759.06,-757.96,-759.54,-762.72,-758.08,-762.23,-764.92,-766.01,-765.89,-766.38,-766.62,-766.62,-765.89,-763.82,-766.01,-763.45,-762.72,-761.13,-759.3,-759.06,-759.06,-757.23,-755.15,-753.44,-754.91
-754.91,-751.49,-747.7,-743.06,-744.9,-746.6,-751.24,-758.69,-770.53,-775.9,-785.79,-808.98,-775.66,-741.11,-758.2,-782.49,-774.68,-756.37,-741.48,-744.41,-773.46,-674.95,-673.12,-683.37,-831.69,-977.81,-563.13,-706.08,-940.95,-737.08,-618.31,-666.65,-713.89,-793.24,-830.35,-718.28,-636.01,-700.83,-753.2,-748.31,-748.68,-797.88,-786.03,-757.47,-753.32,-746.97,-743.31,-767.6,-781.4,-781.03,-778.34,-762.47,-728.29,-714.5,-709.98,-714.62,-743.8,-785.91,-820.58,-839.26,-832.18,-801.54,-760.64,-752.71,-734.76,-713.77
-712.79,-709.13,-691.67,-670.67,-670.06,-630.39,-680.68,-745.14,-768.82,-786.4,-785.06,-783.96,-776.02,-771.51,-802.88,-841.21,-892.73,-831.57,-786.16,-749.66,-732.69,-735.62,-749.41,-762.96,0.4883,0.73244,0,-2.0753,-2.9298,-4.883,-7.8127,-10.132,-11.353,-9.888,-8.6673,-11.597,-16.48,-20.753,-20.753,-20.386,-23.927,-31.495,-34.303,-28.077,-28.565,-32.838,-32.228,-29.908,-25.269,-25.269,-28.809,-24.171,-16.846,-19.654,-14.893,10.865,17.212,20.997,19.898,19.288,19.776,21.485,22.34,22.95,20.875,16.114
11.963,7.9348,5.2492,5.9816,6.8361,6.7141,8.5452,8.5452,9.6438,5.8596,0.97659,-1.4649,-2.3194,-3.1739,-2.8077,-4.6388,-5.8596,-7.0803,-7.9348,-10.62,-12.207,-12.085,-14.527,-16.602,-18.799,-18.799,-18.555,-19.776,-21.729,-23.194,-26.124,-29.664,-32.472,-35.768,-39.796,-41.505,-42.116,-43.458,-40.162,-37.721,-38.209,-42.482,-35.035,-30.641,-38.82,-33.204,-14.283,-17.701,-19.044,-5.6154,-9.888,-27.833,-1.4649,32.716,-8.0569,8.301,26.978,-8.9114,-9.0335,-5.9816,-1.8311,0.61037,5.8596,8.179,10.865,12.696
12.085,9.2776,5.2492,0.97659,-2.6856,-6.592,-10.254,-13.55,-16.724,-15.87,-15.259,-13.916,-14.893,-14.405,-12.329,-10.254,-9.2776,-8.4231,-7.5686,-6.9582,-5.1271,-3.9064,-3.9064,-0.85452,1.3428,2.9298,3.4181,4.5167,4.2726,4.883,5.4933,6.3478,5.2492,3.0519,0.36622,-0.36622,-1.587,-6.9582,-12.452,-17.457,-19.654,-26.612,-29.42,-25.147,-36.256,-52.492,-40.651,-45.289,-58.596,-62.136,-53.346,-45.9,-69.338,-12.574,3.9064,34.181,72.634,20.997,17.09,11.963,9.6438,10.01,12.696,11.841,9.2776,6.4699
3.5401,-4.1505,-7.3244,-12.574,-16.602,-17.945,-16.602,-14.283,-11.841,-10.01,-7.0803,-5.1271,-2.0753,0.73244,0.4883,0.85452,1.9532,5.1271,5.9816,6.1037,6.9582,8.301,7.8127,6.8361,5.8596,5.1271,4.5167,3.0519,0.36622,-2.3194,-5.2492,-10.01,-13.672,-12.452,-11.353,-12.94,-18.555,-23.194,-27.1,-35.035,-41.993,-47.487,-49.44,-47.853,-50.417,-49.806,-45.534,-68.85,-70.437,-46.144,-43.458,-46.022,-18.067,12.696,38.82,27.955,58.84,12.574,7.4465,5.1271,4.5167,3.0519,3.5401,6.1037,10.498,13.916
10.498,7.6907,4.5167,2.8077,-4.0284,-7.9348,-10.376,-10.376,-9.7659,-8.0569,-6.8361,-5.2492,-1.0987,1.9532,3.0519,6.592,9.1556,9.7659,10.498,10.62,10.132,9.1556,8.7893,7.6907,6.1037,4.883,2.8077,-0.97659,-3.7843,-5.7375,-6.4699,-10.743,-14.039,-17.335,-21.241,-26.368,-28.321,-27.589,-31.617,-37.111,-39.186,-39.918,-41.261,-48.219,-60.671,-58.229,-58.229,-88.87,-68.484,-109.99,-53.468,-5.2492,-15.625,13.55,83.743,154.91,6.4699,9.7659,13.916,17.701,18.921,17.945,17.701,20.02,15.503,10.62
4.7609,0.4883,-1.4649,-2.8077,-3.4181,-4.883,-4.6388,-3.0519,-3.296,-1.587,0.97659,3.1739,2.4415,0,-1.4649,-2.1973,-3.4181,-4.1505,-4.0284,-4.7609,-5.4933,-5.9816,-6.8361,-5.7375,-6.4699,-8.9114,-10.254,-10.865,-11.963,-11.963,-11.841,-16.846,-22.095,-25.025,-29.908,-39.308,-47.975,-53.957,-59.084,-64.699,-55.422,-54.567,-60.915,-61.159,-79.836,-72.268,-72.39,-19.532,-30.396,-53.957,-13.306,-3.1739,48.097,50.172,76.662,105.96,-9.0335,-3.7843,-2.4415,-2.1973,-0.85452,2.8077,0.61037,2.3194,3.4181,-0.12207
1.709,-0.12207,1.587,-1.587,-3.4181,-3.1739,-1.709,-2.3194,-1.587,-1.0987,-1.3428,-1.709,-2.6856,-3.296,-1.4649,-1.4649,-2.8077,-3.1739,-2.8077,-1.8311,0,0.97659,1.0987,1.3428,2.5636,3.0519,1.2207,2.4415,5.4933,6.9582,6.2258,5.2492,4.5167,1.3428,-2.9298,-7.9348,-9.7659,-12.818,-15.748,-17.945,-21.607,-23.682,-28.443,-30.274,-23.682,-35.279,-51.881,-44.923,-74.221,-101.81,-117.92,-60.183,-13.672,-0.61037,11.597,81.057,-2.1973,3.1739,9.2776,18.311,25.636,25.391,25.025,21.973,18.433,15.137
9.6438,0,-7.8127,-13.428,-17.945,-19.898,-16.358,-14.405,-11.963,-9.888,-8.179,-6.2258,-4.7609,-3.4181,-3.0519,-2.4415,0.36622,2.9298,2.4415,3.7843,8.0569,4.7609,2.1973,0.97659,-0.24415,-1.2207,-1.4649,-2.8077,-4.5167,-4.7609,-4.5167,-8.4231,-7.5686,-8.179,-10.498,-12.696,-19.288,-25.758,-29.664,-30.763,-35.035,-42.604,-50.417,-49.318,-53.835,-40.529,-56.032,-113.41,-121.46,-129.52,-76.907,-10.498,-13.794,-10.376,32.716,103.4,2.3194,-4.3947,-14.771,-7.0803,-4.0284,-3.1739,-2.4415,1.3428,0.36622,2.8077
5.005,4.7609,8.9114,8.179,5.9816,6.4699,6.7141,6.2258,6.592,6.7141,8.0569,9.0335,7.4465,6.4699,7.0803,7.2024,6.7141,7.0803,9.3997,8.7893,8.179,7.5686,6.9582,6.2258,5.7375,4.3947,2.0753,0.36622,-4.1505,-9.0335,-7.5686,-12.696,-21.485,-27.955,-32.838,-36.378,-42.238,-49.928,-52.248,-48.463,-41.627,-50.417,-58.351,-56.642,-65.432,-56.032,-59.084,-70.07,-58.229,-51.759,-38.942,-23.316,5.4933,41.261,44.923,26.002,20.508,10.498,12.94,14.771,18.555,24.537,18.189,12.696,3.296,-4.1505
-5.005,-4.5167,-6.7141,-6.592,-2.1973,1.0987,1.709,1.8311,2.8077,5.005,6.9582,7.5686,9.3997,11.597,8.6673,7.6907,7.0803,8.179,9.0335,9.888,9.3997,6.7141,6.592,1.587,-0.85452,1.709,-1.0987,-7.9348,-9.7659,-11.475,-13.062,-11.475,-12.696,-15.748,-21.363,-25.147,-26.856,-25.147,-25.391,-19.898,-16.968,-22.217,-31.861,-42.238,-41.261,-44.191,-44.923,-69.46,-120.61,-82.766,3.5401,30.763,20.875,7.4465,113.04,133.92,-28.443,-32.594,-33.57,-29.786,-16.48,-18.677,-18.067,-22.706,-18.921,-15.992
-16.724,-18.433,-18.677,-15.87,-13.916,-10.132,-8.301,-4.0284,-2.1973,-1.9532,3.0519,8.6673,11.231,16.236,20.508,19.898,20.264,18.189,15.137,13.672,13.672,13.428,12.696,11.231,10.376,10.498,10.01,8.179,6.1037,4.3947,2.0753,0.85452,3.0519,0.61037,-2.4415,-3.6622,-5.005,-8.179,-10.987,-14.405,-16.236,-15.87,-20.997,-30.274,-39.308,-41.993,-51.515,-48.585,-95.706,-145.15,-116.09,-44.191,-24.659,-39.552,-6.7141,-8.9114,-10.62,-14.283,-10.254,-2.3194,3.0519,5.7375,7.5686,9.1556,9.0335,8.5452
11.353,10.376,8.5452,8.0569,6.4699,5.8596,6.8361,6.1037,5.9816,7.8127,8.7893,13.428,18.799,19.166,20.264,21.607,23.804,25.147,25.025,24.537,23.194,21.973,17.457,16.48,12.94,7.9348,1.9532,-2.6856,-7.4465,-11.963,-16.846,-21.363,-25.391,-29.054,-35.768,-38.942,-40.284,-40.651,-47.243,-55.91,-51.393,-43.092,-62.136,-84.841,-99.734,-77.883,-87.283,-128.06,-89.969,-20.753,-25.513,-15.87,23.56,129.4,88.748,0.97659,-5.6154,-6.8361,-3.4181,-5.2492,1.8311,7.4465,13.428,18.677,20.508,22.462
25.636,18.921,12.94,6.4699,-4.1505,-7.9348,-4.883,-4.2726,-6.592,-8.301,-7.2024,-3.4181,2.5636,7.2024,4.5167,5.4933,6.7141,2.1973,2.4415,4.6388,7.3244,-0.24415,-5.6154,-9.6438,-14.771,-17.945,-20.386,-17.457,-13.794,-8.179,-5.3713,-3.1739,-0.85452,-3.9064,-7.0803,-8.5452,-11.963,-20.386,-28.199,-30.274,-24.537,-23.072,-30.763,-33.937,-29.542,-27.223,-54.201,-90.945,-114.14,-61.769,-18.067,-13.184,-28.565,38.942,78.86,-17.945,-21.851,-22.584,-25.147,-24.781,-20.264,-12.452,-12.329,-15.137,-12.574,-15.503
-21.119,-18.433,-14.405,-8.7893,-2.0753,2.9298,8.6673,14.527,13.916,13.55,10.01,8.5452,8.7893,9.2776,9.2776,9.7659,9.5218,6.1037,9.5218,14.527,14.771,15.87,15.015,13.916,12.085,8.9114,6.7141,3.5401,0,-4.3947,-4.7609,-7.9348,-9.1556,-10.743,-13.306,-21.363,-27.833,-28.443,-28.932,-32.472,-45.656,-55.3,-57.985,-60.305,-68.728,-60.915,-49.318,-53.957,-74.587,-93.02,-84.231,-29.542,-1.709,-8.179,46.632,3.9064,3.296,4.2726,6.3478,5.2492,4.883,0.73244,-6.1037,-5.8596,-10.01,-11.353
-7.3244,-3.9064,0.24415,8.179,10.254,7.9348,5.3713,3.6622,2.5636,-0.4883,-2.6856,-4.0284,-2.6856,-0.85452,3.4181,6.3478,10.743,11.841,11.719,11.841,12.207,13.794,14.649,15.137,12.818,8.4231,8.0569,8.9114,5.9816,7.5686,10.132,11.109,4.2726,-5.3713,-10.865,-10.132,-12.818,-21.485,-23.682,-27.833,-35.401,-44.801,-51.881,-54.201,-59.45,-62.868,-54.933,-52.98,-113.77,-107.91,-52.004,-39.43,-47.243,19.532,104.25,-23.072,-10.62,0,-0.4883,-16.236,-35.279,-51.515,-64.821,-73.122,-81.179,-86.795
-87.039,-84.964,-87.161,-91.189,-99.246,-105.84,-109.26,-109.26,-107.3,-101.81,-94.974,-93.142,-88.26,-80.935,-75.93,-72.756,-72.512,-72.146,-72.634,-74.099,-67.751,-62.136,-62.258,-59.572,-53.591,-46.388,-43.336,-41.383,-33.937,-23.072,-15.748,-7.2024,3.5401,19.776,28.565,51.149,62.99,70.437,78.616,86.062,77.883,63.967,56.887,53.224,39.186,8.4231,-22.706,-30.519,-14.283,-33.326,-31.251,-31.983,-34.059,50.539,41.749,83.254,86.917,79.714,78.372,78.494,78.249,73.122,72.146,64.577,59.45,51.515
38.575,32.716,27.1,13.428,3.6622,-3.4181,-8.5452,-14.039,-20.997,-25.636,-27.833,-25.147,-28.932,-25.147,-18.799,-22.706,-28.077,-32.594,-36.622,-36.134,-38.453,-32.838,-25.269,-20.264,-18.799,-20.997,-15.015,-21.729,-17.212,-3.7843,2.4415,2.8077,1.587,4.7609,3.7843,-2.6856,-7.2024,-9.6438,-23.072,-37.843,-46.876,-49.928,-61.281,-84.109,-93.265,-90.335,-103.64,-115.24,-104.5,-70.925,-36.744,-15.137,12.94,62.868,65.31,94.119,82.522,74.831,68.484,66.042,66.042,59.572,46.754,32.594,33.815,34.547
23.56,13.916,2.8077,-9.0335,-15.87,-29.054,-42.482,-52.37,-57.619,-63.601,-64.577,-63.112,-66.286,-68.484,-66.408,-68.117,-71.902,-76.54,-79.836,-83.377,-86.673,-91.189,-91.678,-89.969,-91.556,-89.846,-87.405,-80.691,-71.047,-66.652,-53.957,-36.866,-16.358,-1.9532,-1.9532,4.7609,27.955,32.228,23.682,24.293,29.664,29.42,14.039,-5.1271,-17.579,-19.776,-29.054,-26.734,-10.743,-0.97659,13.916,27.223,33.57,116.21,126.22,104.37,85.208,73.244,63.234,54.323,54.689,51.393,46.144,42.116,46.022,50.172
46.632,39.552,29.054,17.945,3.1739,-8.0569,-18.921,-26.612,-29.786,-30.274,-31.129,-35.89,-36.866,-39.308,-42.97,-44.923,-51.393,-59.816,-66.164,-71.902,-76.662,-75.808,-73.855,-70.07,-67.141,-65.92,-62.258,-59.084,-58.473,-54.933,-49.318,-45.412,-41.993,-35.279,-28.077,-21.607,-14.405,-9.888,-1.9532,10.01,5.4933,-6.3478,-9.2776,-5.005,-2.0753,0.73244,1.9532,-2.1973,1.2207,-1.3428,-1.0987,-6.4699,33.815,88.382,160.41,88.87,78.127,75.198,67.141,53.591,45.656,40.773,45.167,43.336,34.669,25.758
22.462,20.875,15.381,9.0335,1.3428,-7.6907,-18.311,-29.054,-32.472,-35.89,-37.111,-36.012,-33.692,-30.152,-28.443,-30.274,-34.059,-35.646,-40.529,-42.238,-43.703,-48.097,-50.05,-51.027,-51.149,-51.637,-53.835,-53.957,-53.957,-53.468,-50.783,-45.9,-40.651,-37.355,-36.134,-32.838,-25.513,-20.997,-13.794,-13.428,-16.602,-16.968,-8.0569,-5.9816,-15.87,-8.0569,7.8127,19.776,20.386,11.353,18.311,19.41,40.651,78.616,133.55,125,117.44,108.4,102.54,98.148,86.184,73.122,57.253,50.783,47.121,34.303
19.41,9.7659,1.2207,1.9532,11.597,18.311,17.335,14.039,3.5401,-7.6907,-16.724,-27.711,-33.815,-34.791,-31.495,-26.368,-23.682,-26.49,-33.326,-45.167,-56.032,-64.089,-71.78,-76.418,-76.418,-73.611,-70.559,-68.484,-65.92,-59.938,-53.713,-47.243,-33.937,-25.025,-20.02,-18.067,-18.067,-8.179,-6.592,-5.3713,1.0987,8.4231,6.2258,6.7141,11.597,19.776,19.898,16.358,32.35,57.497,90.945,131.35,153.2,251.35,361.83,115.24,103.03,93.142,83.743,82.278,78.372,69.338,60.671,48.341,33.937,17.457
5.2492,-1.0987,1.4649,6.592,7.5686,7.5686,-2.0753,-8.0569,-14.649,-21.119,-27.955,-34.425,-44.679,-52.248,-56.398,-55.177,-51.149,-49.928,-49.806,-47.853,-48.585,-49.318,-51.149,-53.224,-55.91,-56.887,-59.084,-59.084,-54.689,-50.661,-41.993,-31.739,-28.199,-29.054,-27.1,-26.368,-30.885,-32.228,-23.804,-14.405,-10.254,-20.875,-35.157,-44.801,-62.99,-72.634,-63.723,-54.201,-22.706,22.34,68.239,101.2,137.33,200.45,181.89,88.504,86.55,88.748,97.049,108.16,110.6,110.72,109.5,103.89,96.438,89.358
86.795,84.719,85.33,85.818,90.945,91.189,86.306,78.86,74.465,70.07,64.943,57.253,45.167,35.89,25.88,14.527,8.6673,-5.1271,-18.189,-26.978,-34.669,-40.04,-45.045,-49.562,-53.224,-54.811,-55.91,-53.346,-53.713,-61.159,-69.582,-74.221,-79.958,-85.208,-93.02,-101.69,-107.67,-118.66,-128.54,-130.01,-131.47,-143.8,-132.45,-135.87,-141.36,-129.76,-106.33,-83.132,-63.112,-35.646,-1.4649,40.529,81.057,107.55,94.974,98.392,91.922,97.171,104.13,115.48,122.81,130.99,135.38,139.16,139.41,132.45
125.37,117.8,102.91,87.649,81.179,65.554,47.975,37.111,28.932,20.997,13.306,3.0519,-11.841,-24.415,-36.622,-48.219,-60.305,-74.343,-85.574,-88.382,-88.382,-82.034,-73.244,-76.052,-77.029,-72.878,-72.146,-70.803,-76.052,-88.382,-97.171,-105.11,-109.01,-114.26,-115.73,-105.11,-99.368,-105.72,-120.24,-117.56,-96.805,-74.709,-67.141,-72.756,-78.372,-73.977,-62.746,-54.933,-45.045,-9.0335,45.412,87.527,106.33,117.92,96.805,85.086,88.748,95.218,105.35,122.44,128.06,135.87,135.5,137.58,130.5,110.11
98.514,76.785,66.164,57.253,40.773,27.589,21.485,15.748,7.9348,-0.85452,-10.254,-19.898,-20.386,-21.729,-23.927,-24.659,-25.513,-29.542,-33.326,-36.378,-38.575,-41.993,-46.266,-47.975,-51.149,-54.079,-56.398,-59.938,-63.601,-68.728,-74.831,-80.325,-83.132,-83.254,-78.249,-71.047,-79.592,-88.748,-84.231,-79.348,-87.039,-93.631,-103.76,-122.07,-132.94,-112.31,-85.94,-74.465,-65.554,-38.087,-2.8077,10.743,28.687,76.662,96.927,152.71,156.5,162.48,170.42,168.46,153.57,125.98,103.27,87.649,65.554,49.074
43.214,31.983,26.734,20.386,12.574,-3.0519,-18.433,-23.194,-23.56,-24.293,-24.415,-24.049,-28.077,-31.007,-36.5,-36.378,-36.134,-41.627,-44.313,-46.266,-46.754,-50.905,-57.985,-62.868,-63.112,-63.356,-62.014,-62.136,-63.723,-62.136,-63.845,-71.78,-82.522,-91.556,-94.485,-89.724,-81.179,-80.569,-87.039,-89.602,-91.678,-96.805,-88.26,-85.574,-70.437,-55.91,-43.214,-36.744,-20.02,-25.636,-17.457,30.152,97.415,123.91,104.74,164.19,159.06,150.76,133.67,120,121.59,104.98,91.556,73.977,72.146,60.183
53.713,43.092,27.955,9.7659,-4.6388,-11.231,-12.085,-13.794,-15.87,-17.701,-22.584,-27.1,-34.181,-38.453,-41.627,-46.754,-47.975,-56.398,-64.455,-72.39,-79.348,-81.545,-79.47,-74.831,-69.338,-63.967,-56.032,-43.947,-36.622,-30.152,-25.391,-23.56,-20.753,-20.264,-28.809,-45.167,-60.427,-62.746,-47.487,-56.398,-95.462,-118.66,-122.81,-132.08,-125.61,-101.81,-95.828,-78.616,-31.495,3.1739,7.6907,48.585,105.11,139.65,80.569,156.01,129.28,115.24,102.54,87.161,75.198,65.432,41.749,21.851,5.9816,-4.1505
-15.137,-18.921,-17.823,-19.41,-20.386,-22.462,-26.124,-29.42,-28.077,-23.56,-17.945,-16.602,-17.701,-18.555,-24.049,-32.105,-43.58,-59.694,-75.32,-92.532,-107.91,-122.68,-133.43,-134.4,-125.86,-120.37,-105.96,-88.382,-74.221,-63.234,-53.957,-53.835,-57.375,-60.793,-59.328,-56.154,-63.234,-74.709,-89.846,-104.5,-116.09,-117.07,-111.7,-103.4,-88.504,-68.728,-40.773,-21.607,-7.8127,12.574,25.636,58.718,122.68,136.36,81.301,113.41,110.84,116.95,125.13,135.99,145.15,157.6,157.72,157.84,149.54,132.82
119.27,100.83,82.766,71.535,57.497,43.214,30.274,17.457,13.428,13.428,12.329,6.4699,1.2207,-7.6907,-18.067,-29.176,-31.129,-32.105,-39.43,-47.975,-57.253,-57.863,-54.201,-52.126,-50.172,-52.858,-56.276,-49.074,-44.313,-50.661,-58.351,-68.972,-76.052,-81.912,-95.828,-109.38,-111.58,-111.45,-108.28,-103.76,-104.13,-120.24,-147.71,-148.56,-116.95,-95.34,-79.226,-61.769,-56.032,-45.045,-25.025,-0.85452,53.591,89.236,68.606,142.46,139.41,135.99,128.3,107.55,88.137,71.047,46.999,22.828,21.973,24.171
12.818,9.6438,9.0335,7.2024,7.2024,11.353,15.381,17.212,15.625,12.329,8.179,7.6907,3.7843,-2.1973,-12.085,-23.194,-34.059,-45.412,-58.107,-68.728,-72.756,-75.442,-86.795,-92.166,-92.898,-93.509,-93.265,-91.311,-89.358,-86.795,-85.33,-86.795,-94.241,-102.18,-102.91,-104.25,-102.42,-101.2,-99.368,-105.35,-124.39,-116.58,-100.1,-96.805,-106.08,-103.52,-93.387,-79.836,-71.291,-45.778,-18.799,-21.729,21.729,70.07,56.154,55.544,44.191,35.035,24.659,13.55,15.381,20.02,13.672,8.179,6.7141,5.005
-1.9532,-11.597,-16.846,-17.945,-19.044,-25.391,-24.781,-25.147,-31.983,-32.838,-35.279,-49.684,-49.562,-38.453,-17.701,-10.376,-21.119,-12.94,-11.841,-7.3244,-11.231,-16.48,-14.527,-2.3194,6.4699,10.865,10.376,1.709,-2.0753,0.24415,4.1505,1.9532,-10.254,-43.214,-55.422,-49.562,-53.468,-35.89,-4.6388,14.039,35.89,40.162,27.223,21.729,13.306,12.818,51.637,75.198,44.557,55.055,78.005,102.42,124.15,-109.87,-134.53,-16.358,-22.462,-27.955,-35.768,-45.045,-51.881,-57.497,-56.276,-50.783,-45.534,-52.37
-55.544,-57.741,-53.102,-45.534,-34.059,-21.607,-15.015,-20.997,-11.475,3.4181,9.3997,18.921,25.88,25.513,19.288,12.696,12.94,28.565,31.739,43.214,40.651,28.077,17.457,17.579,19.898,5.005,-14.283,-24.049,-37.355,-39.918,-32.838,-31.617,-40.407,-40.529,-50.172,-76.785,-84.597,-64.943,-20.264,12.329,36.988,45.167,39.552,22.095,11.353,26.49,61.281,43.825,25.758,38.575,62.624,151.37,131.23,-71.535,-74.465,-685.81,-323.25,-104.25,-165.04,5.8596,43.947,89.724,45.412,-9.0335,24.171,25.025
-1.9532,-20.753,-14.527,-15.259,-17.579,-21.729,-26.002,-30.519,-30.03,-21.973,-18.677,-17.09,-22.706,-21.363,-22.462,-26.49,-23.316,-16.48,-13.062,-18.555,-21.119,-31.251,-18.189,13.306,61.892,115.48,215.7,209.72,149.66,210.7,297.98,336.92,289.68,146.98,-49.806,-30.03,-31.617,-39.918,-38.82,-35.035,-34.791,-27.467,-18.433,-11.963,-7.0803,-1.709,6.8361,13.306,16.846,20.997,22.34,21.485,24.659,32.96,30.152,27.711,29.542,29.908,29.42,26.246,23.927,23.927,24.903,24.659,22.828,23.927
21.363,18.433,18.311,21.973,22.584,19.288,15.625,15.259,15.992,8.9114,8.5452,10.62,4.6388,1.0987,9.888,7.8127,-6.4699,-12.085,-7.4465,8.0569,3.6622,-12.085,-22.217,-5.1271,27.223,53.957,111.94,141.36,109.99,118.53,219.98,281.99,250.62,251.59,83.865,19.166,13.916,10.498,2.0753,-2.8077,-1.8311,-1.709,-13.55,-19.044,-20.386,-22.706,-27.589,-32.228,-31.129,-26.124,-29.176,-21.241,-13.794,-2.8077,11.475,3.4181,1.8311,2.5636,-3.4181,2.1973,-0.85452,-11.353,-6.9582,2.5636,1.9532,1.709
6.3478,8.301,8.7893,9.6438,19.166,15.015,7.8127,11.963,7.5686,4.6388,6.8361,6.2258,-1.4649,-8.4231,-5.2492,-6.8361,-3.5401,5.7375,7.3244,7.3244,12.452,22.95,25.025,25.269,6.3478,29.786,88.137,135.99,136.6,113.77,145.88,206.79,204.84,137.09,55.666,61.281,58.351,45.778,32.228,18.311,8.6673,4.5167,12.696,7.6907,4.7609,10.62,14.649,13.062,12.574,12.452,13.306,14.161,12.329,10.865,11.841,14.161,12.329,8.4231,14.527,14.893,11.963,8.4231,6.4699,5.7375,6.3478,4.883
0.85452,-3.9064,-3.0519,-1.4649,-5.8596,-6.2258,-2.0753,0.12207,-1.587,-8.0569,-22.34,-24.293,-17.335,-16.236,-14.527,-16.358,-14.039,-10.132,-8.301,-11.719,-25.025,-68.361,-82.888,-26.734,67.019,141,175.91,210.58,263.44,329.84,393.2,327.28,195.81,60.06,-14.039,-13.062,-9.6438,-5.4933,-2.0753,-0.4883,-0.24415,-0.73244,-1.3428,-1.9532,0.36622,2.4415,2.6856,4.883,5.005,4.7609,4.0284,5.4933,6.1037,7.8127,3.4181,1.587,1.4649,1.2207,3.1739,5.2492,5.6154,5.6154,8.9114,11.963,6.7141,2.5636
8.179,14.771,11.597,5.4933,6.4699,9.5218,11.353,6.8361,-12.94,-22.095,-32.716,-58.107,-67.995,-62.502,-59.45,-59.45,-52.98,-37.111,-4.1505,18.433,30.396,38.331,31.373,45.656,75.442,80.569,112.8,178.23,229.38,258.67,263.07,236.82,122.32,56.276,-1.709,7.2024,13.916,20.753,26.002,25.269,23.072,20.142,19.044,19.532,20.264,17.945,16.48,15.992,17.09,10.254,15.259,8.0569,6.8361,7.0803,6.7141,8.301,9.5218,9.1556,11.231,10.865,10.62,11.597,10.132,10.62,11.231,10.62
11.231,11.353,12.94,14.405,14.527,14.649,12.94,11.353,13.306,13.428,13.306,9.5218,2.9298,3.0519,5.7375,2.8077,-2.3194,-5.2492,-3.4181,-7.3244,-19.044,-17.09,-15.748,-23.804,-17.335,28.321,106.81,142.22,180.79,216.56,241.71,231.94,241.83,174.81,-8.6673,-2.5636,2.4415,2.5636,7.9348,18.311,20.753,26.002,33.815,25.758,28.199,29.176,34.913,44.679,48.097,35.646,25.147,23.682,21.973,18.677,15.87,10.743,2.5636,-5.2492,-7.8127,-3.0519,1.3428,1.2207,1.587,7.9348,11.475,36.744
37.111,33.448,19.532,13.184,7.4465,5.4933,4.0284,-1.4649,-11.475,-12.329,-10.376,-2.9298,-7.6907,-20.508,-22.95,-1.8311,16.602,17.09,17.823,16.114,-3.0519,-10.132,5.4933,43.947,76.785,130.62,152.84,153.81,206.43,282.72,281.01,343.03,208.01,125.74,18.921,13.184,7.8127,6.2258,5.2492,4.7609,3.296,-4.0284,-2.1973,0.12207,-1.709,0.61037,1.0987,-19.166,-18.555,-27.467,-24.049,-19.532,-9.2776,-3.6622,-0.97659,0,3.296,10.62,15.503,18.921,24.537,29.542,28.809,27.1,23.682,18.677
19.532,10.987,9.0335,8.6673,6.7141,8.0569,9.5218,13.428,17.823,20.386,20.875,3.9064,-6.592,-8.7893,-0.61037,3.6622,5.3713,12.452,16.48,35.157,42.726,37.965,40.651,37.355,47.487,85.086,106.94,128.91,180.18,249.64,307.14,409.44,379.16,360.12,16.114,35.646,41.505,47.121,56.764,68.361,90.091,88.26,91.8,101.32,117.8,128.79,121.59,116.09,112.8,112.43,111.33,103.52,103.76,97.659,84.719,74.221,58.351,56.032,64.333,52.736,47.853,46.51,51.515,57.253,55.3,61.769
65.676,74.221,57.985,47.609,60.793,68.361,70.559,64.821,3.1739,-22.828,-36.866,-46.754,-69.338,-100.22,-110.23,-95.218,-62.868,-38.331,-35.157,-43.458,-33.082,-25.025,-34.547,-20.02,-10.01,0.12207,23.316,59.328,68.85,92.288,100.22,101.44,102.05,102.42,-21.363,-10.254,4.2726,22.95,22.462,16.724,12.329,4.3947,6.2258,-4.0284,-13.062,-13.794,-11.719,-10.132,-7.5686,-4.6388,-2.9298,-2.6856,-4.0284,-5.8596,-6.9582,-7.3244,-9.5218,-10.987,-10.376,-11.109,-9.1556,-6.1037,-11.963,-12.696,-13.55,-15.259
-20.997,-32.716,-33.082,-30.519,-28.809,-28.443,-27.467,-20.264,-10.498,11.109,34.059,52.98,63.967,85.574,94.729,102.54,110.72,124.15,136.97,146.86,160.53,180.18,208.01,280.89,337.05,401.99,573.5,540.67,433.73,443.01,368.79,283.94,310.56,398.57,34.303,32.105,30.03,26.856,22.34,20.142,21.973,20.142,29.054,25.636,25.513,29.054,31.251,32.96,34.547,34.059,34.425,35.646,34.425,32.228,35.035,42.848,48.585,46.388,45.534,46.144,41.505,40.895,31.861,24.293,15.381,3.296
-5.2492,-7.6907,-12.94,-24.537,-30.519,-26.002,-24.537,-38.575,-45.167,-38.82,-39.186,-37.721,-31.861,-32.838,-20.264,-4.7609,-7.3244,16.724,85.208,142.46,196.42,265.88,359.51,457.41,411.51,322.28,303.72,237.19,-113.16,-109.87,-108.16,-106.57,-12.574,-14.161,-12.085,-9.3997,-10.865,-11.963,-10.254,-6.8361,-1.4649,4.0284,6.8361,9.5218,11.597,9.2776,7.3244,5.9816,6.4699,9.1556,11.719,14.771,19.776,16.968,18.799,21.607,20.875,19.898,20.386,20.508,21.973,20.142,16.236,13.672,11.963,10.865
9.5218,10.376,10.865,10.376,8.6673,11.841,14.893,6.9582,3.5401,2.3194,-2.4415,-10.132,-5.8596,-0.73244,-1.9532,-3.4181,-10.132,-15.625,-17.701,-17.335,-9.0335,1.9532,16.236,36.744,52.614,69.46,111.7,144.41,133.3,110.6,167.73,189.21,9.888,17.212,16.114,19.166,20.631,19.166,17.09,13.672,6.1037,0.4883,-3.1739,-1.3428,0.12207,0.85452,2.9298,6.592,9.3997,8.6673,5.3713,0.73244,0.36622,-0.73244,-8.5452,-12.329,-14.039,-16.114,-15.87,-13.672,-11.231,-9.6438,-6.7141,-7.2024,-3.6622,1.4649
9.6438,13.184,15.87,14.527,12.085,5.6154,3.9064,-2.6856,-11.963,-12.452,-6.592,-5.8596,-6.7141,-4.3947,-2.3194,-0.73244,10.987,5.9816,-2.5636,-2.9298,-6.3478,-3.9064,5.9816,11.109,34.059,96.438,102.05,113.65,196.78,224.37,302.87,262.58,13.184,14.649,15.748,16.114,16.114,20.142,15.381,14.771,14.527,14.161,14.405,15.992,16.846,17.945,17.09,16.48,15.87,15.748,15.015,14.771,13.794,12.574,12.818,10.498,16.236,12.452,12.207,13.306,12.818,11.719,12.452,13.794,16.236,18.189
19.654,21.363,20.875,20.997,25.025,27.711,27.833,28.565,29.054,32.594,25.636,21.973,21.973,24.293,19.288,22.462,27.711,31.861,43.092,52.37,62.502,80.569,92.898,91.189,85.574,87.405,49.806,-79.47,-97.781,-40.529,-16.358,-42.97,-76.907,-73.244,-68.361,-64.577,-62.38,-61.281,-59.572,-58.351,-56.764,-54.933,-53.468,-52.126,-50.417,-46.876,-45.289,-37.355,-36.988,-37.355,-33.692,-31.129,-29.42,-25.147,-20.875,-17.823,-14.405,-10.01,-7.5686,-5.2492,-2.5636,-0.12207,3.1739,6.9582,11.231,9.2776
16.602,14.527,12.452,18.189,20.386,18.067,16.236,20.02,23.804,24.659,20.264,20.875,23.072,26.124,29.542,41.017,47.243,43.825,28.443,25.269,25.391,18.189,28.687,48.097,57.131,64.211,61.159,50.295,35.157,6.7141,-38.087,-69.704,-85.574,-80.081,-76.296,-73.244,-69.094,-66.897,-64.211,-62.258,-47.975,-40.162,-36.134,-27.223,-23.682,-21.241,-21.729,-21.241,-20.875,-21.607,-21.729,-22.095,-21.729,-19.532,-16.968,-12.207,-7.2024,-2.1973,4.7609,7.2024,19.654,21.973,24.781,29.298,30.03,27.955
25.269,18.799,9.2776,4.5167,3.0519,3.5401,4.3947,8.179,13.672,14.405,13.062,18.555,26.49,33.57,30.641,24.415,27.345,22.095,17.335,18.311,24.659,34.059,43.947,57.863,70.193,86.673,92.288,106.69,105.96,62.014,20.386,-36.744,-82.644,-78.616,-74.953,-70.681,-67.751,-63.112,-58.107,-55.788,-53.102,-50.417,-46.999,-42.848,-42.116,-34.913,-30.152,-31.129,-25.025,-20.142,-16.114,-11.475,-7.6907,-3.9064,-1.0987,0.36622,2.1973,5.2492,7.0803,9.1556,11.963,13.428,14.161,15.748,16.602,21.485
16.358,14.893,15.748,15.137,14.161,12.329,14.527,15.87,13.55,9.0335,7.0803,3.6622,-4.1505,-8.4231,-14.527,-23.804,-23.194,-39.186,-33.692,-14.039,1.0987,25.025,59.572,84.475,105.72,139.29,165.53,177.25,176.15,136.36,94.363,-5.2492,-14.405,-8.6673,-10.498,-11.231,-10.987,-10.743,-10.376,-9.2776,-9.5218,-11.231,-11.597,-12.452,-12.818,-13.916,-15.137,-17.09,-19.044,-21.485,-23.682,-24.537,-22.584,-27.589,-29.42,-29.054,-27.589,-25.513,-20.875,-16.48,-11.109,-10.987,-16.724,-22.462,-27.955,-26.612
-20.631,-17.09,-21.729,-33.326,-40.895,-46.266,-61.037,-69.094,-84.964,-96.072,-90.579,-80.203,-78.372,-74.953,-49.928,-32.594,-22.34,-10.865,14.039,43.825,65.676,85.208,99.368,123.42,126.22,118.66,97.171,47.853,-3.5401,-81.423,-130.01,-120,-17.335,-20.997,-22.095,-28.077,-40.407,-56.642,-61.892,-64.943,-62.99,-72.39,-81.057,-89.114,-93.997,-100.34,-112.19,-123.78,-131.23,-137.33,-143.19,-151.37,-153.69,-153.81,-153.81,-150.4,-144.54,-147.22,-144.17,-146.86,-148.08,-147.1,-145.15,-143.68,-141.61,-141.12
-138.68,-136.6,-133.3,-130.13,-127.69,-125.98,-119.63,-108.52,-102.54,-93.387,-77.395,-67.629,-49.684,-28.077,-4.0284,20.631,40.04,62.014,85.086,110.97,135.01,164.56,184.82,217.78,220.22,193.24,147.83,83.865,30.519,0.85452,-36.744,-92.532,-33.082,-37.965,-43.458,-48.952,-46.022,-46.51,-50.295,-50.661,-51.637,-54.323,-58.718,-64.943,-70.07,-75.564,-81.79,-86.673,-92.776,-99.734,-107.3,-115.97,-121.1,-123.91,-129.89,-127.32,-129.89,-131.96,-129.64,-127.2,-124.27,-120.98,-117.44,-114.87,-113.41,-113.41
-112.06,-109.74,-107.55,-99.246,-87.527,-81.057,-75.442,-68.484,-53.713,-46.632,-46.388,-42.238,-33.57,-23.682,-13.306,-2.9298,6.4699,11.841,19.41,40.895,44.313,47.487,63.478,90.335,116.7,146,179.33,193.37,186.28,157.35,123.91,17.579,-75.564,-75.442,-75.32,-75.808,-77.395,-78.86,-80.325,-81.301,-79.592,-75.442,-71.902,-70.803,-71.78,-72.024,-75.198,-74.709,-81.301,-85.696,-86.306,-85.574,-83.499,-81.057,-77.883,-76.296,-72.512,-71.047,-69.704,-69.826,-69.338,-69.094,-67.751,-69.704,-76.296,-87.649
-89.236,-92.166,-89.846,-84.109,-80.081,-76.052,-73.733,-68.85,-59.694,-52.126,-36.866,-33.448,-25.513,-5.1271,15.625,32.105,48.219,61.159,72.146,94.729,106.81,110.72,102.3,110.6,146.24,167.49,162.11,141.48,112.67,83.377,19.532,-53.468,-89.114,-92.41,-96.316,-99.857,-100.96,-101.08,-101.69,-99.246,-97.781,-94.852,-89.846,-83.377,-78.372,-76.54,-75.808,-73.244,-71.902,-65.798,-64.699,-66.164,-63.601,-60.915,-58.473,-55.422,-52.37,-50.295,-44.191,-38.331,-38.331,-41.993,-48.83,-52.858,-51.637,-48.341
-46.144,-43.214,-37.721,-30.519,-32.96,-29.42,-26.978,-21.241,-19.166,-21.607,-11.719,7.0803,38.453,62.136,73.244,77.273,78.372,89.48,97.415,107.55,113.53,103.89,115.48,147.34,170.54,182.26,173.83,163.46,152.1,95.95,-11.231,-140.26,-22.095,-24.293,-27.467,-30.641,-32.594,-33.937,-33.692,-33.326,-31.983,-29.542,-26.124,-22.706,-20.264,-17.823,-12.94,-14.283,-6.592,-9.7659,-12.696,-11.475,-10.865,-9.5218,-7.3244,-6.4699,-2.5636,-0.85452,-0.73244,-1.587,-4.5167,-7.0803,-12.085,-20.264,-27.589,-30.885
-32.96,-31.739,-36.988,-34.791,-37.111,-41.505,-46.876,-49.562,-42.848,-33.57,-14.893,0.24415,8.4231,22.828,43.214,59.328,69.216,74.831,89.724,94.607,92.654,88.626,101.69,103.52,101.44,98.88,95.584,76.296,60.183,3.1739,-80.935,-155.89,-44.801,-46.999,-41.505,-34.059,-29.054,-29.176,-31.617,-34.303,-33.204,-30.152,-26.734,-23.072,-23.316,-24.781,-26.246,-27.223,-21.119,-25.513,-26.246,-24.049,-22.462,-18.921,-16.968,-16.968,-15.87,-15.625,-14.161,-14.283,-14.283,-14.161,-15.137,-15.381,-15.259,-16.602
-12.452,-14.771,-18.189,-18.433,-17.212,-14.161,-10.987,-5.6154,-0.85452,0.4883,1.0987,-3.4181,-7.5686,-8.6673,-12.818,-15.137,-15.625,-18.067,-20.753,-14.039,-11.597,-6.1037,6.592,15.259,29.542,35.646,28.321,27.345,33.57,40.04,50.783,12.452,19.898,20.753,19.776,18.677,17.579,16.968,13.916,18.189,14.283,11.597,11.597,9.7659,6.7141,5.6154,4.883,2.6856,2.1973,-0.36622,-2.3194,-3.1739,-4.1505,-5.4933,-8.0569,-9.0335,-11.475,-8.6673,-14.039,-22.217,-21.729,-21.973,-25.391,-27.223,-28.932,-28.687
-27.589,-26.734,-22.706,-22.217,-22.706,-23.804,-23.316,-28.077,-34.669,-36.866,-24.171,-26.246,-27.589,-30.885,-23.194,-16.236,-14.771,-13.306,-4.0284,2.9298,13.55,18.311,25.758,35.89,51.515,73.366,70.193,69.948,70.925,66.53,52.736,39.186,-0.61037,-2.1973,-3.6622,-3.9064,-3.296,-3.296,-4.0284,-5.4933,-6.592,-8.301,-10.865,-13.306,-16.602,-20.875,-25.758,-32.838,-36.378,-39.552,-46.388,-47.975,-49.562,-49.684,-47.243,-43.703,-43.703,-41.749,-39.552,-38.453,-36.134,-33.326,-31.739,-30.885,-27.345,-27.467
-27.833,-27.1,-27.833,-26.002,-21.973,-16.358,-15.87,-17.212,-18.799,-17.823,-15.381,-10.62,4.3947,16.358,16.358,22.217,22.706,18.555,9.888,13.306,11.475,11.109,16.846,29.786,47.243,67.751,65.798,67.629,104.01,127.57,123.05,110.72,-11.231,-10.865,-11.841,-13.794,-15.381,-16.48,-20.02,-18.311,-23.194,-21.973,-18.921,-17.09,-14.893,-11.231,-7.3244,-5.005,-1.0987,0.61037,3.6622,5.4933,7.2024,7.8127,6.9582,7.3244,2.4415,6.4699,0.36622,-3.7843,-3.9064,-6.2258,-8.4231,-9.3997,-10.132,-11.719
-12.329,-12.574,-11.841,-8.179,-6.2258,-6.9582,-5.4933,-2.5636,-5.1271,-6.1037,-10.865,-11.231,-17.701,-26.978,-29.786,-31.739,-33.937,-32.35,-40.162,-28.565,-15.992,-6.8361,1.9532,23.927,53.713,81.668,72.878,47.365,42.36,28.932,5.2492,-14.893,-30.885,-30.396,-31.251,-31.373,-32.594,-32.838,-32.96,-31.617,-29.298,-27.589,-25.636,-26.124,-19.41,-20.875,-21.729,-20.264,-18.921,-18.433,-16.602,-14.649,-12.94,-10.132,-6.9582,-5.3713,-2.8077,-0.85452,-0.36622,0,1.4649,0.73244,6.1037,4.0284,3.296,9.0335
14.283,18.677,21.485,21.485,17.945,13.672,4.7609,-5.005,-12.574,-11.353,-1.4649,-9.5218,-13.672,-20.631,-24.659,-22.828,-20.508,-6.4699,-1.0987,-6.592,-14.771,-17.823,-18.067,-13.306,-8.4231,-21.119,-18.433,3.4181,19.044,6.592,7.8127,16.114,-5.7375,-8.6673,-10.987,-10.498,-9.0335,-13.672,-13.794,-13.062,-12.94,-12.329,-10.498,-9.7659,-8.301,-7.8127,-7.2024,-6.592,-6.3478,-5.005,-4.3947,-5.005,-5.4933,-9.888,-5.2492,-9.6438,-11.963,-9.5218,-7.4465,-6.7141,-6.1037,-6.2258,-4.1505,-3.6622,-5.4933,-6.4699
-8.7893,-11.475,-15.137,-17.945,-19.532,-22.095,-22.706,-25.025,-19.41,-21.119,-11.597,-10.865,-43.58,-62.868,-64.211,-60.549,-56.276,-54.323,-59.45,-60.06,-56.52,-48.463,-29.664,-22.34,-12.452,-1.4649,5.005,32.838,55.3,51.759,56.032,38.453,26.246,39.674,32.594,23.316,0.61037,-22.828,-37.599,-36.744,-30.274,-22.95,-18.799,-19.776,-21.485,-19.532,-15.748,-12.329,-9.888,-12.574,-15.503,-20.02,-18.067,-22.584,-23.927,-24.537,-24.415,-22.217,-19.166,-15.748,-12.696,-12.085,-11.475,-10.254,-10.987,-12.696
-14.039,-14.527,-13.672,-14.039,-11.963,-14.893,-18.433,-18.555,-15.137,-6.2258,-0.24415,-12.818,-24.903,-29.908,-37.599,-40.773,-41.993,-43.947,-49.928,-57.741,-59.938,-61.647,-67.873,-70.193,-72.512,-65.188,-55.055,-36.866,-17.335,8.301,15.748,-2.8077,-1.9532,0.24415,0.73244,2.3194,0.61037,4.3947,4.1505,2.1973,2.8077,3.0519,2.9298,3.9064,4.3947,4.883,4.5167,4.3947,4.2726,4.2726,4.883,5.005,4.883,4.3947,1.8311,2.5636,2.1973,-3.1739,-4.1505,-3.5401,-4.7609,-5.8596,-7.6907,-10.987,-13.184,-15.381
-17.457,-18.555,-17.701,-23.072,-29.176,-30.396,-28.199,-35.279,-42.97,-45.778,-42.848,-45.289,-50.539,-45.412,-44.191,-38.82,-38.697,-33.57,-30.763,-33.57,-31.495,-20.631,-9.1556,2.1973,19.044,27.955,57.009,82.888,98.514,109.99,103.03,83.621,5.4933,-8.301,-22.095,-25.758,-31.495,-9.7659,-4.2726,-18.921,-27.467,-30.885,-34.669,-43.58,-51.271,-54.445,-54.811,-51.271,-53.713,-55.666,-53.835,-49.806,-49.318,-51.881,-50.905,-50.905,-51.393,-52.126,-47.731,-47.487,-51.149,-55.666,-63.112,-69.216,-78.127,-82.644
-91.556,-91.556,-90.213,-83.621,-73.489,-67.507,-62.136,-52.98,-57.619,-53.957,-83.621,-94.485,-103.52,-86.306,-86.795,-58.962,-44.801,-34.913,-4.0284,30.885,18.677,-35.401,-4.7609,29.664,31.983,8.4231,-2.5636,16.236,22.217,-8.5452,-57.863,-73.855,-12.329,-6.2258,-2.8077,2.4415,0,1.587,1.9532,2.5636,3.7843,7.6907,9.3997,11.353,9.888,8.4231,6.3478,4.0284,2.4415,-1.2207,-5.8596,-7.2024,-9.5218,-4.6388,-9.1556,-7.0803,-4.2726,-2.1973,-8.0569,-12.696,-4.883,-24.049,-37.965,-44.313,-43.336,-41.749
-44.435,-47.853,-50.539,-48.708,-46.388,-43.825,-40.895,-37.355,-26.002,-18.067,-12.818,-6.2258,1.709,1.4649,-4.883,-5.6154,2.6856,9.888,13.916,24.293,38.697,40.284,36.622,35.035,47.243,57.985,56.764,47.121,59.572,50.539,46.266,79.836,-11.353,-10.01,-7.9348,-5.8596,-5.6154,-1.0987,-1.2207,-1.587,0.61037,1.9532,3.1739,4.6388,5.6154,6.3478,6.4699,6.4699,7.2024,9.0335,10.498,11.109,10.743,11.231,12.207,10.987,15.381,14.039,12.207,11.963,9.888,7.4465,6.8361,6.2258,6.2258,5.1271
5.6154,8.5452,24.537,40.162,31.495,26.246,25.88,12.696,21.851,6.3478,-6.592,-15.992,-36.256,-40.162,-53.591,-53.346,-55.788,-57.619,-49.318,-27.711,-1.3428,23.438,24.171,24.659,20.753,11.963,4.6388,27.223,33.326,21.241,5.3713,22.095,-5.4933,9.2776,15.259,25.147,31.739,36.134,40.407,44.557,48.463,53.835,56.398,57.253,58.473,59.328,61.403,65.31,69.216,68.972,71.535,71.169,68.606,70.07,71.169,69.094,67.751,65.432,62.624,59.816,55.3,51.881,51.515,52.004,50.783,48.463
56.276,70.315,83.621,80.935,77.395,76.785,75.442,72.634,66.774,42.726,24.903,12.452,-0.4883,-3.0519,-10.498,-3.9064,-5.005,-3.1739,0.61037,-7.0803,-13.672,-7.8127,17.945,46.999,55.177,55.91,61.159,57.009,59.084,89.114,93.997,39.552,-15.381,-15.015,-12.94,-10.376,-9.1556,-7.8127,-6.3478,-6.592,-5.8596,-4.1505,-4.2726,-5.005,-6.2258,-7.3244,-10.743,-9.1556,-13.55,-14.893,-14.405,-15.015,-13.428,-10.254,-7.3244,-4.6388,-3.4181,-5.3713,-6.4699,-7.6907,-8.4231,-6.592,-6.4699,-7.3244,-9.3997,-7.5686
-8.179,-9.5218,-11.719,-13.672,-13.672,-13.794,-17.09,-25.88,-28.077,-27.345,-29.054,-28.443,-30.396,-31.983,-30.519,-28.565,-21.485,-9.1556,-6.9582,-9.7659,-6.4699,-4.883,-12.818,-15.381,-5.9816,34.547,65.188,50.783,-5.4933,-28.565,-30.885,-71.047,15.503,14.527,14.161,15.015,16.114,16.114,16.602,13.916,18.677,12.329,10.376,9.2776,6.8361,3.4181,1.0987,-2.4415,-3.4181,-3.0519,-6.1037,-6.3478,-7.0803,-7.2024,-7.5686,-8.4231,-9.7659,-11.719,-10.376,-8.9114,-13.55,-14.405,-13.672,-11.963,-15.503,-16.724
-18.555,-17.457,-17.701,-21.119,-22.462,-20.631,-18.677,-17.212,-15.625,-17.945,-21.485,-18.677,-20.875,-11.109,5.3713,4.6388,-3.1739,6.1037,11.963,13.916,18.311,19.41,8.179,-10.987,-9.5218,15.87,52.126,100.1,139.9,63.967,-56.642,-89.602,-46.876,-51.271,-47.121,-47.853,-49.44,-49.196,-49.44,-51.393,-49.806,-46.876,-45.778,-44.557,-41.261,-36.256,-32.105,-29.542,-25.636,-23.194,-20.508,-17.09,-20.142,-15.748,-21.241,-22.462,-19.898,-18.433,-16.724,-14.405,-13.794,-15.137,-14.771,-14.893,-15.259,-14.649
-12.574,-15.137,-19.044,-18.311,-19.044,-19.288,-18.677,-13.306,0.12207,5.2492,3.7843,6.2258,8.301,11.353,12.574,19.532,22.584,28.932,30.152,26.246,19.776,12.207,3.0519,-10.01,-21.729,-36.866,-15.748,19.776,10.254,-35.157,-85.33,-59.572,-0.85452,-3.296,-3.9064,-6.3478,-7.0803,-8.4231,-10.376,-13.062,-16.114,-20.631,-24.171,-28.443,-32.105,-32.716,-31.983,-31.129,-29.298,-29.542,-24.293,-25.513,-24.171,-22.217,-20.631,-19.41,-17.701,-15.259,-14.405,-13.306,-11.109,-10.743,-12.452,-14.161,-14.527,-14.893
-15.87,-14.039,-19.898,-20.264,-25.88,-29.42,-25.88,-28.932,-40.284,-36.744,-15.015,5.6154,21.363,26.368,26.246,22.95,21.119,15.992,4.0284,-8.7893,-17.701,-16.724,-21.729,-8.5452,-7.0803,16.968,80.325,153.45,116.95,-9.2776,-88.26,-137.46,-161.02,-80.447,-8.0569,-15.748,-15.015,12.452,55.177,80.935,102.42,102.18,106.45,89.236,62.014,45.9,24.171,1.9532,-17.335,-28.077,-28.932,-34.669,-11.475,23.072,1.709,-52.736,-65.554,-69.094,-69.338,-71.535,-68.606,-57.741,-31.129,-31.129,-24.171,-82.644
-87.283,-94.974,-97.049,-94.363,-94.363,-103.76,-101.44,-100.22,-91.8,-87.527,-89.969,-85.818,-77.029,-62.136,-57.131,-63.967,-45.167,-29.176,-38.209,-16.846,-3.7843,-10.498,-17.09,-2.4415,17.701,15.625,53.713,55.177,-69.094,-129.89,-153.32,-158.94,-195.93,-195.07,-83.621,1.587,87.649,153.69,309.34,531.39,309.09,-103.27,-38.82,276.5,339.37,249.64,-111.33,-164.92,285.16,280.28,-96.561,-473.04,-535.05,-377.45,-236.21,-244.76,-261.85,-240.12,-174.32,-95.096,-46.51,-40.773,-27.223,-21.485,-10.01,-8.5452
-0.73244,1.8311,-2.1973,-30.885,-84.109,-117.31,-89.846,-53.102,-22.706,-31.983,-61.281,-50.539,-22.095,4.883,30.03,39.064,3.6622,-18.921,-36.012,-77.273,-146.86,-198.86,28.932,-88.626,10.987,36.866,-8.301,-31.983,-31.617,118.41,308.36,587.3,162.24,86.184,26.246,23.927,-2.3194,-42.238,-102.3,-127.69,-121.46,-106.94,-114.14,-71.902,-13.672,-16.114,-11.475,6.1037,38.82,48.341,6.1037,-34.181,-42.604,-32.35,-51.515,-41.993,-7.5686,13.428,33.082,62.624,74.709,73.366,75.076,67.263,145.51,139.9
138.68,137.21,124.39,104.86,86.673,62.746,50.417,30.396,31.739,61.769,18.677,4.1505,14.893,42.726,41.139,43.092,86.428,85.208,258.92,350.96,204.47,204.47,114.26,120.24,24.415,-35.768,-18.189,80.325,227.3,110.11,54.933,332.65,-214.85,-366.47,-350.96,-356.7,-176.27,-20.753,-107.67,-86.917,-73.489,-44.679,2.9298,89.114,160.77,126.96,64.943,109.01,217.54,193.49,213.87,231.57,221.08,214,195.32,207.65,190.8,133.06,-18.677,-174.08,-246.47,-235.24,-91.8,36.5,-20.386,-19.532
-15.015,-7.3244,-7.4465,-5.7375,-12.696,-22.462,-32.838,-35.157,-44.191,-26.978,18.677,-36.988,-19.41,-3.7843,53.346,73.611,82.4,40.895,93.753,156.5,131.96,52.37,34.059,43.458,13.672,147.59,166.39,170.54,-30.03,150.4,-224.74,-172.61,-361.95,-829.98,-129.03,346.32,-59.694,85.574,405.53,458.63,280.28,161.87,109.26,27.833,-9.7659,27.955,89.114,80.203,72.268,99.857,126.47,120.24,180.06,215.95,124.39,75.198,58.473,29.908,44.191,60.06,83.132,139.41,139.77,99.49,27.589,30.641
27.1,26.368,31.495,31.251,11.963,2.6856,1.4649,2.1973,-5.005,-11.963,-106.2,-129.76,-114.87,-70.193,20.386,70.681,62.014,67.873,75.808,162.85,293.47,218.39,-29.786,-184.7,-318.61,-433.36,-620.62,-1095,-1175.2,-338.51,-4.6388,94.485,238.04,68.239,113.77,255.38,405.53,153.69,-75.076,-134.16,-88.992,-17.335,50.05,33.204,-91.556,-185.67,-243.9,-268.32,-229.74,-201.67,-249.76,-301.64,-196.05,74.099,95.462,-42.604,-108.16,-128.06,-167.49,-191.9,-163.46,-163.46,-136.97,-144.05,-134.77,-144.78
-148.93,-145.27,-147.47,-146.37,-131.6,-104.13,-87.893,-85.696,-85.574,-84.231,-97.293,-103.89,-104.98,-112.67,-133.92,-130.01,-121.22,-123.05,-138.55,-138.43,-135.14,-177.01,-211.8,-169.8,-105.72,-73.489,-76.174,-34.669,218.02,333.26,328.01,1045.6,453.26,197.15,-223.03,-2.5636,224.25,212.29,82.156,-80.691,-28.565,280.4,382.21,197.27,0.61037,-202.4,-344.98,-215.34,-394.18,-521.38,-506.97,-544.33,-423.72,-196.66,-72.39,-22.706,-0.73244,45.289,99.246,103.27,95.34,86.673,85.818,45.045,-17.945,-15.748
-7.3244,-8.179,-23.072,-21.729,-3.7843,4.2726,10.132,34.059,26.978,31.007,44.069,38.331,28.077,32.716,20.753,1.2207,-9.1556,21.119,86.184,76.54,134.65,124.52,116.21,31.495,-17.212,57.863,214,278.94,112.8,341.32,1.9532,-1483.3,-551.9,-422.99,568.38,-121.22,-510.27,-223.52,72.024,208.87,202.28,96.561,-7.9348,-27.589,59.206,95.95,62.502,-68.361,-207.89,-175.79,-33.082,-151.86,-32.838,57.741,-25.88,-9.6438,75.32,115.6,151.98,163.46,132.94,107.18,73,57.131,-128.54,-134.53
-130.13,-130.01,-130.74,-127.69,-124.39,-117.68,-117.8,-124.76,-116.46,-108.16,-102.42,-99.612,-96.561,-85.574,-72.878,-63.723,-55.055,-57.863,-87.039,-107.43,-98.758,-33.692,6.592,24.781,-8.179,-57.497,-90.701,-103.76,-214,-443.25,110.72,333.99,285.78,44.313,-81.668,161.26,380.5,329.48,332.41,275.28,258.67,249.52,131.23,66.652,-85.818,-186.9,-270.52,-306.16,-414.93,-614.03,-701.93,-472.91,-275.28,-118.9,-97.293,-130.74,-95.218,37.233,156.62,244.15,285.41,250.37,135.26,11.353,-18.433,-14.039
-16.968,-10.132,-4.3947,-0.36622,1.3428,-4.3947,-17.579,-25.513,-28.687,-36.866,-41.993,-50.905,-57.253,-30.152,12.085,85.086,87.771,66.897,80.203,77.761,52.126,23.438,-25.758,48.585,156.87,125.74,35.279,136.36,370.37,23.927,-525.77,-461.81,-53.591,540.54,40.407,-122.32,1.3428,-40.651,-155.28,-83.499,32.594,57.497,51.881,19.166,17.701,35.401,47.365,30.274,72.878,136.23,-80.203,-200.57,-90.701,5.9816,-122.2,-42.97,55.3,63.845,17.457,14.405,33.937,52.248,51.637,29.298,30.885,24.537
31.983,14.527,5.7375,2.6856,-18.067,-28.443,-29.054,-27.467,-36.866,-35.524,-58.229,-83.743,-98.392,-99.246,-95.828,-97.415,-92.898,-117.8,-127.81,-136.23,-94.607,-25.636,-64.455,-100.47,-76.296,-30.641,-39.674,-105.23,-176.52,-261.6,-441.18,294.08,922.51,170.17,74.221,325.82,643.94,271.74,-698.75,-673.6,-102.18,492.93,516.74,149.91,417.13,311.9,-66.408,-215.83,-379.41,-581.56,-716.57,-662.01,-587.54,-401.26,-334.6,-361.71,-221.32,-155.28,15.748,153.32,153.81,202.28,221.56,240.24,-4.7609,-3.0519
3.7843,1.4649,-1.9532,-2.4415,-11.231,-1.709,-0.85452,0.12207,0.24415,13.794,24.903,35.279,76.296,61.769,48.097,32.838,30.519,39.064,77.517,5.2492,-1.4649,130.38,278.08,314.95,216.19,193.24,398.45,227.91,-469.25,-1875.7,-1554.5,-793.48,-598.65,-72.634,25.147,18.677,59.206,137.33,117.19,79.958,-3.0519,-146.37,-128.3,-41.749,-87.527,-77.029,-51.881,-99.49,-97.415,-99.49,-43.214,-44.069,-41.993,-17.945,-22.217,-40.895,-71.047,-81.301,-80.569,-131.47,-157.11,-138.8,-112.19,-109.99,107.67,114.26
114.02,112.31,114.26,109.87,104.98,89.602,93.509,96.194,101.32,118.9,144.54,148.93,158.7,188.73,227.55,281.5,336.44,341.2,320.69,320.32,346.81,368.54,345.59,366.34,515.76,553,276.25,376.23,1038.2,503.92,-44.679,552.63,157.6,628.07,256.36,7.6907,-115.85,-524.55,-457.53,-232.18,-246.71,-220.71,-212.9,-64.943,50.539,146.73,271.49,460.71,581.68,627.46,602.8,487.56,272.23,-5.4933,-390.64,-439.95,-167.73,58.718,-76.907,-117.8,-96.927,-6.3478,141.48,111.58,-7.6907,-14.161
-15.381,-14.283,-15.137,-15.748,-13.184,-6.592,-4.2726,-2.6856,-3.7843,-10.376,-10.62,-13.55,-9.6438,-3.296,-6.8361,6.7141,64.211,111.7,133.79,61.769,-83.01,-139.29,-89.846,-30.763,30.885,-10.376,-34.303,56.276,75.32,-132.08,98.88,255.26,-5.6154,85.574,61.892,-40.529,37.599,-77.883,81.179,391.86,323.25,-213.63,-71.78,152.23,120.24,-48.219,-85.086,-83.254,-124.03,-79.226,-49.684,-53.102,-1.2207,-50.905,-130.38,-129.76,-197.52,-120.73,-62.868,-46.754,21.973,73.977,81.057,52.492,-67.873,-69.338
-72.634,-81.912,-95.828,-107.3,-114.99,-119.02,-119.75,-114.63,-108.77,-107.67,-110.48,-110.23,-101.2,-98.514,-129.15,-155.77,-149.66,-124.64,-71.169,-31.373,-0.12207,38.575,69.704,99.612,22.95,2.9298,-67.873,-153.57,-221.81,-353.04,-636.01,740.26,1276.2,1323.2,924.22,292.61,-2006.9,-2118.8,-472.06,940.95,785.91,290.9,65.798,73.366,-1.0987,1.9532,9.7659,-145.88,-502.33,-891.02,-856.11,-379.53,-422.25,-322.03,-236.09,-192.27,7.8127,200.69,150.76,318.98,175.42,180.55,112.06,114.75,-13.306,-12.329
-19.044,-25.269,-12.574,-14.039,-18.311,-27.589,-38.82,-47.365,-32.35,-8.6673,-21.973,-43.214,-9.3997,18.555,40.162,65.798,57.497,91.922,17.579,73,133.92,110.48,42.848,146.61,325.33,435.8,887.36,795.8,819.61,-777.73,-1378.3,1566.2,352.92,-500.5,23.194,-35.279,-223.52,-271.37,-236.34,-209.6,-184.7,-115.73,-10.62,27.345,14.283,-1.8311,31.617,79.226,131.23,90.823,-98.636,-175.18,-235.48,-81.79,421.16,646.5,74.221,-157.23,61.037,198.74,151.86,42.604,-72.634,-155.16,86.306,88.748
87.039,83.865,78.372,75.076,75.564,73.244,83.01,97.415,127.93,144.54,96.805,56.154,46.51,54.811,28.809,31.495,47.365,74.465,121.22,154.91,197.39,314.22,359.75,359.63,383.19,538.59,748.44,649.56,482.44,672.75,743.19,1332.6,764.67,57.985,13.062,162.48,151.01,108.52,-66.408,-27.467,-55.177,-44.923,-144.78,-230.6,-215.46,-232.31,-213.87,122.68,511.86,749.17,738.79,551.65,185.55,67.019,60.549,15.748,-32.105,-123.29,-174.08,-139.65,-137.58,45.778,47.853,-46.999,-15.503,-17.945
-16.846,-7.8127,4.2726,23.682,27.711,32.716,28.687,16.724,9.5218,8.179,10.01,31.495,51.759,68.85,87.649,92.776,88.504,78.372,41.871,19.654,81.79,105.35,146.49,200.69,453.14,775.78,461.2,-276.5,-470.96,-611.59,-794.58,-978.3,-1564.9,84.964,-194.59,-33.204,80.813,147.71,119.88,22.706,-43.336,-56.52,-19.166,35.524,60.915,-85.574,-211.92,-377.45,-419.93,-216.93,-116.7,-180.43,-165.04,-48.341,53.713,87.649,70.681,36.134,86.673,204.84,272.1,288.95,244.88,179.2,-103.15,-114.02
-124.03,-128.18,-140.75,-147.47,-138.92,-129.4,-127.81,-105.23,-92.044,-85.818,-79.348,-63.967,-33.937,-30.885,-32.472,-39.918,1.3428,69.704,121.83,112.31,172.73,151.13,89.358,32.35,-69.704,-192.39,-324.96,-231.94,185.43,331.31,214.61,382.34,889.68,328.26,-174.44,-385.63,-561.05,-370.62,-38.575,182.99,171.39,69.948,-102.3,-237.68,-256.36,-297.62,-340.46,-530.17,-469.86,-258.06,-186.41,-146.37,-86.062,-26.612,-14.039,-30.519,8.6673,58.229,91.189,106.2,111.33,88.504,65.676,53.346,-14.161,-20.875
-23.682,-2.0753,21.119,31.007,29.054,34.059,36.744,10.987,-26.49,-28.687,-16.724,6.7141,34.181,48.952,65.432,46.388,37.599,10.498,34.913,68.728,115.36,209.6,239.63,229.13,235.6,325.08,177.98,277.11,-1839.5,-2356.6,-1865.4,-377.57,127.45,222.66,319.35,305.92,250.25,153.08,62.99,-34.181,-40.651,18.311,-33.326,-82.156,-90.701,-113.77,-201.3,-203.13,-88.87,-67.141,-38.575,29.42,52.004,116.34,216.44,273.45,270.39,296.88,331.43,327.77,345.23,469.25,611.71,631.86,-50.05,-56.52
