-96.438,-112.19,-134.53,-140.39,-149.78,-159.67,-161.38,-165.04,-170.9,-171.15,-167.12,-163.58,-162.72,-172.25,-172.86,-169.56,-176.52,-184.7,-154.79,-141.12,-142.7,-144.66,-132.69,-120.24,-114.63,-109.99,-97.171,-80.203,-85.208,-91.067,-101.81,-114.63,-127.69,-130.74,-133.92,-137.82,-147.59,-158.09,-170.54,-180.91,-190.19,-191.17,-194.1,-199.59,-200.69,-197.52,-176.27,-142.09,-126.22,-127.08,-57.131,-0.24415,-66.652,-214.73,-416.39,-555.8,-427.87,-181.4,-240.85,-265.39,-300.06,-308.85,-264.41,-154.55,-89.724,-74.343
63.234,62.624,63.601,65.188,68.361,76.296,80.935,84.231,88.504,100.59,108.77,119.63,130.5,140.02,150.03,161.14,175.05,187.75,189.09,194.22,197.64,205.69,210.94,210.82,211.55,212.29,194.34,191.29,206.67,207.4,213.63,197.76,145.27,104.25,85.086,91.922,131.23,225.47,-33.204,24.903,439.47,390.76,357.8,294.2,365.37,333.38,239.51,223.88,206.43,198.86,237.8,206.67,92.654,82.644,147.83,173.96,85.452,42.238,42.97,20.264,-4.5167,-32.838,-62.99,-88.137,-94.119,143.56
8.301,37.843,55.055,54.323,50.295,62.502,69.582,91.8,103.03,83.865,74.099,87.161,79.47,96.927,118.41,129.64,146.61,169.32,158.21,140.51,149.54,147.22,122.07,88.504,76.785,77.883,70.925,51.149,20.02,3.4181,13.306,37.355,40.651,33.082,22.34,7.9348,-10.132,-13.672,3.296,30.641,43.214,36.622,14.771,-9.2776,-16.48,0.4883,11.353,19.166,27.833,21.363,-0.36622,-27.711,-32.472,-33.204,-36.134,-49.562,-55.666,-48.341,-43.092,-39.918,-39.674,-41.993,-49.074,-53.224,-49.562,-45.045
14.039,-10.132,26.856,24.537,21.607,39.186,38.453,26.734,17.212,21.729,26.856,20.997,15.503,20.508,27.1,17.335,7.6907,12.818,16.236,1.587,-2.1973,-13.794,-39.308,-22.217,7.3244,14.039,-7.4465,-20.753,-31.007,-70.193,-120.73,-179.69,65.92,-257.94,-556.66,-222.3,-29.542,-59.206,-142.46,-134.65,-77.883,-58.229,-52.37,-50.539,-43.58,-36.988,-60.305,-56.764,-35.279,-2.5636,24.903,45.656,63.601,118.05,125.13,49.928,-12.207,-41.017,-37.599,2.0753,24.171,26.002,34.791,35.035,26.49,69.704
67.141,47.975,78.249,98.148,90.335,78.738,68.606,73.977,89.236,102.54,125.37,134.04,136.6,146.73,121.34,111.33,83.865,51.637,-13.672,-36.5,-14.771,-182.99,-158.09,-223.15,-695.21,-405.41,-65.31,94.485,56.764,-183.48,-148.44,-95.828,-102.54,-132.94,-140.51,-131.35,-113.28,-107.67,-105.11,-74.587,-19.166,11.841,6.592,26.734,35.524,41.749,53.957,94.363,122.07,220.34,291.63,275.64,205.08,145.39,149.3,95.828,59.694,57.863,68.239,56.154,-30.763,-69.46,-17.823,3.296,2.8077,0.73244
1.3428,7.6907,19.654,16.358,10.987,19.288,36.5,40.284,38.575,40.895,47.487,32.96,24.049,19.898,4.5167,-8.301,-16.114,-25.269,2.8077,55.666,34.669,57.375,71.535,46.144,39.308,39.796,64.943,46.876,8.301,-19.288,-56.154,-115.85,-356.21,-267.83,107.43,-435.19,-156.74,61.159,31.617,24.537,48.585,6.2258,19.044,-33.082,-32.594,-25.391,-19.166,-37.599,-72.024,-76.907,-72.268,-46.876,3.9064,25.758,21.241,29.908,65.188,68.117,57.375,100.96,143.68,106.2,92.288,108.65,74.343,-24.903
-33.082,-37.477,-26.368,-4.1505,3.296,5.9816,6.7141,2.9298,1.2207,12.207,22.462,13.916,-0.12207,-2.1973,10.62,15.137,0.24415,-18.921,6.9582,56.154,60.915,30.885,23.194,15.748,9.1556,-4.6388,26.002,5.1271,38.331,94.974,103.64,52.98,-9.2776,-92.41,-118.66,-241.71,-439.59,-396.5,-302.5,-539.93,-120,-98.148,-67.751,-2.0753,-28.443,-124.15,-127.2,-106.81,-90.579,-102.79,-111.94,-143.68,-142.46,-103.64,-28.687,60.549,163.09,205.08,100.22,57.375,67.141,109.01,137.94,160.41,223.52,63.478
22.217,10.865,21.729,24.049,16.358,3.5401,-3.5401,-1.0987,-18.555,-46.51,-43.58,-58.351,-106.33,-15.259,75.442,65.798,19.654,24.537,32.716,15.992,39.186,15.259,-61.159,-129.64,-246.71,-427.99,-167.61,-454.48,30.519,-69.948,19.532,395.15,-144.66,-309.09,-182.38,-123.17,-143.31,-151.98,-158.94,-152.1,-138.31,-140.26,-115.97,-80.203,-28.443,68.117,112.06,134.65,137.58,112.19,51.515,16.48,63.845,114.51,104.01,104.74,109.99,92.898,107.18,87.405,59.084,27.467,31.373,42.604,45.412,40.284
40.04,51.027,38.087,26.002,30.274,44.313,42.116,42.482,42.36,63.356,69.582,66.774,65.188,69.094,82.278,92.532,92.166,82.888,67.995,69.338,74.221,69.582,79.592,99.979,134.4,148.93,159.79,156.01,142.34,125.74,110.72,84.597,63.234,71.169,53.346,59.328,85.452,98.27,95.34,118.29,130.74,114.14,96.194,75.93,83.499,103.03,100.1,78.494,58.84,55.788,54.689,61.281,69.094,69.704,54.811,26.246,1.4649,12.574,41.505,65.798,61.159,62.136,63.601,61.769,73.855,93.02
92.898,90.701,94.852,101.81,98.758,94.852,114.02,125,119.27,99.49,85.94,85.086,83.743,81.79,87.771,98.758,100.96,107.3,112.31,111.09,113.04,126.22,146.12,158.82,164.8,172.37,180.06,185.67,180.67,180.91,187.63,186.65,178.72,165.53,155.52,151.74,156.25,156.74,162.24,177.37,189.7,157.35,133.43,132.45,137.46,125.98,116.95,101.08,83.01,77.151,74.953,63.967,48.097,31.373,15.625,0.85452,-10.498,-20.631,-34.303,-53.102,-67.507,-74.343,-82.644,-89.602,-97.171,-104.86
39.064,48.585,53.835,52.858,54.445,64.211,62.624,52.614,51.393,60.427,63.723,36.5,2.8077,-18.921,-29.908,-38.209,-35.89,-51.027,-38.453,-23.072,-41.261,-52.492,-48.463,-43.825,-43.092,-9.7659,23.316,22.217,41.627,5.1271,-77.639,-40.162,-19.288,-56.642,-44.557,-58.84,-26.368,55.3,45.289,49.318,49.806,49.318,32.472,13.794,7.9348,14.405,16.358,3.6622,-12.452,-27.467,-8.4231,27.1,54.567,64.455,63.112,62.136,57.863,27.589,24.415,21.241,6.8361,-5.9816,-8.4231,-15.015,-31.251,11.109
14.527,10.62,11.841,13.428,22.095,30.396,36.256,54.689,60.549,58.596,64.089,70.925,65.554,41.993,33.57,45.534,36.134,13.062,-2.4415,-13.184,-41.505,-41.993,-21.119,-8.179,20.386,60.06,70.559,51.149,-2.9298,-26.734,-57.253,-85.452,-36.378,9.6438,-15.748,-26.368,-0.24415,19.41,44.801,52.98,60.915,50.295,59.328,71.169,68.972,53.468,58.84,66.774,55.788,46.022,44.923,36.744,26.978,20.753,6.592,-2.3194,-7.0803,-4.5167,-11.597,-39.918,-76.54,-78.86,-79.836,-80.325,-73.733,29.786
22.095,26.856,30.641,22.34,14.649,19.166,29.054,37.477,41.505,35.768,28.321,22.462,22.95,18.921,23.56,35.768,35.035,25.391,71.047,81.79,53.346,16.358,-7.9348,-4.2726,-4.2726,24.049,36.256,22.95,16.602,30.641,27.833,-12.207,-30.274,-18.555,-50.539,-114.14,-116.34,-65.31,-98.392,-137.7,-126.22,-67.385,3.4181,24.537,10.865,12.329,34.913,37.599,38.087,33.57,28.199,29.908,25.269,16.724,14.649,7.5686,14.283,44.679,79.958,111.33,138.43,158.57,170.66,167.36,159.55,24.781
17.579,10.62,10.254,13.672,17.09,15.137,15.259,16.358,21.119,26.124,25.391,23.316,20.02,19.166,24.659,26.49,20.631,9.6438,10.132,10.865,20.02,22.217,28.321,29.786,18.067,2.8077,13.184,58.107,43.336,-19.288,-22.584,95.34,224.01,90.457,40.162,-41.993,-57.375,8.9114,39.796,52.492,72.268,76.174,44.435,17.212,8.7893,21.973,40.407,69.582,101.93,66.53,36.012,13.062,3.6622,1.3428,-5.8596,-33.448,-58.718,-69.216,-56.887,-40.407,-29.542,-27.711,-32.594,-51.027,-42.482,23.316
24.293,18.555,15.259,17.335,17.823,12.94,15.992,24.537,20.02,23.682,34.303,38.82,43.336,40.773,37.965,47.975,56.398,57.375,58.351,61.281,64.699,67.263,75.32,83.987,82.4,84.597,96.072,105.11,95.218,181.4,235.11,49.562,36.988,104.25,128.67,133.43,135.87,143.8,150.88,165.9,164.07,146,126.47,143.31,152.59,136.6,134.4,148.69,145.27,125.61,126.59,102.05,83.254,67.751,87.649,98.88,91.678,92.776,91.067,88.382,62.746,28.077,23.927,41.261,26.002,11.475
7.5686,18.799,20.264,34.059,38.331,37.111,36.866,43.825,46.876,43.336,38.453,35.768,37.111,57.253,44.557,26.612,28.932,46.388,57.253,47.853,56.52,53.102,60.549,55.666,32.594,8.7893,3.7843,10.132,19.898,-6.4699,-4.1505,-56.154,-113.77,-166.26,-162.85,-117.31,-81.423,-96.683,-48.952,7.4465,-59.816,-72.39,-4.3947,-13.428,74.709,-7.6907,15.503,57.253,53.468,24.415,18.921,26.734,19.166,9.888,17.945,29.42,32.716,19.41,3.9064,-1.9532,-14.893,-32.35,-36.256,-60.671,-61.037,-51.393
1.3428,6.1037,26.002,25.391,9.888,-11.841,-33.937,-53.468,-60.183,-70.681,-89.724,-103.52,-115.24,-129.52,-148.08,-171.03,-194.22,-219.73,-220.59,-237.8,-271.74,-286.75,-276.38,-315.93,-323.98,-406.99,-465.71,-509.66,-571.92,-581.44,-611.71,-702.66,-694.85,-635.4,-600.6,-615.62,-477.19,-362.8,-324.47,-348.89,-228.52,-87.893,-37.599,9.0335,24.781,31.007,91.678,141.48,88.015,57.741,84.231,106.2,115.48,100.47,82.156,86.55,99.246,89.358,71.291,75.198,81.057,76.785,84.475,104.25,112.43,103.64
122.2,67.995,32.838,74.587,136.48,127.81,87.161,113.28,120.12,125,104.13,82.4,65.92,57.009,61.892,40.773,-19.044,-48.952,-69.826,-84.597,-28.199,-83.132,-177.98,-190.68,-193.49,-234.38,-72.024,56.032,-100.59,-245.49,-160.41,-78.982,-104.25,-36.622,78.86,105.11,73.122,37.233,-8.4231,7.9348,14.283,-1.8311,0.12207,23.072,28.687,19.166,17.579,25.636,24.049,22.828,19.41,-1.3428,-24.537,-49.684,-75.076,-81.668,-51.027,-15.625,-8.6673,-16.602,-10.987,-5.7375,-10.865,-18.311,-30.519,-36.012
37.965,34.791,39.552,47.853,54.201,52.614,41.017,30.885,28.565,23.927,10.498,-4.0284,-20.753,-33.326,-60.427,-85.94,-99.734,-108.65,-61.037,46.144,-117.19,-167.61,-189.09,-210.09,-289.68,-341.32,-351.08,-413.22,-639.55,-755.76,-881.98,-753.07,-627.7,-763.82,-644.43,-342.42,-216.8,-316.17,-265.02,-225.59,-201.18,-128.54,-56.887,9.6438,39.064,53.346,86.306,125.25,149.91,158.7,182.99,211.07,211.31,215.46,255.01,262.58,197.39,144.78,120.98,109.5,96.316,56.642,25.391,2.0753,8.5452,17.579
59.206,63.478,67.507,77.639,74.465,74.831,83.865,98.148,111.09,107.3,131.35,139.77,151.01,165.04,162.85,117.8,78.494,80.935,85.452,56.276,18.189,2.8077,40.773,63.234,-2.9298,-117.44,-126.71,-126.96,-107.55,-42.116,5.7375,-47.121,-176.64,-221.32,-245,-271.61,-272.96,-238.9,-164.43,-125.13,-121.95,-128.06,-121.22,-117.8,-108.28,-99.734,-75.442,-27.711,11.353,20.142,30.885,17.457,-2.1973,-2.8077,8.7893,7.3244,-9.0335,-19.898,-20.875,-3.1739,5.9816,2.8077,0.85452,1.3428,11.231,220.83
207.53,201.42,192.75,198.49,210.58,219.73,226.94,228.16,217.66,219.86,239.88,292.12,336.07,390.27,436.9,443.25,454.6,453.87,420.3,257.45,26.734,-90.335,-106.45,-69.46,-17.823,49.684,803.13,290.05,316.05,213.26,273.32,149.42,0.24415,-65.798,46.388,98.025,146.86,-200.45,-5.9816,2.3194,18.311,9.5218,17.212,-3.1739,-10.987,-15.015,-23.438,-53.835,-50.539,-58.596,-53.713,-30.641,-8.4231,47.121,118.78,103.15,100.22,99.857,72.512,48.83,48.952,71.78,94.852,88.504,70.315,46.51
63.845,66.53,64.943,59.084,60.549,61.769,65.065,73.855,75.686,62.868,50.05,54.933,47.487,59.938,81.79,79.226,62.38,62.38,74.831,89.724,88.87,85.696,53.346,13.062,21.973,-10.865,-59.572,-99.124,-85.94,-74.465,-36.378,9.888,-0.97659,-19.166,-51.271,-158.7,-205.57,-121.83,-63.601,-62.136,-106.69,-87.405,-76.418,-90.701,-89.114,-93.753,-56.887,-60.305,-53.224,-42.482,-36.744,-15.992,3.4181,29.176,41.139,31.739,38.331,38.331,29.908,15.015,4.7609,3.296,-2.6856,17.945,41.505,47.487
-93.142,-107.91,-124.03,-129.64,-117.31,-99.246,-77.395,-38.82,15.503,81.423,188.12,293.34,326.91,317.64,313.49,282.72,223.64,160.89,117.8,65.92,20.386,-14.527,-23.927,-27.833,-27.833,-31.007,-38.942,-42.36,-46.51,-49.44,-49.318,-48.219,-49.44,-51.271,-48.585,-51.149,-55.055,-60.671,-63.356,-64.455,-63.601,-65.798,-61.037,-58.107,-59.45,-66.652,-78.249,-83.987,-82.888,-88.015,-98.636,-102.18,-98.88,-87.161,-76.785,-80.081,-93.265,-105.96,-126.47,-135.87,-114.38,-105.84,-120.73,-105.47,-195.81,-417.86
-572.41,-665.55,-761.74,-610,-452.28,-399.18,-318.25,-372.94,-403.33,-350.84,-255.38,-156.25,-113.28,-106.69,-115.73,-132.45,-116.58,-63.112,20.875,110.97,185.31,226.2,240.12,229.26,211.92,188.85,167.61,139.16,127.32,112.43,85.818,56.642,31.007,26.978,35.279,35.279,30.519,20.02,17.457,16.968,15.503,20.02,32.838,42.116,46.999,-162.97,-170.42,-183.97,-196.3,-214.48,-220.95,-221.81,-216.68,-186.65,-166.88,-171.64,-150.52,-150.88,-300.91,-499.65,-635.4,-589.74,-390.27,-256.97,-225.59,-302.87
154.06,162.97,170.42,184.45,191.9,182.74,180.3,178.47,181.4,210.33,238.53,253.06,226.94,181.65,125,87.527,10.254,3.4181,235.72,280.28,145.27,400.28,402.72,392.47,346.32,217.17,115.36,110.48,122.81,131.84,156.38,195.2,223.88,193.61,151.98,115.6,55.422,13.184,0.61037,-17.457,-40.04,-75.076,-68.606,-55.177,-72.268,-98.514,-107.06,-96.683,-120.49,-108.16,-88.504,-88.626,-77.517,-35.279,-6.4699,-8.0569,-22.217,-52.004,-87.161,-88.748,-57.619,23.682,45.534,15.381,-112.55,-134.53
39.674,47.609,44.679,57.497,43.458,38.82,46.266,39.43,13.672,1.4649,-11.963,17.945,45.534,41.627,42.604,33.326,36.134,35.401,10.01,10.62,12.94,17.579,18.921,26.246,34.059,-22.706,-70.437,-25.758,45.289,-6.2258,-26.734,-45.778,-39.796,-29.908,-41.871,-50.661,-53.468,-59.084,-58.84,-53.224,-32.716,-32.838,-22.95,-23.194,-35.279,-16.48,-5.8596,-1.8311,8.0569,12.574,6.592,10.987,36.256,51.515,56.52,49.562,74.099,94.119,94.852,94.729,106.81,115.48,108.04,99.979,106.57,109.13
103.03,70.193,48.708,50.783,55.666,51.027,42.238,33.082,23.56,10.865,-12.452,-32.35,-36.744,-41.139,-47.365,-54.201,-57.131,-58.107,-59.45,-48.83,-39.674,-36.622,-37.233,-35.157,-29.786,-24.415,-20.142,-29.664,-45.412,-55.666,-69.216,-86.306,-98.392,-96.683,-108.04,-127.32,-152.96,-177.13,-197.88,-218.39,-243.29,-252.57,-235.11,-209.72,-200.57,-207.04,-208.75,-198.13,-179.33,-169.19,-137.82,-92.654,-66.652,-71.78,-88.748,-75.808,-50.661,-50.905,-49.806,-37.111,-25.636,-25.88,-18.189,-7.8127,-3.7843,-7.3244
-33.082,-37.477,-26.368,-4.1505,3.296,5.9816,6.7141,2.9298,1.2207,12.207,22.462,13.916,-0.12207,-2.1973,10.62,15.137,0.24415,-18.921,6.9582,56.154,60.915,30.885,23.194,15.748,9.1556,-4.6388,26.002,5.1271,38.331,94.974,103.64,52.98,-9.2776,-92.41,-118.66,-241.71,-439.59,-396.5,-302.5,-539.93,-120,-98.148,-67.751,-2.0753,-28.443,-124.15,-127.2,-106.81,-90.579,-102.79,-111.94,-143.68,-142.46,-103.64,-28.687,60.549,163.09,205.08,100.22,57.375,67.141,109.01,137.94,160.41,223.52,63.478
22.217,10.865,21.729,24.049,16.358,3.5401,-3.5401,-1.0987,-18.555,-46.51,-43.58,-58.351,-106.33,-15.259,75.442,65.798,19.654,24.537,32.716,15.992,39.186,15.259,-61.159,-129.64,-246.71,-427.99,-167.61,-454.48,30.519,-69.948,19.532,395.15,-144.66,-309.09,-182.38,-123.17,-143.31,-151.98,-158.94,-152.1,-138.31,-140.26,-115.97,-80.203,-28.443,68.117,112.06,134.65,137.58,112.19,51.515,16.48,63.845,114.51,104.01,104.74,109.99,92.898,107.18,87.405,59.084,27.467,31.373,42.604,45.412,40.284
17.579,10.62,10.254,13.672,17.09,15.137,15.259,16.358,21.119,26.124,25.391,23.316,20.02,19.166,24.659,26.49,20.631,9.6438,10.132,10.865,20.02,22.217,28.321,29.786,18.067,2.8077,13.184,58.107,43.336,-19.288,-22.584,95.34,224.01,90.457,40.162,-41.993,-57.375,8.9114,39.796,52.492,72.268,76.174,44.435,17.212,8.7893,21.973,40.407,69.582,101.93,66.53,36.012,13.062,3.6622,1.3428,-5.8596,-33.448,-58.718,-69.216,-56.887,-40.407,-29.542,-27.711,-32.594,-51.027,-42.482,23.316
29.176,39.064,38.331,44.191,35.279,32.716,36.5,52.37,54.201,-2.0753,-19.41,-21.241,-36.744,-19.776,-1.2207,6.2258,-2.8077,7.0803,17.335,-1.0987,-44.557,10.01,99.734,20.508,1.0987,-33.448,-93.265,-111.21,-79.47,-15.015,34.669,19.288,-4.2726,-6.8361,-2.6856,12.696,34.425,47.121,38.82,20.386,4.2726,-3.296,10.865,10.498,-8.179,-11.353,-10.254,-5.3713,-5.6154,-16.968,-25.88,-31.861,-27.711,-25.758,-28.077,-44.313,-57.497,-50.661,-43.214,-25.758,5.4933,23.194,17.09,6.2258,3.0519,2.3194
3.1739,10.865,15.015,6.2258,-5.6154,0.73244,14.893,22.706,23.927,24.049,27.589,26.612,9.7659,4.5167,16.724,20.508,21.119,20.875,21.119,26.612,25.269,28.809,34.303,34.913,39.674,38.453,43.458,36.256,29.542,27.711,49.318,83.132,78.372,45.412,25.513,111.21,69.704,21.119,55.422,52.492,42.97,-5.9816,-13.062,61.159,56.154,48.463,58.229,84.719,81.423,87.405,112.67,124.88,124.03,93.997,55.544,31.007,9.7659,-4.3947,-10.743,10.987,21.973,5.9816,-19.41,-41.627,-49.806,-42.482
41.871,53.957,64.577,70.437,59.206,52.37,57.497,75.442,69.46,65.432,72.39,73.489,47.609,27.467,14.893,6.4699,-25.391,-58.473,-83.621,-98.88,-102.42,-164.92,-141.61,-190.44,-241.46,-309.58,-322.64,-422.01,-699.73,-749.9,-659.2,-733.79,-722.31,-633.08,-480.97,-404.07,-336.19,-302.87,-238.78,-171.51,-140.14,-90.457,-30.152,-16.968,-15.87,-10.498,31.373,78.738,115.24,141.97,147.59,162.6,171.15,168.46,145.27,110.48,69.216,49.928,33.448,24.659,24.293,30.519,37.477,36.866,43.703,45.9
43.703,59.328,68.484,78.127,93.509,103.15,93.997,72.024,62.258,78.982,81.912,73.122,60.427,53.591,30.885,0,-40.407,-57.985,-74.465,-70.925,-90.823,-101.69,-142.09,-202.03,-257.33,-302.87,-404.31,-482.68,-602.31,-626.61,-568.5,-598.41,-572.89,-517.96,-395.89,-362.32,-312.14,-255.87,-247.57,-240.12,-243.66,-222.3,-183.36,-139.41,-119.39,-99.734,-86.184,-61.769,-31.739,-1.4649,38.697,49.074,69.704,82.4,84.475,82.644,76.785,76.907,83.01,71.78,69.948,69.948,66.897,63.845,63.478,67.507
155.4,164.43,170.66,174.81,166.02,160.77,166.63,176.15,159.79,138.07,95.706,102.3,131.6,155.4,125.98,106.45,97.171,83.621,47.365,3.0519,-46.144,-126.47,-168.34,-200.2,-242.56,-175.42,-49.928,36.134,98.758,84.353,-88.626,-166.63,154.79,105.96,49.074,123.66,153.69,129.4,53.591,5.005,10.254,21.729,17.457,15.381,8.9114,2.0753,-10.987,-14.771,-13.672,-27.711,-41.139,-43.703,-35.768,-23.072,-19.532,-19.898,-9.1556,6.7141,13.672,20.142,44.679,44.191,30.641,19.41,-11.475,-20.753
174.81,175.91,179.82,195.56,206.18,218.15,236.82,263.56,274.67,314.46,377.09,467.79,497.7,492.2,453.26,402.23,345.96,209.72,86.55,44.801,48.341,67.629,23.072,8.6673,-41.749,-68.728,-8.0569,39.918,70.925,108.16,120.61,162.97,132.33,107.91,111.7,122.93,101.57,78.738,51.881,13.794,-5.7375,-20.753,-38.942,-43.214,-45.534,-21.607,0.85452,17.457,37.599,48.585,57.619,65.554,68.728,62.746,50.905,43.703,43.214,26.246,5.4933,-8.0569,-15.137,-13.184,-13.916,-19.898,-16.846,-5.2492
599.26,592.67,586.44,578.75,571.31,564.84,557.63,554.09,548.6,540.3,529.92,518.45,509.78,502.46,496.6,492.45,492.32,479.87,471.33,452.04,445.08,464.61,487.32,503.8,538.71,597.92,667.99,732.69,773.83,796.78,844.26,723.17,361.58,-20.264,-431.41,-339.98,-20.508,291.02,299.69,460.95,187.87,142.58,386.24,489.64,486.47,484.27,513.44,550.31,581.68,612.2,637.59,682.27,759.06,852.32,939.36,1001.6,1000.9,1008.7,986.97,981.35,1012.2,1084,1035.9,801.9,644.67,635.52
629.17,623.43,619.28,616.84,618.06,613.42,615.01,619.4,619.4,614.15,606.83,601.58,593.4,585.71,584.12,575.82,580.83,592.55,606.46,612.69,631.61,658.83,651.51,654.07,640.4,656.15,745.99,802.15,872.34,798.61,373.06,-8.0569,-442.88,-653.83,-514.18,-141.61,86.795,188.73,264.53,310.19,345.71,423.96,516.86,581.8,659.44,707.17,727.2,730.12,724.75,739.16,755.27,756.86,816.19,856.72,887.6,903.84,876.61,840.97,826.56,779.93,842.56,923.37,708.64,643.45,678.85,725.73
712.55,666.77,612.32,567.64,559.59,548.23,612.69,644.18,657.86,663.72,678,694.6,719.99,738.91,746.97,754.54,758.32,755.15,735.86,717.92,700.34,693.75,686.18,677.76,676.17,680.93,685.08,688.01,693.01,687.15,689.35,698.02,14.405,-404.31,-655.17,-346.2,136.84,34.303,623.68,511.86,269.54,129.52,341.81,527.6,559.47,547.14,602.68,695.21,752.1,789.45,858.67,909.21,923,897.98,875.64,894.56,910.18,946.44,976.1,972.93,896.15,828.52,768.46,714.38,706.93,706.93
715.48,708.64,689.84,683.49,671.41,658.71,643.82,628.19,611.84,599.38,589.86,584.12,589.25,604.39,611.22,629.78,663.72,691.43,719.87,755.39,773.71,778.1,783.1,766.26,736.84,716.45,686.79,662.01,652,663.72,694.72,711.69,-84.597,-325.57,-67.507,493.67,490.13,385.02,385.51,490.98,501.11,509.9,516.25,528.46,534.32,536.03,558.24,577.65,611.71,638.45,671.04,709.86,733.05,788.11,927.15,1058.3,1076.9,1005.9,926.3,846.1,765.89,733.79,724.14,706.08,724.88,750.27
744.16,727.81,699.73,647.11,645.53,641.87,631,617.45,595.84,575.58,572.28,580.46,612.2,644.18,660.05,678.37,693.87,710.72,736.96,765.28,778.34,761.62,735.98,711.57,693.26,685.81,690.69,696.31,692.04,682.52,676.05,672.87,12.085,-387.1,-635.27,-357.31,61.525,269.42,476.45,382.21,389.17,443.25,438.12,464.37,478.65,506.85,548.23,588.52,621.72,664.2,706.56,758.69,816.06,888.45,959.01,969.63,914.33,843.78,820.58,858.3,855.01,801.78,768.58,757.23,733.05,709.62
688.13,672.63,661.03,667.26,690.82,714.38,704.98,693.75,695.94,678.12,654.93,626.48,610.86,591.33,594.87,602.44,615.62,646.14,670.8,685.2,677.51,695.33,712.42,731.22,749.29,751.49,746.48,734.76,715.72,708.03,703.51,702.05,-325.57,-548.97,-277.96,161.02,358.04,456.43,388.07,442.52,423.35,460.83,478.29,486.83,510.88,545.3,583.51,622.21,653.58,698.26,760.4,824.12,908.23,962.55,935.21,877.22,854.64,850.25,841.94,820.34,796.9,759.18,727.32,707.91,682.88,663.59
661.28,687.15,720.36,748.8,753.07,740.26,705.1,697.16,681.66,678.61,661.15,662.74,668.97,676.29,675.44,668.72,688.25,720.73,714.38,709.01,693.62,660.91,636.86,642.35,652.73,656.51,657.37,653.95,671.41,706.32,739.16,764.92,-155.03,-433.36,-580.58,-349.5,42.36,310.43,438.37,381.48,407.73,452.41,461.93,484.51,501.97,545.06,589.01,637.47,686.3,730.37,774.8,831.69,865.87,882.11,897.37,892.97,888.7,889.31,897.98,884.3,844.14,777.98,702.41,605.49,561.66,582.66
646.38,678.73,638.69,580.83,619.16,690.69,711.45,725.49,711.57,664.45,653.58,627.22,621.48,640.64,665.67,690.57,714.74,711.69,718.28,762.84,769.43,764.18,758.08,766.01,781.4,783.84,752.71,705.95,692.89,711.94,732.93,756.25,320.69,423.6,457.17,373.06,378.43,444.35,484.27,483.29,493.91,534.68,580.95,623.55,656.03,698.39,738.55,780.42,845.73,916.78,931.3,923.61,899.56,932.77,944,890.41,779.93,678.24,587.54,543.72,566.55,615.01,677.14,732.93,662.25,534.2
546.53,647.72,743.92,773.46,761.5,707.79,654.68,619.4,599.63,614.03,656.39,705.59,726.22,739.16,749.17,758.32,751.12,746.36,738.55,718.89,697.29,679.46,676.78,685.08,693.62,700.7,706.56,711.33,714.99,722.19,737.69,774.68,-274.54,-430.68,-542.01,-310.56,13.672,171.15,428.72,459.24,341.69,331.31,373.55,412,463.03,524.43,606.22,693.99,762.96,818.63,870.75,895.41,903.1,919.34,934.11,927.64,915.92,903.71,886.5,874.9,850.49,810.94,757.1,712.3,670.43,655.78
653.22,650.53,654.81,654.56,662.62,652,615.86,639.79,723.29,778.83,799.58,773.46,730.74,692.53,656.15,633.32,632.83,643.09,657.12,663.35,671.41,696.31,724.14,716.21,712.18,710.47,714.99,691.55,673.73,666.89,678.37,702.54,701.07,208.01,-164.56,-442.03,-631.37,-488.05,-149.42,82.766,191.9,292.61,285.16,315.32,429.94,503.43,548.23,595.84,654.81,692.4,719.26,740.87,757.1,767.97,774.19,772.12,782.37,793.24,823.76,840.97,864.89,850.73,818.75,786.52,754.05,725.85
677.76,636.62,615.99,663.84,710.47,714.01,666.77,620.62,595.48,640.16,684.47,688.62,698.02,606.95,625.39,614.15,636.37,672.02,699.48,714.26,729.27,744.41,765.04,771.02,770.53,768.09,753.44,724.51,697.41,687.28,692.53,706.56,42.482,-258.8,-430.92,-369.4,-271.74,-85.086,84.964,184.21,217.66,260.14,360,460.22,520.4,537.74,566.06,608.54,637.35,648.21,660.66,672.87,683,693.62,715.11,753.69,771.02,803.61,813.99,841.09,844.14,803.25,760.89,727.44,727.68,737.33
735.37,722.07,696.43,668.6,625.51,599.63,607.44,607.32,635.15,671.41,636.98,639.67,627.22,623.8,639.67,670.19,709.98,731.59,738.06,752.71,782.62,799.71,794.95,768.58,735.25,699.85,672.26,668.36,682.15,696.8,708.52,708.76,-233.77,-483.17,-510.15,-337.66,-17.945,238.29,321.67,365.98,445.2,479.38,489.88,515.76,545.18,579.73,623.43,673.85,728.66,771.63,791.04,803.98,810.45,806.3,802.39,795.19,810.33,811.79,787.62,759.54,717.43,693.01,675.8,633.2,624.53,634.54
666.16,714.13,730.61,670.55,615.5,628.68,705.59,741.6,750.39,714.13,625.14,608.78,632.34,662.13,688.01,709.86,744.65,766.5,750.76,735.74,732.57,726.83,717.55,706.56,682.76,672.99,684.1,696.31,716.21,724.39,731.71,748.44,-198.98,-495.86,-504.53,-134.28,265.88,463.15,538.83,455.58,439.95,488.91,527.97,529.68,532.85,552.39,577.41,610.25,641.5,684.84,734.89,803.13,845.61,875.88,870.51,835.23,812.16,828.76,839.63,801.29,733.05,667.38,614.64,600.85,623.43,646.99
646.75,636.49,615.13,573.87,548.6,613.79,750.51,866.6,904.81,876.86,840.24,792.26,701.68,611.47,611.84,647.11,694.36,722.92,730.25,723.65,732.57,743.8,757.96,738.43,704.25,669.21,621.36,591.45,601.09,616.47,648.58,702.05,-181.16,-387.83,52.37,437.27,427.99,567.03,672.99,597.92,521.38,485.85,517.59,549.58,568.74,568.01,564.59,580.58,595.48,626.97,677.39,737.82,835.96,891.75,942.66,892.85,862.33,844.87,829.86,787.87,715.35,594.74,524.92,518.94,579.12,646.26
659.08,622.46,557.63,553.24,626.97,725.73,809.35,851.95,835.96,791.53,708.52,631.37,617.57,636.86,684.47,725.49,752.22,761.62,752.59,724.63,695.33,661.76,615.74,593.4,599.51,614.03,638.45,662.01,683.13,707.3,730.12,735.62,-231.57,-560.32,-704,-647.85,47.121,198,461.93,609.15,612.45,483.29,416.39,468.03,505.02,550.43,615.62,684.71,747.09,785.91,796.9,807.15,806.67,818.99,823.15,845.24,858.79,858.67,864.16,863.8,831.45,764.55,685.81,628.8,615.99,573.38
570.33,567.52,564.35,609.27,648.46,699.97,755.03,755.03,733.79,711.45,683.25,678.61,650.9,615.86,592.06,589.37,595.72,627.95,665.79,699.85,734.52,759.3,775.78,786.28,814.72,819.97,791.89,750.76,700.83,651.02,619.89,616.35,-12.94,-181.04,-262.46,-350.84,-438.61,-297.25,4.7609,217.54,283.33,266.98,282.6,338.63,412.49,481.58,545.06,578.02,595.72,591.69,610.13,657.37,690.21,685.81,677.76,681.91,699.12,712.18,714.13,707.91,698.87,695.7,691.92,701.19,697.16,668.6
649.68,650.9,668.6,658.35,642.72,625.75,612.08,610.37,601.46,608.54,636.98,689.47,723.17,738.06,741.84,758.32,791.89,830.23,851.71,839.38,794.95,741.6,693.26,661.28,642.11,648.34,668.11,689.96,707.05,728.78,731.59,725.49,560.93,238.78,313.12,488.05,584.61,704.98,669.45,637.96,684.59,724.27,710.47,710.84,724.88,676.17,705.59,743.31,768.94,784.45,771.51,725.97,716.45,731.22,779.44,832.54,871.12,916.53,885.77,845.73,805.81,778.95,743.55,735.25,718.41,717.92
722.56,731.1,727.32,720.97,729.76,742.09,752.22,738.91,716.94,700.83,705.22,685.57,659.81,659.57,662.5,683.25,696.07,696.55,680.81,668.23,662.86,651.51,650.53,656.76,672.14,693.01,709.74,713.28,723.29,730.74,737.33,730.49,308.36,391.61,387.1,618.79,601.46,556.05,625.51,634.91,684.71,687.28,744.53,764.43,686.06,672.99,682.76,666.28,671.04,664.82,651.63,656.51,660.66,674.95,694.24,706.44,711.2,679.83,705.71,708.64,700.83,681.91,658.71,632.1,629.17,631
647.6,657,657.86,674.46,692.16,693.87,690.94,698.51,702.29,710.72,704.98,697.16,696.55,709.98,707.05,714.26,714.74,713.03,721.09,719.75,709.01,691.06,681.05,671.04,675.07,679.22,683.25,704.25,704.86,706.08,709.49,710.84,-178.84,-559.34,-161.63,120.49,303.11,354.26,619.16,601.21,458.27,311.78,339.73,415.17,483.17,528.46,570.45,609.39,661.4,717.67,770.53,818.26,875.27,905.06,930.57,932.52,929.59,937.41,902.98,851.1,839.75,827.42,797.39,761.38,693.38,611.35
489.52,450.21,407.97,541.64,645.28,712.55,745.99,796.17,813.26,800.32,809.6,823.27,831.93,794.21,737.69,667.99,713.64,647.36,640.28,665.55,687.52,717.18,778.1,826.81,823.63,754.54,679.71,625.39,599.38,593.89,591.45,589.86,-282.85,-480.12,-474.01,-35.89,349.13,152.1,232.67,335.46,314.71,366.47,383.8,453.51,511.61,590.72,707.42,758.08,788.11,809.96,816.8,837.18,819.24,807.52,788.96,776.88,774.32,783.59,784.45,773.83,747.34,740.87,724.14,726.71,702.05,701.93
717.18,721.7,712.42,699.48,693.01,693.5,694.85,699.12,709.13,723.41,726.22,742.09,761.01,788.96,786.52,740.99,676.41,666.28,764.67,748.8,889.92,876,826.56,818.26,828.64,839.26,839.14,816.92,745.02,658.59,516.74,403.09,23.072,-169.93,-540.18,-576.31,-213.51,115.85,240.24,488.54,567.52,505.39,431.53,371.59,476.33,603.41,716.09,781.88,810.69,814.36,825.95,851.59,891.26,898.59,892.85,888.82,878.81,880.28,867.46,839.99,808.25,777,749.9,745.26,726.22,689.96
651.51,599.75,589.5,620.87,662.37,675.8,695.94,723.17,759.79,784.08,780.05,755.52,757.84,761.86,736.35,699,687.15,693.87,713.4,729.51,736.96,727.56,722.8,723.04,717.31,700.09,664.82,632.95,609.76,622.46,655.29,673.48,136.48,-241.83,-429.33,-565.32,-345.71,-47.975,155.28,282.36,412.98,382.7,378.92,417.49,483.9,541.15,612.93,682.39,728.29,773.46,810.57,838.77,870.75,884.06,877.96,858.91,867.34,888.33,900.91,909.94,901.52,854.64,794.95,736.96,679.1,640.89
610.25,617.69,659.81,689.35,693.99,692.65,677.51,661.89,659.93,688.25,728.42,747.83,759.54,745.99,699.73,677.76,694.36,718.89,721.82,691.92,676.17,683.98,710.84,732.81,744.41,722.92,691.79,641.38,606.71,615.5,645.16,680.07,-300.18,-596.7,-544.08,-176.4,211.31,422.74,519.06,485.24,416.27,423.47,411.88,442.4,494.77,549.58,609.03,663.47,712.67,754.66,787.38,810.69,833.77,856.35,869.53,877.35,923.37,973.91,1010.8,950.71,888.94,832.06,776.64,742.45,707.91,674.09
664.45,650.41,616.11,589.5,583.88,595.6,604.39,630.27,663.11,699.24,729.15,756.61,808.98,811.06,716.94,655.66,648.46,652.61,660.18,689.72,724.51,752.83,781.88,796.9,786.52,790.55,766.75,698.39,593.65,526.99,542.74,591.69,20.753,-292.61,-394.3,-427.99,-316.9,-115.36,93.997,149.66,178.35,245.49,293.59,363.9,455.21,540.06,634.54,719.38,790.67,833.64,858.42,856.11,841.82,815.33,778.1,758.08,735.86,716.45,709.37,692.04,666.16,652.85,626.12,607.81,604.02,657.49
746.73,794.46,753.2,691.79,653.58,638.33,641.62,659.57,680.68,678.98,678.85,677.63,673.48,658.1,655.17,676.66,715.96,757.96,793.12,792.99,766.01,726.95,692.89,669.82,659.32,652.49,648.46,643.33,642.84,661.15,678.12,688.62,-461.81,-325.57,-87.771,153.2,345.59,683.13,533.22,310.8,319.59,448.74,501.36,515.64,540.79,592.18,652.49,744.16,839.38,923.25,951.69,954.01,965.36,984.77,978.18,937.41,891.26,882.35,902.25,877.1,782.74,661.03,598.28,570.94,563.01,564.35
585.1,602.19,597.92,594.26,603.53,619.4,652.85,696.55,734.03,751.73,753.69,764.55,779.81,761.13,718.53,665.79,618.43,667.5,682.27,688.01,686.3,695.46,699,709.49,712.42,708.88,678.24,659.93,655.05,654.68,668.72,688.01,302.99,-27.955,-356.46,-605.24,-343.03,44.313,178.11,525.65,645.41,527.85,413.34,336.44,371.72,487.69,562.4,623.19,691.43,772.48,822.53,846.58,856.23,878.81,891.63,874.29,846.22,799.95,768.82,776.15,813.87,871.73,896.27,863.67,798.85,734.64
667.26,610.49,566.67,554.46,582.54,620.26,662.37,680.2,686.67,700.46,703.27,712.3,728.54,742.21,739.16,711.45,681.91,664.45,645.53,649.8,668.36,693.14,710.1,731.96,749.9,756.98,752.95,733.91,705.71,666.16,650.17,658.96,207.77,-207.89,-605.73,-700.95,-254.4,44.069,360.48,594.13,580.22,415.54,342.78,381.48,428.36,464.13,537,618.18,702.05,767.72,820.7,865.5,866.85,870.27,899.69,905.55,894.44,880.03,877.59,876,868.19,863.8,842.68,815.82,785.3,742.58
695.7,669.94,666.28,660.79,665.55,678.73,694.85,678.61,645.28,634.78,657.25,679.22,689.23,710.35,703.02,674.21,636.01,619.53,613.54,618.06,648.34,698.39,735.86,746.85,746.12,728.17,694.85,689.47,680.32,645.53,604.14,575.33,-301.52,-598.77,-587.91,-332.9,129.76,471.21,569.11,500.87,494.28,484.88,487.93,494.03,509.05,533.59,586.57,659.81,722.19,780.54,830.84,870.51,889.8,893.7,896.39,896.39,888.82,879.54,855.62,825.1,763.21,680.2,618.79,585.96,579.73,585.47
606.59,645.16,678.12,668.11,672.26,698.51,733.18,767.97,810.45,832.18,840.6,801.78,730.25,696.92,691.18,681.78,694.48,715.6,745.99,766.87,778.47,798.73,801.9,767.36,718.28,671.53,646.63,653.34,675.31,694.48,718.04,747.83,29.664,-284.92,-556.9,-566.18,-441.05,-74.709,203.01,319.96,336.44,338.15,403.45,469.74,490.01,535.91,597.19,653.1,707.3,774.44,825.34,833.89,828.15,833.89,831.57,835.96,840.85,845.97,852.32,864.65,840.97,813.87,814.36,804.96,752.83,696.8
660.91,659.08,638.57,581.56,567.28,583.39,606.71,614.64,622.46,639.67,632.1,614.76,626.61,670.06,706.2,729.03,710.47,676.29,637.47,621.11,618.43,636.98,676.9,709.37,727.2,730.98,734.4,730.25,734.03,735.5,744.29,755.88,-315.56,-520.77,-490.62,-315.93,82.644,386,529.31,514.3,444.84,417.25,456.43,455.34,475.36,514.42,563.74,617.08,682.03,761.99,881.86,947.78,932.28,924.1,907.01,892.12,875.76,844.75,813.26,804.71,784.94,758.93,723.04,686.42,663.23,654.07
644.06,619.65,609.15,614.15,667.01,740.13,785.55,801.05,768.7,744.16,744.77,748.44,758.81,747.09,764.43,770.41,735.37,662.74,638.08,636.98,658.47,680.32,696.19,706.32,726.71,751.24,788.72,799.71,748.68,663.84,586.57,524.19,-233.53,679.46,680.68,683,682.15,678.37,674.58,676.53,669.7,669.7,668.48,668.72,666.16,665.67,664.45,660.79,657.61,653.1,650.29,646.38,643.82,639.79,637.71,634.91,631.61,630.76,628.44,626.97,626.12,625.39,623.19,618.92,613.18,614.28
613.18,607.68,602.8,601.46,604.75,609.03,605.37,600.12,597.43,602.31,610.25,614.15,617.33,618.06,613.06,601.21,596.58,598.28,612.32,619.65,610.49,608.54,612.08,614.76,626.97,635.64,625.75,638.57,703.39,799.1,884.67,738.55,679.95,681.05,681.78,682.88,682.64,682.52,681.91,680.68,679.34,679.83,680.68,680.44,679.71,678.85,677.14,678.98,676.78,678.24,680.2,683.74,683.37,686.67,688.25,685.93,684.71,690.69,700.09,710.35,720.36,725.12,735.01,746.6,754.05,759.3
762.72,763.94,766.62,774.07,782.25,786.52,788.72,788.11,786.4,777,760.4,745.38,743.43,734.64,713.16,692.89,672.75,656.39,634.3,611.22,586.93,558.61,534.07,499.4,493.42,472.06,430.31,427.38,468.4,501.48,472.91,298.59,682.03,681.3,679.59,678.49,676.78,676.41,679.46,679.95,679.1,678.37,680.56,681.66,680.07,676.9,671.9,669.94,669.09,668.11,665.43,664.08,663.11,663.35,661.89,659.57,657.98,656.51,652.97,655.42,654.81,652.36,652.85,653.46,652.12,650.65
651.02,651.75,652.49,652.61,650.9,658.22,662.62,669.7,677.76,685.2,686.79,680.81,673.24,680.32,683.49,677.76,664.94,660.05,643.94,617.82,588.27,571.43,582.17,567.4,549.7,566.79,531.39,714.01,715.6,411.27,62.014,681.17,680.44,679.71,678.73,678.24,677.27,677.02,676.53,676.05,676.66,678.12,680.07,682.88,684.96,685.69,687.15,690.69,692.4,690.08,691.31,689.11,685.93,685.93,685.69,683.86,682.76,682.39,681.54,685.2,687.15,682.88,681.78,675.8,671.16,671.53
670.19,663.23,660.3,658.22,655.05,647.6,644.55,641.99,636.25,623.68,610.74,604.63,599.87,587.66,578.14,566.91,555.07,532.36,516.86,503.56,490.01,487.2,514.05,538.71,547.62,568.87,645.28,738.79,719.75,511.61,176.03,695.09,692.53,691.18,692.28,691.06,688.01,690.33,692.4,690.45,690.82,686.79,686.42,687.77,684.22,688.38,690.45,687.64,687.89,690.82,689.96,690.94,694.48,697.9,700.58,703.88,706.32,711.94,712.79,714.62,715.48,716.7,717.55,718.28,720.85,721.34
720.6,720.97,722.8,725.61,725.36,723.65,720.73,727.81,728.17,730.37,728.29,722.19,717.55,704.12,684.71,661.76,637.47,610.49,576.19,556.05,520.77,536.03,538.35,491.47,469.5,433,475.84,506.36,367.93,83.254,620.38,611.96,614.28,617.33,632.1,655.42,647.36,636.37,635.76,644.18,653.22,648.46,641.01,642.35,626.12,604.27,600.73,622.21,635.27,628.32,631,635.88,642.96,645.16,635.76,633.32,631.37,627.95,627.95,631.73,628.19,623.68,616.23,605.37,587.05,580.34
583.03,614.28,620.99,619.77,630.15,635.4,641.99,641.87,641.87,641.99,644.06,643.7,636.62,635.4,654.68,646.87,619.77,587.18,545.18,523.58,550.68,567.64,684.35,829.62,940.46,647.72,506.12,432.02,73.855,643.21,638.94,639.18,637.47,636.13,636.49,636.01,634.54,634.17,635.64,635.64,631.24,626.73,623.31,619.28,620.75,624.29,631.86,632.83,636.86,640.89,645.89,652.97,660.3,664.57,667.62,670.92,672.02,674.58,677.27,678.37,674.7,667.01,659.81,656.27,652.49,651.39
646.38,642.72,641.87,643.82,643.57,644.67,647.36,647.11,645.77,654.93,665.91,679.95,685.93,682.03,662.98,640.03,630.63,625.26,636.13,660.42,694.24,714.74,739.28,820.46,950.35,769.31,318.37,125.86,678.24,678.12,677.63,677.02,677.88,678.12,680.32,680.32,679.95,680.2,680.93,680.32,681.91,683.25,681.42,682.64,684.1,683.25,684.35,684.1,684.84,684.1,685.08,684.1,685.32,684.1,687.03,690.94,694.48,696.19,697.9,702.9,706.81,714.26,722.07,732.44,741.36,744.53
750.02,753.81,762.6,762.84,766.01,769.8,769.68,767.24,767.97,771.26,764.43,754.91,748.31,738.79,717.31,682.76,651.26,616.23,574.72,534.44,501.6,458.02,442.4,444.72,532,440.69,453.38,333.75,729.51,728.78,730.86,730.74,730,733.18,736.23,739.52,741.11,742.45,740.13,740.5,746.97,750.88,752.22,748.8,750.02,751.12,750.63,746.24,749.9,755.27,756.25,757.1,771.26,777,772.73,765.16,762.6,758.81,750.27,738.18,735.01,726.83,715.96,706.2,695.7,685.69
685.32,682.27,672.26,660.42,651.39,635.27,626.97,622.7,615.13,594.74,576.07,554.58,525.28,492.32,456.19,407.36,373.67,354.14,342.17,326.3,326.43,319.47,320.08,367.93,432.75,514.18,611.22,694.24,700.95,701.32,700.34,698.51,698.26,698.02,696.68,696.19,694.72,693.87,691.31,688.25,690.69,685.32,684.84,682.88,682.39,681.05,679.59,676.29,674.09,671.9,668.84,666.65,666.4,666.52,666.28,665.06,665.18,664.82,664.82,671.77,674.34,680.32,684.1,687.28,686.79,682.27
689.84,690.69,689.72,685.93,676.78,679.46,675.44,667.62,668.84,667.38,663.35,647.24,625.26,604.14,586.32,562.88,535.29,508.8,501.6,494.52,485.61,507.1,491.59,534.56,578.63,669.7,551.41,686.79,683.61,684.22,683.98,671.53,671.65,672.26,668.72,668.84,667.99,664.57,665.3,666.4,672.63,675.92,675.19,668.6,663.23,662.74,669.21,675.19,676.53,677.02,674.58,675.92,682.15,689.47,687.28,690.82,694.24,691.92,692.53,691.18,689.72,685.2,678.73,676.53,677.63,681.3
682.88,684.59,688.99,699.12,698.75,689.96,677.88,673.24,680.56,690.45,690.69,670.55,664.57,650.9,632.47,598.65,573.02,544.57,532.98,525.28,521.62,492.81,599.14,689.11,602.92,660.66,496.6,116.21,694.85,691.18,693.38,700.22,700.46,694.6,692.16,697.78,697.29,696.31,694.97,691.92,688.38,685.45,682.15,680.07,680.07,679.34,678.85,677.88,682.39,681.42,681.05,679.95,680.68,680.81,680.56,680.56,680.44,681.05,681.42,681.66,685.81,689.23,692.89,693.75,695.46,701.56
698.26,697.65,700.83,698.87,700.7,704.86,705.1,705.83,699.73,693.99,686.79,679.34,657.49,638.2,614.15,601.21,568.5,537.13,515.88,501.24,473.65,421.77,398.57,464.98,686.3,605.98,469.25,672.87,669.21,668.72,668.48,669.09,669.21,670.06,675.44,671.9,671.9,668.97,668.48,669.33,669.94,672.99,681.78,687.15,685.08,685.57,684.71,682.64,681.05,680.32,678.61,677.39,677.02,676.41,676.29,678.98,678.61,681.3,685.08,688.62,689.35,692.4,697.29,703.76,707.42,712.42
712.18,714.26,720.97,727.07,730.37,725.12,725.73,736.11,735.98,733.18,731.59,720.85,699.12,685.69,676.9,656.03,631.61,600.48,547.87,475.11,407.36,428.24,350.11,484.63,491.1,422.01,131.11,680.2,678.85,679.59,677.88,673.73,668.11,672.75,671.29,668.6,668.6,670.06,669.45,672.51,672.99,672.75,669.58,670.06,669.7,670.67,671.16,671.04,668.72,664.69,664.33,660.3,662.62,664.82,662.98,662.86,662.62,658.96,655.66,653.22,648.7,644.06,644.43,640.89,641.01,634.91
627.34,620.26,616.6,612.69,609.15,604.51,601.7,598.28,594.62,590.84,586.93,579.36,578.88,553.97,525.89,496.72,490.86,485.85,483.78,519.79,671.41,709.01,701.07,672.87,681.66,715.48,352.31,689.96,690.08,690.82,688.86,685.69,685.2,684.59,682.88,683.37,684.71,684.71,684.84,686.06,682.03,680.93,681.3,685.08,682.15,686.79,686.91,685.2,683.61,682.27,681.05,680.44,679.83,678.49,677.14,676.29,674.46,676.29,675.07,675.56,674.95,674.09,673.24,670.19,665.79,661.03
658.83,657.61,654.68,643.33,634.78,630.15,624.29,616.96,599.26,587.18,587.91,591.81,592.06,570.94,548.84,508.07,487.56,522.48,554.83,504.04,520.89,598.65,671.53,723.29,754.42,557.63,195.68,671.16,668.6,669.09,671.16,668.11,668.84,671.65,671.04,672.63,672.38,670.19,667.87,665.79,663.59,661.52,662.25,659.08,662.62,663.11,664.2,664.82,664.82,664.08,663.11,662.5,661.03,657.73,654.07,650.53,647.24,645.53,647.97,647.48,642.72,640.89,642.84,638.45,635.52,630.15
626.85,622.7,619.53,612.45,608.54,601.83,600.6,598.04,596.7,585.83,579.36,570.82,568.25,568.13,552.39,563.25,636.13,658.71,606.46,559.59,570.21,654.32,766.5,821.44,689.84,661.64,663.35,663.23,666.04,666.4,664.82,661.52,661.15,662.25,664.94,663.84,660.79,659.81,660.91,661.89,661.76,665.06,662.37,664.2,662.98,660.18,660.18,662.25,661.28,662.01,665.91,668.23,669.58,667.74,668.23,671.16,674.09,671.65,668.48,667.38,671.41,671.29,675.19,678.85,677.02,671.65
668.23,667.74,664.2,657.25,651.88,648.21,647.6,646.75,638.2,636.74,629.29,615.86,593.4,572.41,562.76,564.59,540.91,517.35,524.31,591.33,619.4,681.3,739.4,674.83,283.21,679.59,676.29,679.59,679.22,677.02,677.88,678.49,676.41,672.02,669.82,665.91,663.59,662.74,658.1,657.49,660.54,658.47,657.73,659.08,659.93,657,653.83,651.26,650.04,648.21,646.75,642.11,636.13,635.4,635.64,631.61,627.95,626.36,627.09,628.07,626.24,624.29,622.58,617.94,612.93,607.93
600.12,591.08,582.54,575.09,567.4,560.93,550.19,544.82,536.39,531.51,536.39,518.2,501.36,505.39,503.8,490.98,485.24,549.82,588.03,611.71,654.44,708.4,804.47,825.46,681.17,675.44,673.85,673.24,672.26,670.8,669.82,668.36,667.38,666.04,664.82,662.25,659.44,658.96,659.32,657,654.81,654.81,652.24,648.21,651.75,649.43,646.75,644.67,643.33,639.91,635.4,632.47,630.88,627.7,622.94,619.77,614.76,614.76,609.03,603.05,598.9,593.4,587.42,582.78,579.24,574.36
568.87,563.74,560.08,553.24,548.36,538.59,524.31,510.03,495.74,492.81,481.7,474.5,460.95,447.04,425.18,407.85,394.42,429.58,545.92,726.1,818.63,919.1,786.65,524.8,-214,-666.52,-603.17,172.12,390.27,404.19,778.47,812.77,644.67,321.3,171.51,436.05,519.18,544.08,560.2,607.81,677.27,775.78,860.13,945.34,961.33,979.28,963.53,928.5,899.56,857.45,827.91,829.49,843.9,858.42,844.51,783.59,713.64,628.93,520.77,449.96,418.23,439.59,561.3,648.34,645.77,641.38
674.83,740.38,797.63,813.5,786.03,714.74,617.08,585.96,602.68,637.23,671.29,688.38,689.35,697.04,704.73,711.57,703.27,678.37,711.69,755.64,761.74,745.02,704.37,668.97,30.519,29.298,27.589,28.321,28.565,28.321,27.467,26.49,23.56,21.241,19.41,18.433,16.846,12.452,7.8127,7.9348,-1.0987,-13.428,-27.711,-41.627,-52.492,-64.333,-83.987,-105.47,-119.75,-133.67,-153.2,-186.77,-213.26,-200.93,-175.18,-180.06,-236.58,-65.798,-55.3,-47.853,-44.069,-40.162,-34.913,-28.321,-20.386,-9.888
0.85452,11.841,22.462,28.443,33.57,37.843,37.477,33.326,31.373,28.443,26.978,29.908,30.274,31.495,34.547,37.477,39.552,38.82,38.453,39.674,38.453,39.064,38.331,37.843,37.843,38.087,37.477,39.064,42.482,46.51,50.661,54.079,53.102,53.468,55.788,59.206,66.286,70.559,74.709,81.423,79.958,73.855,60.305,59.206,55.788,34.669,-6.2258,-22.095,-22.828,-37.355,-84.109,-164.68,-264.78,-314.22,-289.44,-266,-305.8,-30.03,-25.147,-22.706,-19.044,-15.503,-19.898,-23.438,-22.95,-19.41
-14.039,-9.3997,-7.0803,-6.592,-6.9582,-6.3478,-7.2024,-7.6907,-6.2258,-3.6622,-1.0987,3.0519,4.5167,2.1973,0.73244,-1.3428,-3.1739,-3.9064,-3.5401,-2.8077,-2.3194,-1.709,-0.73244,-2.3194,0.36622,1.2207,3.296,4.5167,7.3244,9.6438,12.085,14.649,20.142,26.856,32.472,39.064,49.562,62.258,64.577,53.346,46.266,56.887,57.253,39.308,51.027,55.91,39.918,25.513,-4.3947,-50.783,-33.082,-85.696,-183.48,-172.12,-128.54,-176.52,-261.73,-14.039,-16.236,-18.189,-24.537,-26.612,-24.903,-20.02,-12.574,-3.1739
5.005,11.353,14.527,12.696,9.3997,5.2492,2.3194,2.5636,4.5167,7.0803,9.1556,10.254,10.01,7.3244,6.592,5.4933,4.6388,4.7609,6.9582,4.883,2.6856,0.97659,-0.4883,-4.2726,-6.3478,-5.8596,-4.3947,-1.4649,5.005,5.3713,8.9114,17.457,28.809,39.918,48.463,51.393,55.177,52.248,59.084,66.164,56.276,46.754,55.91,77.883,71.535,46.51,6.1037,-13.184,-35.157,-63.234,-110.97,-161.5,-157.48,-147.71,-148.81,-129.52,-207.04,-165.53,-160.28,-157.84,-146.98,-135.01,-118.53,-104.98,-89.846,-71.169
-54.201,-43.092,-39.796,-36.134,-35.401,-32.716,-31.007,-28.932,-21.241,-12.329,-5.1271,-0.24415,0.73244,1.4649,2.1973,3.7843,6.1037,6.2258,7.4465,10.743,13.672,16.602,16.724,15.992,16.48,15.992,15.625,18.433,21.363,26.124,34.425,45.656,49.196,54.933,64.821,76.296,74.221,61.525,61.037,67.263,78.005,75.198,58.718,40.162,25.88,-10.498,-52.248,-47.365,-98.025,-219.61,-263.19,-198.37,-154.18,-148.44,-165.29,-187.75,-110.11,-96.072,-84.719,-73.122,-64.089,-58.84,-55.422,-52.614,-42.482,-35.646
-32.594,-31.007,-25.758,-20.264,-15.259,-11.353,-9.5218,-10.743,-8.179,-5.8596,-6.7141,-4.5167,-4.5167,-7.3244,-7.6907,-9.2776,-9.5218,-8.9114,-9.7659,-9.0335,-8.9114,-8.179,-7.0803,-5.9816,-2.3194,1.587,10.254,19.532,26.978,33.448,40.651,44.801,56.032,70.193,82.888,93.02,99.002,100.47,110.97,128.67,131.47,129.4,114.75,88.382,44.313,1.0987,-10.987,-12.329,-52.858,-141,-142.58,-130.86,-131.23,-130.5,-95.584,-162.24,-156.01,-143.56,-125,-108.77,-89.969,-74.343,-63.112,-53.224,-48.708,-48.708
-52.004,-54.201,-47.731,-41.505,-32.35,-20.02,-13.672,-5.6154,1.9532,5.005,6.2258,6.4699,10.376,14.527,18.555,22.095,23.927,23.316,21.363,22.095,22.34,23.316,25.025,27.955,28.199,29.908,34.059,36.134,38.82,45.656,53.468,60.915,64.211,62.868,64.211,64.943,67.263,64.577,49.318,40.284,41.139,58.473,45.656,24.659,1.587,-6.7141,-35.401,-59.45,-107.06,-142.46,-235.24,-251.47,-208.99,-174.2,-111.82,-170.9,-133.43,-106.57,-80.569,-70.925,-57.497,-44.923,-38.575,-29.42,-30.396,-31.495
-32.838,-27.833,-16.48,-9.0335,-5.2492,0,7.9348,15.137,14.893,14.893,13.916,14.893,18.311,20.264,19.898,20.753,17.823,16.724,14.405,12.696,13.306,14.649,11.109,11.353,12.574,13.916,15.503,17.579,18.189,20.386,17.701,28.809,33.204,37.111,41.749,42.482,49.074,49.074,54.201,52.736,50.417,55.3,46.266,29.42,11.597,-16.602,-13.916,-50.905,-107.79,-196.91,-202.4,-207.04,-211.55,-226.33,-229.38,-233.28,-162.48,-151.74,-130.01,-115.12,-102.54,-85.818,-63.112,-51.515,-40.895,-36.256
-35.401,-37.355,-41.139,-39.674,-28.687,-15.625,0.36622,8.0569,15.992,24.415,25.269,20.997,16.236,15.625,19.898,24.415,30.885,35.157,38.697,36.378,32.838,29.054,26.002,21.607,20.142,20.142,21.119,22.828,24.049,26.612,29.42,31.983,39.918,45.9,41.261,41.139,46.754,47.975,57.985,60.671,52.98,35.157,23.194,24.537,24.903,-14.161,-34.181,-38.697,-60.305,-140.26,-194.46,-162.6,-159.18,-168.71,-148.93,-184.09,-172.37,-148.2,-125.13,-107.91,-87.527,-69.338,-57.863,-49.196,-47.487,-54.445
-60.183,-55.91,-48.097,-35.401,-20.386,-9.888,-0.24415,5.4933,11.475,14.771,16.846,19.532,20.264,22.462,26.246,29.176,32.35,36.012,37.355,36.134,35.401,34.913,32.96,32.96,32.838,36.256,39.918,42.97,44.191,50.295,55.91,53.102,45.9,45.9,48.097,60.06,66.042,59.694,65.676,67.995,58.596,27.467,-3.7843,-17.701,-25.391,-38.82,-65.554,-115.6,-184.7,-193.85,-203.13,-157.6,-148.08,-134.28,-140.39,-333.63,-191.9,-186.41,-183.84,-186.04,-154.18,-141.48,-121.95,-105.11,-93.142,-76.54
-78.86,-77.883,-76.174,-74.221,-61.525,-48.83,-37.477,-27.589,-17.212,-10.865,-10.254,-7.6907,-4.2726,-3.7843,-0.85452,3.9064,8.301,14.527,22.34,30.519,36.134,40.529,40.284,45.656,48.097,47.365,47.243,48.219,49.196,49.562,51.881,56.032,57.863,61.769,58.596,56.398,60.305,59.816,56.52,65.676,72.268,62.502,50.05,53.224,44.923,-4.1505,-49.44,-72.024,-69.216,-112.06,-103.64,-55.544,-51.149,-84.964,-94.852,-157.35,-143.31,-125.37,-101.93,-80.447,-60.549,-43.703,-32.838,-30.519,-38.453,-46.632
-45.9,-42.97,-32.472,-18.677,-4.3947,6.2258,10.865,12.696,15.87,16.846,15.137,9.3997,9.0335,10.743,8.4231,9.6438,9.2776,10.743,12.452,12.574,13.428,13.062,15.381,15.015,21.119,21.119,25.269,30.519,34.181,39.43,43.947,47.853,56.642,63.234,72.512,64.333,63.478,68.85,71.902,75.32,61.892,40.651,50.661,36.866,12.574,-28.687,-61.647,-119.14,-99.49,-94.852,-110.35,-129.52,-137.21,-175.3,-253.67,-181.89,-178.59,-170.05,-156.99,-136.23,-110.6,-86.306,-67.019,-42.97,-25.269,-21.973
-29.054,-40.773,-49.318,-52.004,-45.412,-30.03,-13.55,0.12207,8.179,16.602,18.799,19.776,18.555,11.597,6.592,4.883,13.184,16.724,18.067,12.207,3.7843,-1.8311,-4.6388,-0.61037,12.574,24.415,30.274,35.401,39.308,45.656,54.079,53.346,53.346,58.473,60.549,58.107,52.736,57.009,73.855,87.771,62.868,29.42,12.574,11.109,-6.2258,-39.552,-38.209,-58.473,-90.823,-100.1,-110.6,-59.45,-42.97,-85.94,-177.86,-164.07,-160.04,-151.62,-138.19,-118.29,-98.392,-74.831,-44.801,-22.706,-21.119,-21.973
-29.054,-35.279,-38.575,-34.547,-23.804,-7.0803,7.3244,22.217,32.716,35.524,36.378,33.692,28.932,24.171,23.072,20.386,18.799,21.729,22.217,30.519,35.279,33.448,34.059,34.181,34.547,36.256,41.383,45.289,50.783,57.253,58.84,64.089,65.31,59.816,54.933,54.689,63.723,72.878,79.836,73.855,82.034,79.714,75.564,56.642,17.09,-17.823,-33.815,-58.596,-104.86,-180.91,-199.1,-186.9,-145.76,-99.734,-155.16,-175.54,-148.32,-120,-87.771,-67.141,-49.318,-37.355,-30.763,-44.313,-67.385,-76.907
-78.616,-62.014,-36.5,-13.794,10.743,23.682,28.687,25.513,15.381,5.005,-2.0753,-4.2726,-1.709,4.2726,9.0335,16.846,20.508,24.415,27.345,24.537,25.269,31.007,33.204,31.495,30.763,31.007,31.739,34.181,48.708,49.074,53.591,58.962,62.014,71.78,71.413,71.657,65.432,48.83,47.609,68.117,55.422,42.604,13.428,-4.0284,-15.625,-28.321,-66.164,-100.34,-144.54,-186.16,-199.96,-136.84,-85.452,-92.166,-216.19,-5.9816,-5.005,6.3478,24.781,15.503,2.1973,-11.963,-22.95,-22.828,-7.8127,6.8361
16.968,21.607,23.194,21.119,16.846,15.137,13.794,16.846,22.217,25.758,33.082,34.181,32.472,32.35,32.105,31.007,30.274,31.007,35.035,38.209,37.843,41.627,41.993,42.604,44.557,43.092,40.407,42.36,50.295,48.83,41.139,33.937,35.768,42.97,58.473,48.097,45.167,53.346,45.656,32.594,34.791,30.763,22.462,7.8127,-8.4231,-19.166,-26.856,-42.238,-58.84,-82.522,-74.953,-76.052,-31.495,-1.0987,-49.074,-53.346,-30.763,-5.8596,10.62,19.532,17.701,14.771,2.0753,-8.4231,-16.114,-18.433
-16.114,-13.794,-6.8361,-1.2207,-1.3428,7.3244,14.771,19.654,27.223,29.786,30.885,32.96,39.552,48.341,55.422,62.258,63.723,68.117,70.681,54.689,36.012,33.204,26.856,26.612,42.482,54.445,50.172,52.858,57.741,68.606,82.888,88.87,89.602,90.335,86.673,78.372,69.826,63.112,51.515,38.82,20.264,20.508,29.054,40.407,40.529,14.649,-11.841,-24.659,-26.856,-25.513,-19.166,17.335,70.193,26.612,20.508,10.987,16.114,10.254,6.9582,0,-3.5401,-1.4649,3.6622,10.743,4.7609,-2.4415
-9.2776,-16.968,-21.607,-24.171,-28.199,-21.485,-16.236,-1.587,9.0335,10.498,12.452,14.893,24.537,25.147,28.199,34.547,41.017,46.266,46.876,44.557,43.825,52.492,50.295,47.975,57.131,67.629,74.709,77.761,78.372,84.109,93.631,93.631,88.87,89.358,89.358,100.96,103.52,95.95,86.795,80.447,65.31,41.749,17.457,5.7375,-13.55,-46.144,-63.723,-66.408,-72.634,-69.826,-50.905,-23.194,35.768,129.64,71.047,-68.972,-58.596,-38.942,-18.189,-4.5167,-0.36622,8.0569,12.452,11.841,7.4465,-0.73244
-3.6622,-4.883,-3.296,0.12207,8.301,14.649,22.34,32.838,38.209,35.035,33.082,31.983,31.739,34.669,39.796,42.238,54.689,55.055,50.905,49.806,45.534,45.534,50.783,52.614,56.764,63.601,69.094,68.728,71.291,69.338,73.489,77.761,77.761,81.545,82.4,82.034,73,72.146,79.226,73.611,53.957,50.539,52.126,53.468,40.284,21.851,-1.0987,-19.776,-34.303,-47.853,-41.139,-17.335,40.407,118.78,123.66,-15.137,-23.072,-17.701,-4.883,5.1271,14.649,23.682,19.898,24.659,25.513,20.386
22.095,20.631,11.353,2.5636,-4.2726,-5.3713,-4.5167,5.7375,13.55,20.875,20.997,17.579,13.184,9.888,8.7893,11.719,17.945,21.851,25.88,26.002,31.617,33.937,29.542,32.105,32.594,40.04,44.923,48.219,51.881,58.84,64.821,75.076,78.127,74.953,75.808,88.137,86.428,76.907,66.408,67.995,64.211,68.728,71.78,72.634,60.183,42.482,30.274,11.475,-13.184,-37.111,-37.843,-12.452,20.508,90.945,92.532,0.61037,-2.3194,-7.2024,-9.888,-2.6856,11.353,25.513,34.425,38.331,43.214,42.604
31.739,18.433,-0.4883,-16.48,-23.56,-23.682,-18.311,-5.9816,13.55,21.485,22.462,19.044,15.503,13.184,13.672,17.09,19.41,21.973,22.95,31.251,30.274,30.152,33.815,35.035,42.726,48.219,55.177,61.647,71.413,78.005,82.766,85.452,82.278,81.545,78.616,84.475,86.062,83.377,78.005,83.865,96.438,92.288,89.969,78.494,54.201,30.152,0.24415,-11.963,-36.134,-43.214,-25.636,38.575,80.813,57.985,-4.0284,14.893,14.893,11.475,16.236,20.142,23.438,31.861,39.064,45.289,48.83,53.957
54.445,51.515,40.529,31.739,20.02,11.109,7.9348,4.7609,7.9348,7.9348,7.9348,10.132,12.452,17.701,24.781,33.204,37.477,40.651,42.238,38.942,36.012,31.739,31.129,32.838,36.256,43.58,52.248,58.962,66.652,74.831,79.958,83.499,90.457,98.636,106.94,112.8,117.68,123.54,123.29,112.8,102.91,103.27,84.719,66.408,42.97,16.48,-6.9582,-37.965,-51.515,-51.271,-8.0569,81.668,19.41,-2.5636,25.025,-92.41,-73.977,-50.295,-36.866,-27.467,-15.381,-10.987,-8.0569,-8.4231,-10.743,-12.207
-11.475,-9.1556,-6.3478,-7.3244,-9.7659,-6.2258,-4.2726,-3.9064,-3.9064,-5.6154,-5.1271,-1.587,3.1739,6.3478,14.039,25.025,36.622,60.305,72.512,72.878,75.686,71.535,67.629,68.972,69.094,75.076,88.87,98.88,109.5,121.59,117.19,109.74,105.84,94.852,80.081,75.93,83.743,91.433,100.59,107.3,100.1,91.189,72.024,66.408,48.341,24.537,0.97659,-18.189,-30.519,-31.495,-14.771,36.134,10.62,-32.838,10.743,-123.78,-119.02,-113.28,-105.84,-102.3,-88.137,-77.151,-61.403,-45.656,-51.027,-44.069
-25.147,-15.381,-15.137,-13.428,-8.5452,2.5636,14.039,19.166,20.631,13.062,6.592,-5.9816,-20.142,-33.082,-37.965,-25.636,-12.94,3.6622,28.809,41.017,40.529,41.993,41.139,48.341,48.219,44.923,46.754,49.318,62.502,75.808,80.813,89.358,102.79,117.56,129.64,142.58,152.23,161.02,166.75,163.09,160.77,127.57,86.917,67.873,54.445,24.415,-11.719,-30.641,-38.209,-48.219,-22.095,56.642,91.311,-9.0335,16.358,-81.423,-73.611,-66.042,-64.211,-56.398,-43.947,-32.228,-2.4415,-21.363,-2.0753,5.4933
-18.555,-29.908,-32.594,-22.706,-5.6154,13.184,29.42,44.069,57.009,60.793,62.624,69.338,69.826,71.413,62.746,52.37,41.017,30.152,27.833,26.002,25.025,32.105,45.412,54.567,56.276,51.393,46.388,45.289,49.806,61.647,76.052,86.795,93.142,103.4,120,132.94,144.66,147.1,141.36,134.89,125.86,112.67,91.189,72.512,49.928,18.921,-14.161,-39.552,-61.892,-58.962,-58.962,2.0753,47.121,0.12207,-1.0987,-107.43,-101.2,-87.405,-45.412,-31.251,0.97659,17.945,10.01,1.709,-13.794,-12.818
-6.592,4.3947,13.062,21.485,31.251,38.331,28.809,12.94,4.0284,6.7141,13.428,18.799,22.34,23.072,26.002,26.124,30.396,33.448,34.547,38.575,37.721,37.111,36.866,39.43,44.557,51.881,61.281,73.489,84.841,93.753,103.15,110.23,119.14,124.76,126.22,119.14,116.82,106.08,109.5,119.39,110.23,109.13,95.95,79.592,48.708,13.916,-9.5218,-31.983,-46.266,-47.243,18.799,93.631,36.5,-3.5401,15.137,-53.346,-28.932,-15.87,-11.597,-22.34,-41.871,-40.529,-41.627,-35.646,-36.012,-33.326
-22.462,-15.259,-20.264,-32.96,-43.458,-51.271,-35.035,-17.945,-13.184,-5.3713,5.4933,9.3997,9.0335,7.9348,13.916,26.002,37.843,47.609,44.801,41.383,34.425,26.612,24.171,26.612,35.89,48.83,60.183,71.047,79.836,84.719,94.485,108.16,110.48,114.99,128.42,144.54,151.86,140.63,120,109.01,103.15,101.57,93.387,78.738,62.746,42.848,26.124,2.3194,-9.6438,-6.3478,30.03,91.189,100.96,-20.753,35.89,-89.114,-65.798,-67.995,-68.239,-68.728,-64.089,-61.281,-51.881,-35.401,-19.654,-3.0519
10.132,14.039,14.771,16.968,2.9298,-7.3244,-12.452,-12.574,1.9532,18.433,26.49,36.988,44.313,49.806,55.177,59.572,64.333,67.385,67.751,63.723,58.84,53.102,50.417,52.126,61.281,78.982,91.189,99.979,116.95,135.5,140.02,135.75,135.62,141,147.95,151.62,152.1,149.91,150.52,137.09,121.59,93.02,68.239,39.674,14.527,-7.4465,-27.223,-39.308,-54.323,-55.422,10.865,112.19,49.684,24.415,17.335,-78.494,-72.39,-66.897,-63.601,-59.572,-50.417,-33.326,-14.039,-12.818,-4.6388,4.883
4.2726,6.9582,9.7659,10.132,18.189,29.908,49.928,66.652,62.38,51.271,44.069,38.087,21.119,2.1973,-6.2258,6.4699,18.799,30.396,36.866,41.627,49.318,42.726,30.03,23.804,25.269,33.448,53.591,74.343,92.288,94.119,96.194,114.38,116.58,114.14,118.66,115.48,111.58,103.03,87.771,77.761,70.07,73.244,74.587,56.398,18.433,-18.189,-38.82,-40.407,-48.83,-60.06,-23.072,60.915,57.253,-35.89,26.246,-119.14,-88.87,-83.254,-63.234,-39.796,-33.57,-30.519,-23.438,-7.6907,-7.4465,3.4181
28.687,44.435,57.375,68.239,70.315,71.291,71.169,71.413,78.127,77.151,72.878,68.484,63.967,54.933,40.407,23.316,7.9348,7.2024,16.846,27.223,28.321,43.214,61.892,54.079,50.539,57.619,67.019,70.925,72.39,80.325,90.579,99.49,102.42,101.81,98.025,92.166,83.377,80.813,76.907,75.198,81.301,81.912,81.79,77.761,72.512,50.172,27.467,5.1271,-17.945,-21.119,0.36622,67.385,77.151,36.134,40.284,19.898,22.462,15.625,15.503,26.124,22.34,33.326,55.788,69.46,81.668,95.706
111.33,130.5,147.1,161.26,177.13,200.08,214,223.27,231.7,239.51,233.28,223.76,208.14,211.8,222.42,187.75,162.24,159.31,140.26,117.19,102.54,92.776,67.629,45.167,26.734,12.574,2.6856,2.0753,-4.2726,-8.6673,-17.701,-29.664,-41.017,-47.487,-60.183,-56.52,-66.774,-92.776,-90.335,-80.081,-78.738,-27.711,8.5452,35.035,67.019,40.04,21.485,-6.1037,-24.293,-25.269,-54.323,-122.44,46.144,7.0803,-385.02,28.932,21.485,15.87,15.748,11.475,3.5401,-6.9582,-6.8361,1.8311,23.682,43.092
63.967,85.818,92.532,90.335,91.433,102.91,124.64,141.85,154.55,173.35,205.69,225.71,246.47,256.84,249.76,245.98,243.42,261.48,270.52,241.1,205.82,191.05,196.3,179.82,142.46,116.7,105.84,88.748,71.535,55.177,26.734,8.301,-10.743,-20.875,-33.937,-37.233,-51.149,-97.903,-115.73,-81.668,-43.336,-46.754,-77.761,-45.534,-1.0987,5.7375,-38.697,-40.651,24.415,21.241,-23.56,-88.26,138.68,-20.02,-215.7,367.32,454.36,398.69,367.32,226.45,230.11,218.39,113.77,64.821,60.427,41.139
28.809,34.303,41.627,49.318,53.713,50.661,45.778,49.562,51.515,47.975,41.261,38.575,36.866,29.176,17.823,12.329,24.415,38.575,40.651,52.126,59.938,75.076,104.37,120.73,120.24,105.72,80.813,85.452,181.4,224.01,216.07,321.05,402.36,265.27,-22.095,21.363,10.743,-2.4415,-8.179,-16.602,-25.269,-35.279,-42.482,-43.947,-48.097,-47.365,-47.243,-52.248,-55.055,-56.52,-61.403,-61.403,-56.764,-58.596,-59.694,-56.642,-50.661,-41.261,-31.617,-28.932,-26.002,-18.311,-4.1505,0.97659,5.3713,8.301
15.015,27.711,38.453,45.289,60.305,81.057,95.462,111.82,124.15,133.18,146.24,156.62,153.81,156.38,167,168.95,162.97,170.54,188.97,217.78,220.83,226.69,235.48,245.98,234.26,201.79,157.11,138.55,161.75,174.69,193,253.67,376.35,427.99,168.71,44.069,23.682,8.301,-2.0753,0.36622,2.5636,7.0803,-5.4933,-16.724,-19.41,-26.612,-19.41,-28.077,-35.157,-26.978,-33.692,-42.604,-53.957,-55.422,-76.296,-80.203,-69.094,-63.356,-60.915,-37.965,-29.298,-23.316,-5.8596,4.0284,9.5218,18.555
30.03,44.435,50.05,60.549,71.047,77.761,85.33,91.189,101.81,116.58,131.47,150.4,164.92,173.83,184.21,178.35,178.59,177.86,166.63,163.58,167.24,163.46,168.58,157.35,151.13,151.86,132.82,105.59,99.49,120.85,162.24,191.05,221.44,316.17,-1.0987,19.776,20.142,17.212,10.743,7.8127,9.5218,18.677,18.189,20.02,16.358,8.5452,2.4415,-0.73244,-4.5167,-0.97659,5.2492,4.1505,2.1973,1.0987,6.1037,5.6154,4.5167,16.602,22.706,23.438,33.815,39.43,40.162,42.848,49.562,57.131
41.749,32.105,32.594,40.651,38.453,42.848,48.952,53.957,61.037,64.577,64.333,75.93,86.673,91.067,85.452,93.753,115.36,135.62,129.03,127.2,145.02,143.8,160.16,163.46,115.6,89.602,124.76,161.26,194.59,193.85,266.98,313.61,196.17,2.0753,14.161,5.7375,-2.5636,-7.4465,-10.498,-13.672,-15.015,-17.579,-23.56,-23.438,-21.363,-17.457,-12.94,-14.039,-13.794,-8.0569,-4.5167,1.9532,7.0803,2.0753,5.6154,9.888,13.794,15.015,20.753,26.856,34.059,37.477,45.534,48.83,48.463,51.393
55.91,54.567,51.637,56.887,62.258,69.216,85.94,94.852,111.58,126.71,129.15,120.73,120.73,129.52,135.26,117.44,112.67,129.64,118.41,109.5,104.01,97.049,93.997,82.278,64.333,74.587,86.306,104.37,137.94,187.87,181.04,219.86,314.95,89.602,-20.508,-30.763,-35.524,-38.697,-35.89,-35.524,-42.238,-40.529,-40.529,-42.726,-42.36,-42.726,-43.458,-48.341,-54.933,-43.092,-50.905,-50.783,-40.162,-36.866,-31.251,-24.415,-19.166,-12.329,-5.3713,-2.8077,-0.61037,2.1973,5.4933,16.602,21.363,19.41
21.607,29.054,29.176,23.072,32.228,35.89,40.04,45.534,46.999,58.107,65.188,56.276,56.032,66.53,76.174,76.174,77.517,82.278,93.875,111.09,115.97,118.78,141.36,133.06,120.98,114.14,87.283,67.995,90.335,132.82,190.31,355.6,507.34,219.37,36.012,22.828,-5.3713,-38.82,-47.243,-36.134,-41.261,-43.947,-39.674,-39.308,-48.463,-50.661,-55.177,-55.055,-58.84,-39.064,-4.0284,19.41,8.7893,-3.6622,-17.335,-23.804,-23.438,-21.729,-22.095,-25.758,-32.472,-27.1,-6.9582,14.405,50.539,55.666
56.764,49.318,29.664,39.186,40.04,38.82,35.89,42.848,44.801,55.788,77.517,84.353,91.311,97.171,99.368,100.22,106.69,128.67,161.5,196.3,215.46,240.12,258.55,232.18,194.83,159.79,146,183.6,243.9,261.97,297.98,341.93,183.48,18.189,-95.462,-106.2,-114.38,-119.88,-124.88,-108.77,-89.114,-94.119,-83.377,-91.189,-91.311,-69.094,-33.692,-19.166,-21.973,-20.875,-26.734,-51.515,-64.455,-71.169,-71.169,-67.385,-56.398,-50.172,-43.58,-36.012,-25.513,-9.888,3.7843,15.748,26.978,42.36
41.383,54.445,64.577,78.982,82.278,77.883,93.509,98.88,83.01,87.161,95.584,88.015,89.846,94.241,88.504,90.701,88.748,75.076,64.577,44.923,55.544,75.808,86.55,100.47,119.75,129.28,130.99,129.03,140.39,171.15,239.14,372.08,332.65,220.47,44.191,51.393,58.962,55.544,52.37,60.427,41.261,48.585,46.876,42.238,50.295,55.666,53.713,54.079,58.229,57.741,60.549,63.356,72.024,73.855,79.836,87.527,101.93,99.002,85.94,114.75,111.7,105.47,97.903,97.903,99.368,93.02
80.081,93.631,74.587,49.074,34.791,6.592,-45.412,-91.311,-72.268,-20.997,3.4181,39.308,70.315,73.855,96.927,112.67,98.148,116.21,168.1,188.97,206.79,200.45,187.26,193.98,198.98,195.56,225.47,208.87,234.26,207.77,198.61,224.37,243.54,164.68,-22.828,-26.856,-27.833,-24.781,-13.184,-4.0284,-6.9582,-0.36622,-5.8596,-8.9114,-9.3997,-14.649,-14.283,-5.8596,2.4415,12.329,17.457,22.217,23.316,26.368,29.786,28.932,27.955,25.391,26.612,35.524,48.83,47.243,54.201,51.027,53.224,69.948
89.969,98.392,108.28,108.89,113.16,116.95,122.07,129.76,133.43,135.62,133.3,128.79,131.35,136.48,139.16,139.16,149.78,141.73,132.94,114.14,91.556,73.733,65.432,61.769,83.743,70.803,133.43,218.88,184.82,11.109,-73.977,-79.836,56.398,35.401,-23.56,-20.386,-19.288,-21.729,-24.293,-21.973,-17.823,-4.5167,-5.6154,-3.1739,-0.36622,-0.85452,3.5401,8.4231,14.771,21.241,26.612,37.233,47.853,52.736,46.51,39.308,38.209,37.599,43.092,49.684,59.938,56.398,61.769,69.46,73.733,78.372
88.87,102.05,103.64,102.54,109.5,117.44,116.7,107.67,111.94,113.77,114.87,117.56,103.64,103.89,113.16,100.34,67.385,50.661,35.89,34.059,28.932,38.82,65.676,117.19,177.86,122.32,-0.24415,41.383,129.28,305.06,672.99,828.64,-9.3997,-12.329,-15.625,-18.677,-19.41,-18.433,-14.405,-6.592,2.6856,10.987,14.161,13.306,13.55,11.109,8.0569,4.1505,3.5401,2.8077,5.6154,10.132,7.6907,10.987,10.254,8.5452,4.3947,7.3244,11.109,15.748,19.41,20.753,23.072,24.537,26.246,29.664
30.763,34.425,38.697,41.139,49.196,61.403,64.211,72.268,79.226,87.405,94.119,101.93,108.28,111.33,120.61,109.87,99.124,97.049,106.69,103.4,101.08,95.95,90.945,74.099,56.887,37.477,19.044,24.659,84.109,229.87,389.9,259.65,10.62,8.0569,9.5218,5.3713,-2.5636,-8.6673,-13.55,-12.94,-9.7659,-6.3478,-6.3478,-7.3244,-10.62,-6.7141,1.8311,4.5167,0.12207,-7.2024,-14.527,-13.794,-10.376,-12.696,-8.0569,-7.4465,-11.597,-10.01,-7.2024,-3.0519,1.3428,2.3194,9.6438,13.428,18.555,18.677
20.875,25.88,39.43,43.336,37.477,43.092,46.022,49.806,53.835,53.957,58.107,63.234,63.356,61.647,55.177,65.065,87.161,101.93,135.38,156.62,158.21,161.02,183.48,177.62,168.34,156.99,116.21,180.91,194.83,238.04,407.12,239.27,-4.6388,-5.1271,-6.8361,-5.4933,2.6856,-1.4649,-1.587,-1.8311,-4.6388,-2.0753,2.4415,6.2258,6.8361,6.9582,7.3244,8.301,8.0569,7.9348,7.8127,7.3244,6.592,6.1037,4.7609,14.649,11.109,11.719,16.602,15.87,18.189,24.537,30.03,33.692,35.768,39.308
41.993,43.58,46.266,52.248,56.642,59.572,60.183,60.183,79.592,76.662,67.751,56.032,52.736,43.703,40.162,44.313,46.388,37.233,29.298,17.335,-3.6622,-28.932,-43.703,-40.162,13.306,108.77,185.55,127.81,28.199,22.706,-109.5,-223.64,-7.3244,-5.1271,-2.4415,-0.73244,-0.73244,1.0987,3.5401,5.4933,8.5452,9.6438,9.3997,9.2776,7.6907,6.2258,15.137,14.161,12.94,17.579,19.532,22.95,26.368,29.542,34.425,40.162,44.313,48.585,52.614,57.009,61.647,63.112,65.065,68.606,70.559,79.47
80.935,84.231,90.457,90.091,90.945,91.922,91.311,87.405,84.353,85.818,85.208,79.958,74.343,70.681,75.442,69.094,59.45,55.422,64.943,75.564,88.137,100.59,69.46,-6.2258,-83.254,-122.44,-130.25,-138.55,-168.34,-220.71,-268.56,-310.92,-105.59,-90.579,-77.395,-66.897,-57.863,-52.858,-50.05,-34.547,-28.077,-19.41,-12.207,-13.55,-13.916,-9.3997,-4.1505,0.97659,3.4181,4.7609,5.005,4.5167,2.9298,5.3713,7.9348,9.1556,10.01,9.1556,5.9816,11.109,11.231,15.137,19.166,19.41,25.513,32.594
38.575,39.308,45.045,55.177,67.263,72.268,70.925,73.244,74.831,77.273,82.034,83.377,83.865,85.818,84.719,77.761,56.764,26.368,35.035,44.435,34.547,14.161,-18.189,-39.674,-62.38,-89.236,-112.55,-118.9,-107.06,-128.67,-200.32,-245.12,10.254,11.475,11.475,11.597,11.231,9.7659,8.5452,8.6673,8.5452,7.3244,6.1037,5.1271,11.597,12.085,7.9348,9.0335,7.3244,2.8077,1.2207,0.73244,1.4649,2.8077,4.3947,4.3947,3.5401,0.97659,-0.12207,0.61037,0.4883,0.36622,0.4883,4.2726,15.015,15.015
17.823,19.41,18.677,25.269,31.861,36.622,40.407,43.336,45.534,45.778,39.186,41.383,41.749,36.5,33.204,44.313,52.736,55.055,65.676,75.198,77.639,76.785,72.146,55.055,20.875,27.223,54.323,76.052,95.706,76.174,21.119,-59.328,17.945,16.358,15.625,16.358,12.452,12.085,13.306,14.527,13.794,13.428,13.916,13.306,13.794,13.062,13.55,15.625,17.457,19.166,22.584,32.96,32.228,32.594,35.768,37.721,47.121,57.497,69.46,84.597,101.32,117.92,129.28,131.35,121.83,105.23
96.194,98.025,102.79,106.33,112.92,105.72,103.52,97.415,102.3,99.857,91.311,79.714,66.897,62.99,47.731,19.654,-5.3713,-35.035,-67.873,-93.387,-133.18,-182.62,-180.43,-195.07,-214,-221.93,-257.33,-276.74,-267.46,-312.39,-313.24,-286.39,-9.7659,-31.129,-13.672,2.8077,13.062,12.818,-5.4933,-7.6907,-16.724,-28.443,-30.152,-33.692,-29.664,-12.818,23.804,56.154,71.78,65.432,40.895,33.937,29.664,24.293,18.311,13.306,9.3997,4.3947,-13.062,-14.405,-12.085,-12.452,-10.62,-12.329,-9.888,-4.7609
4.2726,12.452,15.748,21.851,23.804,18.555,16.358,19.166,40.04,47.975,33.57,28.077,47.121,63.723,58.718,40.529,28.687,28.199,27.223,21.851,-0.12207,-13.55,-28.199,-66.774,-105.96,-96.561,-83.987,-90.823,-107.91,-180.18,-193.12,-189.58,-6.8361,-4.0284,-6.3478,0.97659,5.1271,6.3478,13.55,15.625,18.189,24.659,33.448,42.116,48.83,52.492,52.736,49.806,45.167,38.942,30.519,21.607,14.771,10.376,12.452,11.231,6.7141,10.132,7.8127,6.9582,8.5452,9.5218,13.062,14.893,16.236,21.241
22.462,23.438,27.1,34.425,47.121,57.131,63.356,69.826,74.953,63.967,53.346,36.866,31.007,34.669,39.186,32.838,23.438,19.898,26.856,31.251,12.818,-1.9532,-16.724,-32.228,-60.549,-88.26,-108.4,-100.22,-57.741,-26.978,-8.179,-33.448,5.1271,3.6622,4.1505,4.1505,4.883,5.9816,5.7375,3.296,0.73244,0.4883,1.2207,1.2207,1.709,6.3478,18.921,23.804,24.903,23.438,21.241,22.095,24.049,25.758,27.345,30.152,32.96,32.96,31.007,33.692,37.843,42.604,45.167,43.092,44.313,57.497
66.652,74.099,80.691,78.127,79.104,78.86,80.081,77.395,80.691,82.888,77.761,78.127,84.231,88.87,80.325,68.85,63.601,56.154,56.52,49.928,52.004,50.295,17.701,-15.87,-36.988,-63.601,-75.32,-90.213,-94.607,-90.823,-104.25,-143.07,-26.368,-23.316,-21.241,-17.823,-14.039,-10.987,-9.3997,-7.0803,-6.1037,-5.8596,-5.005,-4.7609,-6.4699,-4.2726,-1.3428,1.2207,8.5452,18.189,19.41,25.269,25.88,25.025,28.932,32.838,35.401,37.965,41.627,46.388,50.661,53.713,57.741,61.281,65.432,70.437
76.54,85.818,103.64,107.18,110.23,110.72,107.43,118.05,112.8,101.08,93.631,98.025,113.53,122.44,125.98,133.06,126.35,123.91,108.04,81.79,66.164,67.629,49.928,24.781,-6.4699,-65.188,-139.77,-188.85,-219.98,-238.04,-212.78,-222.3,11.719,11.109,13.062,16.114,18.433,19.898,21.363,22.34,22.095,23.804,26.368,26.124,25.88,25.025,23.682,32.35,31.495,32.838,35.89,37.233,38.087,40.895,45.289,48.952,49.562,50.661,53.224,56.887,60.06,62.136,62.624,65.798,68.728,72.146
86.062,85.452,85.208,96.927,120.85,131.35,114.99,107.06,120.37,131.96,134.77,124.64,119.27,113.04,99.002,72.024,60.06,61.647,59.45,52.736,21.119,-12.94,-35.524,-73.733,-110.97,-151.13,-201.42,-250.13,-263.92,-238.41,-211.55,-251.59,86.062,78.005,67.507,59.084,58.962,60.305,59.572,58.351,59.328,60.427,60.915,60.183,59.328,57.619,56.032,59.816,51.149,43.092,35.157,23.316,20.753,19.532,15.015,9.7659,3.0519,-1.9532,-6.2258,-7.2024,-8.6673,-10.865,-10.132,-8.9114,-9.6438,-4.7609
-7.6907,-9.6438,-5.2492,-5.8596,-8.4231,-2.6856,6.592,6.592,7.3244,10.498,14.771,18.189,22.217,23.927,26.734,22.34,18.189,19.776,22.828,12.452,-0.61037,-13.672,-33.204,-47.243,-57.131,-75.442,-88.504,-105.35,-126.1,-185.31,-263.92,-348.16,28.321,29.42,29.298,30.03,30.274,31.007,40.162,36.256,35.401,39.186,37.355,35.89,36.866,38.453,39.796,41.383,41.627,42.116,45.045,46.754,48.097,49.928,50.172,54.201,75.808,89.724,88.26,81.545,73.977,70.193,67.995,70.193,73.244,74.465
75.808,76.296,80.325,86.917,91.311,97.659,102.66,101.57,98.88,116.7,121.83,114.75,123.66,124.76,108.89,86.062,74.831,61.037,29.786,-5.2492,-31.373,-55.422,-77.761,-98.636,-119.75,-151.74,-195.32,-258.55,-287.97,-328.26,-437.03,-592.43,6.3478,6.8361,10.62,15.137,19.532,21.729,22.095,23.194,25.147,27.833,30.641,30.519,30.03,29.176,29.908,36.256,46.266,48.83,58.473,64.577,67.385,71.902,77.395,84.353,90.945,95.828,102.18,108.89,117.07,123.91,127.57,133.18,142.58,150.15
153.32,152.59,151.37,148.08,144.17,142.58,137.21,136.84,126.83,119.02,127.2,123.42,122.68,132.33,117.68,94.241,64.333,42.238,29.298,-3.0519,-36.134,-57.863,-91.311,-117.07,-142.95,-178.11,-200.81,-243.66,-297.62,-324.84,-379.28,-515.03,14.161,12.94,10.865,12.207,12.574,14.283,17.457,11.841,13.672,14.893,12.818,10.743,10.132,10.254,6.8361,5.9816,5.9816,5.9816,5.8596,3.5401,2.6856,1.8311,-0.12207,-2.5636,6.1037,3.4181,1.4649,-2.3194,-5.7375,-6.1037,-2.5636,4.7609,12.696,19.776
27.345,37.843,47.487,54.567,62.014,73,82.4,83.621,92.41,96.194,92.41,90.945,88.504,92.776,103.52,105.72,109.01,113.65,117.92,99.124,56.764,19.654,-12.085,-14.039,-8.5452,-22.095,-55.788,-100.71,-144.66,-170.05,-273.32,-511.25,-40.773,-38.82,-34.913,-30.03,-23.316,-19.776,-18.189,-18.067,-15.503,-13.306,-12.329,-2.0753,0.85452,1.0987,2.1973,-1.587,0.12207,4.7609,6.4699,7.2024,9.3997,11.475,11.353,13.184,14.161,14.283,15.381,17.945,18.433,30.763,33.815,34.791,36.988,31.251
34.181,45.9,67.995,87.893,106.57,114.26,121.95,126.71,129.76,130.38,126.47,133.43,140.75,139.77,141.48,134.77,140.63,124.15,104.25,97.659,80.203,49.44,23.194,-3.9064,-39.674,-56.52,-76.785,-94.852,-105.47,-96.316,-210.09,-370.98,23.194,21.607,25.636,30.152,25.269,26.978,27.955,25.025,23.072,21.973,22.095,22.706,22.828,21.119,17.823,14.771,13.306,13.672,13.306,12.696,12.574,20.02,16.602,16.724,18.433,20.753,29.542,37.721,42.604,50.417,61.403,73.977,87.161,102.79
118.53,137.21,156.74,174.44,190.8,205.94,213.26,210.46,205.08,192.75,165.41,172.49,218.15,221.69,181.16,150.52,122.32,99.124,92.654,68.972,38.575,14.771,-21.607,-72.024,-120.73,-194.46,-247.08,-291.88,-328.26,-384.9,-448.62,-505.51,20.753,14.649,22.828,45.9,65.92,55.055,38.82,27.345,18.433,10.865,4.3947,-2.4415,-11.109,-17.823,-20.508,-22.34,-25.513,-27.589,-27.589,-21.485,-21.485,-17.457,-14.283,-15.625,-16.236,-15.381,-15.381,-14.527,-13.794,-11.963,-10.01,-7.0803,-1.2207,7.3244
14.283,19.532,26.856,44.923,56.642,68.117,82.156,90.945,99.979,101.69,95.584,106.94,119.27,113.04,107.67,106.69,96.316,86.673,102.18,128.54,125.61,115.97,112.55,81.179,37.721,10.865,-3.4181,-22.706,-82.278,-164.43,-216.93,-279.43,-11.719,-10.132,-8.301,-9.2776,-2.0753,-0.73244,-2.8077,-3.0519,-5.8596,-5.2492,-2.3194,-2.0753,-0.73244,-1.4649,0.24415,4.7609,9.7659,11.475,10.254,7.9348,5.005,4.883,10.376,13.672,12.329,18.555,21.851,25.88,35.035,43.458,51.027,60.671,73.244,85.574
98.392,114.63,131.23,147.59,165.04,183.97,186.16,178.35,174.81,167.24,154.18,141.24,138.07,122.2,115.48,113.77,109.13,76.418,52.858,46.876,28.199,1.4649,-21.485,-47.975,-85.818,-134.65,-180.91,-240.85,-293.83,-336.92,-378.19,-450.94,39.064,45.656,71.78,99.246,152.23,156.13,176.64,194.83,187.14,182.13,179.33,190.44,199.35,204.35,215.58,225.71,245.86,245.25,249.52,262.83,270.64,266.85,267.22,265.63,267.71,267.46,262.22,256.97,258.31,256.84,257.94,259.04,255.01,251.84
241.83,236.95,241.34,270.39,298.59,316.17,330.82,334.24,353.89,328.38,275.52,234.5,179.69,148.93,99.246,67.141,67.263,60.427,52.492,46.388,30.03,153.57,177.98,112.06,80.691,105.35,155.52,187.87,254.77,345.35,360.12,188.6,-20.753,-25.88,-19.776,-17.823,-15.137,-14.527,-16.236,-10.62,-5.7375,-0.36622,3.296,4.1505,3.1739,4.5167,9.7659,17.335,22.828,25.88,28.809,33.204,48.463,52.248,45.534,54.201,64.577,71.413,71.535,105.72,105.96,108.89,108.52,101.08,96.561,101.93
111.33,116.21,122.68,134.65,150.64,159.31,156.13,153.2,161.38,166.63,161.99,151.62,143.8,141.24,128.42,104.5,83.132,66.897,46.022,11.353,-57.375,-97.903,-108.52,-126.83,-150.64,-193.12,-225.59,-270.52,-321.3,-392.59,-460.95,-473.89,12.574,13.794,16.846,16.236,16.602,17.335,11.963,17.09,17.945,14.527,14.405,16.846,17.823,17.701,13.672,13.794,15.503,17.335,15.259,7.8127,4.883,6.7141,8.301,13.306,11.963,10.62,10.62,7.6907,5.1271,4.5167,5.9816,9.2776,13.306,17.335
24.049,37.843,56.154,74.099,81.301,87.771,103.76,115.6,124.15,145.76,165.9,170.66,164.31,157.72,159.79,134.4,123.17,87.283,55.422,34.059,27.955,33.326,34.791,39.674,54.445,47.975,6.7141,-59.206,-134.04,-245.12,-375.13,-354.38,12.574,6.3478,5.4933,2.4415,-5.8596,-5.4933,0,6.3478,13.55,21.729,28.199,38.087,45.412,52.736,57.375,59.572,58.107,61.281,62.014,58.596,60.305,58.718,56.032,55.666,54.079,51.149,49.318,48.463,49.928,48.585,48.585,48.708,48.341,55.177
66.408,75.564,63.356,58.229,60.915,60.427,67.629,75.198,75.686,81.668,95.218,103.89,103.15,89.602,81.79,56.276,32.96,-1.587,-19.044,-31.373,-45.9,-59.572,-73.244,-103.52,-128.3,-157.11,-193.12,-247.44,-323.62,-444.96,-481.34,-529.19,0.24415,1.4649,4.5167,6.2258,4.6388,2.9298,1.9532,0.97659,0.12207,-0.4883,-0.97659,-0.97659,-1.0987,-0.73244,12.94,14.039,15.503,15.137,13.794,19.166,23.804,29.664,42.238,46.632,33.57,30.396,34.547,36.744,41.139,47.121,53.102,61.281,72.634,80.935
89.48,99.612,105.59,115.24,123.17,124.03,125,124.52,125.49,127.81,130.74,128.91,127.08,135.01,130.5,119.75,108.89,87.649,57.497,61.647,56.887,28.077,-18.433,-61.037,-75.076,-82.644,-126.59,-147.22,-151.01,-149.05,-113.28,-225.71,6.8361,11.475,18.311,22.34,24.049,25.513,24.659,30.519,27.589,28.199,27.833,25.269,23.438,22.217,22.095,21.729,18.677,11.719,-3.6622,-16.968,-20.264,-19.044,-17.579,-18.921,-21.485,-16.602,-10.62,-18.921,-15.503,-11.719,-7.0803,5.1271,19.532,39.308
51.271,59.206,64.089,69.582,84.719,99.49,113.16,120.12,135.75,143.68,142.83,137.09,124.52,129.28,122.07,104.13,96.072,88.992,76.907,75.564,51.393,15.87,-19.654,-49.562,-83.987,-98.88,-116.21,-114.02,-111.7,-200.81,-200.32,-298.1,23.682,30.885,32.228,31.495,36.5,36.5,39.918,44.557,45.9,47.609,46.51,43.947,41.261,33.204,22.217,19.044,15.503,13.55,15.503,15.503,25.269,21.363,22.34,23.438,22.462,27.223,34.913,40.773,42.848,46.388,51.271,58.107,68.117,77.273
85.086,95.096,108.28,123.54,139.9,157.96,151.62,151.62,156.38,147.95,133.3,122.93,106.2,97.903,85.208,55.422,31.861,17.335,-4.7609,-26.612,-47.975,-70.559,-88.26,-105.47,-117.92,-117.19,-117.19,-113.53,-123.17,-144.17,-239.88,-414.81,-46.632,-42.238,-36.378,-25.513,-15.137,-7.3244,-3.9064,-2.1973,-3.0519,-0.73244,4.2726,4.883,6.1037,7.8127,12.818,18.921,22.95,36.012,40.162,45.534,51.149,53.346,57.131,58.84,60.549,62.502,64.211,67.141,70.559,73.611,75.442,81.301,85.452,86.795
88.137,96.194,105.72,108.28,112.92,123.91,133.06,128.06,117.44,125.49,132.94,110.97,83.987,69.704,75.076,70.803,60.427,67.141,82.888,88.992,74.831,44.435,6.8361,-27.1,-39.796,-72.268,-81.79,-24.293,0.36622,-37.355,-12.818,-29.298,-173.96,-403.09,-562.76,-553.12,-479.14,-394.18,-290.66,-198.37,-116.58,-75.93,-64.333,-70.803,-56.276,-47.609,-23.438,40.04,128.79,182.5,198.49,203.86,148.69,55.788,53.346,94.363,124.52,124.52,116.82,118.17,114.99,113.9,66.286,66.286,87.039,66.286
72.634,77.395,79.104,73.366,65.188,63.845,65.798,68.361,67.141,52.98,54.933,70.803,92.166,89.846,83.499,79.104,72.878,52.126,35.89,32.228,0.61037,-6.9582,6.1037,-3.296,-33.937,-46.51,-57.863,-40.651,-83.987,-206.43,-260.14,-264.78,-317.39,-345.23,-319.47,-188.48,-234.26,-299.33,-464.37,-571.06,-554.34,-465.96,-473.65,-555.56,-427.01,-301.52,-337.41,-353.65,-199.71,144.17,158.57,53.224,-55.055,62.38,89.969,32.594,52.858,35.401,-37.233,-60.549,-27.589,-25.269,-35.89,-35.279,128.67,90.213
51.027,61.403,64.455,61.159,9.3997,-10.132,16.358,-45.167,-79.104,-121.95,-246.96,-349.38,-366.34,-325.33,-317.88,-428.72,-597.67,-515.15,-279.06,-332.04,-405.04,-363.05,-567.64,-287.36,-371.72,-328.26,-640.77,-760.89,-501.72,-1050.2,-2611.4,-1617.1,-732.44,-595.6,-477.92,-400.52,-264.53,-101.93,151.37,331.92,539.45,637.59,581.68,381.97,242.44,109.38,46.754,-29.298,-112.8,-135.01,-71.291,-15.015,0.97659,30.274,113.9,168.1,144.66,97.049,26.002,-27.345,-73.733,-111.45,-101.2,-96.438,87.283,89.846
86.184,85.208,83.254,83.132,90.335,95.34,99.49,122.81,88.504,69.826,81.423,72.878,69.338,64.455,61.647,64.211,55.544,39.674,36.378,-60.427,-199.1,-199.1,-110.23,19.41,-76.296,-278.57,-154.67,-254.89,-359.39,-598.77,-537.25,-534.2,-400.16,-294.56,-157.11,-150.64,-286.75,-471.57,-348.16,-135.01,-64.455,-18.799,29.664,154.3,186.9,154.3,133.3,110.84,44.313,-74.587,-124.39,-101.93,-53.713,3.6622,10.254,29.664,62.014,77.151,-53.957,-176.89,-216.44,-162.48,-112.06,-1.4649,30.396,43.214
58.229,71.78,86.306,120.49,152.96,176.27,164.31,131.84,87.527,35.035,-6.3478,-20.02,11.353,59.328,90.945,138.68,180.55,231.45,267.34,317.64,384.53,332.77,232.31,251.59,258.8,214.97,219,263.56,571.55,300.18,431.04,143.8,262.34,268.56,163.21,212.41,255.5,156.99,88.748,71.657,42.116,63.845,80.935,-14.771,-35.157,-3.9064,-40.529,-33.204,-66.652,-47.731,-58.718,-82.644,-94.729,-108.04,-120,-157.11,-161.02,-130.99,-133.79,-135.01,-118.17,-125.98,-142.7,-111.45,82.034,75.076
68.972,64.089,61.892,61.281,60.671,54.445,45.289,37.599,25.758,28.687,74.831,57.253,25.88,26.49,67.873,88.137,68.606,61.281,92.898,135.75,203.25,277.72,145.27,-1.709,-45.9,-45.045,-117.68,-213.39,80.325,101.44,-51.881,-205.82,478.29,8.301,406.99,461.56,325.45,187.75,172.49,127.32,85.33,52.98,21.851,-9.5218,-24.537,-11.231,5.7375,43.458,26.246,22.95,9.7659,-1.0987,-93.875,-169.07,-109.99,-88.87,-85.208,-66.53,-43.58,-37.599,-44.679,-44.679,-39.186,-33.082,52.614,48.708
50.05,54.445,46.51,50.661,51.637,61.281,53.591,66.286,72.512,63.967,56.642,49.074,42.97,38.209,30.885,17.457,6.7141,8.6673,13.55,5.7375,-0.12207,0.4883,-8.4231,-37.355,-56.642,-80.691,-88.015,-101.2,-238.9,-461.93,-580.58,-491.47,-335.95,124.52,222.3,115.6,41.871,-26.246,32.472,79.47,-181.65,-258.06,-14.527,44.313,-43.092,-90.945,-212.78,-216.68,-158.21,49.196,273.2,256.97,-6.1037,-109.99,-87.405,-60.671,-35.035,-64.577,-107.18,-125,-79.104,-50.295,-18.799,1.587,15.87,1.9532
-9.5218,-20.386,-36.012,-57.619,-62.38,-54.689,-30.396,-12.574,17.579,38.331,52.492,42.604,-3.1739,22.584,59.938,81.057,119.02,143.56,167,208.14,237.07,249.64,262.95,245.25,150.76,161.26,214.97,262.83,111.58,333.51,181.52,411.76,837.43,1204.7,-24.171,163.7,339.24,135.38,58.84,73.733,23.316,-15.748,-0.97659,-16.114,-50.295,-56.887,-10.865,52.126,96.316,65.31,123.42,109.99,-67.629,-37.111,20.02,-46.51,-131.35,-139.41,-146.12,-170.66,-194.46,-176.15,-151.74,-187.87,29.908,27.833
30.641,32.472,33.204,33.326,32.105,24.781,12.696,10.01,1.587,2.5636,-12.329,-19.898,-14.771,-11.475,-21.241,-30.885,-27.955,-6.592,8.6673,3.1739,-25.513,-29.664,-43.214,-45.412,-28.077,-41.993,-75.198,-46.266,242.93,253.3,-198.49,-500.38,-315.56,-144.9,93.631,-18.311,55.055,-29.664,-172.61,-175.79,-99.612,-79.104,-79.47,-66.408,-54.933,-88.26,-97.171,-121.22,-114.87,-18.799,118.05,104.86,-64.089,-180.06,-150.4,-147.71,-222.42,-269.17,-239.75,-202.76,-147.47,-96.561,-56.032,-28.809,0.85452,-12.94
-16.602,-28.565,-36.012,-39.674,-45.167,-52.492,-58.962,-55.422,-30.763,22.095,46.876,47.609,63.601,73,61.281,30.03,20.386,40.04,59.206,70.07,68.239,20.508,-5.7375,-16.724,45.778,306.89,395.89,-94.363,237.68,461.68,192.88,-321.05,1300.1,1448.7,-41.261,-227.91,94.607,307.75,250.74,141.24,71.413,21.973,-4.5167,12.452,5.6154,-10.254,-51.515,-34.913,159.18,71.413,-29.542,-22.706,26.002,18.799,-1.709,-61.281,-138.43,-176.89,-107.3,-102.66,-134.89,-182.38,-204.6,-189.83,13.55,21.729
27.223,41.749,43.092,43.825,50.05,51.027,50.05,46.754,46.632,49.806,51.149,49.318,51.515,48.219,33.082,23.194,35.768,43.703,22.217,-25.269,-57.863,-75.198,-97.781,-121.59,-154.42,-174.08,-150.15,-143.93,-103.89,-33.082,-87.649,-226.69,-376.6,-523.45,-454.36,-482.8,-45.412,239.39,269.54,-98.27,-664.45,-657.98,-396.01,-88.382,55.91,-75.686,67.995,41.505,37.355,128.91,190.07,234.87,154.18,57.009,76.54,19.41,13.306,-86.795,-140.75,-149.17,-235.6,-182.26,1.0987,-21.363,-19.166,-17.457
-15.625,-12.574,-20.875,-29.176,-27.467,-4.1505,-14.649,3.9064,32.105,38.331,67.385,98.27,85.94,72.268,73.244,99.246,140.02,184.58,200.69,270.64,312.14,291.39,264.53,227.91,161.63,191.41,175.54,329.48,309.34,453.51,392.71,645.04,765.89,386.97,285.9,229.62,114.14,95.706,73.733,91.556,65.92,106.33,128.54,82.156,91.189,79.836,52.614,93.509,61.403,50.783,1.2207,-41.139,-69.704,-100.47,-120.61,-138.31,-165.04,-164.19,-167.12,-188.48,-215.22,-208.75,-187.75,-143.68,69.948,62.99
56.032,54.323,60.06,66.408,71.78,79.226,86.55,85.208,90.701,83.743,82.644,69.582,56.154,52.98,35.89,14.649,-3.7843,-4.1505,2.8077,9.5218,3.5401,-62.136,-48.83,-76.54,-108.65,-135.14,-69.216,-214.73,-5.6154,-482.92,-730.12,-301.16,377.7,-88.626,-343.15,-270.39,-614.03,-627.22,-404.07,-113.04,8.301,82.4,102.18,129.89,108.28,44.069,38.942,18.921,10.254,56.887,55.544,83.743,61.159,-59.45,-227.06,-306.04,-108.89,-64.211,-57.741,-55.666,-12.574,-136.23,-141.36,-105.11,35.524,41.017
53.224,60.06,78.249,82.888,81.912,79.958,81.79,82.888,83.865,72.146,65.676,55.544,49.806,37.721,25.758,7.6907,-24.659,-53.346,-51.149,-50.539,-47.243,-83.743,-111.58,-126.96,-213.75,-310.56,-375.01,-334.12,-280.16,-294.32,-671.04,-745.26,-780.91,-786.28,-611.96,-571.06,-870.63,-1379.8,-1221.4,-769.31,-699.12,-295.79,-246.59,-20.997,92.532,125.74,119.02,120,167.24,206.43,210.94,73.244,-61.403,9.6438,4.1505,-5.3713,86.673,42.116,-22.095,-42.116,-51.515,-22.462,31.861,51.637,31.129,29.298
27.345,27.1,27.711,28.565,31.129,34.303,40.162,35.768,47.731,46.51,49.074,55.422,65.065,91.678,105.96,108.16,91.678,60.793,46.51,37.477,25.269,17.457,2.1973,-61.281,-142.83,-183.6,-100.34,-63.601,-14.527,-38.82,-194.95,-454.36,-627.22,107.43,313.97,36.378,-121.95,41.139,-253.55,-715.84,-459.73,-109.26,121.22,197.76,145.15,183.97,176.89,137.94,164.56,246.59,201.79,-45.412,-14.771,-30.519,-10.376,31.617,-32.96,-156.99,-75.686,-65.554,-34.791,-107.06,-111.82,-168.95,36.012,38.82
40.895,54.445,48.83,52.858,46.388,35.035,28.443,51.637,88.26,139.41,138.55,134.4,104.13,97.903,119.51,122.2,83.865,68.361,115.73,120.61,57.863,43.825,-57.985,-48.585,38.942,136.72,-67.995,-277.6,141.48,276.62,-96.316,40.162,446.06,483.78,369.52,394.18,314.22,226.08,180.3,127.57,109.5,102.18,116.95,126.1,93.997,43.947,9.7659,-34.303,-92.288,-149.91,-142.83,-174.44,-275.15,-323.86,-365.49,-274.42,-236.34,-228.16,-192.75,-122.68,-69.094,-34.913,-25.391,-15.748,44.557,48.219
50.05,50.05,49.684,53.957,57.985,65.92,69.338,90.945,113.53,156.25,158.45,133.67,124.27,136.97,182.38,182.87,194.71,210.82,187.87,168.46,134.28,126.35,163.7,112.43,14.893,-24.537,-71.413,-109.99,-83.743,-213.39,-469.74,-813.5,-440.93,-187.26,-364.15,-529.92,-469.74,-423.23,-345.71,-390.76,-373.91,-238.53,-186.53,-124.03,30.396,98.514,129.4,188.24,174.44,210.33,187.87,66.53,-102.42,-136.6,-16.114,39.308,-136.97,-254.65,-242.19,-197.88,-151.98,-147.95,-61.769,-11.719,-27.223,-24.781
-27.223,-31.373,-24.293,14.527,37.477,53.346,65.798,68.117,73.122,71.78,73.977,95.828,99.246,109.99,106.81,107.91,123.91,109.62,141.24,140.87,151.98,140.63,69.216,29.542,229.87,79.47,102.91,179.57,304.82,658.35,379.77,1023.8,1489.5,42.726,116.34,200.69,167.61,100.71,22.584,61.037,88.504,120.49,84.231,31.007,12.94,74.709,110.35,153.2,185.92,111.45,48.463,69.582,79.348,48.463,0.4883,-49.684,-127.2,-139.16,-149.66,-181.16,-181.89,-180.3,-208.5,-213.63,53.102,62.868
64.333,66.53,63.967,62.99,64.455,57.985,50.05,40.162,33.204,28.932,21.119,10.987,-2.8077,7.6907,36.256,24.903,-23.56,-64.821,-92.654,-135.99,-168.95,-185.06,-172.73,-190.07,-116.34,-16.48,-114.99,-281.01,-492.57,-535.91,-502.58,-106.08,176.03,146.61,-244.88,-355.6,-194.34,-269.78,-322.89,-182.99,-72.268,-77.151,29.176,111.21,55.422,83.987,73.733,10.62,-3.7843,-28.199,-17.335,-10.498,24.049,43.458,28.443,8.6673,-17.823,-34.425,-39.43,-22.706,12.085,43.947,51.027,42.238,-1.8311,4.0284
14.283,41.505,51.637,53.835,68.972,83.865,101.93,103.52,84.964,76.296,83.499,80.447,78.127,85.696,99.368,123.05,151.98,201.06,215.46,250.74,270.27,172.98,149.3,213.75,102.42,138.8,189.58,233.65,676.53,1378,465.22,851.95,241.95,246.83,202.89,119.14,44.435,99.734,137.46,120.24,110.48,95.218,118.05,146.24,185.55,172.61,189.7,216.93,161.5,175.91,164.31,66.286,-22.706,-78.616,-179.82,-295.66,-326.3,-406.38,-412.61,-413.95,-337.41,-323.74,-389.54,-387.1,-16.846,-18.067
