-0.7134,-0.6382,-0.65041,-0.43312,-0.3838,-0.3545,-0.31593,-0.28809,-0.27491,-0.20606,-0.19434,-0.16846,-0.14161,-0.15186,-0.10596,-0.042482,-0.018555,-0.13575,-0.022462,0.077639,0.08594,0.027833,0.067873,0.10157,0.14747,0.13135,0.11328,0.38527,0.36573,0.35841,0.35743,0.33888,0.34474,0.31251,0.26222,0.2671,0.22755,0.20313,0.23585,0.22266,0.14991,0.14502,0.23194,0.23536,0.04297,-0.16993,-0.31251,-0.21827,0.008301,-0.22169,-0.28614,0.42286,1.8482,4.0035,5.7282,6.573,6.5564,4.9352,2.1226,0.35987,-0.26319,-0.044435,0.087893,0.044435,-0.062502,-0.0918
0.39454,0.36915,0.37062,0.36183,0.33546,0.31495,0.3169,0.2964,0.26222,0.26759,0.25684,0.26563,0.23048,0.19922,0.24366,0.26954,0.18604,0.17579,0.19337,0.23438,0.20606,0.1753,0.1543,0.17383,0.13184,0.08594,0.15284,0.1587,0.036134,-0.10157,-0.056642,0.013184,-0.049318,-0.16114,-0.2378,-0.25001,-0.45216,-0.5884,-1.5123,-4.7677,-4.3004,-5.5949,-4.2584,-2.9713,-1.6358,-0.89602,-0.66311,-0.24659,-0.54103,-0.80764,-0.33155,-0.050783,-0.48683,-0.40089,-0.51808,-0.52004,-0.46828,-0.57228,-0.68508,-0.83059,-0.83157,-0.84378,-0.95706,-1.0347,-1.1016,0.15088
-0.4048,-0.39259,-0.41408,-0.44728,-0.44288,-0.46535,-0.43605,-0.45607,-0.44728,-0.51027,-0.58986,-0.54347,-0.59133,-0.64309,-0.73782,-0.79299,-0.77737,-0.75491,-0.80911,-0.88089,-0.79104,-0.66457,-0.71242,-0.75246,-0.78665,-0.73586,-0.72561,-0.71877,-0.77639,-0.88968,-0.85354,-0.85989,-0.83401,-0.80569,-0.7842,-0.78372,-0.84475,-0.87356,-0.88382,-0.8428,-0.76418,-0.74563,-0.82864,-0.79543,-0.81399,-0.96048,-0.99222,-0.92874,-0.81106,-0.772,-0.82376,-0.89309,-0.86917,-0.85305,-0.84475,-0.84085,-0.85891,-0.84817,-0.83254,-0.81399,-0.80911,-0.80276,-0.81643,-0.80764,-0.76418,-0.72073
-0.30616,0.026856,0.067873,0.069338,0.020997,0.048341,0.028321,-0.014649,-0.055666,-0.06006,-0.012207,0.0092776,-0.055666,-0.062502,0.013184,0.0092776,-0.020508,0.0034181,0.000977,0.018555,0.061037,-0.012696,-0.095706,-0.019044,0.036622,-0.067385,-0.097171,0.020997,0.50295,1.0303,1.587,0.7344,1.2105,2.5396,1.2393,0.91702,0.94974,0.52248,0.073733,-0.19044,-0.12403,0.18506,0.17725,0.15186,0.08594,0.14942,0.18799,0.22657,0.37648,0.56008,0.6968,0.80569,0.97122,1.0376,0.8804,1.0669,0.85891,0.79006,0.76662,0.74319,0.73733,0.80422,0.82083,0.79006,0.67776,0.14112
0.0459,-0.0092776,-0.024415,0.024415,0.10987,0.055666,-0.012207,-0.050295,0.0063479,-0.013672,0.095218,0.095218,-0.17627,-0.36378,-0.10791,-0.089358,-0.024903,-0.13379,-0.088382,0.039552,1.0259,0.6465,0.53908,1.6207,1.1099,1.0025,0.73489,0.5508,0.32716,0.10938,-0.011231,0.088382,0.04297,-0.030763,0.057131,0.020508,0.19922,0.27686,0.28614,0.39357,0.67385,0.89358,1.0288,1.148,1.0362,0.89016,0.82376,0.93997,0.83254,0.77883,0.94192,1.1094,1.1324,1.0415,1.084,1.0113,1.0039,1.0274,1.0181,1.0074,0.95608,0.88772,0.94583,0.90725,0.94143,0.27979
0.20997,0.16651,0.20655,0.17579,0.15235,0.13526,0.16016,0.125,0.090335,0.10645,0.16749,0.13428,0.10401,0.16309,0.19385,0.146,0.16553,0.10401,0.089358,0.14698,-0.062502,-0.08594,0.098148,0.16114,0.06006,-0.098636,-0.014161,0.10547,0.27882,0.15137,0.22364,0.89944,1.0493,0.80325,0.89261,1.2867,1.2349,0.65627,0.16504,0.13916,0.17676,0.20313,-0.030274,-0.083499,-0.030274,0,-0.012696,0.027833,0.048341,0.075686,0.11768,0.17432,0.33644,0.53713,0.70559,0.70022,0.76858,0.78176,0.64406,0.64406,0.5508,0.7051,0.56838,0.51418,0.62844,0.15137
0.17237,0.16846,0.13916,0.11573,0.10547,0.11817,0.10205,0.086428,0.06006,0.055666,0.092288,0.064455,0.048341,0.078127,0.099612,0.073244,0.044923,-0.012696,-0.014161,0.038087,0.016602,-0.021485,-0.0029298,0.014649,0.046388,0.034669,-0.10645,-0.087893,-0.20606,-0.092288,0.19922,0.27979,0.64357,0.65285,0.69094,0.97952,1.4947,1.9937,2.274,1.5103,1.4092,0.66408,0.26124,0.12354,-0.050295,-0.077639,-0.035157,-0.021485,0.022462,0.034669,0.1001,0.19385,0.30274,0.41212,0.57717,0.87014,0.93997,1.4146,1.1358,1.459,1.1265,0.93558,0.80032,0.64748,0.72121,0.089846
0.10108,0.073244,0.050295,0.061525,0.050783,-0.01709,-0.034669,0.044923,0.048341,-0.0068361,-0.050295,0.087893,0.060549,-0.013184,-0.094729,0.093753,-0.0073244,-0.14698,0.013184,0.19483,0.51906,0.35011,0.59963,1.2256,1.6827,1.7427,2.6768,2.2481,2.2291,1.1836,0.20215,0.34034,-0.016602,-0.02002,0.081057,-0.0058596,0.034669,0.0073244,-0.019044,-0.010254,0.061525,0.17579,0.38478,0.50685,0.71633,0.7969,1.0625,1.2051,1.1021,0.95267,0.85452,0.68899,0.62697,0.67434,0.7383,0.86868,0.94925,1.0064,1.0464,1.1123,1.1285,1.0225,0.93606,0.90579,0.89749,0.90091
0.8721,0.92972,0.88284,0.82815,0.79397,0.85305,0.86966,0.79397,0.75539,0.80471,0.82278,0.80227,0.80227,0.71877,0.68459,0.65188,0.68166,0.63674,0.54006,0.50587,0.55861,0.49611,0.43849,0.41066,0.46632,0.46046,0.46779,0.46583,0.45802,0.35743,0.32911,0.29981,0.25489,0.30714,0.42824,0.39161,0.29737,0.35401,0.29933,0.36476,0.34962,0.4004,0.48195,0.44337,0.43263,0.41505,0.46779,0.50636,0.55519,0.51466,0.50099,0.46242,0.46388,0.41945,0.46535,0.44435,0.43068,0.44728,0.42872,0.41993,0.39259,0.34913,0.37013,0.3423,0.32472,0.33351
0.32081,0.40187,0.41749,0.38771,0.3589,0.32374,0.29395,0.26368,0.2295,0.21485,0.19239,0.14063,0.13965,0.11426,0.11573,0.12598,0.061525,0.050783,0.026856,0.018067,0.016114,-0.061525,-0.089358,-0.095218,-0.10108,-0.12696,-0.15674,-0.17139,-0.19971,-0.18946,-0.23878,-0.29151,-0.28809,-0.37892,-0.45265,-0.52004,-0.65773,-0.65139,-0.82962,-0.67531,-0.60353,-0.72903,-0.80667,-0.85208,-0.86038,-0.89261,-0.87649,-0.86721,-0.918,-0.95901,-0.97171,-0.89895,-0.91116,-0.876,-0.88382,-0.94388,-0.94681,-0.85891,-0.81448,-0.80032,-0.78372,-0.72073,-0.71633,-0.72121,-0.73489,-0.70559
0.1167,0.094241,0.10889,0.10498,0.064455,0.01709,0.015625,0.028809,0.020997,0.06299,0.12793,0.087893,0.037111,0.051271,0.10498,0.02002,0.044435,-0.056642,-0.049806,0.082034,0.04004,0.040529,0.085452,0.16846,-0.013672,-0.2544,-0.27149,0.17579,1.1773,1.0904,0.57765,1.6343,1.2369,0.44044,0.6802,0.34523,0.1377,0.18018,-0.20264,-0.2129,0.0029298,0.018555,0.0019532,-0.08594,-0.07178,-0.039552,-0.031739,0.082522,0.06592,0.073733,-0.017579,-0.044435,0.096194,0.12696,-0.0073244,-0.019532,0.059084,-0.11719,-0.14209,0.033204,0.14698,0.13868,0.18897,0.22803,0.23585,0.21583
0.21192,0.23634,0.24317,0.2085,0.1709,0.17335,0.13721,0.13428,0.11475,0.038087,0.034669,0.089358,0.12256,0.070315,0.035646,0.055177,0.084964,0.11035,0.075198,0.022462,-0.19239,0.06885,0.3169,-0.27735,0.18409,0.97073,0.96683,0.91263,0.93948,0.9512,0.51466,0.36573,0.1045,0.015625,-0.10987,-0.16651,-0.10987,-0.26417,-0.25831,-0.3379,-0.24854,-0.2627,-0.29395,-0.22169,-0.22608,-0.34181,-0.35108,-0.31251,-0.32618,-0.37648,-0.33937,-0.28614,-0.29737,-0.22071,-0.19092,-0.2212,-0.2251,-0.14014,-0.076662,-0.12305,-0.18653,-0.091311,0.0058596,-0.058107,-0.24903,0.3086
0.29542,0.25782,0.2461,0.25782,0.28224,0.27442,0.23585,0.22559,0.22071,0.24024,0.26661,0.27003,0.27931,0.21729,0.16651,0.16651,0.15723,0.21876,0.032716,-0.10303,0.0058596,0.061037,0.10596,0.04883,-0.027345,0.0043947,0.020508,0.068361,0.18799,0.29688,0.21534,0.10303,0.3921,1.4644,0.68215,1.7281,1.1231,0.88333,0.79299,0.69045,0.33058,0.054689,-0.012696,-0.041505,-0.045412,-0.072756,0.045412,0.049318,0.047365,0.078127,0.045412,0.20704,0.1167,0.17335,0.31544,0.34034,0.2378,0.18555,0.23682,0.20997,0.11426,0.080081,0.16065,0.26856,0.37745,0.30909
0.30079,0.30909,0.2754,0.24317,0.26222,0.25391,0.22169,0.18848,0.16358,0.17676,0.1709,0.15577,0.10645,0.078616,0.12256,0.11914,0.092288,0.073244,0.096683,0.084475,0.035646,-0.084964,-0.061037,-0.025391,0.082034,0.060549,-0.030763,0.18018,0.20948,-0.12207,0.14307,0.9512,0.67678,1.0391,1.0059,0.41749,0.70461,0.76418,0.43165,0.04297,-0.090823,-0.072268,-0.18555,-0.18946,-0.23975,-0.21827,-0.15332,-0.18653,-0.041505,-0.12842,-0.23341,-0.21778,-0.48439,-0.62551,-0.59816,-0.5547,-0.67092,-0.84182,-0.72854,-0.66994,-0.52882,-0.49025,-0.48634,-0.53175,-0.65627,0.15186
0.18165,0.16602,0.18702,0.19922,0.19581,0.16504,0.21485,0.2168,0.19434,0.19727,0.20362,0.20801,0.23341,0.22706,0.20264,0.22315,0.23438,0.24415,0.23096,0.2085,0.17627,0.17042,0.21241,0.26124,0.24854,0.20606,0.17286,0.22364,0.20655,0.10254,-0.0058596,0.077639,0.13135,0.034181,0.023438,-0.016114,-0.0068361,-0.037599,-0.037111,-0.0092776,-0.048341,-0.14698,-0.27052,-0.37989,-0.46876,-0.4673,-0.39796,-0.47218,-0.23096,-0.41603,-0.43361,-0.46144,-0.52004,-0.52834,-0.52248,-0.46876,-0.41652,-0.38478,-0.4087,-0.4883,-0.45509,-0.53468,-0.54152,-0.65236,-0.77297,-0.73342
0.62404,0.63234,0.59133,0.61281,0.63869,0.605,0.6216,0.66164,0.65188,0.64211,0.63088,0.59719,0.64504,0.66311,0.58303,0.58693,0.5923,0.56203,0.51173,0.4341,0.49074,0.52345,0.57131,0.54592,0.50002,0.50246,0.54396,0.53468,0.60842,0.62844,0.6885,0.71291,0.81204,0.66945,0.76272,0.66457,0.65773,0.53029,0.8384,1.4449,1.2871,1.1563,1.1587,1.2276,1.2671,0.70705,0.41115,0.49367,0.4507,0.37306,0.2295,0.2378,0.18409,0.12696,0.24073,0.18946,0.26514,0.24561,0.21143,0.22706,0.29981,0.26954,0.31056,0.33204,0.24171,0.14454
0.28663,0.28321,0.24073,0.22364,0.22901,0.24317,0.23878,0.2378,0.25147,0.25294,0.24854,0.24903,0.27686,0.29151,0.30421,0.33448,0.33985,0.30665,0.37648,0.38527,0.44972,0.33937,0.44288,0.20606,0.54982,0.90188,1.1402,1.2544,1.6104,2.3096,2.8805,3.1065,2.961,2.5631,1.8907,1.3033,0.74709,0.88626,1.1958,0.8594,0.6133,1.0669,1.3223,1.5469,1.5123,1.4258,1.4219,1.462,1.3174,1.2461,1.2569,1.3204,1.3731,1.3433,1.3428,1.3262,1.3267,1.294,1.292,1.378,1.3999,1.3423,1.3726,1.4742,1.4869,1.4175
0.70852,0.67043,0.6343,0.60646,0.63478,0.60793,0.54299,0.56691,0.56105,0.56154,0.53224,0.4883,0.4839,0.52492,0.65285,0.72219,0.63234,0.64602,0.71828,0.44972,0.63381,0.63918,0.69485,0.76125,0.92288,0.99368,1.0933,1.7129,2.6705,1.0459,1.0625,1.7501,1.1885,0.62111,0.51515,0.37062,0.40724,0.51418,0.37306,0.43263,0.50197,0.37208,0.27296,0.29298,0.3882,0.42286,0.36134,0.39113,0.44044,0.46242,0.51711,0.60451,0.70998,0.83157,0.84622,0.80081,0.8096,0.87942,0.88284,0.80081,0.78127,0.77541,0.71828,0.76028,0.70559,0.66066
0.69582,0.65139,0.64992,0.62648,0.62697,0.60012,0.57912,0.55568,0.56496,0.55324,0.55519,0.56642,0.54543,0.5508,0.55275,0.53713,0.57424,0.51711,0.18995,0.33253,0.55129,0.8262,0.80081,0.79153,0.62941,0.74123,1.0313,1.8541,2.7769,4.1212,4.2262,3.7452,3.0836,2.2247,1.316,1.0635,1.2251,0.93851,0.9053,0.89456,0.89749,0.86233,0.67336,0.75295,0.94583,1.0489,1.1035,1.1597,1.3003,1.4019,1.4952,1.4932,1.4854,1.5127,1.5074,1.4854,1.3999,1.357,1.3633,1.3902,1.4517,1.4136,1.3799,1.3536,1.337,1.3282
0.68899,0.6426,0.62111,0.63137,0.61721,0.57277,0.52589,0.48,0.51418,0.46925,0.54152,0.6133,0.62453,0.56301,0.52492,0.5425,0.50197,0.47169,0.54103,0.50441,0.54201,0.49025,0.58498,0.57228,0.65676,0.64357,0.72658,0.72024,0.65139,0.93362,1.2554,1.3824,1.2862,1.0108,1.3335,1.4336,1.1055,0.74319,0.6758,0.69582,0.76125,0.78518,0.85989,0.86868,0.71682,0.58986,0.54543,0.59035,0.6885,0.73147,0.78616,0.84231,0.86575,0.95413,1.0371,1.0757,1.0826,1.1089,1.0469,1.0762,1.1387,1.1446,1.0977,1.0357,1.0591,0.70168
0.68606,0.66555,0.64113,0.58742,0.59816,0.61184,0.65334,0.66164,0.61232,0.57082,0.43068,0.48683,0.45265,0.53078,0.53664,0.40626,0.33302,0.26319,-0.10987,-0.58205,-1.3623,-1.3081,-0.71291,-0.71535,-1.483,-3.0113,-1.356,-1.5425,-1.814,-1.4214,-1.0948,-0.7134,-0.60256,-0.58058,0.10254,-0.20557,-0.029298,-0.40138,-0.033204,-0.083987,-0.008301,-0.010254,0.027345,-0.046876,-0.033692,-0.12989,-0.16163,-0.35157,-0.48976,-0.64699,-0.63771,-0.65432,-0.89114,-0.89212,-0.48292,-0.55617,-0.25391,-0.20411,-0.098148,-0.050295,-0.21436,-0.22901,-0.18751,-0.12647,-0.14063,-0.15479
0.68459,0.66115,0.70412,0.68264,0.66164,0.62844,0.62844,0.59865,0.57277,0.61379,0.55861,0.60695,0.67043,0.61916,0.56642,0.5547,0.63869,0.62941,0.58693,0.52589,0.52345,0.59767,0.55031,0.50148,0.49171,0.66652,0.66164,0.64162,0.79739,0.96878,0.93069,1.212,1.5923,1.7486,1.439,1.3453,0.97513,0.98001,0.93655,0.71731,0.53175,0.68166,0.68801,0.65578,0.57082,0.52931,0.62893,0.45265,0.40187,0.44386,0.32374,0.33253,0.40236,0.45314,0.39113,0.42677,0.48048,0.54103,0.53224,0.56398,0.63527,0.71047,0.65041,0.5464,0.53859,0.52736
-0.7134,-0.6382,-0.65041,-0.43312,-0.3838,-0.3545,-0.31593,-0.28809,-0.27491,-0.20606,-0.19434,-0.16846,-0.14161,-0.15186,-0.10596,-0.042482,-0.018555,-0.13575,-0.022462,0.077639,0.08594,0.027833,0.067873,0.10157,0.14747,0.13135,0.11328,0.38527,0.36573,0.35841,0.35743,0.33888,0.34474,0.31251,0.26222,0.2671,0.22755,0.20313,0.23585,0.22266,0.14991,0.14502,0.23194,0.23536,0.04297,-0.16993,-0.31251,-0.21827,0.008301,-0.22169,-0.28614,0.42286,1.8482,4.0035,5.7282,6.573,6.5564,4.9352,2.1226,0.35987,-0.26319,-0.044435,0.087893,0.044435,-0.062502,-0.0918
-0.07178,-0.022462,-0.032716,-0.012696,-0.077639,-0.019532,0.063478,0.18555,0.43995,0.84524,1.4512,2.0342,2.0733,1.8458,1.9371,1.9913,1.5396,1.1651,1.023,0.98636,0.91702,0.25196,0.29884,0.30811,0.29395,0.32423,0.35353,0.34718,0.34376,0.34913,0.33302,0.32472,0.30811,0.33497,0.32765,0.29981,0.29933,0.31104,0.29249,0.27833,0.29298,0.25977,0.23634,0.18604,0.1963,0.23292,0.21876,0.19483,0.14795,0.12354,0.125,0.051759,0.10889,0.10645,0.094241,0.13623,0.14795,0.094729,0.016114,0.097659,0.047853,0.14893,0.12647,0.41359,1.3731,3.3922
0.1211,0.045412,0.1128,0.15528,0.11035,0.12598,0.19092,0.11328,0.047365,0.15332,0.051271,-0.073733,-0.089846,-0.0019532,0.095706,0.0058596,-0.070315,-0.046876,0.064943,-0.22315,-0.61086,-1.5611,-4.8522,-4.0143,-3.9069,-5.4508,-4.1764,-2.255,-1.2427,-0.82522,-0.57668,0.10547,-0.28809,-0.30958,-0.22559,-0.23389,-0.3003,-0.30616,-0.35353,-0.35255,-0.35743,-0.41847,-0.42335,-0.66018,-0.65529,-0.82376,-0.82083,-0.93362,-1.4156,-1.5025,-1.5025,-1.2935,-1.6739,-1.9239,-2.2208,-2.1627,-1.8018,-1.3501,-1.1426,-1.022,-0.95804,-0.78225,-0.75344,-0.58498,-0.27686,0.19922
0.12159,0.11231,0.10791,0.086917,0.090335,0.085452,0.090823,0.056642,0.056154,0.10157,0.085452,0.041505,-0.2251,-0.12354,0.040529,-0.24219,-1.6011,-2.7174,-4.3624,-5.5593,-4.4996,-4.5846,-2.9342,-1.482,-0.98441,-0.54054,-0.37306,-0.25587,-0.45997,-0.2295,-0.50685,-0.35694,-0.32081,-0.4297,-0.5005,-0.4883,-0.64797,-0.54543,-0.74319,-0.70266,-0.8511,-0.86673,-0.95999,-0.91849,-1.045,-1.2437,-1.2535,-1.4473,-1.3848,-1.5474,-1.6041,-1.6993,-1.8101,-1.5552,-1.3135,-1.2178,-1.084,-0.96048,-0.94485,-1.0298,-0.82229,-0.50197,-0.45705,-0.3921,-0.39454,-0.7676
-0.40968,-0.43751,-0.64064,-0.7759,-0.8804,-0.94192,-1.1328,-1.0708,-1.0186,-1.042,-1.105,-1.0826,-0.99954,-1.041,-0.97464,-0.92874,-0.93069,-0.97708,-1.0186,-0.99417,-0.96048,-1.0313,-1.1084,-1.187,-1.1841,-1.0069,-1.0113,-1.0445,-1.0542,-1.024,-0.95169,-0.99564,-1.0152,-0.95804,-0.97073,-0.90628,-0.91849,-0.94681,-0.89358,-0.86721,-0.8345,-0.89261,-0.90384,-0.91067,-0.82815,-0.83401,-0.86526,-0.86673,-0.87405,-0.87063,-0.9595,-0.96487,-0.99661,-0.94485,-0.99612,-1.0923,-1.0884,-1.0254,-0.97464,-1.0147,-0.93899,-0.91165,-0.90237,-0.90823,-0.91458,-0.88284
0.17237,0.16846,0.13916,0.11573,0.10547,0.11817,0.10205,0.086428,0.06006,0.055666,0.092288,0.064455,0.048341,0.078127,0.099612,0.073244,0.044923,-0.012696,-0.014161,0.038087,0.016602,-0.021485,-0.0029298,0.014649,0.046388,0.034669,-0.10645,-0.087893,-0.20606,-0.092288,0.19922,0.27979,0.64357,0.65285,0.69094,0.97952,1.4947,1.9937,2.274,1.5103,1.4092,0.66408,0.26124,0.12354,-0.050295,-0.077639,-0.035157,-0.021485,0.022462,0.034669,0.1001,0.19385,0.30274,0.41212,0.57717,0.87014,0.93997,1.4146,1.1358,1.459,1.1265,0.93558,0.80032,0.64748,0.72121,0.089846
0.10108,0.073244,0.050295,0.061525,0.050783,-0.01709,-0.034669,0.044923,0.048341,-0.0068361,-0.050295,0.087893,0.060549,-0.013184,-0.094729,0.093753,-0.0073244,-0.14698,0.013184,0.19483,0.51906,0.35011,0.59963,1.2256,1.6827,1.7427,2.6768,2.2481,2.2291,1.1836,0.20215,0.34034,-0.016602,-0.02002,0.081057,-0.0058596,0.034669,0.0073244,-0.019044,-0.010254,0.061525,0.17579,0.38478,0.50685,0.71633,0.7969,1.0625,1.2051,1.1021,0.95267,0.85452,0.68899,0.62697,0.67434,0.7383,0.86868,0.94925,1.0064,1.0464,1.1123,1.1285,1.0225,0.93606,0.90579,0.89749,0.90091
0.8721,0.92972,0.88284,0.82815,0.79397,0.85305,0.86966,0.79397,0.75539,0.80471,0.82278,0.80227,0.80227,0.71877,0.68459,0.65188,0.68166,0.63674,0.54006,0.50587,0.55861,0.49611,0.43849,0.41066,0.46632,0.46046,0.46779,0.46583,0.45802,0.35743,0.32911,0.29981,0.25489,0.30714,0.42824,0.39161,0.29737,0.35401,0.29933,0.36476,0.34962,0.4004,0.48195,0.44337,0.43263,0.41505,0.46779,0.50636,0.55519,0.51466,0.50099,0.46242,0.46388,0.41945,0.46535,0.44435,0.43068,0.44728,0.42872,0.41993,0.39259,0.34913,0.37013,0.3423,0.32472,0.33351
0.30079,0.30909,0.2754,0.24317,0.26222,0.25391,0.22169,0.18848,0.16358,0.17676,0.1709,0.15577,0.10645,0.078616,0.12256,0.11914,0.092288,0.073244,0.096683,0.084475,0.035646,-0.084964,-0.061037,-0.025391,0.082034,0.060549,-0.030763,0.18018,0.20948,-0.12207,0.14307,0.9512,0.67678,1.0391,1.0059,0.41749,0.70461,0.76418,0.43165,0.04297,-0.090823,-0.072268,-0.18555,-0.18946,-0.23975,-0.21827,-0.15332,-0.18653,-0.041505,-0.12842,-0.23341,-0.21778,-0.48439,-0.62551,-0.59816,-0.5547,-0.67092,-0.84182,-0.72854,-0.66994,-0.52882,-0.49025,-0.48634,-0.53175,-0.65627,0.15186
0.1587,0.14161,0.1333,0.10694,0.072756,0.092776,0.14502,0.20313,0.21583,0.064455,0.096194,0.1919,0.21924,0.18506,0.067873,-0.066897,-0.019532,0.070315,-0.13526,-0.098148,0.5298,0.69631,1.0078,0.32325,1.2989,0.58693,0.59865,0.60256,0.313,0.050295,0.078127,-0.096683,-0.13868,-0.097659,-0.12256,-0.075686,-0.06592,-0.069826,-0.0068361,0.071291,0.14844,0.19239,0.036134,0.080081,-0.0014649,-0.08594,-0.067385,-0.04004,-0.038575,-0.049806,-0.10889,-0.18995,-0.13428,-0.033692,0.064455,0.08887,0.011719,-0.020508,-0.093265,-0.21436,-0.18946,-0.069338,-0.0459,0.052736,0.061037,0.27979
0.71975,0.70656,0.6924,0.69143,0.66652,0.65871,0.62551,0.59474,0.56154,0.56984,0.56642,0.52931,0.52687,0.52199,0.49513,0.50148,0.47218,0.47267,0.49416,0.50978,0.6006,0.41261,0.59133,0.8135,1.1597,1.2271,1.5948,2.1524,2.669,2.9615,2.9454,2.4478,1.7388,1.3335,1.0293,0.86575,0.93216,1.0821,1.0454,1.3233,1.3067,1.2535,1.3775,1.5098,1.5811,1.3887,1.3155,1.3194,1.3013,1.2891,1.2085,1.2051,1.2393,1.3052,1.3008,1.3501,1.3863,1.4253,1.4463,1.4253,1.4122,1.3916,1.4537,1.3999,1.3755,1.3531
0.66799,0.64504,0.6299,0.62941,0.67971,0.62844,0.62014,0.51515,0.41652,0.46486,0.48781,0.46437,0.45656,0.48732,0.4756,0.46925,0.46974,0.51955,0.48976,0.52199,0.49416,0.51808,0.7969,0.88186,1.001,1.5884,1.9786,2.2051,2.6944,2.7315,2.5938,1.9659,1.4966,1.0948,1.0152,0.72854,0.6006,0.73,0.86038,1.0069,1.0367,1.1245,1.3741,1.6758,1.855,1.9512,1.9376,1.8995,1.7344,1.4224,1.4224,1.3311,1.149,1.0894,1.0616,1.0381,1.1045,1.1441,1.2266,1.3843,1.3838,1.4156,1.4668,1.5201,1.5245,1.504
0.62404,0.626,0.54054,0.52736,0.48927,0.50441,0.53517,0.55763,0.47755,0.58596,0.46925,0.39845,0.35939,0.52882,0.51369,0.45949,0.41896,0.56154,0.59133,0.64895,0.50783,0.45363,0.66311,0.459,-0.018067,0.22803,0.43849,1.0166,1.3047,1.6094,2.2847,0.75344,1.2745,1.2579,0.59523,0.53908,0.5049,0.66799,0.61672,0.50343,0.49464,0.50685,0.5215,0.49562,0.4507,0.46583,0.36378,0.31886,0.3921,0.4839,0.42433,0.43556,0.44435,0.44533,0.43995,0.44826,0.46095,0.48292,0.48634,0.42628,0.46925,0.51173,0.55959,0.61525,0.54152,0.43995
0.45997,0.41261,0.38234,0.42189,0.42042,0.43068,0.40822,0.4546,0.38722,0.35011,0.23194,0.27442,0.42042,0.37989,0.1128,-0.089358,-0.36427,-0.85891,-0.76125,-0.67336,-0.85354,-0.76955,-0.76223,-1.024,-1.2056,-1.7154,-1.4302,-1.0113,-0.97708,-1.0376,-0.96097,-0.65139,-0.4629,-0.37941,-0.32179,-0.14063,-0.08594,-0.049318,-0.012207,-0.067873,-0.082034,-0.041017,-0.12354,-0.1709,-0.30714,-0.34913,-0.40333,-0.41993,-0.41798,-0.42433,-0.4087,-0.39503,-0.33888,-0.29054,-0.24952,-0.24366,-0.28028,-0.31642,-0.19776,-0.23682,-0.26173,-0.24903,-0.25684,-0.27833,-0.29688,-0.31153
-0.67476,-0.67293,-0.66378,-0.66103,-0.65737,-0.63082,-0.64364,-0.64455,-0.63997,-0.64272,-0.64455,-0.62899,-0.69124,-0.67202,-0.66744,-0.66652,-0.68392,-0.68484,-0.66469,-0.68209,-0.64913,-0.62716,-0.59603,-0.57863,-0.50722,-0.50081,-0.42756,-0.36622,-0.3882,-0.29847,-0.50172,-0.054018,1.2452,3.4169,4.9733,7.6485,6.1205,2.1351,-0.67568,-1.0547,-1.0309,-1.138,-0.78829,-0.65462,-0.54018,-0.44496,-0.45045,-0.35432,-0.2298,0.021973,0.3122,0.62258,0.82858,0.80386,0.7004,0.50722,0.33967,0.38087,0.64913,0.48067,0.36714,0.55483,0.60701,0.84048,0.69216,-0.60244
-0.60335,-0.62807,-0.618,-0.61434,-0.60518,-0.63173,-0.63814,-0.63906,-0.64638,-0.6473,-0.67385,-0.6766,-0.67385,-0.69948,-0.71322,-0.7828,-0.79928,-0.79928,-0.76815,-0.75259,-0.67751,-0.62716,-0.65004,-0.54384,-0.41658,-0.60427,-0.3827,-0.24171,-0.34974,0.14649,0.20966,0.60976,1.3559,2.7503,3.6329,3.0122,1.583,0.89999,0.28565,-0.12085,-0.20875,0.18952,0.23713,0.37996,0.083316,0.0036622,-0.17304,-0.14466,-0.05768,0.12543,0.37538,0.58229,0.70498,0.75991,0.75991,0.73428,0.66195,0.65279,0.65645,0.57131,0.066836,-0.01648,0.1941,0.42482,0.42665,0.63173
0.40834,0.25636,0.26185,0.13825,0.0064089,-0.37904,-0.43306,-0.42024,-0.35066,-0.24445,-0.030213,0.2179,0.50813,0.82858,1.1957,1.3944,1.5052,1.4164,0.99979,0.58321,0.29298,0.048524,-0.078738,-0.16755,-0.1236,-0.073244,0.042116,0.18403,0.35981,0.54384,0.65188,0.81759,2.5929,2.5929,4.4496,4.3095,3.5148,2.852,0.97049,0.10254,-0.64089,-1.0318,-0.70315,-0.2591,0.0018311,0.14283,0.22706,0.25727,0.24445,0.27741,0.23072,0.17487,0.1822,0.19135,0.35066,0.48616,0.74343,0.88076,0.88534,0.75808,0.70132,0.66652,0.57772,0.45045,0.35798,0.30213
0.35707,0.37629,0.43672,0.29664,0.1529,0.044862,-0.16388,-0.23072,-0.32136,-0.39003,-0.46327,-0.38911,-0.33692,-0.091556,0.075076,0.32868,0.75716,1.2305,1.6517,1.7588,1.6819,1.2305,0.69491,0.27375,-0.054933,-0.19318,-0.18403,-0.13367,-0.086978,0.0064089,0.10987,0.31129,5.1234,8.1228,8.3334,4.6236,0.45686,-0.93387,-0.95309,-1.2131,-0.97873,-0.69399,-0.60701,-0.55757,-0.51546,-0.61251,-0.57955,-0.48341,-0.3827,-0.26551,0.14832,0.60152,1.204,1.8467,2.1314,1.7432,1.4008,0.99796,0.82125,0.56398,0.27284,0.23347,0.32228,0.24354,0.15748,0.17212
0.13459,0.16388,0.15839,0.060427,-0.18036,-0.20692,-0.28474,-0.32044,-0.30854,-0.23896,-0.16846,-0.013733,0.23347,0.37538,0.70406,1.117,1.3944,1.5729,1.4466,1.1435,0.75533,0.35707,0.11536,-0.04944,-0.10346,-0.09064,-0.04944,0.047609,0.15931,0.34974,0.46785,0.57863,0.8066,3.6183,4.1365,4.8003,4.4304,1.377,0.57863,-0.57955,-0.87802,-0.47609,-0.44038,-0.33601,-0.27924,-0.18769,-0.09888,0.0412,0.27741,0.52828,0.7416,0.88626,0.69308,0.55483,0.67751,0.47609,0.53468,0.53652,0.45228,0.50539,0.60976,0.67934,0.61251,0.56856,0.44679,0.26368
0.10712,0.059511,0.088809,0.12543,0.26551,0.40925,0.49715,0.45412,0.41017,0.16572,0.11536,-0.083316,-0.14191,-0.2472,-0.24812,-0.23621,-0.1941,-0.092471,0.16114,0.49898,0.88351,1.2122,1.4219,1.4411,1.2149,0.90457,0.52004,0.26093,0.064089,-0.027467,-0.051271,-0.037538,3.5853,5.0768,5.6664,4.586,1.2626,0.20692,-0.91372,-0.70498,-0.60244,-0.59053,-0.4706,-0.40101,-0.35981,-0.29939,-0.14649,0.015564,0.23255,0.61617,0.87893,1.0804,1.258,0.9888,0.79653,0.78921,0.62075,0.50172,0.46327,0.43397,0.42756,0.43397,0.35157,0.36988,0.23896,0.18769
0.16205,0.31312,0.39094,0.5356,0.60427,0.59145,0.50264,0.17304,-0.17853,-0.25727,-0.32044,-0.38636,-0.34059,-0.40651,-0.26093,-0.19684,0.13276,0.56673,0.98788,1.3166,1.4878,1.4457,1.2214,0.76998,0.43214,0.22523,0.080569,-0.0045778,0.032044,0.064089,0.15107,0.25361,1.0749,3.5862,3.9625,4.6345,3.8948,0.94485,0.38087,-0.5649,-0.76907,-0.52553,-0.41566,-0.20142,-0.031129,0.054933,0.095218,0.21973,0.41566,0.5649,0.69948,0.61617,0.58138,0.6354,0.73611,0.62899,0.44954,0.4413,0.5063,0.4532,0.44313,0.48158,0.47975,0.37996,0.32044,0.25269
0.035707,-0.094302,0.091556,0.2472,0.22156,0.67385,0.78738,0.85055,0.68392,0.38911,0.27741,0.013733,-0.22614,-0.40101,-0.38179,-0.39003,-0.3177,-0.28382,-0.079653,0.41017,0.8002,1.2818,1.4951,1.5546,1.2268,0.81576,0.46785,0.1886,0.078738,0.010071,0.031129,0.080569,2.7146,0.45961,-0.51546,-0.75442,-0.71871,-0.67476,-0.51088,-0.34608,-0.41108,-0.3177,-0.30854,-0.2591,-0.020142,0.31129,0.62899,0.98331,1.2726,1.2726,1.0813,1.0465,0.82858,0.60152,0.43123,0.37355,0.29115,0.36897,0.34608,0.35524,0.15015,0.13276,0.13733,0.11078,0.27284,0.5475
0.7654,0.77456,0.51088,0.22523,-0.017396,-0.17487,-0.30122,-0.32777,-0.22248,-0.16297,-0.13367,0.061342,0.35981,0.71139,1.0254,1.2442,1.3111,1.2891,1.0163,0.66836,0.32685,0.11902,0.037538,-0.015564,-0.011902,0.069582,0.16938,0.28291,0.39644,0.477,0.5063,0.55391,1.6773,3.6714,3.2804,2.4354,2.363,1.0639,0.23438,-0.1941,-0.083316,-0.49532,-0.083316,-0.036622,0.11536,0.23164,0.29389,0.50172,0.33326,0.57772,0.42848,0.086978,0.32319,0.49074,0.38545,0.65188,0.69948,0.66378,0.54201,0.55116,0.58962,0.58962,0.48982,0.51088,0.30122,0.23621
0.20142,0.20508,0.20051,0.1941,0.13184,0.32502,0.70681,0.84597,1.0556,0.89175,0.55574,0.12452,-0.06592,-0.34242,-0.41749,-0.50722,-0.52736,-0.49532,-0.38911,-0.19684,0.0018311,0.3177,0.74801,1.1811,1.6288,1.67,1.4933,1.0053,0.56948,0.26368,0.096133,-0.058596,-0.23621,-0.87893,-0.067751,2.4711,1.6141,1.529,2.0637,1.8604,0.73611,0.5063,0.44404,0.48158,0.43031,0.56398,0.50356,0.42207,0.43031,0.23438,0.093387,0.089724,0.12818,0.21973,0.33418,0.36714,0.477,0.48891,0.58229,0.60793,0.62532,0.69582,0.70681,0.63631,0.412,0.23164
0.087893,0.18677,0.37172,0.33601,0.11902,0.25544,0.36622,0.64089,0.65828,0.65462,0.35615,0.02472,-0.088809,-0.57405,-0.31495,-0.27375,-0.16572,-0.14924,-0.097049,-0.02472,0.32319,0.618,1.1216,1.4283,1.4072,1.2424,0.95859,0.62349,0.37629,0.1941,0.038453,-0.052187,-0.69582,0.32319,1.3807,1.474,1.8073,1.4658,1.0703,0.69948,0.53102,0.61617,0.62258,0.63448,0.51912,0.52828,0.5356,0.47151,0.34516,0.21699,0.2298,0.23804,0.24995,0.347,0.41932,0.44679,0.47334,0.52004,0.42299,0.52187,0.44496,0.50172,0.51912,0.49898,0.45045,0.40101
0.36531,0.5942,0.44954,0.13001,0.16297,0.25819,0.29939,0.13276,-0.0054933,-0.13276,-0.1529,-0.095218,-0.17304,-0.043947,0.1062,0.2591,0.54567,0.74984,0.91647,1.0465,1.1527,1.0556,0.8652,0.63173,0.38453,0.18769,0.084231,0.047609,-0.0091556,-0.000916,0.059511,0.13459,0.27467,3.6247,3.534,4.1108,2.9948,1.4191,0.50081,-0.17762,-0.477,-0.54109,-0.33692,-0.15473,-0.021973,0.15931,0.29389,0.40376,0.40468,0.46602,0.59786,0.68026,0.73519,0.64821,0.54292,0.50172,0.57405,0.57222,0.39644,0.42665,0.40559,0.44038,0.33326,0.17487,0.24262,0.25727
0.47517,0.64547,0.53835,0.49074,0.65188,0.68575,0.48158,0.13733,-0.020142,0.49348,-0.20783,-0.4413,-0.34425,-0.23804,-0.17396,-0.017396,0.141,0.48891,0.84964,1.2223,1.4292,1.4035,1.1344,0.80569,0.50356,0.26734,0.10987,-0.0064089,-0.058596,-0.03296,0.018311,0.14008,1.6407,4.0504,5.8467,5.6572,2.3338,0.73611,-0.35707,-0.81668,-0.85696,-0.70772,-0.56032,-0.38545,-0.29023,-0.23438,-0.12909,0.026551,0.23438,0.5063,0.824,0.98514,1.2433,1.1582,0.89267,0.66927,0.54292,0.37446,0.37538,0.35798,0.35707,0.39735,0.4358,0.31495,0.20966,0.32136
0.58138,0.3534,0.068667,0.089724,0.39369,0.74618,0.9302,0.95401,0.8652,0.7416,0.32319,0.11353,0.059511,-0.36897,-0.54933,-0.58412,-0.477,-0.42848,-0.37904,-0.29206,-0.0412,0.25544,0.71139,1.2387,1.6251,1.5766,1.4283,1.0547,0.6473,0.3177,0.13367,0.048524,5.3661,7.8555,7.5533,3.3592,0.16572,-1.1637,-1.0364,-1.1078,-0.82858,-0.63906,-0.61525,-0.57131,-0.52553,-0.48067,-0.51729,-0.49989,-0.31495,0.079653,0.61342,1.0566,1.6269,2.0627,2.0975,1.4704,0.99521,0.46327,0.14557,0.035707,0.15473,0.10804,0.17396,0.2298,0.23896,0.2472
0.43306,0.30671,0.32502,0.69216,1.0566,1.0089,0.6766,0.36531,0.12909,-0.18677,-0.30763,-0.50905,-0.56215,-0.42299,-0.34608,-0.22156,0.052187,0.25727,0.70864,1.0913,1.4566,1.5299,1.4081,1.0923,0.68667,0.33418,0.14008,0.050356,-0.010987,-0.018311,0.058596,0.16114,0.13825,2.3878,2.7979,3.264,3.5212,1.0446,0.81668,-0.37812,-0.46968,-0.32411,-0.23713,0.071413,0.22523,0.31037,0.41292,0.37996,0.37904,0.3003,0.3177,0.35157,0.36164,0.51088,0.51363,0.60701,0.51729,0.57405,0.62716,0.63173,0.54384,0.5237,0.42482,0.67019,0.34974,-0.10529
-0.17029,0.088809,0.22156,0.24171,0.26276,0.48708,0.79562,0.95676,0.90823,0.81942,0.59786,0.35432,-0.028382,-0.24262,-0.44221,-0.55208,-0.55025,-0.47792,-0.29206,-0.13367,0.09064,0.43672,0.96774,1.4026,1.7029,1.6572,1.3715,0.96225,0.52095,0.19318,-0.021058,-0.1117,-0.083316,-0.25727,0.10712,0.4413,0.26276,0.0064089,0.31312,0.59236,0.6061,0.98331,1.2589,1.6205,1.9053,1.6746,1.2479,0.77914,0.39552,0.14466,-0.010071,-0.099796,-0.097049,0.0045778,0.13916,0.27558,0.35707,0.47243,0.56124,0.61617,0.66195,0.68941,0.79287,0.65462,0.38453,0.31037
0.46327,0.51912,0.3946,0.29481,0.28748,0.141,-0.077822,-0.17396,-0.24079,-0.21973,-0.16022,-0.053102,0.09888,0.24262,0.35981,0.66744,0.94028,1.1225,1.0639,0.94668,0.77731,0.6006,0.37172,0.20325,0.065004,0.0036622,-0.000916,-0.0054933,0.088809,0.26276,0.36531,0.47426,0.1529,0.95401,0.31312,-0.028382,-0.25636,-0.41841,-0.14374,-0.22523,-0.53652,-0.52736,-0.6006,-0.80844,-0.40925,-0.60244,-0.60518,-0.61068,-0.35524,-0.45961,-0.32777,-0.2353,-0.025636,-0.000916,0.13092,0.15381,0.22156,0.49532,0.34425,0.37446,0.36897,0.41292,0.22797,0.27284,0.19501,0.17853
0.2298,0.14832,0.075991,0.021973,0.12635,0.23713,0.26276,0.30213,0.34516,0.2884,0.30122,0.37904,0.3122,0.25178,0.18952,0.15015,0.12452,0.035707,-0.11444,-0.15656,-0.23621,-0.17396,-0.28565,-0.21241,-0.30671,-0.3827,-0.43764,-0.50813,-0.5649,-0.59877,-0.65462,-0.75533,0.13459,0.15748,-0.94668,-1.409,-0.43672,-0.53652,-0.206,-0.4239,-0.66195,-0.76907,-0.70223,-0.55391,-0.66012,-0.54201,-0.5594,-0.74618,-0.74252,-0.85696,-1.0236,-0.97781,-1.0794,-1.2552,-1.247,-1.4063,-1.2424,-1.2012,-1.095,-1.1005,-1.1179,-1.0932,-0.90365,-1.0034,-0.85696,-0.73885
-0.76357,-0.7654,-0.79104,-0.77273,-0.79379,-0.82766,-0.86428,-0.84689,-0.95859,-0.95767,-0.97598,-1.1206,-1.0291,-0.97964,-0.86886,-0.8478,-0.87344,-0.92013,-0.95492,-0.99796,-0.97507,-1.0144,-1.0547,-1.1261,-1.1325,-1.1316,-1.301,-1.2323,-1.2433,-1.247,-1.2488,-1.2204,5.6993,5.4622,5.5052,3.068,1.0813,0.095218,-0.70681,-0.82766,-0.86245,-0.84872,-0.40742,-0.20417,0.010071,0.15839,0.23072,0.39186,0.5356,0.66378,0.75442,0.7535,0.5768,0.20051,0.3882,0.32411,0.3003,0.34516,0.41108,0.58046,0.70681,0.74709,0.73428,0.70223,0.27375,0.093387
-0.28565,0.18494,0.052187,0.18952,0.085147,0.16388,0.44588,0.70681,0.88992,1.3047,1.3907,0.93295,0.31404,-0.022889,-0.4001,-1.1042,-0.69491,-0.70315,-0.67019,-0.59053,-0.45595,-0.32228,-0.010987,0.40742,0.965,1.5015,1.7817,1.8412,1.5903,1.0108,0.56032,0.20508,1.9071,1.0648,0.50539,-0.19776,0.40559,-0.015564,-0.50172,-0.34791,-0.16297,0.34974,0.81668,1.2726,1.4695,1.388,1.1454,0.8771,0.54018,0.28748,0.075991,-0.11719,0.063173,0.18586,0.1767,0.25636,0.45778,0.53102,0.6061,0.57863,0.50447,0.45137,0.35157,0.34974,0.34242,0.32228
0.28108,0.26002,0.22248,0.24537,0.37996,0.45778,0.51271,0.56856,0.58321,0.66012,0.75716,0.9888,1.0776,0.99246,0.69582,0.27375,-0.10895,-0.24262,-0.42665,-0.60335,-0.61708,-0.5768,-0.53011,-0.44862,-0.3882,-0.26643,0.087893,0.38087,0.69948,1.2085,1.3358,1.3193,1.7808,2.3942,1.9959,1.7258,1.7808,1.0511,1.0071,0.36622,0.059511,-0.018311,0.0412,0.1941,0.44588,0.48616,0.46144,0.38362,0.29115,0.18311,0.14924,0.15564,0.20508,0.35157,0.46419,0.56398,0.6354,0.68117,0.75808,0.71596,0.58138,0.42665,0.27558,0.14924,0.11719,0.050356
0.11628,0.095218,0.25727,0.28748,0.43397,0.48158,0.59053,0.67293,0.78463,0.8002,0.77364,0.68941,0.35707,0.24171,0.07416,-0.16938,-0.32777,-0.49715,-0.56307,-0.53835,-0.48158,-0.39918,-0.28474,-0.027467,0.38728,0.95767,1.3898,1.5638,1.5455,1.3413,0.86703,0.5356,0.6354,2.6359,2.0124,1.4173,1.3166,1.2882,0.62075,0.53102,0.35249,0.32502,0.40925,0.45869,0.46419,0.52461,0.52461,0.44588,0.35249,0.25086,0.11353,0.089724,0.16297,0.27192,0.37263,0.44771,0.58046,0.65279,0.67934,0.6061,0.50996,0.412,0.36622,0.3003,0.29756,0.28932
0.24903,0.19227,0.16205,0.21332,0.23621,0.27924,0.32319,0.40376,0.61434,0.82217,0.96316,0.97507,0.74068,0.29389,-0.021973,-0.24537,-0.46968,-0.50905,-0.52644,-0.49623,-0.35432,-0.20966,-0.036622,0.23438,0.57222,1.0163,1.4109,1.6681,1.5839,1.2424,0.79379,0.37904,2.0957,3.1404,4.456,4.7865,2.6588,1.5546,0.29939,-0.46236,-0.89267,-0.54384,-0.31312,-0.033876,0.084231,0.17029,0.25727,0.21973,0.21607,0.22614,0.27009,0.36073,0.44862,0.47517,0.55208,0.6418,0.56673,0.60427,0.60884,0.57131,0.51363,0.50356,0.45778,0.36714,0.24171,0.1767
0.1648,0.1474,0.16388,0.26185,0.26826,0.33418,0.42848,0.60244,0.83499,1.1078,1.2955,0.97964,0.64364,0.19135,-0.23072,-0.42848,-0.60427,-0.6473,-0.5475,-0.5768,-0.53743,-0.46693,-0.39277,-0.075076,0.31953,0.90915,1.5015,1.8833,1.9767,1.7331,1.0968,0.59877,0.40651,0.27833,1.6535,1.062,1.0941,0.8826,0.46968,0.34883,0.3296,0.43123,0.60518,0.88717,1.1161,1.0309,0.80569,0.63448,0.38728,0.28291,0.28199,0.22248,0.16846,0.21607,0.31861,0.43306,0.4706,0.50356,0.40925,0.33235,0.37812,0.49165,0.60152,0.68941,0.76266,0.8066
0.58596,0.32136,0.19868,0.080569,0.0054933,-0.18769,-0.28016,-0.33509,-0.27284,-0.24171,-0.10437,0.084231,0.20966,0.45778,0.79196,1.0566,1.2506,1.2461,1.0593,0.759,0.49074,0.2765,0.088809,0.0036622,-0.010987,-0.015564,0.023804,0.21516,0.34791,0.4358,0.62624,0.68026,4.8991,4.7847,3.6421,1.594,0.4358,-0.43306,-0.93112,-0.89724,-0.66378,-0.20966,-0.092471,0.055849,0.22065,0.35249,0.50356,0.64364,0.6592,0.52187,0.43855,0.36622,0.29389,0.3415,0.33509,0.53285,0.66012,0.66836,0.64913,0.59786,0.57588,0.41749,0.34608,0.28657,0.12177,0.044862
0.12452,0.09064,0.12726,0.18494,0.20875,0.35157,0.5237,0.73885,1.0135,1.1298,1.0327,0.83499,0.55757,0.24079,-0.20051,-0.41017,-0.75808,-0.5237,-0.53468,-0.44313,-0.36439,-0.32594,-0.038453,0.62441,0.95859,1.3797,1.7331,1.7661,1.507,1.0685,0.59969,0.19318,1.2552,2.8941,3.654,3.4874,3.0534,2.472,0.84048,0.13642,-0.54201,-0.62716,-0.52919,-0.32502,-0.17396,0.12543,0.3708,0.50813,0.49989,0.46236,0.41383,0.36348,0.37446,0.36256,0.21332,0.47151,0.67476,0.71505,0.64913,0.53468,0.48067,0.43214,0.43855,0.41017,0.38362,0.2765
0.19135,0.13733,0.12635,0.15656,0.18494,0.22248,0.25086,0.40925,0.57863,0.72695,0.80294,0.91372,0.71505,0.44496,0.16022,-0.21607,-0.47243,-0.49989,-0.45412,-0.35066,-0.27741,-0.17212,0.092471,0.3827,0.74984,1.1353,1.4466,1.5427,1.3587,1.0099,0.64364,0.32136,0.76266,1.8018,3.2511,3.7346,4.1658,2.7631,1.2012,0.48891,-0.37263,-0.71963,-0.56215,-0.3415,-0.068667,0.18677,0.31129,0.36622,0.34333,0.29206,0.22889,0.29939,0.33326,0.28474,0.41475,0.56124,0.68117,0.79836,0.77822,0.70132,0.59969,0.553,0.46327,0.38179,0.32044,0.29939
0.25452,0.25086,0.20417,0.22797,0.21973,0.206,0.24995,0.2298,0.4706,0.70132,0.85513,0.89358,0.76998,0.37446,0.11811,-0.20234,-0.36164,-0.45045,-0.5182,-0.59053,-0.48433,-0.28108,-0.058596,0.1886,0.45686,0.86703,1.3294,1.6663,1.5555,1.2598,0.83865,0.49074,1.4859,2.2971,4.6345,5.1372,3.5038,1.5281,0.015564,-0.66378,-0.81668,-0.74709,-0.49074,-0.32136,-0.16663,-0.0824,0.079653,0.21699,0.37263,0.55208,0.6885,0.77181,0.72787,0.67843,0.73885,0.58412,0.58687,0.51088,0.46236,0.5118,0.553,0.53835,0.4413,0.28016,0.10804,0.03296
0.080569,0.12177,0.20325,0.34333,0.45045,0.64272,0.93661,1.1518,1.1628,0.96683,0.37538,0.015564,-0.28565,-0.46876,-0.60427,-0.49989,-0.43672,-0.47975,-0.45869,-0.30671,-0.055849,0.24537,0.57497,1.1032,1.442,1.4768,1.4219,1.1518,0.78188,0.44771,0.23438,0.13459,-0.50172,0.21149,1.2882,1.6764,2.0481,2.2248,1.6425,1.0913,0.71963,0.43672,0.22797,0.24903,0.34425,0.33235,0.36256,0.33692,0.28199,0.20051,0.097964,0.12909,0.21058,0.29298,0.45228,0.56215,0.63997,0.73794,0.77548,0.68575,0.58596,0.47884,0.37721,0.28657,0.30763,0.32502
0.11902,-0.087893,-0.046693,0.044862,0.16755,0.23255,0.28016,0.30122,0.3946,0.51912,0.71963,0.9064,1.0749,1.1847,1.0309,0.53468,0.093387,-0.1355,-0.32502,-0.52736,-0.55025,-0.52553,-0.47243,-0.41292,-0.10529,0.044862,0.31312,0.79104,1.268,1.5372,1.5857,1.3532,1.5958,2.5416,4.2225,4.5943,2.9563,1.258,0.21058,-0.27741,-0.65279,-0.6711,-0.45045,-0.31587,-0.1355,0.021973,0.18677,0.35432,0.52919,0.44496,0.46419,0.58229,0.61983,0.53743,0.37812,0.33418,0.38179,0.38087,0.41749,0.5237,0.73794,0.81668,0.64913,0.52736,0.40742,0.1941
0.062258,0.16755,0.15839,0.30488,0.33326,0.26093,0.30396,0.32044,0.42024,0.56673,0.75716,0.92929,1.0254,0.89541,0.59603,0.21424,-0.014649,-0.22797,-0.42116,-0.50081,-0.49898,-0.50813,-0.51546,-0.43672,-0.3415,-0.15748,0.12268,0.46785,1.0163,1.4502,1.6306,1.6617,1.8009,-0.76357,-0.75625,-0.75442,-0.75442,-0.75991,-0.7535,-0.73702,-0.79104,-0.7242,-0.73428,-0.75259,-0.76998,-0.75716,-0.74435,-0.74709,-0.74984,-0.74526,-0.72512,-0.74618,-0.73336,-0.74068,-0.72329,-0.73428,-0.73885,-0.7242,-0.7297,-0.72237,-0.72787,-0.7297,-0.70315,-0.71505,-0.70406,-0.70956
-0.6885,-0.69857,-0.67751,-0.6711,-0.72695,-0.6885,-0.68026,-0.70132,-0.6885,-0.69399,-0.69857,-0.70772,-0.70132,-0.70315,-0.68941,-0.66103,-0.69582,-0.70589,-0.75167,-0.73244,-0.76449,-0.78188,-0.67843,-0.6592,-0.61251,-0.55666,-0.21241,-0.30946,-0.2298,-0.43947,-0.029298,-0.17029,-0.76815,-0.76632,-0.78372,-0.77181,-0.76632,-0.77181,-0.78097,-0.76907,-0.7654,-0.77822,-0.78097,-0.77914,-0.77181,-0.76998,-0.759,-0.79928,-0.8002,-0.73885,-0.76632,-0.759,-0.77914,-0.74984,-0.73153,-0.72054,-0.72329,-0.73611,-0.75716,-0.76083,-0.73244,-0.77456,-0.7947,-0.86245,-0.8652,-0.82217
-0.81393,-0.86337,-0.96133,-0.98697,-0.96591,-0.98422,-1.0327,-1.1298,-1.0996,-1.0822,-1.1023,-1.1756,-1.1536,-1.1042,-1.0648,-1.0785,-1.1243,-1.0675,-1.0373,-1.0373,-1.0639,-1.0437,-0.95218,-0.99246,-0.87252,-0.70315,-0.72695,-0.66195,-0.59145,-0.42756,-0.45412,-0.39827,-0.70956,-0.7178,-0.72237,-0.73061,-0.72604,-0.72146,-0.69399,-0.71505,-0.71963,-0.71596,-0.70589,-0.70864,-0.70681,-0.72237,-0.72878,-0.72787,-0.71322,-0.71505,-0.7178,-0.73244,-0.73702,-0.72146,-0.71596,-0.71688,-0.73885,-0.71688,-0.75076,-0.71047,-0.72237,-0.74343,-0.74526,-0.73611,-0.73885,-0.75533
-0.74435,-0.75076,-0.73977,-0.75442,-0.76357,-0.73794,-0.76632,-0.77364,-0.7947,-0.7828,-0.77548,-0.78738,-0.81759,-0.79104,-0.81301,-0.81668,-0.80752,-0.80477,-0.81668,-0.82675,-0.79104,-0.77273,-0.68941,-0.49715,-0.43672,-0.3589,-0.27375,-0.13092,0.11536,0.20783,-0.13916,-0.69033,-0.71505,-0.70956,-0.7004,-0.69857,-0.70223,-0.7004,-0.69765,-0.70315,-0.70772,-0.71047,-0.70772,-0.7123,-0.70864,-0.72695,-0.71871,-0.76724,-0.77731,-0.74068,-0.7416,-0.75808,-0.75808,-0.76083,-0.77181,-0.76998,-0.79196,-0.7709,-0.76449,-0.78738,-0.76357,-0.79196,-0.78829,-0.80294,-0.8002,-0.82675
-0.83865,-0.85055,-0.84872,-0.85696,-0.86795,-0.90457,-0.88717,-0.87344,-0.87252,-0.89267,-0.88351,-0.9476,-0.88534,-0.87985,-0.88626,-0.86612,-0.84323,-0.78829,-0.80294,-0.79653,-0.73885,-0.71139,-0.64272,-0.59511,-0.24171,-0.15015,-0.096133,-0.0073244,0.031129,0.0824,0.0018311,-0.70864,-0.71596,-0.72054,-0.7178,-0.72695,-0.72329,-0.73244,-0.73153,-0.73061,-0.72695,-0.7123,-0.76083,-0.73061,-0.72604,-0.74068,-0.73244,-0.73702,-0.75076,-0.74068,-0.75533,-0.76449,-0.77273,-0.76083,-0.78372,-0.77273,-0.79196,-0.78555,-0.80111,-0.81851,-0.82125,-0.83499,-0.85421,-0.88168,-0.89084,-0.91739
-0.9238,-0.93844,-0.94668,-0.94119,-0.9357,-0.93112,-0.95309,-0.97873,-0.98331,-0.95126,-1.0062,-1.0666,-1.0501,-1.0492,-1.0566,-1.0593,-1.0739,-1.0236,-1.0135,-0.95309,-0.99887,-0.95218,-0.81942,-0.5356,-0.57039,-0.57314,-0.39827,-0.53835,-0.19044,-0.084231,-0.94943,-0.97415,-0.95401,-0.96591,-0.889,-0.64638,-0.83041,-0.88992,-0.85055,-0.8478,-0.759,-0.77181,-0.68758,-0.7178,-0.86154,-0.82583,-0.85238,-1.0785,-0.84597,-0.7709,-0.7416,-0.73702,-0.7416,-0.8478,-0.81576,-0.64638,-0.71871,-0.69674,-0.7709,-0.75076,-0.74801,-0.76815,-0.75716,-0.82125,-0.78921,-0.82217
-0.66103,-0.67019,-0.66103,-0.70681,-0.76266,-0.71963,-0.74709,-0.63906,-0.78097,-0.80386,-0.79653,-0.80752,-0.77456,-0.73336,-0.69765,-0.76998,-0.71963,-0.61892,-0.51912,-0.47792,-0.56215,-0.4413,-0.12909,-0.46052,0.059511,-0.9357,-0.11444,0.75625,-0.10529,-0.75716,-0.72512,-0.76998,-0.73885,-0.71047,-0.67293,-0.6766,-0.63814,-0.68392,-0.6766,-0.65828,-0.65554,-0.63723,-0.64272,-0.65737,-0.63723,-0.63265,-0.6006,-0.61434,-0.60335,-0.60884,-0.60701,-0.6006,-0.59969,-0.60427,-0.61617,-0.62258,-0.64089,-0.63356,-0.64638,-0.6766,-0.6711,-0.65279,-0.70223,-0.68484,-0.69948,-0.70406
-0.72878,-0.72878,-0.72695,-0.69857,-0.71596,-0.73428,-0.71963,-0.72512,-0.77914,-0.69948,-0.73611,-0.72878,-0.72787,-0.72695,-0.70772,-0.73885,-0.66836,-0.61159,-0.51912,-0.34059,-0.23804,-0.10529,-0.062258,-0.31678,0.027467,-0.19868,-1.0968,-0.40193,-0.74068,-0.74709,-0.75076,-0.75808,-0.76174,-0.7535,-0.75076,-0.74892,-0.75442,-0.77914,-0.76632,-0.75808,-0.74435,-0.75442,-0.76357,-0.76998,-0.75808,-0.76266,-0.76724,-0.7709,-0.77731,-0.78555,-0.76632,-0.79012,-0.79196,-0.80477,-0.79745,-0.80752,-0.8002,-0.81484,-0.83224,-0.83316,-0.83316,-0.82858,-0.86062,-0.87069,-0.87802,-0.91556
-0.92471,-0.94668,-0.92288,-0.97964,-0.94668,-0.96316,-0.98605,-1.0446,-1.0694,-1.0318,-1.0254,-1.0923,-1.1234,-1.0913,-1.062,-1.0584,-1.0163,-1.0053,-0.97415,-0.98331,-0.90457,-0.77364,-0.62441,-0.58962,-0.45778,-0.79104,-0.39277,-0.35615,-0.78005,-0.79653,-0.79012,-0.78646,-0.80203,-0.80844,-0.81668,-0.82949,-0.84872,-0.87252,-0.88717,-0.86062,-0.86154,-0.89999,-0.8945,-0.96042,-0.91464,-0.86978,-0.91922,-0.95859,-0.93112,-0.96225,-1.0254,-1.0282,-1.0446,-1.0575,-1.0758,-1.1344,-1.1673,-1.1692,-1.1554,-1.2268,-1.2168,-1.2342,-1.2516,-1.236,-1.2415,-1.2955
-1.3028,-1.2635,-1.2488,-1.2891,-1.2763,-1.2626,-1.2854,-1.2214,-1.2131,-1.2177,-1.2452,-1.1811,-1.1023,-1.019,-0.98605,-0.97598,-0.91372,-0.84048,-0.79012,-0.67476,-0.57039,-0.41658,-0.34242,-0.3708,-0.17121,0.0045778,0.29939,-0.70498,-0.68026,-0.69124,-0.71871,-0.72146,-0.72512,-0.72787,-0.72604,-0.73519,-0.74068,-0.73702,-0.73428,-0.76174,-0.73061,-0.75533,-0.76266,-0.76449,-0.75533,-0.75991,-0.76815,-0.77364,-0.7654,-0.76632,-0.7828,-0.78646,-0.77731,-0.78372,-0.78005,-0.77731,-0.79928,-0.80111,-0.79104,-0.77731,-0.79012,-0.80203,-0.81851,-0.81393,-0.81301,-0.84689
-0.8414,-0.84414,-0.8652,-0.83499,-0.90365,-0.91189,-0.889,-0.95676,-0.99429,-0.97049,-0.93753,-0.94943,-0.9302,-0.93387,-0.9714,-0.87802,-0.89724,-0.76357,-0.68758,-0.5887,-0.41292,-0.28657,-0.1529,-0.09064,0.16846,0.30763,0.69582,-0.73702,-0.73885,-0.73153,-0.70864,-0.73611,-0.69857,-0.7297,-0.70864,-0.71688,-0.73519,-0.72054,-0.68484,-0.69124,-0.71871,-0.69216,-0.70315,-0.7004,-0.70223,-0.71047,-0.70223,-0.68941,-0.69765,-0.70132,-0.70315,-0.70223,-0.69857,-0.72054,-0.74435,-0.71596,-0.73611,-0.75167,-0.77731,-0.75716,-0.7297,-0.76815,-0.78005,-0.76907,-0.7709,-0.74801
-0.75259,-0.81484,-0.82217,-0.80935,-0.80935,-0.82034,-0.87161,-0.8533,-0.7535,-0.7416,-0.82766,-0.9183,-0.95676,-0.93936,-0.85147,-0.87252,-0.88809,-0.92196,-0.82217,-0.73336,-0.51271,-0.45778,-0.44221,-0.34608,-0.24262,-0.206,-0.07416,-0.19959,-0.77548,-0.77914,-0.77364,-0.76724,-0.77914,-0.759,-0.81576,-0.8121,-0.78005,-0.7947,-0.81759,-0.81759,-0.82675,-0.82858,-0.8414,-0.8478,-0.83682,-0.84414,-0.85879,-0.86886,-0.82766,-0.84964,-0.85421,-0.86062,-0.85788,-0.84689,-0.87436,-0.87436,-0.87527,-0.88626,-0.88809,-0.89724,-0.88717,-0.90457,-0.90915,-0.92288,-0.93204,-0.93478
-0.98605,-0.96408,-0.96866,-0.98788,-0.98788,-1.008,-1.0144,-0.97507,-1.0547,-1.0511,-1.03,-0.9714,-1.0163,-1.0282,-0.99338,-0.95126,-0.90182,-0.85879,-0.80935,-0.66652,-0.41383,-0.31587,-0.46236,-0.28657,-0.13184,-0.12177,-0.24354,-0.76083,-0.76724,-0.75442,-0.74526,-0.73702,-0.73336,-0.75533,-0.73702,-0.74343,-0.73061,-0.74343,-0.74343,-0.74068,-0.73153,-0.71413,-0.75442,-0.74252,-0.76266,-0.74984,-0.7535,-0.75991,-0.77364,-0.759,-0.76174,-0.78555,-0.78188,-0.79104,-0.79379,-0.78921,-0.80294,-0.81942,-0.80477,-0.80386,-0.83407,-0.82766,-0.84323,-0.85513,-0.86795,-0.8652
-0.86703,-0.86154,-0.8945,-0.91281,-0.87802,-0.90274,-0.98239,-0.9714,-0.94302,-0.99246,-1.0337,-1.0465,-1.0868,-1.0392,-1.041,-1.0401,-1.0071,-0.96866,-0.92654,-0.78921,-0.71047,-0.36531,-0.43489,-0.23621,-0.41383,-0.412,-0.14374,-0.75991,-0.74892,-0.72787,-0.73977,-0.7416,-0.7828,-0.74252,-0.72878,-0.72878,-0.74618,-0.73244,-0.75625,-0.74984,-0.7416,-0.74252,-0.74343,-0.73977,-0.74892,-0.7535,-0.75991,-0.76174,-0.73977,-0.76907,-0.76632,-0.78463,-0.7416,-0.7709,-0.79287,-0.78829,-0.78372,-0.79379,-0.80844,-0.81027,-0.80935,-0.8359,-0.79196,-0.82583,-0.824,-0.84689
-0.85788,-0.84506,-0.83773,-0.84323,-0.83682,-0.85147,-0.85147,-0.86978,-0.84872,-0.8359,-0.88076,-0.83773,-0.87344,-0.91647,-0.8478,-0.78646,-0.71413,-0.67934,-0.48524,-0.52736,-0.19868,-0.0027467,0.075991,-0.21973,-0.22523,0.099796,0.46327,-0.69948,-0.70589,-0.69857,-0.70864,-0.70681,-0.69033,-0.68941,-0.70132,-0.70681,-0.70315,-0.70772,-0.71596,-0.70589,-0.7123,-0.68575,-0.7178,-0.70589,-0.75076,-0.68758,-0.70956,-0.73885,-0.73428,-0.72878,-0.73702,-0.74252,-0.73519,-0.73885,-0.76266,-0.75076,-0.76907,-0.77731,-0.78188,-0.80111,-0.80935,-0.80844,-0.81393,-0.81759,-0.82492,-0.83956
-0.86337,-0.86703,-0.83956,-0.86703,-0.91098,-0.89084,-0.90182,-0.85147,-0.88076,-0.8121,-0.90457,-0.85879,-0.83132,-0.86795,-0.82034,-0.81393,-0.8002,-0.72878,-0.69399,-0.31953,-0.26185,-0.058596,0.22156,-0.22156,-0.22431,-0.55025,-0.054933,-0.69674,-0.69308,-0.72054,-0.6885,-0.71047,-0.67934,-0.67934,-0.69491,-0.71047,-0.69216,-0.69674,-0.70864,-0.70681,-0.69948,-0.70772,-0.67568,-0.69582,-0.67934,-0.69399,-0.69674,-0.68667,-0.69308,-0.70223,-0.70223,-0.71963,-0.72329,-0.7242,-0.72146,-0.72329,-0.71688,-0.71322,-0.72146,-0.72604,-0.73885,-0.7416,-0.72054,-0.77364,-0.72787,-0.74526
-0.75442,-0.77731,-0.76266,-0.7654,-0.77456,-0.79928,-0.77273,-0.77639,-0.75442,-0.7947,-0.75808,-0.74618,-0.75259,-0.67476,-0.69124,-0.7709,-0.67934,-0.64638,-0.45686,-0.18494,-0.14374,-0.05768,-0.094302,-0.29298,-0.76083,-0.6473,-0.63814,-0.65004,-0.59786,-0.63265,-0.65096,-0.6354,-0.62807,-0.63082,-0.63906,-0.62899,-0.61892,-0.62349,-0.62532,-0.61983,-0.61617,-0.60335,-0.62349,-0.60335,-0.60793,-0.60976,-0.618,-0.60244,-0.61617,-0.62349,-0.62258,-0.64089,-0.6354,-0.64547,-0.64364,-0.64364,-0.65279,-0.65188,-0.64089,-0.67019,-0.66836,-0.68117,-0.68484,-0.70864,-0.72695,-0.74435
-0.76724,-0.7709,-0.80752,-0.79196,-0.79196,-0.79379,-0.78372,-0.79836,-0.86154,-0.83682,-0.83865,-0.82125,-0.85879,-0.86612,-0.76357,-0.74892,-0.618,-0.57863,-0.36256,-0.28199,-0.10529,-0.13733,-0.28108,-0.24537,0.1355,-0.65279,-0.67843,-0.64638,-0.64821,-0.67751,-0.67019,-0.6592,-0.66469,-0.68575,-0.67843,-0.66561,-0.67019,-0.66195,-0.65004,-0.66927,-0.65279,-0.65371,-0.66103,-0.67019,-0.66103,-0.66286,-0.66195,-0.66927,-0.6592,-0.67934,-0.66286,-0.65462,-0.6711,-0.67843,-0.66927,-0.67385,-0.66836,-0.66286,-0.71322,-0.70956,-0.66744,-0.6766,-0.68484,-0.70132,-0.70406,-0.70132
-0.70772,-0.72604,-0.72146,-0.71871,-0.71322,-0.73153,-0.76357,-0.75442,-0.77364,-0.77731,-0.66927,-0.70223,-0.8121,-0.79379,-0.70956,-0.74252,-0.4413,-0.28474,-0.091556,0.1236,0.097049,0.25269,0.20051,0.83316,-0.6885,-0.71139,-0.71505,-0.70864,-0.70589,-0.7004,-0.70498,-0.70498,-0.69948,-0.70406,-0.70132,-0.7004,-0.7004,-0.70132,-0.68941,-0.69216,-0.70315,-0.68117,-0.69033,-0.73061,-0.6766,-0.67934,-0.70681,-0.70498,-0.70498,-0.70406,-0.69948,-0.70956,-0.70864,-0.7004,-0.70498,-0.70315,-0.72054,-0.70223,-0.69124,-0.71047,-0.71505,-0.69857,-0.68941,-0.70589,-0.7178,-0.70772
-0.69216,-0.7004,-0.71688,-0.75076,-0.74252,-0.74526,-0.74709,-0.7416,-0.7709,-0.75533,-0.75625,-0.62807,-0.57772,-0.65645,-0.78646,-0.67202,-0.50356,-0.25727,-0.083316,-0.13276,-0.12726,1.1701,-0.035707,1.1719,2.6908,5.8422,7.2713,4.9889,1.9199,-0.21516,-1.5555,-1.4429,-1.3202,-0.91281,-0.74892,-0.37355,-0.18311,0.044862,0.26185,0.45961,0.72787,0.7709,0.85879,0.88076,0.67202,0.46144,0.33326,0.31861,0.35432,0.42482,0.66286,0.70498,0.62166,0.5887,0.54292,0.39827,0.27192,0.14832,0.050356,0.0412,0.15839,0.16663,0.19318,0.29847,0.50447,0.82949
1.0474,1.1426,0.9714,0.70498,0.3708,-0.17212,-0.53835,-0.553,-0.61068,-0.60244,-0.53377,-0.41017,-0.31861,-0.19227,0.28748,0.88168,1.5317,1.9739,2.0783,1.7808,1.1106,0.49989,0.061342,-0.14374,-0.04944,-0.056764,-0.061342,-0.073244,-0.11628,-0.15198,-0.17121,-0.14191,-0.13092,-0.16114,-0.15198,-0.18403,-0.23988,-0.28199,-0.31404,-0.26276,-0.27833,-0.24812,-0.26643,-0.3589,-0.41383,-0.39094,-0.42665,-0.48433,-0.58229,-0.55208,-0.4944,-0.53102,-0.50081,-0.12268,0.35798,0.6711,0.84689,1.0456,1.0987,1.128,1.1856,1.1811,1.1994,1.204,1.1893,1.204
1.1747,1.1747,1.1637,1.1509,1.149,1.1124,1.0666,1.0749,1.0593,1.0456,1.0392,1.0254,1.0053,0.99796,0.9714,0.95767,0.92654,0.91098,0.91281,0.87619,0.88351,0.86795,0.85147,0.81851,0.81942,0.79379,0.74801,0.72787,0.70498,0.6711,0.61068,0.59511,0.53652,0.46693,0.41749,0.40284,0.34791,0.36439,0.33143,0.29298,0.17762,-0.0045778,-0.20417,-0.18128,-0.10346,-0.0824,-0.23347,-0.54109,-0.73977,-0.48524,-0.39552,0.32411,1.019,1.6205,1.9236,2.6276,3.1559,1.0483,1.1078,1.0959,1.1097,1.128,1.1444,1.128,1.0959,1.0776
1.0767,1.0849,1.1161,1.1051,1.0996,1.0968,1.1197,1.139,1.1161,1.0675,1.1042,1.1014,1.1078,1.095,1.1032,1.0785,1.0776,1.0712,1.0685,1.0602,1.0437,1.0456,1.0437,1.0291,1.0181,0.99796,0.98239,0.96957,0.96591,0.9476,0.90823,0.85421,0.81393,0.8121,0.7535,0.70223,0.66103,0.57039,0.51454,0.35066,0.22797,0.23255,0.1474,0.012818,-0.043947,-0.17029,-0.2234,-0.33784,-0.46236,-0.36622,0.21973,0.81484,1.3816,2.0618,2.8684,3.762,4.3004,1.03,1.0273,1.0273,1.0392,1.0401,1.0602,1.0593,1.0492,1.0785
1.0794,1.0785,1.0675,1.0767,1.0483,1.0666,1.0556,1.0501,1.0437,1.052,1.0437,1.0419,1.0611,1.0446,1.0016,1.0163,0.99979,1.0071,1.0071,0.98148,0.96133,0.96774,0.96408,0.95767,0.94577,0.9357,0.91464,0.92013,0.89084,0.88534,0.83865,0.8121,0.78188,0.76449,0.70315,0.65737,0.5475,0.43855,0.38362,0.24262,0.039369,-0.089724,-0.077822,-0.04944,-0.092471,-0.12268,-0.30946,-0.30305,-0.27467,-0.0054933,0.43306,1.0227,1.9538,2.7522,3.5524,3.8627,4.0358,0.43031,0.50447,0.53652,0.57955,0.63173,0.74618,0.80203,0.86062,0.91281
0.98056,1.0318,1.0895,1.0483,1.0273,1.0547,1.0566,1.0254,1.0208,1.0346,1.0593,1.0593,1.0675,1.0511,1.0364,1.0465,1.0172,1.0236,0.99521,0.96683,0.95859,0.93112,0.92105,0.88626,0.87252,0.87527,0.8652,0.81942,0.81668,0.81759,0.77548,0.70864,0.66836,0.58138,0.54842,0.5356,0.41475,0.23988,0.23988,0.048524,0.13001,0.19776,0,-0.18677,-0.24537,-0.23713,-0.39186,-0.38728,-0.347,0.026551,0.35249,0.83865,1.6645,2.6908,3.5752,4.0806,0.72237,0.78005,0.82583,0.89816,0.90823,0.92013,0.96408,0.95492,0.98422,0.99612
1.0208,1.0099,1.0208,1.0126,0.99704,1.0163,1.0007,1.0163,0.98056,0.97873,1.0355,1.0364,1.0181,1.0245,1.0337,1.0327,1.0318,1.0474,1.0108,1.0227,1.0428,1.0566,1.0456,1.0419,1.0007,0.98148,0.9769,0.95401,0.93478,0.92563,0.87527,0.78188,0.74801,0.67019,0.58504,0.42756,0.31404,0.23621,0.13916,0.096133,0.011902,-0.076907,-0.19593,-0.33052,-0.44954,-0.40742,-0.6006,-0.24628,0.048524,0.38362,0.9238,1.8897,2.6066,3.1944,3.7391,3.6998,0.49806,0.53011,0.63356,0.69033,0.78097,0.85147,0.91098,0.95492,1.0373,1.0346
1.0355,1.0419,1.0309,1.0327,1.0364,1.063,1.041,1.0593,1.0318,1.0392,1.0575,1.0346,1.0154,1.0227,0.98331,0.98605,0.96866,0.96225,0.9302,0.91647,0.90457,0.88717,0.87619,0.88443,0.83224,0.81759,0.77914,0.74892,0.759,0.67293,0.61617,0.65279,0.62441,0.5356,0.43123,0.41932,0.3827,0.28748,0.14008,-0.01648,0.067751,0.095218,-0.0064089,-0.039369,-0.11628,-0.25727,-0.347,-0.51088,-0.41108,-0.096133,0.35066,0.91281,1.8705,2.6679,3.5606,3.9424,0.68026,0.73702,0.76998,0.87069,0.92105,1.008,1.0245,1.0401,1.0465,1.0474
1.0227,1.0117,1.0172,1.0117,0.9888,0.9888,0.99155,1.0154,1.0172,1.0099,0.96957,0.97507,0.97873,0.96042,0.95218,0.93387,0.92746,0.88534,0.8478,0.87252,0.86703,0.86795,0.84048,0.8002,0.81301,0.79287,0.76083,0.74252,0.71322,0.70772,0.6592,0.67202,0.55757,0.55025,0.5356,0.46052,0.39644,0.30396,0.25544,0.19776,0.10437,-0.01648,-0.046693,-0.18128,-0.29298,-0.37263,-0.34059,-0.26093,-0.11902,0.11353,0.58596,0.77731,1.7972,2.7439,3.5057,4.293,0.39827,0.44221,0.57863,0.60701,0.66927,0.759,0.82034,0.90732,0.92654,0.94852
0.98148,1.0089,0.9888,0.95767,0.93112,0.9769,0.96866,0.9357,0.92196,0.93295,0.93661,0.91098,0.87619,0.84872,0.87436,0.86245,0.81759,0.79928,0.78829,0.79653,0.76083,0.75259,0.73702,0.71047,0.71139,0.67385,0.66012,0.65279,0.63265,0.6299,0.60152,0.5118,0.48799,0.48708,0.42756,0.30305,0.18494,0.16938,0.22523,0.20966,0.087893,0.011902,0.053102,-0.043031,-0.20051,-0.29115,-0.36164,-0.44404,-0.4413,-0.12085,-0.013733,0.39552,1.1472,1.8174,2.6725,0.50172,0.58229,0.69491,0.7709,0.88351,0.96866,0.98514,1.0456,1.1325,1.1325,1.1435
1.1316,1.1344,1.1042,1.0959,1.095,1.1206,1.1216,1.1106,1.1051,1.128,1.1335,1.1106,1.0895,1.0712,1.0657,1.0318,1.019,1.0108,0.99246,0.98605,0.95767,0.9476,0.94028,0.86428,0.86062,0.8414,0.77364,0.73885,0.71596,0.70223,0.66744,0.59694,0.49989,0.41749,0.39369,0.4532,0.34974,0.18952,0.13001,0.13001,0.18036,0.0091556,-0.039369,-0.091556,-0.12543,-0.17121,-0.18677,-0.21516,0.066836,0.16663,0.70589,1.4576,2.1168,3.383,4.2161,4.3095,0.16114,0.26093,0.31953,0.40651,0.55574,0.61251,0.68117,0.80935,0.8066,0.85879
0.91922,0.95767,0.9888,0.9888,1.0236,1.0593,1.0858,1.1197,1.0685,1.0996,1.139,1.149,1.128,1.1115,1.1051,1.1197,1.1051,1.0831,1.052,1.0694,1.0373,0.99338,0.94668,0.94852,0.91281,0.88626,0.84597,0.80294,0.77273,0.73153,0.67019,0.62807,0.60244,0.55208,0.49623,0.46052,0.38453,0.32044,0.27284,0.28291,0.24812,0.059511,-0.036622,-0.059511,-0.099796,-0.13825,-0.27467,-0.28291,-0.13184,-0.17029,0.073244,0.30763,0.94302,1.529,2.5214,0.4825,0.57863,0.65096,0.73611,0.83316,0.86795,0.9302,1.0071,1.0602,1.0749,1.0923
1.0849,1.0373,1.0245,0.97873,0.97232,0.98972,0.97873,0.98148,0.99521,1.0556,0.99429,1.0089,1.0007,0.96774,0.96683,0.95859,0.95401,0.95401,0.93387,0.95309,0.94302,0.89908,0.92196,0.91098,0.88992,0.83865,0.82308,0.80569,0.73428,0.68758,0.61983,0.54109,0.53377,0.49989,0.42665,0.271,0.25361,0.2234,0.10346,0.040284,-0.11811,-0.13367,-0.16846,-0.28932,-0.37172,-0.3296,-0.040284,0.11353,0.15839,0.54018,1.5244,2.1003,2.8584,3.7153,3.9836,0.32319,0.34608,0.44496,0.50813,0.60884,0.74892,0.89724,0.87619,0.91647,1.0099,1.073
1.0804,1.0675,1.041,1.0309,0.96957,1.0254,1.052,1.0511,1.0245,1.0446,1.0492,1.0675,1.063,1.0007,0.98788,0.96683,0.92746,0.95401,0.94852,0.95309,0.96225,0.96042,0.92196,0.89541,0.87161,0.81301,0.824,0.75625,0.71963,0.73794,0.69582,0.62716,0.6006,0.52919,0.5237,0.45228,0.28565,0.22248,0.23621,0.19501,0.087893,-0.1117,-0.24354,-0.075076,-0.089724,-0.22156,-0.33967,-0.22248,-0.043031,0.22248,0.60335,1.2781,2.3576,3.0204,3.9305,0.39277,0.41841,0.49715,0.59969,0.68117,0.76266,0.88351,0.95309,1.0144,1.0657,1.0639
1.0776,1.084,1.0657,1.03,1.0218,0.99155,1.0263,1.0053,1.0181,1.0154,1.0025,1.0099,1.0108,0.99155,0.98331,0.96133,0.95126,0.92288,0.91556,0.8826,0.87436,0.83773,0.80386,0.78005,0.73794,0.73794,0.71047,0.69582,0.68667,0.65554,0.59328,0.59145,0.56948,0.52828,0.41566,0.28108,0.24079,0.20325,0.20692,0.14649,0.022889,-0.26368,-0.085147,-0.075076,-0.22889,-0.37629,-0.41475,-0.3003,-0.13825,-0.16938,0.17762,0.98148,1.5903,2.3576,3.1623,0.41749,0.56856,0.7242,0.77181,0.8359,0.86886,0.94211,1.0309,1.0804,1.1023,1.0474
1.0566,0.95309,0.96591,1.0483,1.0034,1.0337,1.0474,1.0474,1.0419,1.0392,1.0511,1.0337,1.0044,0.96408,1.0099,0.9769,0.94028,0.92013,0.89267,0.85971,0.86978,0.8414,0.85238,0.80203,0.80935,0.76632,0.72878,0.66744,0.67843,0.70956,0.70132,0.56215,0.44038,0.46419,0.43489,0.40193,0.24171,0.11994,0.10346,0.14374,-0.0054933,-0.025636,-0.092471,-0.16205,-0.33692,-0.30213,-0.34608,-0.36622,0.047609,0.44771,0.94577,1.6297,2.5123,3.5423,4.2207,0.73244,0.73794,0.91281,1.0227,1.0245,0.95492,0.86795,0.86612,0.87436,0.8826,0.87161
0.90915,0.92654,0.92837,0.90274,0.88809,0.90732,0.90182,0.84506,0.82949,0.86703,0.89267,0.87069,0.86062,0.86337,0.85513,0.80752,0.80386,0.77548,0.75533,0.73794,0.71139,0.683,0.64821,0.63906,0.62349,0.54201,0.48524,0.50447,0.48891,0.39094,0.34791,0.21332,0.18128,0.25727,0.27924,0.20325,0.12177,0.15015,0.11444,0.036622,-0.065004,-0.023804,0.048524,0.040284,-0.09888,-0.29115,-0.21882,-0.23164,-0.025636,0.34516,0.65096,1.0318,1.6755,2.0499,2.8034,0.9064,0.9183,0.98148,1.0318,1.0538,1.0758,1.1087,1.0904,1.1032,1.1225,1.1399
1.1353,1.1664,1.1774,1.1554,1.1811,1.2113,1.2058,1.1921,1.1682,1.138,1.1179,1.1142,1.1243,1.0474,1.0025,0.98422,0.93661,0.9476,0.96957,0.889,0.80111,0.76266,0.69857,0.69491,0.84506,0.76174,0.69582,0.64364,0.61617,0.54018,0.44862,0.49165,0.5475,0.5118,0.48891,0.48708,0.46144,0.40376,0.34791,0.23438,0.14557,0.15656,0.13184,0.17487,0.075991,-0.032044,-0.0064089,-0.064089,0.27284,0.54018,0.87985,1.1957,1.8128,1.9053,1.6746,1.1005,1.1142,1.1133,1.0694,1.0428,1.0291,1.062,1.1298,1.16,1.1682,1.1618
1.149,1.149,1.1518,1.1939,1.1829,1.1737,1.1884,1.1838,1.2479,1.2314,1.1463,1.0913,1.1335,1.0978,1.0675,1.0199,1.0053,1.0355,0.99429,0.95859,0.92746,0.91922,0.92013,0.89724,0.77731,0.69491,0.70315,0.66652,0.58046,0.4944,0.44771,0.45412,0.41475,0.37721,0.27924,0.37629,0.27467,0.040284,0.035707,0.1117,0.033876,-0.054018,-0.13642,-0.076907,0.046693,-0.072329,-0.14191,-0.036622,0.22523,0.50447,0.98148,1.4264,1.7359,2.1918,2.3255,1.0923,1.0996,1.16,1.1426,1.1609,1.1646,1.1939,1.2076,1.2012,1.2534,1.2726
1.2516,1.247,1.2241,1.2186,1.2671,1.2616,1.258,1.2616,1.2214,1.1298,1.1161,1.0987,1.0712,1.0337,1.0428,1.063,1.0483,1.0007,0.96042,0.93844,0.91281,0.90457,0.86978,0.85971,0.8359,0.80294,0.77456,0.74068,0.71047,0.64913,0.59328,0.47975,0.44038,0.40834,0.33326,0.2353,0.19593,0.21332,0.17945,0.11536,0.022889,0.035707,-0.025636,-0.038453,0.027467,0.042116,0.0027467,-0.015564,0.12452,0.20783,0.61251,1.0291,1.2204,1.8302,2.2065,1.1124,1.0813,1.1179,1.0767,1.0685,1.0831,1.0657,1.041,1.0703,1.084,1.1252
1.1563,1.1618,1.1399,1.138,1.127,1.1106,1.1097,1.1225,1.106,1.0932,1.0657,1.0456,1.0556,1.0254,0.98148,1.008,0.99155,1.0309,0.9714,0.96866,0.97324,0.94852,0.9476,0.90091,0.86795,0.86154,0.824,0.77273,0.71413,0.65462,0.67476,0.62532,0.59236,0.47975,0.45869,0.49715,0.43489,0.32777,0.17304,0.11902,0.14374,0.1236,0.10437,0.046693,0.021058,0.019227,0.010071,-0.075991,-0.10712,0.099796,0.3177,0.59511,1.0675,1.3962,1.6306,1.2085,1.1554,1.1307,1.1124,1.1124,1.0831,1.1472,1.1628,1.1499,1.2113,1.1838
1.1545,1.1399,1.193,1.2104,1.1261,1.1353,1.2268,1.2067,1.2204,1.1802,1.1161,1.095,1.0776,1.0657,1.0364,1.052,1.0575,1.0566,1.0959,1.095,1.1042,1.0886,1.0318,1.0007,0.965,0.89267,0.80386,0.75533,0.70681,0.63631,0.618,0.56856,0.41841,0.35432,0.29298,0.28199,0.13916,-0.017396,-0.061342,0.021973,0.054933,0.046693,0.095218,0.10712,0,0.062258,0.1474,0.35615,0.52553,0.8002,0.98422,1.1719,1.5061,1.7496,1.4557,1.4338,1.3605,1.3056,1.2772,1.2717,1.2827,1.2671,1.2534,1.2387,1.2186,1.2653
1.2497,1.2488,1.2241,1.2305,1.2323,1.2616,1.2946,1.3349,1.3157,1.2589,1.2278,1.1939,1.1802,1.1591,1.139,1.138,1.1069,1.1243,1.117,1.0694,1.0895,1.0776,1.0446,1.0382,0.95492,0.89175,0.83316,0.78188,0.71505,0.66836,0.64821,0.56581,0.58412,0.46968,0.25819,0.043947,0.084231,0.20783,0.25178,0.21241,0.21332,0.1355,0.072329,0.039369,0.11902,0.10346,0.12818,0.26276,0.42116,0.6711,0.83956,1.2186,1.3221,1.4173,1.3413,0.98697,1.0282,1.0117,1.0034,1.063,1.0575,1.095,1.1335,1.1234,1.1124,1.1188
1.1618,1.2177,1.1866,1.1344,1.1133,1.1509,1.1792,1.2168,1.1939,1.2021,1.2049,1.2076,1.1802,1.1719,1.1097,1.0923,1.1124,1.1005,1.0959,1.0648,1.0739,1.0382,1.0382,1.019,0.98972,0.95676,0.88168,0.87802,0.8414,0.76815,0.6061,0.53102,0.48616,0.44496,0.38728,0.33967,0.31404,0.15748,0.02472,0.076907,0.059511,0.11811,0.00824,0.000916,0.043947,0.020142,0.046693,0.048524,0.25361,0.53926,0.75259,0.89999,1.0721,0.90457,0.84964,0.73611,0.74984,0.77548,0.84506,0.87252,0.92105,0.89084,0.96408,0.9888,0.96774,1.0419
1.1206,1.1719,1.1197,1.138,1.1325,1.1106,1.1618,1.2461,1.247,1.247,1.2314,1.2021,1.1802,1.1902,1.214,1.2763,1.2333,1.2168,1.2406,1.1161,1.0346,0.97507,0.98422,1.041,1.0099,0.95492,0.95035,0.89633,0.88534,0.78372,0.74435,0.71505,0.60884,0.49074,0.43764,0.45045,0.3003,0.141,-0.023804,0.091556,0.24171,0.10895,-0.068667,-0.086978,-0.044862,-0.0054933,-0.028382,-0.091556,0.1117,0.38545,0.52919,0.74343,1.0822,1.1527,1.2104,1.041,1.0245,0.98331,0.94852,0.99429,1.0016,1.1499,1.1701,1.128,1.355,1.3376
1.2717,1.2827,1.2525,1.2195,1.182,1.1573,1.1417,1.1344,1.1573,1.1802,1.1454,1.1435,1.2058,1.1838,1.106,1.052,0.99063,0.99338,0.98972,0.9595,0.89999,0.85788,0.85879,0.89724,0.90915,0.86703,0.84048,0.81484,0.75259,0.74709,0.7123,0.59511,0.47884,0.39094,0.35524,0.3415,0.26276,0.22248,0.11811,0.083316,0.091556,-0.0018311,-0.10712,-0.1236,0.02472,-0.0027467,-0.11719,-0.21241,-0.04944,0.40284,0.74526,0.66012,1.1142,1.182,1.7936,0.83224,0.82583,0.93753,1.0657,1.1069,1.301,1.1966,1.1875,1.1673,1.1554,1.1966
1.203,1.214,1.182,1.1682,1.2186,1.193,1.1609,1.1234,1.0932,1.1032,1.0657,1.0822,1.0666,1.0401,0.95401,0.95859,0.91372,0.88076,0.89999,0.91189,0.9064,0.92288,0.9183,0.86703,0.84872,0.83499,0.81759,0.7947,0.76724,0.72695,0.70223,0.67019,0.61251,0.50264,0.43489,0.38362,0.22523,0.062258,0.013733,0.053102,0.02472,-0.0027467,-0.02472,0.084231,0.0027467,-0.05768,-0.14008,-0.021058,0.21516,0.47243,0.72329,0.94668,1.0199,1.29,1.073,0.9769,1.1637,1.1875,1.1252,1.0858,1.149,1.1536,1.1078,1.1536,1.1216,1.1655
1.1554,1.1628,1.1582,1.1737,1.1774,1.2442,1.3541,1.3367,1.3074,1.2854,1.2204,1.1701,1.1701,1.1682,1.1371,1.1609,1.1838,1.1866,1.1728,1.1563,1.1234,1.0767,1.03,0.9714,0.92471,0.86337,0.80294,0.75076,0.75442,0.73519,0.69216,0.60884,0.4413,0.40651,0.39827,0.46876,0.47426,0.4358,0.34059,0.076907,0.069582,0.089724,0.061342,0.10437,0.039369,0.053102,0.0073244,-0.052187,0.099796,0.44679,0.79379,0.95859,1.0465,1.3569,1.2506,1.203,1.1737,1.1664,1.2397,1.3395,1.3504,1.333,1.3248,1.4081,1.4035,1.3962
1.3862,1.344,1.4173,1.431,1.4063,1.4063,1.4191,1.3843,1.474,1.4383,1.3642,1.3129,1.2928,1.2561,1.2799,1.2571,1.2397,1.1884,1.1536,1.1335,1.1518,1.1051,1.0273,1.0007,0.90915,0.86154,0.7416,0.66103,0.55849,0.43764,0.32319,0.31312,0.3882,0.39277,0.39552,0.34242,0.31037,0.21973,0.091556,0.078738,0.11628,0.077822,0.044862,0.012818,-0.051271,-0.070498,-0.046693,-0.011902,0.23347,0.59969,0.74435,1.0163,1.1142,1.7972,1.2561,0.94943,0.97049,0.97507,0.94394,0.95676,0.9888,1.1097,1.1344,1.1463,1.1994,1.2159
1.1545,1.193,1.182,1.1142,1.0034,0.99796,1.0327,1.1573,1.1545,1.1252,1.1023,1.0932,1.0401,0.98148,1.0291,1.0437,1.0465,1.019,0.94577,0.86612,0.82766,0.80844,0.79287,0.77822,0.73153,0.69765,0.60793,0.69765,0.70223,0.65371,0.58138,0.52278,0.48158,0.45137,0.44404,0.32502,0.35707,0.37812,0.21516,0.061342,0.059511,0.029298,0.092471,0.086978,0.10804,-0.064089,-0.1529,-0.058596,0.19959,0.41841,0.53835,0.88443,1.1005,1.1618,1.756,1.0739,1.2287,1.1948,1.3651,1.4475,1.4686,1.4466,1.5125,1.4841,1.4612,1.4411
1.4081,1.4035,1.3559,1.3504,1.3239,1.2708,1.2699,1.3001,1.3092,1.3175,1.3376,1.3175,1.3047,1.2699,1.2049,1.1234,1.0849,1.0904,1.1371,1.0913,1.0044,1.0273,1.0025,0.89908,0.86612,0.88443,0.84048,0.74343,0.70315,0.70498,0.72329,0.72512,0.67751,0.63356,0.60152,0.49165,0.36805,0.26643,0.22797,0.18586,0.12543,0.045778,0.058596,-0.034791,0.0054933,-0.04944,-0.0091556,-0.038453,0.022889,0.37996,0.63814,0.83224,0.97873,0.9302,1.5171,0.9238,1.0016,0.93204,0.88534,0.83224,0.82217,0.77548,0.78097,0.79562,0.77731,0.70864
0.66195,0.65371,0.59328,0.49348,0.49074,0.39827,0.33876,0.24903,0.14649,0.07416,-0.03296,-0.14832,-0.38545,-0.32868,-0.22706,-0.38362,-0.49989,-0.50539,-0.57222,-0.62258,-0.55757,-0.51546,-0.4358,-0.39735,-0.37263,-0.2884,-0.28657,-0.32502,-0.30213,-0.20234,-0.14008,-0.12635,-0.13276,-0.043031,-0.065004,0.17121,0.031129,0.014649,-0.019227,0.012818,0.15656,0.31037,0.19776,0.3058,0.26734,0.28291,0.22797,-0.13184,-0.1886,-0.059511,-0.69948,-3.7858,-3.4645,-2.4079,-4.543,1.0419,1.0199,0.95584,0.89541,0.8652,0.80844,0.8121,0.83407,0.94119,1.0208,1.0941
1.1051,1.0154,0.94577,0.86795,0.85604,0.83865,0.92746,0.74526,0.73611,0.6418,0.53743,0.42207,0.4001,0.23255,0.18677,0.10895,-0.079653,-0.28932,-0.17396,-0.39003,-0.59694,-0.64638,-0.57314,-0.53926,-0.54201,-0.5649,-0.43672,-0.37538,-0.4294,-0.3708,-0.26185,-0.23347,-0.13184,-0.10254,-0.24903,0.01648,0.019227,-0.079653,-0.48158,-0.54109,-0.28748,-0.1822,-0.25636,-0.10254,0.12726,0.10437,-0.1767,-0.27741,0.2472,0.28932,0.012818,-2.6972,-1.366,-2.5288,-2.3026,-4.2619,-3.5267,-2.7448,-2.3429,-1.4795,-1.1124,-0.683,-0.5237,-0.70681,-0.60335,-0.5942
-0.62258,-0.6299,0.81484,0.81484,0.72604,0.68758,0.70315,0.72146,0.74984,0.79562,0.67293,0.6711,0.65737,0.75625,0.8414,0.85971,1.0172,1.0309,0.98331,1.2268,1.3944,1.2442,1.0913,1.0666,0.91647,0.6299,0.42573,-0.37996,-0.68026,-1.0309,-1.2204,-2.1195,-2.3759,-1.8027,-1.4393,0.5356,0.53011,0.53194,0.53926,0.60335,0.60701,0.59511,0.63448,0.69948,0.74984,0.80111,0.84964,0.90732,0.94211,0.94852,1.0016,0.94302,0.96225,1.0126,0.99796,1.0428,1.0657,1.1014,1.1444,1.1298,1.1051,1.0685,1.1435,1.1774,1.1509,1.1243
1.1545,1.2094,1.1875,1.1454,1.1316,1.2607,1.2497,1.1866,1.0346,1.019,0.96774,0.90915,0.90457,0.86062,0.88717,0.93661,0.91098,0.85696,0.80752,1.0877,0.94668,0.97598,1.0117,1.0437,0.87985,0.52004,0.11536,-0.13276,-0.26276,-0.72054,-1.0556,-1.7936,-2.3685,-2.6615,-1.9309,0.51271,0.5118,0.52736,0.57588,0.64638,0.65371,0.68484,0.69308,0.7297,0.7178,0.66286,0.69674,0.7297,0.73336,0.7123,0.6711,0.75533,0.7242,0.79379,0.79562,0.8121,0.84323,0.80935,0.88168,0.92288,0.89724,0.9595,1.0016,1.0108,1.0126,1.041
1.0694,1.1234,1.0877,1.0392,1.0437,0.99338,1.0245,1.0007,0.8826,0.82034,0.83956,0.74526,0.66469,0.68667,0.64547,0.58138,0.55116,0.618,0.59511,0.59145,0.61159,0.5594,0.67568,0.66012,0.84872,0.54659,0.50172,0.24537,-0.060427,-0.4532,-0.69399,-1.3541,-2.5617,-2.4253,0.87344,0.90548,0.91281,0.88168,0.88168,0.8771,0.83773,0.8945,0.92929,0.91281,0.9595,0.93387,0.90823,0.91739,0.91739,0.92196,0.90457,0.91189,0.86795,0.9769,0.89358,1.0135,0.89267,0.92837,0.98148,1.0218,0.97232,0.97964,0.9595,0.96866,0.88992,0.93478
0.95126,0.81027,0.88351,0.85971,0.86612,0.86978,0.9302,0.90823,0.95218,1.0071,0.93753,0.9714,0.9769,0.8945,0.91464,0.92563,0.85147,0.91281,0.89358,1.1737,1.3724,1.2928,1.1866,0.98605,0.53285,-0.011902,-0.22156,-0.40101,-0.64089,-1.1499,-2.1085,-2.7265,-2.6057,-2.233,0.51363,0.48067,0.51454,0.55025,0.61068,0.64913,0.59053,0.62899,0.67385,0.71047,0.78188,0.87252,0.74801,0.79928,0.86978,0.84506,0.82308,0.76174,0.93295,0.80203,0.85238,0.75533,0.74343,0.80569,0.80386,0.88809,0.85971,0.82492,0.76632,0.74068,0.77273,0.81484
0.80569,0.76998,0.7709,0.72604,0.8533,0.69399,0.70406,0.58321,0.63723,0.6711,0.5942,0.58229,0.69765,0.65828,0.6418,0.68667,0.68484,0.69308,0.64364,0.73702,0.87527,0.77548,0.95401,0.81668,0.62258,0.11719,-0.078738,-0.37721,-0.91281,-0.87344,-1.7963,-2.4097,-2.5507,-2.0206,0.41108,0.3946,0.38453,0.38911,0.42116,0.48524,0.5063,0.54109,0.57588,0.61525,0.70589,0.73611,0.77639,0.78188,0.76083,0.8652,0.92196,0.9302,0.96408,0.95035,0.99521,0.99063,1.0428,1.0446,0.99429,1.041,1.052,1.0163,1.0154,1.0483,1.0749,1.0437
1.0739,1.0181,1.0877,1.03,1.0511,1.0483,1.0199,1.0437,1.0392,1.03,1.063,1.0566,1.0181,1.0144,0.94852,0.87252,0.99429,0.92471,1.084,0.98239,1.0263,1.0721,1.1664,1.1133,0.89908,0.69308,0.36897,0.13459,-0.095218,-0.77456,-0.84323,-2.2404,-2.7714,-1.6654,0.16022,0.12909,0.10437,0.047609,0.12085,0.29847,0.42116,0.51729,0.50081,0.46236,0.5942,0.68392,0.82125,0.7828,0.79287,0.79287,0.77731,0.78921,0.77639,0.74801,0.79562,0.79012,0.70864,0.76174,0.86703,0.90457,0.90091,0.74068,0.75808,0.759,0.71139,0.79196
0.85971,1.0483,0.92105,0.92196,0.93936,0.89633,0.85513,0.79196,0.70772,0.85696,0.85879,0.79379,0.78463,0.82308,0.86428,0.81301,0.69033,0.76998,0.99704,0.83316,0.9302,0.92288,0.86703,0.56764,0.51912,0.19959,-0.46602,-0.824,-1.3074,-0.95126,-2.5819,-2.4619,-2.7503,-2.049,0.29572,0.28108,0.35066,0.36805,0.42207,0.60244,0.65188,0.76907,0.84231,0.83682,0.92654,0.89541,0.88168,1.0584,1.0575,1.0611,0.98788,0.93295,0.99979,0.9302,1.0309,0.96408,1.0199,1.0446,1.0529,1.0392,1.0309,1.0675,1.0831,1.1884,1.0758,1.1802
1.1307,1.1756,1.1344,1.03,1.0584,0.96774,1.0007,1.1701,1.1261,1.0804,1.0804,1.0978,1.0327,0.97049,0.99704,0.96133,0.97049,0.98605,0.91464,0.88076,0.93387,0.9476,0.83865,0.77181,0.80752,0.78921,0.54842,0.15015,-0.21607,-0.60518,-1.4411,-2.5233,-3.2273,-1.4393,0.68667,0.59969,0.5768,0.62899,0.50722,0.6766,0.49348,0.52553,0.48891,0.48067,0.46327,0.47517,0.45137,0.47517,0.51088,0.48708,0.48799,0.42573,0.40468,0.40193,0.39186,0.44679,0.3946,0.49074,0.44496,0.4001,0.45228,0.44221,0.43855,0.477,0.47334,0.55574
0.52736,0.58504,0.5356,0.4358,0.58596,0.67568,0.62716,0.55666,0.18952,0.12085,-0.18586,-0.29389,-0.31129,-0.4651,-0.30305,-0.24537,-0.2353,-0.33601,-0.29572,-0.38545,-0.51363,-0.58229,-0.71505,-0.77364,-0.67568,-0.76998,-0.87802,-0.88168,-0.97781,-1.0346,-1.3706,-1.3486,-1.2122,-1.1719,0.79836,0.86154,0.94028,1.062,1.0877,1.062,1.0465,0.90457,0.9888,0.97964,0.99155,1.019,0.99979,0.99704,1.0034,1.0456,1.0419,1.0135,1.0227,1.0154,1.0144,1.0163,1.0483,1.0703,1.0767,1.0007,1.0337,1.0465,1.052,1.0666,1.0044,0.81851
0.92837,0.9238,0.965,0.89816,0.88626,0.89999,0.94668,0.92196,0.89816,0.78738,0.72237,0.65279,0.61159,0.72329,0.61525,0.6766,0.6885,0.7123,0.70223,0.69948,0.57588,0.39827,0.1648,-0.61983,-0.4706,-1.4512,-2.049,-2.8565,-1.4942,-1.5601,-1.5583,-1.203,-0.59603,-0.15748,0.76357,0.72237,0.79836,0.87436,0.79379,0.8002,0.81301,0.87527,0.86886,0.84506,0.89267,0.87436,0.86795,0.87893,0.86612,0.83956,0.86062,0.82492,0.82766,0.88076,0.93936,0.86428,0.78188,0.81027,0.7828,0.75533,0.76357,0.85238,0.84231,0.82858,0.83499,0.86062
0.88168,0.90457,0.82217,0.83956,0.88168,0.83682,0.76724,0.79836,0.95492,0.83682,0.77914,0.8066,0.82034,0.76907,0.82766,0.8002,0.73519,0.60335,0.37721,0.10712,-0.32136,-0.83773,-1.2671,-1.6471,-2.2834,-1.8238,-1.2314,-1.0593,-0.64455,-0.5768,-2.3548,-2.7293,0.759,0.73885,0.78005,0.83773,0.89999,0.9357,0.94028,0.93295,0.90548,0.93112,0.96774,0.94302,0.92837,0.9238,0.965,0.96957,0.97873,1.0144,0.96408,1.0776,1.0437,1.041,1.0849,1.0804,1.0813,1.117,1.1216,1.1353,1.1161,1.1188,1.1005,1.1032,1.0886,1.1069
1.1032,1.052,1.073,1.1133,1.0511,1.041,1.0126,1.0556,1.019,0.98056,0.96957,0.99155,0.96591,0.94211,0.96774,0.99521,0.98697,0.96957,0.98422,0.93387,0.94119,0.86154,0.66561,0.60701,0.55757,0.42665,0.2765,-0.24537,-0.38362,-1.3129,-1.5409,-1.0181,0.76632,0.70223,0.64272,0.6006,0.56856,0.60884,0.61525,0.63723,0.70956,0.79012,0.87436,0.91739,0.9595,1.0034,0.98788,1.0364,1.0208,1.0154,1.0566,0.96591,1.0758,1.0282,1.0355,1.0456,1.0547,1.0144,1.0309,1.0666,1.1005,1.0501,1.0767,1.1069,1.1225,1.1005
1.0501,1.0254,1.1106,1.0877,1.0822,0.9476,1.0749,1.0538,1.0428,1.0199,1.0657,1.1243,1.0291,0.98972,1.128,1.1371,1.0831,0.96591,0.94211,0.9476,0.96042,0.82675,0.70406,0.56032,0.51637,0.36439,-0.20234,-0.1767,-0.77181,-2.168,-2.0554,-1.6599,0.99704,1.0016,0.99796,0.93204,1.0245,1.0108,1.0181,1.0117,1.0034,1.0016,1.0163,1.0364,1.0199,1.0034,1.0263,1.0154,1.0126,1.019,0.99979,1.008,1.0199,1.0355,0.99063,1.0053,1.0273,1.0163,1.0373,0.99155,0.96683,0.97232,0.99246,0.98331,0.95492,0.9302
0.90915,0.87161,0.84872,0.80386,0.7535,0.67843,0.63448,0.54292,0.51454,0.5649,0.49806,0.49806,0.3827,0.28291,0.22889,0.30213,0.22431,0.16114,0.21973,0.19501,0.16388,-0.0036622,0.12085,0.30488,0.60701,0.93753,0.80935,0.99429,1.2699,1.334,1.2049,1.0483,1.0245,1.0044,1.008,1.0144,0.98972,1.0337,1.0318,1.0099,0.9888,0.98605,0.99704,0.99887,0.98788,0.98514,0.93204,1.0327,1.0053,0.98148,0.99063,0.9714,0.98239,0.96408,0.98056,0.92563,0.91464,0.94211,0.94852,0.89633,0.85971,0.83224,0.83682,0.79104,0.73061,0.59877
0.65554,0.61159,0.58962,0.52736,0.48982,0.48158,0.44221,0.44221,0.37538,0.27924,0.32411,0.30671,0.18311,0.021058,0.070498,0.064089,0.15107,-0.15748,-0.12818,-0.19684,-0.42116,-0.42573,-0.38362,-0.44862,-0.53102,-0.4001,-0.18036,0.040284,0.058596,0.24079,0.97049,1.2287,0.90091,0.91556,0.95492,0.98422,0.99155,0.98697,0.99063,0.89816,1.0227,1.0117,1.0245,0.98972,1.0007,0.97232,0.94668,0.94119,0.93844,0.92013,0.89999,0.87069,0.86886,0.90274,0.89633,0.88351,0.91372,0.90365,0.8771,0.78921,0.83956,0.80569,0.82949,0.80203,0.7947,0.78829
0.78738,0.78188,0.70589,0.70406,0.69674,0.61251,0.56581,0.53468,0.45137,0.4294,0.39094,0.37812,0.28657,0.32411,0.28108,0.25269,0.1886,0.12268,0.35524,0.10071,0.036622,-0.038453,-0.084231,-0.20783,-0.12909,0.14832,0.67751,0.6885,1.138,1.7524,2.3447,1.9803,1.0099,1.0108,1.0034,1.0089,0.98514,0.98422,1.0016,1.0016,0.98422,0.97781,0.98148,0.99796,0.94302,1.0236,0.97873,0.97964,0.96683,0.96866,0.96866,0.96683,0.94943,0.96042,0.98422,0.95859,0.98422,0.99155,0.98788,1.0126,0.99155,0.98422,0.98605,0.93753,0.99521,0.96591
0.96683,0.94485,0.92288,0.92837,0.91098,0.86795,0.86337,0.80386,0.76357,0.69308,0.60884,0.58779,0.48067,0.34516,0.38179,0.3589,0.3415,0.3415,0.39552,0.30213,0.20783,0.086978,0.10346,0.2472,0.3296,0.51271,0.66378,0.86703,1.2516,1.5281,1.865,1.6507,0.94119,1.0208,0.99063,0.99704,1.019,0.99979,0.98605,0.98697,0.98605,0.99521,0.97049,0.97598,0.95309,0.96866,0.9595,0.95859,0.95035,0.94302,0.86062,0.92196,0.93936,0.87527,0.889,0.86062,0.88351,0.9064,0.85421,0.74892,0.63723,0.59786,0.59786,0.58412,0.45503,0.32868
0.33692,0.31861,0.26551,0.19227,0.23621,0.2472,0.15656,0.061342,-0.031129,-0.043031,0.080569,0.029298,-0.10529,-0.19044,-0.21882,-0.30671,-0.3882,-0.56215,-0.55666,-0.5942,-0.37904,-0.28382,0.3827,0.45869,0.60152,0.9595,1.3642,1.4896,1.8247,2.028,2.0334,2.3328,0.79836,0.72512,0.66927,0.63265,0.71688,0.78463,0.78005,0.66012,0.65096,0.55391,0.6418,0.69399,0.64455,0.48433,0.49989,0.54201,0.57955,0.69582,0.66195,0.6473,0.61525,0.59328,0.63356,0.57497,0.6592,0.63631,0.56948,0.49348,0.50539,0.51454,0.56307,0.54109,0.5063,0.42207
0.44954,0.41017,0.39552,0.40925,0.43306,0.34242,0.23347,0.17579,0.18952,0.34883,0.29847,0.17487,0.16663,0.18769,0.22797,0.23255,0.13092,0.13825,0.10437,0.092471,0.040284,-0.13916,-0.045778,0.14557,0.4706,0.66927,0.72787,1.4951,1.442,1.0556,1.6828,1.8128,0.8826,0.94211,0.92471,0.87893,0.99704,0.96591,0.98239,0.99338,0.9595,0.97873,0.97507,1.0117,1.0007,0.92471,0.8826,0.76998,0.75625,0.71963,0.73977,0.7178,0.74526,0.74892,0.73977,0.71596,0.68026,0.69674,0.67568,0.63906,0.67476,0.66652,0.65188,0.59603,0.55666,0.57039
0.53926,0.53102,0.53652,0.50722,0.55666,0.44954,0.40651,0.38728,0.42665,0.39827,0.33326,0.20783,0.19135,0.16663,0.11719,0.086062,0.079653,-0.027467,-0.0054933,0.0045778,-0.073244,-0.11994,-0.10346,-0.1941,-0.26734,0.20051,0.54659,0.77364,1.1106,1.4447,1.8265,1.8778,1.0483,1.0273,1.03,1.0346,1.0474,1.0346,1.0254,0.99887,0.99979,0.99887,0.99887,0.9714,0.97049,1.0099,0.93661,1.0099,0.98697,0.99338,0.96957,0.93661,0.89908,0.90365,0.889,0.91556,0.90548,0.889,0.86795,0.81393,0.79653,0.80935,0.83682,0.78646,0.67019,0.58504
0.64638,0.61892,0.57497,0.54384,0.51363,0.48708,0.42665,0.33143,0.29298,0.28382,0.27009,0.25269,0.23164,0.2472,0.16205,0.094302,0.050356,-0.0018311,-0.03296,-0.095218,-0.15473,-0.22248,-0.2591,-0.24903,-0.16755,-0.019227,0.2884,0.60244,0.82125,1.0639,1.3633,1.7194,0.94302,0.94485,0.95035,0.96683,0.97324,0.96591,0.95767,0.97232,0.98331,0.97964,0.95767,0.97049,0.9714,0.97781,0.96683,1.0016,0.94577,0.99612,0.94302,0.91189,0.93387,0.889,0.87619,0.86154,0.84689,0.78463,0.76632,0.76266,0.74709,0.72512,0.72878,0.70223,0.66927,0.63814
0.59877,0.54201,0.50539,0.46144,0.33601,0.25636,0.22523,0.30305,0.24995,0.2353,0.206,0.15656,0.030213,-0.022889,-0.078738,-0.11353,-0.16938,-0.16663,-0.21058,-0.37721,-0.47609,-0.59969,-0.57131,-0.57039,-0.57314,-0.42207,-0.20508,-0.060427,0.44313,0.79836,1.1097,1.1884,0.94577,0.93844,0.93295,0.95584,0.9357,0.96316,0.95401,0.96683,0.92471,0.92013,0.95584,0.965,0.97873,0.96225,0.9595,0.89358,0.96133,0.87069,0.83956,0.87527,0.84414,0.82308,0.8002,0.79379,0.80203,0.81484,0.76724,0.70956,0.70315,0.6418,0.59786,0.56215,0.56398,0.59145
0.43489,0.50356,0.23621,0.18586,0.22889,0.23621,0.20325,0.21424,0.078738,0.07416,0.10346,0.014649,-0.15107,-0.16297,-0.1062,-0.24903,-0.35157,-0.47334,-0.53285,-0.61342,-0.42756,-0.57405,-0.5768,-0.51912,-0.46602,-0.29572,-0.032044,0.1062,0.66469,0.965,1.1783,1.2561,0.86703,0.76724,0.70132,0.70223,0.70498,0.75716,0.76266,0.77364,0.76174,0.77548,0.76174,0.76724,0.70772,0.66286,0.58596,0.60244,0.5594,0.52553,0.56948,0.52644,0.53743,0.52828,0.53011,0.50264,0.5118,0.50447,0.51454,0.50722,0.5237,0.53194,0.50905,0.49623,0.54201,0.47334
0.56032,0.43672,0.46052,0.46602,0.45869,0.42207,0.43031,0.34974,0.34608,0.30488,0.25544,0.22156,0.24079,0.24079,0.20417,0.12268,0.021973,-0.051271,-0.16755,-0.16388,-0.29572,-0.206,-0.28932,-0.37538,-0.3296,-0.020142,0.1355,0.22248,0.55574,1.3248,1.7716,2.125,1.0941,1.0996,1.0877,1.095,1.0611,1.0648,1.0254,1.041,1.019,1.0016,0.99612,0.98697,0.99704,1.0034,0.97049,0.965,0.95767,0.95309,0.94211,0.9238,0.90091,0.92654,0.87619,0.83132,0.7416,0.8121,0.78005,0.7709,0.77456,0.70132,0.65737,0.65188,0.61617,0.60976
0.62075,0.57772,0.55849,0.48982,0.38087,0.36988,0.30946,0.069582,-0.085147,-0.1236,-0.077822,-0.24445,-0.36897,-0.38362,-0.39827,-0.49989,-0.55025,-0.48799,-0.52187,-0.58321,-0.63173,-0.6592,-0.69216,-0.69491,-0.70864,-0.6061,-0.053102,0.051271,0.62075,1.3569,1.7707,2.1946,1.2424,1.2278,1.2186,1.2259,1.2287,1.2333,1.1939,1.1948,1.1719,1.1618,1.1234,1.1289,1.1289,1.1252,1.1206,1.0831,1.1216,1.1042,1.062,1.0602,1.0639,1.0858,1.0373,1.0117,0.96957,0.93661,0.8945,0.86795,0.80111,0.73061,0.69857,0.71322,0.66744,0.56856
0.55208,0.47426,0.39094,0.30396,0.21516,0.096133,0.026551,-0.0064089,-0.086062,-0.29206,-0.21149,-0.36622,-0.43397,-0.38636,-0.37172,-0.45778,-0.60244,-0.69948,-0.72604,-0.75442,-0.8533,-0.84414,-0.88992,-0.88076,-0.79196,-0.83499,-0.92288,-0.56856,-0.12818,0.21516,1.0959,1.7982,0.94211,0.94119,0.92654,0.93204,0.94211,0.89724,0.965,0.99429,0.97964,0.98148,0.97507,0.95584,0.94852,0.93112,0.93478,0.90274,0.89358,0.90548,0.91739,0.89267,0.89999,0.88992,0.86795,0.84964,0.80294,0.89908,0.87069,0.86795,0.87069,0.82217,0.824,0.83316,0.8359,0.82675
0.82583,0.824,0.80844,0.78372,0.73244,0.6766,0.55208,0.58504,0.35066,0.30854,0.29023,0.26643,0.092471,-0.056764,-0.13459,-0.27009,-0.38728,-0.50081,-0.47609,-0.43123,-0.42665,-0.40742,-0.347,-0.23896,-0.18311,0.050356,0.047609,0.56307,1.0794,1.2397,2.017,2.3768,0.99612,0.99979,0.99063,1.0099,1.0483,1.0538,1.0694,1.0703,1.1115,1.1097,1.1399,1.0227,1.1014,1.0428,1.073,1.0501,1.0126,1.0309,1.0108,1.0483,1.0639,1.0566,1.0666,1.0602,1.0428,1.0108,0.98697,0.98239,1.019,0.91647,1.0089,0.93204,0.93844,0.90457
0.8652,0.84414,0.83316,0.80386,0.81484,0.79836,0.78463,0.69582,0.59053,0.51546,0.34791,0.23164,0.20051,0.021973,-0.087893,-0.28016,-0.26551,-0.32044,-0.412,-0.51546,-0.5768,-0.5887,-0.58046,-0.62624,-0.65645,-0.4413,-0.17487,0.14466,0.34333,1.2003,1.7597,2.2028,1.1042,1.1051,1.0685,1.1133,1.0978,1.0575,1.0657,1.0511,1.0538,1.0556,1.0639,1.0456,1.0492,1.0446,1.0657,1.0465,1.0373,1.0236,1.0117,0.99796,0.98972,0.96133,1.0172,0.96316,0.96591,0.96957,0.90457,0.93661,0.90457,0.87985,0.9183,0.87802,0.80935,0.76632
0.72146,0.70681,0.67568,0.60244,0.59603,0.45869,0.42024,0.28657,0.21424,0.06592,-0.26917,-0.44862,-0.38453,-0.39094,-0.347,-0.36256,-0.47243,-0.65828,-0.74618,-0.81576,-0.8945,-0.94211,-0.9238,-1.0245,-1.2552,-1.4649,-1.1243,-0.90823,-0.5594,0.065004,0.86154,1.5464,1.0071,1.0739,1.0913,1.1618,1.0456,0.91464,0.83865,0.80752,0.82308,0.88351,0.9357,0.9714,0.97781,0.98331,1.0227,1.0584,1.0245,1.0273,0.95676,1.0602,1.0227,1.03,1.0263,1.0282,1.0245,1.0117,0.99246,1.0108,0.99155,0.99063,0.98697,0.97781,0.98605,0.99796
1.019,0.95035,1.008,0.87527,0.93936,0.88626,0.83041,0.81301,0.74435,0.62532,0.48799,0.45412,0.4706,0.3882,0.32777,0.36897,0.14557,-0.054933,-0.3003,-0.3534,-0.33235,-0.53377,-0.44496,-0.52553,-0.5887,-0.66103,-0.79928,-0.67751,-0.3058,0.27467,0.92654,1.5088,1.0236,1.0428,1.0291,1.0712,0.94852,1.0721,1.0437,1.0712,1.0575,1.0273,1.0419,1.0364,1.0465,1.0675,1.0291,1.0144,1.0135,1.0428,1.0666,1.0593,1.0401,1.0273,0.99429,1.0868,1.0749,1.0016,1.03,1.0025,0.96591,0.95859,0.93295,0.89908,0.89084,0.87252
0.83316,0.78646,0.74252,0.69216,0.64089,0.62258,0.49348,0.41108,0.37446,0.3589,0.32411,0.13092,0.04944,-0.11261,-0.3415,-0.31678,-0.36714,-0.5356,-0.66927,-0.75442,-0.72604,-0.78188,-0.90365,-1.0007,-0.83041,-1.0501,-0.88351,-0.59969,-0.19776,0.30122,1.2177,2.017,1.9117,1.9227,1.9346,1.8897,1.8705,1.9593,1.9007,1.8833,1.9556,2.0106,1.9813,2.0399,2.0664,2.1598,2.1351,2.1433,2.1104,2.0563,1.9071,1.8796,1.8879,1.8458,1.8238,1.7661,1.7414,1.7716,1.7322,1.7038,1.6773,1.6736,1.6013,1.5583,1.4924,1.507
1.5189,1.5189,1.3211,1.1802,1.063,0.96042,0.89724,0.75533,0.70223,0.60701,0.51637,0.43489,0.42024,-0.044862,-0.37996,-0.37263,-0.41841,-0.43672,-0.63265,-1.0556,-0.99429,-0.75991,-0.65554,-0.57497,-0.62349,-0.66103,-0.75167,-0.64364,-0.95584,-0.98422,-0.84597,-0.68758,0.90732,0.889,0.8652,0.88443,0.92837,0.92105,0.90915,0.93387,0.90548,0.88809,0.88809,0.89999,0.889,0.84048,0.81118,0.89084,0.88534,0.82034,0.8066,0.76815,0.75991,0.8826,0.83773,0.67476,0.79012,0.75991,0.73153,0.72146,0.76357,0.5942,0.58504,0.58687,0.54476,0.49623
0.37812,0.35981,0.30854,0.23438,0.11719,0.012818,-0.036622,-0.083316,-0.15198,-0.23804,-0.26002,-0.271,-0.33784,-0.45137,-0.46602,-0.44862,-0.53835,-0.58779,-0.5475,-0.61068,-0.77364,-1.0483,-1.0739,-1.1875,-1.1353,-1.0062,-0.79836,-0.48616,0.16755,1.1637,1.6544,2.0234,1.0382,1.0437,1.0501,1.0309,1.0144,1.0227,1.0263,1.0364,1.0263,0.99155,0.99155,1.0529,1.0401,1.0218,1.0218,0.97964,0.9888,0.92105,0.95218,0.97873,0.94852,0.98514,0.98331,0.8771,0.95126,0.93204,0.93295,0.87252,0.87252,0.87619,0.90457,0.89816,0.86612,0.85696
0.82858,0.64364,0.71047,0.78005,0.60976,0.65279,0.62349,0.61708,0.53377,0.50447,0.53743,0.59236,0.35249,0.42756,0.46327,0.11536,-0.084231,-0.2646,-0.37996,-0.46968,-0.65554,-0.59786,-0.71413,-0.80477,-0.92471,-0.92563,-0.71596,-0.40834,0.085147,0.81576,1.431,2.1461,0.6299,0.59328,0.68117,0.70956,0.65828,0.65188,0.67843,0.69308,0.72787,0.70681,0.7004,0.69033,0.63631,0.62899,0.59969,0.58962,0.61251,0.46968,0.59053,0.50172,0.49623,0.53652,0.49989,0.49532,0.47517,0.40101,0.39003,0.37263,0.39918,0.35707,0.37446,0.38728,0.34516,0.39827
0.2646,0.19135,0.12818,0.13367,0.11719,0.12818,0.11811,0.059511,0.032044,-0.043031,-0.048524,-0.087893,-0.092471,-0.17029,-0.14466,-0.18311,-0.20142,-0.34791,-0.45595,-0.59511,-0.70681,-0.78188,-0.81393,-0.92196,-0.82034,-0.52095,-0.070498,0.5118,1.5372,2.4876,3.3244,3.2484,1.1069,1.0675,1.0804,1.0813,1.0666,1.0804,1.0657,1.0804,1.095,1.1124,1.1344,1.1371,1.1344,1.0511,1.0913,1.1289,1.0923,1.0822,1.03,1.0291,1.0236,0.99704,1.0163,1.0648,1.0401,1.0163,1.0044,0.96957,1.0154,0.98514,0.94119,0.85055,0.90091,0.87893
0.76174,0.74068,0.68117,0.63448,0.60518,0.5063,0.54933,0.48524,0.4358,0.32136,0.31312,0.21516,0.06592,-0.054018,-0.13001,-0.19227,-0.28565,-0.33876,-0.57222,-0.57772,-0.47975,-0.46419,-0.54201,-0.53743,-0.37812,-0.087893,0.30671,0.64272,0.76998,0.80386,1.0172,1.7661,0.90365,0.88809,0.91372,0.95492,0.93387,0.93478,0.98972,0.92837,0.93661,0.89908,0.90091,0.91647,0.86154,0.83132,0.84597,0.85055,0.85421,0.89908,0.90365,0.81759,0.82308,0.79653,0.80477,0.80203,0.8359,0.75716,0.84689,0.79287,0.79928,0.78738,0.75625,0.76174,0.7416,0.76083
0.71963,0.73519,0.71413,0.66012,0.71047,0.70315,0.61434,0.54384,0.50813,0.41017,0.23804,0.18769,0.071413,-0.1117,-0.1529,-0.24262,-0.2884,-0.4358,-0.54018,-0.49074,-0.57222,-0.58046,-0.50813,-0.51271,-0.3058,0.084231,0.41932,0.82308,1.2983,1.4621,1.7963,1.8677,1.1307,1.0163,1.1069,1.0923,1.0511,1.0089,0.97964,0.98788,0.96957,0.94028,0.93844,0.94485,1.0337,0.97415,0.89267,0.90457,0.889,0.88717,0.87802,0.82308,0.77456,0.85788,0.85055,0.83499,0.824,0.77914,0.78463,0.75167,0.73611,0.69308,0.61983,0.58596,0.57863,0.58962
0.52828,0.38453,0.24354,0.18403,0.22065,0.18586,0.051271,0.0018311,0.20875,-0.05768,-0.11811,-0.17853,-0.22706,-0.32319,-0.3827,-0.33326,-0.35249,-0.35249,-0.38636,-0.44771,-0.46785,-0.47975,-0.41292,-0.36256,-0.026551,0.35707,0.71139,0.79379,1.3742,1.8018,1.919,1.8293,1.0959,1.1243,1.0996,1.0877,1.1005,1.095,1.1051,1.0822,1.0932,1.1316,1.0794,1.1371,1.1005,1.0373,1.0913,1.0273,1.0007,1.0089,1.0108,0.95859,0.94852,0.94852,0.94852,0.92196,0.8771,0.87161,0.86886,0.84231,0.81118,0.76815,0.74892,0.74526,0.64089,0.65645
0.67385,0.67385,0.5356,0.58321,0.47975,0.47426,0.42848,0.32044,0.20142,0.1355,0.087893,0.05768,-0.12177,-0.33601,-0.31678,-0.40101,-0.40651,-0.51729,-0.59236,-0.59694,-0.62349,-0.55574,-0.56581,-0.22431,-0.037538,0.79653,0.79653,0.91006,1.2369,1.887,1.9236,2.2449,2.4308,2.1232,1.6892,1.4191,1.1289,0.84506,0.59786,0.51912,0.55849,0.61617,0.55208,0.55757,0.60518,0.69033,0.83224,1.0309,1.2397,1.6233,1.811,1.8632,2.0115,2.0188,1.6462,1.572,1.5226,1.4978,1.4475,1.344,1.2049,1.0428,1.0135,0.92837,0.79653,0.93661
0.82583,0.78555,0.84964,0.82217,0.71688,0.63723,0.67476,0.64547,0.47151,0.10712,0.10987,0.35157,0.39369,0.2234,0.35249,0.347,0.36805,0.18494,0.050356,0.15381,0.029298,0.026551,0.059511,-0.034791,-0.048524,-0.055849,-0.3296,-0.0091556,-0.36164,-0.34242,-0.0412,-0.053102,0.23804,0.36897,0.82949,1.5427,1.746,2.1607,3.0342,3.5533,3.1486,2.3585,2.1113,1.7194,1.0419,0.74984,0.59511,-0.31037,0.66927,1.5134,1.4127,1.268,1.3129,1.4209,1.3065,1.6883,1.8412,1.8686,2.0032,2.0536,2.0215,1.9868,2.0243,1.757,-0.1648,-0.63082
-0.58412,-0.33784,-0.47975,-0.618,-0.50264,-0.6006,-0.68484,-0.74435,-0.66561,-0.618,-0.58596,-0.62258,-0.68484,-0.57955,-0.54842,-0.38453,-0.44862,-0.39644,0.67385,1.6727,1.8961,2.6588,3.5322,3.3262,2.6505,2.244,1.0245,0.28291,0.3415,-0.070498,-2.8886,-2.4976,-1.453,-0.9769,-0.38453,-0.21332,-0.15015,0.20417,0.44862,0.50081,0.98605,1.0218,1.0932,0.81942,0.55391,0.553,0.65828,0.50905,0.46052,0.50264,0.68667,0.86612,1.0913,1.1902,1.4328,1.7734,1.8915,2.2385,1.9428,1.8989,1.7103,1.5931,1.4438,1.1747,0.759,0.63997
0.75533,0.63631,0.51729,0.46968,0.35157,0.21058,0.17487,0.23713,0.14191,0.21516,0.21516,0.23621,0.18128,0.1355,0.12909,0.013733,0.1474,-0.15748,-0.21058,-0.045778,0.17487,0.1886,0.72512,1.3294,1.7322,1.1463,1.312,2.299,3.5817,2.8785,4.0843,3.0442,1.7524,1.3953,0.94211,0.52919,0.69857,0.73153,0.35432,0.36622,0.84872,0.70315,0.63082,0.76724,1.1527,1.3312,1.507,1.8412,1.941,1.8851,1.9749,2.0316,2.093,2.0499,1.7963,1.6755,1.5949,1.5812,1.6443,1.4942,1.3962,1.2534,1.3862,1.453,1.0932,1.1957
0.93661,0.90457,0.89175,0.7828,0.79745,0.71871,0.74892,0.84506,0.96683,0.76357,0.6299,0.62349,0.66286,0.67934,0.54659,0.49532,0.76907,0.62899,0.63265,0.61434,0.45412,0.10987,0.30122,0.18128,-0.81942,-0.39552,-1.2781,-1.897,-4.2354,-3.5533,-4.5943,-4.2079,-4.4029,-4.1603,-3.9085,-3.1715,-2.9756,-2.4271,-1.7331,-1.1463,-1.3907,-1.138,-0.91922,-0.88717,-1.139,-1.1856,-1.2644,-1.4557,-1.7872,-1.93,-2.147,-2.4281,-2.439,-2.3969,-2.3246,-2.0362,-1.9007,-1.7194,-1.4548,-1.1884,-1.052,-0.91922,-0.3827,-0.78372,0.19776,0.17579
0.18769,0.16205,0.20234,0.26551,0.25452,0.20875,0.26917,0.26734,0.21699,0.46968,0.4413,0.52736,0.11719,0.36256,0.44038,0.29206,0.34242,0.36622,0.43764,0.21882,0.0018311,-0.087893,-0.11353,-0.33692,-0.74618,-1.3514,-1.5693,-1.7176,-2.3905,-0.7947,-3.6256,-2.6762,-1.2268,-4.4633,-2.8465,-2.3923,-1.3779,-0.63906,-0.759,-0.44038,-0.44496,-0.36164,-0.071413,-0.064089,-0.347,-0.27558,-0.44588,-0.66744,-0.53652,-0.46052,-0.54384,-0.66103,-0.66103,-0.92746,-0.94668,-0.84048,-0.99246,-0.76998,-0.67751,-0.59328,-0.44038,-0.3122,-0.11628,-0.088809,0.80935,0.759
0.8414,0.78372,0.73611,0.57131,0.74526,0.64089,0.5768,0.63356,0.56398,0.54476,0.46327,0.32777,0.22431,0.17121,-0.14466,-0.025636,0.0018311,-0.089724,-0.13092,-0.2179,-0.09064,-0.089724,-0.20325,-0.13367,-0.087893,0.42299,1.1728,1.6837,1.5931,3.6778,3.3711,6.1589,4.2244,2.7412,1.637,1.214,0.63631,0.2591,0.60884,0.4532,0.11536,0.030213,0.42573,0.83224,0.59603,0.62899,0.51729,0.69399,1.0822,0.73519,1.8824,2.6331,2.7467,2.4766,2.2715,2.0353,1.8989,1.4191,1.2259,1.0492,1.0172,1.0584,1.2232,1.3129,0.78188,0.8359
0.83773,0.80569,0.69857,0.77364,0.72146,0.77639,0.79012,0.70315,0.95584,1.3083,1.0465,0.98788,1.1161,1.0712,0.92746,1.2653,1.1289,0.79653,0.77273,0.21241,-0.16388,-0.25819,-0.44588,-0.32868,-0.22248,-0.90732,-0.88076,-2.3566,-2.0261,-2.2962,-0.90823,-3.7428,-7.8527,-5.4411,-0.13367,-2.3713,-2.7448,-1.2122,-0.26276,0.063173,-0.10895,-0.29115,-0.44313,-0.38087,-0.5356,-0.71871,-0.67568,-0.87252,-1.7277,-2.4162,-2.1296,-1.6828,-2.0829,-2.4207,-2.4674,-2.5837,-2.3841,-2.3411,-2.2523,-2.0042,-1.55,-1.5482,-1.0639,-0.68667,0.80477,0.80294
0.79287,0.76357,0.78463,0.82766,0.77273,0.67934,0.66286,0.69857,0.7416,0.56764,0.47609,0.53377,0.54659,0.45137,0.34883,0.26643,0.19684,0.34791,0.28291,0.13001,0.075076,-0.055849,-0.14374,-0.036622,0.23621,0.015564,0.69582,1.4447,3.7428,3.1715,5.3459,4.2482,3.8655,3.2887,2.2706,1.4484,1.0428,0.17212,0.58229,0.81759,0.30305,0.34425,0.41566,0.59328,0.43855,0.47517,0.63265,0.96866,1.377,1.5949,1.7002,2.8108,2.851,2.646,2.4445,1.9868,1.5711,1.3083,1.2049,1.16,1.2214,1.3596,1.485,1.4402,0.57405,0.57588
0.59694,0.54933,0.61892,0.61983,0.67751,0.69948,0.70589,0.71688,0.74068,0.93295,0.99063,1.0492,0.9302,1.0511,0.82766,0.61708,0.39277,0.1529,-0.000916,-0.27924,-0.71322,-0.58596,0.15931,0.048524,-0.00824,-0.63997,-1.745,-0.99979,-2.1342,-3.7812,-3.9671,-1.5821,-5.6847,-1.6663,-0.19776,-0.64547,-0.6766,-0.5237,-0.27467,-0.060427,-0.054933,-0.39827,-0.4001,-0.4651,-0.52553,-0.87436,-0.57405,-1.1847,-1.5079,-2.1131,-1.8613,-1.4484,-1.8375,-2.1799,-2.3109,-2.1488,-2.2724,-2.5114,-2.1891,-1.9007,-1.4649,-1.2378,-0.91372,-0.67293,0.93112,0.64272
0.96225,0.76815,0.66195,0.69491,0.6473,0.62899,0.64638,0.56673,0.54933,0.54933,0.49623,0.50905,0.51637,0.3589,0.2591,0.3415,0.45778,0.096133,0.35249,0.075991,-0.30946,-0.11902,-0.05768,-0.11628,0.0036622,0.22248,0.31129,0.63082,1.1948,2.1131,2.4354,2.3804,4.2839,4.1346,4.0083,2.6331,0.59328,0.30488,1.8375,1.6974,-0.22523,0.1941,0.90365,0.69033,0.37812,0.79562,0.84048,0.81759,0.88168,0.72695,0.90548,1.7432,2.0444,1.8183,2.3081,2.4812,2.6569,2.0737,1.8577,1.8,1.474,1.4292,2.5407,1.6453,0.75259,1.0291
1.0236,0.90457,0.9357,0.87619,0.91556,0.81942,0.80203,0.93753,1.1417,1.1316,1.203,1.2259,1.3028,1.0492,0.92837,0.97507,1.0126,0.77731,0.98331,0.53377,0.67568,0.53926,0.10437,-0.50264,-1.1554,-1.6324,-0.38362,-2.8666,-2.4628,-7.6321,-2.6313,-5.9722,-3.2795,-1.5381,-1.2799,-1.3349,-1.0996,-0.92929,-0.87344,-0.49806,-0.51454,-0.94943,-1.4191,-1.0501,-1.1289,-1.7441,-1.8476,-1.8879,-2.2239,-2.3603,-2.3988,-2.4738,-2.4354,-2.3722,-2.3466,-2.1195,-2.2019,-2.0554,-1.6379,-1.2223,-1.0007,-1.0602,-0.86154,-0.78188,0.3589,0.31312
0.3589,0.39277,0.39918,0.3589,0.28474,0.3534,0.34059,0.3882,0.38728,0.38362,0.18586,0.09888,0.025636,0.09064,-0.044862,-0.16938,-0.20325,-0.16114,-0.1529,-0.021058,-0.21973,-0.017396,0.23988,0.34608,0.39277,1.2049,1.0877,3.4874,4.0825,7.9727,8.4698,7.3922,4.1649,2.9023,1.5922,0.6473,0.45961,0.14283,0.63814,1.1884,0.42116,0.32411,0.25178,0.54933,0.6061,0.69033,1.0831,1.2809,1.9446,2.5883,3.8133,3.4828,3.7693,3.8041,2.8236,1.9849,1.4805,1.4914,1.1902,1.3871,1.3953,1.2113,1.1582,1.2387,0.477,0.31678
0.35615,0.46052,0.25544,0.24995,0.15381,0.045778,0.029298,0.051271,0.026551,-0.069582,-0.141,-0.19044,-0.27375,-0.30671,-0.27284,-0.22065,-0.19501,-0.38179,-0.53835,-0.39277,-0.46876,-0.54933,-0.38636,-0.42848,-0.45869,0.01648,0.67568,1.2085,1.7734,1.9446,2.06,2.3255,1.7597,1.0703,1.1032,1.149,0.89999,-1.1673,-0.92471,-0.27741,0.21332,0.99246,0.96683,1.5125,1.9575,1.6855,1.5079,1.1133,0.61159,0.22156,0.66561,0.5942,0.3882,0.6299,0.98605,1.247,1.1975,1.4246,1.6865,1.8366,1.8439,1.9584,1.9776,1.8577,0.9183,0.93295
0.93478,0.93112,0.95218,0.93753,0.90274,0.8414,0.95035,0.92837,0.79012,0.78005,0.74709,0.68667,0.52828,0.67568,0.5649,0.42024,0.27833,0.17579,0.077822,0.039369,-0.045778,-0.099796,-0.28108,-0.38179,-0.206,-0.0064089,0.29847,0.47609,0.9357,2.0701,4.4423,6.1553,5.9896,2.8996,-0.57955,-3.253,2.4519,-0.65004,-0.6354,0.72604,1.2223,0.4825,-0.0412,0.4358,0.50172,0.80569,1.2195,1.0456,1.1692,1.0392,1.2781,2.5224,2.4619,2.3045,2.4638,2.0179,1.7478,1.9327,1.5482,1.7313,1.6526,1.7881,1.7313,1.6791,0.50996,0.54842
0.48433,0.58687,0.59603,0.44679,0.44862,0.35707,0.36714,0.54109,0.52095,0.66103,0.61708,0.58412,0.58596,0.53102,0.49806,0.45137,0.29389,0.07416,-0.44679,-0.63997,-0.81027,-0.74709,0.0412,-0.014649,0.027467,-2.1113,-0.046693,1.0556,-1.0181,-4.3901,-8.6035,-1.9391,-1.1353,-1.9126,-0.6885,0.19318,0.39552,-0.0064089,-0.072329,0.027467,-0.11811,-0.41383,-0.17579,-0.26917,-0.27558,-0.58138,-0.89267,-1.1719,-1.2717,-1.4054,-1.887,-1.9593,-2.2843,-2.6222,-2.8785,-1.7121,-0.95401,-1.095,-0.99979,-0.58504,-0.37629,-0.32136,-0.36805,-0.21973,0.77822,0.79836
0.77273,0.75076,0.72787,0.73061,0.73794,0.4358,0.65371,0.57497,0.34974,0.47975,0.10804,-0.11261,-0.11811,0.028382,0.0027467,-0.18677,-0.29481,-0.19135,-0.29939,-0.30396,-0.22156,-0.16938,0.1767,-0.073244,-0.10987,-0.36897,0.30305,1.3633,1.9446,3.253,3.1074,4.6162,4.8589,4.4093,3.6842,3.4022,2.4903,1.1344,0.31404,0.27467,0.43947,0.16297,0.25086,-0.03296,0.34425,0.29298,0.94394,1.1106,1.3706,1.8613,2.3237,3.0937,3.6164,3.4388,3.0973,2.873,2.7604,2.1195,1.6388,1.3523,1.2781,1.3083,0.88626,1.062,0.90457,0.92746
0.9476,0.87527,0.80203,0.96408,0.88809,0.97507,0.98972,1.0254,1.0016,0.99063,0.73702,1.0877,0.85604,0.69216,0.86337,0.64455,0.59145,0.43214,0.23438,-0.038453,-0.16846,-0.40193,-0.23988,0.13276,-0.68667,-0.69582,-1.2818,-1.2653,-0.95676,-4.0898,-4.0074,-4.3782,-7.1432,-1.5253,-2.938,-1.8302,-0.78555,-0.48799,-0.45412,-0.48982,-0.56948,-0.58138,-0.78738,-0.74343,-0.5768,-0.96774,-1.3907,-1.7505,-2.4116,-2.353,-2.0362,-2.2285,-2.4967,-2.3475,-2.0673,-2.0225,-2.0829,-2.1232,-2.0737,-1.8934,-1.5629,-1.3431,-1.1371,-1.0163,0.69674,0.70681
0.68026,0.58321,0.55116,0.61708,0.61892,0.55208,0.49348,0.43672,0.37355,0.33692,0.3827,0.15381,-0.027467,0.51088,0.36805,-0.070498,-0.22797,-0.20692,0.000916,-0.10071,-0.30213,-0.78738,-0.3122,0.16388,0.35066,1.431,1.7789,1.7542,1.6471,3.5798,5.0795,3.4452,3.4159,0.7123,2.3676,2.2303,1.2845,-0.03296,0.61342,1.0016,0.81851,0.52095,0.69033,0.5942,0.91464,0.9888,0.74526,1.5271,1.6773,1.8339,1.9822,2.0902,1.8668,1.7908,1.886,1.8503,1.7158,1.6901,1.594,1.5427,1.7011,1.6764,1.6553,1.6901,0.92471,0.87802
0.9302,0.94485,0.99979,1.0337,1.0419,1.0739,1.0282,1.0273,0.9238,1.0254,0.88809,0.94485,0.76724,0.683,0.45595,0.29206,0.27009,0.13092,0.037538,0.062258,-0.35157,0.034791,-0.20234,-0.42024,-1.8604,-1.5464,-0.78188,1.4713,-8.2189,-1.7789,-11.081,-2.992,-2.4894,-0.97964,-0.889,-0.64638,-0.66652,-0.54567,-0.76266,-0.73061,-0.8945,-0.66469,-0.84323,-1.127,-1.5986,-1.6764,-2.1158,-2.2266,-2.5224,-2.8373,-2.7906,-2.5233,-3.2072,-3.4114,-2.9051,-2.5837,-2.6505,-2.5205,-1.8989,-1.9108,-1.8274,-1.2708,-0.84048,-0.59786,1.0987,1.0675
