12.329,13.062,17.335,-9.5218,-7.5686,-4.7609,-2.3194,-2.1973,-4.0284,-5.8596,-8.7893,-12.329,-13.306,-10.498,-4.883,0.24415,3.1739,0.12207,-5.8596,-14.161,-14.161,-8.4231,-4.3947,-6.3478,-9.3997,-10.743,-9.888,-14.283,-18.433,-21.973,-26.002,-31.617,-37.965,-42.604,-45.778,-49.318,-54.811,-59.206,-62.99,-67.873,-71.169,-71.535,-73.733,-84.353,-99.857,-98.148,-89.724,-75.93,-55.3,-31.129,-9.888,-0.36622,-4.3947,17.945,38.697,-2.5636,-129.89,-284.31,-145.27,0.85452,76.418,69.948,35.768,-13.55,-57.741,-83.499
32.35,33.204,36.744,42.604,52.98,62.38,68.606,73.855,78.494,85.208,91.556,99.612,111.7,126.83,133.18,134.16,128.54,126.22,127.57,124.27,114.02,104.98,102.66,101.08,95.828,84.964,73.977,75.808,78.616,79.958,85.208,91.067,111.09,162.6,227.18,281.5,244.27,299.57,346.93,311.9,361.95,328.87,252.2,215.95,179.2,119.14,87.771,74.221,79.47,87.527,79.958,74.343,84.719,96.561,66.408,5.7375,-36.134,-67.385,-80.081,-78.005,-66.652,-51.515,-58.718,-83.377,-99.979,-83.743
-23.56,-30.396,-10.376,6.4699,-18.311,-30.641,-31.983,-34.669,-44.557,-58.473,-66.164,-65.432,-54.933,-73.733,-109.74,-142.22,-173.1,-200.93,-226.94,-241.71,-238.65,-181.77,-136.97,-165.53,-147.34,-136.6,-226.08,-337.9,-356.82,-455.95,-530.78,-539.69,-536.39,-480.12,-419.69,-333.75,-294.81,-246.35,-208.75,-192.27,-169.07,-128.67,-93.142,-70.559,-55.544,-26.856,-7.0803,-7.6907,-9.1556,2.4415,10.132,13.916,13.428,11.353,1.4649,-7.8127,-4.883,1.587,6.592,-6.9582,-15.992,-3.9064,13.916,23.316,25.636,21.973
-4.5167,-8.0569,-6.4699,-3.5401,-6.1037,-6.3478,-3.6622,-12.696,-14.771,-7.4465,6.9582,-5.005,-26.246,-45.045,-31.251,51.271,70.07,43.336,12.085,-14.893,-4.883,-6.4699,-34.303,-56.642,-87.405,-109.13,-105.84,-9.888,9.2776,16.602,43.947,61.403,49.196,36.744,36.866,37.233,27.345,24.171,4.6388,-17.579,-23.194,-22.462,-30.885,-44.679,-52.614,-44.435,-37.355,-32.716,-30.03,-26.246,-26.246,-28.443,-31.739,-33.57,-37.965,-42.848,-43.336,-36.744,-30.763,-29.664,-22.95,-9.7659,-2.9298,-4.6388,-5.7375,-2.1973
-9.0335,-5.8596,-3.9064,-5.6154,-7.4465,-4.1505,1.0987,0.85452,-3.5401,-6.1037,-3.9064,-3.296,-4.5167,-5.7375,-5.1271,0.4883,13.184,22.217,17.701,38.697,67.263,84.597,113.77,114.14,131.84,104.5,69.216,-22.462,-68.484,14.771,32.105,20.753,4.6388,-23.438,-59.45,-84.475,-77.639,-42.116,-15.992,-11.841,-12.085,-10.987,-10.01,-5.4933,-3.4181,-4.6388,1.4649,13.55,23.316,43.214,58.596,57.985,41.627,37.965,48.708,53.346,46.388,40.773,15.87,3.9064,0.97659,4.2726,6.2258,9.5218,11.597,15.503
12.329,13.062,17.335,-9.5218,-7.5686,-4.7609,-2.3194,-2.1973,-4.0284,-5.8596,-8.7893,-12.329,-13.306,-10.498,-4.883,0.24415,3.1739,0.12207,-5.8596,-14.161,-14.161,-8.4231,-4.3947,-6.3478,-9.3997,-10.743,-9.888,-14.283,-18.433,-21.973,-26.002,-31.617,-37.965,-42.604,-45.778,-49.318,-54.811,-59.206,-62.99,-67.873,-71.169,-71.535,-73.733,-84.353,-99.857,-98.148,-89.724,-75.93,-55.3,-31.129,-9.888,-0.36622,-4.3947,17.945,38.697,-2.5636,-129.89,-284.31,-145.27,0.85452,76.418,69.948,35.768,-13.55,-57.741,-83.499
-67.507,-36.378,-13.184,-2.0753,0.85452,4.6388,3.9064,-4.2726,-8.5452,-13.794,-27.711,-45.167,-43.947,-32.105,-26.002,-27.955,-18.799,-18.311,0.61037,21.729,34.181,-18.067,-22.584,-23.438,-23.316,-20.02,-17.701,-20.631,-23.072,-24.171,-23.194,-22.34,-20.753,-23.56,-24.537,-21.973,-17.579,-18.921,-17.823,-15.381,-12.574,-11.841,-10.01,-10.254,-7.8127,-1.9532,0.12207,-2.6856,-7.4465,-14.893,-20.631,-24.049,-20.631,-17.335,-22.217,-28.077,-29.176,-27.345,-31.007,-33.082,-37.599,-24.415,-10.132,-2.8077,5.7375,3.296
-48.219,-31.983,-67.263,-247.93,-270.76,-154.18,-47.609,47.853,72.024,16.358,-22.34,-40.284,-68.117,-80.081,-67.507,-36.744,-8.4231,-1.3428,-2.3194,-7.6907,-13.306,-10.865,3.296,18.189,23.072,11.963,0.85452,-5.4933,-14.649,-17.579,-17.701,-17.823,-22.34,-29.298,-38.942,-44.801,-47.731,-42.604,-30.519,-18.555,-13.184,-10.62,-11.597,-10.743,-7.6907,-39.43,-44.069,-43.336,-43.703,-44.435,-49.318,-58.718,-60.549,-57.863,-38.209,-8.9114,2.6856,-7.6907,-7.8127,-16.48,-23.56,-62.38,-258.06,-226.94,-58.351,122.93
158.09,63.356,19.288,-20.997,-72.878,-79.47,-48.708,-15.87,-2.3194,-4.883,-8.0569,-14.771,-17.335,-18.555,-20.631,-25.636,-27.711,-19.044,-22.828,-6.4699,1.2207,-2.9298,2.4415,27.345,42.848,45.045,37.233,28.443,22.828,-4.5167,-11.109,-17.945,-24.171,-21.973,-21.729,-23.072,-30.03,-32.716,-35.279,-43.703,-54.079,-57.131,-66.286,-80.935,-82.522,-91.678,-94.607,-125.49,-212.41,-257.21,-300.67,-216.19,-55.422,56.032,127.08,105.11,42.238,-19.654,-67.751,-95.584,-93.509,-60.305,-21.119,7.5686,25.391,27.223
46.876,42.726,37.843,33.937,33.326,30.396,23.682,26.246,26.734,27.1,20.386,12.452,7.0803,7.8127,15.259,9.1556,0,0.73244,14.039,34.181,37.477,24.415,22.095,50.905,65.92,47.975,12.818,43.825,111.45,-222.3,-130.5,-54.201,-17.335,-27.711,-45.534,-45.045,-80.203,-102.18,-125.49,-146,-62.502,7.9348,14.039,26.002,20.875,-7.4465,16.48,40.773,42.848,66.652,85.696,41.139,39.43,36.256,26.856,17.945,13.672,6.8361,-5.1271,-2.0753,14.161,25.269,30.641,21.363,21.607,14.405
13.306,11.963,10.62,9.5218,8.5452,9.2776,12.94,15.015,19.532,18.555,23.804,28.443,33.082,39.674,43.825,50.295,61.159,72.024,77.639,72.024,63.478,56.642,54.323,43.336,26.368,4.7609,-0.85452,14.039,35.157,42.726,64.821,183.48,246.1,-20.264,-96.194,-35.524,-45.289,-69.46,-99.002,-120.24,-84.841,-59.084,-92.776,-128.91,-122.81,-71.78,-42.238,-34.425,-29.908,-21.485,-31.129,-23.804,-1.0987,14.649,15.137,15.259,27.345,90.091,93.509,34.791,-1.2207,-18.921,-38.209,-43.458,-39.674,-3.9064
3.6622,9.7659,18.189,26.856,31.739,32.228,34.059,34.669,26.49,15.748,3.296,-2.8077,2.6856,17.457,29.908,27.1,18.799,13.428,16.358,21.851,20.142,13.062,9.2776,15.015,26.368,30.641,31.495,39.43,41.871,49.562,57.619,43.947,37.111,32.35,21.241,3.7843,46.632,-40.162,49.074,180.55,-21.729,20.02,-24.781,-37.355,-62.746,-67.141,-56.276,-79.714,-125.25,-133.55,-132.69,-115.97,-61.403,-50.539,-19.41,-15.381,6.592,30.763,13.55,1.0987,-20.997,-30.03,-6.7141,27.345,41.749,54.689
59.45,61.892,63.845,63.845,70.925,80.935,83.254,70.437,60.793,56.032,58.351,58.718,61.647,67.873,68.484,81.057,102.91,131.72,128.06,107.91,54.689,14.039,-175.05,-53.713,-340.1,-139.9,-34.669,-10.254,3.0519,-2.4415,-34.181,-91.8,-124.27,-82.156,-32.838,33.692,27.345,23.56,18.433,-2.1973,12.818,22.462,-1.0987,-17.212,-7.2024,0.24415,4.883,3.6622,36.378,73.244,30.763,18.433,-17.579,-25.147,-25.269,-36.012,-36.134,-44.313,-44.313,-52.126,-53.346,-68.239,-72.756,-72.024,-49.562,51.637
64.699,70.315,65.554,58.962,63.845,70.559,63.601,50.661,44.923,53.835,56.52,52.248,64.333,86.795,91.189,82.4,58.473,15.748,270.39,-108.16,-107.55,-58.718,-86.062,-124.15,-123.78,-113.16,-135.87,-146.61,-131.35,-141.36,-124.39,-99.612,-67.019,-34.425,-15.503,-33.692,-31.861,-18.921,-2.9298,-0.12207,3.9064,6.3478,17.945,35.524,56.887,51.393,30.519,25.025,16.724,6.1037,-4.3947,-23.072,-36.622,-36.866,-26.49,-9.888,-0.24415,9.5218,19.41,33.815,39.552,46.388,65.798,5.6154,-63.356,-77.639
-34.303,-154.67,-174.08,-130.13,-86.306,-67.019,-79.836,-107.55,-118.53,-109.87,-105.23,-114.87,-125.13,-127.57,-114.14,-105.11,-103.03,-101.2,-90.823,-90.213,-88.382,-99.979,-128.91,-151.13,-136.6,-81.545,-83.743,-190.07,-250.37,-246.71,-280.53,-375.38,-707.17,-941.92,-645.53,-423.35,-372.2,-210.46,-98.514,-115.73,-51.637,-74.221,-35.524,4.2726,23.927,17.945,-40.407,-68.117,-71.291,-72.634,-63.967,-47.121,-15.87,47.121,97.659,110.35,108.52,129.15,134.28,127.81,106.57,91.556,83.743,86.917,99.124,-58.596
-90.457,-116.46,-112.55,-102.3,-122.81,-165.53,-191.05,-188.24,-168.58,-170.66,-202.89,-230.84,-254.77,-293.95,-314.58,-318.86,-329.11,-359.02,-379.65,-394.91,-418.1,-470.35,-580.34,-833.52,-1037.3,-427.87,-220.1,-130.13,-94.119,-134.28,-199.71,-136.84,-90.335,-77.517,-74.587,-97.293,-115.48,-135.62,-160.89,-174.81,-169.56,-145.76,-105.84,-60.183,-6.4699,35.768,74.831,83.01,57.985,24.659,9.3997,-11.963,-12.818,9.5218,16.114,10.62,-10.376,-42.36,-73.489,-83.987,-112.8,-123.66,-70.925,-44.801,-50.905,-32.35
-42.116,-52.858,-61.525,-63.601,-65.798,-69.094,-74.831,-83.499,-88.87,-88.382,-87.527,-93.509,-89.114,-77.639,-69.948,-75.198,-87.893,-93.997,-91.922,-107.18,-159.92,-210.82,-221.93,-213.63,-203.13,-215.83,-220.83,-221.93,-281.62,-340.83,-380.63,-421.16,-436.41,-487.69,-980.62,-902.49,-257.7,-77.883,39.918,59.45,-100.59,-52.858,62.502,28.932,-35.157,-72.268,-68.117,-90.701,-139.77,-172.61,-173.1,-148.32,-118.41,-90.701,-37.599,34.181,100.96,148.08,191.78,213.14,206.92,177.13,159.06,184.45,185.31,-49.196
-54.201,-59.572,-59.816,-53.468,-49.562,-51.759,-60.305,-69.704,-74.709,-73.244,-78.249,-93.753,-104.5,-106.2,-103.64,-103.4,-108.28,-116.7,-107.79,-98.148,-102.18,-112.67,-110.97,-110.6,-120,-134.65,-147.1,-167.24,-176.76,-174.57,-190.56,-267.22,-349.62,-398.33,-453.02,-560.08,-655.42,-707.79,-970.49,-878.69,-331.92,-184.58,40.895,-69.948,-121.71,-163.58,-170.78,-102.91,-56.398,-86.306,-106.81,-130.99,-130.62,-111.7,-99.368,-107.18,-90.213,-20.386,-21.607,-15.503,-9.0335,13.794,15.992,21.119,17.579,-76.418
-81.057,-89.724,-99.368,-109.38,-123.54,-138.43,-153.81,-161.75,-175.66,-194.71,-212.53,-251.47,-278.7,-268.56,-237.43,-230.11,-227.55,-228.52,-250.13,-277.47,-310.31,-364.27,-413.46,-477.31,-615.86,-560.32,-718.53,-768.46,-238.53,-147.71,39.918,33.937,-91.556,-105.84,-72.756,-94.852,-60.427,-42.726,-52.126,-95.828,-141.85,-161.26,-162.6,-168.34,-144.05,-83.865,-36.134,4.6388,27.955,39.186,31.007,16.114,18.067,29.42,52.736,81.057,110.97,124.27,127.93,122.56,93.509,60.06,51.881,56.276,61.525,59.572
57.131,59.206,59.694,55.788,48.097,44.557,38.087,34.547,31.617,32.228,30.885,31.983,35.279,43.58,54.323,58.718,59.45,55.055,48.097,45.9,43.947,46.999,54.079,59.45,67.019,57.009,33.815,8.301,-24.903,-31.617,-3.4181,5.005,-7.9348,-22.95,-82.644,-89.236,-53.346,-40.407,-11.719,18.189,24.049,15.259,12.085,6.592,3.9064,0.97659,-0.73244,-0.36622,0.85452,5.005,11.109,20.997,30.641,35.279,29.298,15.748,8.301,20.997,41.505,60.793,67.141,62.624,55.544,50.172,52.858,57.619
57.497,60.549,71.657,86.184,93.753,94.852,104.25,118.17,124.64,121.59,120.12,123.17,120.98,115.97,111.94,110.97,110.11,109.62,107.67,98.392,88.015,84.964,91.189,97.781,99.49,94.852,84.353,70.315,55.788,43.947,32.228,21.851,16.358,20.142,27.589,25.636,15.992,5.9816,2.3194,10.865,9.7659,-4.2726,-15.748,-16.846,-5.3713,4.2726,3.296,-1.3428,4.3947,21.241,39.43,50.783,49.318,41.627,38.942,40.04,41.017,40.773,35.646,27.833,22.828,20.875,24.781,30.763,35.157,42.97
75.808,79.958,87.161,94.241,96.316,94.852,97.415,106.33,116.34,123.05,117.44,112.92,122.32,139.53,146.86,144.9,138.31,127.45,122.81,128.54,139.77,150.52,152.59,147.59,146.49,156.99,194.95,269.05,360.97,422.25,275.28,509.41,447.89,438.73,426.4,374.89,349.74,282.48,211.92,134.4,89.358,76.785,52.126,34.547,24.781,22.217,23.438,22.95,16.846,0.36622,-19.532,-41.505,-58.596,-58.351,-64.089,-72.634,-77.517,-86.306,-97.537,-89.846,-82.034,-74.465,-85.696,-88.992,-78.249,63.112
67.385,66.53,63.601,59.328,53.224,51.149,51.881,55.422,57.985,62.136,69.46,80.935,95.95,107.06,111.45,110.6,108.65,111.33,124.27,138.8,160.04,187.38,242.19,298.23,332.77,308.36,379.65,444.11,461.68,456.31,448.62,506,490.74,433.12,361.34,277.47,205.57,157.84,130.13,112.55,94.729,77.639,65.92,60.671,57.131,45.412,30.152,11.841,4.0284,-1.3428,-6.8361,-12.574,-17.579,-17.457,-17.945,-17.701,-20.386,-26.002,-31.739,-48.463,-85.33,-103.4,-105.23,-96.927,-86.428,70.681
72.878,75.808,81.301,90.213,94.363,94.363,92.532,88.26,85.086,88.26,99.368,106.81,107.3,104.37,104.37,108.65,112.67,105.59,101.93,95.828,92.41,95.34,98.514,89.48,89.48,68.361,55.788,74.831,115.36,151.13,177.62,237.43,315.56,378.92,377.21,376.6,478.29,405.9,407.85,338.51,256.72,217.78,169.68,121.83,89.236,72.146,48.341,30.396,26.612,35.524,45.045,44.313,31.617,9.0335,-12.207,-26.978,-46.022,-63.112,-66.53,-56.154,-38.453,-18.799,-12.452,-30.519,-46.632,90.579
90.823,92.776,97.293,101.81,105.11,106.94,103.64,97.171,93.02,92.41,90.457,85.452,80.691,79.592,80.691,80.325,78.127,78.616,81.545,82.156,76.907,68.239,63.967,64.333,72.634,77.395,82.156,95.096,136.11,204.11,260.63,284.92,296.88,277.6,304.94,336.8,415.3,387.83,330.94,230.96,133.43,54.445,35.646,68.239,87.161,98.27,83.132,52.37,36.5,47.365,46.388,26.246,-8.5452,-46.022,-105.23,-131.23,-132.94,-126.59,-120.12,-101.2,-63.967,-18.067,44.923,66.774,75.076,75.198
76.174,76.174,75.076,72.634,73.122,75.442,77.395,76.052,73,72.024,69.216,69.826,65.798,63.723,63.845,61.159,73.977,115.12,171.64,240.12,300.3,319.22,350.72,383.92,388.2,418.1,428.48,383.43,308.85,226.33,156.62,100.71,85.208,99.857,95.096,82.522,82.888,89.724,95.95,101.93,97.415,78.86,29.664,-8.0569,-38.942,-64.821,-64.577,-49.562,-34.059,-22.584,-19.532,-29.542,-35.89,-34.181,-33.204,-24.781,-15.015,-6.9582,-5.3713,-8.7893,-28.687,-62.868,-91.311,-105.72,-115.48,34.425
32.35,33.204,36.744,42.604,52.98,62.38,68.606,73.855,78.494,85.208,91.556,99.612,111.7,126.83,133.18,134.16,128.54,126.22,127.57,124.27,114.02,104.98,102.66,101.08,95.828,84.964,73.977,75.808,78.616,79.958,85.208,91.067,111.09,162.6,227.18,281.5,244.27,299.57,346.93,311.9,361.95,328.87,252.2,215.95,179.2,119.14,87.771,74.221,79.47,87.527,79.958,74.343,84.719,96.561,66.408,5.7375,-36.134,-67.385,-80.081,-78.005,-66.652,-51.515,-58.718,-83.377,-99.979,-83.743
-45.656,-3.0519,0.61037,-13.306,4.6388,30.763,36.866,53.224,62.868,53.835,41.261,24.537,-18.677,-66.53,-91.433,-104.37,-121.1,-140.87,-158.82,-158.7,-134.65,-100.34,-60.183,-44.923,-39.186,-29.664,-19.898,-11.475,-6.7141,-6.2258,-10.498,-19.654,-29.054,-38.697,-41.749,-38.209,-34.791,-35.89,-36.256,-35.401,-36.256,-38.575,-41.993,-44.679,-44.435,-43.336,-43.458,-42.97,-42.36,-42.726,-48.83,-58.962,-68.606,-79.592,-91.678,-99.979,-105.59,-109.74,-115.97,-122.68,-125.74,-125.61,-120,-112.55,-108.65,-108.52
-111.09,-116.21,-120.37,-123.05,-124.27,-127.45,-132.82,-136.97,-135.87,-133.67,-131.72,-128.54,-126.71,-126.71,-123.17,-118.05,-112.8,-106.33,-98.392,-94.729,-94.607,-93.142,-92.41,-91.556,-86.795,-81.423,-79.348,-80.203,-81.179,-149.78,-130.5,-53.224,-78.982,-82.278,-69.338,-51.881,-49.44,-51.393,-44.679,-44.801,-66.408,-95.828,-89.358,-56.887,-21.485,1.709,11.109,-26.856,-59.572,-39.064,-0.12207,-0.12207,-29.786,-32.716,-31.739,-49.44,-60.671,-59.084,-44.191,-44.069,-55.055,-57.863,-46.51,-36.988,-29.298,-13.062
14.527,17.701,18.677,22.095,25.147,26.002,23.804,24.903,33.326,35.401,29.298,20.753,21.363,24.049,16.114,6.4699,7.2024,6.8361,5.9816,3.1739,6.3478,17.701,23.316,22.217,23.316,24.415,31.495,37.233,38.697,59.572,100.22,138.43,200.81,250.25,283.09,314.71,354.14,386.12,433.24,465.96,463.27,478.04,512.1,506.49,469.25,421.03,365,304.7,254.52,178.72,99.857,51.515,31.739,18.311,21.363,24.659,20.753,15.503,4.0284,-14.161,-40.529,-49.562,-54.689,-63.845,-61.281,-64.821
-18.799,-15.992,-13.916,-9.6438,-16.48,-23.194,-22.34,-20.875,-24.537,-29.542,-34.425,-34.669,-34.425,-33.082,-29.176,-27.833,-33.082,-35.524,-40.529,-46.144,-44.679,-34.669,-32.35,-30.152,-37.599,-47.487,-48.708,-60.427,-78.127,-102.42,-92.532,-82.888,-122.68,-126.35,-102.54,-74.343,-76.662,-115.73,-142.58,-126.83,-91.556,-60.915,-47.975,-46.51,-52.492,-40.529,-40.773,-41.871,-27.711,-4.3947,11.475,6.4699,5.3713,8.301,6.3478,-0.85452,-6.7141,-9.7659,-12.574,-20.875,-24.415,-14.283,-14.283,-14.039,-7.5686,-5.2492
-30.03,-30.03,-16.968,-14.039,-21.851,-23.804,-22.95,-24.781,-34.425,-42.97,-49.196,-53.713,-69.46,-91.311,-98.514,-96.683,-105.11,-134.53,-161.38,-213.63,-239.88,-250.98,-273.93,-306.65,-358.29,-414.32,-452.77,-525.65,-579.73,-584.12,-595.36,-607.81,-558,-464.74,-363.29,-268.2,-169.8,-152.71,-151.74,-156.87,-148.93,-140.39,-113.65,-83.621,-66.286,-45.9,-11.597,15.748,34.547,52.004,74.221,86.184,86.184,87.161,93.753,100.22,94.119,83.499,63.356,42.726,25.269,18.311,21.119,22.584,6.2258,-7.8127
-9.5218,-9.888,-11.475,-11.597,-10.498,-12.818,-15.625,-16.48,-15.992,-15.381,-18.067,-21.973,-25.269,-27.345,-25.758,-21.973,-22.584,-21.241,-13.916,-22.217,-34.303,-49.928,-84.597,-109.01,-35.279,-5.1271,-72.878,-110.48,-115.36,-29.054,-46.754,-120.49,-150.64,-184.7,-134.65,-33.815,-62.014,-134.77,-150.27,-116.82,-82.766,-41.017,-10.254,-15.625,-47.121,-58.84,-51.637,-33.937,-10.01,15.992,16.968,6.9582,-1.587,-9.5218,-19.288,-18.677,-9.2776,-3.296,4.5167,-0.97659,-11.841,-15.381,-13.55,-17.335,-24.171,-34.913
15.748,18.677,16.846,11.841,4.3947,-0.4883,-1.587,-3.1739,-13.916,-19.532,-1.8311,17.823,31.739,33.57,25.391,20.508,32.35,40.04,46.754,68.239,92.776,127.32,167.97,203.86,195.2,191.05,190.8,209.6,200.08,232.18,346.81,424.45,444.96,496.11,559.59,558.12,481.09,410.66,356.94,313.12,286.75,252.57,211.8,165.9,123.54,112.06,108.52,78.372,31.495,-4.6388,-45.9,-79.47,-86.306,-81.423,-85.94,-92.044,-89.846,-76.907,-64.577,-54.079,-44.313,-42.36,-48.708,-52.37,-51.759,4.0284
7.6907,4.1505,0.36622,-7.2024,-10.01,-8.301,-7.0803,-5.9816,-3.7843,-4.883,2.4415,13.428,21.729,24.171,34.059,18.311,13.916,58.107,68.361,49.318,37.843,46.999,-0.36622,-71.535,-70.803,49.684,32.472,-65.065,-105.96,-36.866,12.085,14.771,32.472,42.36,40.407,43.947,-15.87,-54.933,-77.883,-49.074,-25.025,-32.472,-33.448,-28.199,-16.968,-27.1,-43.58,-59.328,-55.788,-78.616,-65.676,-33.692,-7.6907,19.898,40.162,15.381,8.9114,-18.677,-32.472,-26.978,-18.921,-24.293,-30.641,-29.908,-27.833,-30.396
-7.5686,-7.6907,-4.2726,-7.5686,-10.865,-4.883,5.005,4.0284,-2.9298,2.5636,21.119,19.898,2.1973,-5.4933,5.005,16.358,18.799,18.799,27.223,46.266,69.094,83.987,99.002,131.72,173.22,202.76,228.77,243.9,262.34,284.43,370.86,462.05,508.8,524.06,522.48,499.53,448.01,396.62,320.44,299.45,336.44,341.69,298.72,230.48,176.4,153.2,135.75,89.114,52.126,24.537,2.4415,-10.987,-14.039,-32.105,-55.666,-55.3,-49.318,-61.159,-89.48,-106.08,-114.26,-104.25,-72.268,-26.368,-13.55,-37.965
1044.3,1044.5,1044.3,1044.5,1044.8,1044.6,1044.5,1044.2,1043.5,1042.4,1040.4,1039.6,1040.9,1041.7,1044.5,1047,1045.6,1042.5,1037.4,1029.3,1027.1,1029.8,1032.9,1036.7,1035.9,1035.9,1052.4,1060.2,1057.8,1079,1078.9,1037.5,954.74,851.59,887.48,1004.1,1038.4,955.72,973.78,1019.8,1080.6,1006.9,999.79,1051.9,1084.5,1092.7,1083.2,1062.7,1046.5,1036,1038.7,1047,1049.6,1043,1042.4,1050.2,1071.7,1109.3,1135.4,1127,1128.5,1122.5,1070.3,1035.6,1034.7,1048.2
1047.9,1048.1,1048.5,1048,1046.7,1044.8,1043.6,1042.8,1042.6,1043.1,1043.7,1043,1042.5,1044.1,1044.7,1044.1,1042.8,1045,1046.1,1052.4,1056.3,1035.3,1027.5,1024.2,1022.5,1017.7,1019.6,1056.6,1143.2,1142.2,1101.8,1128.2,1078.4,986.85,1070.6,1228.6,1123.9,938.63,981.84,1035.3,1024.3,1019.4,1034,1052.6,1047,1039.9,1021.4,1012.2,1011.4,1021.9,1040.3,1045.8,1030.9,1033.6,1049.2,1065.5,1098.1,1135.5,1109.7,1081.3,1074.1,1112.8,998.2,966.34,1036.5,1072.1
1041.7,1021.3,1014.7,1013.5,1029.8,1064,1081.1,1068.6,1050.6,1044.5,1049,1056.4,1058.6,1057.9,1057,1056.1,1060.6,1061.7,1054.7,1045.4,1043.7,1040.2,1034.2,1030.8,1028.5,1031.5,1038.9,1047.6,1048.1,1042.1,1042.3,1041.9,1149.1,1145.2,1113.2,1101.8,1106.4,971.34,1140.2,1240.5,1128.8,958.04,977.2,1054.7,1059.4,1045.6,1009.2,982.94,986.24,1001,1032.9,1045.9,1027,1024,1036.7,1064.7,1080.8,1085.8,1083.9,1059.5,1038,1023.3,1036.5,1070.7,1091.3,1091.3
1079.1,1045.8,1025.1,1029.8,1047.2,1062.4,1063.8,1064.1,1061.8,1057,1046.3,1035.9,1034.1,1032.7,1032.6,1033.5,1041.3,1048.9,1054.6,1054,1057.8,1059.5,1055.5,1054.1,1057.5,1054.5,1045.2,1035.2,1029.1,1031.5,1041,1052.4,1003.1,999.91,1087.1,1160.1,926.66,1006.3,1123.1,1012.4,986.11,1031.4,1045.1,1040.4,1034.5,1009.3,1013.3,1027.9,1030.2,1024.3,1020.3,1029,1035.9,1033.5,1049.7,1057.9,1104.8,1153.4,1125,1064.2,995.15,972.93,1028.1,1097.3,1107.3,1064.1
1047.2,1055.8,1064.9,1053.3,1042.3,1041.4,1047.8,1053.3,1049,1039.6,1034.1,1031.5,1033.1,1040.1,1049.8,1053.1,1053.5,1055,1062.3,1059.6,1050.1,1043,1039.8,1037.1,1036.8,1040.8,1041.2,1038.5,1040.6,1047.5,1052.6,1055.9,977.69,926.42,909.45,993.07,1059.7,1018.5,997.59,975.98,1072.2,1066.3,1029.3,1043.1,1052.4,1041.9,1028.8,1034.3,1040.1,1036.4,1025.5,1013.9,1013.7,1052.3,1117.8,1156.7,1099.6,1041.3,1023.2,1018.7,1020.3,1040.2,1064.7,1086.2,1085.7,1060.3
1041.9,1037.1,1031.2,1023.8,1029,1038.1,1041.7,1036.2,1029.3,1031.3,1032.3,1037.5,1042.5,1047.3,1048.9,1051.1,1050.3,1046.7,1045,1045.3,1053.9,1058.9,1055.1,1051.5,1042.3,1042.6,1044.1,1041.4,1037.8,1040.6,1045.6,1050.9,945.46,887.84,984.53,1082.6,1099.8,1041.9,980.62,1029.3,1051.2,1065.5,1071.4,1055.9,1035.3,1005.5,1003.3,1027.4,1047.9,1054.7,1067.2,1077.3,1069.9,1056.7,1044.1,1029,1067,1096.5,1065.7,1031.8,1017.6,1020.1,1042.6,1067.8,1065,1057.2
1053.6,1051.1,1040.8,1026.5,1020.5,1024.4,1025.5,1031.6,1040.9,1046.2,1053.3,1057.8,1055.5,1049.3,1037.3,1027.5,1019.1,1023,1043,1066.7,1071.4,1061.3,1046.1,1035.2,1037.3,1041.5,1046.4,1050.4,1053.6,1054,1052.2,1048.7,981.84,867.09,859.65,1005.4,1099.6,1019.1,963.9,989.65,1029,1034.7,1033.7,1046.4,1055.2,1055.8,1047,1033.7,1025.2,1021.3,1026,1040.8,1066,1081.7,1073.4,1051.5,1051.4,1071.4,1091.2,1094.6,1070.1,1029.9,1004.2,1003.7,1030.7,1063.5
1074.6,1063.5,1043.1,1017.4,1019.3,1032.3,1034.3,1046.9,1054,1057.9,1052.3,1048.4,1047,1047.3,1052.8,1057.2,1054.5,1051.1,1045.9,1038.6,1046.4,1046.3,1046.5,1041.4,1034.6,1036.7,1052.5,1056.4,1043.9,1050.3,1048.9,1040.8,1029.9,993.07,1040.2,1011.6,982.45,978.42,1026.2,1048.2,1039.6,1018.7,999.79,1001.7,1020.8,1032.3,1039,1044.3,1049.3,1057.2,1057.6,1054.7,1075.5,1101.5,1115.6,1118.1,1083.9,1043.6,1019.9,1020.9,1045.8,1067.9,1078.4,1088.5,1072.3,1022.9
969.15,957.91,1000.8,1063.3,1099.3,1095.7,1070.5,1044.1,1028.6,1027.3,1049,1068.4,1072.2,1066.6,1065.1,1062.3,1051.4,1041.9,1038.5,1042.3,1042.3,1038,1036.7,1039.7,1045.1,1048.1,1049.6,1049.2,1047.3,1046.9,1045.8,1050.3,970.12,915.56,936.67,890.9,869.05,1043.6,1123.2,1122.6,1072.3,1008,987.33,1006.5,1030.7,1056.8,1060.5,1058,1057.6,1065.2,1064.4,1052.5,1051.2,1044.5,1041,1072.8,1092.9,1077.4,1054.8,1059.1,1061.8,1057.5,1047.5,1048.2,1053.3,1058.9
1071.4,1069.7,1063.4,1061.4,1047.5,1038.4,1027.1,1020.8,1022.5,1025.9,1041.3,1063.8,1073.2,1063.3,1052.3,1041.2,1036,1035.6,1039.6,1040.9,1035.7,1041,1055.3,1067.3,1067.7,1053.1,1040.7,1025.5,1050.8,1068.1,1057.2,1048.7,1135,1070.5,1017.4,947.66,930.81,982.21,1020.7,1072.9,1074.9,1027,984.41,983.92,1007.7,1022.2,1041.4,1048.5,1035.2,1027.9,1031.6,1041,1048.6,1058.1,1061.3,1066.3,1062.8,1064.5,1077.3,1097.6,1102.8,1091.3,1070.3,1050.3,1040.4,1030.3
1023.7,1031.4,1050.2,1074.3,1086,1057,996.37,983.67,998.69,1033.5,1051.9,1047.5,1031.4,1032.4,1024.4,1023.3,1025.7,1036.2,1049.1,1055,1050,1047.2,1043,1045.9,1052.2,1055.1,1054.8,1052.3,1053.9,1058.9,1054.1,1046.7,1099.2,972.32,930.2,994.05,1106.1,1060,920.44,928.37,1000.8,1024.2,1018,1003.8,1000.3,1017.4,1047.5,1081.9,1083.7,1065,1046.5,1049.1,1057.9,1058.1,1048.5,1033.8,1034.9,1051.8,1065.6,1073.6,1088.5,1088.7,1065.1,1047.5,1034.1,1024.4
1011.9,1011.4,1027.1,1054.4,1056.6,1036.5,1019,1021.1,1040.2,1060.5,1062.9,1049.2,1043.1,1035.6,1026.8,1020.2,1022.5,1034.5,1044.6,1047.8,1051.8,1051.4,1053.4,1057.9,1062.7,1067.7,1065.6,1058.5,1053.3,1050.1,1048.7,1047.2,1066.6,944,962.19,1035.1,1076.4,958.28,974.64,1032.1,1041.7,1042.5,1030.8,1019.6,1015.2,1018.8,1022.9,1033,1046.1,1051.4,1051.1,1048.2,1051.9,1044.7,1039.1,1051.3,1057.6,1051.7,1051.5,1056.9,1064.6,1068.1,1056.8,1041.7,1042.5,1050.9
1049.7,1043.2,1029,1002.8,988.8,1010.8,1035.7,1057.5,1069.1,1075.5,1065,1053.4,1046.9,1045.7,1043.7,1042,1039.6,1039.9,1043.2,1046.7,1050,1049.7,1044.7,1045.4,1049.2,1049.2,1056.6,1068.8,1065.7,1054,1043,1043,1056.6,927.15,928.13,1050.3,1051.8,1042.4,1036.5,1020.2,1034.6,1030.3,1020.3,1015.5,1022.2,1024.6,1021.6,1015.9,1010.8,1010.7,1019.2,1040.8,1064.4,1070.8,1082.6,1087.9,1066.3,1047.8,1046.8,1064.2,1066.3,1057.4,1050,1046.3,1046.5,1050.3
1039.6,1017,1000.9,1001.7,1028,1073.2,1099.6,1087.9,1055.8,1043.6,1051.3,1063,1060.3,1052.4,1044.7,1048.6,1054.2,1047.9,1033.5,1023.5,1014.1,1011.5,1023.6,1045.6,1062.7,1065,1047.8,1029.8,1035.6,1056.2,1057.4,1053,1014.1,896.88,921.17,962.43,1018.1,1107.5,1131,1110.5,1030.9,936.55,923.73,958.53,1009.4,1046.3,1042.9,1030.1,1019,1014.8,1021.5,1042.1,1064.6,1101,1106.1,1036.4,998.69,1056.6,1107.2,1081.7,1066.2,1057.4,1049.1,1048.4,1053.6,1052.3
1041.5,1024.3,1000.2,1015.9,1046.7,1062.9,1055.9,1050.7,1055.9,1057.3,1057.9,1059.2,1056.1,1048.5,1039.2,1034,1037.1,1045.1,1045.6,1052.4,1054.4,1046.4,1040.9,1033.5,1024.8,1024.6,1036.2,1053.7,1061.4,1055.8,1048,1043.6,923.49,854.52,863.67,986.72,954.5,1072.5,999.18,970.73,1181.6,1217.3,1117,937.89,898.95,957.18,1030.5,1079.7,1080.2,1047.5,1033.4,1045.4,1052.2,1052,1050.6,1045.4,1041.9,1042.5,1042.8,1050.6,1052.4,1053.1,1064.2,1080,1079.9,1064.9
1029.8,981.48,968.41,1023.7,1093.8,1110.8,1102.2,1087.1,1069.5,1035.9,1004.1,996.98,1019.3,1047.6,1060.3,1052.6,1047.2,1044.8,1043.7,1043.5,1044.8,1043.1,1041.3,1039.2,1036.7,1040.4,1054,1059,1057,1056.2,1054.4,1049.8,1046.5,1078.5,1044.3,1014.9,1009.8,1031.5,1020.5,1015.3,1103.7,1113.4,1048,1008.5,1023.1,1032.3,1037,1047.5,1038.2,1011,1004.3,1016.8,1029.8,1034.8,1034.6,1032,1034.2,1033.6,1031.3,1033.6,1039.2,1039.3,1042.3,1045.9,1050.7,1052.8
1055.2,1052.2,1054.5,1074.5,1075.8,1059,1046.1,1047.8,1043.9,1035.9,1034.8,1042.6,1047.9,1049.2,1046.4,1043.9,1042.9,1044.5,1046.7,1046.7,1044.3,1048,1051.7,1050.7,1043.9,1046.9,1051.3,1053.1,1056.6,1053.1,1051.8,1055.7,1440.1,1502.4,1564,1627.1,1463.1,1273,1131.6,1103.7,1150.7,1172.8,1195,1192.8,1150.5,1132.5,1110.3,1093.2,1083,1075,1043.1,1019,1013.5,1017,1022.6,1005.6,965.36,942.29,935.45,935.09,967.93,997.59,1007.2,1006.6,1016,1011.4
1001.1,1002.3,988.43,977.2,985.75,1007.5,1018.6,1026.2,1032.4,1029.3,1029.1,1031.2,1041.5,1047.9,1050.4,1053,1053.1,1047.5,1045.6,1040.4,1030.7,1029.5,1039.5,1039.7,1041.8,1048.6,1048.4,1057,1064.6,1065.5,1066.7,1063.1,1480.1,1526.2,1605.3,1465.6,1373.6,1279.5,1116.2,1078.6,1111.4,1114.7,1149.3,1158.8,1092,1074.3,1112.1,1120.8,1079.4,1040.3,1010.4,982.21,958.28,949.86,956.45,961.46,932.16,906.03,888.21,891.87,909.57,933.26,957.79,968.17,958.65,948.76
944.49,959.75,966.09,969.02,963.65,959.5,954.74,953.89,956.45,951.57,943.75,939.85,947.29,968.05,1007.8,1046.3,1076.7,1097.7,1113.1,1122.8,1128.3,1127.6,1116.2,1102.8,1082.7,1062.5,1056.2,1056.7,1070,1085.6,1092.7,1094.4,1024.3,1002.5,1119.2,1130.4,1137.9,1006.9,1034.8,1025.3,1029.3,1045.4,1014.6,968.78,957.18,982.57,1013,1025.5,1027.5,1030.8,1037.5,1045.2,1059,1079.7,1098.5,1100.6,1094.1,1089.4,1076.2,1056.7,1044.5,1040.8,1038.5,1050.8,1073.3,1081.2
1069.2,1039.8,1011.6,995.03,1008.5,1044,1081.1,1087.9,1074.6,1061.7,1047.9,1025.7,1016.5,1027.4,1029.1,1051.1,1052.3,1057.8,1060.2,1058.4,1041.9,1028.2,1025.4,1032.4,1046.2,1054.7,1056.7,1047.6,1045.7,1049,1035.4,1019.9,1051.1,1001.5,1065.7,1061.1,1089.1,1091.8,1098.8,1110.1,1116.2,1102.3,1072.3,1048.2,1047.8,1049.3,1038.1,1025.7,1019.4,1020.9,1023.3,1033.7,1029.1,1022.5,1025.2,1038.2,1059.7,1076.9,1080.5,1079.1,1077.9,1084.3,1082.3,1071.4,1062.3,1079.4
1102.5,1095.9,1081,1078.4,1081.9,1076.4,1059,1035.8,1014.9,1006.4,1007.7,997.34,975.49,962.43,986.72,1020.1,1028.5,1032,1069.4,1101.2,1080.7,1040.6,1020.8,1019.7,1024.8,1037.1,1044.7,1060.5,1077.2,1091.2,1083.4,1040.6,993.19,974.39,989.78,1001,1065.5,1120.5,1112.6,1104.9,1060.2,1021.9,1066.7,1086.9,1027.4,986.24,1018.1,1058.4,1065,1047.2,1032.4,1038.1,1058.1,1061.6,1054.5,1055.9,1062,1066.1,1064.1,1062.9,1058.7,1051.4,1040.1,1045.3,1076.4,1091.2
1074.6,1042.3,1014.4,1008.5,1011.7,1008.1,1000.8,1000.2,1007.8,1006.3,1003.1,1011.3,1040.4,1057.2,1059.6,1048.7,1044.1,1045.4,1047.3,1049,1038.1,1024.7,1012,1011.5,1020.8,1033.7,1048.6,1062.4,1044.3,1024.6,1003.2,1008.6,1031.3,1001.3,967.31,1008.3,994.17,967.31,1025.2,1153.8,1156.5,1129.9,1106.2,1053.7,1015.5,1005.3,1007.1,1005,1000,996,1010.5,1036,1058,1064.1,1063.6,1058.7,1058,1061.8,1063.4,1061.6,1063.1,1067.7,1072.2,1075.2,1079.3,1079.5
1076.1,1080.7,1084,1074.5,1061.3,1057.2,1053.1,1051.7,1042.1,1026.8,1015.2,1012,1007.8,1008.7,1009.6,1037.4,1086.8,1105.1,1074.7,1036.9,1022.4,1018,1024,1034.2,1044.2,1053.4,1067,1075,1060.1,1042.8,1037.6,1024.3,1064.9,916.04,871.36,970.49,1123.8,1125.5,1010.4,968.54,1011.3,1024.2,1025.3,1015.9,1003.6,999.18,1008.2,1026.8,1043.6,1054.6,1049.8,1038.7,1028,1037.4,1061.2,1087.9,1115.6,1142.1,1102.1,1014.9,1009.8,1032.5,1042,1053.1,1060.5,1067.8
1070.3,1059.5,1042.3,1041.2,1043.7,1048.6,1048.4,1047.8,1048.5,1032.6,1011.1,1016.5,1034.7,1032.3,1011.9,998.2,994.54,1010.4,1028.6,1034.6,1034.7,1031.2,1029.7,1030.9,1048,1073.4,1096.6,1111.4,1082.7,1052.6,1040.4,1038,1125.9,1078,977.2,953.64,1024.9,1036.5,1034.1,1043.5,1050.2,1015.5,1000.6,1014.7,1026.2,1027.5,1023.1,1035.7,1043.7,1052.4,1054.6,1070.8,1067.5,1055.8,1052.5,1050.1,1055.7,1068.5,1076.8,1080.6,1081.5,1079.4,1066.9,1029.1,998.81,996.37
1013.1,1051.8,1081.9,1068.9,1023.3,984.53,989.17,1021.1,1045.2,1056.8,1057.3,1062,1063.1,1057.8,1051.5,1045.1,1043.9,1046.1,1049,1053.1,1052.8,1048.5,1047.2,1048.5,1050.9,1052.6,1051.1,1044.8,1039.6,1034.2,1035.6,1040.3,970,1131,1217.9,1036.3,991.49,1098.5,1047.6,1017,1001.4,1023.2,1022.1,1035.1,1043,1039.2,1035.3,1037,1051.4,1057,1046.3,1038.1,1048.4,1057.2,1060.3,1067.3,1075.4,1081.6,1080.8,1055,1021.6,1018.5,1037.9,1065.3,1082.7,1070.2
1036.9,1009.4,1001.3,996.86,1001.3,1020.7,1044.7,1053.7,1052.4,1048.5,1044.7,1042.5,1044.6,1041.8,1029.8,1029.3,1032.7,1034.1,1034,1032.6,1035.1,1034.6,1035.6,1037,1050.9,1061.3,1064.4,1056.4,1056.6,1053.3,1040.3,1044.6,1055.7,930.94,910.92,1068.1,1141,990.63,921.54,1137.4,1170.7,1119.9,1018.1,914.09,912.38,994.05,1056.8,1071.1,1053.1,1027,1011.6,1008,1017.9,1037.9,1061.6,1072.8,1070.7,1056.9,1036.9,1024.3,1021.9,1034.6,1056.8,1063.4,1062.3,1052
1035.9,1016.1,999.79,994.78,1009.4,1042.4,1074.9,1082.9,1071.2,1060.7,1060.5,1071.1,1079.6,1078.8,1068.9,1044.3,1015.3,994.78,994.29,1007.4,1024.3,1041.4,1049.1,1050.1,1043.9,1038,1037.6,1043.1,1041.8,1037.5,1037.9,1040.9,1140.9,1034.8,930.94,915.43,974.52,1074.9,1185.7,1177.8,1125.6,1034.9,961.21,934.48,960.72,997.47,1034.6,1057.3,1053.3,1054.5,1065,1060,1049.3,1052.5,1062.3,1070.6,1079.6,1085.7,1079.7,1064.9,1045.2,1019.2,1009.3,1008.7,1023,1052.4
1078.8,1084.7,1074.9,1050.8,1026.2,1021.4,1027.3,1033.7,1029,1016.8,1003.1,1003.4,1015.4,1033.8,1040.8,1033.1,1008.5,994.42,996.98,1009.7,1021,1028.8,1036.5,1040.8,1042.6,1048.5,1059.1,1065.5,1066.4,1059.7,1054,1054.2,1146,1053.7,947.9,872.22,1035.1,1126.9,1089.9,1031,1034.3,1049.2,1034.8,1018.1,1016.8,1022,1021.5,1016.6,1012.4,1004.2,1003.2,1020.7,1038.9,1040.8,1036.8,1033.6,1039.5,1055.7,1080.8,1094.4,1081.8,1063.4,1053.3,1048.9,1047.2,1053.4
1058.9,1059.8,1053.4,1041,1040.7,1053.1,1058.5,1059.1,1066.6,1059.8,1049.5,1040.6,1029.6,1026.2,1031,1029.9,1032.7,1034.9,1035.2,1038.1,1044.3,1056.4,1067.8,1076.9,1075.4,1067.2,1058.5,1050,1039.7,1037.3,1046.8,1056.2,1178.6,1089.4,962.19,860.74,801.17,1005.2,1165.1,1140.3,1067.9,994.17,993.93,1043.2,1063.6,1070.3,1056.2,1047.3,1049,1056.2,1060,1048.9,1034.3,1033.6,1044.7,1070.2,1085.4,1076.6,1064.2,1058.5,1048.9,1039.6,1036.3,1047.6,1061.8,1075
1074.4,1063.6,1036.2,986.97,964.63,1002.7,1065,1111,1121.4,1081.9,1033.5,1009.8,1011.7,1021.6,1032.7,1047.5,1060.9,1066.8,1076.3,1069.2,1057.2,1044.5,1039.9,1036,1037.6,1040.6,1043.5,1045.8,1047.9,1051.4,1060.7,1068.8,1144.3,980.13,771.51,741.72,1104.4,1266.8,1206.3,1106.1,996.37,954.99,979.52,1013.7,1040.7,1068.1,1070.3,1060.7,1061.3,1066.9,1068,1060.2,1050.1,1041.9,1027.7,1012.1,1006.4,1013.2,1025.3,1049.8,1069.5,1077.5,1065.8,1041,1022.5,1017
1028.8,1051.8,1070.3,1077.3,1067.3,1049.5,1035.2,1038.9,1044.3,1044,1048.5,1048.4,1058.6,1066.4,1060.2,1050.4,1027,1009.9,1008,1017.9,1029.2,1031.3,1027.7,1026.5,1032.5,1041.9,1049.2,1051.5,1054.8,1045.2,1032.5,1020.1,1063.1,1042,1041.4,1041.7,1041.2,1041,1042.3,1042.6,1043.5,1044.8,1047.2,1047.4,1047,1047.2,1047.6,1047.5,1047.4,1047.2,1047,1047.4,1046.8,1047.4,1047.4,1047.5,1047.6,1047.9,1047.9,1048.5,1049.2,1049.6,1049.8,1050,1049.7,1049.2
1048.4,1047.4,1047.4,1048.9,1048,1046.7,1045.4,1043.5,1040.6,1037.3,1036.8,1038.5,1041,1046.7,1050,1051.3,1053.9,1056.9,1061.9,1061.8,1055.5,1043.7,1034.3,1028,1017.7,997.83,990.02,1014.2,1027,1054.5,1078.2,1085.8,1046.2,1046.3,1046.5,1046.8,1046.5,1046.5,1046.2,1046.1,1046.7,1047,1046.9,1046.3,1046.2,1046.4,1046.8,1045.9,1045.4,1045.8,1047.9,1047.4,1047,1046.9,1046.4,1046.3,1046.8,1049.2,1052.4,1054.5,1055.3,1056.7,1058.3,1059.4,1060.1,1060.2
1059.1,1057.3,1054.8,1053.5,1052.8,1052.8,1052.8,1055.6,1056.1,1053.5,1050,1044.6,1039.2,1036.9,1033.7,1030.5,1025.2,1022.6,1019.9,1015.8,1013.1,1009.9,1006.5,996.37,1011.1,1039.9,1033.1,1019.3,1034.6,1083.7,1096.7,1108.2,1043.5,1043.5,1043.5,1043.6,1044.5,1044.7,1044.5,1044.8,1044.6,1044.3,1045,1045,1044.8,1044.7,1044.7,1044.5,1044.6,1044.6,1044.6,1045,1045.4,1045.3,1045,1044.2,1045,1044.2,1044.8,1045.7,1047.2,1045.6,1044,1043,1042.9,1043.4
1044.3,1044.8,1045.8,1046.1,1047.8,1050,1051.1,1050.6,1051.5,1052.8,1055.7,1058.4,1057.3,1057.6,1060.1,1060.9,1056.8,1051.7,1041.5,1033.2,1020.9,1008.3,983.31,952.67,985.5,1071,1050.9,1044.8,1120.3,1097.7,1110.3,1048.6,1049,1048.5,1048.5,1048.6,1048.6,1049.1,1049.7,1050,1050.1,1050.1,1049.7,1049.5,1049.1,1048.5,1048.1,1047,1045.6,1046.5,1047.6,1048.1,1047.8,1048,1048.7,1048.6,1048,1047.2,1046.8,1046.2,1044.8,1044.7,1045.1,1044.7,1045.1,1046.1
1046.3,1046.8,1046.8,1046.5,1047.2,1047.3,1046.9,1046.5,1045,1042,1039,1035.2,1033.7,1031.3,1031,1028.8,1028.7,1029.3,1028.5,1027.4,1022.2,1012.1,1003.3,1002,1002.6,983.31,1011.3,1066.6,1133.8,1113.9,1108.3,1045.4,1045.7,1045.3,1045.2,1045.2,1045.2,1045.8,1046.3,1046.3,1045.7,1046.1,1045.8,1044.7,1046.5,1048,1047.9,1046.7,1045.2,1044.7,1044.2,1044.1,1044.2,1045.1,1046.1,1046.1,1047.8,1049,1049.5,1050,1050.9,1052.4,1053.3,1053.3,1054.2,1053.6
1053.9,1054.5,1055.6,1055.9,1055.3,1055.8,1056.9,1056.2,1053.6,1056.2,1052.8,1046.4,1042.5,1040.7,1036,1032.4,1026.3,1022,1021.8,1020.8,1028.4,1028.8,1018.3,1014.4,1040.8,1059.4,1035.6,1095.5,1100.6,1077.1,1038.6,1035.6,1035.7,1040.6,1040.4,1045.7,1049.6,1045.9,1042.9,1044,1043.6,1046.7,1050.4,1051.5,1051.1,1049.3,1052.3,1055.8,1059.4,1059.5,1059.1,1059.1,1058.7,1056.2,1053.3,1052.2,1054.2,1055.5,1056.9,1057,1056.1,1054.6,1052.9,1050.6,1047.4,1043
1038.4,1038.4,1040.9,1044.6,1044,1040.3,1049.1,1058.3,1058.5,1048.2,1045.7,1045.4,1041.8,1040.2,1035.8,1033.4,1027.9,1017.5,1002.8,990.75,984.65,981.35,1033.1,1083.2,1194.1,1110.8,1030.5,1100.7,1059.5,1044.8,1044.2,1044,1042.8,1043,1044.7,1044.1,1043.5,1043.1,1043.6,1044.2,1044.8,1045.4,1045.3,1045.3,1045.2,1046.2,1047.4,1046.9,1047,1048,1048,1048.1,1047.8,1047.9,1049,1049.8,1050.4,1050.8,1051.2,1051.1,1050.9,1050.8,1050.3,1050.1,1052.5,1054.8
1056.1,1056.2,1055,1053.4,1052.4,1051.8,1051.3,1050.8,1049.3,1050.6,1053.7,1054,1055,1051.8,1046.4,1039.6,1030.5,1030.2,1029.9,1034.7,1036.2,1010.5,1023.6,1127.2,1183.6,1130.6,1063.9,1017.7,1047,1047.2,1047.9,1048.5,1049.1,1049.5,1049.5,1049.1,1049,1048.7,1048.2,1048.7,1049.2,1049.1,1048.4,1048.4,1048.5,1048.1,1048,1048.7,1049.2,1049.5,1049,1049.8,1050.1,1050,1050.9,1051.7,1051.9,1051.9,1051.4,1052,1051.8,1051.9,1051.7,1051.7,1052,1052.6
1053.5,1052.9,1054.7,1054.7,1056.3,1057,1055.5,1052.4,1048.4,1049.3,1048.2,1047.2,1041.8,1040.2,1037.3,1032.7,1029.9,1027.6,1023.1,1019.8,1013.5,1014.8,1012.5,1004.3,1073.5,1078.8,1015.8,1052.4,1052.2,1053.7,1054.7,1055.2,1056.1,1057.3,1058.3,1059.2,1060,1060.2,1061.3,1062,1063.4,1063.5,1062.4,1060.5,1059.1,1059.1,1057.2,1056.1,1055.1,1054.5,1052.9,1051.7,1052.6,1056.9,1058.9,1055.5,1053.9,1052.4,1048.9,1046.5,1045.7,1044.3,1041.5,1041.4,1041.3,1040.9
1041,1045.1,1048.6,1050.1,1049.2,1047.4,1041,1039.7,1039.8,1039.1,1038.4,1033.7,1028.7,1027.5,1028.2,1027,1025.5,1025.1,1031.5,1035.3,1022.9,1014.2,1009.8,1024.1,1056.7,1096.3,1073.2,1046.2,1048.5,1049.6,1048.5,1047.5,1047.8,1047.6,1046.9,1046.9,1046.9,1047.2,1047.2,1047.8,1047.9,1047.6,1047,1047.5,1047.3,1047.2,1047.2,1047.3,1047.5,1047.8,1047.8,1047.5,1047.4,1047.8,1047.5,1047.2,1046.3,1045.3,1046.4,1048.6,1049.2,1048.4,1048.2,1048.5,1047.9,1048.4
1046.4,1046.2,1045.7,1044.5,1045.4,1045,1044.2,1042.6,1042,1042,1040.6,1038.6,1036.9,1036.5,1036.7,1034.6,1029.8,1022.7,1015.5,1014.2,1017.5,1019.6,973.3,1028.1,1155.8,1139.3,1080.2,1044.5,1043.6,1042.8,1043.2,1044.3,1047.9,1048.5,1045.1,1044.3,1048,1051.1,1048.9,1046.3,1046.7,1049.6,1048.2,1044.8,1042.3,1042.6,1045.4,1046.5,1047.3,1046.8,1048.1,1050.3,1052.2,1052,1051.2,1051.8,1053.7,1052.4,1052,1052,1052.6,1054.2,1054.7,1053.7,1053.3,1051.7
1050.8,1049.8,1048.1,1049.7,1049.3,1048.1,1045,1044.1,1043.1,1040.8,1037,1038.7,1044.8,1046.7,1048.7,1048.5,1043.5,1043.2,1041.8,1043.9,1029.1,987.7,1039.9,1110.9,1042.9,1045.4,1110.6,1104.3,1053.1,1054.1,1054.2,1051.8,1049.5,1049.6,1049.1,1046.1,1046.4,1047.4,1045.9,1044,1043.2,1043.4,1043.4,1042.9,1042.6,1042.1,1041,1041.2,1041,1040.6,1040.2,1040.6,1041.3,1041.7,1042.1,1041.8,1042,1042.9,1043.7,1044,1043.5,1043.2,1043.5,1044.5,1047,1048.1
1049.3,1050.6,1051.3,1051.9,1052.9,1053.7,1052.5,1050.7,1046.9,1042.6,1040.7,1034.9,1029.1,1026.4,1026.3,1021.9,1017.2,1009.8,1003,1001.1,1009.4,1002.1,1014.4,1082.1,1112,1044,1032.3,1047.4,1047.4,1047,1047.3,1047.2,1047.4,1047.4,1047.2,1046.7,1046.2,1045.8,1045.7,1045.8,1045.7,1046.2,1045.9,1045.1,1045.7,1046.2,1047.4,1046.5,1046.4,1046.1,1045.7,1046.1,1046.8,1047.9,1049.1,1049.2,1050.3,1051.2,1051.8,1053.1,1053.4,1052.6,1052.5,1053,1052.6,1052.8
1052.6,1051.7,1051.4,1050.1,1050.3,1049.2,1049.6,1049.5,1047.5,1046.3,1040.6,1037.6,1036.4,1035.7,1037.6,1036.5,1032,1027.6,1030.2,1023.8,1024.7,1057,1018,1046.2,1031,994.9,1025.8,1044.8,1044.2,1044.2,1044,1043.2,1042.9,1042.9,1044,1046.1,1046.4,1045.1,1044.8,1045,1045,1044.8,1044.8,1044.7,1045,1045,1045,1044.6,1044.5,1045,1044.6,1046.2,1048.1,1049.5,1048.4,1047.5,1047.3,1046.4,1046.1,1046.3,1046.7,1047.6,1047.8,1050,1050.1,1049.8
1048.7,1048,1046.5,1045.3,1044.7,1043.9,1043.1,1042.8,1042.6,1043.6,1045,1047.3,1045.9,1040.7,1035.2,1032.5,1026.5,1020.8,1022.6,1023.1,1012.8,1032.9,1074,1042,1023.6,1066.9,1083.3,1043.4,1043.9,1043.7,1044.1,1044.2,1044,1043.7,1044.1,1043.9,1043.2,1042.5,1042.8,1042.8,1042.9,1042.5,1043,1042.4,1043.9,1045.2,1046.5,1045.2,1043.7,1042.6,1041.9,1041.8,1041.9,1042.9,1044.1,1045.8,1048.1,1049.8,1051.4,1052.9,1053.9,1053.9,1053.1,1051.1,1049.6,1048.2
1047.5,1047.4,1047.6,1048,1047.5,1048.5,1048.6,1045,1045.3,1046.4,1042.4,1039.2,1033.1,1029.6,1024.8,1020.5,1024,1038.1,1053.3,1038.9,1011.4,1003.6,1030.3,1077.7,1119.3,1074.4,1115.9,1045.4,1046.2,1046.2,1045.3,1045.8,1047,1048.1,1046.8,1045.9,1045.7,1045.4,1045.4,1045.2,1045.3,1045.8,1045.3,1046.3,1046.1,1046.1,1046.4,1046.9,1047.3,1047.6,1048.1,1048.6,1048.9,1049.1,1049,1049,1049.1,1048.7,1048.6,1048.7,1048.7,1049.2,1048.1,1048.1,1048.6,1049.6
1048.6,1047.5,1047.2,1046.1,1045.3,1044.2,1044.6,1044.7,1043.2,1040.9,1038.4,1036.3,1033.4,1024.7,1029.8,1043.9,1053.7,1055.3,1025.5,999.79,1019.6,1033.2,1051.4,1076.9,1207.9,1049.2,1048,1047.5,1047.9,1047.2,1046.2,1047.3,1047.5,1047.5,1046.4,1045.6,1045.3,1044.6,1044,1043.7,1043.7,1043.4,1044.3,1044.5,1044.2,1046.1,1047.6,1048.2,1048.4,1047.9,1047.5,1047.6,1048,1048.4,1048.5,1048.9,1048.9,1048,1048.1,1049,1047.8,1049,1049.2,1049.1,1048.4,1047.8
1046.8,1046.5,1047.5,1048.1,1047.5,1046.5,1046.1,1044.2,1041.9,1039.5,1040.3,1038,1036,1032.3,1029.6,1032.6,1042.1,1028.8,1011.4,1007.6,1045.6,1052.8,1043.2,1100.7,1149.7,1041.7,1042.3,1043.5,1045,1044.6,1044.1,1043.4,1042.6,1042,1041.2,1040.6,1040.7,1041,1040.9,1042,1043.2,1044.2,1044.8,1045.6,1045.8,1046.3,1047.2,1048.1,1049.2,1049.8,1050.1,1050.1,1050.1,1050.2,1050.3,1050.2,1050,1050.1,1049.7,1049,1049.6,1051.2,1050.7,1049.5,1048.5,1047.9
1047,1045.4,1043.5,1041.3,1039.7,1039.3,1040.8,1041.7,1040.6,1038.9,1039.7,1035.7,1036.3,1029.5,1022.4,1017.9,1033.4,1028.5,995.15,960.11,947.05,979.52,1149.3,1233.6,1044.6,1044,1043.2,1042.6,1042.4,1042,1041.5,1041.3,1040.9,1040.8,1040.7,1040.4,1040.1,1039.7,1039.9,1040.3,1040.6,1041,1040.4,1040.9,1042.4,1044.3,1043.9,1043.5,1043.2,1043.2,1042.8,1043.1,1043.4,1043.5,1043.9,1043.9,1044.8,1045,1044.8,1044.2,1043.9,1043.5,1043.7,1044.1,1044.2,1043.7
1043.6,1043.9,1044.1,1044,1042.8,1041.9,1041.3,1040.3,1039,1035.3,1030.1,1025.1,1022.2,1021.8,1023.1,1020.3,1015.7,994.05,975.37,1003.3,1068.6,1131.1,1123.1,1063.6,992.83,808.98,846.83,886.62,1091.1,1132.8,1080.4,1093.5,1147,1072.7,971.83,967.07,994.42,1025.2,1038.1,1043.7,1062.9,1092.7,1097.1,1061.3,1046.7,1071.1,1067.8,1041.2,1035.7,1038.5,1044.2,1056.6,1062.5,1057.6,1053,1049.2,1047,1049.2,1069.4,1075.4,1050.8,1016,1012.2,1051.9,1080.4,1087.7
1078.9,1059.8,1046.9,1034.2,1022.9,1020.7,1024.7,1023.6,1027.4,1035.1,1042.8,1042.1,1039.8,1035.8,1031.6,1035.7,1041.2,1049,1051.4,1054.7,1059.6,1058.3,1054,1050.7,-0.12207,-0.24415,-0.24415,0.24415,0.85452,0.61037,0.61037,1.3428,2.1973,1.9532,-1.587,-5.3713,-7.4465,-8.5452,-6.7141,-5.8596,-8.0569,-10.376,-10.62,-10.01,-13.062,-15.015,-13.672,-12.574,-14.771,-21.729,-23.927,-18.921,-17.212,-20.631,-15.015,2.1973,7.0803,-6.2258,-3.7843,-2.1973,-1.3428,0.85452,2.8077,2.3194,1.2207,2.3194
1.0987,0.4883,0.73244,0.36622,-1.0987,-1.3428,-1.2207,-1.0987,0.73244,2.8077,3.9064,4.0284,3.9064,4.6388,5.005,5.1271,4.883,4.2726,3.9064,3.7843,3.296,3.296,3.0519,3.0519,2.8077,3.1739,3.4181,3.1739,2.8077,2.4415,0.73244,-0.36622,-2.0753,-2.9298,-2.1973,-0.97659,-0.24415,0.12207,-0.4883,-0.85452,-2.5636,-4.0284,-7.8127,-16.358,-25.758,-30.885,-28.565,-43.214,-66.286,-84.109,-90.457,-78.372,-55.91,-30.152,-37.355,-85.574,-82.156,7.3244,8.9114,10.62,11.109,10.132,9.2776,6.4699,1.8311,-2.4415
-5.8596,-9.3997,-10.132,-7.2024,-2.9298,0.73244,3.4181,4.883,5.7375,6.4699,6.2258,5.3713,4.1505,3.4181,2.6856,1.587,0.61037,-0.73244,-1.587,-2.1973,-2.8077,-3.296,-4.0284,-4.3947,-3.7843,-3.6622,-4.0284,-4.7609,-5.6154,-5.7375,-6.4699,-7.2024,-8.179,-8.6673,-8.0569,-7.2024,-8.179,-7.5686,-10.01,-17.212,-29.786,-38.697,-33.937,-35.89,-42.97,-46.022,-54.811,-63.845,-62.624,-52.98,-56.032,-74.709,-51.027,-13.306,-56.154,-36.134,85.574,12.085,12.452,12.452,12.329,8.5452,3.6622,-1.2207,-6.3478,-6.7141
-3.0519,0.73244,5.005,8.9114,9.5218,8.4231,7.6907,7.3244,6.4699,5.1271,3.9064,2.4415,0.73244,-1.709,-4.0284,-5.4933,-7.0803,-6.9582,-6.1037,-5.4933,-5.8596,-7.5686,-9.888,-10.743,-10.62,-10.254,-10.254,-9.888,-10.254,-9.5218,-8.4231,-8.179,-7.9348,-7.8127,-7.3244,-5.005,-3.6622,-4.1505,-7.5686,-10.01,-9.2776,-7.3244,-19.41,-26.246,-32.838,-36.012,-37.965,-45.9,-49.806,-48.83,-19.654,20.508,23.682,13.55,23.56,7.3244,-24.293,1.587,1.2207,-3.1739,-2.5636,-1.0987,1.709,6.592,8.0569,6.4699
4.0284,-2.5636,-7.5686,-6.9582,-3.5401,-1.587,1.0987,3.7843,5.1271,3.7843,0.85452,-1.2207,-1.709,-0.73244,-0.24415,0.36622,0.61037,-0.36622,-1.3428,-2.9298,-3.6622,-3.6622,-3.9064,-3.7843,-3.6622,-3.1739,-3.4181,-3.9064,-3.6622,-5.1271,-5.4933,-5.9816,-6.7141,-7.3244,-10.62,-13.062,-11.353,-12.818,-21.851,-30.274,-34.425,-35.89,-39.064,-50.05,-61.037,-66.164,-64.333,-65.065,-60.915,-59.084,-24.171,-13.916,-62.38,-25.88,49.684,32.228,19.288,14.893,9.6438,5.6154,3.9064,3.0519,3.0519,1.9532,3.1739,3.6622
3.5401,1.587,0.12207,0.73244,1.9532,2.5636,2.4415,0.36622,-0.97659,-1.8311,-2.9298,-3.5401,-3.6622,-3.5401,-4.6388,-5.2492,-4.5167,-3.296,-2.4415,-1.9532,-1.587,-1.0987,-1.587,-2.3194,-2.4415,-4.1505,-5.4933,-5.3713,-3.9064,-3.296,-2.8077,-3.296,-3.5401,-5.7375,-9.5218,-17.823,-27.589,-30.519,-28.932,-32.838,-38.209,-46.266,-50.905,-61.769,-68.85,-64.333,-79.226,-90.701,-93.142,-102.66,-94.485,-57.497,-31.739,18.555,18.189,73.244,2.5636,9.1556,14.527,17.09,16.114,17.335,16.724,10.376,5.7375,0.24415
-2.1973,-4.6388,-5.1271,-3.5401,-3.296,-4.0284,-4.6388,-4.7609,-5.3713,-5.2492,-6.3478,-7.0803,-8.0569,-9.0335,-8.301,-6.7141,-5.8596,-5.6154,-4.3947,-2.4415,-0.61037,0.24415,0.24415,-0.97659,-3.296,-6.592,-8.7893,-10.132,-13.062,-13.916,-14.527,-15.137,-15.992,-14.649,-15.748,-20.386,-21.851,-21.363,-23.682,-26.612,-33.448,-35.524,-36.622,-36.744,-42.482,-50.295,-54.201,-49.928,-42.116,-47.975,-50.661,-41.139,-30.03,-20.02,-20.508,35.035,5.7375,10.498,7.9348,5.4933,6.9582,8.179,7.2024,5.2492,3.5401,8.7893
14.527,17.335,16.602,14.405,12.207,10.62,9.0335,7.2024,6.8361,5.4933,3.5401,1.8311,0.85452,-0.36622,-1.587,-2.1973,-3.7843,-5.7375,-6.7141,-8.5452,-10.376,-10.132,-8.5452,-9.0335,-10.132,-9.6438,-8.9114,-8.4231,-9.1556,-11.353,-16.114,-14.039,-13.672,-16.48,-19.41,-20.631,-19.654,-20.875,-21.363,-21.729,-25.147,-32.716,-36.744,-35.646,-37.843,-48.708,-64.455,-71.047,-69.46,-66.774,-45.289,-26.368,-80.447,-88.26,-5.4933,99.002,-3.296,-2.8077,1.587,0.4883,0.12207,-2.9298,-3.5401,-9.2776,-12.696,-13.306
-11.841,-4.2726,3.4181,5.2492,3.9064,1.709,0.12207,0.12207,-1.0987,-2.9298,-4.1505,-4.0284,-5.2492,-7.2024,-8.7893,-8.4231,-8.4231,-9.1556,-9.888,-9.5218,-9.5218,-10.743,-10.254,-9.0335,-7.8127,-6.4699,-5.8596,-6.4699,-6.3478,-7.0803,-8.7893,-10.987,-14.405,-18.433,-20.264,-21.241,-24.171,-30.274,-29.054,-30.763,-35.768,-39.064,-39.43,-50.295,-73.366,-79.714,-73.489,-69.948,-81.79,-70.559,-58.107,-62.746,-69.094,-62.014,-50.905,20.386,14.893,9.7659,14.161,19.532,26.978,28.932,22.462,18.067,15.625,14.527
14.283,13.306,12.085,8.9114,4.883,1.3428,-2.3194,-6.1037,-8.9114,-11.109,-12.085,-12.207,-12.085,-12.696,-14.161,-14.283,-14.405,-14.039,-13.306,-13.062,-13.062,-11.841,-10.743,-10.376,-10.498,-12.94,-13.062,-12.329,-14.283,-15.992,-15.259,-12.696,-12.94,-17.09,-22.34,-21.973,-14.527,-13.062,-19.166,-24.293,-30.03,-25.758,-28.199,-34.303,-36.012,-46.999,-54.079,-66.897,-81.668,-87.039,-92.654,-88.626,-74.709,-79.226,-26.246,46.754,-4.883,1.9532,4.883,5.005,0.61037,4.883,13.062,19.044,19.776,21.119
13.55,10.376,7.9348,1.709,2.6856,2.8077,3.5401,1.8311,-2.0753,-5.7375,-9.1556,-10.01,-8.7893,-10.743,-15.381,-19.166,-23.438,-25.147,-24.659,-23.927,-22.34,-19.776,-17.823,-15.015,-12.207,-10.254,-10.376,-11.231,-11.475,-10.498,-10.376,-8.7893,-9.1556,-10.743,-10.987,-12.818,-11.963,-14.649,-21.607,-29.054,-30.885,-30.885,-30.274,-29.42,-33.448,-40.651,-48.952,-65.432,-74.099,-83.01,-90.213,-62.136,-45.9,-59.45,-65.92,2.0753,3.5401,4.3947,8.301,12.574,15.381,12.329,5.2492,0.36622,-4.1505,-5.9816
-3.4181,-2.8077,-2.6856,-4.1505,-5.4933,-5.3713,-5.2492,-5.4933,-4.2726,-1.9532,-0.12207,0.36622,0.12207,0.4883,-0.97659,-4.1505,-6.9582,-8.9114,-10.498,-11.353,-11.475,-11.353,-11.231,-10.62,-11.353,-10.987,-10.498,-9.6438,-9.6438,-10.743,-13.672,-15.015,-13.062,-14.283,-15.748,-19.654,-19.41,-21.973,-33.815,-36.5,-39.43,-48.219,-65.432,-80.569,-86.795,-90.335,-107.3,-110.11,-117.56,-126.35,-149.66,-102.91,-10.01,55.666,56.276,0.73244,-0.12207,0.4883,-1.4649,-3.5401,-7.2024,-8.4231,-8.6673,-6.4699,-11.719,-12.329
-9.6438,-9.888,-7.5686,-5.2492,-4.3947,-4.7609,-3.1739,-0.61037,-2.5636,-8.4231,-12.452,-12.452,-13.672,-15.381,-10.254,-7.3244,-3.296,2.0753,3.5401,6.8361,12.085,16.114,19.166,16.602,11.353,3.9064,-2.0753,-6.1037,-9.6438,-13.672,-15.381,-15.137,-14.893,-15.992,-15.87,-18.311,-19.776,-22.095,-26.856,-26.612,-20.508,-19.776,-20.264,-31.739,-41.749,-46.388,-55.3,-71.657,-78.494,-58.107,-55.788,-67.141,-76.54,-74.587,71.047,25.025,31.617,33.57,32.105,32.838,31.495,26.978,24.537,20.997,19.776,12.329
4.883,0.85452,0.36622,1.709,1.9532,0.85452,-1.8311,-3.296,-4.7609,-8.0569,-12.329,-11.963,-9.0335,-7.0803,-6.1037,-5.7375,-7.8127,-10.743,-13.916,-16.968,-16.724,-18.189,-20.997,-21.241,-20.631,-20.02,-19.776,-19.532,-17.823,-14.283,-11.963,-8.9114,-5.2492,-4.7609,-7.0803,-10.498,-15.87,-23.072,-26.124,-30.641,-27.589,-26.856,-37.721,-54.323,-58.229,-53.346,-53.591,-52.248,-52.126,-44.069,-25.391,-17.335,-9.7659,-29.542,-5.6154,-3.296,1.4649,1.709,8.301,10.254,10.743,8.7893,1.0987,-9.5218,-12.94,-6.7141
1.709,5.4933,4.5167,0.97659,-2.1973,-3.0519,-5.005,-7.6907,-8.4231,-8.5452,-6.2258,-1.709,-0.61037,-1.9532,-5.005,-7.3244,-9.0335,-11.475,-12.452,-12.818,-14.405,-15.015,-16.236,-18.677,-19.654,-19.776,-19.41,-19.776,-17.335,-13.794,-11.841,-7.6907,-8.4231,-10.62,-8.4231,-7.9348,-12.452,-11.231,-12.207,-16.48,-22.217,-25.025,-14.405,-10.01,-27.1,-51.637,-55.666,-55.177,-53.102,-40.651,-13.794,-37.965,-74.831,-44.435,78.494,31.495,27.223,23.072,18.311,13.428,8.5452,5.2492,5.2492,6.4699,9.6438,14.039
18.311,23.56,28.443,32.472,36.012,38.209,39.064,38.575,36.256,33.448,32.838,35.89,39.674,43.58,48.585,54.079,58.84,62.258,64.455,65.065,63.234,61.403,59.694,58.962,55.91,51.637,46.144,39.918,30.519,22.828,14.405,6.2258,-0.97659,-8.4231,-16.602,-12.452,-10.62,-11.963,-17.09,-23.316,-24.415,-21.851,-14.649,-2.3194,8.9114,19.288,43.58,77.151,96.561,105.47,115.12,116.34,145.63,290.78,364.88,-75.93,-73.977,-69.582,-65.92,-60.671,-52.858,-45.045,-42.36,-41.505,-35.768,-28.077
-19.288,-9.888,-5.005,0.73244,9.7659,17.701,22.706,25.025,26.368,26.978,28.809,30.519,34.303,38.942,43.947,48.463,53.591,56.276,56.764,53.468,47.731,39.796,30.396,19.532,13.55,10.498,7.6907,6.1037,0.24415,-8.7893,-21.485,-35.035,-46.266,-56.276,-61.892,-62.99,-60.183,-57.985,-58.351,-55.788,-45.534,-25.269,-0.73244,21.851,47.853,65.676,77.151,85.94,97.537,110.97,123.42,135.62,166.14,330.7,401.14,-40.407,-39.796,-41.627,-45.289,-49.806,-55.91,-60.915,-65.31,-67.873,-63.478,-56.276
-49.074,-38.575,-22.34,-3.0519,18.799,33.815,42.604,45.412,42.482,37.477,32.472,26.124,23.804,27.345,30.763,33.082,35.524,39.064,42.97,44.923,47.121,49.806,54.567,62.502,66.652,69.338,71.413,74.221,75.32,72.146,63.478,52.126,43.825,35.646,35.646,25.269,16.114,5.8596,1.9532,1.8311,-6.1037,-10.987,-12.94,-7.4465,3.4181,12.818,23.682,48.219,93.631,130.62,162.72,190.8,229.13,315.32,357.55,-80.447,-73,-66.774,-60.671,-54.445,-49.562,-49.318,-51.637,-54.201,-50.661,-42.482
-32.228,-20.997,-9.6438,1.587,11.109,17.579,22.828,25.88,25.758,23.438,22.828,23.804,27.833,34.181,41.627,46.999,51.881,57.741,61.769,63.723,65.432,67.751,69.704,71.413,73,73.611,71.413,69.704,66.286,63.356,60.06,56.154,55.544,55.91,54.445,48.708,40.162,28.565,18.067,10.498,8.301,7.6907,10.743,15.137,23.804,35.524,48.219,58.229,75.076,99.612,123.54,145.27,164.8,212.04,295.66,-63.112,-52.614,-41.871,-37.477,-38.331,-41.383,-44.923,-51.637,-58.107,-58.229,-57.009
-50.783,-38.331,-24.903,-10.498,4.2726,15.87,25.269,32.472,36.134,35.157,32.838,29.542,26.612,24.903,24.659,26.49,29.054,30.763,32.716,34.791,36.256,39.674,45.289,49.074,53.224,58.718,62.136,63.723,62.746,61.769,60.183,58.473,57.985,59.45,58.596,55.055,48.463,46.632,40.895,30.641,25.269,18.799,12.085,7.6907,8.179,13.184,19.288,28.321,37.355,48.463,64.943,92.532,130.62,168.95,229.74,-82.278,-86.795,-84.231,-81.057,-79.714,-79.47,-73,-66.042,-62.258,-59.45,-52.614
-42.848,-33.326,-25.513,-13.794,1.709,17.945,30.152,36.744,37.355,30.641,25.147,16.968,7.8127,3.9064,8.301,17.945,27.955,36.378,42.116,45.778,46.266,45.778,48.952,55.544,59.938,62.868,63.112,61.769,57.619,52.614,46.999,40.04,33.448,26.734,23.927,21.607,15.87,9.0335,-5.7375,-5.8596,-3.296,-2.3194,0.12207,9.888,27.711,41.017,48.585,61.892,94.852,123.78,136.11,133.43,182.87,281.87,260.14,-83.621,-89.358,-87.893,-81.423,-74.831,-67.629,-54.445,-40.651,-29.42,-22.34,-16.602
-11.353,-3.9064,3.9064,9.0335,14.283,20.142,24.415,27.467,28.321,27.1,25.88,22.217,20.142,21.363,24.171,27.589,30.396,35.035,40.895,46.144,48.097,47.853,49.074,52.614,56.52,59.816,59.206,56.52,52.492,46.144,36.744,27.711,19.898,6.7141,-9.1556,-24.659,-36.378,-45.167,-46.632,-47.853,-44.313,-32.228,-13.55,4.2726,19.288,43.214,70.803,97.781,108.65,120.98,140.26,125,170.9,310.56,329.48,-25.636,-30.03,-33.57,-34.425,-35.401,-32.838,-31.861,-33.937,-37.721,-41.383,-45.289
-49.074,-53.224,-56.032,-56.398,-54.567,-53.957,-56.642,-61.281,-63.967,-64.089,-62.014,-58.718,-52.126,-42.848,-34.303,-26.734,-22.706,-22.584,-23.438,-21.363,-20.264,-17.335,-12.329,-5.7375,-1.3428,-1.0987,-3.0519,-7.2024,-12.574,-18.921,-20.997,-20.386,-19.044,-17.212,-13.55,-8.9114,-6.4699,-4.3947,-1.587,4.883,12.452,21.241,35.401,48.83,63.478,78.616,96.316,116.58,139.29,166.02,191.29,197.88,260.87,361.22,341.69,3.9064,-4.7609,-11.475,-24.659,-33.448,-43.58,-55.788,-63.234,-68.972,-74.831,-76.907
-75.32,-75.564,-77.395,-76.174,-74.587,-73.366,-73.611,-68.484,-62.502,-57.985,-51.027,-42.116,-30.641,-15.015,0.61037,15.137,26.612,36.5,42.36,43.58,39.064,33.204,30.274,27.589,21.729,17.09,12.207,4.5167,-5.7375,-20.02,-29.542,-31.007,-27.955,-24.659,-17.701,-10.254,-3.296,1.3428,10.498,20.508,26.124,29.42,36.744,53.346,68.972,81.179,93.142,103.15,118.78,135.75,161.26,186.16,190.07,191.66,287.61,-22.706,-24.171,-21.729,-21.973,-29.298,-39.186,-47.975,-53.224,-57.741,-65.065,-65.554
-66.53,-64.455,-55.422,-48.708,-44.557,-40.773,-39.186,-40.162,-41.505,-40.529,-38.575,-33.204,-27.345,-20.875,-13.428,-4.2726,2.6856,12.207,23.56,33.326,40.284,44.191,42.36,33.448,24.781,18.311,13.916,12.329,10.987,10.254,12.085,14.649,14.283,10.987,7.2024,1.2207,-0.12207,-0.12207,3.5401,6.592,5.2492,6.2258,11.841,19.044,34.547,57.253,71.78,87.161,109.62,135.01,172.25,187.99,201.67,286.02,408.58,-53.346,-59.084,-66.897,-69.948,-73.489,-72.756,-73.977,-74.343,-74.099,-76.54,-70.437
-62.746,-47.975,-33.082,-19.898,-9.5218,-4.6388,-4.0284,0.61037,8.6673,16.48,20.386,21.607,22.217,20.142,16.358,12.329,7.9348,3.1739,4.1505,5.1271,8.5452,11.353,11.475,10.987,10.132,6.7141,3.296,0,-2.1973,-2.4415,-4.6388,-8.5452,-11.231,-12.452,-13.916,-19.41,-26.49,-31.373,-33.082,-20.875,-6.2258,9.0335,24.903,43.214,62.868,80.813,98.514,113.77,130.25,151.13,157.84,174.81,258.06,410.9,372.69,-84.719,-85.086,-82.4,-80.813,-77.883,-81.79,-80.203,-68.606,-56.642,-44.557,-37.599
-31.739,-31.129,-34.913,-34.059,-28.199,-16.236,-2.3194,9.1556,21.363,29.664,27.833,21.485,16.846,15.625,18.067,21.485,26.246,31.495,37.965,39.918,38.82,39.918,44.923,51.393,56.398,57.741,55.544,49.806,40.04,28.565,14.649,-0.97659,-15.259,-26.49,-38.82,-51.637,-59.084,-62.38,-62.624,-56.398,-41.993,-21.485,-3.1739,15.259,47.609,74.221,93.142,102.05,110.35,117.56,126.71,123.17,160.89,311.04,320.81,-109.87,-110.11,-108.28,-100.83,-88.626,-71.413,-54.811,-38.82,-21.363,-4.7609,4.6388
10.254,12.085,7.2024,6.9582,13.672,22.34,30.763,38.575,42.726,41.749,41.139,41.017,40.895,39.552,38.697,39.43,42.238,47.731,54.323,59.084,63.234,65.798,67.385,67.995,66.164,60.915,53.346,42.36,25.025,6.3478,-10.743,-26.368,-40.895,-52.858,-62.258,-64.211,-50.783,-41.017,-38.087,-36.5,-28.565,-13.428,1.3428,18.311,35.157,50.417,57.253,68.85,89.48,118.9,141.48,179.57,274.67,475.36,350.23,-30.396,-33.082,-39.552,-49.562,-57.009,-62.258,-68.361,-75.808,-78.249,-82.766,-84.719
-85.208,-85.818,-81.301,-73.366,-70.681,-70.803,-67.263,-59.938,-54.811,-53.957,-46.876,-32.228,-14.893,1.709,16.968,26.612,36.134,46.754,53.957,55.666,52.248,44.557,37.233,33.57,30.885,25.391,17.945,7.4465,-2.4415,-9.1556,-15.748,-26.124,-33.204,-37.355,-43.947,-49.074,-47.365,-39.43,-31.617,-28.443,-29.542,-17.701,5.3713,35.157,52.37,62.258,73.977,76.174,71.169,77.639,118.78,193.73,304.94,484.15,440.44,-78.86,-73.855,-70.681,-71.657,-66.408,-65.554,-65.188,-62.014,-55.055,-43.092,-34.669
-29.908,-29.786,-31.983,-35.279,-36.134,-36.378,-38.575,-41.139,-41.627,-40.651,-38.453,-33.082,-23.682,-12.452,-0.24415,12.574,27.1,41.627,52.614,56.398,56.154,52.004,43.703,32.35,21.973,15.015,11.963,12.207,12.085,11.719,10.132,4.0284,-4.3947,-11.353,-13.306,-12.085,-9.6438,-12.574,-15.87,-14.283,-8.4231,-3.0519,-2.0753,2.8077,15.87,31.983,47.975,65.676,91.311,117.92,134.04,153.2,203.5,315.44,379.41,-31.861,-36.012,-38.331,-34.913,-29.786,-23.927,-19.654,-16.602,-14.527,-12.085,-10.865
-10.254,-9.5218,-11.353,-12.696,-15.015,-17.945,-20.386,-19.654,-15.381,-13.062,-12.085,-6.9582,-2.5636,-2.9298,1.4649,2.8077,-0.36622,12.696,22.217,28.077,24.903,15.259,10.376,11.963,5.4933,-1.4649,-6.2258,-5.6154,-1.4649,-1.9532,-3.9064,-6.4699,-11.719,-18.799,-25.269,-30.03,-32.228,-39.796,-60.793,-80.813,-76.907,-67.019,-66.408,-87.771,-90.213,-61.647,-47.487,-60.793,-48.585,-46.022,-30.885,-64.089,-126.22,-44.679,178.96,-9.5218,0.73244,7.9348,11.963,14.527,16.846,17.823,19.776,23.438,31.007,35.768
40.529,43.825,46.999,43.58,34.913,33.692,28.199,26.612,25.269,18.555,19.532,13.062,4.883,-1.709,-7.8127,-8.5452,0.73244,2.1973,-3.0519,0.73244,11.353,8.6673,10.865,17.457,15.015,3.5401,-6.1037,-12.207,-21.119,-24.293,-24.537,-21.729,-11.841,-12.452,-18.189,-29.908,-38.209,-47.609,-62.014,-64.211,-42.726,-26.856,-45.534,-76.907,-71.657,-42.482,-26.612,-9.2776,10.132,29.786,-7.9348,14.771,-130.13,-237.68,-192.88,328.14,118.41,24.049,195.07,153.57,123.91,105.72,78.738,46.022,21.119,0.61037
-25.147,-31.983,13.672,10.987,11.963,8.6673,5.4933,6.8361,12.085,18.555,14.161,8.0569,10.132,13.062,18.311,20.631,20.875,31.251,32.716,26.49,29.786,43.703,66.774,61.769,39.796,20.386,27.467,-20.02,-94.119,-119.88,-204.96,-287.48,-316.05,-357.68,-430.92,14.771,20.997,23.194,23.927,33.815,38.697,36.256,34.059,28.199,19.288,14.161,10.132,3.9064,-4.883,-14.649,-21.729,-24.049,-24.293,-25.758,-27.1,-26.734,-23.438,-16.846,-10.254,-8.301,-8.0569,-3.1739,5.1271,4.883,1.8311,1.709
2.9298,0.61037,-0.36622,0.61037,0.4883,-3.4181,-9.7659,-3.5401,4.2726,3.4181,3.0519,5.8596,7.6907,0,1.2207,11.963,10.132,-0.4883,8.6673,15.748,9.7659,10.132,22.095,38.697,46.144,44.191,39.064,11.353,-22.34,-40.651,-69.582,-158.45,-270.03,-342.3,-339.37,12.207,17.09,19.898,18.433,12.085,9.888,8.5452,3.7843,-3.1739,-5.005,-5.2492,-6.2258,-11.475,-12.085,-12.452,-22.95,-30.152,-21.851,-17.09,-6.7141,9.0335,12.452,11.597,14.771,14.161,-0.73244,-9.3997,-7.6907,-3.296,3.7843,8.4231
10.132,7.8127,3.296,4.7609,5.7375,2.1973,5.2492,7.8127,8.7893,14.893,20.142,24.537,25.88,25.147,26.612,23.316,23.316,23.804,19.044,11.231,1.3428,-1.8311,-1.2207,-10.987,-20.386,-8.301,-11.963,-46.022,-60.06,-82.766,-107.67,-158.82,-200.45,-240.61,-27.223,-18.433,-21.485,-23.927,-22.95,-23.804,-22.828,-18.555,-9.1556,-5.1271,-14.405,-20.631,-19.166,-18.433,-15.748,-10.498,-5.4933,-0.36622,1.9532,0,-1.0987,-4.2726,-8.5452,-10.743,-7.8127,-6.9582,-5.1271,2.3194,7.9348,11.719,18.067,24.415
19.776,14.771,17.335,21.851,21.973,20.264,20.142,18.555,14.405,7.2024,4.7609,5.1271,10.376,16.602,25.147,25.025,24.659,24.293,19.41,18.311,23.682,39.552,62.38,77.517,88.137,75.076,48.952,-17.212,-119.88,-220.71,-239.02,-236.82,-252.82,-245.98,-1.3428,0.85452,-1.587,-1.4649,-1.9532,-2.0753,-7.6907,-7.5686,-7.5686,-4.6388,2.6856,2.3194,1.0987,1.3428,-0.24415,0.73244,3.1739,2.5636,3.1739,-1.3428,-3.296,-2.5636,-2.8077,-2.4415,-2.4415,-3.4181,-1.709,1.3428,9.1556,5.005,5.7375,6.592
5.8596,10.743,8.5452,3.7843,-2.5636,-3.6622,4.5167,7.6907,6.3478,11.475,21.119,12.329,3.6622,14.649,18.921,9.7659,8.9114,9.0335,1.587,-8.6673,-20.264,-18.921,-9.1556,-6.7141,2.6856,4.883,-0.36622,5.6154,-67.507,-170.9,-206.92,-170.17,-137.09,-69.704,9.3997,1.9532,-4.2726,-12.94,-14.283,-15.503,-21.119,-26.368,-26.124,-26.49,-26.368,-25.88,-23.316,-20.02,-15.381,-12.574,-9.2776,-7.3244,-5.7375,-0.97659,2.6856,3.4181,2.3194,-0.85452,-3.1739,-3.7843,-3.6622,-4.0284,-8.6673,-8.7893,-7.9348,-8.301
-9.888,-10.62,-11.109,-10.254,-10.132,-9.3997,-3.5401,2.0753,6.2258,9.3997,14.527,13.062,9.1556,11.719,15.503,17.212,17.335,17.212,27.1,28.443,20.631,14.527,11.231,18.311,18.067,6.1037,-5.3713,-14.161,-39.064,-72.39,-189.58,-264.41,-266.49,-478.41,8.0569,5.1271,0.12207,-6.1037,-2.8077,-1.709,-18.799,-30.763,-33.204,-37.843,-41.383,-41.261,-36.866,-34.791,-31.129,-24.537,-19.166,-6.9582,-2.0753,-3.0519,-12.818,-21.241,-28.809,-30.763,-31.617,-30.641,-32.838,-35.89,-34.547,-32.838,-27.833,-20.631
-16.846,-11.597,-6.3478,7.8127,20.142,24.537,26.734,20.508,15.87,8.5452,7.8127,10.987,8.9114,13.184,30.519,45.289,44.313,36.5,32.35,31.983,35.035,22.095,27.223,41.993,46.388,40.162,24.171,-16.236,-55.666,-183.6,-225.47,-204.6,-255.13,-303.6,-21.851,-15.992,-8.9114,-0.73244,2.3194,3.9064,1.3428,0.4883,0.36622,-5.005,-10.376,-15.137,-16.602,-6.4699,0.36622,-2.3194,6.3478,12.452,7.3244,0.24415,-6.592,-13.794,-18.921,-17.823,-14.771,-13.672,-13.672,-11.719,-9.888,-10.376,-12.329,-9.5218
-4.3947,2.6856,7.0803,8.6673,9.7659,9.6438,12.329,14.405,15.137,16.724,20.386,18.433,20.997,34.425,37.233,41.627,42.726,48.83,52.98,49.44,52.614,48.463,43.336,36.134,24.293,20.997,11.963,-20.631,-49.684,-97.415,-190.68,-257.45,-383.8,-655.05,124.27,128.18,128.91,128.18,130.62,133.3,130.99,116.7,105.84,102.3,99.49,86.673,67.873,56.642,51.637,45.167,46.632,55.788,59.328,62.014,53.102,42.238,34.669,33.57,27.467,21.973,16.48,14.527,8.6673,5.005,5.005,3.296
-0.73244,7.4465,29.786,51.027,81.423,100.1,113.65,130.01,126.22,112.92,110.48,99.002,87.649,90.335,108.28,116.58,98.636,68.85,31.861,14.283,9.6438,1.3428,0.36622,-10.376,-21.119,-22.095,-20.875,-29.176,-40.284,-54.567,-43.458,-31.129,-55.055,-90.823,17.457,11.963,4.6388,13.55,22.095,12.574,-2.3194,-7.4465,-10.01,-19.532,-22.34,-22.095,-21.607,-15.381,-9.5218,-4.883,-2.6856,2.1973,3.7843,3.6622,4.0284,3.296,1.8311,0.97659,-1.0987,-1.709,0.97659,1.3428,-1.587,-4.1505,-2.6856,0.85452
9.2776,12.207,15.625,20.997,21.973,23.927,29.054,38.82,46.51,52.98,55.91,65.798,71.169,78.005,88.992,97.171,110.6,122.07,125.86,122.68,116.82,97.293,58.107,-13.794,-131.6,-244.88,-319.22,-374.4,-478.29,-493.79,-466.69,-527.24,-476.94,-337.41,13.55,7.6907,1.587,-4.2726,-8.9114,-12.329,-13.672,-14.039,-13.184,-13.916,-14.527,-14.283,-13.672,-10.743,-8.4231,-4.3947,-0.4883,2.9298,6.4699,9.0335,9.2776,6.9582,1.709,-5.9816,-10.62,-11.109,-10.132,-9.3997,-5.9816,0,5.4933,12.329
17.823,23.316,30.763,36.378,40.651,47.853,57.009,61.159,67.507,78.127,85.818,89.236,87.649,85.94,86.917,84.231,83.132,90.579,83.01,50.539,-7.6907,-100.34,-230.72,-377.82,-461.93,-555.93,-619.28,-502.7,-385.51,-142.58,45.778,67.385,-14.771,-13.672,-14.405,-15.259,-17.945,-20.02,-17.945,-13.062,-6.592,-1.9532,0.4883,2.1973,2.5636,-0.36622,-4.1505,-5.4933,-5.3713,-5.4933,-6.3478,-6.1037,-10.62,-13.794,-13.794,-13.672,-16.114,-15.992,-17.09,-16.724,-16.846,-16.724,-16.846,-16.48,-17.212,-17.457
-15.748,-11.475,-7.8127,-10.254,-11.231,-8.9114,-6.2258,-7.9348,-11.841,-11.353,-7.4465,-2.9298,3.1739,12.207,18.677,24.171,28.565,27.223,25.636,22.828,20.631,15.748,12.574,10.376,15.503,11.963,3.5401,-30.03,-103.15,-176.4,-234.99,-501.97,13.672,9.7659,8.301,8.4231,10.254,6.592,3.9064,6.4699,7.3244,6.1037,6.2258,9.888,14.771,17.701,16.846,13.55,8.9114,5.3713,1.9532,1.2207,3.0519,4.7609,5.8596,7.3244,6.7141,4.3947,2.3194,-1.709,-4.883,-4.5167,-3.4181,-6.1037,-10.376,-13.55
-16.236,-19.41,-23.316,-28.443,-33.815,-35.89,-31.861,-24.293,-19.532,-10.865,-5.1271,-3.9064,-1.0987,8.6673,16.724,25.636,38.453,48.097,51.881,47.609,43.58,42.97,47.609,38.331,37.111,43.825,6.7141,-66.164,-152.1,-262.46,-349.01,-454.6,-7.3244,-5.8596,-5.7375,-6.2258,-5.2492,-5.7375,-7.0803,-8.7893,-10.865,-13.672,-13.794,-14.161,-15.625,-16.48,-17.335,-17.823,-18.433,-19.532,-20.875,-21.363,-21.973,-23.682,-24.903,-24.293,-25.025,-27.223,-28.443,-30.641,-35.035,-36.744,-38.087,-40.651,-42.238,-42.604
-42.36,-41.261,-39.186,-35.768,-31.251,-30.152,-31.251,-32.35,-27.223,-22.584,-21.851,-23.194,-14.527,-15.381,-15.87,-6.3478,-2.5636,-13.184,-19.654,-28.077,-38.453,-48.952,-56.642,-54.323,-46.876,-50.905,-49.196,-68.117,-63.967,-26.368,-65.188,-99.979,35.157,38.209,39.552,37.721,35.646,33.815,33.082,33.815,34.425,35.035,35.89,36.622,35.646,34.059,32.838,32.96,33.937,33.082,34.669,34.669,35.524,36.256,36.378,36.988,37.843,39.674,41.749,44.191,46.632,50.295,57.619,64.699,69.582,74.587
80.203,78.494,74.831,68.728,62.014,56.398,52.98,46.388,38.697,36.378,31.373,20.753,14.161,10.498,6.9582,2.0753,-14.893,-31.861,-39.918,-49.806,-61.159,-69.948,-82.034,-100.83,-130.74,-153.69,-155.64,-116.46,-71.413,-43.214,-95.706,-196.66,32.716,46.144,49.684,44.801,36.866,32.472,32.594,33.937,34.303,34.425,30.274,28.321,21.851,17.457,16.114,15.503,14.527,12.452,9.3997,9.2776,8.7893,7.2024,5.9816,5.6154,4.6388,1.709,-0.85452,-3.5401,-6.3478,-5.8596,-7.6907,-6.7141,-8.301,-10.132
-10.01,-10.254,-11.231,-12.94,-12.207,-10.132,-11.231,-13.672,-13.184,-10.254,-6.9582,-7.8127,-11.475,-17.212,-24.415,-27.955,-25.513,-30.152,-38.331,-46.632,-62.624,-80.325,-82.4,-61.525,-40.651,-17.945,-13.184,-25.636,-72.146,-145.88,-220.59,-271.61,27.711,23.682,21.973,20.508,19.41,16.602,13.794,11.597,10.01,6.8361,3.0519,0.4883,-1.709,-3.0519,-3.6622,-6.4699,-6.2258,-7.8127,-9.6438,-10.254,-11.841,-14.405,-16.358,-18.189,-20.02,-20.997,-22.095,-22.828,-24.049,-24.781,-24.293,-25.513,-25.391,-24.781
-23.56,-22.462,-21.363,-21.607,-19.532,-17.823,-15.748,-17.335,-18.555,-19.288,-18.921,-20.02,-18.677,-17.701,-16.724,-9.5218,-1.2207,2.3194,-11.475,-22.34,-37.843,-52.614,-64.333,-64.333,-59.572,-47.609,-43.703,-67.263,-135.26,-215.34,-245.49,-349.25,10.498,9.2776,8.301,7.5686,6.1037,3.7843,4.7609,5.3713,4.2726,2.6856,2.1973,1.587,1.4649,0.73244,-0.12207,0.61037,1.4649,2.3194,3.296,4.7609,5.8596,6.4699,9.7659,13.306,17.09,23.072,31.373,40.895,52.126,61.892,67.141,69.826,69.338,71.535
70.559,64.699,59.328,50.783,37.477,17.823,-1.587,-12.085,-16.602,-18.067,-26.49,-40.895,-59.206,-81.301,-106.81,-138.55,-163.95,-173.71,-179.45,-183.48,-181.52,-188.85,-206.55,-228.28,-245,-264.78,-297.25,-340.71,-339.24,-324.11,-345.47,-349.25,0.85452,-1.4649,-8.7893,-8.4231,-0.36622,-0.36622,-9.5218,-17.701,-20.508,-16.48,-9.3997,5.6154,15.625,17.701,20.997,32.105,41.261,41.505,39.43,37.355,40.651,43.58,39.918,31.617,27.1,19.776,2.8077,-3.0519,-0.97659,7.0803,9.6438,12.818,12.94,15.015
15.87,23.682,31.617,39.552,42.604,46.388,53.468,59.206,54.567,42.726,28.443,13.184,1.0987,-11.719,-28.687,-56.52,-84.964,-112.8,-139.16,-147.83,-128.54,-92.166,-70.559,-52.614,-92.776,-190.8,-293.34,-392.22,-536.15,-527.73,-367.93,-370.25,25.636,21.119,16.602,12.818,12.574,10.743,10.987,7.6907,5.3713,5.6154,7.6907,9.888,12.085,10.376,8.0569,7.9348,7.6907,6.9582,5.2492,0.61037,0.36622,2.6856,7.6907,15.748,19.776,23.682,24.781,22.828,21.119,16.48,15.015,16.602,17.212,18.677
20.264,23.316,28.809,33.937,37.111,36.866,36.622,36.256,34.303,22.462,19.41,18.921,19.654,16.846,11.963,0.36622,-12.818,-21.729,-29.908,-42.604,-74.587,-89.114,-79.592,-52.004,-30.152,-11.719,-3.1739,-33.326,-78.127,-141.12,-190.56,-329.6,10.62,11.475,14.771,16.358,17.457,18.189,21.363,24.293,28.321,31.983,35.035,39.064,39.064,38.82,37.721,35.401,31.495,28.932,26.612,23.438,25.88,30.885,35.89,40.407,43.947,46.022,47.487,50.172,52.614,54.323,55.3,56.887,60.183,71.169
85.94,96.438,106.57,115.97,124.15,134.16,140.51,140.14,139.41,134.28,120.37,94.607,71.535,48.463,20.631,-11.597,-42.36,-71.291,-99.612,-130.5,-147.95,-148.69,-138.8,-113.9,-82.888,-71.535,-74.099,-89.114,-150.27,-265.27,-392.22,-516.5,30.519,31.861,32.472,33.448,34.547,34.547,34.425,34.425,33.326,31.251,27.467,25.391,24.415,22.584,21.363,23.194,26.246,28.932,29.664,32.105,29.298,26.368,25.269,23.682,21.973,21.119,22.462,23.56,24.049,26.734,30.519,37.721,46.999,55.055
61.525,68.361,75.442,76.052,83.621,90.945,98.88,103.03,103.27,100.22,90.457,77.761,64.089,46.632,25.391,1.8311,-28.932,-52.98,-77.639,-100.83,-110.35,-113.41,-111.7,-100.1,-96.561,-97.049,-92.166,-114.99,-170.42,-215.34,-276.5,-288.46,16.602,12.207,10.498,11.597,14.283,16.602,17.09,15.748,11.597,7.3244,5.2492,3.296,3.296,3.296,5.3713,7.6907,7.9348,8.5452,10.743,14.283,13.794,13.428,16.114,17.09,15.381,15.137,16.114,19.044,22.828,26.246,30.03,35.768,41.017,48.83
54.567,62.014,74.709,84.597,94.974,105.11,94.363,72.268,77.761,96.072,93.265,77.273,61.037,39.796,8.179,-23.194,-31.861,-32.105,-35.035,-47.243,-71.047,-88.504,-90.579,-99.124,-108.28,-102.54,-99.124,-101.44,-126.1,-150.64,-176.27,-189.83,37.599,40.529,33.57,21.241,10.743,3.9064,3.6622,9.6438,12.94,13.916,14.649,15.015,14.649,15.015,15.137,14.771,11.841,9.3997,9.6438,8.4231,8.7893,5.8596,2.6856,0.85452,0.61037,0.24415,-1.4649,-2.9298,-2.3194,-0.85452,1.2207,5.3713,7.9348,8.7893
9.1556,6.8361,6.4699,8.179,8.0569,9.1556,10.132,10.498,12.574,10.743,6.9582,2.1973,-5.7375,-10.865,-12.94,-14.161,-23.072,-28.199,-30.763,-44.801,-47.121,-40.895,-51.149,-52.98,-45.412,-44.435,-48.097,-26.246,5.3713,-41.505,-101.93,-149.78,-11.963,-12.329,-12.329,-12.329,-12.329,-13.184,-13.55,-12.696,-11.109,-12.574,-11.841,-13.306,-12.207,-11.109,-9.5218,-8.4231,-6.4699,-4.7609,-3.0519,-0.97659,0.12207,2.4415,4.883,6.3478,7.8127,11.231,14.527,18.067,19.532,18.677,18.921,21.973,24.659,26.612
26.734,26.368,24.415,21.485,22.34,23.56,23.194,18.921,13.428,11.109,0,-6.1037,-12.452,-16.602,-25.147,-30.519,-34.791,-36.744,-36.134,-36.256,-42.116,-48.952,-47.487,-32.228,-0.12207,34.913,50.295,26.002,-2.4415,-29.298,-78.372,-178.35,1.2207,0.73244,0.24415,0,-2.1973,-4.5167,-5.1271,-5.3713,-5.005,-4.2726,-1.709,0.4883,3.4181,5.005,5.9816,5.2492,5.3713,3.9064,4.5167,8.0569,11.353,14.161,18.433,21.729,24.415,24.781,22.34,18.799,15.137,13.062,11.109,9.0335,8.7893,6.7141
8.301,11.597,15.503,16.724,17.335,18.311,16.724,10.376,3.296,2.5636,3.6622,-3.4181,-12.818,-23.682,-30.641,-35.89,-42.36,-41.261,-33.204,-27.833,-26.856,-24.903,-19.41,-1.9532,17.335,36.744,48.341,35.89,6.7141,-9.5218,-54.933,-131.6,20.386,20.386,19.898,20.997,20.753,19.044,17.457,14.161,12.574,11.841,11.841,9.1556,8.7893,8.301,5.6154,2.5636,0.85452,-0.85452,-1.2207,-1.9532,-3.1739,-3.1739,-3.296,-5.7375,-6.3478,-6.592,-5.6154,-5.1271,-3.7843,-7.0803,-6.592,-5.8596,-7.6907,-9.6438
-9.0335,-6.4699,-5.1271,-5.1271,-4.883,-1.4649,-0.73244,-1.2207,0,1.587,6.2258,4.0284,1.9532,1.0987,-1.2207,1.2207,4.3947,4.3947,4.7609,4.6388,2.1973,-3.4181,-0.61037,10.743,42.36,58.84,45.045,20.02,-54.811,-114.75,-105.35,-91.556,5.3713,5.3713,6.7141,11.231,15.992,20.631,25.025,29.786,30.274,28.809,27.1,24.659,21.973,18.677,17.09,15.381,14.649,13.55,12.818,12.329,13.184,12.207,9.888,9.2776,8.9114,7.8127,5.005,1.2207,-2.1973,-3.9064,-2.3194,-4.1505,-3.4181,-1.587
0.24415,4.2726,8.9114,10.987,15.625,18.189,16.236,17.09,20.142,22.217,29.542,31.861,27.589,22.095,19.166,14.771,11.963,13.184,8.9114,2.0753,-0.61037,0.97659,3.0519,5.3713,1.587,-16.48,-44.313,-70.925,-90.335,-82.4,-69.948,-133.55,6.4699,8.179,9.1556,11.597,11.475,10.376,11.597,10.254,8.179,8.6673,8.5452,7.5686,7.5686,8.4231,8.179,8.0569,7.0803,5.9816,5.8596,5.9816,5.1271,4.2726,3.6622,3.296,4.0284,6.2258,4.6388,4.2726,-0.73244,-4.1505,-0.85452,1.4649,1.587,3.4181
4.7609,7.5686,12.329,13.428,16.114,23.194,31.617,32.105,27.955,23.927,15.015,6.4699,1.2207,-0.24415,0.12207,-0.61037,-0.12207,6.4699,11.231,11.841,14.283,16.968,20.631,11.963,-10.987,-31.861,-36.744,-40.284,-42.726,-77.151,-92.41,-98.758,-6.8361,-15.87,1.4649,13.184,18.799,25.513,28.321,36.744,34.425,18.311,3.296,-1.3428,2.8077,10.62,17.212,18.311,16.846,12.696,6.9582,2.6856,-0.36622,-1.9532,0.85452,3.5401,0.36622,1.0987,0.85452,-1.587,-2.5636,-2.1973,-2.6856,-3.9064,-6.9582,-8.301
-9.2776,-9.6438,-9.7659,-7.3244,-0.97659,4.2726,10.743,18.189,19.654,21.729,25.147,19.166,12.574,15.503,23.927,30.885,24.415,24.415,28.565,24.171,23.682,21.729,26.734,34.547,36.5,39.186,38.331,35.646,25.88,3.9064,-51.759,-134.89,-7.9348,-7.9348,-8.0569,-8.4231,-7.9348,-6.7141,-7.9348,-7.5686,-7.5686,-8.4231,-7.5686,-6.9582,-7.0803,-6.1037,-5.7375,-5.6154,-5.2492,-5.1271,-5.1271,-5.6154,-5.005,-4.7609,-5.3713,-5.3713,-7.3244,-7.3244,-7.2024,-8.0569,-5.4933,-3.296,-2.9298,-1.709,0,1.2207
2.1973,5.005,8.179,13.306,20.264,25.269,31.373,36.378,32.838,31.373,33.082,29.054,11.963,5.9816,-0.4883,-7.6907,-12.818,-10.743,-2.0753,3.9064,5.2492,5.3713,3.296,0.97659,-12.452,-37.477,-48.219,-46.144,-67.751,-89.724,-97.903,-95.34,-10.865,-15.381,-9.2776,6.7141,6.8361,0.85452,-2.8077,-29.054,-32.594,-23.072,-16.602,-12.085,-4.5167,-4.6388,-3.4181,3.0519,0.24415,-5.2492,2.0753,9.0335,-0.36622,-2.5636,3.296,4.0284,3.5401,3.5401,2.3194,-1.587,-5.9816,-7.4465,-3.6622,-0.61037,2.9298,9.1556
12.818,18.921,29.664,44.679,49.44,41.871,40.162,41.627,41.871,51.515,83.377,124.52,146,151.25,107.43,38.697,-4.7609,4.3947,25.758,20.997,-0.61037,-1.709,25.147,2.8077,-23.072,-17.579,-5.7375,3.6622,-16.724,-28.687,-43.214,-81.057,2.3194,2.4415,2.5636,-0.4883,-4.7609,-5.2492,-8.7893,-11.963,-16.48,-17.945,-20.142,-18.555,-15.87,-12.452,-7.3244,-0.61037,1.9532,0.97659,0.4883,-0.85452,-1.709,-1.709,-2.4415,-6.592,-7.0803,-7.0803,-12.329,-16.724,-17.212,-12.329,-4.2726,3.7843,10.132,14.527
11.963,10.01,13.062,19.166,25.513,30.274,32.716,29.542,28.199,20.997,15.992,13.916,10.498,12.329,11.231,13.428,11.841,15.503,16.602,12.696,9.3997,-0.12207,6.3478,32.35,49.928,60.06,57.375,39.674,22.217,-16.236,-93.509,-101.2,-5.4933,-6.8361,-7.4465,-10.254,-11.597,-11.963,-15.015,-14.405,-15.259,-19.898,-18.189,-17.823,-16.968,-16.48,-16.358,-17.212,-18.677,-20.386,-21.241,-20.264,-16.846,-14.283,-15.137,-15.87,-15.381,-15.625,-14.771,-14.649,-14.649,-11.963,-9.1556,-7.6907,-5.6154,-3.0519
0.61037,4.3947,13.306,23.316,23.927,20.753,20.753,26.368,26.612,18.677,10.376,10.987,15.87,9.6438,23.438,34.791,34.913,34.425,23.56,18.677,19.898,14.893,-4.0284,-21.119,-30.152,-27.711,-7.2024,15.748,3.296,-17.335,-34.547,-25.88,-22.584,-12.574,-13.062,-23.927,-33.815,-35.279,-33.692,-34.425,-41.017,-52.248,-61.647,-67.019,-68.85,-67.873,-68.117,-64.943,-61.037,-56.887,-54.201,-51.393,-46.999,-46.632,-45.9,-42.238,-38.209,-35.89,-30.396,-23.927,-17.212,-10.254,-3.296,0.61037,6.2258,11.231
16.846,23.194,24.171,27.955,29.542,31.617,33.815,31.739,27.1,24.171,25.513,33.082,40.407,46.999,42.604,29.542,20.386,12.94,8.5452,12.696,23.927,46.876,52.98,31.007,-13.672,-45.778,-59.084,-66.53,-63.234,-60.793,-26.734,-58.596,9.3997,8.7893,7.9348,7.5686,8.4231,8.7893,8.179,8.179,8.4231,7.9348,7.4465,5.4933,4.7609,3.0519,3.4181,2.3194,2.1973,2.1973,0.73244,1.587,2.9298,3.0519,3.9064,2.4415,-3.6622,-6.2258,-0.4883,-0.61037,-3.1739,-6.3478,-7.3244,-7.8127,-7.3244,-4.2726
-3.5401,-2.5636,-0.24415,1.9532,7.3244,8.9114,9.6438,14.161,16.724,20.753,15.381,9.1556,17.09,15.625,9.888,8.7893,9.7659,-1.4649,-6.2258,-6.8361,-6.8361,-10.254,-12.696,-4.883,12.452,22.462,21.485,32.838,-2.4415,-44.435,-31.007,-70.559,-9.888,-10.987,-11.109,-10.254,-10.01,-10.132,-10.743,-10.987,-11.475,-13.184,-12.329,-10.498,-11.109,-10.376,-9.3997,-8.7893,-8.0569,-6.1037,-5.6154,-6.2258,-5.1271,-4.2726,-4.6388,-3.9064,-3.9064,-4.1505,-4.3947,-5.3713,-3.296,-1.587,-2.0753,-2.1973,1.709,5.8596
9.888,16.968,20.997,24.659,28.443,26.368,26.002,24.415,19.41,12.452,12.452,14.283,9.2776,7.9348,4.883,-0.36622,-12.574,-18.799,-20.142,-28.687,-36.134,-42.848,-50.05,-51.271,-43.458,-10.743,15.748,48.341,110.48,86.917,-19.41,-54.079,-8.6673,-2.4415,3.7843,6.7141,9.0335,10.132,8.301,5.8596,4.0284,1.587,-2.3194,-5.005,-5.9816,-5.9816,-7.6907,-8.0569,-9.3997,-9.5218,-8.4231,-8.179,-6.1037,-5.1271,-2.8077,0.61037,2.5636,3.4181,5.6154,6.8361,5.005,5.2492,6.8361,5.3713,6.7141,10.498
15.259,16.724,21.485,27.1,29.42,38.209,44.923,39.43,27.467,21.241,15.503,7.2024,5.005,1.3428,0.73244,4.1505,2.8077,2.4415,-0.4883,-0.97659,1.9532,3.5401,4.3947,12.329,22.217,27.711,42.238,59.45,23.927,-44.313,-51.027,-55.055,2.0753,0.36622,-0.36622,0,0.73244,3.9064,6.4699,7.6907,10.62,13.428,15.259,13.55,12.696,12.207,10.987,8.6673,5.005,3.5401,3.6622,1.8311,0.24415,-1.0987,-3.1739,-2.3194,-0.61037,-0.61037,-0.24415,1.3428,1.3428,0.24415,-1.0987,0.36622,5.1271,9.2776
11.353,11.963,11.353,10.62,11.719,16.358,20.142,22.095,23.804,34.791,39.43,28.077,20.02,7.6907,-7.8127,-21.241,-28.077,-30.763,-38.087,-45.412,-53.591,-52.248,-48.463,-41.261,2.4415,65.065,132.94,151.13,34.547,-56.154,-86.55,-57.985,-64.821,-62.746,6.592,18.311,4.0284,-25.269,-45.289,-28.809,-4.883,0.12207,-6.1037,-3.296,-0.97659,-3.7843,-11.109,-21.851,-2.0753,0.85452,1.3428,25.758,20.386,-42.482,-34.913,6.8361,33.57,47.243,51.027,53.224,55.177,49.684,37.355,37.355,31.983,13.062
11.475,11.597,11.841,11.597,11.841,14.161,18.921,26.002,29.542,31.251,33.448,31.373,23.438,9.7659,1.0987,-3.7843,-4.5167,-2.6856,14.161,31.007,32.35,49.318,67.141,74.587,80.325,93.142,98.514,92.288,89.846,98.88,106.2,108.89,127.69,190.44,291.39,398.21,401.26,329.23,261.24,287.48,309.7,237.19,164.8,310.31,526.26,629.41,587.66,659.93,667.26,558.37,217.05,-14.771,-7.3244,40.773,55.91,51.271,47.121,39.186,78.372,86.428,65.188,88.015,107.18,112.06,-16.114,-7.9348
6.2258,6.8361,-0.12207,4.883,10.376,9.2776,19.776,31.739,32.594,18.921,2.4415,-2.6856,-4.7609,12.085,39.552,42.116,64.333,78.005,74.343,52.37,-27.833,-98.148,-136.11,-70.315,59.328,81.301,-3.4181,-60.793,-26.002,72.634,-75.198,-71.535,113.53,127.57,144.66,122.2,57.985,8.6673,1.8311,-26.246,-72.878,-83.865,-84.964,-75.808,-53.346,-24.781,-4.0284,3.9064,-6.4699,-19.288,-22.34,-21.851,-35.279,-54.933,-56.276,-64.211,-72.39,-61.525,-42.726,-48.83,-59.572,-55.544,-54.445,-68.85,-39.796,-39.674
-39.918,-42.97,-35.035,-27.589,-24.171,-25.88,-34.425,-44.313,-53.957,-56.642,-58.596,-68.361,-78.982,-92.166,-127.32,-147.59,-127.93,-82.4,-53.224,-16.48,-2.5636,-2.5636,-107.3,-246.71,-282.97,-255.87,-270.15,-289.07,-443.49,-414.56,-326.43,-140.75,-148.56,-273.32,-347.91,-299.45,-350.35,-395.52,-347.3,-286.63,-224.74,-194.83,-206.92,-179.08,-149.3,-150.27,-147.71,-122.07,-85.452,-61.159,-53.346,-46.876,-34.547,-34.791,-20.631,-2.3194,13.062,29.908,34.181,39.552,59.45,76.296,71.902,67.263,24.781,36.256
48.463,57.985,63.845,62.746,55.788,46.388,31.373,12.818,-2.0753,-7.6907,-11.353,3.0519,31.495,60.915,78.127,95.34,96.438,106.33,101.44,80.691,55.177,50.661,46.632,71.657,85.818,44.435,-39.308,-126.1,2.1973,-370.37,-368.91,184.94,262.83,162.72,368.42,70.681,-175.91,-2.8077,40.651,-100.96,-163.46,-140.26,-28.077,21.363,26.734,51.027,50.661,43.58,13.184,-0.85452,-26.49,-43.458,-48.83,-61.892,-74.587,-61.769,-50.417,-46.144,-49.806,-42.726,-22.34,-13.062,-3.6622,-4.5167,-32.96,-30.274
-22.584,-13.55,-9.0335,-12.207,-17.945,-19.41,-18.433,-14.161,-11.963,-17.457,-36.622,-42.604,-35.89,-5.9816,19.532,37.599,56.032,62.136,53.835,28.321,14.649,21.607,43.703,70.803,120.24,224.13,491.96,718.77,733.05,492.32,58.107,-226.69,152.71,370.37,589.62,167.61,67.751,39.796,-7.9348,-50.661,-9.3997,45.9,40.407,11.353,-6.7141,-25.513,-40.407,-74.343,-99.002,-108.04,-91.8,-51.027,-35.89,-121.46,-137.21,-146,-153.57,-153.32,-147.34,-124.39,-70.07,-70.07,-16.602,18.799,69.948,72.634
74.831,76.785,79.348,87.039,94.363,96.438,99.246,104.37,108.65,102.54,95.218,90.701,80.935,77.273,79.47,80.813,94.485,96.072,94.241,96.072,100.96,105.96,106.81,107.79,123.66,147.34,158.82,156.62,131.47,252.33,369.76,324.72,284.8,242.07,190.56,260.75,311.53,441.54,573.5,625.26,560.93,509.29,455.82,351.21,210.82,97.903,23.56,-57.741,-109.38,12.696,218.88,185.55,101.2,122.07,153.2,116.34,82.278,61.281,38.209,36.134,39.308,-2.1973,-60.183,-90.945,-4.1505,7.3244
9.1556,7.5686,10.743,16.846,21.485,21.485,18.067,19.654,16.236,6.7141,-6.4699,-16.968,-32.838,-40.284,-42.848,-52.248,-61.403,-56.032,-38.209,-22.34,-13.062,-21.363,-37.843,-45.412,-88.992,-107.79,-116.09,-46.754,28.077,-236.09,-224.62,92.044,150.76,-230.35,-12.574,53.835,-124.03,-57.985,-11.475,-18.921,-26.734,-4.6388,-15.87,-22.95,-1.9532,0.61037,-20.631,-33.815,-26.49,85.452,99.612,-98.025,-82.278,85.086,17.457,-51.759,-32.35,12.085,35.524,5.9816,-2.8077,-46.632,-50.05,-18.189,79.104,84.475
88.748,92.288,95.828,97.537,97.537,93.142,85.33,82.156,83.01,83.865,84.231,84.475,83.377,84.964,89.236,93.387,94.974,91.067,87.893,82.278,95.706,119.63,138.43,168.46,208.87,257.09,312.51,387.34,390.27,447.16,58.473,155.16,513.08,265.14,7.5686,56.276,204.72,311.41,541.4,645.77,520.77,381.97,301.64,228.64,126.22,46.266,-16.968,-62.38,-50.295,-6.592,68.972,126.96,120.37,116.7,98.514,121.34,177.37,215.09,216.07,167.24,89.969,22.584,-19.044,-41.139,7.4465,4.5167
7.9348,9.3997,9.5218,9.5218,7.6907,6.4699,4.1505,1.709,0.4883,-9.0335,-17.823,-17.212,-17.945,-21.241,-14.161,6.8361,16.114,28.321,27.345,27.833,40.407,56.642,60.915,34.547,-26.368,-66.774,28.565,52.98,-15.381,-182.74,-252.82,-214.97,117.07,298.96,47.609,-76.174,-140.75,-183.48,-152.1,-106.69,-11.963,-9.1556,-7.3244,1.709,1.9532,-15.015,-58.473,-134.89,-128.67,-38.087,-64.333,-36.744,-121.71,26.124,3.6622,-47.731,-40.407,-20.997,11.475,35.524,51.515,45.167,28.565,56.154,-31.007,-16.968
-4.7609,10.01,21.851,28.565,37.111,44.191,50.295,52.98,53.835,49.806,40.529,29.786,20.264,18.677,24.171,31.495,36.988,38.209,39.552,45.045,58.84,85.452,131.6,166.26,198.86,230.72,267.22,282.72,291.02,278.21,150.52,-4.883,345.84,435.44,397.84,224.01,281.01,545.55,1564.9,1317.7,690.08,335.34,248.3,164.19,-3.9064,-157.72,-165.17,-138.8,-138.43,-161.38,-155.64,-41.993,103.64,78.738,104.86,77.639,12.329,0.73244,71.413,151.01,126.22,98.148,95.828,61.647,6.592,3.4181
-9.0335,-21.729,-33.692,-45.412,-55.91,-56.764,-59.45,-61.769,-68.728,-58.962,-56.642,-51.027,-47.731,-47.609,-55.788,-54.933,-55.544,-79.226,-99.246,-120.73,-151.98,-172.98,-186.9,-194.1,-252.45,-193.73,-156.5,-153.94,-2.5636,575.58,241.58,41.993,264.66,95.462,114.51,84.964,32.472,-97.049,-111.7,-12.818,18.311,31.251,39.918,82.4,112.19,141.85,153.08,124.03,106.08,85.33,45.412,21.119,0.61037,-20.02,-31.739,-37.355,-39.918,-38.087,-42.36,-74.587,-102.3,-89.236,-69.948,-72.756,-101.69,-99.734
-93.753,-86.184,-80.691,-78.494,-82.888,-90.335,-99.612,-108.89,-114.99,-120.37,-126.47,-125.98,-125,-129.4,-140.51,-150.15,-151.37,-148.69,-145.02,-147.83,-173.35,-225.23,-271.13,-324.11,-363.29,-404.19,-428.97,-356.33,-340.22,165.17,-68.728,-64.699,139.29,-328.99,-820.22,-786.4,-405.41,-233.28,-127.69,-92.044,-165.78,-192.75,-100.71,-73.611,-55.666,-6.7141,59.572,113.53,145.88,143.44,132.33,126.59,18.311,-144.41,-224.01,-260.26,-167.24,-67.629,-44.191,-118.29,-61.892,-33.815,-3.1739,20.875,-0.12207,-4.1505
-4.6388,-6.8361,-12.085,-9.3997,-5.8596,-5.2492,-5.3713,-6.3478,-8.5452,-9.6438,-8.7893,-7.4465,-4.7609,-5.1271,-7.0803,-8.179,-9.3997,-11.841,-2.3194,16.48,41.871,50.539,9.6438,-38.942,-25.391,6.592,24.171,71.657,158.57,186.9,18.677,-38.331,47.975,98.636,96.927,140.14,171.15,113.65,31.007,193.85,140.02,107.55,163.7,136.48,16.48,-80.813,-94.607,-55.91,-52.98,-59.45,-51.027,-4.1505,67.995,22.584,-6.9582,-32.105,-31.983,-53.102,-72.024,-48.585,-25.636,-3.1739,23.804,33.692,108.77,110.72
112.55,113.28,112.67,109.99,107.79,106.2,105.84,106.81,105.59,108.04,109.74,109.01,107.55,101.08,86.306,74.709,70.803,73.244,85.94,103.64,129.03,176.03,199.84,222.91,238.78,249.64,245.49,216.8,245,281.75,62.014,-254.77,102.05,262.22,157.84,920.07,2223.8,1990.8,622.33,69.948,2.4415,53.468,-40.895,-127.93,-196.17,-225.23,-225.71,-309.58,-342.91,-276.38,4.2726,15.87,67.507,207.16,254.4,249.4,282.11,225.35,213.51,202.03,178.84,123.78,64.943,10.498,-22.217,-22.34
-22.828,-20.02,-19.166,-14.039,-8.179,-6.4699,0,5.7375,9.6438,12.818,15.137,12.329,14.771,19.288,14.161,15.259,24.659,35.646,29.42,11.963,24.049,49.684,-7.0803,-75.564,-68.972,158.09,386.85,58.473,-214.61,-65.065,-7.3244,-101.81,-336.8,-458.27,-292.25,-256.84,-202.28,-91.433,-59.206,-38.209,-43.214,-71.047,-53.102,-26.49,-27.955,-50.539,-44.923,-8.4231,36.866,102.42,156.99,128.67,91.678,107.3,85.94,116.7,-1.0987,-73.611,-64.211,-32.96,-70.681,-133.06,-189.21,-195.32,-74.709,-73.489
-71.78,-72.024,-74.831,-76.296,-75.93,-73,-69.338,-66.53,-65.31,-62.38,-63.601,-63.478,-67.751,-69.46,-75.076,-88.748,-118.66,-145.76,-162.97,-197.88,-232.55,-260.99,-279.31,-289.93,-299.57,-276.13,-256.97,-506.12,-492.32,-245.61,-205.08,-28.321,423.6,27.467,-244.15,-86.55,-31.861,-138.31,-182.01,-133.79,-79.714,-101.08,-78.372,-32.105,-7.6907,-1.8311,-4.6388,-23.804,-11.963,37.233,29.786,-127.81,-342.54,-343.52,-265.63,-245.74,-178.96,-70.681,-30.885,-77.517,31.739,51.881,-1.4649,-70.07,23.438,22.217
19.288,20.875,26.124,35.157,38.331,41.139,39.796,33.082,25.513,14.405,5.7375,4.7609,1.4649,0.4883,1.2207,-4.6388,0.12207,-16.114,-35.401,-35.768,-18.555,-15.015,-16.602,-10.743,-79.836,-142.22,-131.35,-275.64,-321.05,-164.68,-61.403,74.465,586.08,-107.79,-56.032,78.127,126.47,119.39,27.1,-48.585,-63.356,-40.04,-18.311,8.6673,37.355,32.105,66.164,98.758,74.953,68.239,95.218,68.117,44.923,38.087,37.843,20.02,-25.88,-47.853,-46.51,-65.92,-60.183,-62.624,-62.014,-30.885,35.768,31.739
26.856,19.532,12.94,6.1037,3.0519,7.5686,18.189,27.1,33.937,37.599,41.993,51.149,63.723,69.826,69.948,77.761,97.537,134.77,184.45,216.93,253.18,285.78,309.34,326.18,272.71,169.07,210.46,163.58,115.36,2.5636,-101.32,302.74,604.75,617.21,840.48,883.33,743.8,577.53,317.51,277.96,186.77,54.445,-70.07,-136.23,-88.748,-49.196,68.361,123.66,160.65,125.74,135.75,132.45,151.49,105.72,29.176,-8.0569,-22.584,-34.913,-48.097,-54.567,-47.609,-29.908,-16.48,-21.607,5.6154,-2.1973
-5.005,1.9532,15.748,29.42,43.825,52.736,47.365,36.866,20.753,20.02,15.503,19.898,22.706,17.945,6.592,-8.4231,-5.4933,-3.7843,-7.0803,-13.672,-33.57,-83.499,-161.75,-201.79,-148.32,-55.91,-173.22,-672.99,-68.972,691.55,-41.017,-96.561,299.45,151.74,43.092,-9.7659,-25.513,-25.758,-47.487,-38.942,-32.838,-13.062,-9.888,-4.883,25.025,66.042,72.268,67.019,46.144,26.734,23.927,1.0987,-37.111,-73.855,-86.795,-71.047,-57.619,-68.361,-89.114,-86.673,-74.221,-51.759,-16.968,38.697,21.851,26.49
