1.3599,1.4186,1.2755,2.0681,3.4059,4.8947,5.1311,5.171,4.683,4.1115,3.7621,3.0615,2.5601,2.0549,1.4844,1.1969,1.0799,0.66802,0.49487,1.0971,1.585,1.0612,0.57994,1.4976,2.0792,2.4408,2.1084,2.2188,3.6104,4.8033,5.2339,7.4471,10.854,1.7941,1.7738,1.7229,1.6437,1.6069,1.5393,1.5067,1.394,1.3207,1.3345,1.3035,1.4215,1.5895,1.7152,1.8758,2.0294,2.1296,2.2401,2.1756,2.2202,2.2403,2.2463,2.1819,2.1959,2.1346,2.1138,2.0867,2.0117,1.8764,1.8395,1.8375,1.7975,1.7377
1.7297,1.7534,1.7463,1.7127,1.6949,1.7529,1.7771,1.8059,1.8321,1.8533,1.9,2.0233,2.2608,2.612,3.1474,3.5808,3.7376,3.6746,3.6417,3.4506,3.3952,3.0922,3.5508,5.6869,5.7329,3.8161,3.4885,1.1445,3.7327,5.5557,6.7476,7.6497,7.005,1.9284,1.8944,1.8998,1.8962,1.9492,1.8843,1.8876,1.9078,1.8703,1.8171,1.8299,1.8542,1.8561,1.8581,1.8471,1.8459,1.8302,1.7936,1.8305,1.8584,1.8584,1.8238,1.7989,1.7669,1.7631,1.7758,1.7914,1.8303,1.8413,1.7935,1.837,1.9401,1.9588
1.9076,1.8561,1.8421,1.8636,1.8359,1.8422,1.8011,1.7899,1.7717,1.9079,2.0393,2.1572,2.3633,2.361,2.3375,2.6654,2.6883,2.3664,2.2895,2.2623,2.2098,1.6958,2.5407,3.0323,3.3248,6.0269,2.9817,1.0702,1.8847,4.8311,7.6645,7.8883,7.3951,5.9208,2.4137,2.3746,2.3454,2.2891,2.2344,2.1633,2.1152,2.0606,2.039,2.0918,2.1237,2.0879,2.058,2.1187,2.1272,2.0772,2.0942,2.154,2.2017,2.1434,1.9933,1.9831,2.0221,1.8423,1.6271,1.5857,1.6082,1.589,1.4086,1.3394,1.3774,1.4124
1.4438,1.3475,1.2345,1.2827,1.3473,1.3473,1.2572,1.2599,1.2454,1.2914,1.327,1.3982,1.3791,1.4167,1.5435,1.7633,1.8408,1.9701,2.175,2.3823,2.4182,2.2196,2.0586,1.8944,1.0452,0.57951,1.2739,2.0856,2.2785,0.38096,2.9563,4.8876,5.9653,1.9664,1.9498,1.8677,1.7786,1.7638,1.7943,1.7886,1.7623,1.7563,1.7914,1.77,1.7868,1.8281,1.8857,1.9113,1.9048,1.878,1.8678,1.9016,1.9225,1.9245,1.9027,1.8523,1.803,1.8061,1.8565,1.8729,1.848,1.809,1.7856,1.809,1.8767,1.8787
1.8118,1.7344,1.6975,1.6592,1.5884,1.5605,1.5216,1.4925,1.4506,1.3552,1.3051,1.3325,1.2562,1.1776,1.0996,1.1035,1.3672,1.4892,1.5228,1.4699,1.6439,1.9133,2.0147,2.1003,1.6452,1.5445,1.6264,2.8113,3.6444,4.4603,4.2785,4.8848,5.7032,4.7303,5.048,1.4051,1.3978,1.3456,1.3417,1.2932,1.3292,1.3988,1.4743,1.4433,1.4785,1.5458,1.5144,1.5781,1.6805,1.856,2.1247,2.322,2.3919,2.5016,2.813,3.0217,2.9203,2.2579,2.0627,2.4906,3.0242,2.7445,2.4627,2.7951,3.1415,3.4462
3.986,4.7381,4.2586,3.4911,3.2435,2.5346,2.033,2.0002,1.7848,1.2198,0.92548,0.73306,0.7155,1.2686,1.8303,2.2036,2.518,2.6776,3.1958,3.0654,2.4365,1.9403,1.7643,1.6608,1.6025,1.93,1.4122,1.1329,1.4239,1.7422,2.0977,2.2819,2.5407,3.7507,4.5719,3.9818,3.5341,1.5136,1.4335,1.4088,1.4158,1.4522,1.4401,1.4282,1.4551,1.4579,1.4328,1.4178,1.4651,1.5705,1.7601,1.9388,2.0195,2.1216,2.2396,2.3146,2.3792,2.5148,2.6054,2.6465,2.6955,2.6862,2.6921,2.6804,2.5824,2.5303
2.4892,2.4957,2.547,2.5327,2.4285,2.408,2.5091,2.4246,2.5227,2.4878,2.3832,2.3198,1.8443,2.4011,3.4928,3.7865,4.0426,4.2767,3.8789,2.7589,1.9218,1.4221,1.3169,1.3227,1.2738,1.3005,1.4016,1.2674,1.2381,1.2043,1.3259,2.3783,2.9325,1.8595,3.918,5.8321,6.2673,1.9347,1.9421,1.9414,1.9421,1.9553,1.9439,1.9676,1.9542,1.9414,1.929,1.9218,1.9189,1.9274,1.9039,1.8707,1.9255,1.9238,1.9238,1.912,1.8964,1.8657,1.901,1.9297,1.8977,1.8415,1.8282,1.8622,1.8744,1.8602
1.815,1.7876,1.7301,1.7429,1.7693,1.7351,1.6942,1.647,1.5681,1.5561,1.5861,1.5254,1.4506,1.401,1.4736,1.5269,1.4568,1.2683,1.311,1.3846,1.2133,1.1012,0.90539,0.65159,0.57304,0.17886,0.68164,1.1712,1.8832,1.8255,2.5264,3.9159,4.9276,5.9974,5.7632,6.0188,7.0386,1.8757,1.7818,1.7411,1.8813,1.9202,1.8151,1.6316,1.7728,1.8242,1.7698,1.6787,1.8763,1.8246,1.7106,1.5929,1.7475,1.7323,1.6125,1.519,1.7296,1.8381,1.7287,1.6539,1.7581,1.8459,1.8234,1.7124,1.6876,1.798
1.9371,1.9985,2.061,2.1187,2.1166,2.1828,2.2909,2.0773,1.928,2.017,2.0952,2.1732,2.5144,2.917,3.1838,3.2278,3.2172,3.5417,2.7731,2.0683,2.9533,3.356,3.4266,3.6464,4.7132,4.3975,3.4684,2.8553,2.2827,2.1388,1.9475,1.9141,1.5443,1.1259,1.7954,3.0576,4.1869,4.5436,2.0799,2.2302,2.1028,1.9286,1.7537,1.6741,1.9467,1.9122,1.7451,1.7375,1.9295,1.9655,1.9105,1.8664,1.8563,2.0879,2.1087,2.1003,2.1971,2.1829,1.9967,1.8864,2.0607,2.2142,1.9609,1.9092,2.1509,2.0261
1.9675,1.6644,1.5694,2.0906,3.0357,3.8108,4.6328,5.177,5.4585,5.7069,5.2627,4.1096,3.4327,3.2629,2.4137,1.9174,1.7511,1.4134,1.1977,0.2053,2.1997,2.6022,2.3636,1.9479,2.101,1.9421,1.9277,2.0484,1.9565,1.6869,1.3928,1.6982,2.2022,3.062,3.7102,4.6777,4.856,5.074,3.5663,1.8846,1.8844,1.8619,1.8602,1.8485,1.8492,1.871,1.8809,1.8905,1.8721,1.8836,1.8794,1.9015,1.9111,1.9002,1.8992,1.8929,1.8957,1.8928,1.8905,1.8991,1.8963,1.8947,1.8872,1.8898,1.9052,1.9075
1.8804,1.7972,1.6957,1.6395,1.6269,1.6769,1.669,1.5922,1.5098,1.5177,1.6284,1.652,1.4977,1.4494,1.6135,1.772,1.684,1.7106,1.6477,1.6152,1.6147,1.6444,1.747,1.8933,2.0543,2.2519,2.35,2.3856,2.5179,2.4148,2.3959,2.301,2.699,3.0757,3.2176,3.3581,3.1492,4.4298,1.9256,1.9259,1.9175,1.9319,1.9423,1.9514,1.9407,1.9644,2.005,1.9558,1.9596,1.9092,1.8895,1.9656,1.8878,1.9706,2.1065,2.0543,1.8683,1.6959,1.7311,1.8294,1.865,1.8652,1.8164,1.814,1.7809,1.7931
1.7826,1.7966,1.7909,1.7877,1.7192,1.6651,1.6395,1.6102,1.5894,1.4703,1.3365,1.1974,1.0498,1.1503,1.1139,0.75769,0.55709,0.67704,0.7568,0.77351,1.0521,1.366,1.7863,2.1219,2.7267,3.0885,3.4472,3.9444,4.4653,4.1018,4.0328,2.759,2.5927,3.6445,3.1691,5.6821,3.6655,7.1184,1.9043,1.9015,1.8751,1.8584,1.869,1.8549,1.8887,1.9138,1.9244,1.9484,1.938,1.9295,1.9076,1.8535,1.8455,1.8479,1.845,1.8471,1.8368,1.8699,1.8901,1.9115,1.8995,1.9245,1.9604,1.9484,1.9327,1.9143
1.9223,1.914,1.865,1.8508,1.8406,1.8011,1.8055,1.7866,1.7979,1.7831,1.7672,1.762,1.6929,1.6331,1.601,1.505,1.4914,1.3736,1.2721,1.1147,1.0445,1.019,1.1424,0.94348,1.1153,0.99967,1.0077,1.1309,1.5977,1.8101,1.2164,2.1075,1.2034,1.1214,3.2546,5.9256,3.8272,9.1716,7.0878,4.7462,2.1076,2.3255,2.3922,2.5563,2.7606,2.5752,2.3306,2.1089,2.1208,2.1409,2.0777,2.4054,2.594,2.4551,2.5027,2.361,2.1578,2.0115,2.0489,1.8587,1.8304,1.873,1.762,1.512,1.3066,1.3175
1.353,1.4674,1.5638,1.5553,1.6928,1.6839,1.9366,1.7897,1.9528,2.0373,1.9106,1.804,1.9055,2.02,1.9642,1.7382,1.9731,2.4179,2.348,1.8004,1.336,1.1998,1.5287,2.038,2.0146,2.0015,2.063,2.2932,2.4872,2.1406,1.8616,1.566,1.5396,1.7835,1.6979,1.742,2.1118,2.8941,3.794,7.6947,1.9646,1.9329,1.8965,1.8438,1.8474,1.8701,1.856,1.8289,1.7904,1.773,1.824,1.8467,1.8087,1.7735,1.8175,1.8519,1.8564,1.8558,1.8191,1.7918,1.6999,1.6941,1.6797,1.7144,1.7013,1.6226
1.581,1.5534,1.5502,1.5055,1.5401,1.6546,1.7885,1.8327,1.8289,1.8698,1.9749,1.8122,1.6175,1.6049,1.7964,1.8884,1.734,1.6577,1.5982,1.5465,1.5544,1.5605,1.8201,1.872,1.789,1.5754,1.5186,1.6775,1.7572,1.5194,1.4433,2.2617,3.4854,4.0568,4.4138,3.7307,2.8103,2.8073,2.9949,3.6874,4.3282,1.9854,1.9539,1.9103,1.7369,1.668,1.6156,1.5445,1.3832,1.4413,1.5918,1.4629,1.3339,1.4232,1.6679,1.6233,1.6455,1.7182,1.8452,2.6811,2.9406,2.2896,1.4586,1.0305,1.518,1.4223
1.8616,3.1724,4.1937,2.9184,1.8179,1.5761,1.8408,1.9328,2.3316,2.3364,2.2239,2.5146,1.6255,1.9193,2.409,2.2386,2.0144,2.0056,2.2206,1.9769,1.901,1.9811,1.8861,1.7844,1.7796,1.9023,2.188,2.1638,2.229,2.0942,2.0288,2.4083,2.482,2.518,2.5053,2.7161,2.7207,2.7265,2.008,1.8919,3.8491,1.5253,1.5861,1.6981,1.7553,1.9073,1.9003,1.8336,1.6132,1.6634,1.6412,1.6927,1.7231,1.6263,1.5207,1.8101,3.0571,3.6948,2.9669,1.4737,0.90087,1.12,1.2911,1.4704,2.0402,2.6982
2.4356,2.4845,2.3453,1.8933,2.0264,2.0464,1.585,1.7778,1.7541,1.7062,2.0586,1.7448,1.7219,2.2118,2.3979,2.2843,1.8503,2.2917,2.2082,2.207,1.9442,2.0234,1.6313,1.8363,1.9906,2.2905,1.9691,1.7281,1.7787,1.9018,1.9552,2.4313,2.3694,2.3356,2.4861,2.5697,3.0513,3.438,3.1465,3.0322,2.3424,3.9998,3.6994,1.8228,1.8241,1.8561,1.9381,1.9917,1.9927,1.9804,1.9709,1.9671,1.9331,1.933,1.9511,1.9531,1.9259,1.9156,1.9061,1.9457,2.018,2.0005,1.8778,1.8446,1.8212,1.8087
1.7791,1.7918,1.8013,1.7778,1.7437,1.7067,1.6517,1.6327,1.6119,1.5644,1.5312,1.526,1.5987,1.6722,1.7491,1.7575,1.7372,1.7183,1.7307,1.7465,1.6977,1.6403,1.5808,1.4753,1.4048,1.3851,1.3828,1.3772,1.4442,1.6427,1.8149,1.8241,1.8808,2.0287,2.2613,2.3929,2.2135,1.8483,1.3867,1.2811,1.0367,2.0885,5.3491,2.1016,2.0363,2.004,1.9248,1.8674,1.9375,1.8943,1.8375,1.7679,1.6615,1.6298,1.6137,1.7524,2.0035,2.2496,2.4053,2.3432,2.2589,2.1535,2.0861,2.0831,2.1154,2.0933
2.0413,1.835,1.7244,1.6483,1.6216,1.5652,1.6353,1.7309,1.8294,1.8502,1.7881,1.8481,1.7614,1.7033,1.686,1.7273,1.8027,1.9225,1.9905,1.8942,1.9047,1.8545,1.8567,1.8841,1.8603,1.833,1.7372,1.6111,1.5992,1.7377,1.6446,1.6721,1.6682,1.6231,1.9117,2.0034,1.7522,1.4428,1.5334,1.4472,1.4985,3.0845,6.1828,4.2013,1.8606,1.8079,1.7736,1.7585,1.7606,1.7316,1.6833,1.7005,1.7539,1.8133,1.8542,1.83,1.791,1.7706,1.7571,1.701,1.7469,1.7985,1.8748,1.8447,1.8099,1.8176
1.8494,1.8388,1.8405,1.9018,1.9674,1.9882,1.9606,1.9532,1.9278,1.9104,1.8936,1.9209,1.9086,1.8854,1.8105,1.7555,1.7291,1.6866,1.6259,1.5735,1.535,1.5699,1.6851,1.7903,1.8051,1.9026,1.8824,1.6444,1.6272,1.4411,1.6339,1.8131,1.5093,1.3949,1.7202,2.0238,2.0089,3.3549,2.8628,3.251,4.5917,5.5968,4.9835,1.8402,1.8247,1.8284,1.8298,1.7602,1.729,1.6654,1.5967,1.5425,1.494,1.4614,1.4433,1.2461,1.1604,1.0929,1.1153,1.0666,1.1333,1.1631,1.2325,1.4395,1.2962,1.3809
1.6889,2.009,2.0927,2.8808,4.4758,4.9485,4.8523,4.5678,3.236,3.1328,5.0369,6.8204,7.0053,5.5129,3.3043,2.1362,1.3802,0.86763,0.90494,1.049,1.0185,0.9901,1.0973,1.1413,0.98109,0.71632,0.47584,0.69214,1.0761,1.9958,2.5563,2.7136,3.3593,3.7447,3.6249,3.4613,3.0149,2.89,2.9362,2.7574,2.2731,2.3372,3.2671,1.2999,1.4115,1.4373,1.3405,1.3644,1.4896,1.5439,1.5676,1.7691,2.0819,2.3502,3.0156,3.657,4.2053,4.7822,4.4808,3.994,4.1496,4.0041,2.5701,4.125,4.9703,5.134
4.4002,3.6628,1.9218,1.641,1.5775,1.3385,0.89385,0.63652,0.46578,0.55761,0.52401,0.43873,0.74747,0.91504,0.78552,1.0211,1.4228,1.9374,2.4425,2.8282,2.8592,2.8315,2.7684,2.8545,2.6303,2.552,2.3688,2.4279,2.3201,2.1108,1.7076,1.4567,1.4023,1.4578,1.5147,1.6364,1.8052,1.9819,1.9914,2.0408,2.2613,2.7983,5.1073,2.0104,1.8936,1.9093,1.8361,1.8386,1.7922,1.8025,1.7748,1.7587,1.7549,1.7516,1.7077,1.6687,1.6974,1.757,1.7995,1.8594,1.9597,2.0461,2.0386,2.046,2.1134,2.0857
2.0414,2.0011,1.9639,1.9438,1.9028,1.8562,1.833,1.827,1.8328,1.7946,1.759,1.7198,1.6678,1.6103,1.5737,1.5145,1.4431,1.3866,1.4479,1.5296,1.5112,1.4991,1.5457,1.609,1.6119,1.5074,1.4207,1.4393,1.4381,1.3031,1.0124,0.68171,0.77318,1.3842,1.8539,2.2376,2.4317,2.2731,2.7462,3.2382,3.0563,6.6681,6.6305,1.8541,1.8368,1.848,1.8445,1.8632,1.8772,1.8919,1.8956,1.9102,1.9243,1.925,1.977,1.9376,1.8948,1.874,1.8691,1.849,1.8607,1.8605,1.8818,1.883,1.8575,1.8584
1.8653,1.852,1.8048,1.8009,1.8064,1.7864,1.7875,1.751,1.739,1.6768,1.6528,1.6221,1.5797,1.5174,1.4442,1.4227,1.4313,1.431,1.3736,1.3704,1.4743,1.5528,1.5076,1.4896,1.4838,1.4502,1.4077,1.3858,1.3445,1.2996,1.55,1.7894,1.9278,2.1849,2.724,3.2737,3.7188,3.9334,4.1357,4.0623,3.905,3.7212,3.6369,1.8748,1.8676,1.8438,1.831,1.8344,1.8326,1.8245,1.8131,1.8184,1.8458,1.8631,1.8646,1.8627,1.8706,1.8989,1.9263,1.9209,1.9126,1.8866,1.8752,1.8543,1.8536,1.8406
1.8232,1.818,1.8018,1.7837,1.7723,1.7696,1.7587,1.7452,1.7439,1.7123,1.7034,1.6722,1.6561,1.6506,1.6617,1.6445,1.5962,1.569,1.4822,1.4603,1.5145,1.546,1.4984,1.4107,1.3826,1.5495,1.375,1.1207,0.99302,1.0428,1.1194,1.0483,1.0881,1.0598,5.3666,5.5544,5.1341,4.2696,6.6992,5.2267,4.3313,3.9187,11.952,1.8558,1.8297,1.7093,1.575,1.5532,1.5754,1.6066,1.7485,1.9713,2.1531,2.2123,2.1325,1.9979,1.8949,1.9459,2.0877,2.1,2.0539,1.9301,1.7835,1.7078,1.6723,1.6777
1.7256,1.7579,1.7692,1.7719,1.8015,1.7581,1.6855,1.6464,1.6279,1.5745,1.5255,1.4916,1.4749,1.5217,1.5628,1.5995,1.5966,1.5448,1.4728,1.412,1.402,1.3963,1.2797,1.1113,1.0071,0.97882,1.0653,0.98638,0.9635,0.93014,2.4956,5.4847,3.0864,3.8967,5.8654,8.5324,5.2111,1.6195,2.4186,7.3829,8.8094,5.1054,9.2181,1.8645,1.8664,1.8709,1.8741,1.8829,1.8972,1.8826,1.9095,1.9004,1.8873,1.8574,1.8398,1.8502,1.8379,1.8238,1.8201,1.8108,1.8161,1.8033,1.8046,1.7964,1.7924,1.774
1.7249,1.6879,1.6899,1.6939,1.6995,1.7114,1.7319,1.8371,1.8781,1.8174,1.7528,1.6875,1.615,1.6029,1.5711,1.5226,1.4745,1.4974,1.4019,1.2723,1.2098,1.0109,0.97263,0.9951,1.0169,1.0392,0.98119,0.82276,0.76937,2.5059,5.7604,5.9091,3.9507,1.8166,1.7501,1.8072,1.8724,1.9358,1.9023,1.8459,1.8162,1.819,1.8234,1.7993,1.7675,1.7339,1.7752,1.8196,1.8852,1.922,1.9272,1.949,1.9272,1.9157,1.8926,1.8574,1.8304,1.8203,1.7973,1.7441,1.7056,1.721,1.7309,1.732,1.716,1.6636
1.6282,1.6002,1.5715,1.5545,1.4728,1.3971,1.3179,1.1761,1.1144,1.1007,1.0105,1.0277,0.9581,0.93143,0.96656,1.1034,1.2139,1.2604,1.1587,1.8508,4.1624,4.4829,5.3696,4.8488,5.0417,4.5448,7.2378,3.8299,2.2402,6.4772,6.2641,2.3513,8.1416,8.9477,9.1416,6.1638,3.6489,3.569,3.5514,1.4482,1.4675,1.0569,0.88161,0.69284,1.9806,2.0105,1.9883,1.9492,1.8915,1.8713,1.8419,1.8266,1.8239,1.8273,1.8316,1.8397,1.8521,1.8509,1.8689,1.8768,1.8846,1.8757,1.8466,1.8379,1.82,1.8044
1.79,1.7921,1.7608,1.7466,1.744,1.7247,1.6927,1.6535,1.6403,1.675,1.7038,1.755,1.6932,1.6104,1.5389,1.491,1.4783,1.475,1.4605,1.3992,1.2889,1.2467,1.075,1.1084,1.1444,1.1132,1.4111,1.3008,1.5931,1.7015,1.7571,1.1046,4.6323,4.6539,4.2741,4.0723,3.5485,6.7627,5.1309,5.9133,3.6598,4.6622,10.687,6.0891,2.0199,2.1277,2.1352,2.0642,1.9679,1.8936,1.8602,1.9078,1.941,1.9518,1.943,1.9251,1.9157,1.9113,1.9017,1.8838,1.8814,1.884,1.8793,1.8663,1.8432,1.8218
1.7901,1.7563,1.7879,1.7718,1.7691,1.7697,1.7651,1.7509,1.7259,1.6876,1.6848,1.6851,1.6803,1.652,1.6162,1.5777,1.5375,1.4569,1.3151,1.1556,1.0768,1.0668,1.0045,0.92608,0.90903,1.0141,1.1653,1.2415,1.2904,1.4056,1.5376,1.3879,1.7955,3.8548,6.5515,4.7999,3.9799,3.1993,4.969,5.7072,4.7521,15.626,5.0387,4.7894,3.0713,1.9868,1.7017,1.6499,1.7551,1.9692,2.0886,2.1188,2.2172,2.2299,2.2338,2.2332,2.1754,2.2485,2.3009,2.3488,2.3249,2.3008,2.2442,2.1496,2.0987,2.1166
2.0982,2.1224,2.0775,2.0939,2.0364,1.9441,1.901,1.8233,1.7721,1.7266,1.6852,1.6365,1.5302,1.5133,1.4091,1.3543,1.3488,1.3147,1.2765,1.189,1.216,1.2326,1.2535,1.1985,1.1641,1.1452,1.1795,1.1175,1.0957,1.0843,0.98678,0.99292,0.97459,1.0093,0.85448,0.95221,1.0679,1.0164,1.0884,1.4202,1.2931,2.1508,3.7824,6.084,30.753,1.9176,2.2064,1.7839,1.7725,1.7916,1.5054,1.332,1.2937,1.64,1.8498,1.8845,2.0377,2.4191,2.6859,2.6634,2.1365,1.7916,1.4877,0.9955,0.85467,1.1571
1.4804,1.9646,2.3638,2.4827,2.3827,2.2237,1.9488,1.8041,1.7437,1.8434,1.8252,1.7276,1.6989,1.6086,1.689,1.5484,1.4982,1.6214,1.7402,1.847,1.9036,1.885,2.0478,2.3266,2.5813,2.5576,1.8924,1.996,2.4664,4.3642,11.85,5.1959,8.0615,3.6074,3.6543,3.5347,2.971,2.4452,2.615,4.2962,7.1207,6.2428,3.8599,3.834,7.7331,1.7595,1.8238,1.8297,1.8135,1.8506,1.8377,1.8239,1.8557,1.8622,1.8247,1.8386,1.8289,1.7833,1.7884,1.8058,1.8186,1.8232,1.7687,1.7666,1.774,1.7729
1.7044,1.696,1.6785,1.5702,1.5292,1.4765,1.4299,1.4032,1.4053,1.4103,1.3499,1.2618,1.2375,1.1018,0.99565,0.87218,0.91452,0.8241,0.65951,0.6113,0.58609,0.53768,0.4055,0.76947,1.6913,1.7464,2.3239,2.7823,3.6513,9.0643,17.723,8.6719,15.534,11.6,7.6507,5.6945,2.9798,4.8504,5.1507,2.4574,5.2685,8.4481,7.8507,7.7416,15.61,1.1253,2.0701,2.3115,2.3683,2.3656,1.6568,1.4512,1.7904,1.6897,1.4198,1.4225,1.3841,1.9331,2.5409,2.6393,5.508,6.6799,3.2608,1.6787,1.6132,1.4768
1.0971,1.128,1.4147,1.4299,1.2873,1.2979,1.4787,1.6573,1.8889,1.9709,2.054,2.0612,2.2862,2.0841,2.1673,2.0383,1.9494,1.6337,1.4766,1.5727,1.7239,1.4756,1.5572,1.4607,1.2568,1.2822,1.6781,2.0444,3.8677,3.339,5.841,3.7403,2.7533,1.7962,2.0727,2.0727,2.0192,1.5629,1.2579,0.94991,0.65967,1.051,4.001,4.5079,3.8254,6.8822,1.5086,1.6369,1.844,2.099,1.7983,1.726,1.8331,2.0337,1.782,1.9225,2.3581,2.3349,2.483,2.3429,2.036,2.1492,2.1057,1.9133,1.7532,2.2561
2.4506,2.5234,2.9191,3.067,2.4242,1.843,1.6499,2.0635,2.1418,2.3692,2.3881,2.2235,2.6207,2.2844,2.4201,2.2789,1.8285,2.1916,3.0031,2.9793,3.1255,4.0482,4.6093,5.0793,4.7193,4.8524,3.3782,2.8566,2.2796,2.2117,2.5353,2.8952,2.9043,3.0266,2.6419,2.3166,2.0749,1.7664,1.3463,2.5264,1.797,2.0717,2.5619,2.8605,4.544,6.0597,4.099,1.8828,1.8819,1.8916,1.8908,1.9091,1.9263,1.9309,1.9474,1.9553,2.0677,2.5949,2.8911,3.4877,3.4869,3.599,3.62,3.5139,3.2852,3.0752
2.9458,2.8527,2.6756,2.3548,2.0683,1.8122,1.7011,1.6326,1.5321,1.4465,1.3535,1.3081,1.2536,1.1504,1.1407,1.2884,1.4463,1.5654,1.4788,1.5394,1.634,1.6965,1.7347,1.7416,1.7245,1.6481,1.6829,1.7717,1.6334,1.6484,1.6983,1.592,1.6602,1.6215,1.4302,1.4967,1.4754,0.89215,1.2945,2.2514,2.7879,2.4209,1.0697,0.8432,1.393,4.8998,7.4915,1.9567,1.9794,1.9627,1.9226,1.9133,1.8883,1.8772,1.8825,1.8686,1.84,1.8006,1.7653,1.7853,1.7924,1.8208,1.8294,1.8485,1.8436,1.8351
1.8679,1.8813,1.8843,1.8861,1.8832,1.8651,1.8572,1.8619,1.8452,1.8035,1.6742,1.557,1.4828,1.4718,1.4562,1.461,1.4596,1.4615,1.4485,1.4357,1.4841,1.565,1.5901,1.5163,1.5061,1.5374,1.6781,1.7981,1.9706,2.122,2.3123,2.8229,3.0188,2.7487,2.4387,1.1372,1.4388,2.3198,2.4429,2.8421,3.42,4.0048,2.7247,2.5009,3.6172,5.0012,5.8252,3.1617,3.1148,3.0411,2.8844,2.6373,2.4976,2.4161,2.292,2.2274,2.1534,1.9158,1.8444,1.7022,1.511,1.4719,1.3757,1.3556,1.2937,1.2728
1.2454,1.2916,1.519,1.5854,1.6886,1.8443,1.9677,2.082,2.1245,2.1635,2.1681,2.031,1.9746,1.9307,1.8184,1.7494,1.7157,1.6816,1.6397,1.5113,1.4897,1.4633,1.48,1.5067,1.4388,1.4557,1.4773,1.585,1.76,1.9779,2.0647,2.04,1.759,1.3857,1.6372,1.5679,1.2763,1.8248,1.6944,1.8094,2.0967,1.5883,2.3854,3.8003,5.0688,6.1666,6.4836,2.8364,2.5013,2.1414,1.8666,1.7768,1.8219,1.8898,1.7895,1.8785,1.9885,1.9969,2.0768,2.1119,2.1735,2.1358,1.8599,1.4489,0.98885,0.67342
0.83154,1.0113,1.0738,1.0845,1.1565,1.6439,1.6304,1.6577,2.1012,2.6867,2.7956,2.6063,2.6329,3.1237,3.0457,2.9183,2.8001,2.8773,2.801,2.7618,2.7262,2.5205,2.3163,2.3349,2.3345,2.1727,2.0782,1.9805,1.9641,1.9297,1.8453,1.8268,1.8573,1.9097,1.9432,1.7941,1.7742,1.935,1.9457,1.5888,1.3856,1.3053,1.7395,2.2423,1.0836,2.3144,4.1985,4.6625,1.3977,1.4865,1.5846,1.6508,1.7271,1.7959,1.8296,1.9148,1.9025,1.9579,2.0108,2.0516,2.0324,1.9988,1.959,1.9621,1.9666,2.0008
1.9155,1.9023,1.9409,1.9418,1.8968,1.8672,1.8491,1.8486,1.7902,1.7378,1.7375,1.7059,1.7251,1.7246,1.6826,1.6909,1.7107,1.7494,1.7487,1.7657,1.7183,1.6102,1.5768,1.6424,1.7121,1.6682,1.6346,1.6149,1.5803,1.5522,1.4588,1.3192,1.1924,1.124,1.0877,0.83555,0.90686,0.91305,0.86294,1.2174,1.3827,1.2106,1.5672,2.3105,3.6521,4.4787,4.98,5.812,6.3428,1.5624,1.7706,1.8941,1.8887,1.7993,1.8633,2.0807,2.2953,2.3765,2.5745,2.8674,3.1372,3.3275,3.5815,3.6755,3.8122,3.8894
3.7385,3.3814,2.9185,2.5265,2.2772,1.9283,1.6775,1.3093,1.0772,0.9191,0.8845,1.1742,1.5147,1.9012,2.4535,2.7831,3.1932,3.3802,3.6613,3.5254,3.4411,3.3008,3.1186,2.9094,2.6661,2.5636,2.4549,2.3986,2.2615,2.2348,2.1899,2.169,2.1471,1.9699,1.6638,1.7904,1.8814,1.7035,1.5624,1.5586,1.5767,1.5564,1.6111,1.6769,1.8088,1.7131,1.9693,3.0171,5.2648,1.5974,1.6004,1.6402,1.7214,1.875,1.9064,1.8934,1.8941,1.9224,1.9074,1.9354,1.9065,1.8756,1.8584,1.8651,1.8203,1.7838
1.7338,1.7394,1.7371,1.7788,1.819,1.8791,1.8527,1.8216,1.7619,1.7543,1.7453,1.7587,1.788,1.9291,1.9373,1.9127,1.9223,1.9819,1.9408,1.9132,1.862,1.8339,1.8335,1.7687,1.7015,1.6505,1.6113,1.6979,1.7387,1.8041,1.723,1.732,1.7704,1.5817,1.2905,1.1873,1.0798,0.81136,0.80492,1.1882,1.1416,0.50626,0.88037,2.5491,3.7499,5.1162,5.7231,6.1462,6.0313,1.1204,1.3475,1.4675,1.4946,1.6099,1.8512,2.0501,2.0412,2.0462,2.2069,2.2624,2.3296,2.2695,2.2625,2.2482,2.2062,2.1919
2.1212,2.0526,2.0514,1.9878,1.9524,1.9006,1.8273,1.8027,1.7235,1.6719,1.5946,1.5698,1.527,1.4349,1.4377,1.5676,1.5917,1.6673,1.741,1.7737,1.814,1.791,1.7173,1.6558,1.4675,1.3205,1.2802,1.7556,1.5448,1.6521,1.436,1.0703,1.3248,1.6554,1.5864,1.6657,1.2924,1.2315,1.9985,1.7983,0.93535,0.22386,0.90059,0.98563,1.2734,3.0355,4.7431,6.2417,7.6849,1.6025,1.7494,1.8752,1.9356,1.919,1.9605,2.0784,2.1483,2.1466,2.1479,2.1481,2.0381,1.9176,1.842,1.8098,1.8568,1.89
1.8518,1.7697,1.7014,1.7526,1.8238,1.838,1.8221,1.7889,1.8205,1.9266,2.0134,1.9427,1.8887,1.8324,1.7459,1.7738,1.7755,1.7265,1.685,1.673,1.5979,1.5539,1.5719,1.5632,1.5515,1.5544,1.535,1.6006,1.6719,1.6991,1.5646,1.6062,1.774,1.8136,1.7008,1.7413,1.5888,1.3772,1.3522,0.50423,1.2091,1.7663,1.8879,0.45055,1.481,2.8362,5.1872,7.3727,8.4123,2.032,1.9611,1.9079,1.8649,1.7975,1.7277,1.7117,1.7572,1.7718,1.8514,1.9183,1.9753,1.94,1.92,1.9177,1.9758,1.9867
2.0196,2.0507,2.1017,2.1103,2.0609,1.9895,1.9246,1.8738,1.8272,1.7912,1.7683,1.7582,1.7548,1.7395,1.7431,1.754,1.7517,1.7885,1.7989,1.8283,1.819,1.7864,1.7499,1.7303,1.6541,1.6031,1.5911,1.6712,1.7198,1.7491,1.7603,1.8139,1.7677,1.7944,1.7604,1.7605,1.5606,1.3272,1.0432,0.89625,0.85171,0.77853,0.24673,1.3905,7.7278,9.2118,6.8875,8.5775,9.2905,12.544,1.4875,1.5007,1.5684,1.5842,1.6298,1.6488,1.66,1.6932,1.7595,1.806,1.7974,1.7801,1.87,1.9173,1.9856,2.0311
2.0609,2.1297,2.1299,2.0726,2.052,2.0259,1.9453,1.9694,1.9081,1.8674,1.8329,1.801,1.7693,1.7896,1.7449,1.7491,1.7089,1.6507,1.6409,1.6757,1.6653,1.7115,1.6908,1.6267,1.6068,1.6475,1.6012,1.612,1.4711,1.4333,1.3569,1.2239,1.2975,1.2738,1.0856,1.0145,1.0307,1.1884,1.3949,1.082,1.0666,1.0014,0.82565,1.471,2.6329,4.1724,5.2626,5.8046,6.1219,5.987,1.8833,1.8647,1.9209,1.8848,1.8491,1.8829,1.9337,1.9396,1.9408,1.9308,1.9475,1.9482,1.9304,1.9334,1.9311,1.8791
1.8962,1.8729,1.8147,1.8432,1.8568,1.8128,1.8206,1.8427,1.8598,1.8322,1.7586,1.7725,1.779,1.7328,1.7405,1.6872,1.6051,1.5706,1.4338,1.2433,0.99167,0.93148,1.0381,1.0324,0.93282,0.99844,1.2387,1.4093,1.4184,1.5271,1.7718,1.9806,1.9825,2.0179,2.0981,1.9906,1.9428,1.7239,1.5632,1.3952,1.2609,1.0542,1.356,1.6062,1.6199,1.8032,2.4642,3.4551,4.3483,5.1586,1.6005,1.5887,1.6204,1.6746,1.6353,1.6792,1.7638,1.7766,1.7147,1.7778,1.7909,1.7988,1.7858,1.861,1.8131,1.8298
1.8179,1.7956,1.7202,1.6792,1.7337,1.7318,1.689,1.6721,1.6597,1.6833,1.6821,1.6596,1.6075,1.5817,1.6146,1.6122,1.5807,1.5724,1.6079,1.5948,1.6977,1.6801,1.73,1.7888,1.6898,1.6806,1.6035,1.6118,1.6691,1.6517,1.6391,1.5529,1.5151,1.3833,1.165,0.9727,0.92266,0.9015,0.76835,0.63471,0.75135,2.1015,3.5883,5.0364,5.7231,5.7769,5.7477,1.7894,1.8596,1.8885,1.8403,1.7316,1.6896,1.7982,1.7713,1.7592,1.6873,1.6948,1.7561,1.6637,1.6415,1.6742,1.7211,1.739,1.7517,1.7663
1.7665,1.8473,1.8998,1.8916,1.8552,1.7983,1.868,1.8257,1.8274,1.8216,1.7507,1.7557,1.7035,1.7028,1.6878,1.7047,1.6646,1.6248,1.6091,1.6053,1.6826,1.5936,1.5567,1.5895,1.6464,1.6807,1.7124,1.8136,1.7987,1.5097,1.8623,1.9199,1.3091,0.92674,0.98526,1.1066,1.1282,0.9507,1.533,1.3675,1.891,2.1965,1.998,3.9473,6.2219,6.8687,7.541,1.7254,1.7296,1.7961,1.7802,1.7194,1.7074,1.6834,1.6343,1.6989,1.7425,1.7434,1.8842,1.8383,1.78,1.9175,2.0063,1.9473,1.8505,1.7932
1.8072,1.7354,1.7143,1.7106,1.7567,1.7634,1.7158,1.6978,1.6938,1.6947,1.6912,1.7406,1.655,1.5675,1.5681,1.6882,1.5947,1.4799,1.488,1.4767,1.4504,1.4875,1.4082,1.3617,1.4508,1.5696,1.5964,1.6591,1.6517,1.5151,1.4727,1.5564,1.4342,1.2728,1.0633,1.0684,1.2513,1.1394,1.3712,1.09,1.2508,2.3505,3.4809,4.2017,5.1415,5.7829,5.8859,1.5181,1.3479,1.3004,1.3085,1.3455,1.3631,1.3048,1.3436,1.4638,1.5406,1.594,1.7048,1.8024,1.8837,1.9301,1.953,1.9637,2.0199,2.0568
2.07,2.0321,1.996,2.0509,2.0346,2.0194,1.8813,1.8552,1.817,1.7809,1.691,1.7231,1.6744,1.6587,1.529,1.4855,1.5496,1.4846,1.3789,1.4605,1.5714,1.5025,1.5088,1.5311,1.6287,1.6321,1.5585,1.5902,1.6488,1.6527,1.4928,1.2991,1.1334,0.93927,0.74058,0.90102,1.2672,1.275,1.1278,1.0284,1.0094,1.9219,3.1635,4.4565,5.5921,5.6783,5.5785,2.4701,2.16,1.73,1.722,1.9091,2.0102,1.9895,1.9024,1.7904,1.7842,1.8418,1.8622,1.8853,1.9574,1.9823,1.9782,1.9416,1.9081,1.8961
1.8983,1.9347,1.8877,1.8381,1.8241,1.9188,1.9878,2.0222,2.0361,2.0761,2.0767,2.0339,1.9958,1.9568,1.906,1.8827,1.8628,1.837,1.8471,1.8712,1.8838,1.9114,1.9349,1.9419,1.9552,1.9787,1.9824,1.9825,1.9891,1.9799,1.9903,1.9442,1.9492,1.9259,1.921,1.8942,1.8629,1.9331,1.9908,2.0816,2.2358,2.4144,2.6899,3.2586,4.2337,4.898,4.618,3.5472,3.3367,2.8647,2.4193,2.0652,1.7782,1.5677,1.4903,1.4971,1.6048,1.7464,1.836,1.8828,1.8731,1.9731,2.0114,2.0777,2.1523,2.2048
2.2701,2.3313,2.4349,2.5098,2.47,2.4323,2.3975,2.3178,2.3029,2.201,2.1325,2,2.0163,1.7853,1.7009,1.6498,1.5324,1.457,1.4044,1.3847,1.3913,1.4368,1.4643,1.4916,1.4916,1.482,1.4649,1.4395,1.4034,1.3225,1.2218,1.0546,0.81786,0.7242,0.58702,0.77552,0.98539,1.3185,1.9703,1.3704,8.7807,13.407,6.1004,2.7653,4.1997,8.7088,12.262,1.8784,1.9754,1.8842,1.7941,1.7787,1.8716,2.0069,2.0884,2.0856,2.0221,1.7258,1.5039,1.483,1.4596,1.5489,1.8376,2.0234,2.0002,2.1588
2.1525,2.052,2.3297,2.4255,2.2078,2.1625,2.1992,2.1689,1.8682,1.655,1.5688,1.7438,1.929,2.0025,1.5954,1.2846,1.2828,1.3777,1.4161,1.5277,1.7251,1.8492,1.9032,1.7958,3.7221,3.9556,2.9528,2.2594,2.2978,2.1723,2.0593,4.3381,3.2815,3.1551,2.4004,2.9579,2.3844,1.6318,1.5626,0.99637,1.0937,1.5908,2.5099,2.5501,2.4364,2.0457,5.3577,2.0374,2.0008,1.9762,2.0097,2.0747,2.1088,2.0648,1.9624,1.8901,1.8666,1.8867,1.9016,1.9046,1.9052,1.9003,1.8897,1.9005,1.913,1.911
1.8868,1.8914,1.8805,1.882,1.8713,1.87,1.8864,1.8679,1.8307,1.8054,1.7661,1.7432,1.7293,1.7041,1.6623,1.6277,1.6173,1.5884,1.5798,1.5571,1.5331,1.4935,1.483,1.4508,1.408,1.3383,1.243,1.1883,1.1597,1.025,0.93961,0.94894,1.0835,1.1565,1.3351,1.4574,1.8226,2.5803,2.8274,3.4873,4.6015,4.5629,3.3098,2.6413,3.5463,7.0155,9.7916,2.0532,1.9417,1.8052,1.6603,1.573,1.549,1.6042,1.6965,1.7685,1.7794,1.7744,1.7362,1.716,1.75,1.7842,1.842,1.8877,1.915,1.9223
1.9258,1.9248,1.9506,1.9596,1.9513,1.9478,1.9453,1.9389,1.9385,1.9377,1.942,1.9293,1.8911,1.8585,1.8157,1.7944,1.7652,1.7488,1.7124,1.7022,1.6442,1.5519,1.4563,1.3674,1.2814,1.233,1.2018,1.1751,1.1587,1.1806,1.2077,1.2045,1.2212,1.2307,1.1044,1.0906,1.0177,1.2279,1.5397,1.6601,3.2909,6.1807,2.8547,3.4386,6.9859,5.1907,8.6485,1.8777,1.9007,1.9514,1.9591,1.8929,1.8357,1.9176,1.9803,2.0616,2.1247,2.1491,2.0595,1.7957,1.7392,1.7672,1.6403,1.5113,1.8053,2.0628
2.1823,2.1872,1.9786,1.907,1.9884,2.1751,2.2118,2.0794,1.9463,1.7089,1.5801,1.7952,2.0966,1.7272,1.4527,2.3464,2.4684,2.8501,2.0233,1.102,1.3431,1.8056,1.541,2.133,2.461,3.3763,3.1341,2.847,1.7222,1.6534,1.2763,1.9104,3.0122,3.4111,4.2784,2.5671,1.8188,1.6816,1.8907,2.207,0.88246,1.2879,1.6944,2.2411,2.2692,2.3619,6.0134,1.7578,1.7322,1.7265,1.7233,1.742,1.7439,1.7348,1.6947,1.6626,1.6376,1.6133,1.5609,1.5417,1.5853,1.5456,1.4412,1.325,1.4768,1.3477
1.11,1.2398,1.3761,1.5213,1.5368,1.5949,1.7522,1.8936,1.8971,2.6066,3.4304,3.6723,3.8031,3.3981,2.8615,2.3468,1.2166,3.4607,4.1085,4.6667,5.1882,5.3933,4.2636,3.7414,3.3753,2.5245,2.0364,1.6256,1.0691,0.73797,0.59713,0.52487,0.3984,0.50628,0.42577,0.29898,0.66422,1.1339,1.2572,1.5478,1.6976,1.6356,1.6198,1.5763,1.5466,1.3408,9.332,1.7651,1.8134,1.8477,1.8729,1.8984,1.9257,1.9313,1.9203,1.8948,1.8796,1.9074,1.8832,1.8696,1.8901,1.8891,1.8978,1.8704,1.8499,1.8199
1.8249,1.8339,1.8473,1.8678,1.8698,1.8739,1.8628,1.8362,1.8107,1.7879,1.7848,1.7823,1.7773,1.7466,1.7279,1.6953,1.6739,1.6426,1.6022,1.5641,1.5564,1.5509,1.5361,1.5072,1.4759,1.4637,1.4354,1.3892,1.3355,1.2774,1.2502,1.2227,1.1914,1.1798,1.1007,1.2217,1.3421,1.1144,1.5137,5.7085,6.2078,8.3348,4.3534,4.2223,8.6395,9.1332,9.9559,1.8255,1.7547,2.0092,1.9165,1.8177,1.8534,1.9892,2.0967,2.1203,2.1883,2.5059,2.6366,2.4457,2.4026,2.7771,3.0177,2.3244,2.5178,3.7041
2.3594,3.3171,2.3572,2.2334,2.3071,2.2213,2.0977,2.2151,2.4625,2.6101,2.7737,2.7737,2.71,2.6483,1.6531,1.6233,1.5395,1.3791,1.2418,1.193,1.2492,1.4159,1.7052,1.9771,1.8415,1.9574,2.0554,2.1978,2.143,2.163,1.9611,1.7262,1.5791,1.287,1.2083,1.3519,1.3517,1.379,1.3945,1.9429,2.894,3.4007,3.1556,2.9111,3.2789,5.6549,9.3412,1.8428,1.9479,1.9498,1.8599,1.7436,1.6841,1.6885,1.7454,1.8807,1.965,1.9359,1.8292,1.7659,1.7524,1.782,1.8415,2.4624,2.4339,2.379
2.2933,2.1805,2.0482,1.8629,1.738,1.6532,1.5405,1.4203,1.346,1.3587,1.3051,1.1937,1.0915,0.96372,0.88747,0.76459,0.74503,0.80026,0.89472,0.93617,0.88608,1.1687,1.6014,2.2563,2.6281,2.6905,2.4895,1.625,2.6031,3.5137,3.3224,2.4551,1.8192,1.9502,2.0559,1.7939,1.1368,1.8141,2.2674,2.0718,1.5915,1.3436,1.7048,2.2939,2.492,3.3078,23.396,11.846,4.0805,4.0379,5.5331,4.5161,5.0536,3.7021,2.4246,2.6397,2.6721,0.92445,0.55605,0.19074,0.97997,1.9137,3.5783,3.8005,3.1196,2.076
2.6499,2.4587,1.6848,1.8954,2.2775,2.8082,2.8006,2.8062,1.4182,2.395,1.4196,0.432,1.4615,1.4127,1.3457,1.2507,1.2441,1.322,1.3604,1.3701,1.3799,1.5492,1.6034,1.5468,1.4841,1.4909,1.5557,1.5638,1.4798,1.4187,1.4883,1.6701,1.9603,1.9397,1.8814,1.9471,2.1803,2.1803,3.0809,3.3976,4.4763,4.1779,3.0744,6.0276,7.587,6.9455,3.0904,3.9153,3.7663,4.0591,4.0049,3.4672,4.6269,4.2337,4.8932,4.6003,2.764,0.86455,2.1271,2.5895,2.2766,1.1706,0.80304,2.6734,4.3871,3.8546
3.9881,1.3358,1.0708,1.0415,3.122,4.5472,2.921,2.3445,1.5839,1.7148,1.7551,1.7792,1.8157,1.7723,1.8881,2.1186,2.1397,1.8728,1.3999,1.2624,1.4067,1.6416,1.9203,2.0305,2.0805,2.0773,2.1013,2.0463,1.9836,1.9297,1.8365,1.7633,1.6984,1.6303,1.5891,1.6196,1.7055,1.8109,1.8958,2.7782,3.7691,3.9525,5.7433,3.6204,1.7769,4.8592,8.4573,2.1744,2.2617,2.5206,2.7216,2.9517,3.2028,3.7767,4.575,4.7259,4.0207,3.4955,3.4274,2.9366,3.0809,3.2065,4.4898,4.8288,4.6704,3.9955
3.9404,4.0178,4.0323,4.3629,4.8138,4.6838,4.1068,3.5637,3.8773,4.3844,3.1376,2.6208,2.279,2.525,2.4839,2.0567,1.6406,1.4129,1.5796,1.9778,1.649,1.3061,1.3495,1.5331,1.8063,1.967,1.9358,1.9025,2.183,2.1381,1.3455,1.3148,1.4414,2.0703,2.3753,2.1698,1.8024,1.6911,2.3871,3.3164,3.5507,3.8003,4.0401,4.2652,3.6402,3.4095,8.2146,3.8121,1.4258,2.5772,2.945,1.6688,0.93161,1.4649,2.0734,1.8282,1.3975,1.152,0.84624,0.58961,0.66016,4.0803,0.99371,0.8952,0.27065,0.88306
3.1525,3.1037,2.3916,1.54,1.4245,1.5782,1.7853,1.7235,2.1413,2.2315,2.0945,1.7503,1.7848,1.5717,1.5362,1.8139,1.7947,1.8377,1.9771,1.9532,1.832,1.7693,1.8141,1.9622,2.1422,2.2723,1.6431,3.2952,3.0522,3.1494,4.0372,4.5958,4.8222,4.8355,5.4977,6.2258,6.1998,3.9333,0.93069,3.8327,4.1466,3.6108,2.9804,0.68853,0.38012,0.31689,0.48366,0.48321,1.0982,2.2338,2.8436,1.5508,1.369,2.3412,2.7804,2.7536,2.439,2.2609,2.456,6.8191,5.0675,2.0825,0.9848,0.77066,1.247,3.0928
2.5547,1.4873,1.4451,1.6997,2.1224,2.1219,1.7846,1.9812,2.0205,2.2851,1.7225,1.035,1.2908,1.9194,2.0583,1.8633,1.83,2.0794,2.1136,2.0785,1.9992,1.983,1.9367,1.9824,1.9297,1.8222,1.7651,1.7595,2.6168,2.3402,2.5836,2.7624,2.8827,2.5406,2.5744,2.7061,2.5123,3.1998,3.8657,3.2394,2.1631,1.8221,2.5259,3.1415,3.3961,3.3445,3.477,3.0212,2.4872,2.1606,1.8757,1.7789,1.4827,1.416,1.5333,1.6413,2.1196,2.1321,1.8417,2.1585,2.6318,2.3945,2.1969,2.094,2.1391,2.2231
2.0407,2.0144,1.9238,1.7293,1.5511,1.751,2.0217,2.2274,3.3653,5.7682,6.8418,2.4074,2.2697,1.2796,1.0938,1.0618,1.0224,0.78475,0.71076,1.0592,1.4469,2.4065,3.1914,3.2221,2.7118,2.1273,1.7842,1.523,0.8415,0.79464,1.2357,2.3809,2.8204,2.2278,2.0352,2.8918,2.7746,2.5093,2.5087,2.7346,2.5062,2.4849,2.6185,2.6675,3.2942,3.0246,2.5336,2.5747,2.8383,4.1075,3.4252,2.4981,0.95122,2.5462,2.2929,1.6602,2.148,2.3082,2.9568,5.5213,6.0384,3.4323,2.2084,1.0752,1.1096,1.4572
1.0427,1.9294,3.3042,3.3826,2.3571,1.3437,1.0322,0.92648,0.93161,1.6033,2.3354,2.4429,2.2858,1.9333,1.6861,1.6393,2.1084,1.7061,1.5167,2.0107,1.9852,1.9231,2.0754,2.094,1.9204,1.7926,1.7735,1.8966,1.8008,1.7683,1.7823,1.8188,1.8362,1.8305,1.8262,1.8312,1.8259,1.837,1.7992,1.7458,1.7877,1.8426,1.8142,1.7449,1.656,1.5423,1.4759,1.4318,1.2854,1.0328,0.80137,0.93838,0.98127,0.75121,1.4085,2.7603,3.6554,4.7359,6.5867,13.031,2.0314,2.041,2.037,2.0521,2.0473,2.0075
2.0594,2.1028,2.0136,1.9172,2.0312,2.0114,2.0243,2.0214,1.8546,1.8845,1.8725,1.9336,2.0361,1.863,1.7982,1.9065,1.8254,1.8059,1.9896,2.0695,2.1322,1.9833,1.9019,2.1208,2.2815,2.4316,2.4071,2.5972,2.7306,1.5233,1.5585,1.577,1.6669,1.7664,1.6061,1.4962,1.6387,1.6921,1.7833,1.7368,1.7538,1.553,1.4397,1.3,1.1496,1.1314,1.313,1.4223,1.4921,1.631,1.5017,1.6401,2.6825,4.1606,5.0153,3.9185,3.4634,4.251,6.9536,8.3701,9.0786,10.911,8.7942,3.8945,1.0746,2.772
1.779,1.8766,1.44,1.5181,1.6122,1.6171,1.9735,2.3517,1.654,1.7955,2.29,2.2398,2.0107,2.0333,2.9148,4.4277,4.0044,3.8901,3.2557,2.3518,1.8098,1.1847,1.2734,1.4676,1.6301,1.7265,1.757,2.2147,3.622,1.6396,1.5834,1.523,1.4947,1.4072,1.3358,1.3997,1.6175,1.586,1.4563,1.2588,1.111,0.94423,0.69711,0.56326,0.52279,0.37104,0.68988,0.68438,1.5806,2.3495,2.6398,2.5546,3.0078,3.2544,3.3003,3.9579,4.3926,5.2213,12.825,32.532,2.7526,8.1048,7.3863,3.3447,1.6766,1.8896
1.2297,1.2207,2.1259,3.4667,3.9859,3.4517,2.5537,2.0291,1.52,1.4081,0.9708,0.77466,1.3985,1.8086,1.4611,1.0087,1.0285,1.4655,1.2205,1.2472,1.5458,2.6274,2.8379,2.324,1.8978,3.9391,4.3548,2.5199,1.0903,1.3222,1.3503,1.1811,0.9948,1.0777,1.1619,1.0947,0.81844,0.75876,1.3552,1.745,1.4331,1.4907,1.9819,1.9466,1.9826,1.8054,1.5023,1.9988,3.4222,3.1906,4.1849,5.0163,5.3327,4.9516,4.6749,9.7003,6.9163,16.839,14.419,12.237,16.164,7.067,3.0828,2.3449,2.7147,2.1766
0.8153,0.49308,1.3234,2.5452,1.6965,1.1941,2.5562,2.8776,1.8162,2.1782,2.1254,3.7071,5.4703,4.2544,3.3454,1.1619,0.95647,1.0937,0.91512,1.1937,0.73285,2.6302,6.354,4.9368,2.9258,1.3597,0.50168,0.71721,1.6538,1.6082,1.5915,1.5619,1.4634,1.3372,1.2407,0.96436,0.6543,0.66766,0.78569,0.73343,0.75947,0.94731,0.99215,0.83791,0.91134,1.1402,0.96304,1.23,1.5672,1.6843,1.7866,2.4907,4.7066,3.4847,2.9542,8.1431,26.374,7.7009,8.1439,1.3654,7.5678,6.767,2.3626,1.2608,3.2604,3.3124
1.4335,1.5483,2.8201,2.9816,2.2257,1.3631,1.048,1.8471,2.7909,1.9817,1.1373,0.8708,0.48603,0.34657,0.54178,0.5913,0.49169,0.54589,1.2295,0.97004,0.54437,6.0503,2.7991,6.3295,2.9332,5.9649,3.7798,1.621,1.6898,1.641,1.5693,1.5359,1.5114,1.4306,1.3664,1.2301,1.0608,1.0206,1.022,1.0536,0.87367,0.82428,0.68885,0.69649,0.77273,0.84948,0.88559,1.1098,0.81465,0.93739,1.2343,2.0005,3.4773,4.4953,3.4112,2.5517,3.0478,9.0063,28.766,14.064,9.0691,10.532,10.263,8.17,3.7307,3.1104
3.9942,1.4912,1.1112,2.5985,2.1401,1.9741,2.3789,2.0558,1.5028,1.0037,1.1609,1.5909,1.585,1.2082,2.0037,4.2422,5.1173,2.8979,1.5691,0.92459,0.80555,0.974,6.3243,6.3243,1.4492,1.0497,0.15709,1.0259,1.6146,1.6719,1.8039,1.9264,1.8231,1.6081,1.4385,1.4994,1.4827,1.3512,1.0847,0.94533,0.76664,0.618,0.44246,0.41675,0.29337,0.61823,0.97228,1.3352,1.156,2.3647,2.8722,1.9338,3.4086,5.7074,3.5105,4.6117,9.6885,18.533,17.043,7.0425,15.809,9.801,5.2466,1.8092,6.1393,2.6961
3.1282,4.2636,3.6864,3.4276,3.9774,3.8231,3.6815,1.8153,0.97177,0.85968,0.78012,1.103,1.8185,1.8691,1.4844,2.0476,1.9171,1.7018,1.6161,1.4174,1.643,1.9033,1.6187,1.6652,1.7255,1.6831,1.2466,3.667,14.067,1.8026,1.7492,1.7213,1.7,1.8129,1.8741,1.7864,1.7007,1.743,1.6552,1.5301,1.4125,1.4023,1.2961,1.0527,0.8883,1.0807,1.4717,2.9882,3.7532,4.2519,4.1069,3.5879,3.2739,2.8576,3.3168,4.0618,5.7217,7.1115,8.5025,8.5693,9.9195,16.948,7.4995,4.886,3.5957,4.008
1.238,3.9086,3.9722,2.6846,1.7666,1.2981,0.92091,0.66941,0.76503,0.49826,0.70802,1.1928,0.92439,0.68582,1.0501,1.9186,2.4292,2.1278,1.7241,2.2927,1.8977,2.2269,4.0411,4.8174,13.342,3.8618,2.1142,1.2059,1.5486,1.4388,1.5533,1.5554,1.4145,1.3144,1.254,1.103,0.90154,0.92335,0.83591,0.65408,0.68063,0.69054,0.59924,0.70344,0.90376,0.64429,1.292,3.4514,5.1852,4.163,3.3568,3.1571,3.2261,17.495,16.359,20.755,4.76,4.7381,4.1867,2.0733,3.079,7.5218,2.2449,1.2842,6.1332,4.4594
3.8892,3.7674,3.1082,2.2892,1.0372,0.89683,1.1448,2.0199,1.9461,1.3729,1.4979,2.0182,2.2973,2.5409,3.0092,3.2829,2.1885,1.9191,1.8602,1.6235,1.6068,2.1532,1.995,2.4709,3.1958,2.9438,1.8638,1.3622,1.516,1.5244,1.4207,1.4688,1.4999,1.4463,1.2294,1.2346,1.3929,1.2239,1.0172,0.80967,0.6315,0.75918,0.76876,0.83554,0.78355,1.0514,1.7144,2.0238,2.5146,3.0488,2.8643,3.5117,4.7311,5.1956,4.3425,4.0708,8.902,18.994,8.8793,8.2883,10.266,3.4698,4.9871,3.4487,3.1675,2.5513
0.86621,0.61141,1.0695,1.9605,1.4069,1.1811,1.2872,1.2341,1.1773,1.6749,1.67,1.3388,0.91171,0.79822,0.95081,1.4449,2.222,4.2669,5.039,3.2823,4.1835,1.4539,3.8375,3.7935,3.3966,2.7597,2.8505,2.5798,1.6012,1.6852,1.636,1.4276,1.3171,1.2807,1.1801,1.2953,1.4417,1.5358,1.9501,2.1663,1.9961,2.2451,3.0166,4.1635,4.0335,3.5341,3.3107,2.7565,2.2308,2.052,2.4095,3.1413,4.1132,3.3418,4.4825,5.2304,5.6576,6.561,7.5717,6.6851,10.27,6.839,4.2761,3.4389,1.7595,1.8218
1.6057,1.4876,1.5085,1.4128,1.4018,1.3407,1.6552,2.0597,2.1697,2.088,2.7869,3.6908,3.2898,2.9243,2.353,1.6243,1.3966,1.6995,1.3101,1.4401,1.8832,2.241,2.6531,2.5196,1.7427,1.7727,1.7406,1.651,1.5954,1.5958,1.6502,1.6349,1.5952,1.5528,1.5036,1.5744,1.8443,1.9501,1.2887,0.6981,0.44932,0.69771,0.79378,1.0533,1.5949,3.1651,3.0663,0.96998,4.0459,3.9372,4.3425,0.8474,1.8807,7.3446,6.6655,9.0081,7.3531,1.9392,1.8891,1.8743,1.8725,1.8483,1.8421,1.8639,1.8848,1.9058
1.9155,1.9148,1.9322,1.915,1.8838,1.8619,1.8549,1.8526,1.8642,1.8614,1.8466,1.8175,1.8006,1.7986,1.8221,1.8561,1.8803,1.8868,1.909,1.9479,1.9851,1.9854,1.9247,1.9024,1.9385,2.0338,2.0412,2.0844,1.9918,1.8602,1.7219,1.5968,1.5298,1.4989,1.4586,1.4296,1.4145,1.4108,1.4228,1.3208,1.2748,1.36,1.2198,1.124,1.2791,1.1885,1.0599,1.0022,0.91611,1.1538,1.2608,1.9594,2.4561,2.8081,6.9198,6.7002,9.9178,1.909,1.9528,2.0089,1.9492,1.8521,1.8086,1.8229,1.8859,1.9244
1.9486,1.9733,1.9596,1.8847,1.8427,1.8191,1.8242,1.8385,1.8441,1.8609,1.8496,1.8235,1.8136,1.772,1.7284,1.6802,1.6765,1.7266,1.8189,1.8919,1.9055,1.9238,1.9031,1.8846,1.9081,1.8964,1.8755,1.8227,1.7656,1.7138,1.7136,1.7501,1.7167,1.6897,1.706,1.7466,1.7789,1.752,1.7623,1.6988,1.6423,1.5961,1.544,1.4844,1.1424,1.1044,0.97693,0.90224,0.54507,0.20729,0.77916,1.3978,2.2083,2.6982,4.1745,7.8365,15.508,1.7895,1.7661,1.7585,1.7793,1.7921,1.8022,1.8444,1.8939,1.9287
1.9407,1.9518,1.9593,1.9596,1.927,1.9062,1.8728,1.8016,1.7515,1.7416,1.768,1.8063,1.8292,1.8368,1.8413,1.8613,1.8786,1.8733,1.8446,1.8013,1.7584,1.7922,1.8178,1.808,1.8054,1.8102,1.8558,1.8466,1.8821,1.9564,1.9216,1.7742,1.7721,1.887,1.9423,1.9225,1.7154,1.5839,1.4448,1.0684,0.71325,0.80454,0.85977,0.91364,1.2066,1.3943,1.4848,1.5162,1.4412,1.1558,0.91952,1.4428,1.5892,2.2048,4.1579,6.6115,11.128,12.919,4.3084,1.9264,1.9159,1.8908,1.856,1.8499,1.8734,1.8621
1.8056,1.7759,1.8044,1.8049,1.7887,1.7474,1.6855,1.6217,1.56,1.5102,1.4489,1.428,1.3975,1.3743,1.4007,1.4231,1.2915,1.161,1.2679,1.3696,1.3408,1.6412,1.9525,2.0658,1.8475,1.7383,2.1074,2.3998,2.4476,2.2037,1.751,2.1389,3.2537,3.7107,4.2072,4.4443,4.4526,3.7306,3.0682,2.7044,2.5106,2.3242,2.3005,2.0411,1.6242,1.3057,1.0702,0.86339,0.76547,0.82477,0.92181,0.92126,0.92299,1.0029,1.462,2.2619,2.3605,1.9186,3.0597,1.8837,1.872,1.8777,1.8708,1.8318,1.783,1.7467
1.7422,1.7451,1.7903,1.8833,1.9438,1.9716,1.9792,1.9695,1.9546,1.9332,1.9332,1.9449,1.9587,1.9452,1.9088,1.857,1.8223,1.8377,1.8719,1.8887,1.8764,1.8442,1.8064,1.7589,1.7502,1.7659,1.8341,1.8977,1.9053,1.8599,1.8058,1.7343,1.7346,1.7527,1.7686,1.7826,1.787,1.8223,1.9199,1.9155,1.8577,1.7216,1.6398,1.6034,1.4933,1.3195,1.0953,0.76058,0.7431,0.56922,0.35194,0.51954,0.45447,0.74799,1.8274,2.4786,2.3297,3.3993,8.3155,1.866,1.8737,1.8456,1.8471,1.8549,1.8517,1.8658
1.8485,1.8487,1.8468,1.8258,1.8412,1.875,1.8867,1.8733,1.8436,1.8188,1.7903,1.7902,1.8001,1.8019,1.7803,1.7465,1.7578,1.7695,1.767,1.7625,1.764,1.7589,1.743,1.7118,1.6458,1.5764,1.5777,1.4864,1.3747,1.3484,1.425,1.5526,1.6386,1.6677,1.6586,1.6815,1.6378,1.6955,2.2277,2.492,2.3518,2.6735,3.0407,2.9756,2.8502,2.7207,2.3996,2.2086,2.3587,2.5327,2.0147,1.6109,1.4597,1.1552,0.99508,1.9691,2.0053,8.1265,9.2918,6.836,3.7563,1.8831,1.8741,1.8889,1.8678,1.8692
1.8737,1.886,1.8962,1.9065,1.9034,1.8711,1.8538,1.8094,1.8108,1.8455,1.8748,1.8846,1.9048,1.9198,1.9301,1.9525,1.9721,1.98,1.9671,1.9795,1.9371,1.9097,1.909,1.8936,1.8875,1.9045,1.913,1.884,1.8455,1.7963,1.7683,1.7539,1.7407,1.7278,1.7203,1.6667,1.65,1.6917,1.7468,1.7022,1.7001,1.7023,1.5769,1.5232,1.5194,1.5603,1.606,1.4141,1.1137,0.99261,0.72432,0.53628,0.78294,0.83668,0.97535,1.6049,2.1733,2.0968,2.9335,3.9271,8.4976,7.5858,1.8868,1.8996,1.8899,1.8948
1.9059,1.9232,1.9269,1.8884,1.8651,1.8601,1.8733,1.9163,1.9383,1.9427,1.9308,1.952,1.9629,1.9463,1.9246,1.9053,1.8771,1.8324,1.8178,1.8272,1.826,1.8296,1.8225,1.8142,1.8073,1.8203,1.8286,1.8385,1.8321,1.8219,1.8266,1.8523,1.8539,1.8232,1.8328,1.8387,1.8149,1.803,1.7495,1.7784,1.7808,1.6255,1.5203,1.5305,1.5208,1.3742,1.1812,1.1681,1.1509,0.95124,0.73404,0.44543,0.46154,0.68175,0.91734,1.09,1.39,2.23,2.9435,2.9607,6.2804,9.8317,1.8807,1.907,1.9056,1.9001
1.8902,1.8685,1.8682,1.8586,1.856,1.8511,1.8533,1.8421,1.8375,1.8292,1.8277,1.8473,1.8545,1.859,1.8592,1.8544,1.8468,1.8604,1.8656,1.8942,1.8849,1.8774,1.8679,1.8562,1.8648,1.8769,1.9335,1.949,1.9241,1.9036,1.9077,1.8899,1.8229,1.7722,1.8046,1.8376,1.8691,1.8968,1.9168,1.9481,2.033,2.1336,2.2197,2.2747,2.2051,1.7478,1.0608,0.68881,0.60574,0.84706,1.2224,1.4762,1.9555,2.3435,2.1216,1.6741,1.8684,2.2173,2.4332,4.3931,6.5002,9.84,14.316,1.8809,1.8711,1.8758
1.8928,1.8947,1.9107,1.9175,1.8981,1.8756,1.8603,1.864,1.906,1.9501,2.027,2.0649,2.0434,1.9491,1.8296,1.7647,1.7433,1.7742,1.8226,1.8883,1.9301,1.8902,1.8163,1.8057,1.8134,1.7446,1.7318,1.7439,1.785,1.7703,1.7298,1.6511,1.5718,1.4763,1.4082,1.3663,1.3837,1.4477,1.558,1.6593,1.8059,1.8303,1.7067,1.7074,1.7736,1.7238,1.7147,1.6627,1.831,1.9267,1.7666,1.9906,2.7096,3.1142,3.0178,3.084,3.4644,3.3301,2.4904,2.119,1.2285,3.0229,13.926,1.861,1.837,1.8604
1.8619,1.8504,1.8509,1.8529,1.8806,1.8863,1.8697,1.8581,1.8683,1.8918,1.9133,1.905,1.909,1.8958,1.8885,1.8848,1.8722,1.8739,1.8567,1.85,1.8469,1.8398,1.8211,1.8246,1.8495,1.8615,1.8722,1.8862,1.8922,1.8765,1.8554,1.8784,1.8986,1.913,1.8929,1.9042,1.9206,1.8849,1.8681,1.8653,1.8646,1.8626,1.8435,1.869,1.8801,1.8041,1.672,1.5591,1.5625,1.3061,0.90293,0.92419,1.0334,0.92582,0.58955,0.59422,0.95935,1.3718,1.5654,1.6137,2.247,2.9294,5.5125,6.0501,1.9027,1.8718
1.8516,1.8472,1.8369,1.8608,1.8582,1.8536,1.8524,1.8547,1.8876,1.9331,1.9532,1.956,1.93,1.8829,1.8605,1.8592,1.8595,1.8579,1.8386,1.8282,1.8334,1.8361,1.8806,1.9242,1.939,1.9202,1.8777,1.8179,1.7902,1.7659,1.763,1.7601,1.6986,1.6385,1.6349,1.7028,1.7311,1.6793,1.5541,1.4625,1.4581,1.5513,1.5683,1.5286,1.4352,1.57,1.8001,1.922,1.75,1.5128,1.3518,1.173,0.65031,0.62866,1.1415,1.3983,2.1268,2.8769,3.4512,3.6875,4.265,15.026,9.4107,5.7107,4.1368,1.9512
1.9495,1.9562,1.9447,1.9353,1.9076,1.885,1.8636,1.8616,1.863,1.8657,1.8684,1.8716,1.8629,1.8558,1.8292,1.8275,1.8245,1.8405,1.8555,1.8708,1.8665,1.8341,1.8308,1.8257,1.8309,1.8516,1.8797,1.906,1.9265,1.9163,1.9229,1.9489,1.9456,1.9046,1.8503,1.8512,1.8422,1.8267,1.8137,1.813,1.8413,1.8466,1.7815,1.7228,1.7357,1.7234,1.7235,1.6475,1.5632,1.5412,1.4186,1.1935,0.89138,0.81618,0.8432,0.49434,0.5788,0.90601,0.98121,1.5526,2.1452,2.2786,2.8548,3.0324,8.1554,1.8675
1.8677,1.8607,1.8538,1.8685,1.8963,1.9007,1.9103,1.9068,1.9114,1.9034,1.8969,1.8851,1.8697,1.8498,1.8379,1.8379,1.8704,1.8741,1.92,1.9338,1.952,1.9116,1.821,1.7085,1.6246,1.6109,1.6775,1.7373,1.792,1.801,1.8241,1.8239,1.7567,1.7151,1.6563,1.5795,1.5407,1.5182,1.5057,1.4385,1.3352,1.0957,1.0062,1.4234,1.6576,1.8561,1.8875,1.779,1.9411,2.2784,2.5968,2.6915,2.6239,2.5257,2.4475,2.5148,2.412,2.3121,2.1953,1.9646,1.6633,1.0704,1.2039,1.1613,14.694,9.8473
1.8816,1.8885,1.8684,1.8681,1.8957,1.9095,1.9042,1.9058,1.8945,1.868,1.8558,1.8753,1.8685,1.8604,1.8484,1.857,1.8734,1.9223,1.9526,1.9513,1.9577,1.9739,1.9961,1.9968,1.9563,1.8677,1.8529,1.8344,1.8194,1.7999,1.7921,1.8224,1.8334,1.8047,1.7731,1.7339,1.7534,1.7676,1.7835,1.7164,1.6988,1.6737,1.6374,1.6205,1.5836,1.6067,1.56,1.3934,1.3168,1.2579,1.2226,1.1495,0.79292,0.65322,0.59069,0.7166,1.0371,1.1309,1.2781,1.8416,3.0189,4.0206,3.5318,3.6829,5.4627,13.893
16.283,1.8445,1.8779,1.8822,1.8678,1.8568,1.8619,1.8507,1.8596,1.8621,1.8675,1.8891,1.8867,1.9086,1.8929,1.8851,1.8855,1.8656,1.8622,1.8625,1.876,1.8884,1.8903,1.8762,1.8833,1.8843,1.8692,1.8787,1.8705,1.8337,1.8304,1.8464,1.9114,1.9031,1.8905,1.8726,1.8586,1.8307,1.8035,1.7191,1.6355,1.6576,1.726,1.7658,1.7706,1.7762,1.7222,1.7428,1.7803,1.8106,1.9457,2.1857,2.0054,1.7756,1.5236,1.26,1.0981,0.84372,0.72962,0.78742,1.0006,1.6537,2.8991,3.9026,5.3478,5.8296
18.356,1.8488,1.8559,1.8797,1.8793,1.8854,1.8966,1.8857,1.8891,1.8949,1.8868,1.8718,1.8859,1.8745,1.868,1.9011,1.895,1.8917,1.8727,1.868,1.863,1.8742,1.8852,1.8877,1.8984,1.9028,1.9112,1.8927,1.8737,1.8591,1.848,1.8393,1.8151,1.7945,1.7469,1.702,1.6555,1.5151,1.3368,1.151,1.014,0.97191,1.0422,1.2489,1.4278,1.4488,1.4295,1.3902,1.3583,1.3158,1.3402,1.4039,1.5154,1.7485,1.9034,1.9134,1.9696,1.9405,1.8831,2.3166,2.7583,3.4055,4.3405,4.2751,4.6361,6.3768
6.6525,1.8857,1.8922,1.9013,1.903,1.8926,1.8883,1.8766,1.8663,1.8818,1.8868,1.8905,1.8917,1.8798,1.8608,1.8681,1.8978,1.9125,1.9188,1.8941,1.8824,1.8612,1.8585,1.8578,1.8622,1.8228,1.7936,1.8032,1.8041,1.8229,1.8548,1.8993,1.8987,1.884,1.8798,1.8835,1.8781,1.8541,1.8429,1.8206,1.8209,1.8366,1.8026,1.7359,1.7263,1.8191,1.8053,1.7002,1.6623,1.8153,1.9512,1.8601,1.7243,1.5414,1.34,1.0109,0.94134,1.3015,1.3133,0.99026,1.1796,1.4556,2.4462,2.9238,4.2257,6.9891
11.72,17.284,1.9238,1.919,1.915,1.9081,1.8788,1.8493,1.8324,1.8499,1.8548,1.8759,1.8686,1.8724,1.8806,1.8841,1.8952,1.8813,1.84,1.7959,1.7699,1.7694,1.7893,1.8205,1.8656,1.8605,1.8382,1.787,1.7043,1.6703,1.6437,1.6059,1.6044,1.6617,1.6916,1.7089,1.7234,1.6337,1.6286,1.5742,1.4576,1.3735,1.422,1.5147,1.6392,2.2553,2.5337,2.4696,2.3412,2.3336,2.2308,2.0555,1.9277,1.6058,1.1177,0.77611,0.2814,0.41227,1.3011,2.8052,12.201,8.9039,2.1433,4.4023,5.8837,8.3142
1.249,4.568,2.9781,1.4774,0.80744,0.74422,0.47181,0.51118,0.69533,0.82316,0.77573,0.93651,1.2009,1.3622,1.5159,1.7562,1.6113,1.6345,2.0211,2.0846,2.1924,2.6055,2.4652,2.0997,1.8348,1.6988,0.76358,4.1171,4.8377,3.3976,2.1345,1.2121,0.87532,0.52569,0.59648,2.2259,3.5948,1.8976,1.8035,1.7213,1.7741,1.8934,1.7841,1.648,1.6255,1.8878,1.9369,1.7478,1.7461,1.8074,1.7681,1.7199,1.5984,1.6424,1.563,1.6305,1.5966,1.5877,1.566,1.5996,1.6966,1.6936,1.8524,1.8244,2.0149,2.8056
2.8905,3.3224,3.2317,6.6029,1.9409,2.0216,2.0414,1.9784,1.9062,1.8731,1.8914,1.9045,1.8907,1.912,1.9474,1.9277,1.9515,1.9672,1.9733,1.9449,1.8916,1.8886,1.8275,1.7822,1.8042,1.8011,1.8082,1.84,1.8133,1.7797,1.8126,1.8147,1.825,1.8058,1.787,1.8041,1.7818,1.7634,1.749,1.717,1.6918,1.7047,1.6909,1.6775,1.6285,1.5952,1.5789,1.5063,1.4509,1.4363,1.4161,1.4087,1.4262,1.385,1.3429,1.369,1.4995,1.527,1.5257,1.5697,1.4376,1.4465,1.4398,1.2857,1.2975,1.8515
2.7438,3.6678,4.2227,13.145,1.8386,1.8423,1.8799,1.904,1.9318,1.9349,1.9212,1.9058,1.9096,1.9357,1.9117,1.9059,1.9227,1.919,1.8847,1.8596,1.8687,1.8319,1.8262,1.7504,1.7793,1.7799,1.7799,1.7912,1.7836,1.7773,1.7475,1.7614,1.7215,1.7027,1.688,1.672,1.6851,1.6727,1.6528,1.6776,1.7287,1.7639,1.6766,1.6027,1.6535,1.6242,1.5794,1.5186,1.4961,1.5189,1.4956,1.3978,1.3015,1.3432,1.3039,1.2669,1.2417,1.2203,1.173,1.2641,1.0957,0.68215,1.1553,1.8106,3.4309,5.1005
5.8296,0.61641,8.2248,10.763,1.8665,1.8475,1.8392,1.8227,1.8083,1.807,1.8113,1.8067,1.8138,1.8437,1.8297,1.8303,1.8526,1.8439,1.8354,1.8404,1.8457,1.857,1.8426,1.8084,1.8316,1.7976,1.7949,1.7984,1.802,1.8103,1.7707,1.7552,1.8038,1.8276,1.8379,1.8187,1.7593,1.7592,1.8198,1.7917,1.7137,1.694,1.6944,1.668,1.5839,1.4864,1.4381,1.4642,1.4168,1.2809,1.1944,1.2195,1.2589,1.2257,1.2086,1.2106,1.2568,1.2473,1.0604,1.0835,0.98092,0.87506,0.60587,2.2276,4.277,4.8452
6.4409,1.8844,3.6213,8.6108,1.7895,1.7663,1.6653,1.6375,1.6377,1.6104,1.6007,1.5422,1.5321,1.4915,1.4423,1.3731,1.4408,1.4839,1.4322,1.3742,1.3235,1.4403,1.5186,1.6213,1.5141,1.5548,1.5452,1.3446,1.5453,1.8114,2.855,3.8951,3.4284,4.9522,5.07,4.9847,4.6897,4.6377,2.633,3.2316,1.5673,2.6418,1.6268,1.9453,1.7847,1.4579,1.3409,1.3556,1.1436,1.0989,1.0241,0.91979,0.81968,0.71275,0.89137,1.3952,2.3721,2.8657,2.8801,2.5654,1.6754,1.4502,1.8789,1.636,1.4948,1.2427
0.92358,1.4021,2.8158,6.3759,1.6363,1.6315,1.6808,1.7266,1.7902,1.8754,1.8879,1.8877,1.8705,1.8376,1.8056,1.7995,1.8191,1.8894,1.894,1.9039,1.9015,1.9035,1.8897,1.8416,1.823,1.8038,1.8073,1.7753,1.7429,1.7336,1.7387,1.748,1.7439,1.7676,1.7175,1.6922,1.673,1.6853,1.7159,1.7138,1.7003,1.6966,1.647,1.6571,1.6442,1.5262,1.4673,1.4958,1.449,1.3733,1.2591,1.3045,1.3585,1.4481,1.2885,1.188,1.1268,1.2682,1.0828,0.9923,0.94456,0.97117,2.3592,4.2644,6.2708,2.3553
2.9267,1.3327,6.5802,8.2363,1.8649,1.8715,1.8993,1.9021,1.8973,1.9057,1.8524,1.7928,1.7976,1.8137,1.7978,1.7971,1.7965,1.7837,1.801,1.8136,1.831,1.8233,1.829,1.812,1.8096,1.7853,1.7767,1.8058,1.8123,1.8013,1.7512,1.7448,1.7537,1.7623,1.6816,1.6448,1.6289,1.6651,1.6998,1.654,1.6225,1.6353,1.6387,1.691,1.6336,1.5908,1.6088,1.6181,1.5876,1.5612,1.5374,1.5319,1.4874,1.4615,1.4257,1.3968,1.3983,1.433,1.3473,1.3771,1.1369,0.87911,1.3069,2.6817,4.3107,5.1317
4.2048,3.3369,5.7623,4.712,5.5375,4.1543,4.5258,2.7332,1.1772,1.2401,1.8407,2.8448,1.7016,1.0801,1.0473,1.1247,1.2749,1.1415,0.71707,0.73025,1.0233,1.2355,2.1779,3.129,3.1014,2.7467,1.8835,1.868,2.1069,1.8626,2.0737,1.9555,2.0345,1.3091,1.7295,4.0316,1.8141,1.8229,1.8301,1.848,1.8524,1.8633,1.8883,1.8906,1.8655,1.8816,1.8984,1.9463,1.896,1.8689,1.8595,1.833,1.8136,1.7839,1.7694,1.7595,1.7515,1.7644,1.7694,1.7776,1.7699,1.7612,1.7909,1.8175,1.7701,1.7156
1.6934,1.6969,1.6883,1.6824,1.6832,1.6616,1.6841,1.6532,1.6276,1.5589,1.4918,1.4549,1.4527,1.3995,1.2924,1.2105,1.2016,1.208,1.1875,1.1714,1.095,0.96792,0.85067,0.76613,0.5287,0.59087,3.6214,5.9196,7.1229,5.5115,3.0323,2.7051,4.1942,5.3891,5.5713,6.5726,1.9013,1.9264,1.9603,1.8981,1.907,1.9122,1.6698,1.7494,1.8231,1.6959,1.7283,1.8523,1.8113,1.7587,1.8439,1.8909,1.7954,1.8187,1.8778,1.8705,1.8966,1.8821,1.8171,1.7508,1.7396,1.6334,1.7245,1.7821,1.6674,1.5657
1.5926,1.6787,1.6968,1.6144,1.6609,1.6871,1.7171,1.7809,1.783,1.6694,1.5459,1.6015,1.6469,1.6015,1.4463,1.3162,1.3804,1.4359,1.4453,1.4776,1.1175,1.2854,1.3142,1.1255,0.84908,0.90752,1.3938,2.7987,2.8902,2.8935,4.1359,5.4208,3.2866,4.5595,4.7966,7.3634,1.8965,1.8325,1.7832,1.7746,1.7901,1.8044,1.8083,1.8292,1.87,1.8875,1.8959,1.9109,1.9527,1.9591,1.9432,1.9375,1.9372,1.9085,1.8734,1.8761,1.8658,1.8783,1.8492,1.8061,1.7896,1.7925,1.7709,1.7174,1.6654,1.7057
1.7145,1.7244,1.7247,1.7341,1.7439,1.7793,1.7319,1.6861,1.6,1.5624,1.5143,1.4608,1.3936,1.3272,1.335,1.3232,1.2929,1.2654,1.2576,1.182,1.172,1.1608,0.95073,0.86794,0.8199,0.71522,0.35912,0.26924,2.6269,6.1625,9.2283,5.7862,4.3254,4.5987,6.2632,7.0343,1.7886,1.7951,1.8778,2.0485,2.2172,2.3335,2.4906,2.6157,2.6075,2.5842,2.4926,2.4993,2.3307,2.199,2.1356,1.9307,1.8472,1.7308,1.6454,1.5881,1.5696,1.4949,1.4951,1.4821,1.5451,1.5805,1.6486,1.6731,1.691,1.7161
1.7673,1.8045,1.7791,1.8103,1.8415,1.8765,1.8581,1.8395,1.8772,1.8193,1.7732,1.7267,1.6555,1.7019,1.7173,1.6182,1.6216,1.5825,1.5433,1.4902,1.4541,1.3876,1.3372,1.4069,1.3255,1.204,1.1779,1.0755,0.91799,0.60674,0.30485,0.20353,0.84364,2.7085,5.6386,14.998,1.7168,1.8385,1.9085,2.0634,2.125,2.2938,2.3459,2.4466,2.4361,2.4604,2.3845,2.3548,2.242,2.0713,2.0045,1.8529,1.7355,1.613,1.5476,1.4877,1.4932,1.5526,1.5851,1.5568,1.563,1.6354,1.6607,1.7044,1.6863,1.7121
1.738,1.8142,1.8703,1.8882,1.8434,1.8422,1.8227,1.7288,1.6593,1.6297,1.5844,1.5262,1.4482,1.4223,1.3473,1.335,1.3377,1.456,1.3993,1.4698,1.6147,1.8896,1.7097,1.4699,1.0536,0.53849,0.34371,0.75349,1.4386,4.7029,8.7117,6.0072,5.0259,4.2668,6.9363,7.8828,1.8397,1.8692,1.8628,1.8885,1.8856,1.8985,1.8776,1.8577,1.832,1.8464,1.8326,1.8304,1.8138,1.8307,1.8337,1.8359,1.813,1.8225,1.8281,1.8116,1.8207,1.8291,1.7997,1.8062,1.7812,1.7242,1.7247,1.7365,1.7493,1.7318
1.6859,1.6366,1.6388,1.6435,1.6224,1.5862,1.6142,1.6254,1.6319,1.5658,1.4642,1.4386,1.4854,1.466,1.3842,1.2332,1.2884,1.3334,1.4585,1.5252,1.5568,1.2902,1.1145,1.0125,0.73066,0.25071,0.57237,2.2338,4.385,7.5454,5.8926,6.7412,8.6267,9.6932,9.6215,8.0361,1.8145,1.8272,1.8042,1.831,1.8686,1.905,1.9087,1.9206,1.9257,1.8788,1.889,1.887,1.8957,1.8895,1.8844,1.8912,1.8806,1.86,1.8451,1.9029,1.8655,1.8695,1.8749,1.8382,1.7974,1.7458,1.7423,1.7397,1.7403,1.729
1.7062,1.7106,1.7367,1.6993,1.6763,1.6066,1.5922,1.6291,1.6263,1.5856,1.5234,1.5643,1.5745,1.4759,1.4011,1.3684,1.3545,1.3322,1.2692,1.1889,1.1944,1.1977,1.1159,1.0898,0.93344,0.66639,0.21893,0.621,1.1633,9.5691,8.373,4.4675,2.6249,5.9305,7.5699,7.5379,1.8956,1.9238,1.9122,1.9584,2.036,2.1077,2.1172,2.0731,1.9662,1.8561,1.862,1.8999,1.9224,1.9184,1.9389,1.911,1.8954,1.8465,1.8165,1.7949,1.7995,1.8155,1.8391,1.8614,1.8537,1.8707,1.8429,1.841,1.8547,1.8414
1.8774,1.8546,1.8521,1.8323,1.8529,1.8,1.7596,1.7044,1.6512,1.6134,1.647,1.607,1.5785,1.5524,1.5042,1.552,1.6114,1.5168,1.5164,1.5079,1.5362,1.4842,1.4827,1.5293,1.5789,1.6648,2.1242,1.6225,1.7831,2.3323,2.8674,3.6829,6.7477,5.1599,6.2736,1.8979,1.8784,1.8867,1.836,1.8502,1.8665,1.8643,1.9188,1.923,1.9147,1.9424,1.9423,1.9395,1.9476,1.9952,1.9845,1.9112,1.8572,1.8002,1.7188,1.6423,1.6191,1.7033,1.7477,1.8486,1.9874,1.9838,1.9405,1.9451,1.9814,1.9093
1.8737,1.8249,1.8458,1.793,1.8354,1.7861,1.7523,1.7617,1.8545,1.7035,1.6128,1.6442,1.73,1.4037,1.4319,1.6676,1.8061,1.7071,1.4989,1.8018,1.8894,1.8326,1.8885,1.8669,1.7683,1.6464,1.5956,1.6348,1.4126,1.7189,1.6075,2.2124,2.7674,3.7479,6.2416,1.8835,1.8774,1.8865,1.8997,1.905,1.8866,1.882,1.8735,1.8323,1.8208,1.8626,1.8607,1.9153,1.8904,1.9244,1.9035,1.9307,1.9249,1.9432,1.938,1.9065,1.8758,1.8658,1.8668,1.9057,1.8774,1.8143,1.818,1.7843,1.7358,1.7326
1.6481,1.6572,1.6557,1.6348,1.6649,1.6823,1.6813,1.6652,1.5428,1.5007,1.5712,1.4756,1.61,1.7912,1.7366,1.5119,1.6012,1.7007,1.6473,1.6981,1.4609,1.3163,1.3035,1.314,1.6121,1.6319,1.8358,1.82,1.7175,3.5431,3.2472,3.7919,3.027,5.7408,6.2721,1.8043,1.7356,1.8066,1.8375,1.8377,1.9088,1.9396,1.9116,1.9022,1.8536,1.844,1.8357,1.8633,1.8645,1.8895,1.8773,1.9035,1.8939,1.9339,1.9544,1.9539,1.9169,1.8955,1.8846,1.8448,1.8214,1.8078,1.7827,1.7662,1.7776,1.799
1.8468,1.8072,1.7285,1.7131,1.7685,1.7348,1.6789,1.6759,1.6714,1.7289,1.5426,1.5397,1.6256,1.5837,1.4916,1.4313,1.5099,1.2526,1.2005,1.4721,1.2547,1.2795,1.539,1.4026,1.3938,1.5116,1.9628,2.3428,2.6073,3.0925,3.8805,3.4494,3.3425,3.0344,6.9191,1.9369,1.8669,1.817,1.7753,1.761,1.7404,1.708,1.6759,1.6538,1.675,1.6694,1.6828,1.7041,1.7551,1.7932,1.7666,1.7117,1.6625,1.6117,1.6078,1.676,1.7166,1.6601,1.4946,1.5615,1.6799,1.5202,1.388,1.3825,1.5045,1.5662
1.475,1.4103,1.3995,1.5355,1.7151,1.8151,1.9493,2.0365,2.5006,2.3474,2.5006,3.0381,2.7666,3.7453,5.8839,3.8781,3.9872,4.126,3.7544,3.3602,3.2489,1.7864,3.0378,1.285,0.89547,1.0118,0.8869,0.92197,0.65629,0.58569,1.0194,1.3669,1.51,2.5621,6.2117,1.8365,1.8518,1.8974,1.9113,1.9014,1.9195,1.9311,1.9225,1.9237,1.8587,1.8505,1.8385,1.8113,1.8182,1.8179,1.8084,1.7989,1.8155,1.8369,1.8335,1.8392,1.8458,1.8349,1.8154,1.8089,1.7879,1.7585,1.731,1.6605,1.6397,1.6504
1.6821,1.6607,1.6987,1.7209,1.6988,1.6437,1.6122,1.5529,1.5485,1.4857,1.4815,1.4401,1.375,1.3327,1.3612,1.2427,1.2252,1.4616,1.7435,1.3192,1.1585,1.4945,1.5735,1.6192,1.4551,1.7345,2.3636,3.172,3.8486,4.0926,2.9595,2.7434,2.2772,2.6972,5.1328,1.8735,1.8924,1.8583,1.8392,1.8425,1.8138,1.8149,1.7688,1.7681,1.7621,1.7978,1.7957,1.7791,1.7778,1.8012,1.8246,1.8481,1.8229,1.8048,1.8072,1.7895,1.8208,1.8284,1.8427,1.8909,1.9073,1.8778,1.9174,1.9354,1.872,1.7683
1.7159,1.6752,1.6154,1.6042,1.5911,1.6096,1.5421,1.3971,1.4501,1.4955,1.4618,1.5313,1.4489,1.0799,1.148,1.213,1.1042,1.0954,1.0681,1.359,1.4224,1.2139,1.4648,1.8715,2.2073,3.1645,3.7246,3.6694,4.3244,4.3263,3.4575,3.8077,3.1658,2.834,3.4941,1.8818,1.9433,1.9126,1.9011,1.8554,1.8174,1.8005,1.7831,1.8225,1.8577,1.9018,1.8888,1.9158,1.8905,1.9053,1.8827,1.8859,1.9019,1.8759,1.8915,1.9117,1.9013,1.9038,1.882,1.9358,1.8829,1.8579,1.8247,1.7719,1.7862,1.7767
1.7985,1.8137,1.7726,1.7936,1.7836,1.7209,1.6692,1.6947,1.8084,1.6634,1.552,1.5688,1.5279,1.4571,1.4774,1.5198,1.3956,1.4335,1.4889,1.4321,1.4606,1.601,1.751,1.6755,1.9514,2.3677,2.677,2.9534,3.5143,3.6789,2.5801,3.5106,6.8005,5.2735,8.5687,1.8181,1.8213,1.8241,1.8341,1.8806,1.8834,1.9036,1.8951,1.9117,1.89,1.91,1.8972,1.8984,1.9076,1.9126,1.9125,1.9091,1.8936,1.8889,1.8801,1.8559,1.8447,1.8498,1.8808,1.9142,1.9132,1.9238,1.9254,1.9545,1.9528,1.9383
1.9276,1.8913,1.8163,1.7843,1.7838,1.7914,1.7461,1.7258,1.697,1.6408,1.5835,1.5409,1.5287,1.5137,1.5183,1.6364,1.704,1.7443,1.7312,1.7454,1.7369,1.6167,1.6744,1.6791,1.6725,2.0583,2.0035,1.7043,2.0415,2.658,2.4333,3.691,5.6257,5.5004,6.095,1.8775,1.8824,1.8666,1.8929,1.9077,1.9119,1.9063,1.8863,1.8694,1.8618,1.8538,1.8636,1.8736,1.8949,1.8805,1.8997,1.9216,1.9337,1.9402,1.9438,1.9643,2.0027,1.9909,1.9964,1.991,1.9404,1.8899,1.9215,1.9285,1.8552,1.7792
1.7017,1.6315,1.6099,1.5928,1.585,1.5677,1.6106,1.5894,1.4746,1.5083,1.5324,1.6014,1.5734,1.5854,1.5011,1.6086,1.649,1.7632,1.6816,1.6317,1.4991,1.3629,1.2591,1.2509,1.4018,1.4365,1.6445,2.2028,2.9648,2.3666,4.3841,5.6775,4.212,5.8938,6.4201,1.9014,1.8812,1.867,1.8729,1.8686,1.8744,1.888,1.8793,1.8558,1.8541,1.8252,1.8325,1.8302,1.8486,1.871,1.8815,1.8747,1.8604,1.8508,1.8176,1.8328,1.8616,1.904,1.902,1.8511,1.8665,1.9005,1.8712,1.8149,1.8199,1.8893
1.951,1.9377,1.8718,1.8691,1.8836,1.8907,1.8401,1.8018,1.8204,1.8383,1.7753,1.7152,1.7173,1.7284,1.6733,1.565,1.4756,1.4814,1.4658,1.4487,1.4135,1.3161,1.3124,1.301,1.1907,1.2679,0.88936,0.78755,0.83567,0.97111,1.553,3.1974,4.4072,6.3956,8.6325,1.8869,1.8616,1.8558,1.8536,1.858,1.8604,1.8551,1.8599,1.8372,1.8602,1.8588,1.8772,1.8616,1.8484,1.8427,1.8369,1.8352,1.8264,1.8327,1.8409,1.8316,1.8231,1.7993,1.7963,1.7951,1.7962,1.7829,1.7536,1.7517,1.7352,1.7396
1.7623,1.7843,1.8163,1.7806,1.7453,1.7304,1.7156,1.7269,1.716,1.6964,1.6579,1.6276,1.596,1.5605,1.4883,1.41,1.3871,1.4226,1.3775,1.342,1.3628,1.3496,1.3452,1.2884,1.3197,1.3707,1.4601,1.2189,1.0848,0.90228,0.85691,1.3232,1.9416,3.2424,22.486,1.7185,1.6873,1.5174,1.7098,2.9373,1.8007,1.6248,1.7512,1.9715,1.5102,2.163,2.1724,2.2316,2.4012,2.0961,2.2364,2.9355,2.8525,2.3754,1.8748,1.7937,1.8358,1.7425,2.2835,2.5155,1.6097,1.9632,2.0895,2.221,2.2359,2.1335
2.0694,2.4894,2.167,2.2346,2.2685,2.241,3.1045,2.5714,1.6086,1.2164,1.6483,1.4395,1.315,0.51138,0.91226,1.4201,1.8487,1.7163,1.8512,2.1953,2.0867,2.1458,2.3113,2.4617,2.7356,2.702,2.4923,2.3351,1.9734,1.7367,1.794,1.7208,1.424,6.32,6.5357,2.0146,1.993,1.9376,1.9147,1.901,1.8503,1.8077,1.8455,1.7411,1.7341,1.7496,1.7631,1.8285,1.86,1.8855,1.8643,1.8858,1.884,1.899,1.9186,1.9231,1.9264,1.9292,1.873,1.8079,1.7946,1.7932,1.7792,1.7176,1.703,1.7478
1.7936,1.7781,1.7477,1.7783,1.8222,1.8503,1.7768,1.743,1.7647,1.742,1.636,1.578,1.6184,1.5658,1.5114,1.4366,1.4604,1.4534,1.4756,1.4376,1.3711,1.3902,1.35,1.373,1.2717,1.0151,0.84617,0.76263,1.0955,1.3475,1.4347,2.709,4.1144,5.9461,12.573,9.0429,6.3673,2.0202,2.724,1.5599,3.1463,1.9312,1.5067,1.3517,0.85124,0.76564,0.68135,0.68544,0.55498,0.56579,0.71651,1.145,2.5619,4.0772,1.8719,1.8585,1.8501,1.8397,1.8427,1.8855,1.8635,1.8507,1.8668,1.8724,1.8256,1.8242
1.8502,1.804,1.8094,1.8061,1.8119,1.812,1.8584,1.8608,1.8346,1.8097,1.7919,1.7806,1.7648,1.7839,1.7194,1.7084,1.7378,1.7386,1.7087,1.638,1.6105,1.602,1.6185,1.5715,1.5746,1.5573,1.5445,1.5746,1.6046,1.6485,1.6128,1.6273,1.6324,1.6721,1.6918,1.6803,1.6075,1.5136,1.4324,1.4406,1.4371,1.3336,1.0599,1.005,0.91492,1.0493,0.78528,1.3316,1.7778,2.3318,4.2745,18.356,11.426,10.896,1.8094,1.8255,1.826,1.7805,1.8414,1.8593,1.7629,1.7776,1.824,1.7975,1.7761,1.7493
1.7997,1.7829,1.7349,1.7209,1.746,1.7463,1.7584,1.7219,1.6397,1.6549,1.7545,1.7732,1.7846,1.7651,1.8204,1.8017,1.706,1.5998,1.4975,1.4633,1.329,1.1793,0.95127,1.2979,1.5498,1.4728,1.4444,1.723,2.8512,4.6334,6.6688,10.948,7.0227,5.5589,2.9698,2.3577,2.8781,3.1027,1.4808,0.75503,0.90672,0.89093,0.50294,0.3317,0.41355,0.45955,0.4113,0.53191,0.82845,1.1859,1.4457,1.7512,2.9289,6.3047,1.7964,1.7953,1.7976,1.8009,1.7702,1.7732,1.7621,1.7222,1.7015,1.6765,1.6709,1.6975
1.743,1.7214,1.7092,1.7513,1.79,1.7212,1.6121,1.5664,1.5548,1.4881,1.4151,1.3606,1.3493,1.3358,1.3415,1.407,1.3406,1.3214,1.2704,1.1848,1.1298,1.2775,1.3025,1.2953,1.1629,3.0706,9.2181,10.799,3.5549,8.0476,7.7358,5.9353,2.3167,3.6194,2.6749,4.8492,2.9971,1.5751,1.312,1.1612,0.55522,0.36556,0.24438,0.55346,0.5464,0.80804,0.86466,0.76807,1.0421,1.4002,1.6136,1.7323,2.4359,4.962,1.8775,1.8682,1.8101,1.7876,1.7948,1.7954,1.7898,1.7746,1.8094,1.8326,1.8044,1.7752
1.7643,1.757,1.7283,1.7481,1.7357,1.6652,1.6269,1.5681,1.5639,1.5301,1.5087,1.5142,1.5127,1.515,1.4608,1.3802,1.3674,1.3454,1.3107,1.2672,1.3144,1.2684,1.1604,0.98974,0.77225,1.0925,1.4213,2.0194,2.2134,9.1725,8.3037,5.7121,5.8151,5.8015,3.8078,2.3547,2.2836,2.6813,3.0616,1.874,0.60992,0.41946,0.93694,0.88372,0.68543,0.75323,0.83654,0.6827,0.74215,0.91741,1.1263,1.9457,3.639,4.4731,1.8167,1.7682,1.7364,1.7418,1.7551,1.7811,1.8112,1.7696,1.8617,1.8736,1.8663,1.7954
1.7938,1.8103,1.834,1.8405,1.8098,1.8414,1.8699,1.8636,1.8641,1.8799,1.8887,1.8892,1.8857,1.8923,1.8721,1.8287,1.8097,1.7946,1.7822,1.7898,1.7513,1.7073,1.715,1.7393,1.7191,1.7026,1.6708,1.6867,1.6355,1.6328,1.6525,1.7794,1.8345,1.8043,1.1277,1.1906,0.94359,0.91493,0.83606,0.78418,0.86894,0.901,0.80255,0.59438,0.96127,1.0884,0.99052,1.125,4.0193,8.8922,7.2022,6.7998,6.8298,7.5946,1.9036,1.8518,1.8458,1.8555,1.8773,1.8745,1.9236,1.9261,1.8932,1.8681,1.8516,1.8504
1.8315,1.8464,1.8419,1.8035,1.8108,1.817,1.8163,1.8116,1.7924,1.7802,1.7621,1.7718,1.8076,1.8216,1.821,1.8324,1.8726,1.8739,1.8614,1.8077,1.7821,1.76,1.743,1.715,1.6937,1.6872,1.7125,1.6609,1.5738,1.5407,1.477,1.4206,1.2754,1.2188,1.2626,1.2417,1.1426,1.3266,1.4674,1.5153,1.4279,1.1887,1.1311,1.1894,1.396,1.6333,1.7184,2.1548,2.7808,3.8246,5.0608,5.2851,6.0291,7.076,1.6722,1.6497,1.7317,1.776,1.8157,1.8347,1.9105,1.8409,1.8283,1.844,1.8543,1.7976
1.7846,1.848,1.8683,1.8427,1.7992,1.8107,1.8147,1.8424,1.8816,1.8744,1.8509,1.8738,1.8643,1.8711,1.8316,1.8114,1.7818,1.7898,1.7979,1.7923,1.7975,1.7334,1.7069,1.651,1.6461,1.5962,1.6145,1.6214,1.5771,1.5438,1.5412,1.4702,1.449,1.3849,1.3614,1.3556,1.3516,1.355,1.2875,1.2275,1.2723,1.08,0.58022,0.44864,0.58017,0.88603,1.0403,1.483,3.1361,8.2384,7.7496,13.981,15.687,10.875,1.6616,1.728,1.8057,1.8404,1.8825,1.8813,1.8719,1.9573,1.919,1.8902,1.9032,1.9065
1.9536,1.9075,1.9075,1.9053,1.9058,1.9118,1.8903,1.9276,1.9051,1.8711,1.8366,1.8261,1.8437,1.814,1.8025,1.7802,1.7467,1.7177,1.7023,1.6656,1.6041,1.5896,1.5926,1.5634,1.547,1.6251,1.689,1.7324,1.7346,1.7388,1.7045,1.693,1.7415,1.7216,1.6523,1.5359,1.5195,1.4976,1.4723,1.3754,1.3036,1.3518,1.368,1.4225,1.2697,1.3734,1.2891,1.2829,1.4069,1.7087,2.0234,2.2399,5.0063,7.5525,1.9158,1.8211,1.8562,1.6973,1.7823,1.7704,1.8393,1.7607,1.6777,1.5587,1.6618,1.8116
1.8002,1.8175,1.8628,1.9695,1.9731,2.0246,1.9387,1.8596,1.9028,1.9588,2.0644,1.8143,1.7132,1.6335,1.6897,1.8076,1.8171,1.7977,1.9201,1.9496,1.8272,1.5618,1.6579,1.8975,1.8604,1.7708,1.7599,1.809,1.8882,1.7847,1.8177,1.6386,1.6423,1.5502,1.4348,1.428,1.3245,1.0322,1.2271,1.47,1.0584,1.004,0.83158,0.54644,0.47052,0.9147,1.1332,1.0452,1.5006,1.9648,2.8082,2.5848,2.7169,13.856,1.94,1.9364,1.9009,1.8654,1.8426,1.8177,1.8368,1.8616,1.8865,1.8674,1.8866,1.872
1.8685,1.8574,1.8492,1.9131,1.7543,1.6809,1.7481,1.8261,1.9082,1.9596,1.9879,1.9564,1.9212,2.4766,1.1902,0.73983,2.1227,1.557,3.6991,2.3038,2.0131,2.7418,1.5033,1.0249,1.6564,1.6732,1.5478,2.1182,2.9625,2.8678,3.2872,2.8852,1.8087,2.1788,1.758,1.7698,1.9756,2.1377,1.9817,1.6877,1.4891,1.6487,1.9996,2.1884,2.1078,2.0905,2.5122,2.3699,1.7036,1.6817,1.9451,2.2499,2.2882,25.918,17.672,5.1064,4.7342,2.9022,1.5994,1.8483,1.6077,1.3538,2.9948,3.333,2.5237,2.2469
1.9466,1.6924,2.0908,1.9498,1.6281,1.5397,1.4587,1.6836,1.8071,1.9251,2.0997,2.2417,2.1859,2.0572,1.7232,1.6583,2.1067,1.8282,1.5873,1.4847,2.0152,1.9192,1.7743,1.6688,1.6714,1.629,1.663,1.662,1.68,1.7091,1.7114,1.719,1.7058,1.6531,1.7601,1.7398,1.6777,1.5591,1.4448,1.4123,1.2218,1.121,1.0769,0.9507,0.74828,0.57138,0.50499,0.48285,1.4638,2.852,4.0977,5.2969,5.7097,1.8529,1.8822,1.8897,1.8966,1.9189,1.8488,1.7357,1.6602,1.7436,1.7318,1.714,1.662,1.6664
1.7822,1.8021,1.8695,1.8904,1.8659,1.975,2.0533,1.9711,1.7025,1.6443,1.7262,1.7531,1.7152,1.6742,1.6701,1.6988,1.8546,1.9845,1.9913,1.866,1.7737,1.625,1.6244,1.5574,1.3422,1.0935,1.1713,1.1028,0.77592,1.0094,1.4565,2.1388,3.2683,4.769,5.5033,5.1983,4.7594,3.6374,2.4499,1.4919,0.82798,0.73563,1.3065,1.7228,1.8949,2.064,2.0789,2.166,2.2356,2.3479,2.4105,3.7046,3.5837,1.6852,1.4864,1.3998,1.5788,1.6969,1.7636,1.7121,1.6846,1.9054,2.0025,2.0028,1.9299,2.0086
2.0852,1.994,1.879,1.7991,1.774,1.8236,1.9635,1.9694,1.9571,2.062,2.0333,1.9195,1.7562,1.7081,1.5677,1.4822,1.4895,1.5252,1.4909,1.3711,1.3111,1.3675,1.5359,1.8549,2.2442,2.4317,2.373,2.1976,2.0107,1.8749,1.8727,1.9228,1.9449,2.0158,2.081,2.0893,1.91,1.8284,1.8642,1.8281,1.7223,1.6037,1.5349,1.3944,1.2526,1.0988,1.123,0.88512,1.2464,1.9608,2.8716,3.4248,7.7995,2.1413,2.1646,2.2603,2.2125,2.069,1.8454,1.7666,1.7994,1.8533,1.8614,1.7451,1.8277,2.1678
2.3239,2.0044,1.8897,2.0066,2.053,1.758,1.602,1.4544,1.4832,1.2517,1.0813,1.0027,0.99396,1.1164,1.004,0.97222,1.0671,1.2096,1.052,0.85174,0.90088,0.98322,1.0518,0.95122,1.0017,1.1559,0.97838,0.9324,0.98473,1.0877,1.1194,1.6448,2.2816,3.3674,3.6905,5.6869,8.7216,8.7037,4.7388,1.0849,1.5287,2.0558,2.5221,2.2465,1.9075,1.573,1.534,1.4552,1.3831,1.625,2.511,3.7823,4.3456,1.9796,1.8862,1.8751,1.9455,1.9822,1.9583,1.9275,1.9255,1.8713,1.8925,1.8593,1.8339,1.7975
1.7761,1.7277,1.7119,1.6768,1.6518,1.6333,1.6494,1.6724,1.7091,1.7691,1.8227,1.832,1.8317,1.8693,1.8986,1.9108,1.9202,1.9225,1.9313,1.9042,1.8757,1.852,1.8472,1.8417,1.8401,1.796,1.777,1.7588,1.7309,1.716,1.7111,1.727,1.8098,1.8873,1.9554,1.889,1.8653,1.918,1.9886,2.0471,2.1065,2.0791,1.9925,1.9221,1.7796,1.7229,1.5538,1.3332,1.234,1.209,1.3198,4.6917,5.8185,1.9423,1.9346,1.9477,1.9724,2.0313,2.034,1.952,1.8952,1.909,1.9495,1.9151,1.8805,1.8636
1.907,1.8714,1.8678,1.8644,1.8257,1.77,1.7716,1.7778,1.6905,1.6699,1.8115,1.8328,1.7927,1.7708,1.869,2.1307,2.1445,2.0187,1.993,1.9833,1.8939,1.6145,1.6639,1.5324,1.4063,1.1225,1.0206,1.0917,1.1212,1.0873,1.2136,1.4188,1.7707,2.031,2.2445,2.3562,2.2559,2.1048,1.9129,1.6342,1.3451,1.1409,1.0405,0.88583,0.82249,0.8091,1.0992,1.9096,2.6373,3.2685,3.6306,5.4829,5.5642,1.7891,1.7892,1.8244,1.8156,1.7788,1.7588,1.783,1.8324,1.8547,1.8394,1.8592,1.9111,1.9162
1.8745,1.8147,1.7787,1.7501,1.7274,1.7405,1.8157,1.8488,1.7918,1.75,1.7782,1.7971,1.7677,1.7343,1.7332,1.6853,1.6378,1.6923,1.6943,1.6237,1.52,1.4556,1.4778,1.5409,1.5268,1.5735,1.735,1.8877,1.9729,1.9919,1.9798,1.9563,1.8207,1.6294,1.497,1.4353,1.551,1.5246,1.229,1.007,0.87573,1.4412,1.4167,2.518,3.8201,1.9132,3.2202,5.1017,3.4939,1.7579,3.5743,4.2338,6.422,1.8505,1.8573,1.8431,1.8251,1.8253,1.8472,1.858,1.8157,1.7781,1.8023,1.7855,1.7349,1.6749
1.6657,1.6842,1.6766,1.6448,1.6768,1.7228,1.7588,1.7493,1.764,1.757,1.732,1.7157,1.7278,1.7457,1.7011,1.6171,1.6031,1.7147,1.7799,1.8274,1.9126,2.0569,1.9777,1.8603,1.8061,1.9828,2.0734,1.7844,1.5066,1.7953,1.7789,1.6894,1.6876,1.868,2.0887,2.0143,1.7704,1.3032,1.2248,1.4589,2.1132,2.4574,2.7601,2.502,2.9113,2.1151,2.2922,2.1301,5.3192,1.8559,3.6494,5.1474,5.4022,1.9239,1.9044,1.8857,1.8762,1.8807,1.8966,1.9075,1.8944,1.9178,1.9574,1.937,1.8795,1.878
1.8329,1.7695,1.7328,1.758,1.7811,1.7083,1.6435,1.5889,1.5543,1.5143,1.5127,1.4853,1.467,1.4595,1.4709,1.4876,1.6012,1.6561,1.687,1.729,1.7557,1.7662,1.7551,1.6927,1.6545,1.7263,1.9123,1.947,2.0526,2.4026,2.5044,1.9888,1.716,2.0652,2.3491,1.9998,1.7663,1.4142,0.95897,0.86583,0.31484,1.2879,2.3024,4.2363,4.8678,3.1422,5.4144,4.355,4.5042,1.7673,2.5415,3.5893,4.7661,2.2124,2.2049,2.2018,2.193,2.129,2.066,2.0234,2.0144,1.9779,1.9573,1.8986,1.8618,1.8516
1.8478,1.8216,1.804,1.7676,1.7535,1.7267,1.6843,1.7146,1.7811,1.8294,1.8324,1.7435,1.5986,1.6231,1.723,1.7327,1.6225,1.5793,1.7767,1.8029,1.7206,1.5415,1.6086,1.6779,1.6324,1.459,1.3855,1.5008,1.5668,1.3591,1.3101,1.4762,1.6182,1.5205,1.4759,1.5181,1.5877,1.5193,1.2158,0.9701,1.0538,1.1997,1.2174,1.1831,1.3059,1.4845,1.9112,1.8607,2.8232,5.2251,4.8392,6.0509,7.4053,1.8609,1.8603,1.8581,1.8897,1.9191,1.9191,1.9157,1.9048,1.8917,1.8922,1.8521,1.8227,1.7958
1.7982,1.8202,1.8364,1.8585,1.8968,1.9199,1.9402,1.9114,1.8818,1.8659,1.825,1.7938,1.7766,1.7574,1.7712,1.8308,1.8572,1.8833,1.8882,1.9832,2.0497,2.0848,2.0176,2.0139,1.9851,1.9197,1.9953,2.0252,1.9218,1.7932,1.6191,1.5207,1.4378,1.3256,1.3504,1.4053,1.2265,1.1532,1.2693,1.1695,1.0199,1.1018,0.85228,0.32286,0.46919,0.97489,0.97951,1.1189,2.0476,2.7716,2.5353,5.6645,13.87,1.742,1.7365,1.7541,1.7874,1.8023,1.8053,1.7757,1.8302,1.9169,1.9359,1.9867,1.9375,1.8619
1.7612,1.6987,1.7193,1.7995,1.8657,1.9198,1.9394,1.9735,1.8955,1.8086,1.8626,2.1064,2.2541,2.454,2.5064,2.3689,2.3294,2.3084,2.3076,2.2502,2.3291,2.2411,2.1299,1.9982,1.9496,1.9779,1.7028,1.4813,1.3381,1.3587,1.2595,1.1002,0.94363,0.75757,0.63137,0.562,0.52837,0.48723,0.70511,0.75425,0.96817,1.2281,1.2903,1.2221,1.3284,1.9237,2.7731,2.0444,2.0028,2.3793,4.2512,6.3825,23.34,1.8748,1.9323,1.9265,1.936,1.8287,1.927,1.9171,1.9158,1.8998,1.8314,1.8837,1.9052,1.8876
1.8385,1.8006,1.8289,1.7998,1.7931,1.7911,1.7286,1.6781,1.6224,1.5674,1.5751,1.5417,1.551,1.4934,1.4281,1.4024,1.457,1.4745,1.4729,1.5562,1.6904,1.8275,1.7703,1.6866,1.6982,1.7379,1.6934,1.5046,1.4272,1.4848,1.4116,1.3392,1.4911,1.6342,1.8175,1.8386,1.7578,1.6283,1.3604,1.2626,1.0943,0.96302,1.1365,0.85244,0.4903,0.96131,1.6513,2.235,3.1329,2.2043,6.0058,18.705,21.627,2.4563,2.3611,2.3584,2.4477,2.5617,2.453,2.3213,2.3078,2.1778,2.241,2.3499,2.0919,1.8938
1.7124,1.2973,0.77699,0.57738,0.63899,0.61478,0.51417,1.3668,0.88635,1.092,1.3249,1.6897,1.8763,1.9119,1.7881,1.8561,1.7347,1.624,1.5293,1.4951,1.5641,1.5884,1.3874,1.3888,1.5856,1.755,1.6768,1.8374,1.9319,1.8865,1.6995,1.5701,1.6227,1.6099,1.5042,1.4152,1.4225,1.2983,1.3854,1.5709,1.7696,1.5661,1.3608,1.3963,1.19,0.80406,0.72981,1.1021,1.5875,3.9784,3.195,9.9873,19.362,1.9874,1.9146,1.8561,1.8073,1.803,1.8127,1.8332,1.8341,1.7965,1.7415,1.6811,1.6261,1.5517
1.4744,1.4001,1.4331,1.5169,1.6791,1.8542,1.9976,2.0947,2.1119,1.9839,1.8986,1.8288,1.7966,1.8058,1.774,1.6953,1.6486,1.6406,1.6289,1.6585,1.6617,1.6803,1.6982,1.7408,1.7414,1.8555,1.8362,1.8027,1.8611,1.9255,1.9486,1.7915,1.8009,1.8563,1.9302,1.8557,1.5541,1.2935,1.1332,0.81146,0.76643,0.74535,0.67454,0.93034,1.079,1.235,1.5347,1.7732,1.441,2.5253,6.1643,13.154,18.435,1.5827,1.394,1.4037,1.3769,1.44,1.4303,1.3919,1.4955,1.4876,1.5802,1.7078,1.7626,1.7377
1.7945,1.9918,2.1805,1.9502,1.8917,1.8157,1.7936,1.7529,1.7316,1.8424,1.8385,1.8089,1.7903,1.8531,1.8799,1.9113,1.9345,1.938,1.875,1.874,1.9052,1.8692,1.7982,1.8042,1.8084,1.6725,1.619,1.5816,1.5826,1.5519,1.505,1.4677,1.3628,1.3198,1.2703,1.15,1.0863,1.0419,0.8403,0.80378,0.62141,0.56331,0.39734,0.13976,0.34281,0.7931,1.1463,1.2433,1.4354,1.9838,3.0288,8.3087,24.349,2.0255,2.2609,2.235,1.9619,1.3344,1.7736,1.8398,1.6847,1.7407,1.7274,1.6774,1.9469,2.1336
2.3318,2.7602,2.5362,2.3322,2.0327,2.1499,1.5192,3.3119,2.4511,2.3668,2.2514,2.0808,2.1115,1.7115,1.0716,2.8897,3.7614,3.7458,0.68128,1.9333,4.5854,1.4447,1.8469,3.1274,1.2368,1.8948,2.6015,1.6401,1.5776,2.4529,1.7674,1.762,1.6855,1.8949,2.6842,2.4628,2.9533,1.9491,1.7223,2.0088,2.318,2.3144,2.1962,2.317,2.4088,2.0687,1.7872,2.0673,2.3241,2.6017,2.8354,2.7884,8.6915,1.9862,1.9878,1.9957,1.9683,1.9604,1.9774,1.9998,2.0294,2.0687,2.0106,2.0147,2.1589,2.1796
2.0956,1.961,1.9661,2.0149,1.9908,1.9,1.8738,1.9543,1.8848,1.7853,1.7562,1.8088,1.9205,1.7544,1.7333,1.8286,1.7102,1.5188,1.4507,1.4695,1.4799,1.3721,1.4012,1.3743,1.5409,1.5254,1.2645,1.4663,1.3694,1.401,1.4294,1.5099,1.4742,1.3761,1.224,1.1563,1.273,1.2634,1.1663,1.0119,0.897,1.0769,1.4322,1.1338,0.82785,0.93182,1.2579,1.454,1.1023,2.0976,2.4973,2.1025,13.715,1.912,2.0881,2.2454,2.2701,2.2433,2.2054,2.2002,2.1768,2.1498,2.2045,2.2492,2.2312,2.1942
2.1754,2.1386,2.0368,1.8927,1.7734,1.6933,1.6802,1.6386,1.6284,1.6091,1.6484,1.6881,1.6755,1.5687,1.5241,1.6365,1.4342,1.2721,1.2713,1.399,1.4786,1.3971,1.2317,1.2836,1.4255,1.5299,1.3199,1.5959,1.8542,1.9458,1.7813,1.598,1.8118,1.9803,1.9743,1.8557,1.9756,1.6291,1.4732,1.5657,1.5483,1.3473,1.1937,1.2266,1.1185,1.1011,1.3222,1.5673,1.5662,2.0952,4.6303,3.3634,9.1614,1.5956,1.6587,1.7722,1.9563,1.885,2.0131,2.2055,1.8502,1.7085,1.8806,2.1048,1.961,1.906
1.5505,1.5627,1.585,1.6033,1.6049,1.6165,1.8003,2.1289,2.1714,1.9948,1.8511,2.0244,2.057,1.628,1.7466,2.0199,2.1126,1.9303,1.4768,1.5768,2.3122,2.0778,1.5036,2.0739,1.745,2.0408,1.4524,1.843,2.2104,2.043,1.4868,2.5447,3.2139,3.2774,3.5144,3.2834,3.1664,3.5392,3.4256,3.6011,3.3483,3.4836,3.4879,2.2314,4.1489,1.7334,2.7222,2.9928,2.3594,3.9329,4.7077,7.6563,7.9708,2.162,2.1055,1.9627,1.9164,1.9473,1.9753,1.9437,1.8935,1.909,1.8982,1.9017,1.9063,1.9095
1.8935,1.9048,1.9715,1.9825,1.9706,1.9656,1.9773,2.0056,2.0534,2.1109,2.0915,2.0686,2.0349,1.9606,1.9236,1.8377,1.896,1.8283,1.7218,1.7802,1.8266,1.8054,1.6277,1.5446,1.4281,1.3895,1.2923,1.0441,0.99997,1.0296,1.1206,1.1806,1.138,1.2123,1.3084,1.3197,1.1509,1.1197,1.1596,1.2417,1.4749,1.8053,1.2131,1.1466,1.3352,1.6147,0.79877,0.33277,0.81862,1.6902,1.8111,4.338,15.623,0.92632,1.1873,1.6336,1.6057,1.7508,1.759,1.7617,1.7825,1.8138,1.8162,1.7942,1.8071,1.8436
1.8404,1.8182,1.8051,1.7797,1.7669,1.7213,1.7609,1.7987,1.786,1.7346,1.685,1.7368,1.7371,1.7171,1.642,1.5871,1.5661,1.56,1.4589,1.4012,1.4354,1.5415,1.4938,1.3844,1.3816,1.2054,0.95729,0.81531,0.77727,0.99629,1.4333,1.5211,1.42,2.1478,3.0154,3.2506,2.4306,2.324,2.5449,2.3482,2.0086,1.5451,1.8142,1.4785,1.0913,0.82447,1.2825,2.315,2.7212,3.0278,2.7536,11.686,12.88,1.5959,0.75605,1.4413,2.1501,2.0256,1.5002,0.8237,2.2822,1.5384,2.2799,2.1687,2.4993,2.1154
2.1942,1.8707,1.6793,1.5607,1.5609,1.4744,1.6401,1.5913,2.4823,2.3783,2.0109,1.6486,2.4831,3.48,1.6731,0.80291,1.9613,2.4824,2.3798,1.5065,2.0744,1.9796,3.3008,2.4145,1.1479,1.5525,2.1285,1.923,1.5676,1.3639,1.6488,2.0215,2.2507,2.4745,3.0916,1.8679,1.8252,1.9138,2.3187,2.2651,2.8459,2.4185,2.4629,2.2886,2.2255,2.2524,2.2198,1.9535,1.7821,1.7356,1.5859,1.5434,6.9382,1.919,1.8061,1.8836,1.8214,1.765,1.6536,1.603,1.5099,1.4312,1.4345,1.3982,1.4051,1.2802
1.2913,1.3607,1.3766,1.4119,1.4287,1.4303,1.4767,1.507,1.5116,1.5139,1.5217,1.5963,1.6485,1.6373,1.6497,1.6958,1.7359,1.735,1.8322,1.9136,2.0105,2.0403,2.0273,2.0494,2.0477,2.0716,2.1241,2.0718,1.8906,1.6251,1.405,1.1493,1.1175,1.2794,1.429,1.5013,1.3927,1.3168,1.3819,1.3568,1.1617,0.88299,0.85037,1.0011,0.77104,1.0095,1.0489,0.98917,1.2773,1.4643,4.1156,8.0662,14.409,1.6036,1.9375,2.5754,1.7759,1.2325,3.2028,2.7664,0.95726,1.3567,2.0299,2.1362,2.0114,1.3176
1.6829,2.3027,2.5895,2.6553,2.3811,1.9172,1.1851,1.0704,1.9247,2.2003,2.2593,2.5301,2.5479,2.6306,1.6956,2.1612,1.8413,1.2134,1.5546,2.209,2.2236,1.8616,1.5852,1.9266,1.8495,1.8324,1.7035,1.9443,2.391,3.6785,2.0527,2.5592,2.0846,2.3256,2.8057,4.2333,1.8861,1.995,2.3563,1.5817,1.7025,2.2807,2.4586,2.0647,2.5277,2.3621,2.0175,1.878,1.7796,2.2507,3.816,2.2147,8.5537,1.9591,1.9927,1.9505,1.8902,1.8363,1.7773,1.6817,1.5655,1.4826,1.4724,1.4576,1.4464,1.4676
1.473,1.5059,1.5289,1.561,1.597,1.664,1.7024,1.759,1.8284,1.8713,1.8625,1.8317,1.8608,1.8086,1.797,1.7976,1.8237,1.8536,1.8163,1.8394,1.8964,1.9057,1.9585,2.048,2.0915,2.0575,1.9803,1.9211,1.9897,2.0418,1.9663,1.7787,1.5261,1.4095,1.2164,1.1245,1.1257,0.90811,0.73172,1.2185,1.2655,1.1616,1.223,1.0642,1.0061,1.3692,1.2932,1.0754,0.95231,1.2999,18.5,11.65,22.81,2.1122,2.0799,1.51,1.8409,1.9108,1.4863,2.1302,1.8072,2.0605,1.6897,1.9618,2.1751,1.8619
1.6426,1.5572,1.4837,1.2825,1.3965,1.6734,1.6033,2.4045,2.1218,1.6535,2.4791,2.4501,1.262,2.054,2.5889,2.5627,4.0896,3.0481,1.9479,1.3167,2.2313,2.7822,1.3008,1.519,2.4387,2.4474,2.3645,1.3087,1.6178,2.6503,2.2004,1.5013,2.5371,2.0123,2.805,1.6589,1.5453,2.2824,2.1617,2.03,2.3435,1.9406,3.4798,1.1715,1.8709,1.3267,1.5206,2.237,2.4916,3.0914,2.8248,2.1972,11.697,1.8714,1.8637,1.8701,1.8951,1.9198,1.9568,1.9665,1.9008,1.949,1.9836,2.0275,2.0637,2.1236
2.1727,2.143,2.0971,2.0385,2.0116,2.0074,1.8972,1.7959,1.8462,1.9775,2.0929,2.2188,2.1985,2.1279,2.0029,1.881,1.8791,1.8769,1.6809,1.4848,1.3922,1.4133,1.4063,1.2989,1.4761,1.6279,1.7369,1.8703,2.0584,2.096,1.869,1.8741,1.9997,2.0534,1.9826,1.6963,1.6636,1.7088,1.7293,1.6539,1.2575,1.2135,1.3349,1.1409,1.017,1.3547,1.5646,0.94905,1.2973,1.3898,1.7556,4.7397,8.6665,6.9912,4.4216,4.0676,3.8567,3.9506,4.8258,3.7143,4.1863,3.293,3.0658,4.0132,1.6789,1.5372
1.4919,1.3054,1.0808,0.76313,0.65757,0.70211,0.60741,0.49484,0.52537,0.78003,0.94216,1.1295,1.2937,1.7493,2.8266,9.2652,1.8662,1.8836,1.8851,1.8938,1.8939,1.9201,1.9092,1.8367,1.8233,1.8119,1.791,1.8326,1.8201,1.8232,1.8546,1.911,1.9143,1.8916,1.8835,1.8536,1.9451,1.8856,1.9051,1.9155,1.9504,1.9102,1.9058,1.8049,1.6209,1.4984,1.4245,1.5062,1.4761,1.5664,1.6338,1.6504,1.6603,1.5846,1.6163,1.5492,1.4533,1.3968,1.4595,1.4739,1.5286,1.5923,1.7274,1.6766,1.3708,1.2761
1.5854,1.6212,1.5628,1.3851,1.2311,1.5211,1.3822,1.1487,1.1019,1.1802,1.4733,1.4371,1.3477,1.5138,9.8,11.671,1.9306,1.913,1.9253,1.9894,2.1082,2.1622,2.157,2.2336,2.3179,2.1982,2.0826,2.079,2.1733,2.1382,2.0057,1.9775,1.8593,1.7074,1.54,1.3904,1.3034,1.3517,1.3795,1.3947,1.361,1.3839,1.4226,1.5028,1.499,1.4085,1.3244,1.2881,1.2746,1.2393,1.2252,1.1471,1.045,1.3049,1.3349,1.1828,1.2888,1.441,1.4382,1.4316,1.484,1.5898,1.7986,1.9185,2.097,2.3444
2.2923,1.9557,1.3421,1.1628,1.3917,1.1714,0.97162,1.6324,2.8618,2.7003,2.5843,8.4157,7.6824,2.8893,3.4442,5.874,1.8114,1.9197,1.9247,1.8952,1.7975,1.932,1.8458,1.7601,1.6898,1.6897,1.6298,1.6792,1.843,1.7567,1.8103,1.6981,1.7091,1.7102,1.6754,1.6686,1.7042,1.5992,1.5926,1.6232,1.6722,1.7264,1.6463,1.6013,1.6877,1.7349,1.7163,1.616,1.5156,1.4256,1.4257,1.4157,1.3523,1.2521,1.2387,1.3272,1.3521,1.3267,1.4471,1.6732,1.8384,1.8663,1.8454,1.7745,1.7719,1.7022
1.6719,1.3481,1.1541,1.0143,0.84994,0.69939,0.58454,0.87158,1.3968,1.3994,1.3122,9.2449,5.2157,2.2669,5.9144,8.1208,1.8144,1.8162,1.8203,1.8431,1.8872,1.9065,1.9067,1.9129,1.9387,1.9302,1.9049,1.8764,1.8709,1.8709,1.8747,1.8901,1.874,1.8653,1.8447,1.828,1.8433,1.8527,1.8417,1.8571,1.9208,2.087,2.2386,2.4358,2.7014,3.2214,3.7128,3.6937,3.3449,2.6983,1.7521,1.1561,1.7191,2.542,2.3749,1.8412,1.4051,2.0828,2.5855,2.7023,2.4598,2.5162,2.3989,1.6726,1.3342,1.7893
2.0207,1.7525,1.3417,1.4175,1.6002,1.2415,0.75711,0.84558,1.0464,0.96279,1.1395,1.0672,1.2519,1.8667,3.8271,8.6795,2.1295,2.229,2.495,2.7047,2.8398,2.865,2.7904,2.6069,2.3911,2.2009,2.2923,2.3121,1.8646,1.7928,1.5792,1.4966,1.6812,1.9732,2.2458,2.35,2.1781,1.9582,1.8443,1.8434,1.9428,2.0493,1.9744,1.8044,1.6995,1.6847,1.6341,1.5576,1.3636,1.2384,1.1173,1.1826,1.1893,1.1434,1.0711,0.99687,1.0719,1.0956,1.0866,1.125,1.1884,1.4271,1.6016,1.7807,2.0652,2.234
2.4044,2.2463,1.8039,1.5908,1.5071,1.3035,1.3495,1.4981,1.4423,1.0448,1.0068,1.6035,5.4313,10.092,5.8946,1.7864,1.8019,1.8369,1.8281,1.8297,1.8096,1.7991,1.7935,1.784,1.7714,1.8528,1.884,1.8795,1.9092,1.9143,1.9074,1.8599,1.8377,1.8196,1.8201,1.8537,1.9345,2.0021,1.9257,1.764,1.6315,1.4847,1.4279,1.4329,1.5117,1.5671,1.6946,1.7307,1.7288,1.7974,1.785,1.7519,1.5345,1.3714,1.3084,1.6587,1.731,1.7833,1.675,1.6958,1.7844,1.7539,1.506,1.3578,1.2328,1.3748
1.3353,1.2915,0.91631,0.59992,0.53794,0.71785,0.96414,1.3238,1.2391,5.7044,7.7977,4.7712,3.3472,5.4901,1.7996,1.7193,1.7241,1.6805,1.6496,1.6336,1.702,1.7421,1.8152,1.8489,1.8943,1.9,1.8696,1.8308,1.7889,1.7837,1.8041,1.8836,1.9414,1.9356,1.9112,1.8578,1.793,1.7151,1.7533,1.7126,1.6272,1.6139,1.5801,1.6462,1.4928,1.5732,1.7678,1.7068,1.6541,1.537,1.5453,1.4277,1.3218,1.2241,1.3619,1.3362,1.2767,1.5451,1.2731,1.4009,1.4306,1.3096,1.334,1.4967,1.6354,1.5917
1.5359,1.3958,1.1934,1.1659,1.2107,1.5893,1.45,1.448,2.1602,2.3345,6.3024,11.883,6.0289,9.068,1.8,1.9872,2.1532,2.2422,2.1993,2.1019,2.0023,1.9018,1.7615,1.8024,1.709,1.7453,1.6287,1.6519,1.5749,1.7675,1.6758,1.5578,1.5403,1.5375,1.4662,1.3807,1.4415,1.4827,1.6124,1.8115,1.8287,1.6534,1.5409,1.4923,1.4506,1.4716,1.5236,1.599,1.6251,1.6158,1.5899,1.494,1.4235,1.3856,1.2957,1.1891,1.1808,1.2024,1.1793,1.2088,1.2291,1.317,1.4206,1.4429,1.4712,1.3213
1.1774,1.0715,1.085,1.103,0.96394,0.78827,1.1174,0.71991,2.2428,3.3388,13.889,5.6706,9.8916,12.491,1.5064,1.5221,1.5611,1.5803,1.6179,1.7289,1.7862,1.842,1.8246,1.8838,1.9119,1.8889,1.9238,1.7482,1.8446,1.7543,1.9975,2.1886,1.7051,1.6174,1.6669,1.6687,1.6474,1.6429,1.7262,1.7993,1.9064,2.0681,2.0524,1.9481,1.8383,1.8635,1.8452,1.7589,1.7745,1.6189,1.5617,1.3701,1.3622,1.5104,1.4978,1.3657,1.4446,1.6699,1.6474,1.5687,1.681,1.9502,1.7624,1.5856,1.5979,1.7972
