-0.5118,-0.012818,0.65004,1.854,1.8119,1.6086,1.9108,1.7432,1.3788,1.4374,1.6334,0.96957,0.2472,-0.14191,-0.30671,-0.44588,-0.58687,-0.4706,-0.24903,0.044862,0.38179,0.51271,0.23164,0.097049,-0.03296,-0.36348,-0.80569,-0.59969,-1.9108,-2.6258,-2.4271,-2.4006,-2.6844,-1.6434,-1.6205,-1.5729,-1.4814,-1.3569,-1.2699,-1.225,-1.1408,-1.073,-1.1481,-1.1774,-1.3047,-1.4484,-1.5235,-1.5262,-1.4759,-1.3971,-1.2955,-1.3367,-1.4127,-1.3752,-1.2589,-1.2278,-1.3239,-1.2561,-1.2671,-1.2763,-1.2241,-1.1527,-1.2351,-1.2873,-1.2754,-1.2131
-1.2241,-1.2305,-1.2278,-1.1921,-1.193,-1.2452,-1.2534,-1.2369,-1.1893,-1.149,-1.1875,-1.1527,-1.2085,-1.2415,-1.2873,-1.5253,-1.8778,-2.1003,-2.2266,-2.4061,-2.5828,-2.4647,-2.9884,-3.8279,-2.9225,-1.3752,-1.0657,0.75259,2.1104,1.8906,1.9593,2.2413,1.8394,-1.2452,-1.214,-1.1802,-1.1802,-1.2067,-1.1921,-1.1637,-1.1628,-1.1197,-1.0987,-1.0822,-1.0941,-1.0776,-1.0456,-1.0511,-1.0154,-0.98514,-0.95584,-0.95401,-0.94485,-0.94485,-0.94394,-0.89541,-0.84048,-0.80752,-0.81576,-0.79562,-0.75533,-0.74801,-0.70681,-0.66927,-0.68575,-0.683
-0.6473,-0.58779,-0.54842,-0.50996,-0.49165,-0.45137,-0.39277,-0.3415,-0.39827,-0.40925,-0.36439,-0.26734,-0.25269,-0.43306,-0.58046,-0.65096,-0.63631,-0.71871,-1.1408,-1.2772,-1.4502,-1.6947,-1.2305,-2.0618,-2.5269,-3.122,-1.5464,0.36988,1.1417,3.2914,5.5309,4.5796,3.7886,3.9122,-1.54,-1.6105,-1.6407,-1.6315,-1.6443,-1.5885,-1.5748,-1.5583,-1.5647,-1.5693,-1.5738,-1.5317,-1.4878,-1.4219,-1.3825,-1.2378,-1.2397,-1.3102,-1.2525,-1.1692,-1.1362,-1.1417,-1.0996,-1.0437,-0.88168,-0.87802,-0.85055,-0.84689,-0.69765,-0.60152,-0.55483,-0.4825
-0.51454,-0.4944,-0.41475,-0.31129,-0.24354,-0.29939,-0.29939,-0.18494,-0.15381,-0.30213,-0.31495,-0.30213,-0.35524,-0.40559,-0.39369,-0.33509,-0.31953,-0.32228,-0.27467,-0.31129,-0.38362,-0.48616,-0.31587,-0.3708,-0.44771,-0.55574,-1.2735,-1.7066,-1.3916,-0.095218,1.2424,1.128,1.7203,-1.7606,-1.7212,-1.6929,-1.6535,-1.6581,-1.6709,-1.6562,-1.6343,-1.6297,-1.6425,-1.6334,-1.6416,-1.6663,-1.6974,-1.6901,-1.6855,-1.6709,-1.6636,-1.6947,-1.6883,-1.6919,-1.6764,-1.648,-1.6187,-1.626,-1.626,-1.6288,-1.6141,-1.615,-1.6187,-1.6315,-1.637,-1.6178
-1.5894,-1.5702,-1.5262,-1.475,-1.4328,-1.4283,-1.4072,-1.3623,-1.3147,-1.2351,-1.2223,-1.2516,-1.1628,-1.095,-1.0163,-1.0172,-1.2799,-1.4081,-1.3614,-1.3358,-1.4905,-1.7927,-1.7917,-1.6919,-1.1994,-0.083316,0.77273,0.17121,-0.42848,-1.0474,-1.4933,-1.4493,-1.3193,-1.3614,-0.90091,-1.236,-1.2314,-1.1829,-1.1856,-1.1628,-1.1783,-1.2021,-1.2516,-1.2543,-1.2845,-1.2983,-1.2644,-1.2735,-1.3047,-1.3184,-1.5107,-1.6974,-1.6654,-1.7917,-2.1653,-2.3823,-2.4528,-2.0051,-1.9318,-2.3548,-2.6981,-2.1406,-2.0582,-1.6956,-1.6709,-1.637
-1.7936,-1.2818,-0.25544,1.0419,1.7478,1.399,0.93387,0.99796,0.84872,0.51637,0.18128,0.20417,0.31953,0.77822,1.5033,2.0417,2.44,2.6331,3.1678,3.0598,2.3951,1.6443,1.2012,0.83224,0.33509,0.23988,0.38087,0.39003,0.41841,0.4239,0.42116,0.27284,0.15931,0.20508,0.44038,0.2179,0.25178,-1.3038,-1.2241,-1.2204,-1.225,-1.2543,-1.247,-1.2479,-1.2836,-1.29,-1.2717,-1.2644,-1.3157,-1.4045,-1.5793,-1.7542,-1.8476,-1.9419,-2.0426,-2.103,-2.1543,-2.2541,-2.3365,-2.3942,-2.461,-2.4363,-2.4281,-2.4015,-2.3017,-2.2221
-2.1305,-2.0627,-2.0454,-2.0252,-2.0142,-2.0051,-2.0838,-2.0893,-2.2385,-2.1809,-1.9913,-1.6425,-1.1298,-0.54201,0.23896,1.0327,1.6352,1.6544,1.3843,0.63356,0.092471,-0.37904,-0.59694,-0.74801,-0.80294,-0.70498,-0.92837,-0.9888,-1.182,-1.1646,-0.618,1.529,2.7686,0.42756,-1.5052,-1.6919,-1.0016,0.033876,0.053102,0.034791,0.034791,0.043031,0.042116,0.023804,0.019227,0.013733,0.04944,0.037538,0.02472,0.027467,0.059511,0.052187,0.018311,0.028382,0.032044,0.021973,0.019227,0.048524,0.054933,0.010071,0.018311,0.047609,0.04944,0.03296,0.050356,0.064089
0.048524,0.059511,0.07416,0.065004,0.097964,0.13459,0.18311,0.16022,0.12085,0.11261,0.12818,0.093387,0.13642,0.15473,0.10437,0.10712,0.097964,0.20325,0.042116,-0.038453,0.077822,-0.079653,-0.036622,0.056764,0.13276,-0.078738,-0.4944,-0.50172,-0.49257,-0.072329,-0.43672,0.61251,1.5821,2.841,3.4498,5.7076,6.9958,-1.6041,-1.529,-1.4832,-1.615,-1.6224,-1.5125,-1.3569,-1.5033,-1.5207,-1.4539,-1.3468,-1.5436,-1.4924,-1.4447,-1.3541,-1.4832,-1.4356,-1.3321,-1.2763,-1.4676,-1.5381,-1.4585,-1.4145,-1.4988,-1.5583,-1.5455,-1.4283,-1.4035,-1.4484
-1.5445,-1.5308,-1.5116,-1.6105,-1.5958,-1.6471,-1.6865,-1.6526,-1.6681,-1.757,-1.8082,-1.8558,-1.9309,-2.3273,-2.808,-2.7338,-2.7686,-3.0689,-2.2156,-0.96774,-0.45228,-0.70772,-0.29756,0.66195,1.5427,2.0261,2.0939,1.5638,0.85696,0.26368,-0.17212,-0.10254,-0.042116,0.094302,0.59694,2.1378,3.7602,4.2738,-1.041,-1.0822,-1.03,-0.88076,-0.8066,-0.79928,-1.0831,-1.0309,-0.90365,-0.93112,-0.94302,-0.93844,-0.85604,-0.85421,-0.95035,-1.0446,-1.0135,-1.0593,-1.1518,-1.0749,-1.0794,-1.2397,-1.5638,-1.8101,-1.7725,-1.7414,-1.984,-1.9208
-1.8027,-1.4475,-1.3587,-0.97232,-0.40742,0.63082,1.258,1.1609,1.0959,0.74984,0.77273,0.77364,0.79562,0.76357,0.19318,-0.53011,-0.66469,-0.61708,-0.11536,-0.02472,0.65096,1.2488,1.4411,0.73244,0.36439,0.33235,-0.019227,0.2298,0.27924,0.22156,0.11078,-0.16663,-0.95767,-1.1463,-1.8448,-1.2662,-0.9595,-0.85147,-0.54842,-1.6572,-1.6535,-1.6453,-1.6352,-1.6178,-1.6214,-1.6526,-1.6617,-1.6654,-1.6617,-1.6791,-1.6764,-1.6993,-1.7084,-1.7002,-1.7011,-1.6901,-1.691,-1.6883,-1.6791,-1.6892,-1.6846,-1.6874,-1.6828,-1.6819,-1.6819,-1.6901
-1.6617,-1.6086,-1.5281,-1.4887,-1.4631,-1.5033,-1.4768,-1.3825,-1.2717,-1.2085,-1.214,-1.1362,-0.98697,-0.90274,-0.90182,-0.89908,-0.9595,-1.0419,-1.0172,-1.1243,-1.2589,-1.355,-1.5262,-1.6709,-1.7963,-1.9666,-2.0472,-2.1259,-2.1818,-2.0316,-1.9053,-1.9144,-2.1854,-2.3585,-2.6011,-2.4839,-1.551,-0.81118,-1.6608,-1.6572,-1.648,-1.6562,-1.6581,-1.6672,-1.6544,-1.6681,-1.6855,-1.6672,-1.6746,-1.6489,-1.6507,-1.6562,-1.6315,-1.6782,-1.7093,-1.6224,-1.5976,-1.54,-1.5976,-1.6196,-1.6178,-1.659,-1.6453,-1.6196,-1.5976,-1.6132
-1.6095,-1.5894,-1.5729,-1.5619,-1.5244,-1.5015,-1.4658,-1.4219,-1.3706,-1.2607,-1.1298,-0.99063,-0.65371,-0.43947,-0.24354,0.091556,-0.16572,-0.14466,-0.18677,-0.30305,-0.70772,-0.99063,-1.4356,-1.713,-2.1772,-2.6139,-2.927,-2.8858,-2.8657,-2.7915,-3.2759,-2.5892,-2.0957,-1.6095,-1.2891,-0.65371,0.36531,3.3601,-1.6855,-1.6608,-1.6306,-1.5986,-1.5894,-1.5702,-1.5912,-1.605,-1.6224,-1.6343,-1.6205,-1.6068,-1.5802,-1.5555,-1.5555,-1.5436,-1.5253,-1.5198,-1.5244,-1.5336,-1.5336,-1.5528,-1.5656,-1.6059,-1.6242,-1.6031,-1.5995,-1.5958
-1.6114,-1.6114,-1.5683,-1.5473,-1.5271,-1.5052,-1.4988,-1.4832,-1.474,-1.4594,-1.4466,-1.4393,-1.3816,-1.3147,-1.2735,-1.1966,-1.1829,-1.1069,-1.0208,-0.93661,-0.8533,-0.75991,-0.66286,-0.62441,-0.9064,-0.62349,-0.69674,-0.89724,-1.1921,-1.4072,-0.60701,1.3587,0.48982,-0.1236,-0.24537,0.080569,-0.23896,1.9602,-0.97324,-0.054933,0.44771,0.3534,0.24354,0.30671,0.20692,0.1648,0.19135,0.20325,0.30396,0.3296,0.28657,0.35249,0.54659,0.72878,0.88534,0.87893,0.79287,0.93387,1.0419,1.0529,1.2314,1.3678,1.2918,1.0758,0.67293,0.4651
0.39094,0.42024,0.38362,0.47792,0.45503,0.36164,0.45503,0.27375,0.14374,-0.00824,-0.025636,-0.026551,0.086062,0.1886,0.24995,0.2234,0.23347,0.068667,-0.045778,-0.09888,-0.15198,-0.2591,-0.37446,-0.56764,-0.64089,-0.72695,-0.82125,-0.93478,-1.0566,-1.2983,-1.1682,-1.2387,-1.3614,-1.5903,-1.6764,-1.7167,-1.9556,-1.3074,-1.4832,-2.3374,-1.7743,-1.7478,-1.7112,-1.691,-1.6892,-1.7121,-1.6947,-1.6736,-1.6544,-1.648,-1.6599,-1.6379,-1.6105,-1.6013,-1.6407,-1.67,-1.6636,-1.6654,-1.6288,-1.6334,-1.5702,-1.5775,-1.5867,-1.6214,-1.605,-1.5345
-1.5098,-1.4823,-1.4667,-1.4438,-1.4878,-1.5638,-1.6691,-1.7322,-1.7414,-1.7423,-1.7643,-1.6837,-1.5445,-1.5244,-1.6572,-1.7505,-1.5848,-1.4594,-1.3495,-1.2946,-1.3312,-1.3276,-1.4393,-1.5656,-1.4466,-1.4173,-1.3065,-1.2452,-1.2818,-1.2351,-1.139,-1.2598,-1.9337,-2.5892,-3.2402,-3.274,-2.3695,-1.9236,-1.1499,-0.92105,-0.44588,-0.31404,-0.38545,-0.35249,-0.39735,-0.4651,-0.47243,-0.44038,-0.47792,-0.53926,-0.58138,-0.58687,-0.57405,-0.69308,-0.74892,-0.67476,-0.79196,-0.92288,-1.052,-1.128,-1.1966,-1.0996,-1.1234,-0.95584,-1.1499,-1.1087
-0.81668,-1.7972,-2.5718,-2.0463,-1.5271,-1.5436,-1.8284,-1.7753,-1.4255,-1.8604,-1.2873,-1.0904,-1.2662,-1.6663,-2.1122,-2.1104,-1.8659,-1.9245,-1.9529,-1.8906,-1.8833,-1.8925,-1.7515,-1.6846,-1.6095,-1.7112,-1.9575,-2.114,-2.1717,-2.0655,-1.9977,-2.1671,-2.2092,-2.3466,-2.4308,-2.667,-2.7046,-2.6102,-1.908,-1.5748,-1.1435,-1.3532,-1.3797,-0.5594,-0.59328,-0.6711,-0.77273,-0.69124,-0.59969,-0.59694,-0.7004,-0.59877,-0.66286,-0.63814,-0.7828,-0.70315,-0.61983,-0.63814,-0.80294,-0.7242,-0.69857,-1.0181,-1.1417,-1.2415,-1.1985,-1.5262
-1.6553,-1.7267,-1.7661,-1.5949,-1.7945,-1.8403,-1.4173,-1.3092,-1.3541,-1.3953,-1.4484,-1.3486,-1.5455,-1.6681,-1.3468,-1.2983,-1.6407,-1.9694,-1.897,-1.9694,-1.8274,-1.7423,-1.5537,-1.8073,-1.8879,-1.9987,-1.7853,-1.6645,-1.5464,-1.7286,-1.789,-2.2349,-2.2184,-2.2193,-2.0756,-2.1754,-2.9289,-3.1834,-3.1184,-2.8437,-1.55,-0.37355,-0.21149,-1.5766,-1.5812,-1.6306,-1.7148,-1.7579,-1.7624,-1.7661,-1.7515,-1.7478,-1.7185,-1.7231,-1.735,-1.7286,-1.7075,-1.6938,-1.6709,-1.6746,-1.6388,-1.6242,-1.6068,-1.6196,-1.6123,-1.6013
-1.5857,-1.594,-1.5931,-1.5711,-1.539,-1.5162,-1.4676,-1.4475,-1.4219,-1.3779,-1.345,-1.3468,-1.4182,-1.4933,-1.5555,-1.5546,-1.5326,-1.5281,-1.5354,-1.5381,-1.4795,-1.4228,-1.366,-1.2781,-1.2232,-1.1673,-1.1829,-1.2397,-1.3367,-1.4274,-1.4933,-1.5052,-1.7167,-1.8403,-1.9254,-1.9098,-1.8046,-1.5473,-0.8771,-0.40101,-0.45869,-0.6473,-0.78372,0.3708,0.34333,0.32868,0.36805,0.42024,0.45503,0.43947,0.32044,0.19501,0.06592,0.12177,0.27192,0.45778,0.71413,0.95859,0.99521,0.86428,0.71688,0.6592,0.67751,0.86154,0.87161,0.97964
1.0978,0.84597,0.74435,0.70132,0.60976,0.45778,0.36988,0.32777,0.20692,0.16297,0.16755,0.18036,0.084231,0.0073244,0.027467,-0.0036622,-0.1117,-0.20692,-0.23072,-0.23988,-0.27924,-0.3534,-0.38636,-0.40834,-0.50264,-0.53652,-0.52187,-0.553,-0.54018,-0.71688,-0.71413,-0.75808,-0.84872,-0.80569,-0.89541,-0.91464,-1.0181,-1.1765,-1.3761,-1.4319,-1.4493,-2.6835,-1.4447,-1.3358,-1.7093,-1.7075,-1.6746,-1.6544,-1.6626,-1.6407,-1.5976,-1.6187,-1.6681,-1.6956,-1.7121,-1.6755,-1.6517,-1.6379,-1.6315,-1.5885,-1.6398,-1.6819,-1.7414,-1.7002,-1.6746,-1.6993
-1.7377,-1.7304,-1.7267,-1.7936,-1.8595,-1.8751,-1.843,-1.8329,-1.8137,-1.8018,-1.7789,-1.7982,-1.7936,-1.7725,-1.6874,-1.6288,-1.5986,-1.5372,-1.4658,-1.399,-1.3697,-1.4054,-1.4667,-1.5738,-1.626,-1.735,-1.659,-1.3788,-1.4658,-1.344,-1.4136,-1.3358,-0.95309,-0.75716,-1.1426,-1.5317,-1.6269,-2.7677,-2.6075,-2.0582,-2.0289,-2.1067,-2.0142,-1.5885,-1.5473,-1.54,-1.551,-1.5134,-1.5317,-1.4777,-1.41,-1.355,-1.3193,-1.2818,-1.2479,-1.0895,-1.0236,-0.98788,-0.98331,-0.95126,-0.97964,-1.0181,-0.95126,-0.68575,-0.63814,-0.57588
-0.62716,-0.8121,-1.1124,-1.6379,-2.3933,-2.6725,-1.6993,-0.65462,1.0044,1.6169,0.043031,0.14649,0.86337,1.1078,0.44404,0.17762,-0.22523,-0.27192,-0.40651,-0.6006,-0.88534,-0.91556,-0.98514,-0.93478,-0.75991,-0.47334,-0.24995,0.20966,0.72604,1.594,2.1955,2.4729,3.2237,3.4883,3.4288,3.372,2.9133,2.3612,1.7505,1.2333,0.75533,0.53468,0.4651,-1.1499,-1.1737,-1.1133,-1.139,-1.1399,-1.1005,-1.0227,-1.0858,-1.16,-1.2598,-1.6105,-2.2926,-2.9582,-3.0644,-3.4361,-3.1175,-2.2999,-1.3138,0.39003,1.5995,2.2852,0.99063,1.062
1.4393,0.87985,0.53468,0.059511,-0.086062,-0.26826,-0.37812,-0.24079,-0.36348,-0.39644,-0.18311,0.16114,0.59694,0.76998,0.77273,1.0154,1.3623,1.6352,1.7606,1.9208,1.7359,1.4237,1.1005,0.92471,0.67843,0.6711,0.6354,0.71596,0.70772,0.73428,0.69124,0.60335,0.45961,0.29664,0.10804,-0.086978,-0.3058,-0.4413,-0.56215,-0.59236,-0.52828,-0.3882,-0.39827,-1.702,-1.6114,-1.7222,-1.6434,-1.6617,-1.6361,-1.615,-1.5812,-1.5537,-1.5262,-1.5088,-1.4438,-1.3523,-1.3065,-1.3065,-1.333,-1.3523,-1.3825,-1.3834,-1.3706,-1.3514,-1.3779,-1.3999
-1.4292,-1.4484,-1.4521,-1.4585,-1.4493,-1.4594,-1.4887,-1.5253,-1.5546,-1.5537,-1.5528,-1.5409,-1.5253,-1.4969,-1.4557,-1.377,-1.3157,-1.2516,-1.2992,-1.3504,-1.3431,-1.3358,-1.3742,-1.4118,-1.4164,-1.3083,-1.1655,-1.1124,-1.0831,-0.99704,-0.7242,-0.45869,-0.33692,-0.42024,-0.69582,-1.0858,-0.83041,-0.39644,-0.52095,-0.84048,-0.64638,2.3273,-0.54292,-1.6123,-1.5931,-1.605,-1.6068,-1.6251,-1.6288,-1.6379,-1.6398,-1.6553,-1.6608,-1.6279,-1.6169,-1.5967,-1.5922,-1.6013,-1.6187,-1.6123,-1.6306,-1.6306,-1.6361,-1.6315,-1.6114,-1.6169
-1.6205,-1.6077,-1.5693,-1.5683,-1.5784,-1.5665,-1.572,-1.5409,-1.5372,-1.4905,-1.474,-1.4603,-1.4338,-1.3843,-1.333,-1.3257,-1.3312,-1.3239,-1.2918,-1.2928,-1.3779,-1.4347,-1.4154,-1.4109,-1.4054,-1.3715,-1.312,-1.1939,-1.1234,-1.0556,-1.0218,-1.0895,-1.1866,-1.5088,-1.941,-2.3365,-2.7577,-2.8437,-3.0662,-2.916,-2.5718,-1.8458,0.29939,-1.6242,-1.605,-1.5812,-1.572,-1.5702,-1.5674,-1.5693,-1.5693,-1.5848,-1.6077,-1.6022,-1.6086,-1.6068,-1.6178,-1.637,-1.6425,-1.6324,-1.6242,-1.6114,-1.605,-1.5931,-1.5949,-1.5894
-1.5812,-1.5738,-1.5528,-1.5253,-1.5043,-1.485,-1.4713,-1.4411,-1.4255,-1.409,-1.4109,-1.3971,-1.3907,-1.3916,-1.4283,-1.4209,-1.3907,-1.3678,-1.3193,-1.3285,-1.355,-1.3175,-1.2845,-1.2653,-1.2763,-1.3825,-1.2928,-1.0758,-0.98239,-0.90823,-1.0254,-0.89541,-0.4651,-0.39277,0.18036,-1.2708,0.28199,-2.7192,-3.6805,-1.1426,-0.56307,-1.5976,1.5271,-1.6663,-1.6562,-1.5665,-1.4484,-1.4182,-1.4292,-1.4548,-1.5949,-1.8101,-1.9739,-2.0124,-1.9181,-1.7844,-1.713,-1.8027,-1.9309,-1.93,-1.8815,-1.7679,-1.6398,-1.5555,-1.5162,-1.5262
-1.5656,-1.5976,-1.6141,-1.6105,-1.5986,-1.5491,-1.4951,-1.4658,-1.4466,-1.3962,-1.3569,-1.3202,-1.3202,-1.3797,-1.4209,-1.4768,-1.4704,-1.4274,-1.3559,-1.2946,-1.2937,-1.323,-1.1966,-1.0685,-0.97232,-0.94577,-0.98605,-0.83132,-0.52919,-0.17396,-0.74435,-0.94943,-0.52461,-3.0955,-5.0896,-6.874,-3.1367,0.80569,-0.42207,-0.11902,-1.4008,1.5052,-0.39644,-1.6086,-1.6004,-1.6022,-1.6169,-1.6224,-1.6297,-1.6334,-1.6654,-1.6572,-1.6443,-1.6242,-1.6041,-1.6123,-1.6068,-1.5958,-1.5894,-1.5802,-1.5748,-1.5656,-1.5729,-1.5638,-1.5656,-1.551
-1.5061,-1.4786,-1.4786,-1.4841,-1.5015,-1.5207,-1.5445,-1.626,-1.6581,-1.6361,-1.5949,-1.5299,-1.4576,-1.4356,-1.3971,-1.3706,-1.3376,-1.3486,-1.2616,-1.1353,-1.0511,-0.91739,-0.88351,-0.87436,-0.89816,-0.88534,-0.7297,-0.56307,-0.31587,0.0036622,-0.23804,-0.54018,-2.2514,-1.5683,-1.5473,-1.6068,-1.6572,-1.6965,-1.6324,-1.5702,-1.5528,-1.5464,-1.5427,-1.5226,-1.4878,-1.4667,-1.5125,-1.5574,-1.6068,-1.6553,-1.6773,-1.7057,-1.6837,-1.6883,-1.6709,-1.6388,-1.616,-1.6086,-1.5738,-1.5271,-1.4905,-1.4878,-1.4905,-1.4832,-1.4585,-1.4081
-1.3559,-1.3083,-1.2845,-1.2653,-1.1829,-1.1307,-1.0611,-0.95218,-0.89175,-0.86886,-0.84964,-0.88443,-0.88534,-0.87802,-0.91556,-1.0236,-1.0666,-1.0904,-0.96866,-1.442,-1.6462,-2.2623,-3.1559,-4.456,-4.25,-2.4574,-1.7661,2.1799,2.0957,-4.1813,-1.3724,-1.1609,1.4594,4.7517,1.9987,2.9124,1.4603,2.6981,1.4676,1.1179,-0.11078,-0.23438,-0.022889,0.15564,-1.7862,-1.7945,-1.7689,-1.735,-1.6828,-1.6663,-1.6398,-1.6196,-1.6068,-1.6169,-1.6352,-1.6297,-1.6315,-1.6361,-1.6489,-1.6544,-1.6453,-1.6416,-1.6141,-1.6013,-1.5812,-1.572
-1.5574,-1.551,-1.5152,-1.5006,-1.4869,-1.4585,-1.4209,-1.3742,-1.3614,-1.3907,-1.4274,-1.4731,-1.4173,-1.3688,-1.3056,-1.2671,-1.2516,-1.2616,-1.2662,-1.2415,-1.1664,-1.1426,-1.0318,-1.0392,-1.0126,-1.0309,-1.0547,-0.98697,-1.2873,-1.5583,-1.3706,-0.49898,-1.442,-1.9776,-2.1113,-3.2118,-2.7522,-2.3722,-1.9108,0.12452,-0.38362,-3.4498,-0.42848,-2.3557,-1.8146,-1.8824,-1.8622,-1.7826,-1.691,-1.6434,-1.6288,-1.6636,-1.67,-1.6562,-1.6379,-1.6214,-1.6141,-1.6077,-1.594,-1.5876,-1.5922,-1.5986,-1.5986,-1.5967,-1.572,-1.5574
-1.5299,-1.4942,-1.5217,-1.5134,-1.529,-1.5299,-1.5189,-1.4951,-1.4695,-1.4338,-1.4283,-1.4191,-1.4283,-1.4136,-1.3807,-1.3532,-1.312,-1.2268,-1.1023,-0.97507,-0.91739,-0.88809,-0.85513,-0.83407,-0.84872,-0.98605,-1.1527,-1.236,-1.2717,-1.3981,-1.5088,-1.3852,-1.2525,-1.3733,-2.5462,-1.6105,-2.1772,-2.6661,-1.7789,0.51912,-2.234,8.3984,0.57222,0.12818,-0.4294,-1.7158,-1.5152,-1.4832,-1.5967,-1.8046,-1.9208,-1.9675,-2.0115,-2.0005,-1.9437,-1.8952,-1.724,-1.6892,-1.6984,-1.7899,-1.8082,-1.7954,-1.7441,-1.6599,-1.6114,-1.551
-1.5143,-1.5244,-1.5052,-1.4667,-1.3651,-1.2964,-1.2735,-1.1838,-1.1234,-1.041,-0.97415,-0.92471,-0.8652,-0.80203,-0.71505,-0.6766,-0.64638,-0.57222,-0.52095,-0.45961,-0.40834,-0.36622,-0.33326,-0.29572,-0.30213,-0.25178,-0.25178,-0.20783,-0.15564,-0.10071,-0.036622,-0.012818,0.023804,-0.022889,-0.015564,-0.077822,-0.11719,-0.11536,-0.11536,-0.45869,-1.127,-1.6507,-2.1543,-3.1339,-7.6687,0.18494,0.096133,0.14649,0.067751,0.073244,0.20234,0.1117,0.033876,0.063173,0.13459,0.2298,0.24262,0.10804,0.031129,-0.18677,-0.12268,0.023804,0.0045778,0.046693,0.45228,0.37812
0.13642,-0.0036622,0.012818,0.15656,0.15107,0.12177,0.056764,0.069582,0.037538,-0.017396,0.0064089,0.00824,0.07416,0.0824,0.19776,0.13733,0.14832,0.12268,0.14008,0.13276,0.09888,0.038453,-0.018311,-0.18494,-0.13092,-0.1117,-0.097964,-0.15564,-0.70956,-3.8527,10.934,-1.1802,-7.698,-2.9225,-3.6082,-3.3555,-2.8465,-1.8192,-1.5976,-0.14557,-0.011902,1.0648,1.4466,2.3338,1.876,0.14649,0.14283,0.18036,0.16663,0.15931,0.1648,0.15015,0.1474,0.1474,0.141,0.16297,0.15748,0.13733,0.14466,0.14924,0.13092,0.12909,0.14008,0.13367,0.14466,0.12177
0.15381,0.13001,0.1117,0.10163,0.091556,0.07416,0.060427,0.0412,0.043031,0.000916,-0.029298,-0.025636,-0.03296,-0.040284,-0.095218,-0.14374,-0.17762,-0.10804,-0.11261,-0.26002,-0.36897,-0.27009,-0.17396,-0.69948,-1.6114,-1.6819,-1.973,-2.4317,-2.8721,-3.784,-3.7574,-6.7742,-8.8882,-10.295,-6.1983,-2.3997,2.1863,0.29572,-4.0632,-2.1726,-0.60427,-0.4532,1.6361,4.0202,3.2878,0.37446,-0.056764,0.11353,0.12909,-0.046693,-0.23438,-0.12543,-0.25086,0.11994,-0.1355,-0.12635,0.067751,0.2179,0.38453,-0.044862,1.5546,-0.86062,0.44862,-0.22065,-0.2591,0.18036
-0.0091556,-0.17579,-0.20692,0.060427,0.0036622,0.23347,0.26734,0.099796,0.28748,0.32228,0.33784,0.2472,0.22248,0.24079,0.24812,0.031129,0.1529,0.25727,0.063173,0.12543,0.26368,0.17945,0.072329,0.080569,-0.27833,-0.77181,-1.2561,-1.6626,-2.19,-1.4576,-0.27375,-0.40468,-1.0611,-1.6178,-1.8641,-1.8641,-1.8961,-0.91556,-0.98056,-0.85971,-0.31037,0.042116,1.1206,-0.41658,0.010071,0.99612,-1.2745,-1.3376,-1.42,-1.6956,-1.4658,-1.3889,-1.4109,-1.5995,-1.4035,-1.4072,-1.7048,-1.7853,-1.9959,-1.9758,-1.7982,-1.3926,-1.583,-1.5802,-1.3028,-1.507
-1.9391,-1.8467,-1.8311,-1.9291,-2.1259,-1.615,-1.5949,-2.038,-2.0985,-2.363,-2.2102,-2.157,-2.5883,-2.0289,-2.1891,-2.1561,-1.7231,-1.2058,-1.1701,-0.7709,-0.6473,0.21699,0.5118,-0.71688,-0.2234,0.040284,0.086062,-0.39094,-1.507,-2.1378,-2.4848,-2.8291,-2.8547,-2.8803,-2.4033,-2.2092,-1.9868,-1.6059,-1.1975,-0.98972,-0.011902,0.10437,-0.30763,0.21607,0.44862,-0.34425,-0.86428,-1.6279,-1.6288,-1.6187,-1.6077,-1.6279,-1.6526,-1.6388,-1.605,-1.594,-1.5482,-1.4896,-1.5345,-1.4942,-1.6361,-1.8155,-1.9007,-2.0206,-2.2047,-2.4226
-2.3896,-2.3585,-2.2623,-2.0829,-1.8851,-1.6718,-1.5748,-1.4823,-1.3102,-1.1206,-0.97598,-0.85055,-0.6711,-0.56398,-0.55483,-0.56764,-0.54842,-0.50905,-0.5356,-0.57863,-0.53285,-0.46968,-0.41841,-0.40559,-0.37721,-0.30122,-0.27467,-0.25178,-0.20051,-0.17212,-0.12177,-0.13642,-0.015564,-0.086062,-0.54109,-1.0529,-1.3019,-0.86428,-0.79836,-1.1975,-0.8359,-0.63265,-0.30396,0.41749,1.1994,2.0399,3.7025,-1.7103,-1.7304,-1.6974,-1.6572,-1.6517,-1.6343,-1.6187,-1.6077,-1.5894,-1.5592,-1.5308,-1.5134,-1.5271,-1.5354,-1.5519,-1.5619,-1.5738,-1.5784,-1.5702
-1.605,-1.6132,-1.6169,-1.6132,-1.6068,-1.5922,-1.5766,-1.5894,-1.5729,-1.5326,-1.4127,-1.3083,-1.2278,-1.2049,-1.2149,-1.2278,-1.214,-1.1884,-1.1765,-1.1948,-1.2397,-1.3266,-1.3349,-1.2397,-1.2342,-1.2781,-1.3816,-1.4548,-1.5922,-1.8293,-2.2294,-2.7485,-2.6322,-2.6231,-2.2843,-0.94028,0.21882,-0.24995,-1.5885,-2.6011,-3.1001,-3.1806,-1.8741,-0.28291,0.10895,0.28565,0.71688,-2.0417,-2.1104,-2.1332,-2.1406,-2.1424,-2.1177,-2.0801,-2.06,-1.9959,-1.9007,-1.6718,-1.5821,-1.4539,-1.279,-1.1728,-1.062,-1.0227,-0.89816,-0.78372
-0.7178,-0.66012,-0.69765,-0.7004,-0.70315,-0.71963,-0.70132,-0.69216,-0.73061,-0.62624,-0.53926,-0.52278,-0.5356,-0.50539,-0.45412,-0.43306,-0.44404,-0.4532,-0.45045,-0.50722,-0.54476,-0.56032,-0.5475,-0.55574,-0.49165,-0.48799,-0.45961,-0.49623,-0.45778,-0.44221,-0.46419,-0.54201,-0.76083,-0.79379,-1.0666,-1.1966,-1.008,-0.95584,-1.3605,-1.5125,-1.7139,-1.5107,-0.010987,-0.10804,0.071413,0.87252,0.8771,-0.05768,0.064089,0.32228,0.48982,0.64364,0.72054,0.66378,0.52553,0.412,0.4413,0.46419,0.43306,0.36531,0.50264,0.44679,0.22797,0.086978,0.060427,0.17212
0.4651,0.66652,0.7654,0.7004,0.57039,0.61159,0.53652,0.22523,-0.17121,-0.31312,-0.28565,0.042116,0.25819,0.553,0.58779,0.553,0.41292,0.34791,0.25636,0.13459,0.044862,-0.035707,-0.17579,-0.11444,-0.09888,-0.24903,-0.37996,-0.53285,-0.61251,-0.72329,-0.82949,-0.84597,-0.94119,-0.92196,-0.90091,-0.91464,-1.0044,-0.85971,-0.75625,-0.88626,-1.0108,-1.0556,-1.1014,-0.79196,-0.50447,-0.34791,0.032044,-1.0501,-0.82675,-0.76632,-0.70772,-0.63814,-0.60793,-0.58596,-0.59694,-0.61251,-0.68117,-0.71963,-0.70498,-0.6766,-0.6885,-0.68758,-0.62899,-0.57405,-0.56032,-0.57955
-0.56215,-0.55849,-0.59786,-0.59053,-0.5594,-0.56124,-0.553,-0.5182,-0.46419,-0.45778,-0.44862,-0.44221,-0.39735,-0.39003,-0.40284,-0.44221,-0.5063,-0.50722,-0.38087,-0.33692,-0.25819,-0.12635,-0.078738,-0.10254,-0.1062,-0.12818,-0.12177,-0.15839,-0.32777,-0.39552,-0.53194,-0.45778,-0.62807,-0.80294,-0.7123,-0.73702,-0.7709,-0.80294,-0.84872,-1.1884,-1.3459,-1.0712,-0.65188,-0.50905,0.55116,1.0923,1.0849,1.5336,2.0701,0.33509,0.31678,0.25086,0.25178,0.19227,0.141,0.054933,0.11078,0.089724,0.10712,0.099796,0.1767,0.21058,0.09888,0.12177,0.26185,0.25361
-0.080569,-0.36531,-0.58779,-0.77364,-0.95126,-1.0556,-1.1893,-1.1545,-1.0694,-0.84048,-0.50539,-0.44862,-0.44404,-0.37355,-0.38179,-0.44679,-0.26368,0.089724,0.40101,0.56764,0.55025,0.50813,0.32868,0.076907,-0.15381,-0.271,-0.27192,-0.20875,-0.30122,-0.37446,-0.42756,-0.50172,-0.49532,-0.72237,-0.78463,-0.74801,-0.8533,-0.79196,-0.80935,-0.87436,-0.96774,-1.0923,-1.2424,-1.2735,-1.2186,-1.0913,-0.57405,-0.94119,-2.9188,0.17945,0.13642,0.11353,0.097049,0.10071,0.10071,0.056764,-0.012818,-0.0054933,0.010987,0.032044,0.040284,-0.00824,-0.027467,-0.043031,-0.043947,-0.087893
-0.059511,-0.023804,0.033876,-0.029298,-0.03296,0.075991,0.085147,0.034791,0.0064089,-0.0045778,-0.078738,-0.14924,-0.15748,-0.060427,-0.030213,-0.066836,-0.072329,-0.0412,-0.047609,-0.099796,-0.094302,-0.037538,0.029298,0.046693,-0.021973,-0.018311,-0.085147,-0.10987,-0.13825,-0.25636,-0.31678,-0.32319,-0.39735,-0.44221,-0.55208,-0.70864,-0.65371,-0.69308,-0.78097,-1.1811,-0.9595,-0.032044,0.4001,1.4255,1.7441,2.0948,2.1735,2.1699,2.2266,-0.4239,-0.42024,-0.46419,-0.39735,-0.34791,-0.26826,-0.19318,-0.19318,-0.19227,-0.15107,-0.095218,-0.091556,-0.10346,-0.10163,-0.1236,-0.16205,-0.14832
-0.14557,-0.141,-0.1474,-0.14466,-0.13459,-0.16114,-0.17945,-0.18403,-0.13733,-0.10437,-0.13367,-0.14832,-0.13733,-0.1355,-0.13916,-0.11536,-0.086062,-0.086062,-0.056764,-0.026551,-0.0091556,0.012818,0.015564,0.031129,-0.010987,-0.01648,-0.17945,-0.5887,-0.34883,-0.094302,-0.10804,-0.29206,-0.58412,-0.69399,-0.49806,-0.34425,-0.62441,-0.40925,-0.43397,-0.26734,0.14374,-0.10987,-0.84506,-0.41658,0.6418,0.7828,0.82583,1.6343,2.5654,-0.19959,-0.22431,-0.14557,-0.11994,-0.141,-0.24445,-0.2646,-0.15931,-0.14008,-0.21607,-0.22523,-0.23255,-0.271,-0.34333,-0.37538,-0.30671,-0.30763
-0.34242,-0.31587,-0.35981,-0.43855,-0.41658,-0.36805,-0.35615,-0.37355,-0.3708,-0.40468,-0.3827,-0.30213,-0.35066,-0.41841,-0.48982,-0.5182,-0.46968,-0.4532,-0.39735,-0.3882,-0.38636,-0.45686,-0.50356,-0.50264,-0.49532,-0.49989,-0.52461,-0.61892,-0.61434,-0.54109,-0.47243,-0.5594,-0.67751,-0.70864,-0.69033,-0.824,-1.0025,-1.0877,-0.683,-0.034791,-0.51546,-0.65645,-0.58412,-0.13825,0.36714,0.34883,0.37263,1.0895,1.9245,-1.8165,-1.7679,-1.7158,-1.6645,-1.5976,-1.4896,-1.4072,-1.4493,-1.5052,-1.6205,-1.6736,-1.7112,-1.6507,-1.6315,-1.6425,-1.6956,-1.7212
-1.7661,-1.8036,-1.8311,-1.8375,-1.7917,-1.7524,-1.7093,-1.6709,-1.6251,-1.5986,-1.5629,-1.5336,-1.5253,-1.5162,-1.5226,-1.5198,-1.518,-1.5464,-1.5491,-1.5702,-1.5903,-1.5748,-1.5647,-1.572,-1.5601,-1.5555,-1.5015,-1.5665,-1.6425,-1.6819,-1.6883,-1.7414,-1.7267,-1.7386,-1.6892,-1.5326,-1.2122,-1.0895,-0.9714,-0.83682,-0.74435,-0.55391,-0.17853,0.54659,0.1767,1.0804,-2.7833,-4.8488,-8.468,-8.9322,-0.38728,-0.34516,-0.31587,-0.31495,-0.28199,-0.26826,-0.2179,-0.24812,-0.22706,-0.22248,-0.23621,-0.23072,-0.2765,-0.36256,-0.34608,-0.29481
-0.30854,-0.30763,-0.29847,-0.31587,-0.29664,-0.26093,-0.2591,-0.26734,-0.25086,-0.20508,-0.19868,-0.20875,-0.24262,-0.26551,-0.26551,-0.21332,-0.1822,-0.13825,-0.09888,-0.11078,-0.11536,-0.053102,0.028382,0.039369,0.047609,0.09888,0.15839,0.15656,0.051271,-0.10437,-0.073244,-0.067751,-0.26551,-0.60518,-0.65004,-0.74068,-0.8121,-0.8652,-0.86245,-0.70589,-0.85055,-0.90091,-0.69216,-0.086978,0.38087,0.99979,1.6526,1.8201,1.6233,1.4924,-0.38728,-0.36439,-0.35066,-0.34059,-0.36073,-0.33967,-0.31495,-0.30488,-0.3003,-0.30763,-0.32777,-0.35432,-0.35249,-0.34059,-0.31037,-0.32228
-0.30396,-0.271,-0.29481,-0.26551,-0.23713,-0.26643,-0.27375,-0.29664,-0.31312,-0.28474,-0.21699,-0.24354,-0.28199,-0.23347,-0.18586,-0.081484,-0.13092,-0.17579,-0.18128,-0.12085,-0.1474,-0.20692,-0.29298,-0.26826,-0.19044,-0.1822,-0.26185,-0.27741,-0.28932,-0.41566,-0.59145,-0.5942,-0.49989,-0.53011,-0.47517,-0.63265,-0.76266,-0.83224,-0.77731,-0.64913,-0.66103,-0.65279,-0.82675,-1.1335,-0.59877,-0.034791,0.22156,0.68758,0.82583,0.52278,-0.73794,-0.63906,-0.65004,-0.57772,-0.55849,-0.52187,-0.47243,-0.4358,-0.44496,-0.41108,-0.43855,-0.49623,-0.52278,-0.4944,-0.46968,-0.39552
-0.36988,-0.29756,-0.26002,-0.26826,-0.27924,-0.206,-0.15564,-0.18036,-0.21699,-0.22706,-0.1886,-0.20325,-0.22156,-0.22156,-0.15656,-0.21424,-0.15839,-0.1474,-0.087893,0.025636,-0.053102,-0.1117,-0.04944,0.040284,-0.039369,-0.22248,-0.40559,-0.45961,-0.48158,-0.58779,-0.68575,-0.65004,-0.70681,-0.61525,-0.69124,-0.79379,-0.88168,-0.79562,-0.65554,-0.5356,-0.13184,0.56124,1.0309,1.4731,1.5436,1.3312,1.4374,-0.12909,-0.1767,-0.19044,-0.13459,-0.16846,-0.15656,-0.086062,-0.1117,-0.099796,-0.043031,-0.070498,-0.086062,-0.039369,-0.029298,-0.00824,-0.018311,-0.055849,-0.086062,-0.069582
-0.055849,-0.1117,-0.11994,-0.10254,-0.05768,-0.02472,-0.065004,-0.1062,-0.095218,-0.0045778,0.0027467,-0.043031,-0.079653,0.012818,0.018311,-0.027467,-0.078738,-0.087893,-0.010071,-0.071413,-0.20142,-0.13276,-0.085147,-0.09888,-0.16114,-0.12543,-0.042116,-0.077822,-0.35157,-0.053102,-0.21332,-0.35432,-0.66195,-0.62532,-0.74252,-0.73977,-0.78097,-0.68941,-0.8478,-1.1023,-1.4035,-1.2928,-0.078738,0.26185,-0.1355,0.92013,2.7219,-0.93387,-0.88809,-0.8359,-0.77914,-0.67476,-0.68941,-0.61708,-0.65554,-0.77273,-0.80111,-0.83682,-0.89358,-0.82217,-0.66103,-0.49989,-0.3882,-0.36256,-0.40193,-0.43672
-0.5182,-0.44679,-0.43214,-0.42482,-0.37355,-0.33143,-0.31953,-0.31861,-0.28016,-0.25727,-0.22065,-0.22156,-0.14557,-0.12543,-0.1886,-0.27284,-0.13367,-0.078738,-0.13459,-0.11261,-0.035707,-0.035707,-0.088809,-0.14832,-0.077822,-0.042116,-0.033876,-0.23438,-0.37263,-0.3589,-0.45045,-0.67843,-0.72695,-0.8121,-0.88809,-1.0602,-1.225,-1.1032,-1.3221,-0.89541,-0.12543,0.57405,1.0154,1.1875,0.91189,0.90091,1.0282,-0.60152,-0.48524,-0.47517,-0.48982,-0.46144,-0.38728,-0.35157,-0.28748,-0.23347,-0.21332,-0.24079,-0.23164,-0.24445,-0.19501,-0.15656,-0.13001,-0.12177,-0.11078,-0.14924
-0.12085,-0.066836,-0.042116,-0.075076,-0.07416,-0.047609,-0.01648,-0.059511,0.0027467,0.037538,-0.026551,-0.073244,0,0.010071,-0.0018311,-0.046693,-0.05768,0.027467,-0.021058,-0.091556,-0.020142,0.055849,-0.018311,-0.070498,0.089724,0.040284,-0.043031,-0.16388,-0.20051,-0.31587,-0.22706,-0.47884,-0.64364,-0.52644,-0.54567,-0.75716,-1.1591,-1.1417,-0.8533,-0.66927,0.076907,0.82034,0.74801,1.8183,2.1259,1.3065,1.4924,-0.023804,-0.031129,0.12543,0.19135,0.2234,0.24812,0.19318,0.16388,0.13001,0.206,0.29847,0.41475,0.50264,0.51271,0.46693,0.38728,0.33235,0.27558,0.23621
0.22706,0.23804,0.24628,0.25452,0.2884,0.32502,0.35524,0.37355,0.37629,0.37812,0.36256,0.33967,0.32044,0.31312,0.32044,0.32868,0.34425,0.36164,0.3882,0.40559,0.42482,0.41017,0.37812,0.35432,0.33876,0.31129,0.30946,0.3058,0.31861,0.33967,0.35066,0.35981,0.33692,0.32868,0.31861,0.31861,0.34242,0.34333,0.33509,0.35157,0.30213,0.2298,0.412,0.37629,0.076907,-0.38545,-0.83499,-1.0465,-1.1225,-1.1243,-1.0978,-1.1032,-1.0968,-1.0886,-1.0849,-1.1463,-1.2745,-1.4191,-1.5024,-1.5354,-1.5326,-1.6141,-1.6462,-1.681,-1.745,-1.7963
-1.8531,-1.9117,-1.9913,-2.071,-2.0582,-2.0115,-1.9657,-1.897,-1.9254,-1.8531,-1.7698,-1.7066,-1.5098,-1.5015,-1.4274,-1.3715,-1.2799,-1.2214,-1.1728,-1.1692,-1.1802,-1.1921,-1.214,-1.2195,-1.2214,-1.2351,-1.2021,-1.1728,-1.1344,-1.0529,-0.9302,-0.76174,-0.56856,-0.5475,-0.51912,-0.56124,-0.49715,-0.63448,-0.71413,-0.55391,-1.3971,-2.8584,-1.1802,0.29389,0.14191,-1.1701,-11.117,0.021973,-0.17304,-0.13642,-0.031129,0.21607,0.49257,0.78921,0.94943,0.99704,0.98056,0.8478,0.73336,0.78829,0.74801,0.76449,0.80935,0.52461,0.48341,0.73336
0.79562,0.77273,0.85971,0.95401,0.86612,1.0181,0.97873,0.89908,0.86062,0.96408,1.0648,1.3166,1.3944,1.551,1.2717,1.1408,1.0813,1.0566,0.95401,0.91464,0.77914,0.8002,0.51088,0.65554,0.93661,0.26002,0.4413,0.62441,0.60976,0.61617,0.14191,0.46419,0.22889,0.44404,0.50264,0.76998,0.64455,0.043031,0.043947,-0.54659,-1.0712,-1.4255,-2.1607,-2.0563,-1.9501,-1.4548,-1.6599,-1.7313,-1.724,-1.7359,-1.7862,-1.8384,-1.8458,-1.7881,-1.6938,-1.6334,-1.6123,-1.6187,-1.6324,-1.6233,-1.6105,-1.6022,-1.5867,-1.6086,-1.626,-1.6233
-1.6132,-1.6233,-1.6205,-1.6242,-1.616,-1.6224,-1.6443,-1.6251,-1.5967,-1.5702,-1.55,-1.5308,-1.5217,-1.4978,-1.4612,-1.4356,-1.4411,-1.4191,-1.409,-1.3981,-1.3788,-1.3495,-1.3422,-1.3248,-1.2918,-1.2342,-1.1545,-1.1151,-1.0831,-0.96683,-0.8359,-0.70956,-0.66103,-0.47884,-0.31037,-0.35707,-0.41566,-0.47609,-1.2067,-1.8174,-2.4793,-2.9966,-1.8522,-0.35981,1.1032,1.7441,-1.9666,-1.6984,-1.5729,-1.4832,-1.3962,-1.3541,-1.3468,-1.4026,-1.475,-1.5079,-1.464,-1.4402,-1.4255,-1.4411,-1.4969,-1.5427,-1.6095,-1.6361,-1.6453,-1.6462
-1.6498,-1.6608,-1.6819,-1.6727,-1.6562,-1.6572,-1.6599,-1.6599,-1.6736,-1.67,-1.6746,-1.6736,-1.6526,-1.6251,-1.5912,-1.583,-1.5665,-1.5564,-1.5171,-1.496,-1.4209,-1.3248,-1.2442,-1.1747,-1.1197,-1.0694,-1.0273,-0.98422,-0.965,-0.98056,-0.96316,-0.98331,-0.99521,-0.98788,-0.9302,-0.90274,-0.90732,-0.94485,-0.97598,-1.0034,-2.1351,-0.83865,-1.5326,1.019,2.6908,0.13916,-4.8717,0.74801,0.70681,0.67476,0.56948,0.50447,0.50813,0.50996,0.53194,0.54384,0.56581,0.57772,0.58412,0.66103,0.70956,0.69582,0.59145,0.83682,1.0666,1.0126
0.9476,0.8826,1.0199,1.1124,1.2516,1.214,1.171,1.1444,0.98972,0.8066,0.65004,0.91372,0.99612,0.824,0.7654,1.3092,1.1966,0.87436,0.50447,0.61342,0.96591,0.6061,0.52004,0.84506,0.31312,0.17487,0.412,0.20142,-0.18036,0.085147,0.042116,0.0018311,-0.5475,0.23988,-0.19044,0.34425,0.22797,0.24354,0.30488,-0.141,-0.57772,-1.0492,-1.3651,-1.4173,-1.4402,-0.87436,-1.203,-1.5821,-1.5409,-1.5326,-1.5336,-1.5583,-1.5436,-1.5262,-1.4997,-1.4814,-1.4612,-1.4493,-1.4173,-1.4118,-1.4438,-1.3935,-1.3056,-1.2076,-1.236,-1.0968
-0.95584,-0.92929,-0.97781,-0.9769,-1.1563,-1.2946,-1.1618,-1.1261,-1.0712,-1.2287,-1.475,-1.4667,-1.7551,-1.7286,-1.8732,-1.4814,-0.051271,1.9236,0.86795,0.9183,0.19135,-0.17121,-0.4532,-0.44404,-0.41932,-0.55757,-0.71505,-0.66195,-0.51546,-0.43855,-0.34333,-0.20783,0.013733,0.15198,0.16022,0.15015,0.5063,0.88534,0.86337,0.81851,0.88992,0.81118,0.61251,0.38545,0.11444,0.52919,4.5595,-1.5217,-1.55,-1.5775,-1.6004,-1.6187,-1.6471,-1.6443,-1.6279,-1.5922,-1.5812,-1.6041,-1.5885,-1.572,-1.5738,-1.5748,-1.5656,-1.5418,-1.529,-1.5226
-1.5336,-1.5473,-1.5683,-1.5821,-1.5922,-1.5995,-1.5894,-1.5674,-1.5436,-1.5354,-1.5436,-1.5427,-1.54,-1.5198,-1.5006,-1.4676,-1.4493,-1.4109,-1.3788,-1.345,-1.3358,-1.3294,-1.3184,-1.2836,-1.2333,-1.2186,-1.1856,-1.1454,-1.095,-1.0382,-0.98972,-0.94119,-0.93112,-0.96133,-0.89541,-1.0346,-0.98422,-0.95492,-0.93112,-0.62075,-1.3468,0.92929,2.7824,-1.7002,-0.75259,-1.496,-9.9319,-1.8192,-1.7524,-1.9886,-1.8769,-1.8128,-1.8375,-1.9153,-2.0362,-2.1021,-2.158,-2.4482,-2.5645,-2.4015,-2.3658,-2.7393,-2.9014,-2.3154,-1.8293,-1.7798
-1.4887,-3.1733,-1.9071,-1.7853,-1.7634,-1.6736,-1.8384,-1.995,-2.1177,-2.2578,-2.4253,-2.4793,-2.4335,-2.3585,-1.5711,-1.5299,-1.453,-1.2726,-1.0932,-0.95309,-0.8066,-0.86245,-1.4557,-1.7222,-1.4365,-1.5482,-1.7029,-1.7176,-1.5986,-1.55,-1.4631,-1.3257,-1.1481,-0.84231,-0.59694,-0.41566,-0.24995,-0.23164,-0.12726,-0.38545,-0.69399,-1.0025,-0.95035,-0.63265,-1.0511,1.9373,4.1749,0.068667,0.068667,0.042116,0.019227,0.0045778,-0.018311,-0.028382,-0.010987,0.00824,0.0064089,0,-0.018311,-0.02472,-0.012818,0.017396,0.010987,-2.4564,-2.4271,-2.3713
-2.2907,-2.1799,-2.0463,-1.8586,-1.7331,-1.6388,-1.5189,-1.3962,-1.3285,-1.3358,-1.2415,-1.0877,-0.95401,-0.76998,-0.65554,-0.59877,-0.58321,-0.56124,-0.57131,-0.60244,-0.50356,-0.36622,-0.63356,-0.85696,-0.76632,-0.54476,0.20234,1.5876,2.5233,3.3354,2.9975,1.8421,0.57588,-0.26002,-0.36531,-0.11994,-0.10437,-0.0824,0.43214,0.62441,0.54933,0.089724,-0.3882,-0.67476,-0.75167,-0.85879,-3.2209,-4.7462,-2.9994,-0.94485,1.0327,1.4539,0.012818,-0.86795,-0.018311,0.67934,0.66103,-0.18036,-0.35615,-0.021058,0.66469,1.1838,2.266,2.4638,2.6414,1.9776
2.3804,1.854,0.55025,-0.39918,-0.93753,-0.7947,-0.58229,-0.35981,-0.15748,0.73428,0.4944,0.11444,-0.87527,-0.83041,-0.76083,-0.68026,-0.73336,-0.83041,-0.8414,-0.7828,-0.89358,-1.0968,-1.1316,-1.0392,-1.019,-1.0739,-1.0822,-1.0172,-0.92013,-0.79012,-0.73885,-0.7654,-0.8945,-0.81668,-0.64821,-0.44313,-0.27467,-0.17212,-0.82217,-0.64364,-0.35707,-0.78097,-0.86703,-0.66744,1.3825,-1.67,0.18403,-3.5066,-3.6503,-3.6265,-2.3814,-0.21241,1.8091,2.8758,1.5033,0.92013,0.92196,-0.20325,-0.96133,-1.0529,-0.38636,-0.15015,0.5118,2.2275,3.3958,0.5594
-0.48982,0.55666,0.38636,-0.062258,-0.19593,-0.58779,-0.058596,0.085147,0.02472,0.013733,0.09888,-0.22614,-0.62441,-0.57222,-0.37996,-0.31587,-0.14283,-0.10987,-0.076907,-0.14283,-0.16572,-0.21058,-0.18311,-0.13825,-0.18311,-0.18586,-0.16938,-0.18311,-0.18403,-0.17304,-0.1355,-0.093387,-0.038453,0.043031,0.075076,0.056764,-0.025636,-0.089724,-0.13825,-1.822,-2.8282,-3.2402,-4.5018,-2.7815,-1.3166,2.8355,3.0277,-1.8192,-1.9071,-2.1616,-2.4711,-2.8181,-3.0854,-3.6018,-4.4835,-4.7224,-3.9021,-3.1184,-2.0463,-0.28932,1.8394,2.3173,3.5322,2.8355,1.1783,-0.36348
-1.5748,-2.407,-3.1321,-3.8334,-4.3791,-4.2097,-3.6375,-2.8895,-2.6862,-2.852,-2.0042,-1.6105,-1.4658,-1.4209,-1.301,-1.0163,-0.86428,-0.8533,-0.8533,-1.0327,-0.93753,-0.81668,-0.70864,-0.77639,-0.92563,-1.127,-1.1426,-1.0474,-1.138,-1.1097,-1.0749,-1.0373,-0.90732,-0.9302,-0.96683,-0.553,-0.14924,-0.19593,-0.21424,-1.0273,-1.778,-2.6038,-3.1468,-3.1367,-2.2971,1.7231,7.8957,3.8105,0.68117,-1.9611,-2.505,-1.5583,-0.45961,0.59328,0.68758,0.097049,0.23621,0.39003,0.35157,0.35249,0.61892,0.55666,0.82949,0.31678,0.20142,-0.086978
-0.28382,0.054933,0.13459,-0.019227,0.051271,0.39094,0.53377,0.34883,0.3122,0.43672,0.40742,0.19868,0.19684,0.32136,0.3589,0.412,0.41841,0.44588,0.46876,0.4706,0.44496,0.45595,0.55208,0.56673,0.50722,0.31587,0.10895,-1.2845,-0.93753,-0.54201,0.040284,-0.47609,-1.3569,-2.1305,-3.9589,-5.4357,-5.779,-3.8499,0.11902,3.296,2.5315,1.7908,0.95126,0.16755,-0.31129,-0.19684,-0.28565,0.11261,0.99063,1.6727,1.7862,0.92288,0.43489,0.31495,0.37538,0.25819,0.21241,-0.029298,-0.11719,0.74984,0.18494,-0.05768,0.54476,0.37538,0.34791,0.45778
0.33784,-0.039369,0.17212,0.20875,0.43031,0.2472,0.18952,0.28199,0.10895,0.19318,-0.020142,0.1474,0.5118,0.49623,0.50081,0.28108,0.29389,0.49165,0.67202,0.56032,0.42573,0.40193,0.30305,0.26002,0.25544,0.28382,0.26551,0.23347,-2.3768,-2.3136,-2.5764,-2.7412,-2.7696,-2.4628,-2.4729,-2.5764,-2.1424,-2.44,-2.8611,-2.0838,-1.193,-0.23438,0.65554,1.5812,2.0243,2.4079,2.8758,2.5086,1.9337,1.6654,1.2287,1.0904,1.2406,1.301,1.4667,1.594,1.8998,1.9886,1.7377,2.0023,2.3676,2.0829,1.8549,1.6974,1.68,1.6361
1.0666,0.55666,0.10437,-0.34242,-0.73794,-1.1509,-1.4264,-1.5162,-1.4997,-2.3667,-1.4374,0.043947,0.49165,0.023804,-0.061342,-0.27924,-0.20508,0.010071,0.037538,-0.079653,-0.20325,-0.22706,-0.27833,-0.28382,-0.25361,-0.1886,-0.22797,-0.24903,-0.5237,-0.29023,-0.096133,-0.23072,-0.49348,-0.6061,-0.52187,-0.80935,-0.89908,-0.37629,-0.35707,-0.34791,-0.23896,-0.2646,-0.65188,-0.85147,-0.48524,0.2884,1.3788,2.2651,2.494,2.5416,1.6224,1.2333,0.23988,-1.0428,-1.3166,-0.27009,0.37721,0.3827,0.6299,-0.14374,-0.28016,-0.1474,0.31404,0.11628,-0.45137,-0.8002
-0.43306,-0.31037,0.0412,-0.033876,-0.18769,-0.043031,0.05768,0.094302,0.11902,0.034791,-0.0036622,-0.054018,-0.079653,-0.11536,-0.12268,-0.15473,-0.17121,-0.046693,-0.11078,-0.17487,-0.14557,-0.061342,-0.11628,-0.19593,-0.20966,-0.1529,-0.12543,-0.10437,-1.7194,-1.6892,-1.6965,-1.724,-1.7396,-1.7432,-1.7432,-1.7304,-1.6993,-1.7048,-1.6709,-1.6507,-1.6306,-1.5839,-1.496,-1.4191,-1.3239,-1.1362,-0.94943,-0.67202,-0.42207,-0.20234,-0.0018311,0.24995,0.48341,0.62532,1.0401,0.99612,-0.50081,-1.7698,-2.8932,-7.8161,-0.88076,-0.83224,-0.85147,-0.88168,-0.90457,-0.91922
-0.84414,-0.8002,-0.72054,-0.74526,-0.82308,-0.79104,-0.84506,-0.93844,-0.88534,-0.81393,-0.76724,-0.73794,-0.66103,-0.72329,-0.79012,-0.95492,-0.95218,-0.84872,-0.78463,-0.88626,-1.0474,-1.0566,-0.98331,-0.99429,-1.0941,-1.2589,-1.3569,-1.431,-1.5656,-1.2827,-1.2918,-1.3102,-1.3706,-1.4035,-1.2012,-1.1106,-1.3495,-1.4109,-1.4365,-1.41,-1.5308,-1.3468,-1.2003,-0.98056,-0.88168,-0.87985,-0.92563,-0.9183,-1.0648,-1.1563,-0.62532,-0.40925,-1.3742,-3.0937,-4.2537,-2.2074,-0.57772,1.0373,1.4475,-0.0073244,-1.4557,-2.1323,-0.070498,-0.0824,-0.64638,-1.7689
-1.2937,-1.1371,-1.0346,-0.98788,-1.1252,-0.90548,-0.30122,0.1648,0.02472,-0.2234,-0.40651,-0.52095,-0.88168,-1.3669,-1.9089,-2.5855,-2.179,-1.6269,-1.312,-1.2113,-1.1737,-0.98331,-0.74252,-0.477,-0.41658,-0.66652,-0.73061,-0.31861,-0.56764,-1.3642,-1.3193,-1.3257,-1.3092,-1.3019,-1.2635,-1.2442,-1.3019,-1.2516,-1.1728,-0.98148,-0.90274,-0.8121,-0.61159,-0.39277,-0.29389,-0.2298,-0.068667,0.034791,0.47609,0.67019,0.52461,0.13092,-0.032044,-0.39003,-1.0355,-2.5324,-3.7455,-3.133,-1.7652,-9.9942,-1.9758,0.33601,3.5276,0.16663,-1.0062,0.23713
0.92288,0.64364,0.11811,-0.38453,0.25636,0.3058,-0.38636,-0.53377,0.23255,1.0877,0.68392,0.40193,0.42848,0.57131,0.59969,-0.063173,-0.060427,0.17121,0.37629,-0.45412,-0.64638,0.54109,1.4823,1.5052,1.0364,-0.078738,-0.54659,-0.021973,-0.92013,-1.1975,-1.2159,-0.94028,-0.60976,-0.56124,-0.72787,-0.64638,-0.39369,-0.29481,-0.60884,-0.80294,-0.59236,-0.759,-1.1051,-1.1847,-1.0547,-0.66286,-0.45503,-0.062258,-0.47517,-0.62166,-0.53652,-1.2369,-2.0536,-3.014,-4.1282,-7.0141,-6.5654,1.1582,-1.6782,-8.8607,3.1642,6.635,2.4555,1.2278,-0.35707,-0.67293
-0.38453,-0.092471,0.60884,1.2992,0.83865,0.13459,-0.56948,-0.52736,-0.085147,-0.18769,-0.10163,0.79287,0.59236,-0.19044,0.022889,0.41841,0.477,0.76724,0.43855,0.73153,0.69033,0.91556,0.61525,0.21607,-0.45412,-0.097049,-0.094302,0.11536,-1.4548,-1.4475,-1.442,-1.4054,-1.3495,-1.2506,-1.1344,-0.88168,-0.45686,-0.30946,-0.46693,-0.52828,-0.45961,-0.40284,-0.28382,-0.091556,-0.060427,0.11353,0.37446,0.71505,0.36256,-0.52004,-1.41,-1.9373,-3.1605,-2.9673,-2.7146,0.56948,-12.634,-2.7476,-5.2608,-0.059511,6.4006,1.9584,-1.724,-0.54018,1.4566,1.3981
0.36897,0.82308,0.7535,1.3129,0.8945,0.38728,0.96683,1.1206,1.4145,1.0822,0.69033,0.72237,0.31037,0.19501,0.33143,0.30213,-0.23988,0.20325,1.2195,0.93204,0.33418,-1.8732,1.3248,-1.0978,-0.23347,-0.88626,1.2763,0.36897,-1.6233,-1.5656,-1.4933,-1.4356,-1.3752,-1.2745,-1.1985,-1.0739,-0.95218,-0.94485,-0.98422,-1.0254,-0.74068,-0.54476,-0.42024,-0.44771,-0.53011,-0.62532,-0.60976,-0.31861,-0.16205,0.051271,0.18036,0.20508,-0.15931,-1.3834,-2.5031,-2.5452,-2.7851,0.44862,0.22156,4.326,5.4842,-6.2313,-1.8943,3.7922,2.7009,1.1802
0.35981,1.1847,0.97781,-1.1829,-0.46327,0.62349,0.63723,-0.53102,-0.70132,-0.17762,0.21058,0.35066,0.25178,0.10254,0.96866,0.5475,0.20234,1.1051,1.2598,0.83865,0.78463,0.095218,0.31678,-0.27467,-0.21973,-0.18403,0.01648,0.13642,-1.323,-1.3642,-1.4731,-1.5445,-1.3889,-1.1847,-1.0785,-1.1563,-1.1289,-1.0144,-0.80477,-0.56856,-0.54109,-0.47334,-0.3296,-0.16663,-0.23988,-0.41108,-0.35798,-0.12635,0.23255,0.67202,1.0794,1.1289,0.88626,-0.64638,-0.96225,-2.0289,-6.0033,-12.675,-2.3319,-1.4484,8.7829,-3.5176,-3.6595,0.76815,5.9713,1.8952
0.3122,1.7972,1.8494,0.48982,-0.22614,0.29847,0.56032,-0.16846,0.17029,0.06592,-0.26002,-0.54018,-0.045778,0.8478,1.0465,0.5887,0.76724,1.0584,1.063,0.87527,0.71505,0.83041,0.97873,0.71413,0.27741,0.09888,-0.061342,0.8002,-1.2644,-1.6919,-1.6443,-1.6114,-1.5601,-1.6114,-1.6462,-1.5519,-1.4191,-1.3285,-1.1966,-1.0831,-0.98697,-0.98148,-1.0428,-0.8945,-0.85788,-1.0428,-1.3395,-1.691,-1.9721,-2.1158,-1.7515,-1.5766,0.20875,2.1937,2.7155,1.7624,0.15015,-1.6608,-2.7824,-3.5038,-3.9534,9.1968,-1.9501,1.008,1.5436,3.3619
1.0511,-1.7322,-1.3981,-0.24079,-0.13276,-0.045778,0.11078,0.45045,0.60335,0.15564,-0.061342,0.37629,0.67202,0.618,0.80386,1.4319,2.3356,1.8229,1.03,1.4283,1.3532,1.0007,0.51454,-0.99246,-1.7066,-0.96591,1.3834,0.044862,-0.77364,-1.279,-1.4255,-1.4795,-1.3321,-1.1518,-1.0419,-0.90182,-0.74252,-0.55666,-0.4239,-0.3534,-0.26917,-0.10437,0.31678,0.52828,0.41658,0.25452,0.21332,0.044862,-0.9888,-1.9721,-2.3164,-2.7842,-2.7613,-2.4784,-6.6863,-4.7838,0.81759,2.4528,0.97598,-0.4944,1.8027,-4.4523,-0.58504,0.90823,2.4866,1.1261
0.54018,0.37996,0.070498,0.55025,0.45503,0.026551,-0.50813,-1.2937,-1.3669,-0.69216,0.14832,0.71322,0.92013,0.71963,0.28382,-0.35066,-0.52461,-0.18769,0.20417,0.89175,0.76266,1.0813,0.54201,-0.38545,-0.46693,-0.40193,-0.28474,0.24079,-1.2589,-1.2983,-1.2506,-1.3312,-1.3633,-1.3367,-1.2076,-1.1673,-1.2351,-1.0932,-0.90365,-0.78097,-0.61434,-0.52644,-0.48799,-0.3296,-0.27375,-0.4706,-0.87161,-0.99155,-0.88168,-0.64821,-1.1142,-2.1369,-4.1356,-4.9925,-3.8078,-3.2896,-4.7041,3.8783,2.472,1.7423,-0.73336,-2.3182,4.3645,2.1891,-0.28382,2.3072
0.62532,0.000916,0.3708,0.45137,0.46693,0.73244,1.171,0.71047,0.50081,0.53926,0.618,0.80477,0.76174,0.41475,0.30671,0.16846,0.067751,-0.080569,0.65554,0.73061,0.49806,0.39186,-1.1454,-0.53377,-0.12268,0.5475,-0.030213,-0.14924,-1.5418,-1.6581,-1.5555,-1.1856,-0.85696,-0.67019,-0.52095,-0.40193,-0.40376,-0.59236,-0.90091,-0.9888,-0.76357,-0.40468,-0.37355,-0.46327,-0.95401,-1.431,-1.9254,-2.0637,-1.8897,-1.6947,-1.6965,-2.3136,-2.3328,-1.6553,-1.0062,-0.4001,-0.32777,-2.0911,-2.9838,-3.7602,-2.9536,-2.082,-1.3431,-1.0529,-1.2314,-1.5574
-1.4832,-1.4768,-1.3578,-0.93936,-0.85055,-1.0776,-0.8121,-0.5768,-0.5942,-0.66652,-0.73611,-0.79562,-1.1087,-1.5043,-1.4292,-1.0556,-0.7654,-0.71322,-0.72512,-1.0886,-1.5098,-1.6214,-1.2406,-0.65737,-1.6379,-1.6608,-1.6315,-1.5564,-1.5152,-1.5125,-1.5583,-1.5528,-1.518,-1.4878,-1.4777,-1.5107,-1.539,-1.4008,-0.81118,-0.49165,-0.44679,-0.51729,-0.20051,-0.17304,-0.068667,-0.41566,-0.6711,-0.50539,-1.9318,-2.4683,-2.591,-0.66561,-1.6791,-4.2949,-0.89816,3.4544,3.3171,-1.8384,-1.7954,-1.7798,-1.778,-1.756,-1.757,-1.7817,-1.7982,-1.8119
-1.821,-1.8174,-1.8256,-1.8064,-1.7762,-1.7551,-1.7515,-1.7597,-1.767,-1.7698,-1.7524,-1.724,-1.7084,-1.7103,-1.7222,-1.7432,-1.7396,-1.7377,-1.7405,-1.7377,-1.7295,-1.7075,-1.6471,-1.6068,-1.5683,-1.5629,-1.4722,-1.41,-1.3285,-1.2909,-1.2241,-1.1756,-1.16,-1.1628,-1.1554,-1.1362,-1.1362,-1.1692,-1.2534,-1.2094,-1.0675,-0.98148,-0.94211,-0.90732,-0.88443,-0.95035,-0.95035,-0.82858,-0.8414,-0.87802,-0.75442,-1.4026,-2.1424,-2.3438,-3.8783,-3.4654,-6.0207,-1.7927,-1.8503,-1.9007,-1.8284,-1.7414,-1.7167,-1.7331,-1.7917,-1.8366
-1.8723,-1.9089,-1.8952,-1.8265,-1.7881,-1.7661,-1.7707,-1.7817,-1.7817,-1.789,-1.7817,-1.7579,-1.7405,-1.6901,-1.6407,-1.594,-1.5976,-1.6443,-1.724,-1.778,-1.7917,-1.7982,-1.7771,-1.7606,-1.7808,-1.7634,-1.7414,-1.6837,-1.6123,-1.5207,-1.5052,-1.5244,-1.496,-1.4786,-1.4859,-1.5143,-1.5363,-1.4914,-1.4246,-1.3184,-1.2387,-1.106,-0.93295,-0.73061,-0.34425,0.033876,0.075991,-0.065004,-0.14924,-0.17853,-0.60884,-0.99979,-1.7203,-2.4903,-3.9763,-5.1802,-8.4579,-1.6123,-1.6398,-1.6517,-1.68,-1.6874,-1.6883,-1.7148,-1.7606,-1.7927
-1.8183,-1.8622,-1.8824,-1.8879,-1.8577,-1.8302,-1.7835,-1.7139,-1.6626,-1.6572,-1.6773,-1.7112,-1.7222,-1.7103,-1.6947,-1.6901,-1.6837,-1.6681,-1.637,-1.6041,-1.5702,-1.5848,-1.5867,-1.5601,-1.5592,-1.5656,-1.6041,-1.605,-1.5757,-1.5427,-1.4878,-1.4081,-1.3587,-1.3413,-1.2397,-1.0968,-0.92013,-0.65004,-0.46052,-0.42207,-0.29023,-0.1767,-0.29756,-0.50081,-0.81668,-1.0483,-1.2827,-1.3944,-1.3504,-1.0831,-0.58504,-0.41108,-0.87802,-1.9144,-3.405,-5.6307,-7.0177,-10.761,-2.9893,-1.876,-1.8641,-1.8394,-1.8036,-1.7954,-1.8174,-1.8027
-1.7405,-1.7158,-1.7432,-1.7414,-1.7212,-1.6865,-1.6251,-1.5564,-1.4942,-1.4447,-1.3834,-1.3724,-1.3395,-1.3257,-1.345,-1.3541,-1.2058,-0.96683,-0.82034,-0.74618,-0.77548,-0.89633,-1.0648,-1.1985,-1.3092,-1.5088,-1.9639,-2.3008,-2.3218,-2.0746,-1.6453,-1.7798,-2.331,-2.4207,-2.5343,-2.6899,-2.3722,-1.7963,-0.90548,-0.059511,0.23255,0.51454,0.96042,0.7654,0.477,0.15473,-0.13367,-0.24171,-0.26368,-0.41658,-0.49623,-0.39277,0.011902,0.38545,1.0694,1.8961,2.0005,0.8945,-0.52736,-1.8073,-1.7908,-1.7917,-1.7826,-1.7487,-1.7002,-1.6617
-1.6544,-1.67,-1.7093,-1.7862,-1.8384,-1.8494,-1.8494,-1.832,-1.8036,-1.778,-1.7908,-1.8027,-1.8183,-1.8091,-1.7689,-1.7167,-1.6764,-1.6874,-1.7139,-1.7286,-1.7148,-1.6865,-1.6297,-1.5683,-1.5564,-1.5601,-1.6086,-1.6471,-1.615,-1.5299,-1.4255,-1.3147,-1.2461,-1.193,-1.1609,-1.117,-1.1032,-1.0282,-0.94485,-0.91098,-0.85604,-0.83041,-0.83682,-0.7535,-0.683,-0.57497,-0.45503,-0.3177,-0.24628,-0.096133,0.038453,0.11811,-0.15748,-0.34516,-0.60884,-1.691,-2.3255,-3.1166,-4.6565,-1.7148,-1.7231,-1.702,-1.7029,-1.7084,-1.7057,-1.7176
-1.7038,-1.7048,-1.7084,-1.6755,-1.6892,-1.7295,-1.7313,-1.7212,-1.6874,-1.6672,-1.6361,-1.6425,-1.6581,-1.6553,-1.6361,-1.6041,-1.6214,-1.6306,-1.6334,-1.6352,-1.637,-1.6407,-1.6324,-1.6031,-1.5436,-1.4557,-1.4209,-1.3157,-1.2021,-1.127,-1.1637,-1.3175,-1.4429,-1.4786,-1.4484,-1.2506,-1.0639,-0.67019,-0.4294,-0.37904,-0.4294,-0.58229,-0.85238,-1.0044,-0.96866,-1.1078,-1.1151,-1.0978,-1.3468,-1.5574,-1.1435,-0.75533,-0.63173,-0.41108,-0.32044,-0.61708,-0.96774,1.2278,0.97232,-1.5253,-0.28016,-1.7093,-1.6919,-1.7121,-1.6947,-1.691
-1.6984,-1.7176,-1.7313,-1.7386,-1.7313,-1.6919,-1.6819,-1.6599,-1.6626,-1.6974,-1.7386,-1.7505,-1.7707,-1.7908,-1.8101,-1.8265,-1.8448,-1.8494,-1.8293,-1.821,-1.7679,-1.7331,-1.7038,-1.6929,-1.691,-1.6929,-1.6727,-1.6269,-1.5821,-1.5217,-1.4823,-1.4393,-1.4154,-1.3843,-1.3523,-1.2653,-1.1655,-1.1051,-1.0987,-1.0181,-0.92013,-0.72878,-0.60244,-0.73428,-0.91372,-1.0108,-1.0016,-0.84689,-0.66286,-0.52828,-0.36164,-0.054018,0.2884,0.16114,-0.13001,-0.3003,-0.84689,-1.6453,-2.9289,-3.5762,-4.0696,-6.7632,-1.6919,-1.6984,-1.6883,-1.691
-1.7002,-1.7148,-1.7112,-1.6727,-1.6453,-1.6462,-1.6599,-1.7066,-1.7304,-1.7322,-1.7258,-1.7386,-1.7405,-1.7167,-1.6938,-1.6901,-1.648,-1.5922,-1.5702,-1.5839,-1.5848,-1.5812,-1.5629,-1.5281,-1.5244,-1.5317,-1.5253,-1.5061,-1.474,-1.4393,-1.431,-1.4319,-1.4237,-1.3761,-1.2882,-1.2433,-1.203,-1.1637,-1.0163,-0.87893,-0.81576,-0.71596,-0.58962,-0.54842,-0.49348,-0.3946,-0.3882,-0.50264,-0.62807,-0.41383,-0.28932,-0.21699,-0.28382,-0.54842,-0.72604,-0.89358,-1.2186,-2.0655,-2.8162,-2.6771,-3.9048,-4.434,-1.7597,-1.7853,-1.7936,-1.7853
-1.7762,-1.7643,-1.7597,-1.7505,-1.7414,-1.7432,-1.745,-1.7386,-1.7267,-1.7203,-1.7222,-1.7359,-1.7441,-1.7478,-1.7505,-1.7414,-1.7331,-1.746,-1.7579,-1.7808,-1.7753,-1.7698,-1.7597,-1.7487,-1.7615,-1.7661,-1.8073,-1.822,-1.7826,-1.7487,-1.713,-1.6773,-1.594,-1.5244,-1.5226,-1.5418,-1.5574,-1.5528,-1.4969,-1.366,-1.2387,-1.1692,-1.0602,-0.89816,-0.85147,-0.63356,-0.27924,0.021058,0.26551,0.47975,0.39186,0.23988,-0.56673,-1.6169,-1.8494,-1.4109,-1.1856,-1.8403,-2.3475,-3.2603,-5.4109,-7.449,-10.368,-1.7734,-1.757,-1.7652
-1.7835,-1.7908,-1.8101,-1.8155,-1.8,-1.7798,-1.7634,-1.7679,-1.8046,-1.8394,-1.908,-1.9227,-1.8705,-1.7597,-1.648,-1.6004,-1.5912,-1.6343,-1.6892,-1.7194,-1.702,-1.6984,-1.6434,-1.5976,-1.5711,-1.5491,-1.5619,-1.5665,-1.5903,-1.5876,-1.5564,-1.4795,-1.3797,-1.269,-1.1957,-1.1078,-1.0529,-1.0575,-1.0318,-0.97873,-0.94211,-0.89175,-0.77548,-0.53468,-0.38636,-0.39735,-0.4239,-0.27558,-0.11811,-0.017396,0.29939,0.67293,0.92563,0.54476,-0.32777,-0.82583,-0.98056,-1.2781,-1.084,-1.1243,-0.51729,-1.4264,-1.6041,-1.7249,-1.7112,-1.7304
-1.7304,-1.7167,-1.7249,-1.7313,-1.7579,-1.7588,-1.745,-1.7304,-1.7414,-1.7597,-1.7753,-1.7716,-1.767,-1.7505,-1.7469,-1.7487,-1.7322,-1.7295,-1.724,-1.7148,-1.7139,-1.7075,-1.6947,-1.7029,-1.7295,-1.7386,-1.7515,-1.7579,-1.756,-1.7441,-1.7167,-1.7203,-1.7203,-1.7396,-1.7176,-1.702,-1.6828,-1.6269,-1.5693,-1.5317,-1.4878,-1.4264,-1.3138,-1.1994,-1.1097,-0.98972,-0.87893,-0.71963,-0.59236,-0.44588,-0.2353,-0.15656,-0.093387,-0.055849,-0.13367,-0.29939,-0.61434,-1.1371,-1.5125,-1.5189,-2.1113,-2.5443,-2.8263,-5.551,-1.7478,-1.7139
-1.6956,-1.702,-1.6892,-1.7075,-1.7075,-1.7222,-1.7249,-1.724,-1.7634,-1.8101,-1.8274,-1.8339,-1.8082,-1.7615,-1.7331,-1.7267,-1.7322,-1.7222,-1.7084,-1.7048,-1.7066,-1.713,-1.757,-1.7963,-1.8055,-1.7899,-1.7524,-1.7011,-1.6718,-1.6572,-1.6407,-1.6398,-1.5949,-1.5445,-1.5207,-1.6004,-1.6443,-1.5848,-1.4411,-1.3697,-1.3559,-1.4026,-1.3248,-1.2424,-1.1866,-1.2214,-1.2571,-1.1902,-0.99429,-0.7654,-0.6592,-0.5118,-0.30763,0.17121,0.53011,0.91098,1.2094,1.008,0.9714,0.45503,0.12818,-7.0672,-4.6895,-2.8272,-0.76815,-1.8485
-1.8485,-1.8549,-1.8494,-1.8366,-1.8064,-1.7835,-1.7652,-1.7624,-1.7597,-1.7652,-1.7689,-1.7698,-1.7624,-1.7542,-1.7277,-1.7267,-1.724,-1.7423,-1.757,-1.7743,-1.7716,-1.746,-1.7377,-1.7322,-1.7377,-1.7606,-1.7771,-1.7982,-1.8018,-1.7798,-1.7817,-1.7817,-1.767,-1.7057,-1.6315,-1.5995,-1.5793,-1.5528,-1.5143,-1.4594,-1.4237,-1.3944,-1.333,-1.2369,-1.1646,-1.0556,-0.97873,-0.89541,-0.85238,-0.76174,-0.60427,-0.46693,-0.38362,-0.25178,-0.14008,-0.086062,-0.019227,-0.25819,-0.67202,-0.98788,-1.0675,-1.8824,-2.5709,-2.0902,-2.2889,-1.7954
-1.7982,-1.7908,-1.7762,-1.7872,-1.8018,-1.8027,-1.8091,-1.8064,-1.8082,-1.7972,-1.7908,-1.7771,-1.7707,-1.7579,-1.7496,-1.7542,-1.7826,-1.7872,-1.8302,-1.843,-1.8531,-1.8155,-1.7277,-1.6306,-1.5482,-1.5308,-1.5986,-1.6645,-1.7139,-1.7093,-1.7203,-1.7139,-1.6398,-1.5885,-1.5143,-1.4502,-1.4109,-1.388,-1.3605,-1.2772,-1.1261,-0.8826,-0.49898,-0.40925,-0.75808,-0.90915,-0.73885,-0.52553,-0.5237,-0.80752,-1.127,-1.41,-1.6279,-1.6883,-1.7954,-1.9712,-2.0527,-1.8851,-1.4969,-1.2516,-1.0593,-0.67934,-0.61525,-0.79379,9.1079,6.4483
-1.7341,-1.7441,-1.7222,-1.7194,-1.7377,-1.7533,-1.7505,-1.7478,-1.7341,-1.7093,-1.691,-1.7203,-1.7158,-1.7112,-1.7084,-1.7139,-1.7341,-1.7762,-1.8055,-1.8082,-1.8046,-1.8073,-1.7972,-1.7908,-1.735,-1.6242,-1.5867,-1.5455,-1.4914,-1.4731,-1.4493,-1.41,-1.4081,-1.4008,-1.4072,-1.3971,-1.4301,-1.4484,-1.4447,-1.388,-1.3715,-1.3422,-1.3184,-1.3001,-1.2287,-1.1161,-1.0181,-0.85513,-0.85696,-0.71871,-0.64364,-0.58229,-0.36988,-0.047609,0.18036,0.30854,0.34883,0.13916,-0.22797,-0.69216,-1.8558,-2.4683,-2.5517,-2.1397,-4.6977,-12.401
-10.857,-1.7341,-1.7634,-1.7707,-1.7606,-1.746,-1.7487,-1.7377,-1.7487,-1.7515,-1.7588,-1.7716,-1.767,-1.7899,-1.7753,-1.767,-1.7606,-1.7423,-1.7423,-1.745,-1.7588,-1.7698,-1.7734,-1.7652,-1.7624,-1.7652,-1.7524,-1.757,-1.7515,-1.7212,-1.7176,-1.7286,-1.7771,-1.7377,-1.7057,-1.6837,-1.6334,-1.551,-1.5226,-1.4521,-1.377,-1.3276,-1.3047,-1.2708,-1.2232,-1.1682,-1.084,-0.99704,-0.92013,-0.81942,-0.683,-0.50539,-0.48982,-0.33876,-0.23255,-0.10529,0.093387,0.28932,0.41108,0.51271,0.52644,-0.020142,-0.86612,-2.4519,-4.7252,-5.7872
-14.953,-1.7002,-1.7121,-1.7304,-1.7258,-1.7203,-1.7341,-1.7231,-1.7286,-1.7258,-1.7148,-1.7038,-1.7212,-1.7011,-1.6938,-1.7368,-1.7258,-1.724,-1.7057,-1.6892,-1.681,-1.6846,-1.7029,-1.7048,-1.7212,-1.724,-1.7368,-1.7222,-1.7075,-1.702,-1.6919,-1.6865,-1.6636,-1.6443,-1.6086,-1.5638,-1.5162,-1.3788,-1.1939,-0.99979,-0.84414,-0.82675,-0.90365,-1.0758,-1.1975,-1.2076,-1.1097,-0.93387,-0.73611,-0.61159,-0.68484,-0.76815,-0.83407,-0.9476,-1.1005,-1.0923,-1.0904,-0.7535,-0.64089,-0.71139,-0.11353,-0.79653,-1.9913,-1.0273,1.3898,5.1921
6.0958,-1.7551,-1.7606,-1.7689,-1.7689,-1.7579,-1.7496,-1.7432,-1.7295,-1.7432,-1.745,-1.7524,-1.7515,-1.7405,-1.724,-1.7304,-1.7643,-1.7817,-1.7872,-1.7652,-1.7533,-1.7331,-1.7341,-1.7341,-1.7377,-1.7002,-1.6691,-1.6755,-1.67,-1.6782,-1.7139,-1.7487,-1.735,-1.7121,-1.702,-1.7011,-1.7002,-1.6791,-1.6645,-1.6398,-1.6242,-1.6095,-1.5656,-1.475,-1.3907,-1.3559,-1.2543,-1.095,-0.88534,-0.71688,-0.52095,-0.35615,-0.21607,-0.0412,0.017396,0.07416,0.13276,-0.095218,-0.34974,-0.36531,-0.34425,-0.82034,-1.539,-2.862,-3.8902,-4.9962
-4.3544,-10.805,-1.832,-1.8293,-1.8201,-1.8064,-1.7762,-1.7496,-1.7331,-1.7533,-1.7597,-1.7844,-1.7817,-1.7872,-1.7972,-1.7972,-1.8174,-1.8046,-1.7689,-1.7277,-1.7011,-1.702,-1.7194,-1.7478,-1.7936,-1.7853,-1.7588,-1.6984,-1.6095,-1.5766,-1.5528,-1.5098,-1.4713,-1.5006,-1.5381,-1.5528,-1.5702,-1.4805,-1.3807,-1.3047,-1.236,-1.1042,-1.0227,-0.98514,-0.75167,-0.71047,-1.0034,-1.2122,-1.2616,-1.3395,-1.312,-1.3157,-1.4255,-1.3843,-1.0135,-0.62624,-0.17579,-0.067751,-0.3058,0.04944,-2.9334,-3.7913,-1.9034,-3.0717,-2.2752,-1.4933
0.50539,4.4084,2.2926,0.74435,-0.51271,-0.61068,-0.18494,0.2179,0.43947,0.54567,0.47243,0.64272,0.87802,1.0877,1.1875,1.333,1.2561,0.78921,0.5768,0.46602,0.18677,0.13092,0.11811,0.099796,-0.10437,-0.38636,0.39186,-0.71413,-0.28382,-0.33235,0.05768,-0.37996,0.000916,0.46785,0.42665,-0.096133,0.29389,1.6736,1.5207,1.3733,1.4264,1.5372,1.3477,1.063,1.0877,1.4777,1.5207,1.2543,1.3001,1.4942,1.4219,1.312,1.1216,1.1545,1.1756,1.127,0.98056,0.82675,0.83956,0.84689,0.69491,0.61892,0.48799,0.2884,0.5594,0.82492
0.30305,0.67019,-0.74709,-3.8435,1.8238,1.8961,1.9163,1.8677,1.8201,1.7817,1.7991,1.8027,1.7872,1.8119,1.843,1.8403,1.8696,1.8851,1.8952,1.8696,1.8155,1.7936,1.7331,1.6938,1.7103,1.713,1.7203,1.7579,1.7341,1.7121,1.7524,1.7551,1.7634,1.7533,1.7341,1.7469,1.7231,1.7002,1.6855,1.6498,1.616,1.6343,1.626,1.6041,1.5455,1.5152,1.4878,1.4063,1.3358,1.2918,1.2497,1.2433,1.2204,1.1454,1.0913,1.0923,1.1582,1.1802,1.1893,1.236,1.1454,1.0318,0.8478,0.56948,0.17396,-0.20783
0.01648,0.36805,-0.27192,-4.3178,1.67,1.6462,1.6691,1.6919,1.6865,1.6764,1.6837,1.6782,1.6892,1.7249,1.7203,1.7331,1.7478,1.7524,1.7295,1.7167,1.7414,1.7139,1.6984,1.6462,1.681,1.691,1.6974,1.7075,1.6974,1.6901,1.6645,1.6736,1.6233,1.6013,1.583,1.5683,1.5766,1.5574,1.5317,1.5592,1.6196,1.6425,1.5546,1.4878,1.5281,1.5052,1.4356,1.3596,1.3587,1.366,1.3468,1.2387,1.1353,1.2159,1.171,1.128,1.1133,1.1444,1.1243,1.1637,1.0025,0.5649,0.28565,1.2726,0.55391,1.9785
1.9456,0.075076,-3.0204,-2.3237,1.746,1.7222,1.7212,1.6984,1.6993,1.7038,1.6974,1.7093,1.7194,1.7551,1.7487,1.746,1.7634,1.7652,1.7542,1.746,1.7542,1.7615,1.7496,1.7267,1.7313,1.6901,1.6837,1.6883,1.6929,1.7038,1.6709,1.6553,1.702,1.7322,1.7368,1.7084,1.659,1.6562,1.7167,1.6846,1.6041,1.5738,1.5748,1.5528,1.4557,1.3523,1.3129,1.3303,1.2799,1.1142,1.0419,1.0785,1.1051,1.0694,1.03,1.0218,1.0968,1.0694,1.0053,0.96957,0.89267,0.85421,0.41108,1.1371,0.76449,1.1646
1.5784,0.75442,-0.056764,-1.1481,1.6581,1.6187,1.5235,1.4695,1.4631,1.4347,1.4173,1.3495,1.3504,1.3074,1.2534,1.1884,1.2067,1.2305,1.1957,1.1737,1.1371,1.1975,1.2223,1.2845,1.1774,1.2918,1.2186,1.0666,0.92746,0.7004,1.063,1.4988,0.45595,1.5903,0.96316,0.65188,1.1344,0.34333,0.19684,-0.53377,-1.0245,-1.3926,-1.2104,-1.2232,-1.5793,-1.2983,-1.1948,-1.258,-0.82675,-0.64364,-0.47151,-0.35432,-0.36439,-0.40834,-0.76815,-1.2094,-2.2257,-2.4674,-1.8961,-1.3092,-0.97415,-0.49806,-0.21149,-0.079653,0.16114,0.18128
0.25544,0.11536,1.247,1.1161,1.5711,1.5647,1.6132,1.6636,1.735,1.8174,1.8302,1.8183,1.7991,1.7661,1.7368,1.7286,1.7469,1.8119,1.8201,1.8284,1.8256,1.8238,1.8091,1.7615,1.735,1.7212,1.7167,1.6892,1.6526,1.6471,1.648,1.6572,1.6553,1.6727,1.6196,1.5949,1.5867,1.5949,1.6352,1.6297,1.605,1.6022,1.561,1.5693,1.539,1.4246,1.3642,1.3907,1.3147,1.2268,1.0978,1.1802,1.2561,1.2992,1.1637,1.1545,1.1005,1.1847,1.0749,0.98788,0.86703,0.89175,1.138,1.6507,3.0268,1.7267
0.65096,-0.5887,-4.6474,-1.8458,1.778,1.789,1.8247,1.8329,1.8421,1.8549,1.8082,1.7533,1.7615,1.7762,1.757,1.7551,1.7542,1.7386,1.7597,1.7725,1.7945,1.7881,1.7872,1.7707,1.7716,1.7441,1.7386,1.7615,1.7579,1.7414,1.6874,1.6791,1.6919,1.6865,1.6214,1.5793,1.5702,1.6123,1.659,1.6105,1.5729,1.5867,1.5958,1.6443,1.5903,1.518,1.5381,1.5336,1.4978,1.4667,1.4154,1.4228,1.4063,1.3825,1.3056,1.279,1.2836,1.3266,1.2415,1.2891,1.062,0.76449,0.62075,1.0712,1.0483,1.9703
2.0417,0.96957,-0.042116,-0.65554,-1.1756,0.88351,1.3944,0.82125,0.020142,-0.16663,-0.80111,-1.5381,-1.5583,-1.0492,-0.99521,-1.0996,-1.1802,-0.82125,-0.49074,-0.42024,-0.49532,-0.889,-1.8815,-2.5581,-1.9446,-0.64821,-0.3177,0.44862,0.48982,0.28932,0.31037,0.19593,-0.039369,-0.15656,0.2646,0.36531,1.6581,1.6681,1.6782,1.7002,1.702,1.7103,1.7295,1.7212,1.7075,1.7222,1.7341,1.7469,1.7194,1.702,1.6947,1.6709,1.6544,1.6242,1.6178,1.615,1.6086,1.615,1.615,1.615,1.6105,1.5958,1.6004,1.6178,1.5748,1.529
1.5152,1.5088,1.4924,1.4621,1.4649,1.453,1.431,1.4274,1.409,1.3102,1.2387,1.203,1.1856,1.1115,1.0428,0.98605,0.93753,0.88168,0.86337,0.86245,0.83041,0.84964,0.80386,0.63448,0.50722,0.37446,0.54476,1.8311,1.5317,1.7881,0.36988,-1.2049,-1.8604,-1.6407,-0.97964,0.22523,1.6434,1.6865,1.7542,1.7249,1.7249,1.7368,1.5482,1.6041,1.6572,1.5601,1.5674,1.6755,1.67,1.5409,1.6114,1.6553,1.55,1.5592,1.6727,1.6672,1.6315,1.648,1.5848,1.5464,1.4878,1.3889,1.5491,1.5839,1.4237,1.3056
1.4219,1.4905,1.4493,1.3898,1.5043,1.4814,1.4164,1.4914,1.518,1.345,1.2149,1.2745,1.323,1.3175,1.128,1.0016,1.0346,1.1307,1.1628,1.0556,0.94852,1.0685,1.0053,0.94394,0.74984,0.81393,0.11261,0.33601,0.5942,0.92288,1.7396,2.4793,-0.56398,-2.1113,-1.8778,-2.3054,1.7167,1.6581,1.6114,1.605,1.6471,1.6645,1.6892,1.7075,1.7386,1.7469,1.7313,1.724,1.7597,1.7588,1.7368,1.7212,1.7185,1.691,1.6572,1.6416,1.6443,1.6636,1.6507,1.6031,1.5583,1.5445,1.5546,1.5299,1.4512,1.4713
1.4997,1.5262,1.5308,1.5455,1.5592,1.5857,1.5326,1.4585,1.377,1.3431,1.2827,1.2543,1.1838,1.117,1.1032,1.084,1.0501,1.0566,1.0593,0.93753,0.87161,0.9183,0.82766,0.72604,0.64455,0.54018,0.35798,0.053102,0.30213,1.5583,2.2422,0.70498,-1.7533,-1.7158,-2.6368,-2.4793,1.5281,1.5748,1.6764,1.8741,2.0399,2.1992,2.3731,2.4949,2.5315,2.5178,2.4326,2.4162,2.2687,2.1268,2.0298,1.854,1.778,1.681,1.5903,1.5281,1.5116,1.4493,1.4292,1.4228,1.4631,1.4859,1.5583,1.572,1.5848,1.6269
1.6626,1.6791,1.648,1.6773,1.7038,1.7478,1.7194,1.6974,1.735,1.6636,1.6233,1.5619,1.5116,1.5244,1.518,1.4145,1.377,1.3404,1.3248,1.2772,1.2241,1.193,1.2168,1.2159,1.106,1.0648,0.99612,0.87985,0.6885,0.51912,0.3003,-0.033876,-0.79562,-1.225,-1.713,1.7954,1.5885,1.6865,1.7469,1.9337,2.0225,2.2028,2.2623,2.3667,2.3804,2.4162,2.3557,2.3154,2.1955,2.017,1.9337,1.7844,1.6663,1.5766,1.5271,1.4722,1.4319,1.4896,1.5381,1.5152,1.5217,1.5775,1.5784,1.6205,1.605,1.6205
1.6581,1.724,1.7853,1.8046,1.7405,1.7588,1.745,1.6471,1.5894,1.5445,1.496,1.431,1.3358,1.3266,1.2626,1.2085,1.1783,1.214,1.1573,1.2378,1.4512,1.5098,1.4686,1.3157,1.0007,0.52187,-0.15839,-0.74801,-0.94943,1.529,2.0728,-0.51088,0.48341,-1.2424,-0.64272,1.1609,1.7267,1.7597,1.7542,1.7798,1.7798,1.7881,1.767,1.7524,1.724,1.7322,1.7258,1.7203,1.7038,1.713,1.7194,1.7267,1.7048,1.713,1.7158,1.7084,1.7148,1.7286,1.6938,1.7002,1.6755,1.6251,1.6242,1.6297,1.6416,1.6196
1.5656,1.5162,1.5207,1.5226,1.507,1.4704,1.485,1.5125,1.5152,1.4475,1.3285,1.301,1.3541,1.3239,1.2003,1.0511,1.0794,1.0849,1.1939,1.2058,1.334,1.1948,1.0566,0.96408,0.65554,0.11902,-0.4825,-1.9126,0.91464,0.68484,0.38911,-2.8126,0.7416,-7.1569,3.0863,0.54933,1.7505,1.7634,1.7414,1.7679,1.8082,1.8403,1.8513,1.8668,1.8778,1.8403,1.8448,1.8357,1.8329,1.8302,1.8238,1.8201,1.8128,1.7917,1.7707,1.8119,1.7817,1.7817,1.7862,1.7615,1.7167,1.67,1.6599,1.6681,1.6736,1.6718
1.6471,1.6526,1.6782,1.6517,1.6187,1.5464,1.5207,1.5564,1.5638,1.5281,1.4466,1.4695,1.4814,1.3834,1.3038,1.2607,1.2497,1.2424,1.1692,1.0923,1.0639,1.1005,0.98422,0.92471,0.8121,0.56673,0.092471,-0.39003,-0.79562,0.59694,1.1884,3.9973,-0.99887,-2.3182,-2.8043,0.12268,1.876,1.9007,1.8897,1.9327,2.0151,2.0875,2.0939,2.0325,1.919,1.8018,1.7982,1.8238,1.8329,1.8302,1.8467,1.8357,1.8238,1.7725,1.7524,1.7295,1.7267,1.7551,1.7872,1.8046,1.7872,1.7963,1.7808,1.7707,1.7753,1.7551
1.7615,1.7167,1.6919,1.7048,1.6965,1.5976,1.5537,1.5427,1.4768,1.41,1.4209,1.4255,1.3541,1.2882,1.2259,1.2506,1.2278,1.1454,1.0804,1.0053,0.94302,0.90457,0.78188,0.71963,0.73519,0.61525,0.62258,0.52919,0.78738,0.37629,-0.39827,-2.309,-6.267,-4.5787,-4.0742,1.7963,1.7771,1.7872,1.7414,1.7469,1.7707,1.7716,1.822,1.822,1.811,1.8302,1.8329,1.8311,1.8384,1.876,1.8705,1.8027,1.7386,1.6608,1.5848,1.4988,1.475,1.5583,1.6224,1.7277,1.8494,1.8531,1.8073,1.7808,1.7304,1.6883
1.6938,1.6095,1.5638,1.4686,1.4466,1.4731,1.4942,1.4402,1.3175,1.2525,1.2268,1.1344,1.0373,0.96591,0.98788,1.0446,1.0236,1.084,1.0318,1.1216,1.1774,1.2305,1.2479,1.3257,1.2552,1.1774,0.98422,0.8478,0.6006,0.16388,-0.38087,-0.28199,-0.36897,-3.3638,-6.1553,1.7661,1.7515,1.7579,1.7798,1.7762,1.7478,1.7231,1.7075,1.6746,1.6626,1.6974,1.6974,1.7386,1.7396,1.7615,1.7386,1.7689,1.7615,1.7945,1.7862,1.7515,1.7185,1.7112,1.7057,1.724,1.6791,1.6315,1.6095,1.5235,1.4475,1.3797
1.3523,1.3202,1.3285,1.3184,1.3605,1.4154,1.4154,1.3981,1.323,1.2571,1.2159,1.1682,1.117,1.0813,1.0263,0.97415,1.063,1.1499,1.1298,1.0254,0.89908,0.8359,0.79379,0.54018,0.47975,0.43214,0.16114,0.059511,0.18586,0.1767,-1.7331,-2.9133,-2.6102,-5.1244,-2.8858,1.6974,1.6388,1.6938,1.7185,1.735,1.8165,1.8311,1.7963,1.7798,1.7231,1.7121,1.7048,1.7277,1.7341,1.7588,1.7698,1.7982,1.7798,1.8119,1.8348,1.8467,1.8046,1.7853,1.7551,1.7029,1.6709,1.6572,1.616,1.5793,1.5995,1.6224
1.6709,1.6031,1.4951,1.4814,1.5171,1.4869,1.4081,1.4063,1.4182,1.41,1.279,1.2406,1.3248,1.3321,1.2406,1.0767,1.0758,1.0144,0.88717,0.76266,0.65737,0.58596,0.67202,0.75716,0.73244,0.57314,0.50172,0.23804,0.64455,0.89633,0.9064,-0.69857,-2.1909,-2.6862,-6.7696,1.8311,1.7515,1.6773,1.6297,1.6425,1.6388,1.6022,1.5519,1.5143,1.5546,1.5381,1.5336,1.5528,1.5812,1.5986,1.5482,1.4631,1.3834,1.3578,1.3175,1.2973,1.2305,1.2232,1.2058,1.2049,1.1701,1.1014,1.1014,1.095,1.0749,1.0318
1.0437,0.93387,0.78829,0.71047,0.62899,0.69308,0.74343,0.32319,0.35249,0.72054,0.63723,-0.271,-1.735,-2.981,-5.3121,-2.6652,-2.2047,-3.5139,-2.9472,-3.058,-2.8492,-1.7515,-1.757,-1.0208,-0.1886,-0.10712,-0.044862,0.17487,-0.19135,-0.41841,-0.65737,-0.8826,-1.0117,-2.0792,-5.5574,1.7377,1.7432,1.7899,1.811,1.8082,1.8201,1.7945,1.7716,1.7771,1.746,1.7093,1.7075,1.6865,1.68,1.6874,1.7084,1.702,1.7176,1.7377,1.735,1.7515,1.7624,1.735,1.7277,1.7176,1.6828,1.6498,1.6187,1.55,1.5281,1.5317
1.5638,1.5757,1.6031,1.6242,1.6013,1.5381,1.5024,1.4475,1.4356,1.3697,1.3459,1.2873,1.2268,1.127,0.965,0.85604,0.89724,0.81851,0.85421,0.88717,0.83224,0.9238,0.87344,0.79379,0.70589,0.75076,1.0236,1.5967,1.1856,0.40284,-0.5063,-1.3633,-1.908,-2.0582,-1.6489,1.7927,1.7853,1.7331,1.7231,1.7185,1.6855,1.6691,1.6361,1.6562,1.6379,1.6645,1.6535,1.6407,1.6416,1.6727,1.6938,1.724,1.6947,1.6883,1.6855,1.6645,1.6819,1.7158,1.7386,1.7798,1.7798,1.7551,1.7707,1.7689,1.7011,1.5876
1.5198,1.4658,1.4045,1.3944,1.3459,1.3294,1.3202,1.2241,1.1637,1.2433,1.2873,1.2763,1.1216,0.94943,0.9238,0.98239,0.93387,0.92746,0.90823,0.8359,0.79104,0.49989,0.16572,0.10529,0.09064,0.24171,0.62349,-0.65462,-0.92196,-1.8586,-1.431,-1.7716,-1.8357,-1.7478,-3.0186,1.7432,1.8009,1.7835,1.7652,1.7203,1.6828,1.6681,1.6617,1.7011,1.746,1.7908,1.7707,1.7862,1.7826,1.7899,1.7661,1.7542,1.7689,1.7414,1.7652,1.7661,1.746,1.7185,1.7304,1.7606,1.6965,1.6526,1.6178,1.5629,1.5867,1.5674
1.6059,1.6114,1.5693,1.561,1.5326,1.5299,1.4924,1.4759,1.5198,1.4109,1.3404,1.2864,1.171,1.127,1.1362,1.0822,0.95492,0.88534,0.8652,0.82675,0.85055,0.78005,0.70681,0.72878,0.41475,-0.059511,0.13459,0.31312,0.96866,1.8961,-0.37446,-3.2548,-6.5984,-4.5778,-3.4919,1.7899,1.7927,1.7963,1.8018,1.8467,1.8503,1.8723,1.8659,1.8806,1.8595,1.876,1.8604,1.8604,1.8705,1.8714,1.8732,1.8686,1.854,1.8531,1.8412,1.821,1.8119,1.8174,1.8476,1.8787,1.8705,1.8879,1.8934,1.9227,1.9117,1.8934
1.8833,1.8357,1.756,1.7093,1.6846,1.6599,1.6251,1.5802,1.5235,1.4731,1.4045,1.3019,1.2598,1.2662,1.2946,1.4081,1.442,1.4795,1.4924,1.485,1.3962,1.269,1.1893,1.0282,1.0318,1.2369,1.1206,0.54292,0.056764,1.0327,0.040284,-2.8529,-5.1793,-4.4432,-2.9563,1.821,1.8229,1.811,1.8366,1.8513,1.8549,1.8458,1.8183,1.8018,1.7954,1.7899,1.8055,1.8165,1.8329,1.8201,1.8357,1.854,1.8613,1.8677,1.8751,1.8906,1.9218,1.9153,1.9117,1.8915,1.8485,1.8046,1.8256,1.8155,1.7313,1.6489
1.5537,1.4713,1.4667,1.4612,1.4667,1.453,1.4814,1.4475,1.3459,1.3395,1.345,1.3898,1.344,1.29,1.1802,1.1994,1.2452,1.2955,1.1728,1.1115,0.97873,0.78372,0.56032,0.41841,0.34425,0.11261,-0.26826,-0.17121,0.15748,-1.0327,-4.0394,-5.4897,-2.5553,-1.4136,-1.4054,1.7331,1.7185,1.7066,1.7048,1.6984,1.6929,1.7103,1.7048,1.6645,1.6562,1.6269,1.6379,1.6343,1.648,1.6718,1.6883,1.6865,1.68,1.6599,1.6334,1.6581,1.6645,1.6929,1.6846,1.6443,1.6654,1.6947,1.6434,1.5903,1.6004,1.6562
1.7066,1.6819,1.6178,1.6178,1.6379,1.6269,1.5217,1.4722,1.507,1.5235,1.4457,1.3578,1.3596,1.3175,1.1939,1.0694,1.0044,1.0071,0.97781,0.94943,0.93753,0.9302,1.0007,1.0456,0.92654,1.0428,0.48982,0.57131,0.5118,0.032044,-0.92288,-1.4429,-1.8915,-3.0964,-6.3009,1.8183,1.7945,1.7881,1.7881,1.7899,1.7936,1.7908,1.7972,1.7734,1.8,1.8036,1.8201,1.8046,1.7899,1.7817,1.7789,1.7725,1.7634,1.7698,1.778,1.7679,1.7542,1.7341,1.7286,1.7185,1.713,1.7002,1.6727,1.6654,1.6471,1.6562
1.68,1.6974,1.724,1.6855,1.6507,1.6334,1.6187,1.6306,1.6196,1.5995,1.5619,1.5271,1.4997,1.4594,1.3706,1.2699,1.2452,1.2598,1.193,1.0858,1.041,1.0776,1.0566,0.95035,0.99521,1.0428,1.0355,0.78005,0.47884,0.25452,-0.1117,-0.59603,-0.99246,-0.18677,1.9181,0.64089,0.74343,0.82125,0.92013,1.4118,1.1426,1.0694,1.063,0.90548,0.6354,0.43031,0.40925,0.23072,-0.0824,-0.26734,0.13092,0.41292,0.28657,0.30488,0.24354,0.32044,0.50813,0.40101,0.67934,0.683,0.32319,0.46785,0.54292,0.48158,0.553,0.50905
0.68575,0.44313,0.58046,0.50356,0.10529,0.47151,0.69765,0.3415,0.23621,0.53652,0.72054,0.35249,0.15198,-0.16572,0.011902,-0.0091556,0.2234,0.37263,0.22065,0.26643,-0.01648,-0.17304,-0.19868,0.076907,0.34974,0.45869,0.63173,0.84506,0.95859,1.1161,1.3038,1.3202,1.3092,5.9621,-5.5016,1.9108,1.8815,1.8201,1.821,1.8146,1.7716,1.7277,1.7743,1.6855,1.6773,1.6846,1.7029,1.7624,1.8027,1.8265,1.8,1.8119,1.8137,1.8229,1.8375,1.8513,1.8586,1.8513,1.789,1.7322,1.724,1.7249,1.6947,1.6251,1.6059,1.6727
1.7158,1.6938,1.6617,1.6965,1.7423,1.7542,1.6755,1.6434,1.6755,1.6425,1.5354,1.4576,1.496,1.4612,1.3669,1.2955,1.3294,1.2818,1.2387,1.1225,1.0868,1.1335,1.1042,1.0858,1.0025,0.89084,0.73885,0.44496,0.12909,0.047609,-0.029298,-0.39735,-0.71139,-0.34791,-0.58138,-0.12909,0.35798,0.61342,1.2616,-1.4859,-2.8968,-1.8091,-1.4759,-1.0254,-0.39369,-0.60244,-0.21332,-0.04944,0.06592,-0.06592,-0.24171,-0.67476,-2.2156,-3.5395,1.8458,1.8284,1.821,1.8046,1.8128,1.8503,1.8311,1.8155,1.8229,1.832,1.7835,1.7835
1.8064,1.7579,1.7588,1.7689,1.7798,1.7743,1.8238,1.8274,1.8027,1.7762,1.7643,1.7478,1.7322,1.7496,1.6892,1.6755,1.6984,1.6974,1.6636,1.6031,1.5784,1.5647,1.561,1.5143,1.5143,1.5052,1.4914,1.5098,1.5354,1.5583,1.5372,1.5372,1.5271,1.5455,1.5445,1.5207,1.4566,1.3724,1.268,1.2506,1.2241,1.1179,0.87436,0.73794,0.74709,0.47792,0.19959,-0.10254,-0.73428,-0.80935,0.11994,0.29664,-1.4686,1.1371,1.6736,1.6865,1.691,1.6388,1.7038,1.7057,1.6242,1.6526,1.6901,1.6599,1.6324,1.6041
1.6489,1.6434,1.5958,1.5867,1.5949,1.6196,1.6269,1.5766,1.4859,1.5088,1.6013,1.6187,1.5903,1.5656,1.6388,1.6434,1.5198,1.3285,1.2003,1.1087,0.94211,0.69582,0.12818,-0.22156,-0.092471,0.043031,-0.23713,-0.74526,-0.7178,-0.20051,-1.9208,-3.1733,-1.8824,0.84597,0.11811,-2.1232,-2.6881,-1.6324,-0.18311,0.26551,0.33418,0.050356,0,-0.06592,-0.075076,-0.1529,-0.31495,-0.52187,-0.76083,-1.0959,-1.3028,-1.5482,-2.6423,-5.7213,1.7652,1.7661,1.7707,1.7725,1.7469,1.7505,1.7414,1.6993,1.6736,1.6453,1.6434,1.67
1.713,1.691,1.6709,1.7148,1.7597,1.6947,1.5839,1.5308,1.5134,1.4512,1.3761,1.3193,1.2873,1.2671,1.2488,1.2516,1.1417,1.0794,0.99155,0.89175,0.69216,0.45595,0.19318,0.038453,-0.11811,0.58596,2.786,4.2445,0.41292,-2.0115,-1.2296,2.3548,2.1003,1.3303,-1.6819,-2.7906,-2.4574,-1.2149,0.67568,-0.41292,-0.29847,-0.22614,-0.07416,-0.00824,-0.29023,-0.5475,-0.6061,-0.56856,-0.88809,-1.1692,-1.2104,-1.3898,-2.201,-4.3754,1.8439,1.8394,1.7808,1.7624,1.7679,1.7698,1.7624,1.7524,1.7853,1.8046,1.778,1.7432
1.7304,1.7167,1.691,1.7057,1.6901,1.6123,1.5592,1.5125,1.496,1.464,1.4466,1.4328,1.4145,1.3916,1.3184,1.2168,1.1682,1.1005,1.073,1.0703,1.1005,0.99063,0.91556,0.64455,0.36897,-0.18403,-0.60335,-0.89816,-0.57222,1.8394,4.1795,1.8421,0.65279,1.2442,1.377,-0.38911,-1.0987,-1.7084,-2.2687,-1.8659,-0.49898,-0.26002,-0.27284,-0.42848,-0.34974,-0.412,-0.45686,-0.45228,-0.3882,-0.4239,-0.65279,-1.3166,-2.7888,-3.4114,1.7478,1.7084,1.6837,1.6956,1.713,1.724,1.7396,1.6919,1.7615,1.7789,1.7743,1.7121
1.7029,1.724,1.7624,1.7679,1.7267,1.756,1.7945,1.8046,1.8064,1.8018,1.8339,1.8311,1.8256,1.8293,1.8146,1.7661,1.746,1.7231,1.7048,1.713,1.6782,1.6288,1.6416,1.6709,1.6453,1.615,1.5802,1.5894,1.5281,1.5107,1.5125,1.5693,1.6297,1.6077,1.0813,1.1106,0.84506,0.85879,0.74801,0.66103,0.65737,0.71596,0.66195,0.39735,0.6711,0.65371,0.50813,0.42116,0.30396,3.6256,2.6844,0.85604,-0.52736,-0.07416,1.7808,1.7496,1.7313,1.7762,1.8146,1.8073,1.8705,1.8815,1.8513,1.8366,1.8137,1.8174
1.8046,1.822,1.8055,1.7652,1.7808,1.7808,1.7725,1.7615,1.7469,1.7341,1.7103,1.7112,1.757,1.7734,1.7533,1.7579,1.7991,1.7982,1.7643,1.7212,1.7084,1.6782,1.6645,1.6059,1.6095,1.5894,1.6242,1.5931,1.5052,1.4759,1.409,1.3385,1.2268,1.1527,1.1234,1.1893,1.1042,1.1673,1.2003,1.2214,1.1756,0.92837,0.70772,0.4001,0.23713,0.31495,0.35615,0.41932,0.58962,0.83773,0.70406,0.36622,0.59328,0.35707,1.5555,1.5226,1.6334,1.6919,1.7295,1.756,1.8357,1.7588,1.7414,1.778,1.8,1.735
1.7167,1.7908,1.8155,1.7789,1.7396,1.7441,1.7588,1.778,1.8119,1.8073,1.7817,1.7908,1.767,1.7679,1.7441,1.7048,1.6993,1.702,1.7112,1.7038,1.7075,1.6388,1.6196,1.5638,1.5528,1.5024,1.5125,1.5262,1.4621,1.4035,1.3788,1.3001,1.2561,1.2122,1.2085,1.1728,1.1582,1.1509,1.0657,0.98331,1.0327,0.92654,0.48708,0.30854,0.23347,-0.070498,-0.24537,-0.47334,-0.90915,1.1353,-6.4473,4.7581,0.72695,-4.8717,1.6388,1.6956,1.7643,1.7927,1.8146,1.8137,1.7853,1.8714,1.8394,1.8146,1.8238,1.8174
1.8503,1.8146,1.8137,1.8174,1.8265,1.8384,1.8247,1.8632,1.8503,1.8183,1.789,1.7771,1.7982,1.7716,1.7606,1.7423,1.7066,1.6791,1.6663,1.6306,1.5711,1.5564,1.5619,1.5363,1.5189,1.5949,1.6636,1.7084,1.7103,1.713,1.67,1.6498,1.6919,1.6691,1.6004,1.4869,1.4603,1.4347,1.3889,1.2662,1.1866,1.2333,1.2552,1.2626,1.0968,1.0483,0.95035,0.83224,0.6354,0.19501,0.062258,0.32319,1.1692,2.5288,1.4667,1.3221,1.2571,1.2067,1.2268,1.2049,1.2058,1.1362,1.1591,1.1261,1.1563,1.2232
1.2488,1.3477,1.5207,1.5885,1.5702,1.5436,1.5235,1.5043,1.5116,1.5711,1.6086,1.3697,1.2003,1.0959,1.0987,1.1756,1.2415,1.3285,1.4447,1.4127,1.3065,1.2104,1.1408,1.0538,0.98514,0.9302,0.94485,1.0639,1.0849,1.0703,1.0355,0.96774,0.91281,0.86062,0.77273,0.6766,0.55391,0.41292,0.47792,0.62807,0.4413,0.38179,0.31312,0.29664,0.13367,0.23988,0.61068,0.56398,0.99246,1.7011,2.4189,2.5114,1.8082,-1.5702,-0.083316,-0.09064,-0.086062,-0.093387,-0.09064,-0.097964,-0.087893,-0.091556,-0.10254,-0.10163,-0.091556,-0.093387
-0.091556,-0.089724,-0.09064,-0.097964,-0.10529,-0.09888,-0.094302,-0.097964,-0.095218,-0.10712,-0.1062,-0.10712,-0.11261,0.084231,0.29389,-0.50539,0.889,0.23713,0.8533,1.1609,1.572,1.5931,0.77822,0.43397,0.66012,0.57039,0.90915,0.99429,0.27284,1.1921,1.3028,0.68758,0.14924,0.36622,-0.094302,-0.0824,-0.064089,-0.069582,-0.076907,-0.10163,-0.13733,-0.12452,-0.067751,-0.054933,-0.076907,1.2287,1.724,1.9254,1.5464,1.1628,0.83499,0.87069,2.1461,0.62807,-0.72695,-0.69765,-1.3962,-0.85238,-0.19501,1.0364,0.58046,0.55483,0.10804,-0.18769,-0.24445,-0.2353
-0.22889,-0.096133,-0.068667,-0.11444,0.094302,0.09064,-0.1355,-0.13733,-0.12085,-0.086062,-0.11811,-0.051271,-0.046693,0.0045778,-0.070498,-0.18128,-0.072329,-0.048524,-0.20142,-0.17029,-1.485,-1.3981,-1.2818,-1.1811,-1.1426,-1.1023,-1.0721,-1.0337,-0.98514,-0.9595,-0.92196,-0.91281,-0.91006,-0.85055,-0.84323,-0.83407,-0.80844,-0.71596,-0.69857,-0.66469,-0.56307,-0.50722,-0.51454,-0.49806,-0.38911,-0.17121,-0.0073244,0.22431,1.0593,2.3127,3.101,3.6586,3.6247,-1.3981,-1.3779,-1.3541,-1.3532,-1.3669,-1.2909,-1.2204,-1.1939,-1.2131,-1.1829,-1.1536,-1.1032,-1.1142
-1.1747,-1.1774,-1.1792,-1.1609,-1.0813,-1.1051,-1.1106,-1.0318,-0.88992,-0.84231,-0.84414,-0.77548,-0.69124,-0.64638,-0.57588,-0.41108,-0.37538,-0.45045,-0.54659,-0.62166,-0.62899,-0.56307,-0.553,-0.56215,-0.53194,-0.35798,-0.46052,-0.27375,-0.032044,0.43489,0.97415,1.7176,2.7842,3.8115,3.6851,3.5643,3.6668,2.5233,1.5271,0.9238,0.53926,0.060427,-0.25727,-0.01648,0.27375,0.3003,0.23988,0.23713,0.39918,0.47792,0.5118,1.8879,1.0263,0.95584,0.82949,0.74801,0.75076,0.78921,0.86428,0.97324,0.97415,1.1875,1.1792,1.193,1.1527,1.1353
1.1142,1.062,1.0584,1.084,1.1399,1.1719,1.2561,1.1957,1.0392,0.94211,0.88809,0.86886,0.81942,0.8652,0.89633,0.9238,0.91464,0.89724,0.91922,0.96866,0.93661,0.85421,0.81301,0.76449,0.72604,0.70406,0.7242,0.74068,0.72512,0.65004,0.57588,0.50813,0.43397,0.45869,0.44221,0.41749,0.37355,0.44221,0.44221,0.39644,0.3534,0.46419,0.52461,0.47334,0.44679,0.29756,-0.065004,-0.45961,-0.99979,-1.8723,-2.2541,-2.927,-3.9167,-1.8192,-1.8073,-1.8229,-1.7634,-1.6462,-1.4585,-1.2964,-1.258,-1.2827,-1.2607,-1.1719,-1.1509,-1.2552
-1.3083,-1.1628,-0.97598,-0.92654,-0.8826,-0.76998,-0.59328,-0.45045,-0.41475,-0.29206,-0.14283,-0.10712,-0.14008,-0.17487,-0.097049,-0.010071,0.042116,-0.023804,0.04944,0.16663,0.28932,0.34425,0.34791,0.47884,0.44221,0.59328,0.49623,0.48158,0.6061,0.72329,0.80935,1.3129,1.9684,3.0186,3.2218,5.1656,8.0285,7.655,3.3555,0.0064089,-0.39003,-0.48708,-0.24903,-0.39277,-0.094302,-0.33967,-0.53926,-0.54292,-0.37172,-0.32502,1.0996,1.7927,1.757,1.6617,1.5949,1.5729,1.6169,1.6434,1.6086,1.5867,1.5867,1.5436,1.5665,1.5317,1.5052,1.4722
1.4658,1.4475,1.4512,1.4292,1.4209,1.41,1.4292,1.4512,1.4576,1.4869,1.4887,1.453,1.4466,1.4969,1.5143,1.5006,1.4832,1.4731,1.4429,1.399,1.3569,1.3193,1.3092,1.301,1.3129,1.2955,1.2891,1.2653,1.247,1.2708,1.2836,1.2964,1.2873,1.2809,1.258,1.1985,1.1225,1.095,1.1444,1.2406,1.2836,1.2626,1.2983,1.3038,1.2268,1.1692,0.9769,0.70406,0.46236,0.33784,0.11536,-1.8586,-1.9492,-1.6462,-1.6379,-1.6453,-1.6388,-1.6453,-1.6279,-1.5354,-1.4713,-1.4576,-1.4484,-1.4136,-1.3742,-1.3578
-1.345,-1.3102,-1.2964,-1.2699,-1.2397,-1.1646,-1.1078,-1.0739,-1.03,-1.0007,-0.98514,-0.98148,-0.93844,-0.91922,-0.91464,-0.95676,-0.88809,-0.8478,-0.77731,-0.73885,-0.69216,-0.53011,-0.43855,-0.33326,-0.25361,0.032044,0.097049,0.070498,0.043947,0.14283,0.17579,0.23988,0.30488,0.37538,0.35066,0.29572,0.30122,0.31953,0.36714,0.4358,0.38728,0.37721,0.40651,0.48708,0.5649,0.66195,1.0254,1.648,2.298,2.9115,3.3518,5.269,5.1582,-1.6004,-1.6013,-1.6352,-1.6352,-1.6187,-1.6178,-1.6462,-1.6984,-1.7277,-1.7405,-1.7753,-1.821,-1.8265
-1.8018,-1.746,-1.7057,-1.6819,-1.659,-1.6782,-1.7515,-1.7872,-1.7542,-1.7222,-1.7588,-1.778,-1.7377,-1.6874,-1.6727,-1.6507,-1.6205,-1.6718,-1.6691,-1.6105,-1.5162,-1.4393,-1.4521,-1.5244,-1.5207,-1.5317,-1.6782,-1.8659,-1.8925,-1.8055,-1.8796,-1.8952,-1.7542,-1.6132,-1.4713,-1.3981,-1.3788,-1.3184,-1.1856,-0.99429,-0.79287,-0.4294,-1.1087,-0.84506,-1.4145,-1.7835,-2.6029,-3.6512,-3.3143,-1.7487,-2.4281,-0.1648,-1.7084,-1.7478,-1.7542,-1.7441,-1.7203,-1.724,-1.7432,-1.7588,-1.7222,-1.6892,-1.7158,-1.6993,-1.6562,-1.6132
-1.6095,-1.637,-1.6462,-1.6279,-1.67,-1.7176,-1.7542,-1.746,-1.7579,-1.7487,-1.7231,-1.7066,-1.7176,-1.735,-1.6947,-1.6132,-1.6004,-1.7139,-1.7762,-1.8183,-1.9053,-2.0362,-1.9153,-1.789,-1.7524,-1.8274,-1.8595,-1.4805,-1.4356,-1.7725,-1.7707,-1.6297,-1.6233,-1.7698,-2.0188,-1.9263,-1.6388,-1.2635,-1.0419,-0.91464,-1.16,-1.474,-1.3807,-2.0563,-2.5535,-2.0792,-1.9483,-1.6828,-3.264,-0.7947,-0.87985,-1.0822,-1.1536,-1.7963,-1.7872,-1.7798,-1.7753,-1.7844,-1.8027,-1.8183,-1.8119,-1.8412,-1.8751,-1.8641,-1.8165,-1.8128
-1.7689,-1.7185,-1.6974,-1.7194,-1.745,-1.681,-1.6233,-1.5656,-1.5281,-1.485,-1.4823,-1.4585,-1.4457,-1.4429,-1.4585,-1.4759,-1.5912,-1.6498,-1.6837,-1.7258,-1.7505,-1.7661,-1.7542,-1.6919,-1.6425,-1.7258,-1.8979,-1.9272,-2.0518,-2.3933,-2.3841,-1.8146,-1.5931,-1.9208,-2.1021,-1.8833,-1.6892,-1.334,-0.73428,-0.48799,-0.065004,-0.31129,-0.1236,-0.9238,-1.6041,-3.0461,-4.2821,-3.6183,-3.3949,-0.99429,-0.89908,-0.52004,-0.79562,-1.984,-1.984,-1.9739,-1.9538,-1.9089,-1.8796,-1.8806,-1.8714,-1.8348,-1.8082,-1.7615,-1.7176,-1.7029
-1.6919,-1.6654,-1.6498,-1.6251,-1.5967,-1.5363,-1.4731,-1.4557,-1.4557,-1.3944,-1.29,-1.204,-1.0739,-0.97598,-0.92105,-0.89358,-0.8652,-0.82492,-0.84872,-0.84231,-0.8121,-0.79012,-0.7947,-0.78738,-0.74435,-0.73702,-0.73885,-0.68758,-0.63906,-0.62349,-0.56307,-0.50905,-0.48708,-0.50447,-0.46968,-0.35981,-0.41108,-0.50813,-0.54842,-0.57314,-0.72512,-0.91922,-1.0071,-1.0291,-1.1756,-1.474,-1.7872,-1.7927,-1.9776,-3.0992,-3.4535,-5.6233,-6.6588,-1.7222,-1.7194,-1.7167,-1.7469,-1.7743,-1.7789,-1.7762,-1.7661,-1.7606,-1.756,-1.7148,-1.6782,-1.6553
-1.6617,-1.6691,-1.6855,-1.7084,-1.7478,-1.7597,-1.7652,-1.745,-1.7231,-1.6828,-1.6251,-1.5876,-1.5738,-1.5409,-1.5162,-1.5244,-1.5207,-1.5134,-1.4393,-1.4081,-1.366,-1.3404,-1.247,-1.139,-1.0575,-1.0456,-1.0813,-1.0675,-0.95492,-0.7709,-0.61342,-0.46693,-0.43214,-0.34425,-0.17487,-0.11078,-0.053102,-0.023804,-0.01648,-0.066836,-0.18586,-0.33692,-0.3296,-0.22706,-0.32594,-0.72054,-0.86245,-0.91922,-1.5015,-2.4546,-2.1332,-4.8012,-7.5195,-1.6251,-1.6178,-1.6105,-1.6068,-1.5693,-1.5546,-1.5693,-1.6196,-1.6855,-1.713,-1.7396,-1.6718,-1.5839
-1.4997,-1.431,-1.4484,-1.5061,-1.5638,-1.6114,-1.5967,-1.5143,-1.3761,-1.2918,-1.3138,-1.4035,-1.5317,-1.7194,-1.7698,-1.7057,-1.6334,-1.6095,-1.5619,-1.4402,-1.2497,-1.1234,-1.0492,-0.96957,-0.79379,-0.618,-0.36439,-0.12635,0.021058,0.091556,0.17212,0.26643,0.30671,0.32777,0.34242,0.38728,0.35707,0.38636,0.40925,0.25086,0.055849,-0.07416,-0.14191,-0.29298,-0.56673,-1.2955,-2.049,-1.6883,-1.9922,-2.0792,-2.4107,-1.1866,-1.7322,-0.12268,-0.13459,-0.11628,-0.1236,-0.10804,-0.10987,-0.11078,-0.067751,-0.037538,0.023804,0.028382,0.066836,0.064089
0.066836,0.0824,0.11078,0.13733,0.141,0.15656,0.17396,0.19318,0.22248,0.23896,0.26734,0.29206,0.3177,0.30671,0.30946,0.31678,0.33235,0.35798,0.40468,0.49348,0.6006,0.68758,0.71047,0.74526,0.8359,1.0034,1.0831,1.1426,1.1023,0.99796,0.8945,0.88443,0.9357,1.0593,1.1417,1.1151,1.0996,1.1673,1.0895,1.0657,0.89267,0.87344,0.85788,0.53743,-0.31861,-0.80477,-1.3514,-2.0866,-2.7146,-2.1946,-3.1953,-6.6121,-1.8824,-1.908,-1.8339,-1.7313,-1.6288,-1.6022,-1.5409,-1.4191,-1.247,-1.0987,-1.0538,-1.0273,-0.88076,-0.58046
-0.477,-0.2884,-0.026551,0.10804,0.1886,0.22156,0.27284,-0.021058,0.35157,0.33143,0.24171,0.20325,0.20142,0.19959,0.2646,0.29115,0.3589,0.33235,0.39735,0.43764,0.46236,0.41475,0.46419,0.53468,0.61708,0.65554,0.66012,0.63631,0.74892,0.79196,0.82492,0.92013,1.0776,1.1792,1.1216,1.1701,1.1939,0.98239,0.72237,0.70864,0.759,0.76815,0.61983,0.347,0.000916,-0.28748,-0.61251,-1.0245,-1.5033,-3.5011,-2.0673,-2.0307,1.8036,1.0355,1.0373,1.0327,1.0346,1.019,0.9888,0.96591,0.96408,0.9476,0.89267,0.84231,0.7828,0.74068
0.69857,0.70772,0.7828,0.90823,1.0556,1.2049,1.2671,1.2607,1.1966,1.1573,1.1582,1.1618,1.1481,1.1115,1.0913,1.0767,1.0877,1.0932,1.1206,1.1435,1.1353,1.1234,1.1957,1.2873,1.3404,1.3697,1.3504,1.4328,1.6251,1.5262,1.3852,1.3175,1.4228,1.5143,1.7386,1.8101,1.5482,1.1847,0.88626,0.65096,0.32228,-0.071413,-0.48158,-0.82125,-1.0199,-1.2314,-1.4512,-1.6489,-1.4072,-0.39003,-1.6068,-0.24262,1.3285,-0.65554,-0.5118,-0.51454,-0.46602,-0.40376,-0.32044,-0.23621,-0.23438,-0.18677,-0.10071,-0.032044,0.033876,0.065004
0.11628,0.19684,0.30396,0.42665,0.41017,0.49623,0.66744,0.77181,0.85055,0.8945,0.98605,1.0089,1.0273,1.0538,1.0767,1.1023,1.1197,1.1216,1.1005,1.095,1.0978,1.0895,1.0327,1.0181,1.0181,1.0044,1.008,1.0529,1.1454,1.1655,1.1225,1.1005,1.0639,1.0474,1.0355,0.99612,1.0034,0.94943,0.70315,0.56856,0.58229,0.52736,0.3058,0.11078,-0.18494,-0.25544,-0.64089,-1.1087,-1.3953,-1.5674,-1.203,-4.6565,-8.2876,0.94577,0.53926,0.30305,0.54476,0.40559,0.37538,-0.043031,0.2884,0.35615,-0.092471,-0.34425,0.56215,0.84597
-0.032044,-0.41383,-0.092471,-0.026551,-0.33418,-0.53102,-0.63997,-2.7485,-2.2742,-2.2697,-1.9309,-1.7194,-1.3752,-1.0099,-0.60976,-2.6588,1.7295,-0.20508,-0.12085,-0.76815,-1.7533,-0.60518,-0.97324,-1.4347,-1.0135,-0.90823,-1.1866,-0.71139,-0.47975,-0.52736,-0.68758,-0.48982,-0.36897,-0.23072,-0.46693,-0.49257,-0.92013,-0.99612,-1.2241,-1.4978,-1.6709,-1.7982,-1.8155,-1.9437,-2.1039,-1.9648,-1.7753,-2.0325,-2.3127,-2.5782,-2.6505,-2.5242,1.6086,-1.6617,-1.6507,-1.6489,-1.6269,-1.6132,-1.6041,-1.5949,-1.5592,-1.5418,-1.5271,-1.5372,-1.5363,-1.539
-1.5116,-1.4328,-1.399,-1.3834,-1.3266,-1.268,-1.1948,-1.1609,-1.0776,-0.99155,-0.94394,-0.9064,-0.8066,-0.72878,-0.70223,-0.6354,-0.51271,-0.37172,-0.29389,-0.27833,-0.25819,-0.10163,-0.067751,-0.014649,-0.032044,0.038453,0.19684,0.19044,0.30213,0.37538,0.4001,0.35707,0.39094,0.44954,0.47243,0.44221,0.30396,0.29023,0.39552,0.48341,0.46602,0.50356,0.7297,0.76174,0.55574,0.3589,0.36531,0.18769,-0.26551,-1.3102,-2.0664,-2.0811,-12.154,-1.8119,-1.9501,-2.027,-2.0316,-1.9895,-1.9337,-1.9199,-1.9437,-1.886,-1.8943,-1.9236,-1.887,-1.8485
-1.6993,-1.6205,-1.5345,-1.3953,-1.279,-1.2076,-1.1728,-1.1408,-1.1234,-1.1325,-1.1252,-1.1161,-1.0868,-1.041,-1.0199,-0.95218,-0.92196,-0.84689,-0.79562,-0.7535,-0.74526,-0.6885,-0.618,-0.58046,-0.58687,-0.64272,-0.67019,-0.7297,-0.78005,-0.85421,-0.90915,-0.92471,-1.019,-1.0117,-0.95401,-0.80935,-0.69491,-0.42207,-0.27833,-0.33967,-0.38911,-0.40284,-0.47517,-0.62716,-0.72512,-0.91006,-1.0959,-1.2836,-1.5262,-1.8686,-3.4553,-2.103,-2.917,0.55666,0.53377,0.53194,0.61708,0.56948,0.78829,0.53743,0.50813,0.57131,0.62716,0.52919,0.49257,0.5237
0.45503,0.44679,0.52187,0.48982,0.52278,0.61983,0.6711,0.42756,0.46876,0.74343,0.70498,0.28108,0.29115,0.75991,0.86337,0.46602,0.45412,0.59328,0.47975,0.27467,0.14832,0.50264,0.55849,1.1985,-0.18036,-0.38179,0.23804,-0.045778,-0.37721,-0.25086,-0.47334,-1.5546,-1.8833,-2.8739,-3.4022,-3.2603,-3.025,-3.0616,-3.1056,-3.2365,-3.3363,-3.3747,-3.2978,-1.8366,-2.2733,-0.52919,0.00824,0.8652,0.99521,3.3903,2.3356,1.3605,1.442,-1.822,-1.7423,-1.6169,-1.5235,-1.529,-1.5381,-1.5317,-1.4978,-1.4594,-1.4328,-1.4402,-1.4301,-1.4347
-1.4045,-1.3816,-1.3779,-1.3623,-1.3321,-1.3074,-1.2891,-1.2653,-1.2406,-1.1893,-1.1106,-1.0401,-0.95676,-0.85238,-0.77456,-0.6885,-0.66927,-0.58504,-0.53194,-0.5182,-0.49806,-0.43306,-0.3177,-0.26551,-0.20325,-0.068667,0.075076,0.14924,0.2353,0.37629,0.51363,0.57405,0.62532,0.72695,0.73061,0.62258,0.51454,0.54018,0.477,0.20508,-0.060427,-0.16938,-0.46419,-0.58779,-0.48067,-0.40468,-0.39369,-0.096133,-0.033876,-0.63356,-1.5601,-3.2511,-8.5513,0.3708,0.43947,0.42756,0.49989,0.53835,0.58596,0.64089,0.68117,0.64547,0.60884,0.56124,0.52004,0.48799
0.46236,0.46419,0.43306,0.45045,0.45412,0.50264,0.50356,0.51454,0.50905,0.49257,0.43764,0.3946,0.42573,0.44771,0.4651,0.43306,0.41383,0.40651,0.42207,0.43672,0.50813,0.56032,0.618,0.66469,0.7123,0.57131,0.53652,0.57222,0.47609,0.49623,0.37721,0.44496,0.42024,0.20051,-0.079653,-0.11994,0.040284,0.1117,0.43031,0.90915,0.99979,0.91464,0.98422,0.80752,0.25452,-0.13916,-0.59511,-1.7634,-2.6917,-3.0186,-2.5855,0.92563,-3.2209,-0.64364,0.010987,0.11536,-0.000916,0.20875,0.22156,0.091556,-0.48067,-0.27741,-0.42116,-0.29115,-0.75991,-1.2525
-1.0318,-1.1042,-1.0373,-0.96957,-0.95676,-0.90823,-0.9595,-0.88351,-0.97873,-1.0154,-0.71413,-0.62258,-0.53194,-0.65462,-1.0996,-0.63082,-1.1133,-1.1847,-1.2818,-1.1847,-1.431,-1.3898,-1.1884,-1.3211,-0.90091,-1.1032,-1.1307,-1.4219,-1.3102,-1.2873,-1.5775,-1.3605,-1.7762,-1.3312,-1.4411,-1.4081,-1.5464,-1.6205,-1.9034,-1.9428,-2.4912,-2.4143,-2.3942,-2.2642,-2.2166,-2.158,-2.0719,-1.7771,-1.4447,-1.3001,-1.1408,-1.2195,-1.0712,-1.0785,-0.98972,-0.93844,-0.7947,-0.6061,-0.50081,-0.3946,-0.24354,-0.11628,0.089724,0.27192,0.36531,0.48891
0.65096,0.72787,0.80111,0.81759,0.83041,0.83499,0.85055,0.87802,0.9302,0.99338,1.0483,1.0858,1.0895,1.0849,1.1014,1.1133,1.1151,1.0547,1.0007,0.95767,0.96774,0.99429,1.0593,1.1454,1.2021,1.1875,1.258,1.2754,1.1856,1.0749,1.0126,0.94577,0.84048,0.759,0.82675,0.84048,0.75533,0.66744,0.62532,0.55391,0.44862,0.25086,0.12635,-0.096133,-0.15198,-0.52187,-0.80477,-0.98056,-1.0666,-0.85971,-1.3843,-3.6915,-0.18128,0.60976,0.63173,0.68758,0.62166,0.89084,0.85696,0.24537,0.49165,0.58596,0.35066,0.026551,0.50722,0.17853
-0.021058,-0.031129,-0.18311,-0.16663,-0.20234,-0.27741,-0.13276,-0.23713,0.092471,-1.0208,-1.9474,-1.5079,-1.2571,-1.247,-0.25178,-0.72695,-0.95676,-0.74892,-0.82492,-1.0712,-1.1444,-1.0566,-1.0474,-1.3202,-1.4319,-1.3871,-1.4118,-1.4832,-1.5647,-0.97598,-1.3166,-0.9476,-1.5244,-1.4081,-1.7496,-0.70956,-1.0135,-0.63814,-1.3834,-1.279,-1.4438,-1.2232,-1.6114,-1.6242,-1.9712,-2.0847,-1.9895,-1.8595,-1.7689,-2.0875,-2.223,-1.0666,-2.1964,1.2287,1.2342,1.236,1.1902,1.117,1.0593,0.9888,0.97232,0.95676,0.92746,0.89999,0.89816,0.94211
0.96683,0.95676,1.0144,1.0465,1.1316,1.1774,1.1545,1.1783,1.1911,1.1673,1.1454,1.1682,1.1783,1.1728,1.1902,1.2452,1.3056,1.3541,1.3092,1.3184,1.3614,1.3578,1.3422,1.3916,1.4878,1.5253,1.5519,1.4631,1.3138,1.3633,1.4081,1.4466,1.4154,1.3349,1.1316,0.99063,0.89724,0.70956,0.347,0.13276,0.064089,0.14008,0.13367,0.031129,-0.050356,-0.22706,-0.30396,-0.37446,-0.57588,-0.86428,-15.925,-1.8009,-0.20325,0.37446,0.3415,0.43489,0.6592,0.50447,0.6592,0.44404,0.90548,0.67385,0.76266,0.64364,0.77364,0.52828
0.56673,0.57955,0.59511,0.25819,0.27467,0.40376,0.64821,0.34974,0.16297,0.26368,0.2884,0.23347,-0.41108,-0.075076,-0.63814,-0.15656,-2.4793,-0.9476,-1.1994,-1.3056,-1.3532,-0.74435,-0.95492,-1.2543,-0.3882,-1.0813,-0.74709,-1.0419,-0.75167,-1.1902,-1.2571,-1.2799,-1.388,-1.1811,-1.4997,-1.4933,-0.89541,-1.7716,-1.6233,-1.8366,-1.6489,-1.7432,-1.7249,-1.0273,-1.2387,-1.0703,-1.518,-2.1799,-2.4097,-2.8657,-2.6991,-0.13825,-0.25636,-1.7679,-1.757,-1.757,-1.7743,-1.7908,-1.8082,-1.8082,-1.7808,-1.832,-1.8522,-1.8833,-1.9254,-1.9785
-2.0032,-1.9529,-1.908,-1.8677,-1.8686,-1.876,-1.7936,-1.7002,-1.7048,-1.8027,-1.9044,-1.9501,-1.8622,-1.7515,-1.6654,-1.5592,-1.4713,-1.3395,-1.1664,-1.0099,-0.90915,-0.82675,-0.7709,-0.70681,-0.72604,-0.7535,-0.81759,-0.89633,-0.89267,-0.84597,-0.82034,-0.82583,-0.80477,-0.76083,-0.75442,-0.70315,-0.58596,-0.42756,-0.38179,-0.3122,-0.081484,-0.039369,-0.067751,-0.043031,-0.21241,-0.65371,-0.96866,-0.80844,-1.0886,-1.3276,-1.1554,-2.6698,-3.7785,-3.8838,-3.5514,-4.022,-2.9609,-1.5006,-1.6361,-1.4612,-1.529,-1.5986,-1.6947,-3.2392,-1.1975,-0.63631
-0.51729,-0.36897,-0.31861,-0.31312,-0.30122,-0.34333,-0.3177,-0.29298,-0.34791,-0.51363,-0.5942,-0.74801,-0.94211,-1.3688,-1.9373,-4.7838,-1.6965,-1.6553,-1.6132,-1.6205,-1.6095,-1.6242,-1.6224,-1.5683,-1.5189,-1.4548,-1.3981,-1.4136,-1.4072,-1.4063,-1.4191,-1.4264,-1.4118,-1.3916,-1.4035,-1.3752,-1.3862,-1.3807,-1.4081,-1.3825,-1.3651,-1.3303,-1.3019,-1.2149,-1.0584,-0.90732,-0.84231,-0.8652,-0.85971,-0.84964,-0.8478,-0.84231,-0.8002,-0.70132,-0.65279,-0.58046,-0.5118,-0.46602,-0.41383,-0.4001,-0.43855,-0.48524,-0.49715,-0.50356,-0.41108,-0.35157
-0.36622,-0.39644,-0.45045,-0.44496,-0.45869,-0.58962,-0.6061,-0.45778,-0.22614,-0.17029,-0.63265,-0.71139,-0.7004,-0.76083,-4.6318,0.84689,-1.6205,-1.6077,-1.6379,-1.6736,-1.6956,-1.7377,-1.7588,-1.757,-1.7304,-1.6379,-1.5656,-1.5162,-1.4713,-1.3358,-1.2149,-1.1399,-1.0227,-0.86154,-0.72878,-0.62349,-0.5649,-0.58046,-0.56673,-0.55849,-0.52278,-0.53377,-0.57772,-0.62441,-0.61159,-0.57222,-0.53743,-0.5118,-0.49165,-0.46876,-0.47243,-0.43214,-0.39552,-0.4294,-0.42116,-0.42665,-0.47975,-0.53652,-0.5887,-0.70132,-0.80935,-0.84597,-0.85238,-0.87069,-0.92105,-1.0483
-1.0355,-0.93844,-0.65737,-0.53743,-0.65279,-0.68117,-0.42116,-0.54567,-1.0895,-0.3058,0.71505,0.52278,-0.28291,0.59511,2.7329,0.97324,-0.47517,-0.44771,-0.44404,-0.43855,-0.40559,-0.44679,-0.4358,-0.40193,-0.37263,-0.38087,-0.3827,-0.39735,-0.43672,-0.40376,-0.39735,-0.33876,-0.29664,-0.25452,-0.22523,-0.21424,-0.21149,-0.20234,-0.1886,-0.18403,-0.17212,-0.25269,-0.21424,-0.22156,-0.26826,-0.28748,-0.28291,-0.24903,-0.25086,-0.20051,-0.17487,-0.16755,-0.16297,-0.16755,-0.14557,-0.1062,-0.097049,-0.12818,-0.048524,-0.0091556,-0.048524,-0.18311,-0.2765,-0.28108,-0.28291,-0.32228
-0.30396,-0.23072,-0.20966,-0.19044,-0.11261,-0.048524,0.12909,0.3177,0.58687,0.84964,0.96042,3.2878,0.33692,0.58412,4.9568,2.624,-1.6672,-1.6681,-1.6672,-1.6919,-1.7331,-1.7441,-1.7505,-1.7615,-1.7881,-1.778,-1.7496,-1.7231,-1.7212,-1.7203,-1.7158,-1.7176,-1.7048,-1.702,-1.6718,-1.6407,-1.6572,-1.6691,-1.6553,-1.6636,-1.7377,-1.962,-2.158,-2.3804,-2.6533,-3.1568,-3.6796,-3.6888,-3.209,-2.3429,-1.1179,0.054018,0.77456,1.2534,1.3569,1.2259,0.37904,-0.63997,-1.5098,-2.0701,-2.1836,-2.1763,-2.1928,-1.6443,-1.1985,-1.1225
-1.0327,-0.83773,-0.54384,-0.46052,-0.49348,-0.56215,-0.54933,-0.60244,-0.68117,-0.71871,-0.39277,0.033876,0.5118,1.0483,2.3896,3.1651,-1.8274,-1.9391,-2.1122,-2.3173,-2.5416,-2.613,-2.5617,-2.3017,-1.8705,-1.1637,-0.29206,0.32044,0.80477,0.75716,0.36988,-0.19318,-0.7654,-1.1032,-1.2845,-1.4072,-1.4795,-1.3559,-1.2149,-1.1069,-1.1097,-1.0309,-0.91647,-0.74801,-0.58321,-0.48158,-0.39003,-0.30854,-0.28474,-0.25636,-0.20966,-0.22248,-0.29481,-0.29389,-0.24903,-0.18769,-0.22248,-0.25727,-0.25086,-0.24812,-0.35981,-0.54292,-0.66561,-0.81576,-1.0208,-1.1756
-1.2909,-1.2589,-1.063,-0.88443,-0.72329,-0.52644,-0.37996,-0.25178,-0.12452,0.29756,0.77456,1.4969,2.4619,5.2763,4.8112,-1.2763,-1.2845,-1.2754,-1.2561,-1.2406,-1.2177,-1.1792,-1.1811,-1.1591,-1.1655,-1.1866,-1.1994,-1.204,-1.2378,-1.2616,-1.2571,-1.2323,-1.204,-1.2049,-1.2214,-1.2607,-1.3074,-1.3248,-1.2571,-1.1518,-1.0364,-0.90182,-0.84506,-0.824,-0.85421,-0.86795,-0.91922,-0.9064,-0.85604,-0.82217,-0.74068,-0.65737,-0.53285,-0.37446,-0.30671,-0.45686,-0.48799,-0.56581,-0.64364,-0.7416,-0.77456,-0.77822,-0.78097,-0.84506,-0.83407,-0.81484
-0.6885,-0.60335,-0.55391,-0.33784,-0.22248,-0.03296,0.20966,0.47884,0.86886,0.70772,2.3612,2.8208,2.71,-0.47609,-0.57863,-0.52004,-0.55757,-0.56124,-0.55757,-0.62899,-0.81759,-0.87436,-0.92105,-0.95218,-0.99704,-1.0291,-1.0218,-0.99063,-0.99979,-0.99887,-0.97781,-0.97964,-0.97873,-0.99338,-0.98422,-0.93204,-0.86978,-0.81576,-0.79379,-0.74343,-0.67202,-0.64272,-0.60884,-0.60518,-0.57314,-0.67568,-0.72878,-0.75991,-0.72695,-0.69857,-0.77273,-0.73702,-0.64821,-0.58962,-0.61892,-0.59877,-0.56948,-0.74068,-0.59969,-0.77548,-0.82766,-0.77273,-0.76357,-0.8414,-0.94577,-0.99612
-1.0089,-0.90732,-0.73336,-0.46327,-0.11261,0.23347,0.43031,0.60518,0.5356,0.49257,0.62624,0.071413,2.6652,-3.9277,-0.93204,-0.98788,-0.9714,-0.92654,-0.88717,-0.85055,-0.80294,-0.7297,-0.61342,-0.57039,-0.48982,-0.44313,-0.33967,-0.30671,-0.3058,-0.52095,-0.32868,-0.32136,-0.29572,-0.29572,-0.25361,-0.206,-0.19318,-0.17579,-0.14924,-0.16846,-0.1648,-0.21516,-0.2298,-0.24354,-0.23164,-0.22889,-0.20783,-0.18769,-0.1941,-0.22706,-0.25727,-0.22431,-0.16846,-0.14008,-0.11078,-0.086062,-0.092471,-0.11628,-0.1648,-0.23713,-0.34883,-0.41383,-0.49532,-0.53743,-0.58504,-0.58412
-0.55208,-0.55574,-0.618,-0.57497,-0.38728,-0.10712,0.2765,0.63906,1.7103,2.3905,0.20142,1.6224,5.2168,-6.1589,-1.3193,-1.2809,-1.2717,-1.2973,-1.4017,-1.5372,-1.5326,-1.551,-1.5445,-1.5711,-1.5592,-1.4768,-1.3623,-0.99063,-1.1802,-0.81668,-0.86154,-0.73428,-0.78372,-0.87802,-0.74526,-0.96866,-1.1069,-1.1225,-1.1682,-1.2122,-1.2763,-1.3614,-1.3871,-1.236,-1.2397,-1.2964,-1.2168,-1.1087,-1.0474,-0.80477,-0.86612,-0.75991,-0.68026,-0.68667,-0.65462,-0.57863,-0.63448,-0.68117,-0.68209,-0.66469,-0.73153,-0.82308,-0.77456,-0.74343,-0.69399,-0.69674
