-544.57,-537.98,-533.34,-472.3,-357.19,-239.14,-297.25,-401.75,-410.17,-332.77,-274.42,-213.26,-151.98,-65.065,-21.241,-22.828,-49.318,-62.258,-90.457,-112.92,-74.343,-48.097,-38.942,-17.823,23.438,82.888,104.37,30.519,79.714,85.452,-198.86,-347.18,-445.57,-97.293,-66.286,-32.472,-28.565,-15.992,14.161,16.846,17.335,31.739,50.783,68.728,59.938,55.544,74.465,105.23,134.77,155.64,169.32,168.95,145.27,115.48,119.27,113.16,106.57,114.75,73.366,6.592,-17.457,12.329,44.679,66.652,83.254,89.114
77.395,70.803,75.564,68.361,41.993,23.927,28.932,53.713,71.047,57.741,44.069,60.305,89.114,117.56,185.92,277.47,339,293.47,193.98,101.32,25.147,-86.428,-439.83,-362.68,-358.17,-555.56,-580.1,-768.58,-695.58,-486.71,-447.77,-604.75,-686.42,-70.193,-63.845,-39.064,-23.194,-16.602,-11.719,-13.794,-22.828,-27.1,-23.927,-24.171,-24.659,-13.794,-4.3947,-2.6856,-2.5636,-2.3194,-0.73244,5.2492,16.846,8.6673,-2.3194,-8.6673,-0.85452,12.452,22.217,21.729,14.771,10.254,13.184,24.049,35.768,31.129
15.381,-4.1505,-9.0335,-3.6622,-0.12207,-2.1973,-6.592,-5.3713,-2.8077,4.2726,4.0284,16.968,37.599,34.791,42.726,54.079,35.768,36.134,-29.054,-170.05,-490.49,-507.71,-396.86,-308.36,-330.21,-837.43,-837.43,-1060.7,-826.93,-692.77,-639.42,-560.69,-398.69,-190.68,34.669,-3.1739,-14.649,-26.002,-47.975,-54.079,-46.999,-37.233,-28.809,-25.147,-35.157,-58.718,-73.977,-62.502,-56.887,-73.244,-99.857,-89.114,-67.873,-63.967,-83.987,-88.504,-71.047,-59.084,-83.377,-106.94,-107.06,-75.808,-50.417,-71.169,-87.283,-56.887
-27.467,-38.575,-59.816,-43.58,-9.7659,5.3713,5.6154,4.5167,5.005,-1.2207,-6.2258,-3.296,1.587,-14.405,-36.866,-47.853,-39.552,-45.534,-60.915,-80.935,-90.701,-97.659,-89.358,-114.14,-163.7,-222.3,-344,-434.71,-522.11,-465.47,-422.99,-465.59,-501.36,-20.753,-19.288,-26.246,-25.513,-29.786,-13.55,5.3713,19.776,24.415,16.358,12.696,10.865,5.7375,5.8596,14.893,18.921,2.9298,-3.296,-2.4415,-9.888,-6.1037,-2.0753,-0.73244,4.5167,11.597,11.597,15.137,17.09,15.992,20.264,25.88,23.072,20.142
12.085,1.709,-5.1271,-17.335,-21.363,-25.391,-19.532,-14.527,-15.503,-10.254,-12.94,-19.532,-26.124,-45.778,-54.079,-44.435,-24.415,19.166,11.963,-52.126,-84.719,-48.585,28.077,-44.313,-118.41,-109.13,-99.124,-81.668,-80.447,-153.32,-460.71,-379.89,-328.87,-504.29,-294.69,-74.587,-79.104,-81.301,-82.278,-70.437,-73,-72.39,-58.107,-40.651,-18.677,-11.353,-6.8361,1.709,28.565,59.694,50.783,45.778,94.241,137.09,135.99,77.883,64.333,-8.179,-41.261,-69.704,-230.35,-341.44,-379.28,-411.02,-319.83,-165.78
-68.606,75.564,54.933,-192.63,-324.35,-188.97,17.457,124.03,144.66,67.263,-4.883,-62.38,-101.93,-152.96,-189.58,-214.73,-223.64,-194.83,-126.47,-76.907,41.627,196.78,292.37,280.28,159.79,-31.861,-194.22,-116.82,-35.768,-7.8127,4.883,4.3947,-18.189,-59.206,-112.31,-194.71,-151.74,4.6388,12.94,17.945,23.072,30.641,39.674,42.726,41.017,40.162,42.116,46.144,54.567,74.099,102.79,129.4,152.59,166.63,173.71,171.64,162.85,153.57,152.71,145.27,130.99,116.95,100.47,85.696,70.925,71.047
95.096,136.36,185.06,197.88,162.72,107.67,46.876,-47.853,-154.67,-234.02,-304.7,-404.55,-478.65,-391.13,-157.96,27.467,88.626,80.569,8.4231,-69.338,-89.846,-70.925,-25.758,2.6856,12.696,-24.659,-75.686,-150.88,-224.62,-272.84,-261.73,-188.85,-62.868,-2.4415,-14.527,71.78,419.08,-15.992,-22.217,-30.274,-24.659,-13.672,-7.6907,-13.794,-25.513,-27.711,-24.659,-24.659,-32.35,-33.204,-32.35,-26.978,-27.833,-31.129,-41.139,-46.999,-43.458,-38.82,-42.36,-51.271,-59.938,-57.375,-52.37,-53.957,-60.793,-66.286
-70.07,-71.535,-72.146,-70.07,-69.216,-74.953,-85.086,-87.405,-84.231,-73.855,-72.512,-86.55,-87.527,-74.709,-62.38,-67.873,-87.649,-104.98,-105.47,-87.283,-94.729,-141.36,-184.82,-180.79,-141.36,-113.65,-116.21,-171.51,-194.22,-177.98,-187.14,-439.1,-583.27,-518.94,-423.84,-260.51,-34.547,113.9,120.37,98.27,76.418,66.042,56.154,51.637,52.126,74.953,110.11,135.14,146.12,149.05,129.03,98.636,69.338,51.881,40.651,36.5,43.58,68.606,83.254,79.47,76.052,85.452,87.527,85.33,88.504,92.654
90.335,83.254,95.462,138.07,192.02,248.18,342.05,418.96,455.7,485.85,498.18,468.15,411.15,341.07,206.79,-40.284,-344,-669.21,-945.83,-977.81,-821.31,-435.93,-211.43,-177.25,-313.61,-541.15,-424.57,-228.89,-50.172,85.086,144.41,115.24,36.5,-101.08,-247.08,-241.34,-190.07,-50.905,3.1739,18.555,13.428,-24.781,-31.983,3.9064,57.009,82.888,65.798,32.35,36.378,58.229,62.746,56.887,56.52,70.803,110.72,133.3,141.24,152.1,137.09,88.992,31.007,-45.778,-175.42,-357.92,-473.89,-513.69
-456.92,-447.04,-426.16,-384.9,-347.79,-332.65,-397.96,-348.16,-309.82,-391.86,-452.77,-414.32,-308.97,-227.18,-195.56,-201.3,-203.38,-187.99,-162.24,-157.84,-111.45,-173.35,-192.02,-146.49,-113.28,-109.99,-112.55,5.6154,197.15,330.58,418.71,393.81,300.91,133.43,-58.84,-46.144,-171.27,-224.49,-338.39,-31.129,-19.166,-7.9348,0.36622,5.3713,6.8361,2.9298,-3.6622,-7.4465,-7.9348,-10.62,-15.625,-18.433,-18.555,-14.405,-6.7141,2.4415,10.498,13.428,11.719,8.5452,4.883,1.709,-1.2207,-3.4181,-4.7609,-8.7893
-15.625,-26.734,-48.585,-67.751,-81.545,-80.569,-54.567,-20.875,11.963,36.5,59.206,102.66,118.9,93.387,71.902,81.423,103.15,119.39,138.43,144.9,134.53,100.71,71.78,67.507,66.53,26.002,-83.865,-183.36,-259.29,-306.28,-305.8,-358.17,-395.89,-473.77,-531.27,-457.66,-293.47,-147.83,-45.412,-28.443,-11.719,3.7843,15.87,24.415,29.176,28.687,15.381,7.3244,-0.85452,-10.01,-11.109,-14.527,-0.85452,7.4465,-6.1037,1.8311,-16.358,-26.49,-27.345,-44.313,-52.004,-52.126,-34.303,-14.527,-3.0519,0.97659
4.2726,12.94,20.386,21.485,4.0284,-16.114,-29.542,-38.453,-36.134,-25.147,-15.625,-0.73244,25.88,22.217,-19.288,-45.167,-115.36,-77.029,-55.422,-80.325,-14.283,18.921,-92.776,-143.07,-121.1,-124.52,-133.3,-231.45,-399.43,-496.96,-375.01,-177.74,216.56,170.78,-261.6,-400.28,-347.54,-315.68,-50.172,-18.311,4.3947,24.781,40.529,51.637,52.004,36.866,17.579,5.2492,-4.2726,-8.6673,-14.283,-15.137,-7.9348,3.9064,18.067,22.095,16.114,9.6438,2.6856,0.36622,-0.24415,4.7609,10.62,18.799,21.363,19.166
17.823,20.508,23.56,22.584,25.391,27.1,28.199,25.513,21.973,10.987,-0.97659,-4.5167,-3.0519,2.5636,5.1271,9.7659,18.433,10.01,-0.97659,-7.8127,-23.072,-63.234,-61.403,-81.423,-103.27,-126.96,-151.01,-144.66,-158.7,-114.87,-45.167,-138.92,-333.75,-125.25,-284.55,-707.42,-691.06,-337.05,-4.6388,-117.19,-45.289,-10.62,12.94,19.41,-31.251,-24.903,7.9348,9.2776,5.2492,-7.3244,-30.763,-39.308,-6.1037,-10.62,-21.973,-35.646,-46.022,-49.562,-36.134,3.296,22.462,49.928,91.067,127.69,125,141.97
138.43,129.76,116.09,119.27,96.805,64.943,69.216,72.878,92.288,82.888,67.141,92.898,99.368,-1.9532,-108.4,-163.82,-288.46,-443.98,-490.86,-370.98,-175.05,-44.435,66.53,190.8,311.41,406.63,480.73,593.65,591.69,430.68,312.75,264.17,298.72,319.83,357.31,350.6,269.42,238.53,171.51,437.15,34.547,12.207,-2.5636,-22.95,-38.697,-44.801,-49.806,-48.585,-41.261,-19.654,9.6438,20.997,24.537,18.799,15.992,17.212,10.254,-4.5167,-16.358,-27.223,-36.5,-47.121,-45.9,-41.139,-37.111,-37.477
-44.801,-35.401,-16.114,-12.085,-25.758,-36.622,-35.157,-39.552,-59.694,-62.868,-62.624,-51.393,-61.892,-80.935,-79.348,-62.502,-58.596,-59.45,-36.866,-16.236,4.1505,21.119,-3.1739,-10.498,21.485,67.873,147.59,200.93,197.64,183.11,182.01,120.73,42.116,-123.29,-271.98,-296.15,-200.57,-85.696,-6.9582,-67.385,-175.66,34.059,41.139,40.284,26.124,43.336,77.273,75.198,90.457,78.738,45.9,7.8127,4.0284,15.015,-0.97659,1.3428,28.077,49.318,70.193,41.383,-52.004,-60.06,-26.124,75.93,216.68,255.5
277.6,315.07,89.358,-14.649,-82.522,-75.93,-109.26,-117.44,-34.059,-32.105,-120.85,-113.16,-94.729,-113.28,-121.1,-82.4,-65.065,-57.985,-93.753,-38.209,-32.105,-22.462,-11.841,-8.6673,-18.189,2.6856,-19.654,-49.196,-39.552,-6.2258,5.4933,-19.044,-56.642,-80.081,-110.11,-113.41,-113.04,-118.9,-71.78,-168.1,-346.2,-19.654,-22.095,-72.878,-74.221,-47.243,-36.134,9.2776,69.46,88.626,109.01,137.46,154.79,171.76,169.44,170.54,127.69,227.91,118.41,-72.39,-36.622,58.962,80.081,53.591,64.943,196.05
268.44,14.405,-130.86,-201.54,-204.72,-135.26,-132.33,-136.97,-114.87,-31.373,-100.83,-127.45,-70.559,-34.547,-52.37,-75.686,-74.831,-103.03,-104.5,-81.668,-76.785,-106.33,-94.607,-12.329,15.381,28.443,41.383,11.475,2.6856,-30.763,-50.539,-45.167,-36.622,-18.799,-35.401,-93.387,-100.47,-136.23,-232.31,-240.36,-117.56,-160.53,-68.117,-41.749,-44.923,-47.487,-46.266,-46.51,-49.806,-54.323,-58.107,-54.689,-47.853,-37.355,-19.532,1.709,22.584,37.233,46.754,51.881,41.017,-26.978,-85.208,-83.132,-48.341,-16.724
2.3194,16.602,15.625,2.8077,-4.0284,-3.7843,-3.0519,0.61037,4.1505,5.005,10.987,17.457,19.654,24.293,31.983,38.331,42.726,42.604,42.116,40.407,30.03,20.753,10.62,-5.6154,-7.6907,-6.3478,-0.4883,10.376,17.823,19.776,17.579,30.519,22.706,44.557,75.076,96.927,118.53,139.16,138.68,98.148,-8.179,-179.94,-223.64,28.565,28.565,30.274,25.88,13.55,8.179,0.73244,-1.4649,14.771,27.223,17.579,-16.846,-65.432,-86.062,-92.288,-75.198,-63.601,-83.621,-80.691,-39.308,19.288,76.54,130.74
173.35,185.31,146.12,97.049,46.51,16.968,25.147,57.497,81.545,82.766,60.671,43.947,29.176,26.124,33.937,33.204,19.776,11.597,0,-12.207,-19.898,3.5401,22.462,46.51,60.305,106.57,157.23,190.56,203.13,183.6,149.78,171.15,170.78,150.88,97.415,71.413,62.258,95.95,122.56,232.92,278.45,188.97,277.47,422.13,-58.84,-48.097,-39.43,-31.617,-19.044,-10.254,-12.696,-14.649,-9.6438,-7.6907,-5.3713,-5.005,-8.5452,-10.865,-8.9114,-9.0335,-11.475,-7.5686,-2.3194,1.709,3.1739,3.1739
2.8077,-1.4649,-5.1271,-3.9064,3.0519,11.109,21.729,31.739,35.157,32.472,33.204,35.157,34.669,37.965,41.993,40.284,40.407,48.708,64.211,79.348,93.142,115.12,143.31,176.27,234.02,305.19,374.77,450.21,480.85,542.5,567.03,507.83,431.65,410.66,346.2,261.97,140.63,-148.2,-332.9,-327.4,-286.63,-251.47,-434.58,25.636,13.916,23.56,30.396,22.217,23.56,38.575,55.666,72.512,84.353,93.631,100.1,103.64,97.537,94.852,104.74,121.59,128.54,121.71,102.66,72.634,37.233,-9.3997
-99.612,-157.48,-249.4,-255.87,-128.06,48.585,185.06,288.95,337.78,378.92,417.86,379.65,618.79,690.08,278.57,-1.0987,-149.91,-172.49,-156.74,-136.84,-62.868,-34.669,-34.547,-43.947,-138.92,-261.85,-262.7,-260.99,-309.95,-380.5,-390.51,-325.94,-284.07,-243.29,-226.81,-267.34,-330.58,-336.68,-309.82,-281.99,-281.5,-148.93,25.636,-39.064,-14.283,13.672,9.5218,17.212,54.445,114.75,112.06,135.38,199.71,205.82,177.98,166.51,222.54,217.78,147.22,101.2,254.52,449.35,391.74,313.36,537.25,455.95
307.38,256.97,120.24,-37.599,-91.189,-135.75,-142.46,-134.4,-147.22,-208.99,-242.32,-221.32,-210.7,-239.88,-305.8,-371.23,-396.98,-380.14,-344.49,-290.17,-228.4,-226.45,-251.47,-251.72,-279.92,-240.61,-230.6,-228.28,-317.39,-344.86,-313.24,-242.07,-141,-82.766,-89.236,-98.758,-78.86,-69.46,-43.825,-8.5452,32.96,20.02,-55.544,-26.978,-27.345,-18.677,0.73244,14.771,28.199,40.04,34.669,36.012,40.284,45.778,53.102,64.455,79.47,89.236,85.818,64.455,45.534,49.684,55.422,63.723,64.577,53.102
37.233,25.391,16.48,19.776,29.054,25.391,16.236,5.7375,-0.97659,4.2726,15.137,27.833,43.214,60.427,78.738,120.12,152.71,162.6,159.55,149.54,143.8,136.72,118.29,105.35,103.03,102.54,96.561,93.02,88.87,66.408,20.631,-38.82,-62.99,-30.885,31.495,49.928,15.87,-45.9,-91.8,-50.905,31.739,1417.2,890.9,7.2024,8.6673,8.0569,7.6907,8.9114,13.184,18.921,24.903,28.443,31.495,33.448,17.823,-27.833,-57.497,-56.276,-32.105,2.4415,26.978,43.825,48.219,41.383,36.378,30.519
23.927,18.067,13.062,7.6907,3.1739,-0.36622,-4.3947,-6.9582,-6.3478,-7.4465,-10.62,-17.701,-24.537,-26.612,-28.809,-26.246,-23.194,-24.049,-24.659,-22.828,-31.861,-21.485,2.9298,16.358,22.95,43.336,66.897,76.907,65.188,54.323,58.473,61.647,46.876,30.03,66.774,105.23,79.348,8.6673,2.1973,50.295,132.08,218.76,282.97,92.166,99.979,92.044,73.122,48.708,26.734,14.039,13.916,18.311,23.682,29.42,35.157,37.965,39.186,36.5,25.758,12.085,-2.4415,-17.09,-25.636,-23.682,-12.574,-0.12207
9.5218,16.602,18.799,16.236,6.8361,-5.6154,-23.072,-34.303,-51.271,-81.179,-92.044,-89.48,-74.343,-57.985,-42.848,-27.223,-6.8361,3.0519,-1.709,-15.87,-26.002,-12.329,-7.5686,-28.199,-51.027,-64.943,-70.193,-74.587,-117.07,-108.52,-27.711,61.159,136.11,258.8,16.358,238.29,219.12,124.52,-551.65,-484.39,224.49,390.51,99.612,-66.164,-52.98,-35.035,-25.88,-19.166,-3.296,21.973,47.121,72.756,94.241,104.13,97.171,62.502,9.888,-41.383,-95.706,-124.15,-115.97,-97.903,-84.841,-65.676,-39.186,-15.137
0.24415,6.4699,7.8127,5.3713,-0.97659,-2.9298,-2.4415,-4.7609,-4.3947,0.97659,3.6622,-2.1973,-7.2024,-11.597,-4.0284,12.452,23.804,25.025,15.625,2.3194,-4.1505,-13.428,-7.4465,-3.9064,-9.888,2.5636,17.701,76.296,158.82,262.46,241.71,181.28,129.76,317.03,199.22,25.513,-194.95,204.72,615.62,514.66,-65.798,-713.4,-762.96,23.438,41.139,50.539,46.51,37.599,28.321,18.433,11.841,9.7659,9.7659,11.109,12.818,16.846,22.706,27.955,31.495,32.96,31.739,28.077,23.316,19.776,20.264,21.729
21.241,17.335,15.015,16.724,24.171,32.594,34.913,38.453,43.336,43.58,34.791,28.932,35.768,40.162,44.313,49.44,47.975,41.139,42.238,48.219,47.487,59.45,80.447,153.32,209.6,224.01,279.92,351.08,353.65,319.22,208.5,82.034,107.06,-125.49,-122.07,-109.38,-82.644,-42.848,-8.4231,15.748,31.251,40.895,42.482,40.651,38.697,36.378,32.472,27.711,25.025,19.41,3.5401,-11.597,-19.654,-26.246,-31.373,-37.355,-41.871,-40.895,-32.105,-17.701,2.1973,20.02,29.42,30.519,26.002,21.241
17.09,16.48,13.55,9.7659,13.794,12.574,2.9298,-8.6673,-6.3478,-11.109,-24.781,-53.468,-91.433,-119.51,-117.92,-142.83,-188.12,-212.53,-178.11,-117.44,92.41,294.69,380.26,117.68,-125.13,-401.14,-827.54,-921.78,393.69,852.32,85.574,-256.97,-253.91,-204.23,-399.67,-3.296,256.36,-38.697,-183.6,-384.41,-377.45,-443.98,-493.91,-490.62,41.139,50.417,45.412,32.228,17.823,2.4415,-7.9348,-10.132,-9.888,-10.132,-13.428,-11.353,-7.9348,-4.2726,-4.1505,-0.97659,6.9582,11.231,11.231,10.132,9.6438,8.0569
6.3478,7.3244,10.498,15.748,22.095,28.565,36.378,44.923,55.666,59.816,60.915,63.234,66.652,63.845,58.229,52.736,48.097,47.975,44.435,41.871,31.495,16.602,20.875,53.713,98.636,141.36,207.04,293.1,258.06,162.97,34.303,-163.82,4.6388,186.16,64.333,37.111,-31.373,-76.662,-224.62,391.74,-43.092,-195.56,-461.93,-794.95,36.988,28.077,11.597,-12.329,-41.627,-60.305,-59.328,-45.656,-20.02,7.3244,20.386,23.438,19.776,8.6673,-5.6154,-17.579,-23.072,-23.316,-20.753,-18.921,-14.527,-10.743
-9.7659,-6.9582,-0.61037,4.883,6.8361,7.3244,8.179,9.888,10.987,13.794,18.189,24.293,26.978,30.152,29.664,25.88,24.537,26.002,22.706,15.381,3.9064,-13.794,-16.358,-28.809,-54.933,-64.455,-60.183,-61.159,-74.587,-73.366,-54.079,29.42,53.346,-279.67,-291.02,119.27,248.42,-561.05,-16.724,-237.31,-22.217,-302.99,-636.25,-167.61,261.85,102.54,4.7609,-78.127,-176.64,-249.03,-266.49,-250.01,-205.08,-139.53,-102.66,-60.183,-27.589,2.0753,22.95,38.087,33.204,25.025,28.565,24.415,5.2492,-10.987
-24.171,-50.295,-75.93,-74.831,-55.3,-45.289,-31.373,-7.5686,5.8596,11.475,13.184,6.3478,7.0803,11.109,22.34,27.955,32.838,40.162,46.144,45.778,43.336,60.671,84.841,96.194,91.8,91.922,99.857,110.35,109.87,95.218,76.052,37.477,15.381,17.335,46.999,61.159,43.58,41.627,40.04,26.978,8.9114,92.898,87.161,116.82,-148.56,-43.458,-52.004,-95.218,-81.79,-58.84,-36.378,-0.85452,49.318,79.714,43.458,-17.945,-37.477,-22.95,19.41,40.407,67.141,114.02,98.27,76.785,51.271,63.723
59.572,19.898,-28.809,-57.741,-38.942,-2.1973,28.443,43.092,45.045,35.401,17.945,3.4181,-12.574,-13.916,-10.01,-11.963,-15.748,-11.597,-10.01,-3.5401,1.2207,7.3244,-4.2726,-16.602,-16.114,-1.9532,26.49,22.706,41.017,135.26,20.997,67.019,-585.22,-571.92,-206.55,313.24,244.51,-73.977,-69.704,301.64,639.18,428.48,456.31,434.34,-62.38,-2.0753,5.4933,17.945,16.968,13.794,15.992,15.992,15.992,20.02,21.973,19.044,17.579,21.607,29.664,37.721,41.627,45.656,42.482,38.453,43.336,53.346
64.821,68.728,65.065,66.53,67.019,66.53,79.714,94.241,101.81,104.13,99.979,105.72,113.77,130.86,141,137.58,146.61,161.26,173.1,174.81,208.14,235.85,219.49,199.71,216.07,255.01,222.42,224.25,144.66,112.19,120.37,-45.778,-250.62,-130.99,-32.838,63.112,46.388,-58.84,-23.804,-17.335,-122.93,-19.898,-55.177,-1478,-1536.8,602.44,80.813,139.41,221.2,359.26,297.13,156.25,332.41,470.6,407.48,290.05,231.09,198.25,272.71,411.88,284.07,-723.65,-405.9,-437.64,-574.97,-525.53
-509.66,-538.83,-466.69,-352.79,-292.86,-188.85,-143.31,-93.02,-78.494,-109.13,-105.96,-77.761,-57.131,-44.679,-35.401,9.5218,-4.1505,-37.355,-22.95,12.818,-6.1037,-38.331,-24.415,-8.179,-18.189,-7.4465,8.179,46.632,-73.855,138.43,3.0519,-182.99,-139.29,171.88,621.6,450.94,-6.4699,-33.57,19.776,214.85,346.45,177.37,165.17,279.67,90.335,80.691,-4.0284,4.5167,9.6438,9.6438,7.9348,10.498,21.241,32.105,28.077,46.388,78.616,84.353,80.325,82.522,95.828,120.49,163.09,184.09,218.63,241.95
257.33,270.27,281.5,250.37,176.15,159.92,-11.353,-41.139,-130.99,-369.4,-430.68,-419.93,-280.16,-103.64,-7.3244,-0.36622,20.386,-33.57,-164.43,-201.06,-295.42,-216.93,21.607,310.43,49.684,107.55,140.14,139.29,129.03,106.57,222.05,266.61,211.8,180.43,141.73,88.26,63.478,55.422,52.98,-58.229,-164.19,3.1739,-27.711,-120.37,154.18,180.43,-89.846,0.61037,8.4231,18.433,27.467,31.617,27.589,16.968,7.4465,-0.73244,-2.0753,55.177,124.27,115.6,-16.846,-54.933,-100.22,-165.29,-207.53,-211.68
-217.41,-231.94,-209.6,-235.48,-251.23,-215.09,-155.52,-95.828,-43.947,-27.345,-31.983,-25.147,-21.485,-33.448,-49.806,-44.313,-18.311,-18.677,-40.284,-37.965,-27.589,-8.9114,-6.4699,-15.992,-12.818,-2.1973,2.9298,8.9114,8.0569,7.6907,21.607,21.973,52.492,158.57,193.98,167.24,161.14,100.59,-39.552,-127.69,-138.68,-277.23,-421.4,-509.29,-470.84,-301.64,-270.15,-1.709,10.498,22.217,38.209,45.289,44.801,43.214,37.965,32.838,27.1,22.217,15.015,8.0569,4.2726,4.6388,9.2776,15.015,20.997,26.612
28.443,25.513,23.438,22.584,20.631,15.137,9.2776,9.1556,14.649,17.335,22.095,23.194,18.433,23.682,33.326,45.534,65.065,101.81,139.16,161.26,172.37,176.52,174.44,171.51,167.61,163.21,177.5,217.17,285.04,380.26,427.38,406.75,592.18,809.11,866.12,694.72,353.77,267.1,243.17,-35.035,-386,-741.23,-860.13,-636.62,-376.23,-226.94,-142.09,-361.95,-395.89,-391,-380.75,-361.1,-319.59,-251.47,-182.62,-143.07,-128.42,-101.93,-87.161,-85.33,-72.024,-61.281,-50.417,-31.129,-12.452,-0.97659
17.823,48.463,67.507,79.226,78.86,92.41,126.59,158.33,161.38,151.37,142.34,132.45,124.15,131.6,127.32,111.94,117.44,120.73,122.93,128.3,131.72,113.53,88.87,68.972,61.892,51.881,41.139,31.251,45.289,71.047,95.218,101.81,83.987,43.703,0.4883,-99.979,-386.85,-600.6,-422.38,-276.38,-406.87,-605.61,-681.3,-615.62,-448.13,-313.36,-317.64,13.184,5.9816,3.9064,22.584,23.804,24.415,25.88,14.649,11.597,17.457,16.236,6.592,-32.594,-54.079,-70.07,-89.114,-87.771,-45.412,40.04
153.69,251.96,318.74,369.03,397.47,436.78,493.79,486.71,452.53,408.58,315.81,227.55,124.03,78.249,120,125.37,83.01,74.953,74.465,56.154,44.679,36.012,78.616,148.44,200.45,230.11,258.55,294.32,293.34,260.51,214.85,152.59,106.33,70.07,51.759,27.1,29.42,35.768,-12.329,-161.63,-362.93,-407.97,-313.49,14.771,355.6,494.16,487.32,43.214,-26.612,-20.264,-3.296,34.425,55.3,65.798,65.065,57.619,47.731,22.584,4.1505,6.2258,11.475,11.231,10.865,16.358,19.654,20.386
23.194,13.672,14.283,26.978,29.786,16.602,10.865,13.306,17.823,13.306,2.1973,2.8077,10.987,13.062,15.015,16.358,28.687,47.609,51.149,23.927,-6.8361,-9.3997,4.0284,23.072,42.848,54.689,41.871,54.689,64.333,70.07,57.497,21.729,12.329,-28.199,-94.485,-163.95,-266.37,-347.91,-444.23,-432.14,-388.07,-394.18,-433,-493.79,-493.06,-456.43,-410.17,-404.19,-430.43,75.076,104.86,98.514,53.591,13.306,-23.927,-78.494,-112.31,-114.26,-68.972,-26.856,43.58,88.504,103.64,85.452,60.549,27.1
9.1556,8.6673,40.407,72.634,92.532,90.945,70.803,64.455,59.572,40.04,40.773,116.21,197.64,251.59,290.41,262.83,180.91,138.31,144.9,153.32,145.76,140.39,158.45,185.92,223.76,268.56,279.18,288.09,296.4,293.22,301.28,252.33,210.33,182.62,173.59,170.54,180.67,250.37,274.06,243.54,220.1,246.22,271.98,290.29,343.52,356.7,291.15,290.78,241.22,13.184,3.6622,3.6622,12.94,32.96,52.858,47.731,37.477,43.458,54.201,66.774,76.052,86.428,96.438,108.52,113.53,99.979
99.124,104.37,119.39,125.86,126.22,125.25,124.03,109.26,91.678,83.01,75.686,67.507,48.341,43.825,47.609,44.557,17.09,-2.5636,-31.983,-54.445,-67.507,-59.694,-41.749,-27.467,-35.157,-67.263,-86.428,-81.545,-76.785,-78.372,-87.283,-105.96,-105.23,-105.23,-139.29,-205.08,-244.27,-247.57,-296.64,-359.75,-409.92,-406.99,-355.36,-333.75,-336.44,-356.33,-358.9,-358.41,-322.64,-193.12,-142.95,-95.218,-83.01,-79.592,-63.967,-38.087,-41.139,-40.651,-29.176,-16.968,-18.921,-39.796,-40.407,-34.913,-35.279,-36.012
-42.482,-38.82,-36.134,-42.482,-46.388,-54.567,-55.055,-56.764,-46.999,-40.773,-55.666,-64.699,-63.845,-69.948,-66.408,-50.783,-43.336,-41.383,-36.256,-23.316,-11.719,-5.8596,-5.9816,-10.987,-12.452,-5.4933,-17.457,-29.298,-63.723,1.2207,44.069,112.19,148.44,59.572,5.2492,-22.706,-57.497,-23.56,-33.082,-120.85,-290.9,-326.3,-269.3,-272.96,-422.62,-419.08,-342.3,-471.33,-516.86,1.9532,-10.376,1.8311,14.283,17.212,14.405,5.3713,7.2024,8.4231,0.61037,10.743,21.607,31.861,31.739,18.189,1.3428,5.9816
9.0335,10.01,12.207,0.36622,-3.0519,4.0284,10.62,20.02,24.903,36.5,42.482,41.383,30.763,24.537,21.851,28.199,27.955,19.288,24.049,35.646,42.726,40.895,36.378,31.861,24.293,20.997,16.846,5.2492,7.4465,6.9582,-6.8361,-9.0335,4.3947,19.288,40.407,87.893,140.75,203.86,326.06,285.9,139.04,28.321,41.261,-120.24,-422.62,-466.32,-204.6,-125.61,-260.75,20.142,18.799,17.335,27.711,38.82,46.632,64.455,85.574,93.509,87.649,80.447,66.897,41.871,16.236,3.6622,7.4465,21.119
31.861,36.744,33.326,16.968,-9.1556,-39.43,-67.141,-85.208,-85.696,-75.808,-56.032,-24.415,5.2492,22.462,27.223,27.1,23.438,16.846,15.137,20.264,26.246,23.56,12.207,-5.3713,0.4883,12.574,47.243,102.91,108.52,58.351,9.3997,-22.828,-18.921,-3.6622,41.383,88.992,172.86,234.5,262.22,250.74,203.13,108.52,-11.597,-3.1739,210.09,-47.365,-495.62,-137.82,-47.975,185.8,-49.318,-34.059,-18.677,-14.893,-24.781,-27.833,-22.095,-23.194,-28.077,-27.589,-21.851,-21.119,-9.7659,-0.97659,4.3947,5.8596
1.3428,-1.587,0.12207,-1.709,3.9064,10.987,7.2024,7.0803,0,-3.7843,-7.0803,-6.4699,-4.1505,-8.5452,-14.283,-14.039,-11.841,-8.179,-8.4231,-8.301,-2.0753,14.649,17.335,11.841,17.823,27.223,35.157,32.594,15.137,11.231,7.5686,-5.9816,-29.786,-32.228,-40.895,-91.922,-144.78,-181.52,-204.35,-226.94,-277.84,-340.1,-386,-373.06,-339.37,-278.7,-324.35,-407.61,-457.05,-423.96,20.386,6.3478,-8.179,-17.945,-19.166,-19.288,-18.067,-10.62,-5.005,-7.5686,-10.132,-6.9582,-5.3713,0.61037,-0.73244,-7.0803
-0.12207,7.0803,10.62,16.48,26.856,33.692,38.942,46.632,53.835,54.933,50.905,41.749,42.97,54.689,52.37,46.266,43.58,52.492,64.211,62.99,50.905,51.027,60.671,85.33,102.42,105.35,95.34,107.55,114.26,77.517,23.682,-4.1505,-5.3713,-8.9114,-33.204,-66.652,-106.08,-156.13,-208.26,-250.86,-284.07,-284.68,-284.92,-245.12,-253.55,-304.57,-347.3,-375.38,-347.3,-366.95,-60.671,-62.502,-59.938,-74.343,-94.729,-117.31,-113.9,-108.4,-112.55,-117.19,-114.75,-122.44,-126.71,-109.87,-89.846,-70.559
-59.694,-41.993,-12.329,10.987,25.88,35.279,37.233,32.96,28.932,31.983,48.585,43.947,23.438,12.329,26.856,48.708,46.876,31.007,24.171,32.96,41.993,32.594,34.669,36.744,29.054,2.5636,-13.306,-28.443,-49.928,-72.756,-121.83,-151.13,-165.9,-182.99,-232.67,-274.67,-329.97,-339,-327.16,-382.95,-429.09,-362.32,-275.64,-257.58,-341.69,-427.5,-359.63,-17.212,2.6856,15.992,20.508,14.527,6.592,7.0803,-5.4933,5.8596,19.044,4.1505,-7.9348,-0.36622,-3.296,2.1973,18.799,20.508,21.363,14.039
14.771,19.41,16.358,12.207,8.5452,10.376,24.293,25.147,22.828,23.804,21.241,22.584,27.345,27.955,23.927,14.039,13.184,16.968,33.326,44.313,43.825,29.176,12.329,9.2776,9.5218,-1.587,-19.532,-27.955,-4.1505,-37.965,-121.95,-194.59,-227.55,-234.02,-203.74,-190.19,-244.03,-289.07,-244.15,-181.04,-150.27,-142.22,-231.7,-302.13,-274.79,-311.29,-346.57,-102.79,-102.18,-102.91,-100.34,-96.805,-89.724,-78.86,-76.785,-71.413,-52.126,-38.575,-35.89,-36.744,-44.801,-33.815,-6.3478,2.9298,-11.231,-19.044
-22.828,-12.94,5.1271,-3.5401,1.4649,19.288,16.358,5.9816,0.97659,2.9298,8.5452,7.9348,12.696,20.875,19.044,16.114,17.335,4.3947,0,3.6622,3.296,9.3997,7.8127,-22.34,-32.35,-33.082,-26.124,-28.443,-40.651,-46.876,-58.962,-77.761,-82.766,-137.21,-219.98,-306.16,-402.84,-492.81,-570.33,-574.97,-532.73,-492.69,-401.99,-375.38,-410.78,-385.02,-352.06,-85.696,-84.231,-95.584,-96.805,-77.151,-67.507,-64.333,-39.308,1.2207,50.295,67.385,73.855,65.065,36.622,7.3244,6.2258,17.457,22.584,18.311
10.132,-4.1505,-15.259,-7.5686,6.3478,18.677,18.433,18.067,18.799,14.161,12.574,12.207,15.748,17.823,13.428,16.724,28.565,28.321,15.259,6.8361,12.696,8.7893,-4.883,8.179,20.508,32.105,57.375,59.206,42.36,13.55,-9.6438,-70.315,-134.53,-229.38,-336.56,-420.67,-480.61,-486.83,-482.56,-587.18,-680.93,-637.84,-515.76,-495.5,-501.97,-450.82,-430.68,-15.137,-23.682,0.73244,50.05,82.034,71.169,32.716,-9.1556,-45.534,-72.512,-84.597,-92.776,-78.616,-49.196,-15.748,15.137,36.012,47.365,52.248
50.05,41.017,28.443,24.415,25.758,31.251,25.269,13.306,5.2492,9.2776,17.212,20.875,21.363,20.386,19.41,18.921,16.724,13.916,10.254,5.3713,1.0987,-5.9816,-10.132,-10.987,-12.207,-13.672,-13.916,-12.818,-11.109,-8.6673,-9.0335,-9.5218,-8.301,-8.179,-1.9532,5.1271,9.6438,7.6907,-11.353,-40.284,-71.413,-92.532,-77.273,-51.393,-18.799,58.351,51.637,383.8,269.78,119.02,17.09,-36.378,-51.759,-41.261,-22.34,-13.062,-17.335,-18.799,-22.34,-32.228,-46.022,-56.398,-60.793,-49.684,-30.641,-19.044
-6.7141,15.381,41.017,59.45,83.743,117.68,157.48,183.84,194.71,195.07,192.88,191.9,187.14,186.9,167.36,139.41,94.119,64.821,46.999,20.997,2.3194,-12.696,-34.181,-59.084,-98.27,-124.52,-136.48,-148.93,-172.98,-196.05,-203.74,-224.86,-235.36,-246.47,-259.65,-273.81,-258.67,-230.96,-201.79,-181.4,-386.12,-2016.2,-881.62,451.8,588.64,270.76,363.78,-31.251,0.73244,36.988,30.274,7.5686,0.12207,16.358,62.99,97.049,99.49,74.953,72.39,81.79,87.649,137.09,169.8,147.47,96.683,75.442
122.2,155.52,132.21,97.781,111.94,149.3,152.47,146.12,132.69,130.25,172.37,198.98,191.9,154.67,145.76,187.26,225.71,216.93,209.23,214,204.84,239.39,261.6,207.53,-55.544,5.9816,220.59,69.948,-68.85,-7.9348,390.51,740.62,471.33,544.69,618.79,565.2,384.29,389.05,461.56,560.69,640.03,622.46,519.67,461.56,475.48,489.76,450.45,-36.5,-69.216,-98.758,-115.85,-115.36,-101.32,-71.047,-29.054,15.015,51.393,74.343,86.062,83.377,66.408,45.167,28.199,17.823,11.963,13.306
18.433,19.166,15.259,12.818,12.329,16.358,24.171,33.692,42.238,46.022,45.167,41.749,39.064,39.43,42.726,48.585,55.422,60.427,63.967,66.53,65.432,61.525,60.305,60.671,59.328,50.783,37.843,24.903,34.181,31.983,23.682,12.452,7.2024,3.4181,-39.43,-15.503,46.022,58.107,-6.592,-37.233,92.654,235.6,351.82,468.64,511.61,657.98,749.9,93.387,151.25,164.19,142.46,104.98,64.821,29.176,1.587,-7.3244,-1.2207,10.865,24.781,31.251,29.786,29.298,26.978,23.682,18.921,14.405
17.212,29.786,50.905,74.343,87.161,89.969,82.644,67.019,44.679,22.095,5.3713,-4.883,-10.865,-10.987,-8.6673,-4.883,-1.9532,0,2.5636,7.0803,8.9114,3.5401,-7.3244,-13.672,-14.893,-21.973,-28.199,-40.407,-51.881,-61.037,-81.423,-133.06,-174.44,-240.24,-309.82,-362.68,-382.21,-370.13,-353.53,-311.53,-213.39,-350.96,-383.31,-232.67,-104.62,343.64,71.535,41.749,42.36,42.36,37.599,33.692,45.656,58.229,62.868,61.647,52.858,31.617,4.7609,-15.259,-21.729,-36.012,-37.965,-13.55,25.88,49.684
75.32,112.67,150.03,181.77,193.49,193.98,178.47,174.32,176.4,184.09,192.51,206.18,191.29,161.02,123.05,11.231,-97.903,-78.249,22.95,139.41,143.31,80.691,136.84,118.66,52.858,2.4415,84.475,182.62,293.34,463.03,554.7,516.86,533.1,560.69,558.37,489.39,515.76,529.56,562.76,474.62,521.62,682.03,723.53,743.55,610.49,595.11,642.35,6.4699,14.527,21.485,29.786,40.773,53.835,61.525,61.647,57.619,51.027,45.412,38.453,25.269,13.428,11.719,17.823,8.7893,15.015,49.196
47.365,29.786,21.363,5.4933,-22.95,-26.612,12.818,38.087,28.077,18.067,73.611,144.41,183.6,199.96,167.24,184.7,208.14,336.31,524.06,603.05,520.04,475.23,432.39,212.78,9.2776,-83.987,-113.9,-52.004,4.3947,-24.293,-86.55,-99.734,-103.15,-121.22,-161.26,-224.37,-300.18,-366.83,-422.99,-462.54,-474.75,-466.44,-411.39,-322.03,-237.19,-163.95,-281.01,30.641,17.945,6.8361,0.73244,0.36622,4.5167,11.841,22.217,33.815,44.557,52.858,56.032,53.835,47.609,41.261,36.5,29.054,26.368,32.472
41.261,49.318,57.619,63.478,62.502,58.351,52.98,43.825,31.861,19.288,9.5218,2.8077,0.36622,1.709,4.2726,6.3478,5.9816,3.6622,1.4649,0.4883,0.12207,3.6622,8.7893,12.696,11.231,5.3713,-1.0987,-11.353,-23.804,-35.035,-50.05,-85.94,-140.87,-196.66,-258.43,-319.22,-281.01,-204.84,-174.69,-307.38,-602.07,-791.04,-289.07,-135.75,-146.37,403.45,547.5,18.311,21.973,20.02,18.311,18.677,35.646,1.2207,1.8311,11.963,1.3428,-29.664,-30.641,-67.873,-61.525,-45.534,-53.346,-133.67,-151.74,-13.428
135.87,248.42,107.18,-113.16,-213.02,-160.77,-121.34,-231.94,-341.32,-396.25,-323.86,-275.28,-290.05,-392.71,-15.625,-50.539,-83.01,-120.85,-134.4,-137.46,-112.92,-75.076,-47.731,-59.328,-78.005,-85.696,-90.213,-10.254,46.999,28.809,-33.57,-75.93,-70.193,-72.146,-117.31,-117.68,-68.606,-68.85,-79.348,8.6673,102.18,89.724,173.22,321.54,329.36,582.9,436.54,30.03,43.825,49.196,43.458,32.472,6.9582,-15.503,-19.044,-4.7609,10.743,13.55,11.597,9.7659,15.748,22.095,14.649,-70.437,-36.256,-14.405
-10.743,-12.94,-3.4181,14.771,28.809,31.373,39.064,62.502,82.644,65.798,33.204,3.296,-9.888,-8.5452,-3.296,4.883,11.353,1.9532,5.7375,19.776,66.408,116.7,166.51,264.66,388.07,393.32,507.46,302.99,334.6,365.12,416.76,462.66,334.73,138.43,20.02,-91.067,-163.34,-164.56,-68.972,84.353,158.09,131.11,41.627,-19.166,55.91,97.537,1113.1,1238.3,-241.95,-605,-80.569,-674.21,-573.75,358.04,892.97,579.61,377.7,-55.3,-176.64,-81.179,-16.236,-62.136,-311.66,-343.76,136.97,823.51
995.03,681.54,364.88,161.99,2.8077,-161.87,-212.53,-24.049,-90.823,92.532,-388.81,-265.63,38.453,36.134,34.181,33.937,40.04,43.458,46.876,47.365,37.965,22.584,20.508,28.321,31.251,19.776,-1.2207,-18.189,-35.401,-52.614,-73.733,-93.265,-92.044,-101.69,-148.32,-192.27,-125.86,-4.3947,184.94,674.46,563.37,208.01,-5.1271,237.31,82.644,186.28,452.53,373.91,508.19,557.76,588.89,892.24,777.61,895.29,562.15,146.86,-23.316,58.596,111.45,147.22,289.93,305.43,304.82,286.14,301.03,457.78
781.27,998.32,496.11,-266.12,-172.49,245.25,251.11,58.718,-40.651,-53.957,38.331,62.502,34.181,13.184,-10.865,-33.082,-38.82,-41.383,-58.473,-127.93,-214.97,-276.5,-282.72,-233.89,-198.49,-168.71,-114.51,-45.656,-1.709,11.841,17.09,18.677,5.4933,-10.62,-26.612,-34.181,-33.082,-42.97,-69.704,-145.76,-7.5686,122.81,456.31,827.66,1037.9,993.93,339.24,-208.62,-226.2,-218.51,-130.01,-20.386,92.044,170.78,258.31,363.41,510.76,652.97,701.44,584.12,364.15,517.11,484.51,176.4,-30.396,-189.21
-351.21,-341.2,-368.79,-478.53,-370.49,-121.95,-30.763,-261.12,-563.62,-558.12,-57.009,74.099,4.5167,-22.95,8.0569,-38.942,-98.636,-147.34,-205.57,-159.79,-2.5636,122.81,163.34,96.072,-23.682,-27.711,19.41,47.975,46.266,16.724,-134.53,-232.06,-398.57,-592.79,-645.65,-551.9,-500.38,-568.74,-558,-473.89,-347.91,-279.67,-294.56,-229.38,-44.191,320.32,757.59,957.67,888.94,727.32,640.28,657.73,813.62,892.12,1036.7,956.33,899.69,826.56,740.62,627.09,504.17,172,346.69,227.91,-278.21,-296.27
52.004,238.41,188.85,238.17,276.5,241.71,206.18,136.84,90.091,52.492,27.589,-8.179,-49.562,-100.22,-94.852,-58.229,-47.731,-54.933,-62.258,-75.808,-85.696,-71.902,-63.356,-39.796,-23.682,-51.393,-109.01,-492.2,-466.57,-559.47,-699.97,-796.04,-533.83,-566.3,-500.26,-283.94,240.73,1313.4,2172.3,2147.8,1502.9,815.33,501.48,526.99,517.11,402.11,433.97,470.11,477.8,556.29,462.17,149.66,108.77,278.94,363.17,364.64,325.69,354.63,467.06,448.38,-191.41,-121.1,149.54,260.14,302.13,222.42
42.36,46.388,85.086,158.7,190.8,124.64,-5.9816,-49.684,-14.649,-5.8596,-105.96,-204.35,-122.81,108.52,213.02,174.69,141.36,139.65,112.43,88.87,67.507,41.749,-1.9532,-51.027,-99.857,-157.96,-211.43,-229.01,-636.13,-620.26,-524.92,-390.27,-244.27,-26.856,123.78,151.01,163.7,93.631,74.709,175.54,274.54,315.81,367.08,428.72,386.24,251.11,73.489,-21.363,-111.45,-187.02,-259.41,-164.68,41.749,234.5,355.85,306.41,155.64,162.36,218.51,182.38,109.13,137.33,257.94,371.72,386,263.19
145.02,107.55,135.38,169.32,157.11,61.892,-76.418,-151.86,-193.98,-114.99,88.382,777.61,506.24,388.07,-178.23,-420.42,-282.85,-52.37,65.92,61.403,-12.94,-164.8,-225.71,-111.7,28.199,88.26,78.494,54.567,17.212,-47.609,-233.53,-392.22,-478.53,-588.64,-736.84,-736.84,-789.21,-755.27,-617.82,-414.93,-259.53,-185.06,15.992,312.27,443.25,634.54,1041.2,1516.9,1713.1,1540.1,1214.5,754.54,139.29,-251.96,-44.313,326.91,459,481.95,388.2,213.26,883.94,724.63,293.83,-261.97,-489.03,-211.55
96.316,197.39,167,85.696,28.687,-3.296,17.823,-14.527,-57.863,-37.233,14.283,46.388,23.804,-15.748,-41.993,-65.065,-58.351,-44.923,-89.724,-126.47,-105.47,-82.034,-109.26,-93.142,22.828,106.08,140.39,159.31,-105.96,-103.64,-106.94,-114.63,-118.29,-114.87,-108.16,-103.64,-107.06,-122.56,-129.52,-131.84,-153.57,-197.39,-239.51,-256.36,-245.74,-228.77,-211.55,-187.38,-128.79,24.049,189.09,270.88,313.12,345.23,255.87,214.97,351.7,134.89,-413.83,-349.25,5.4933,29.298,60.793,75.686,82.278,86.673
80.447,68.239,68.606,82.278,89.846,39.674,38.942,122.2,156.38,125.98,90.579,72.756,111.82,152.35,124.15,93.509,114.14,135.99,125,81.057,82.888,119.02,131.35,121.1,114.87,152.84,214.73,251.59,308.97,-75.93,-81.423,-89.969,-114.26,-133.18,-142.58,-174.44,-238.9,-309.34,-362.56,-385.02,-384.04,-376.35,-358.65,-305.55,-284.8,-346.69,-408.95,-413.71,-396.25,-357.8,-251.35,-92.654,-35.524,-19.41,-43.458,-21.363,217.29,210.82,-411.27,-1055.2,-527.97,106.69,39.674,-151.37,-212.78,-287.12
-390.51,-397.23,-150.88,-277.84,-402.11,-261.85,-139.41,-43.58,20.631,-71.291,-100.96,12.574,197.39,239.63,35.157,-193.61,-117.19,-60.305,-70.315,-75.198,6.592,130.62,258.43,331.06,353.89,277.96,195.56,97.415,217.78,-83.254,-89.114,-71.535,-59.084,-70.925,-118.53,-189.46,-279.06,-328.01,-387.83,-392.22,-332.41,-255.38,-171.27,-133.06,-116.7,-63.967,-73.977,-81.79,-156.99,-111.58,-70.925,-0.4883,-51.881,-73.366,-27.345,89.48,233.53,258.8,12.329,-607.56,336.56,545.55,739.65,1161.7,491.71,847.68
738.67,456.68,328.62,304.7,386.12,688.38,760.77,709.13,781.27,747.95,544.45,295.91,263.44,355.97,343.39,168.58,137.7,155.52,120.12,10.865,-27.589,80.569,401.14,693.5,636.49,424.33,566.91,425.67,203.86,199.84,204.47,208.26,210.09,192.88,177.5,175.3,165.04,77.761,-19.532,-83.499,-256.84,-421.77,-542.74,-674.58,-755.03,-694.6,-575.33,-531.51,-501.24,-397.23,-260.51,7.2024,348.52,631.61,872.59,1303.9,2071.6,1429.4,545.43,266,671.53,48.708,336.44,-206.67,-84.719,550.8
716.57,400.77,316.54,127.81,-142.7,-193.73,-94.119,99.612,238.17,181.52,56.642,-47.975,-101.93,81.912,314.71,323.37,166.63,103.76,145.76,106.08,108.16,383.07,800.07,923.86,755.88,577.9,388.68,305.67,-18.067,-36.5,-71.78,-110.35,-125,-142.34,-156.5,-158.09,-199.96,-249.64,-221.56,-256.48,-296.03,-301.4,-248.91,-206.67,-185.43,-201.91,-215.83,-391.49,-443.13,-502.46,-562.15,-522.11,-214.97,150.4,462.66,601.21,286.63,4.6388,77.395,525.53,528.46,1433.4,869.05,478.16,748.56,1097.8
821.19,412.73,365.73,759.18,875.39,773.58,608.05,274.91,-38.82,-93.265,-14.039,25.88,-223.4,-424.82,-306.28,-245.61,-166.75,-156.01,-151.98,-145.51,-173.35,1090.6,519.06,937.41,1046.8,1023.6,617.21,-155.89,-211.43,-269.05,-319.35,-345.96,-331.31,-296.4,-245.12,-193.24,-194.95,-213.02,-237.68,-265.88,-289.56,-284.8,-215.58,-143.19,-106.2,-127.45,-240.85,-341.93,-328.87,-284.8,-282.6,-184.21,56.764,466.32,924.34,943.14,557.02,415.54,913.48,744.29,63.723,82.766,-356.33,-67.629,290.9,761.13
370.49,220.59,424.7,573.14,393.32,19.41,-18.433,187.14,347.18,231.21,79.592,-11.841,-10.62,48.463,106.08,10.498,-225.71,-63.601,427.26,632.95,407.24,258.67,218.88,58.596,42.726,170.66,232.8,241.46,50.783,42.482,29.542,-16.48,-68.117,-91.556,-85.818,-69.826,-60.06,-51.149,-31.739,-23.438,-24.659,-59.45,-98.27,-126.47,-122.93,-176.15,-322.4,-382.46,-370.86,-467.06,-498.18,-476.7,-367.69,155.52,752.71,648.58,584.12,721.46,666.28,-264.17,363.29,1261.9,1264.3,989.29,542.37,483.41
465.22,431.04,420.91,347.54,436.17,608.66,648.09,470.23,97.903,-276.99,-446.3,-513.08,-497.94,-272.23,-177.01,-271.37,-363.05,-390.64,-380.87,-352.31,-286.39,-207.16,-161.26,-173.1,-125.74,26.002,167.61,248.42,886.38,-97.049,-111.94,-121.83,-131.96,-142.46,-142.46,-138.31,-140.87,-164.31,-187.99,-197.27,-196.42,-192.39,-171.51,-164.43,-230.35,-199.84,-140.63,12.085,49.44,242.32,348.28,422.01,356.82,242.68,315.56,545.67,494.52,229.38,60.183,182.87,402.23,682.39,1724.8,1143.1,-544.21,-1271.9
-777.49,-574.48,-470.72,-448.01,-445.57,-181.16,118.66,248.66,229.87,100.22,-86.673,-174.08,-110.48,-17.579,-1.3428,108.77,382.82,526.26,512.47,333.26,77.151,-131.96,-248.66,-266.49,-361.1,-328.5,72.024,-20.264,-141.61,-115.12,-112.43,-88.748,-61.647,-70.803,-85.33,-65.554,-34.547,-45.778,-91.311,-96.438,-92.288,-152.84,-235.85,-260.87,-177.25,-109.38,-112.8,-164.56,84.475,333.51,297.01,190.8,204.35,-505.51,-372.08,-189.34,88.748,-2.3194,-86.795,370.13,1163.7,1395.3,91.8,-208.5,-307.26,153.08
430.8,280.16,-41.749,-111.21,-12.696,182.13,199.84,134.53,210.7,264.17,150.88,-162.97,-326.3,-306.53,-275.03,-139.16,90.457,67.629,-29.054,-91.922,-122.81,12.94,178.72,110.23,54.445,7.4465,42.97,119.63,9.0335,23.072,33.692,53.346,62.502,62.868,48.708,-27.1,-144.9,-263.92,-292.86,-273.2,-258.31,-241.71,-179.08,-135.5,-96.927,-95.34,-77.273,-130.01,-305.31,-434.46,-380.75,-288.83,-113.04,214.12,442.52,374.77,451.55,350.96,142.34,352.92,226.33,535.91,361.34,663.84,650.53,417.37
398.57,379.28,431.17,737.82,541.52,477.43,96.927,-110.97,-159.67,-128.54,-13.184,11.597,-87.405,-158.21,-121.22,-38.453,-130.38,-401.14,-308.48,-180.79,0.12207,-126.71,236.09,39.552,-213.02,-477.19,-571.06,-302.5,-169.19,-169.8,-190.07,-160.89,-95.828,1.709,59.694,69.826,55.544,29.42,-57.253,-145.76,-341.44,-601.95,-705.83,-532.98,-278.94,-140.75,-133.3,-165.53,-154.06,-135.01,-144.66,-184.45,-211.43,-188.24,-169.68,0.4883,-70.559,-492.81,-885.65,-1068.9,-1378.9,-586.44,-229.87,-231.94,-218.02,-20.875
47.121,34.059,10.62,-12.94,-71.169,-180.91,-329.6,-382.95,-244.51,-141.73,-47.487,31.983,-58.229,-131.72,-56.887,30.885,60.305,44.069,-18.555,-101.2,-107.67,-134.77,-203.5,-243.78,53.346,67.141,65.798,47.609,29.664,17.945,12.085,11.475,17.823,21.729,24.049,-40.162,-252.94,-456.31,-572.28,-472.3,-299.33,-176.89,-93.997,-20.753,24.293,-31.495,152.35,515.52,214.97,-44.923,-52.614,-48.219,307.14,36.866,-141.85,44.801,388.2,145.76,166.14,169.8,152.71,118.9,74.099,23.072,-20.02,-47.853
-59.084,-53.835,-38.209,-15.625,9.3997,30.763,43.092,48.097,45.167,36.5,25.758,16.114,12.818,14.405,17.823,20.753,25.025,27.711,26.978,32.35,40.04,38.331,17.09,-35.401,-97.049,-137.82,-160.16,-158.57,-126.35,-89.846,-77.517,-81.301,-84.231,-87.039,-86.795,-79.348,-55.544,-19.532,6.2258,-5.1271,-72.146,-108.52,-122.81,-151.01,-215.09,-242.93,-224.25,-263.56,-314.1,-284.19,-264.53,-113.65,-65.554,214.61,602.68,120.61,-182.01,-159.06,-158.82,-166.39,-181.04,-190.8,-182.99,-165.65,-142.09,-116.34
-91.678,-74.465,-64.333,-58.84,-57.009,-54.933,-53.224,-52.492,-54.689,-59.206,-55.422,-46.632,-43.825,-42.116,-43.458,-48.708,-53.835,-62.136,-74.709,-87.771,-96.561,-98.27,-89.969,-77.029,-66.774,-54.933,-41.017,-24.415,-5.4933,16.358,37.111,55.3,74.953,92.41,104.62,112.31,113.16,81.179,26.612,-9.888,-45.778,-116.21,-158.7,-175.18,-169.07,-215.7,-257.45,-252.2,-225.1,-179.57,-190.8,-232.18,-163.09,-57.253,194.22,261.48,-85.33,-110.35,-30.641,37.843,83.01,97.049,83.621,62.502,49.196,42.116
33.326,13.55,-18.555,-45.778,-66.774,-79.47,-76.785,-54.689,-27.1,-2.6856,21.729,43.092,54.079,56.642,55.422,51.759,44.313,40.162,47.243,55.055,58.351,55.91,56.276,56.887,35.401,-18.189,-76.907,-132.08,-202.89,-255.5,-251.72,-228.4,-224.98,-208.87,-160.16,-105.35,-72.634,-64.333,-75.93,-117.8,-214.36,-347.67,-399.18,-392.1,-401.5,-361.1,-269.66,-235.24,-231.94,-192.88,-145.39,-81.423,22.706,168.83,286.14,411.76,650.17,12.94,57.985,-16.114,-17.09,-16.48,-12.574,-6.4699,-1.587,-1.4649
-4.7609,-6.4699,-5.005,-4.5167,-10.254,-16.968,-20.02,-20.386,-18.311,-20.508,-26.612,-28.077,-26.612,-25.513,-17.457,-22.095,-44.557,-78.616,-124.15,-172,-206.92,-163.09,-109.87,-41.383,74.221,140.63,148.32,196.42,336.56,513.69,591.69,516.25,310.07,102.42,63.723,190.92,283.33,411.39,439.71,335.83,146.12,34.547,2.4415,1.2207,25.269,68.361,99.49,111.45,105.47,81.179,66.652,73.122,95.584,110.48,116.34,118.41,141.12,133.79,26.124,-87.649,-71.78,-58.84,-48.585,-40.162,-32.838,-26.246
-22.828,-28.199,-46.999,-64.699,-79.714,-92.166,-98.758,-92.776,-75.686,-53.224,-32.472,-20.753,-18.555,-22.095,-26.49,-22.828,-9.0335,11.475,36.012,59.694,80.203,93.997,100.83,98.148,88.26,75.93,67.019,62.746,54.445,38.697,18.555,-6.8361,-32.594,-56.52,-85.574,-109.38,-99.49,-105.59,-125,-115.48,-74.343,-37.477,-20.264,-21.607,-29.176,-35.646,-26.002,-36.866,-109.62,-180.55,-269.91,-345.35,-418.23,-438.25,-481.22,-433.61,-271.86,-15.137,218.63,-21.485,-19.288,-17.579,-17.579,-21.119,-23.804,-25.269
-25.269,-23.682,-21.485,-21.241,-22.828,-25.025,-28.443,-31.617,-31.739,-30.396,-31.617,-38.82,-53.957,-71.78,-84.231,-88.992,-81.179,-63.478,-46.388,-32.105,-18.799,-3.6622,11.597,26.612,40.651,38.087,13.306,-11.353,-25.758,-40.284,-48.83,-38.82,-10.498,30.885,30.763,-21.851,-58.84,-82.034,-109.87,-138.19,-188.85,-241.71,-247.69,-189.7,-136.11,-120.98,-134.53,-139.29,-138.68,-87.161,38.331,107.3,160.65,217.78,235.24,104.01,72.024,653.46,1009.9,786.89,231.33,25.147,27.711,31.007,33.448,33.692
33.204,31.739,30.641,28.443,26.246,22.462,19.654,20.02,21.119,20.02,16.114,8.7893,1.0987,-2.3194,-1.8311,-0.36622,0.97659,3.7843,7.0803,12.452,26.246,36.988,43.703,49.684,48.83,34.181,23.56,13.062,7.3244,6.592,3.296,1.2207,2.9298,9.888,16.114,14.405,0.24415,-3.5401,10.01,11.841,-30.03,-72.634,-95.828,-103.4,-101.69,-147.34,-181.52,-141.12,-119.75,-158.45,-229.26,-321.42,-383.07,-412.24,-506.85,-615.86,-566.06,-378.67,-149.17,151.25,348.16,118.05,-18.677,-15.748,-11.353,-7.9348
-7.4465,-11.109,-15.503,-14.771,-12.818,-8.301,-5.3713,-5.4933,-5.7375,-4.3947,1.9532,8.301,13.062,18.311,25.025,27.955,29.42,28.443,26.856,26.002,23.682,21.729,18.799,13.794,3.7843,-5.3713,-12.818,-16.236,-9.7659,3.9064,24.537,46.022,57.741,53.957,38.82,22.95,-3.1739,-24.171,-32.716,-46.754,-67.873,-78.982,-95.584,-128.3,-152.23,-158.57,-155.64,-175.91,-218.76,-259.9,-260.63,-233.28,-277.35,-319.71,-328.62,-289.32,-238.9,-125.86,118.29,539.2,653.46,-24.049,-7.0803,-8.179,-3.9064,0.85452
5.1271,8.301,9.5218,9.0335,8.179,5.2492,1.9532,-1.0987,-2.0753,-1.2207,-0.73244,-1.0987,-2.3194,-3.6622,-5.4933,-6.3478,-6.4699,-6.592,-8.301,-12.207,-16.602,-19.288,-19.776,-18.067,-17.579,-19.166,-20.631,-18.677,-6.4699,7.9348,25.025,49.318,72.024,76.174,61.769,50.417,29.908,-13.428,-76.54,-124.27,-138.92,-138.8,-141.24,-111.82,-53.591,-15.259,-30.885,-86.673,-131.6,-186.9,-316.78,-481.22,-556.05,-465.96,-377.7,-249.03,-52.004,-2.0753,-41.627,-16.968,364.51,148.32,-62.624,55.055,52.248,53.102
57.497,63.601,68.606,74.099,78.738,80.691,80.325,76.296,68.85,57.741,45.045,30.274,11.475,-8.7893,-29.664,-55.544,-87.405,-117.8,-145.63,-166.39,-166.26,-145.15,-95.218,-29.908,31.007,86.917,131.47,146.86,146.24,141.97,134.4,123.29,106.45,79.836,44.923,5.7375,-29.664,-41.505,-32.105,-6.2258,32.594,82.644,138.55,162.97,162.85,193.12,211.43,148.2,-1.587,-141,-256.48,-436.29,-546.04,-565.45,-507.34,-385.88,-194.22,133.06,424.57,394.05,354.87,411.88,472.3,-11.597,-8.179,-3.7843
-0.12207,4.883,9.888,13.184,13.55,11.353,9.3997,8.0569,5.4933,1.8311,-2.1973,-4.3947,-5.005,-4.5167,-3.9064,-5.1271,-8.301,-12.207,-13.428,-11.719,-10.01,-9.2776,-9.3997,-11.841,-15.992,-22.584,-30.152,-37.477,-39.43,-36.744,-33.57,-32.716,-30.152,-29.908,-38.087,-51.027,-57.863,-61.159,-78.494,-101.08,-118.66,-134.28,-160.04,-184.82,-185.92,-168.22,-152.23,-162.6,-171.27,-169.44,-180.18,-233.16,-301.52,-314.58,-314.46,-361.58,-413.59,-402.84,-378.31,-350.23,-329.97,-283.21,-126.22,-159.67,79.348,65.676
57.497,59.572,65.798,68.239,67.141,61.769,55.544,52.736,52.004,51.149,50.295,47.731,43.458,37.233,31.739,29.054,31.251,35.524,38.331,37.355,32.472,26.124,21.607,17.701,15.625,15.381,15.748,13.794,7.4465,-5.7375,-23.927,-38.82,-38.331,-24.903,0.85452,36.5,78.005,106.57,127.57,138.31,137.82,128.79,111.21,90.335,62.38,21.607,-15.87,-47.487,-45.778,-14.893,43.214,112.19,131.72,88.382,-6.4699,-66.53,-156.25,-332.29,-319.83,-310.43,-256.72,-21.729,606.59,1027.4,292.73,-17.823
-15.503,-13.184,-10.376,-6.3478,-1.4649,3.9064,8.7893,10.865,10.132,8.5452,7.3244,7.2024,8.179,9.3997,10.254,9.888,11.597,11.963,12.818,13.916,15.748,15.748,17.335,19.41,21.485,24.049,24.171,27.833,36.378,50.905,55.91,48.341,40.773,31.373,9.5218,-15.259,-27.955,-26.856,-15.503,0.61037,10.132,14.405,20.997,21.851,17.823,8.7893,3.9064,1.709,-26.246,-74.221,-102.42,-113.28,-153.45,-250.98,-319.83,-330.09,-392.1,-497.7,-583.27,-562.03,-564.84,-445.94,-154.3,239.02,217.17,6.7141
8.9114,11.841,14.161,14.893,15.992,17.945,19.532,23.927,22.217,22.584,20.753,22.584,23.316,27.833,32.594,35.524,35.279,33.204,38.087,40.773,41.139,43.947,55.055,68.606,70.437,62.258,51.515,44.435,38.331,33.692,30.519,31.129,34.547,36.134,38.209,36.012,20.02,-7.8127,-36.378,-60.183,-80.569,-113.04,-188.48,-326.55,-383.56,-346.08,-337.78,-291.88,-225.71,-219.37,-262.46,-261.12,-207.28,-174.93,-147.47,-65.676,69.338,234.5,434.95,651.75,791.89,699.61,545.3,536.52,553.12,691.18
45.167,42.726,38.087,29.298,20.875,15.503,11.719,8.0569,5.7375,3.6622,2.3194,2.6856,4.5167,4.5167,0.12207,-6.2258,-9.5218,-9.6438,-11.109,-14.405,-18.921,-22.706,-24.537,-23.682,-22.706,-14.771,-11.963,-17.09,-21.363,-30.274,-52.736,-70.07,-72.268,-50.417,-27.955,-18.799,-20.753,-26.368,-22.584,-5.8596,2.5636,8.301,14.893,8.4231,-7.0803,-31.983,-51.637,-88.137,-133.92,-213.75,-266.24,-282.36,-308.11,-329.23,-379.28,-426.16,-484.76,-553.36,-568.25,-527.6,-324.59,17.945,716.94,1159.7,369.76,-228.64
66.286,28.687,32.838,30.519,27.589,20.386,10.01,-0.36622,-8.9114,-15.748,-21.851,-26.978,-29.42,-28.199,-23.316,-18.067,-13.916,-11.231,-9.6438,-8.6673,-8.0569,-7.3244,-6.4699,-4.7609,-3.296,-0.24415,4.5167,8.0569,14.405,19.288,23.194,20.753,23.316,40.284,54.689,59.694,46.51,36.134,41.139,36.988,14.771,-23.682,-53.591,-59.938,-55.3,-46.876,-38.697,-31.251,-21.363,-7.3244,6.8361,2.8077,-21.729,-44.679,-84.719,-171.76,-265.27,-305.92,-351.08,-363.54,-338.15,-282.24,-240.85,-202.4,-40.162,258.55
398.94,-7.8127,-4.6388,-6.3478,-13.306,-19.41,-20.508,-18.921,-13.55,-9.2776,-6.4699,-3.1739,-0.85452,-0.73244,-2.9298,-4.7609,-4.6388,-5.1271,-7.8127,-6.7141,-4.0284,-0.61037,3.9064,3.9064,4.0284,5.3713,9.3997,17.212,23.56,27.711,26.368,22.095,17.579,16.968,20.02,25.758,33.082,39.674,41.505,39.552,35.524,33.082,29.908,8.4231,-21.363,-32.594,-29.786,-29.054,-36.622,-47.243,-58.473,-72.024,-71.291,-60.183,-68.606,-69.948,-54.445,-27.711,9.0335,19.41,-31.495,-113.53,-83.987,92.898,319.96,428.6
386.36,11.597,11.353,11.963,14.405,18.067,20.875,22.828,23.316,21.973,20.631,19.41,19.044,20.875,24.415,25.88,26.002,26.612,27.467,28.932,31.251,33.326,32.716,29.786,24.903,19.898,15.87,12.94,9.7659,5.3713,-1.4649,-8.9114,-11.353,-9.3997,-6.4699,-3.9064,-6.3478,-13.672,-19.654,-20.753,-22.462,-21.607,-17.945,-14.039,-20.142,-17.212,-7.4465,-3.7843,-45.534,-106.69,-152.1,-170.78,-201.79,-262.46,-304.09,-287.73,-253.18,-268.68,-328.75,-317.64,-291.88,-371.23,-519.79,-272.84,178.59,369.64
-281.62,-487.32,13.55,9.5218,6.3478,3.1739,3.4181,7.5686,14.527,23.927,34.425,44.069,53.835,62.868,69.582,73.122,74.465,73.366,70.803,70.559,71.413,73.122,71.78,68.484,67.141,73.733,84.231,95.95,101.2,93.02,78.372,55.177,18.555,-29.42,-75.442,-92.654,-96.805,-120,-164.8,-164.68,-138.92,-136.11,-156.74,-176.89,-181.16,-191.66,-230.35,-267.34,-295.66,-317.03,-254.65,-120.24,21.607,139.16,236.82,290.66,233.65,147.47,131.84,-99.002,-427.63,519.91,135.14,-310.8,-167.24,233.65
284.55,480.61,514.79,547.14,470.84,324.59,406.63,359.26,165.65,33.448,-2.6856,-35.524,-42.116,-36.378,-33.082,-51.271,-111.21,-172.12,-202.28,-178.96,-116.46,-118.9,-70.559,26.612,92.898,174.69,202.52,23.927,-319.35,-95.34,53.957,243.42,360,248.05,143.8,17.09,-70.193,-64.577,-49.928,-35.279,-28.443,-32.594,-29.908,-17.823,-0.73244,11.719,-5.4933,-23.438,-34.791,-35.035,-30.396,-32.594,-31.129,-31.007,-18.067,1.709,12.696,14.283,19.898,39.918,43.214,50.417,76.785,99.368,151.86,134.89
29.786,-96.316,-374.28,-504.04,97.171,99.979,100.1,93.509,78.005,63.723,56.764,54.201,44.069,25.88,7.6907,-4.1505,-10.254,-12.207,-14.527,-19.532,-19.776,-13.55,-8.0569,-4.5167,0.12207,4.1505,4.6388,-0.73244,-4.6388,-7.4465,-6.1037,0.73244,1.9532,-3.7843,-7.9348,-10.376,-7.0803,-0.73244,0.4883,-0.97659,0.4883,0,3.5401,7.8127,7.3244,8.179,10.132,13.794,18.433,20.631,17.335,14.649,12.574,7.4465,7.9348,4.1505,-11.963,-35.279,-42.36,-21.363,8.7893,17.945,-6.9582,-9.888,5.9816,36.866
22.462,-61.525,-161.75,-134.16,25.513,47.609,65.31,77.151,82.034,77.639,70.803,63.112,51.637,40.162,33.082,30.274,31.007,28.932,26.978,18.799,8.9114,12.574,14.405,12.085,9.2776,11.353,15.992,17.945,19.41,20.386,19.41,20.753,19.776,16.236,15.015,12.94,17.701,26.978,33.326,37.599,30.396,21.851,22.34,22.462,14.771,15.259,22.462,32.594,49.684,42.848,26.002,31.617,39.674,30.396,25.636,49.074,81.423,101.81,125.13,165.53,218.02,258.31,258.19,-70.193,61.769,81.179
193.98,412.73,581.19,506.97,-7.3244,-5.1271,-6.3478,-7.3244,-6.2258,-1.9532,-0.97659,-6.3478,-8.179,-10.987,-9.1556,-3.7843,-3.0519,-1.2207,-1.0987,-2.5636,-3.6622,-2.6856,-0.36622,1.4649,3.9064,8.0569,11.231,11.353,9.7659,6.4699,1.0987,-1.9532,-0.36622,6.7141,12.818,11.597,7.5686,5.1271,5.1271,10.62,15.503,11.231,3.1739,0.36622,0.85452,3.1739,4.6388,5.7375,11.109,21.729,27.467,23.927,36.012,64.699,98.148,116.34,125.74,151.37,190.19,213.02,224.86,179.33,121.46,-22.217,441.79,61.525
59.938,489.27,695.94,716.94,3.4181,6.592,13.184,24.781,35.401,40.04,46.876,55.3,57.375,57.375,59.328,64.821,74.831,86.55,102.05,119.63,145.27,177.13,214.36,250.13,269.05,277.11,250.5,219.98,178.72,-106.45,13.428,-7.9348,-221.2,-87.161,333.02,364.15,270.39,217.54,93.387,466.81,285.53,-225.47,-345.84,-141.61,-26.734,64.089,101.44,69.338,33.448,9.7659,-42.116,-117.56,-189.95,-251.84,-320.44,-331.92,-271.74,-109.01,39.064,143.44,195.07,219.24,152.35,68.239,39.308,23.194
14.161,105.11,1180.5,1095,-30.396,-7.8127,10.865,15.503,13.184,6.9582,-7.6907,-30.03,-53.224,-57.863,-49.318,-32.838,-9.1556,5.9816,9.5218,4.2726,-5.2492,-15.748,-21.973,-22.095,-15.381,-7.9348,0.12207,7.5686,14.161,17.09,21.119,24.171,25.758,24.903,21.851,13.184,2.5636,-1.0987,-0.61037,3.7843,10.254,13.794,5.9816,5.005,10.987,17.579,22.706,21.729,22.462,37.477,67.141,79.592,78.616,121.34,143.93,170.78,196.78,224.25,252.94,257.21,220.83,228.28,177.13,542.13,174.2,-93.142
12.085,164.92,306.77,1069.6,10.132,3.5401,-0.36622,-9.2776,-22.34,-29.42,-30.885,-21.973,-8.6673,5.8596,24.049,35.89,38.942,36.988,33.692,32.228,29.176,30.03,28.809,22.095,25.513,37.843,45.412,57.375,62.38,55.422,43.58,38.331,39.674,35.646,25.758,16.724,4.1505,1.2207,-1.2207,4.6388,9.6438,9.888,7.8127,10.132,13.916,23.438,26.246,27.1,23.682,26.978,38.331,43.825,48.585,67.019,75.076,73.733,93.997,134.77,175.42,186.77,172.25,183.11,157.84,199.71,84.964,-203.74
-266.98,-111.21,-162.97,211.31,603.9,540.54,644.43,634.3,220.22,39.308,-116.09,-207.04,114.02,203.01,168.1,131.35,115.85,72.146,-79.958,-214.97,-328.5,-421.89,-442.15,-313.61,31.251,304.57,314.46,309.95,186.16,54.933,-19.41,-26.734,24.903,116.95,286.87,511.86,6.7141,10.254,11.475,10.01,1.8311,-7.5686,-8.4231,-4.7609,1.587,8.6673,8.179,0.24415,-1.3428,-11.719,-22.584,-31.495,-34.669,-34.059,-33.448,-31.739,-28.443,-22.462,-13.794,-5.7375,1.709,5.7375,9.5218,15.992,16.968,12.329
10.865,5.6154,0.73244,-1.0987,-1.587,-0.61037,-4.7609,-12.329,-23.194,-31.251,-35.157,-39.308,-39.674,-35.035,-32.105,-25.758,-16.236,-5.005,8.179,26.856,60.671,97.659,138.19,138.07,105.96,68.361,-177.5,-1.2207,-74.465,-28.565,114.38,208.38,177.37,557.27,370.13,244.03,22.584,43.214,42.726,14.771,-9.2776,-31.129,-49.318,-54.323,-50.905,-38.82,-29.176,-13.55,-0.36622,1.3428,21.119,36.134,35.524,45.9,51.759,24.781,8.6673,0.12207,-18.311,-13.184,0.12207,4.6388,-3.9064,-28.809,-27.345,1.8311
19.898,21.119,9.0335,-3.296,-11.963,-22.828,-18.677,-16.236,-26.49,-26.612,-14.771,-8.0569,2.4415,14.283,15.87,18.067,30.03,40.407,65.432,66.652,81.423,86.795,93.265,66.408,-8.9114,-80.935,-158.45,-172.37,-36.378,5.8596,-127.57,45.289,665.67,832.67,704.25,-400.77,-98.27,-51.149,-7.6907,5.2492,7.9348,9.6438,9.5218,7.8127,13.184,20.753,28.077,33.082,35.89,42.848,48.708,54.201,56.276,50.783,47.853,43.092,34.059,31.007,25.758,18.433,20.386,20.264,17.823,18.555,21.363,17.212
3.4181,-7.2024,-5.9816,0.61037,6.3478,9.2776,8.9114,6.7141,2.3194,2.5636,12.574,24.659,34.669,36.256,35.279,44.923,59.45,57.375,45.534,36.622,67.385,82.522,57.131,24.537,12.574,4.6388,-32.716,18.067,-85.574,189.21,153.45,-5.9816,-171.64,-101.69,254.77,221.32,-35.524,5.4933,41.261,77.151,107.91,138.8,175.42,185.67,180.79,192.63,209.72,223.15,213.51,208.99,178.23,136.36,114.14,95.096,86.306,62.746,48.952,53.102,59.694,68.606,77.639,61.525,36.744,6.1037,-21.851,-32.105
-31.495,-30.396,-37.111,-31.373,-25.025,-16.602,-8.0569,-4.6388,-4.883,-5.005,13.672,42.116,62.868,79.958,78.616,78.249,86.306,86.917,77.639,68.972,78.127,96.927,140.02,188.48,260.87,320.08,360.12,334.12,317.39,303.48,272.84,262.22,308.73,250.37,172.61,263.44,2.6856,1.3428,-2.5636,2.3194,-1.8311,-8.9114,-9.3997,-11.109,-20.631,-26.002,-23.316,-7.6907,10.254,24.903,38.942,44.679,36.5,28.077,21.851,22.584,38.942,44.435,54.811,66.164,63.234,46.51,15.992,-0.85452,-6.8361,-19.776
-37.355,-43.336,-44.191,-37.111,-19.288,7.0803,35.524,60.915,82.522,102.05,110.97,112.55,123.42,139.04,151.13,156.5,169.19,193.98,216.19,232.06,259.29,256.23,241.46,249.03,238.78,271.37,295.05,263.68,187.02,154.55,396.74,363.78,537.13,633.08,425.92,197.64,5.6154,7.6907,5.005,3.5401,0.4883,-3.1739,-7.2024,-10.376,-11.719,-8.179,-2.3194,3.0519,6.9582,7.6907,6.7141,5.4933,1.587,-2.5636,-3.6622,-6.592,-12.94,-19.288,-21.607,-20.142,-18.067,-16.968,-12.696,-10.01,-11.353,-11.231
-8.4231,-7.4465,-7.4465,-7.9348,-3.6622,1.0987,4.2726,6.9582,11.231,14.771,22.217,27.223,25.758,27.467,44.069,57.985,57.619,49.318,50.905,71.535,70.07,101.93,116.21,140.26,138.31,138.68,157.35,277.84,96.438,82.4,352.92,1095.5,860.5,-347.91,86.428,668.36,10.498,18.677,24.415,32.838,39.918,34.547,20.753,13.062,8.4231,10.254,15.259,18.311,25.147,30.885,36.622,43.947,45.656,48.463,49.806,48.097,36.012,36.256,30.763,22.462,24.659,22.34,23.682,24.171,21.729,21.363
26.612,30.641,32.472,32.96,35.035,33.692,34.425,33.57,30.641,33.937,48.341,58.351,64.333,71.78,81.423,79.714,71.291,70.803,78.982,93.997,131.84,185.43,236.34,251.96,261.12,245.74,183.97,103.89,-67.751,54.201,421.28,234.63,498.06,303.84,-139.04,-5.4933,-30.885,-19.044,-16.724,-18.555,-30.641,-48.097,-53.224,-50.661,-48.585,-43.703,-32.594,-11.841,11.353,26.612,27.833,15.87,3.296,-10.743,-20.386,-27.223,-36.256,-43.825,-47.609,-48.952,-49.074,-46.144,-52.492,-46.51,-40.895,-41.871
-41.505,-47.487,-60.549,-76.052,-84.475,-93.387,-91.678,-92.288,-83.987,-63.845,-62.624,-79.958,-95.706,-105.59,-105.72,-108.77,-112.92,-113.53,-114.75,-115.12,-101.44,-98.025,-123.54,-132.33,-135.38,-162.72,-160.53,-130.01,-31.251,80.081,161.02,160.89,117.8,14.283,-210.7,68.361,59.816,43.703,26.612,10.254,-1.709,-7.4465,-7.8127,-5.6154,-4.0284,-6.4699,-8.0569,-5.4933,-3.6622,-5.2492,-5.005,-8.4231,-14.893,-14.771,-9.0335,-0.4883,7.0803,9.0335,5.2492,3.9064,2.5636,-6.8361,-21.485,-36.256,-53.835,-68.361
-84.597,-92.044,-80.325,-80.203,-89.724,-97.293,-100.59,-88.26,-72.512,-75.93,-109.38,-145.02,-142.34,-110.35,-93.142,-85.452,-45.412,-29.908,-74.831,-107.79,-105.72,-101.32,-114.87,-114.14,-118.78,-162.6,-192.63,-215.34,-246.1,-194.22,-54.079,170.29,339.24,365.37,257.45,13.062,11.231,6.9582,1.8311,5.1271,12.452,9.7659,1.9532,-6.2258,-13.184,-16.846,-23.316,-33.082,-46.022,-56.032,-65.188,-69.46,-63.112,-57.619,-55.788,-56.52,-59.328,-59.938,-62.014,-63.723,-66.897,-69.948,-73.855,-78.616,-78.005,-70.193
-64.211,-66.652,-81.912,-90.701,-95.096,-101.57,-106.81,-114.75,-130.13,-136.36,-132.08,-113.04,-77.273,-53.591,-82.888,-135.87,-146.12,-131.84,-128.18,-128.06,-121.1,-114.38,-115.73,-111.58,-106.33,-108.52,-119.02,-73.489,45.167,163.58,220.22,133.3,-32.105,-293.71,-75.442,-57.863,-22.95,15.503,34.791,28.443,16.48,5.9816,0.97659,-0.12207,-2.0753,-1.709,-1.709,-4.0284,-4.7609,-12.696,-26.49,-40.651,-51.271,-58.718,-65.188,-67.629,-65.798,-63.356,-61.647,-59.328,-55.666,-52.98,-55.666,-58.107,-58.718,-58.718
-56.887,-51.271,-48.341,-56.764,-65.92,-63.356,-55.91,-58.473,-77.395,-93.997,-100.47,-111.58,-124.27,-131.35,-130.99,-126.35,-139.04,-170.9,-189.83,-192.51,-191.9,-198.74,-209.36,-195.56,-186.77,-197.76,-192.51,-155.03,-56.887,131.11,283.21,283.09,183.23,95.706,-277.35,-113.04,-100.59,-82.766,-68.361,-60.915,-60.671,-70.437,-78.494,-88.015,-103.27,-105.47,-92.044,-79.348,-71.291,-79.958,-93.02,-111.58,-119.75,-119.14,-115.85,-126.71,-142.09,-154.06,-177.37,-200.93,-211.07,-205.33,-207.04,-221.56,-217.05,-198.25
-191.17,-202.15,-231.7,-243.66,-238.41,-243.05,-254.77,-230.84,-151.62,4.0284,181.28,249.76,198.61,64.821,-121.22,-243.42,-128.79,-131.84,69.826,135.75,-38.697,-337.29,-325.57,-67.385,-49.44,-142.95,-95.34,-108.89,-174.2,-173.35,-167.36,-193.85,-206.43,-241.34,-313.97,18.189,35.89,34.059,26.246,5.1271,-15.137,-21.973,-24.049,-25.758,-25.025,-21.851,-26.002,-33.692,-36.988,-45.778,-58.718,-71.413,-77.273,-77.395,-74.953,-77.029,-79.592,-85.452,-98.392,-102.66,-104.62,-107.67,-105.96,-108.4,-108.65,-103.15
-99.124,-103.15,-100.47,-95.584,-96.438,-95.096,-93.387,-93.631,-89.358,-81.301,-73.122,-74.465,-77.639,-78.616,-63.845,-41.383,-78.127,-159.43,-193.49,-200.2,-250.74,-282.48,-279.31,-286.75,-302.87,-299.69,-234.63,-89.48,88.992,172.86,79.348,2.9298,-117.19,-287.48,-625.51,1.8311,-11.719,-22.34,-25.025,-25.636,-27.345,-22.462,-20.508,-21.973,-21.607,-22.217,-22.462,-24.171,-29.298,-33.082,-37.355,-45.656,-49.196,-51.393,-53.346,-53.957,-54.445,-58.596,-60.671,-62.38,-67.751,-68.239,-70.193,-76.296,-77.883,-80.325
-89.114,-102.91,-113.53,-120.12,-137.09,-172.37,-205.45,-224.13,-212.65,-193.98,-203.86,-226.2,-240.49,-275.52,-319.83,-363.41,-387.1,-401.38,-418.84,-439.34,-450.21,-445.81,-444.72,-373.79,-242.56,-134.4,-107.43,-210.21,-366.47,-424.33,-274.79,-134.77,-150.27,-158.21,-23.438,7.8127,-10.132,-26.612,-24.537,-9.0335,6.7141,19.654,26.002,21.485,17.335,18.067,19.166,16.846,20.02,22.95,21.851,16.846,4.5167,-9.6438,-23.56,-32.105,-36.378,-35.035,-26.734,-22.584,-24.293,-31.251,-41.871,-52.736,-62.502,-74.343
-83.987,-83.987,-82.278,-88.992,-103.27,-118.53,-127.32,-126.47,-121.59,-118.66,-124.64,-136.48,-144.41,-151.25,-158.94,-176.89,-192.88,-207.89,-221.69,-232.8,-232.18,-244.64,-247.2,-214.85,-198,-182.74,-78.005,72.39,222.79,374.03,376.35,208.87,2.3194,-147.71,-4.1505,-26.734,-27.467,-25.513,-21.241,-22.34,-26.734,-32.472,-36.622,-35.279,-33.326,-30.274,-25.758,-25.147,-25.269,-24.049,-26.124,-25.391,-28.077,-28.687,-28.199,-24.903,-17.579,-12.574,-8.301,-11.231,-18.799,-24.293,-31.495,-39.918,-44.435,-47.853
-51.393,-53.713,-54.933,-52.004,-46.754,-47.731,-57.863,-64.699,-67.629,-59.328,-48.097,-47.243,-49.562,-50.539,-39.308,-22.462,-9.0335,-8.301,-22.584,-40.895,-57.863,-64.943,-62.38,-63.601,-45.534,-26.856,-20.753,17.335,169.07,408.95,477.92,368.18,178.35,-242.32,-533.71,6.9582,9.6438,9.0335,10.743,13.55,14.649,13.184,5.3713,-1.587,-4.3947,-7.8127,-7.5686,-6.2258,-5.3713,-4.7609,-7.3244,-7.5686,-6.592,-8.301,-8.6673,-6.4699,-3.296,-1.709,0.12207,0.36622,1.0987,9.1556,21.485,31.861,32.228,20.508
2.9298,-11.963,-23.682,-36.134,-48.341,-60.183,-71.657,-76.052,-71.413,-67.507,-64.211,-63.601,-68.239,-71.291,-68.484,-62.38,-50.783,-36.622,-35.035,-47.243,-68.728,-77.395,-75.442,-79.958,-82.644,-63.845,43.092,231.57,349.86,282.6,121.1,-100.96,-403.7,-316.17,398.45,-67.751,-72.756,-69.338,-65.554,-61.159,-55.666,-53.224,-50.417,-46.876,-45.778,-44.557,-40.04,-33.937,-31.251,-34.181,-38.82,-38.942,-35.89,-32.105,-27.589,-24.415,-15.625,-10.132,-12.452,-16.968,-17.823,-15.259,-10.254,-7.3244,-1.9532,4.1505
4.7609,0.36622,-10.743,-17.823,-17.212,-10.498,-3.7843,-8.9114,-24.049,-31.129,-31.861,-27.955,-33.326,-49.684,-70.681,-79.47,-72.512,-61.403,-51.881,-33.448,-19.044,-7.9348,-1.9532,-2.1973,-5.9816,-31.251,-61.647,-71.535,-81.057,-80.325,-31.251,-44.435,-124.76,-329.48,-556.78,1.0987,-3.4181,-3.0519,-1.9532,-0.24415,0.61037,-0.4883,0,0.36622,-0.36622,1.3428,1.9532,1.8311,2.6856,-0.24415,-2.8077,-1.8311,-2.4415,-2.6856,-4.6388,-7.4465,-8.7893,-8.4231,-7.2024,-3.6622,-1.4649,-0.97659,-4.0284,-5.8596,-7.2024,-7.3244
-5.2492,-4.3947,-8.0569,-6.8361,-4.3947,-1.709,0.24415,1.2207,1.2207,-2.3194,-4.883,-7.9348,-7.5686,-3.296,2.3194,5.6154,10.132,18.799,38.087,53.835,51.393,31.251,21.973,38.942,65.92,70.559,55.91,29.176,4.7609,-17.945,-11.963,28.932,32.35,30.274,-2524.4,19.776,31.251,68.972,207.77,212.41,94.974,40.651,84.109,126.1,188.85,213.87,245.86,215.83,248.3,292,335.7,324.23,219.98,185.06,204.84,223.52,232.67,205.69,182.38,68.361,69.704,62.38,106.57,115.6,25.636,-54.811
-189.58,-214.48,-210.94,-104.98,-27.955,-125.37,-108.65,-177.98,-152.1,-34.303,-102.79,-169.93,-123.05,-1.709,83.987,177.37,242.19,257.33,203.13,149.78,13.306,-85.33,-178.72,-268.81,-272.35,-213.51,-224.25,-255.5,-262.83,-265.63,-268.44,-224.98,-142.83,-14.405,-32.228,-13.306,-10.254,-4.2726,-1.4649,-8.179,-16.48,-16.114,-17.945,-21.119,-16.114,-9.3997,-8.6673,-4.883,1.0987,5.4933,5.4933,4.7609,8.4231,9.7659,10.62,7.0803,-2.0753,-10.01,-11.963,-13.062,-15.015,-6.2258,1.0987,5.005,5.7375,4.3947
8.5452,9.7659,3.6622,0.36622,1.9532,5.005,-0.61037,-13.428,-19.288,-12.574,-3.296,5.6154,6.8361,10.376,20.142,34.669,46.144,46.51,40.284,24.781,18.921,27.467,30.274,34.669,39.308,63.112,76.907,50.417,-26.246,-113.28,-134.04,-113.28,-89.48,-75.442,-563.49,-593.89,-48.585,-132.45,70.559,3.7843,2.3194,23.56,-124.03,-126.59,66.164,154.55,123.05,52.248,2.5636,-37.355,-75.198,-108.4,-120.37,-93.997,-26.734,-26.856,-22.34,-15.625,-6.8361,2.1973,11.353,16.114,24.659,28.932,25.025,25.025
23.438,12.574,-2.8077,-11.719,-16.114,-16.48,-10.62,-7.5686,-9.3997,-12.94,-12.94,-12.329,-3.6622,4.2726,2.3194,-4.7609,-3.9064,-3.296,-8.0569,-11.963,-8.0569,-0.61037,9.7659,20.997,21.851,18.555,15.015,18.067,24.171,20.631,-0.73244,-33.937,-54.445,-62.746,-77.395,-102.91,-116.34,-121.22,-115.12,-96.561,-85.208,-86.428,-78.005,-63.845,-38.331,5.9816,22.34,-3.0519,-22.217,-58.351,128.54,-293.1,672.51,-390.03,33.326,47.121,56.764,55.788,50.295,57.863,61.647,69.704,85.818,94.729,90.823,93.509
91.556,86.062,92.044,90.335,79.714,71.78,67.141,60.915,53.468,61.403,78.005,89.48,83.865,62.746,43.214,37.843,58.718,92.898,128.06,122.07,70.193,17.945,13.428,8.9114,-10.01,-9.0335,75.076,111.21,21.851,-55.177,-303.72,-572.89,-485.98,-237.56,-116.21,111.45,234.75,240.49,90.213,-72.634,-58.107,69.948,207.89,253.06,234.75,197.76,152.47,119.14,110.48,123.66,138.43,157.6,144.17,67.873,13.428,15.015,16.48,13.794,8.301,5.7375,5.6154,8.4231,9.3997,5.3713,2.3194,8.7893
15.381,12.452,11.109,11.231,9.5218,7.4465,8.0569,13.062,16.968,20.753,22.706,27.711,31.861,31.373,26.856,21.973,8.5452,1.0987,6.2258,2.3194,-2.9298,15.259,47.975,71.047,80.691,58.84,-131.96,-424.7,-356.09,-98.148,270.88,-39.918,408.46,306.16,153.45,-208.5,-416.88,-343.27,-105.59,171.88,399.18,379.77,281.26,166.26,31.739,-34.669,-62.746,-51.637,-44.679,-55.3,-69.216,-63.356,-45.412,-46.266,-11.719,-17.335,-18.921,-20.753,-22.584,-20.142,-19.654,-16.48,-14.283,-17.823,-14.527,-13.672
-10.132,-6.8361,-0.24415,5.4933,13.306,11.597,5.6154,9.2776,16.358,25.88,37.477,50.905,64.089,82.888,90.213,91.922,81.912,78.494,64.211,37.843,26.124,13.062,-6.7141,-39.918,-79.592,-106.08,-151.37,-175.18,-194.83,-120.61,240.24,-67.507,-80.691,-177.01,224.25,359.14,222.05,-179.08,-424.7,-161.63,227.55,391.25,371.23,245.37,128.18,10.498,-78.127,-61.159,-47.731,-95.096,-128.54,-183.84,-301.64,-291.76,-36.378,-30.641,-21.973,-15.625,-0.36622,19.532,34.669,47.609,45.412,35.401,19.898,10.498
5.6154,-0.36622,-7.0803,-21.973,-32.35,-41.383,-43.336,-32.96,-16.846,-3.7843,3.0519,3.5401,1.3428,-5.1271,-12.574,-12.94,-10.254,-14.039,-17.457,-18.433,-21.119,-20.264,-15.137,-15.503,-16.236,-12.574,-5.1271,-0.12207,8.7893,19.166,30.274,39.186,57.375,71.535,118.53,105.72,151.25,192.51,213.39,223.03,235.36,246.83,215.83,213.02,193.73,104.37,5.4933,-50.417,-98.514,-149.78,235.6,410.66,265.51,334.36,40.651,20.264,-1.2207,-13.794,-17.823,-6.7141,8.179,26.734,44.557,40.651,21.485,-1.0987
-18.677,-25.88,-28.687,-17.945,-0.36622,19.044,41.261,47.487,49.074,47.975,27.345,11.597,10.376,11.963,6.7141,5.8596,10.62,19.532,13.306,13.428,17.823,20.264,21.363,26.612,28.565,30.519,33.204,29.786,34.791,34.425,36.378,46.754,53.224,50.05,10.865,-14.405,9.0335,38.82,19.044,-11.353,-38.942,-26.002,-5.6154,-22.706,-51.393,-26.368,15.625,24.781,36.744,58.962,154.79,215.95,162.85,102.91,37.599,36.988,34.425,24.659,17.823,20.508,16.846,13.428,8.6673,9.0335,6.1037,6.8361
6.2258,3.1739,-2.0753,-0.97659,4.1505,5.3713,11.963,13.428,10.62,4.0284,5.4933,13.306,21.485,25.025,25.758,14.039,1.0987,-8.0569,-11.963,-14.405,-17.09,-14.161,-11.109,-3.296,-2.5636,-3.4181,2.3194,6.2258,5.3713,6.9582,10.865,12.085,9.7659,12.696,20.997,24.293,28.687,38.575,52.126,76.174,84.475,71.78,72.39,101.08,109.13,73.489,1.3428,-111.33,-118.53,-161.26,172.73,66.042,90.945,-37.355,10.132,26.124,32.35,29.054,26.368,5.3713,-16.846,-9.5218,-12.94,-6.2258,-1.587,5.7375
6.592,-0.4883,-2.0753,-3.0519,-0.97659,0.12207,3.9064,10.987,18.677,24.171,22.828,25.88,28.443,33.326,38.209,38.82,35.157,27.833,25.88,25.636,25.758,28.443,31.861,32.35,37.477,41.871,40.651,49.562,57.619,53.835,53.346,52.492,49.562,47.487,50.783,58.473,58.84,54.811,53.346,40.04,23.682,14.893,5.4933,-11.475,-18.555,-31.129,-36.256,-16.846,7.0803,10.01,-26.978,-42.238,-24.537,97.903,-87.283,-67.507,-64.211,-62.38,-58.596,-57.985,-69.46,-71.902,-73.366,-66.164,-45.289,-31.983
-38.697,-58.962,-60.549,-50.539,-36.378,-13.55,0.12207,10.376,24.781,37.965,22.584,4.0284,-4.7609,9.0335,24.293,27.589,21.729,-1.4649,-20.997,-27.589,-33.57,-35.646,-18.433,12.329,11.719,5.3713,-1.709,19.288,43.458,76.785,99.124,114.26,126.59,152.71,170.42,191.66,220.95,255.87,247.69,203.38,191.17,162.72,88.748,42.604,29.542,19.532,-29.054,-48.219,-14.405,-70.925,-273.93,-475.97,-406.02,1961.4,1.0987,-3.4181,-6.3478,-6.7141,-5.1271,-5.1271,-4.0284,-0.73244,0.97659,-1.9532,-3.5401,-3.296
-3.9064,-5.6154,-3.6622,7.3244,12.696,8.0569,-1.0987,-7.5686,-9.2776,-7.6907,-4.7609,-10.743,-17.457,-56.887,-289.93,-104.01,133.67,31.373,85.94,133.3,162.48,15.625,-36.012,-18.311,-79.592,82.156,154.3,177.13,251.47,123.42,-51.149,-176.76,-239.75,-160.04,-9.1556,-8.4231,12.329,-11.109,-38.82,-43.58,-14.039,37.965,45.656,19.41,4.3947,-182.38,-358.04,-427.5,-421.77,-292.98,-264.78,-216.68,-233.16,1443.2,432.26,-714.62,-233.89,-642.96,-169.19,111.33,-386.49,345.1,455.21,316.42,268.93,152.84
18.921,-51.515,-31.251,-74.343,-69.582,-25.88,17.945,49.196,34.059,8.7893,12.085,1.4649,-26.246,-49.196,-56.642,-1.4649,94.607,-23.804,-93.997,-27.467,11.109,28.809,37.599,29.176,10.498,-9.1556,-27.711,-30.519,-27.711,-17.701,-5.4933,-0.85452,-8.9114,-30.763,-43.092,-31.495,-20.142,-25.147,-34.425,-55.055,-70.925,-55.91,-36.134,-21.851,6.2258,48.83,70.925,78.372,68.728,0.73244,-159.43,-232.06,-265.39,18.311,19.532,21.607,20.631,11.353,3.7843,6.4699,3.4181,-14.771,-25.636,-23.194,-12.818,-13.184
-16.114,-16.724,-20.386,-29.054,-22.828,-56.032,-57.741,-19.654,26.612,41.139,12.94,-2.6856,-13.428,1.9532,17.701,4.6388,-6.2258,-12.94,8.6673,30.641,25.025,9.3997,-4.6388,-14.039,-30.03,-55.788,-88.26,-74.343,-60.305,-44.923,-79.836,-104.37,-92.044,-116.7,-79.47,-41.261,-87.771,-289.32,-554.95,-689.11,-636.62,-466.57,-277.84,-120.49,-11.475,46.266,97.781,119.02,113.53,134.65,172,190.68,23.194,-140.51,-72.024,-21.119,44.435,113.65,171.15,224.25,246.1,259.29,279.55,273.93,244.15,202.15
191.66,205.69,199.96,177.86,159.43,158.82,183.6,221.08,225.1,203.74,165.9,126.35,99.49,78.005,74.709,71.902,67.873,77.395,97.171,106.94,110.35,139.04,202.64,254.4,259.16,217.78,148.44,76.662,17.945,-20.386,-51.149,-78.249,-90.945,-78.249,-25.758,-6.7141,-2.8077,1.3428,-15.503,-80.569,-134.28,-135.5,-142.09,-207.04,-285.65,-309.34,-320.69,-486.83,-604.75,-710.84,-733.66,-1006.9,-598.28,56.887,37.355,39.918,61.281,62.502,30.885,4.5167,-15.137,-20.753,5.6154,22.95,32.35,32.35
40.895,48.219,41.627,52.248,96.683,130.25,133.92,100.34,71.535,36.744,11.597,-4.3947,-20.264,-23.804,-12.207,-47.731,-91.433,-94.852,-57.741,-57.497,-82.888,-49.684,17.701,49.928,-1.2207,-23.682,13.428,65.92,24.415,-21.241,-9.5218,25.513,-38.209,-81.423,50.417,166.88,105.11,112.55,16.846,-262.7,-311.9,-403.33,-381.97,-208.87,30.885,118.78,98.636,37.111,-35.401,-60.915,-6.1037,-67.507,-66.042,63.112,101.81,127.93,136.72,136.23,134.53,143.07,138.19,122.07,111.45,106.33,93.875,79.714
74.709,74.221,76.052,82.4,87.039,93.265,96.438,99.002,98.758,89.236,73.611,54.689,40.651,35.401,33.692,20.631,-2.4415,-24.659,-39.186,-45.289,-44.069,-42.604,-45.412,-46.144,-43.336,-35.646,-26.612,-16.48,-22.828,-46.022,-54.811,-36.622,-30.274,-70.437,-132.69,-150.15,-103.15,-63.112,-42.604,-57.131,-77.639,-111.7,-147.95,-183.72,-251.23,-355.36,-402.97,-357.68,-237.92,-94.363,-27.467,110.23,645.77,-18.189,-32.472,-43.947,-44.923,-34.181,-17.945,-5.1271,4.6388,8.301,11.231,12.085,-0.85452,-17.212
-28.565,-41.383,-60.183,-76.662,-87.161,-98.025,-106.94,-105.11,-91.922,-90.579,-97.903,-100.47,-102.42,-95.706,-82.522,-77.029,-66.774,-48.341,-38.697,-25.391,-30.519,-29.786,-56.154,-41.993,-17.09,9.0335,9.7659,11.231,18.189,38.942,55.544,59.816,35.524,-8.179,-25.636,-19.044,-10.498,-15.137,-24.049,-28.321,-42.482,-70.07,-95.096,-115.12,-140.87,-134.4,-84.109,-65.676,-124.52,-171.51,-58.473,68.361,26.246,49.074,43.214,33.692,27.833,31.373,41.383,52.492,62.136,71.413,74.953,58.718,37.599,25.513
26.124,30.763,36.5,53.591,75.93,104.01,134.53,144.17,137.09,120.24,74.587,-16.236,-109.62,-152.71,-145.27,-107.18,-64.455,-41.993,-27.711,-5.7375,-4.5167,-28.321,-50.783,-56.398,-40.407,-28.077,-44.923,-58.351,-60.305,-134.65,-235.85,-265.76,-309.7,-396.37,-403.45,-351.94,-392.96,-413.34,-345.84,-279.67,-251.96,-269.3,-136.23,-88.382,50.417,118.66,60.793,-128.42,-199.47,-241.46,-215.09,-307.14,-460.1,-9.3997,-9.0335,-11.109,-16.358,-20.02,-20.142,-16.358,-10.498,-7.6907,-10.987,-14.161,-10.132,1.9532
16.846,35.89,60.549,86.673,98.148,87.039,62.258,36.256,17.823,5.7375,1.3428,1.9532,2.3194,0.24415,1.2207,5.7375,-0.12207,-13.184,-10.254,8.7893,12.696,-16.48,-54.811,-103.89,-177.13,-245.86,-344.62,-493.55,-556.17,-439.71,-347.54,-283.09,-243.54,-220.47,-192.14,-163.46,-131.72,-105.11,-58.962,-4.2726,59.572,92.288,103.64,79.958,45.534,-104.62,-275.28,-326.06,-326.67,-523.7,-818.14,-553.97,-315.07,12.085,6.4699,-1.2207,-5.6154,-3.1739,2.3194,11.109,20.386,24.781,28.687,36.378,47.243,52.37
49.318,44.557,46.876,57.985,68.239,67.629,60.549,52.614,42.238,35.89,28.321,17.823,12.085,14.649,26.734,41.383,55.666,68.728,80.813,89.724,78.494,53.468,9.5218,-56.154,-104.86,-136.72,-199.96,-290.29,-359.75,-341.07,-319.1,-323.98,-310.31,-291.88,-308.73,-296.64,-233.04,-189.7,-189.46,-149.3,-132.33,-99.002,-98.148,28.565,-78.372,-73.244,-143.8,-357.55,-244.03,-510.39,-498.92,-237.92,77.639,-109.38,-116.58,-95.828,-48.952,-5.6154,23.56,39.796,33.204,14.649,-4.6388,-9.3997,-6.592,-0.4883
1.587,-1.587,0.36622,5.8596,3.1739,-7.5686,-24.903,-43.214,-53.224,-53.957,-49.684,-44.191,-52.98,-85.574,-113.53,-107.55,-81.912,-83.377,-97.537,-71.657,-38.209,-28.565,-62.38,-74.343,-52.126,-33.692,-46.388,-66.652,-52.736,-26.612,-64.699,-103.89,-83.132,-46.632,-59.816,-114.14,-124.15,-93.142,-53.713,-44.069,-59.45,-99.124,-146.98,-162.24,-178.47,-210.09,-267.59,-322.4,-543.6,-536.76,-115.24,115.12,35.279,-31.129,-31.617,-28.932,-24.781,-21.363,-17.335,-10.987,-4.7609,-0.12207,8.6673,16.48,18.433,16.968
16.724,17.335,19.532,23.194,25.636,23.316,20.142,17.09,16.358,20.508,22.095,18.433,18.433,24.049,26.734,30.396,29.054,30.152,34.303,36.012,44.191,77.639,105.47,87.283,66.164,39.064,35.768,50.783,56.887,32.594,11.475,13.062,20.997,22.584,6.8361,0.85452,2.4415,-6.3478,-4.1505,-10.865,-45.656,-64.699,-56.154,-14.283,28.199,119.02,127.57,22.828,79.104,281.38,349.13,300.42,178.11,33.937,38.453,42.482,59.45,89.236,140.14,188.48,223.27,234.5,211.07,176.03,135.5,95.34
73.977,60.183,49.562,49.074,71.413,90.091,87.283,86.673,80.813,57.009,26.49,-13.672,-11.475,30.519,90.457,144.54,158.82,133.55,95.34,31.251,10.743,12.94,21.485,-18.921,-77.639,-88.015,-42.482,-9.0335,-39.43,-87.161,-79.226,-41.627,-17.823,-21.119,-31.495,-29.786,4.1505,38.087,31.495,-26.856,-26.368,21.363,43.703,25.391,11.109,-1.8311,-9.5218,128.79,156.99,164.68,368.91,257.7,33.082,31.373,27.833,31.983,43.214,57.497,40.407,30.03,14.405,6.9582,-8.179,-21.119,-15.748,4.7609
31.129,45.656,46.876,48.097,46.876,45.9,35.279,27.955,26.612,31.251,30.274,23.804,9.3997,21.485,32.472,37.233,37.965,41.261,56.887,58.229,40.895,32.838,42.482,34.181,-2.5636,-29.176,-27.223,-46.388,-108.04,-137.33,-108.4,-53.468,10.254,37.233,26.49,34.913,38.209,52.614,48.952,32.716,38.331,64.577,44.313,-24.415,-75.808,-131.6,31.007,317.15,191.78,251.47,314.71,317.76,132.33,-3.9064,-23.316,-52.126,-64.455,-30.885,-14.283,-27.345,-40.773,-52.004,-44.069,-50.295,-90.091,-93.509
-67.751,-14.405,9.6438,-7.9348,-42.848,-31.617,-19.41,31.861,112.8,15.381,-53.713,-62.38,-40.895,3.0519,22.828,14.161,17.457,41.139,58.596,36.866,17.457,32.472,45.778,11.231,-11.353,13.306,13.55,-57.131,-92.898,-61.403,-23.194,-63.967,-123.78,-111.94,-83.01,-97.293,-132.21,-117.92,-59.572,-61.037,-62.624,-18.677,-9.888,-4.2726,54.933,101.81,144.54,160.04,205.94,188.36,373.79,46.754,-242.44,-38.209,-34.425,-31.373,-22.584,-19.41,-20.753,-20.264,-15.992,-9.888,-2.8077,2.0753,8.301,16.48
28.321,43.336,52.37,48.463,34.425,26.246,29.786,30.641,13.428,-9.6438,-27.223,-22.217,-13.672,-5.6154,-4.5167,-5.4933,-10.987,-12.329,1.2207,-0.85452,-13.062,-15.748,4.2726,0.4883,-15.87,-16.724,-57.253,-96.072,-53.468,-18.921,-32.35,-71.047,-94.363,-56.154,-6.3478,49.074,95.218,73.611,33.448,46.632,105.23,107.06,69.094,95.462,107.91,69.338,66.652,160.53,274.42,148.32,40.04,-250.5,-874.05,58.718,100.22,68.728,32.838,6.3478,-3.296,-8.6673,-22.462,-42.848,-62.624,-67.141,-44.801,-56.887
-85.086,-102.66,-64.699,0.97659,34.059,17.212,-17.701,-17.945,-14.771,-20.753,-24.293,-17.701,-5.1271,3.1739,-1.3428,-13.55,-17.335,-8.301,-3.9064,-9.2776,-7.0803,16.846,21.363,2.1973,-0.61037,22.095,42.604,43.458,15.503,10.865,15.015,11.841,16.724,7.2024,8.301,-17.212,-20.753,8.301,36.012,63.356,42.36,8.0569,-24.171,-15.137,66.897,129.89,64.333,4.6388,180.18,298.96,154.79,206.55,-131.11,-71.657,-238.9,-230.96,-152.1,-87.405,49.44,160.28,154.79,99.612,61.403,26.246,0.73244,-12.329
-44.557,-45.167,-20.142,4.5167,-21.851,-120.24,-133.43,-183.72,69.582,28.809,-119.39,-96.683,-127.32,-268.2,-177.86,-54.079,-93.509,-404.19,-212.29,-257.33,-163.82,82.278,-14.527,-121.71,-184.09,-429.82,-461.93,-270.88,-239.51,-272.1,26.002,4.0284,-31.861,-37.599,-14.771,191.53,281.87,355.72,329.84,204.72,109.74,74.953,50.539,56.398,147.83,257.82,210.94,16.114,-241.83,-398.21,-384.17,-207.77,-242.07,52.736,48.219,50.661,54.689,42.97,17.212,-8.9114,-42.604,-32.838,-31.495,-38.087,-45.656,-20.264
13.428,14.649,-6.9582,-34.791,-53.713,-62.746,-68.117,-57.619,-37.721,-31.983,-34.669,-37.965,-30.641,-11.353,-11.109,-17.212,-6.8361,-6.7141,-16.846,-19.288,-8.9114,-4.6388,-10.743,-6.592,21.363,62.014,45.656,9.6438,21.729,15.87,-9.3997,-14.771,19.166,41.139,26.734,-10.865,-34.303,-26.124,5.1271,-0.24415,-57.253,-99.857,-43.947,75.564,70.925,-32.105,-18.921,164.43,287.73,117.92,198.49,266,92.044,164.07,83.499,25.269,9.2776,33.815,89.358,140.02,197.27,267.1,303.72,297.49,276.38,247.81
202.4,177.86,171.03,165.78,140.39,102.91,55.3,-0.24415,-54.933,-96.683,-116.82,-106.08,-93.631,-88.992,-83.865,-85.696,-31.251,-16.846,-35.524,-62.136,-73.855,-46.632,-40.773,-93.142,-134.53,-94.241,-74.587,-145.02,-155.52,-94.485,-72.512,-78.249,-101.08,-109.74,-84.841,-58.718,-38.697,-38.697,-45.656,-67.995,-73,-97.049,-156.99,-215.58,-217.78,-230.11,-354.87,-383.68,-297.25,-157.11,-160.65,-200.2,-219.86,-17.945,-19.654,-65.554,-64.699,-44.435,11.719,28.443,9.6438,36.988,76.662,103.64,97.293,61.281
38.331,10.987,-21.485,-59.816,-105.72,-136.72,-165.65,-163.58,-126.59,-69.094,-57.741,-128.3,-138.07,-88.626,-73.366,-95.584,-65.432,-10.62,33.326,52.248,97.659,124.64,117.31,-129.64,-395.89,-443.49,-344.62,-247.08,-245.98,-250.25,-215.34,-79.592,55.544,247.44,259.53,110.11,-11.597,-72.634,-64.333,-118.05,-55.177,-82.766,-12.329,-290.17,-249.28,387.83,266.24,250.74,143.68,-155.52,-84.475,-158.7,178.11,-344.49,-276.38,-172.12,-70.315,-21.119,-3.296,15.625,17.579,-5.7375,-17.457,-20.508,-6.7141,18.921
42.36,55.788,54.201,76.052,109.74,123.42,117.68,106.57,104.25,118.53,124.52,105.35,85.696,71.413,59.816,44.923,32.35,29.42,19.776,-11.475,-22.706,-11.719,2.9298,-9.3997,-26.246,-38.575,-33.937,-38.209,-47.365,-24.293,0.73244,5.4933,0.85452,-4.7609,4.3947,20.631,0.24415,-70.437,-115.73,-78.249,80.447,304.45,359.02,170.29,-22.584,-75.686,-41.017,-15.625,-107.79,-114.38,-116.7,-143.07,258.55,78.494,-40.651,-82.034,-43.092,-29.054,-16.724,-20.753,-27.589,-27.955,-14.649,9.1556,27.1,26.49
15.137,18.921,25.88,30.396,31.251,17.09,-1.2207,2.6856,16.48,43.703,49.196,38.209,21.241,-15.259,-60.305,-90.945,-94.485,-67.507,-13.184,21.851,6.3478,-28.321,-28.687,-23.682,-27.589,14.893,-4.6388,-75.808,-109.26,-78.86,43.58,176.27,132.69,-36.012,-96.683,35.279,138.07,-6.8361,-108.52,-18.677,69.338,61.892,43.825,150.03,273.45,221.44,68.606,140.14,377.57,184.7,12.94,166.75,-310.56,251.84,178.11,12.818,-83.865,-162.36,-163.21,-138.8,-179.2,-207.89,-311.04,-295.91,-170.05,-48.83
-47.731,-29.664,-31.251,-47.487,-52.37,-45.656,-22.584,19.166,60.06,-17.701,71.902,65.188,-28.077,-144.29,-58.596,53.835,-39.918,-113.28,-35.035,10.254,3.7843,52.492,-78.372,-110.35,40.284,-17.701,-21.485,-55.666,-7.4465,87.649,68.606,-151.98,-139.53,-147.22,-0.4883,5.3713,35.768,19.776,76.174,-5.3713,-20.264,5.8596,64.821,95.828,72.512,64.943,113.04,142.09,140.87,143.19,191.9,256.6,14.161,-138.68,-148.56,-137.58,-94.852,-34.425,-1.3428,13.428,13.794,26.246,21.119,14.771,-8.6673,-15.259
-5.2492,9.1556,16.968,19.898,17.823,13.672,29.298,47.487,33.57,-6.1037,-16.114,-4.3947,-3.0519,-16.236,-19.41,-2.6856,17.945,27.955,8.179,0.97659,4.6388,13.55,33.692,42.726,34.059,16.236,9.888,25.88,57.741,114.02,176.03,194.22,122.44,-7.5686,-85.94,-88.992,-53.102,-35.524,-43.58,-58.84,-28.932,-58.718,-128.42,-97.903,48.341,73.489,108.89,222.17,177.37,82.644,184.82,580.95,-320.08,-288.58,-309.7,-337.17,-326.06,-441.3,-582.9,-331.68,-189.09,-112.19,-43.825,-7.0803,-12.574,-100.22
-188.36,-172,-166.51,-147.22,-147.47,-147.34,-219,-209.11,-238.53,-342.17,-378.8,-431.53,-355.48,-158.21,-45.9,56.032,19.288,17.945,6.9582,-20.02,2.9298,4.7609,-29.908,-73.366,3.5401,-44.679,-6.7141,0.73244,-87.283,-408.34,-211.92,-119.88,-1.587,-102.3,-136.11,-279.79,24.903,99.612,-35.524,-38.575,86.306,68.239,-48.463,-28.687,120.98,240.49,454.24,605.49,598.16,475.72,383.68,119.63,614.4,13.184,-33.692,-42.97,-41.505,-37.111,-22.095,-4.0284,2.0753,5.1271,0.97659,4.0284,16.602,24.659
22.95,9.2776,-1.587,-5.7375,6.592,21.729,40.651,50.539,19.532,-32.105,-59.45,-52.248,-33.692,-32.594,-56.154,-58.351,-30.152,-20.386,-41.749,-69.338,-89.602,-87.893,-55.666,-49.196,-84.109,-120.12,-89.969,-16.846,51.881,89.846,96.072,71.902,18.067,-44.313,-65.188,12.452,40.162,-69.582,-114.38,-104.25,-16.358,180.06,272.96,203.13,94.729,60.06,147.47,248.42,281.87,257.21,401.87,-186.65,-493.55,-233.65,-206.31,-147.95,-126.22,-101.44,-118.9,-136.72,-143.07,-148.32,-192.27,-215.83,-180.43,-132.57
-184.7,-294.93,-290.66,-289.07,-227.42,-199.47,-261.97,-257.45,-290.29,-139.04,227.18,406.38,106.33,-454.48,-404.43,-460.71,-488.05,-142.83,-193.37,-12.329,4.883,-117.44,-149.17,-55.177,-131.47,-138.07,-98.392,-49.684,15.381,97.415,-22.095,68.484,204.6,221.69,202.89,169.68,279.67,305.06,-63.845,-59.45,42.97,199.22,135.75,11.841,46.876,202.76,418.96,324.23,240.85,241.22,193.85,-261.36,-2842.7,61.403,48.708,35.279,25.391,24.293,34.913,55.544,79.226,92.288,126.59,153.57,157.6,143.68
125.13,122.2,93.387,61.647,34.059,0.85452,-36.988,-81.179,-123.29,-138.68,-141.36,-145.76,-132.21,-83.377,-41.139,-40.04,-70.437,-84.109,-59.206,-41.383,-45.412,-63.112,-61.281,-54.323,-59.572,-66.897,-94.974,-86.062,-56.276,-18.433,-5.7375,-45.778,-90.701,-71.535,-37.843,-52.248,-96.927,-132.33,-127.93,-111.45,-97.537,-106.81,-119.02,-87.649,-93.265,-85.574,-86.062,-155.77,-279.79,-314.83,-315.93,-477.8,-1262.4,-499.65,-345.71,-201.3,-172.98,-530.53,-774.68,-897.49,-564.23,-214.61,-90.457,-202.76,-170.66,-215.95
-437.03,-592.18,-539.69,-412.61,-268.07,-105.11,28.932,120.98,172.49,172.25,143.07,96.683,52.98,-23.56,44.801,277.23,5.4933,2.9298,16.236,35.89,36.012,23.194,17.579,13.794,7.0803,3.9064,0.12207,-7.4465,-15.625,-24.903,-37.965,-48.341,-59.084,-58.229,-48.708,-40.895,-38.575,-41.993,-39.186,-30.519,-0.36622,33.815,39.308,52.492,70.803,71.291,61.525,49.562,62.38,68.728,61.769,42.604,50.295,80.935,94.607,73,30.274,45.9,90.579,105.59,81.545,68.606,106.2,156.87,161.63,64.455
-82.156,-138.31,-98.148,-32.472,-25.636,-91.067,-68.239,9.2776,9.5218,-71.78,6.592,203.01,363.05,329.6,718.53,768.21,22.828,50.661,54.445,39.43,33.815,49.684,68.484,77.029,89.48,109.13,124.27,119.88,96.072,76.418,44.557,32.228,33.57,29.298,17.823,3.6622,-23.56,-49.196,-50.417,-32.228,-11.963,-12.207,-17.335,-22.828,-18.067,-10.987,-15.625,-15.015,-6.3478,1.709,-1.709,-9.5218,-24.415,-44.191,-29.298,2.1973,6.4699,7.2024,20.02,40.651,63.967,82.156,57.741,8.7893,-15.503,6.592
55.3,116.21,114.14,44.069,27.1,169.56,220.1,66.286,120.98,487.93,1122.8,1533.6,626.24,227.18,168.46,426.53,45.167,29.908,15.015,4.1505,-21.607,-44.801,-47.975,-40.04,-31.861,-22.462,-20.386,-31.373,-32.228,-15.015,-14.893,-6.9582,-1.8311,9.7659,20.753,18.311,2.1973,-5.005,-17.579,-20.875,4.883,19.41,30.641,33.082,9.2776,-2.4415,13.916,35.401,42.97,35.279,22.706,11.109,17.09,44.679,90.579,137.58,155.03,139.9,104.74,104.62,127.2,153.81,170.66,192.63,211.19,228.16
253.67,271,228.77,182.38,200.93,321.54,478.16,585.96,572.65,533.34,606.22,479.14,1535,738.67,-373.55,-196.66,-10.376,-10.132,-11.109,-11.109,-9.888,-7.2024,-0.12207,6.1037,6.2258,4.883,3.9064,5.1271,5.1271,2.5636,0.12207,-2.0753,0.12207,-10.376,-21.607,-33.937,-41.383,-51.637,-59.084,-67.995,-81.179,-82.278,-124.76,-218.51,-317.27,-405.04,-443.01,-481.58,-568.25,-612.81,-603.17,-567.64,-473.89,-214.85,67.385,125.74,72.146,202.4,361.95,657.37,863.43,699.85,574.48,484.15,195.07,-3.7843
26.612,170.42,224.49,154.91,163.09,293.22,365.37,299.81,294.93,423.47,470.84,350.84,329.72,474.87,626.48,357.19,-171.03,-172.98,-186.65,-166.88,-114.87,-125.74,-282.48,-480.36,-572.53,-593.16,-513.2,-295.91,-75.808,87.893,223.15,278.33,278.7,272.47,229.38,235.72,318.25,357.31,319.47,246.35,188.97,138.31,133.06,109.87,51.149,-6.592,-27.345,-23.072,-33.57,-33.692,-22.828,-21.607,-15.992,4.6388,22.95,41.505,61.769,58.596,43.336,43.092,62.746,80.203,68.484,23.682,-10.865,28.809
112.31,209.72,283.09,302.13,306.89,284.43,246.35,279.18,370.62,412.61,347.91,427.63,681.66,875.15,1596.9,12.696,14.893,16.236,17.823,15.259,18.555,21.973,23.927,21.973,16.114,13.062,16.114,19.166,21.119,20.264,22.828,24.903,23.072,16.968,12.452,16.48,26.246,44.923,61.403,73.733,66.652,54.933,47.365,33.57,16.602,4.6388,-2.3194,-1.9532,12.207,20.753,27.711,51.027,74.953,64.455,5.4933,-46.876,-59.328,-38.209,-18.555,-26.246,-15.137,32.96,94.974,131.47,179.33,213.14
300.91,404.43,475.84,515.4,453.87,379.41,348.03,401.26,494.89,536.64,909.45,1268.7,702.17,508.93,-24.171,9.888,25.758,33.448,34.303,17.457,-20.508,-61.281,-88.137,-88.992,-71.047,-37.111,8.301,37.477,36.5,19.532,-2.9298,-21.729,-20.997,-2.8077,17.335,25.636,24.537,2.5636,-18.677,-32.716,-33.692,-22.584,-6.9582,-1.9532,-21.607,-20.875,-11.719,43.458,105.96,156.13,189.95,193.12,182.13,144.78,88.87,43.458,21.851,42.36,34.669,1.8311,0.97659,-0.85452,3.9064,38.942,96.805,154.79
183.11,210.33,233.77,216.44,151.86,182.87,381.12,575.46,594.87,586.57,607.68,1910.7,1208,-62.746,11.231,-17.457,-39.552,-49.928,-48.952,-31.739,-22.462,-8.6673,-6.7141,-24.049,-38.942,-46.266,-45.778,-41.993,-40.651,-40.04,-61.403,-44.435,-17.457,17.945,37.599,43.092,29.176,1.4649,-38.942,-52.126,-40.773,-17.457,-6.1037,-5.9816,-4.5167,-5.2492,-9.5218,-0.85452,13.184,25.147,31.861,31.373,26.002,24.781,27.955,30.885,35.89,44.435,57.009,73.611,88.382,84.231,66.652,65.554,93.753,132.21
167.24,175.79,178.23,194.95,226.45,282.85,281.99,238.41,58.351,-3.296,1424,1362.3,831.81,28.809,-186.41,-201.06,-185.31,-153.08,-117.68,-81.545,-63.112,-82.034,-101.44,-109.74,-134.53,-146.37,-140.63,-133.67,-99.002,-67.629,-0.12207,167.61,295.05,263.8,177.25,119.75,87.649,90.457,116.7,131.11,138.8,127.2,86.673,39.796,-23.927,-27.467,-24.171,-12.452,15.87,43.703,11.231,-0.36622,5.005,18.555,31.861,56.398,66.408,51.881,9.1556,-13.672,4.7609,39.796,76.052,79.714,41.505,27.467
