-1.1802,-1.3395,-0.98697,0.59511,2.537,4.2729,4.391,4.4395,4.1667,3.6238,3.2054,2.8419,2.494,2.0225,1.4502,1.0877,0.90182,0.46144,-0.13825,-0.7123,-1.5198,-0.92654,-0.51363,-1.2497,-1.6141,-1.8384,-0.17029,0.094302,-0.2353,-0.477,-1.0025,-2.7494,-2.5333,0.66012,0.63173,0.65371,0.66927,0.7178,0.71139,0.73611,0.66378,0.67934,0.5649,0.37812,0.48341,0.58412,0.52278,0.37355,0.41017,0.33052,0.19227,0.17579,0.19959,0.07416,-0.081484,-0.0018311,0.09064,-0.00824,0.0073244,0.14649,0.23896,0.23347,0.32136,0.34425,0.2646,0.30671
0.39552,0.43214,0.40559,0.30946,0.29115,0.35066,0.41292,0.33052,0.22614,0.21973,0.23804,0.14832,0.055849,0.066836,-0.0036622,-0.056764,-0.26368,-0.37996,-0.79928,-1.2168,-1.4274,-1.8668,-0.75167,0.39827,0.78646,-1.0199,0.73153,0.74343,1.3184,2.8501,3.7373,4.2775,3.8499,0.74709,0.74068,0.66103,0.70589,0.7654,0.7535,0.66652,0.66469,0.64455,0.58687,0.59053,0.56307,0.54384,0.50356,0.52187,0.50996,0.47151,0.4294,0.43764,0.52278,0.52278,0.48799,0.44588,0.48708,0.51454,0.4944,0.46144,0.5475,0.6299,0.62258,0.56673,0.61251,0.70589
0.74709,0.67293,0.683,0.69216,0.66103,0.61617,0.70223,0.68758,0.66286,0.71413,0.71413,0.71688,0.68484,0.59236,0.36348,0.19501,0.18036,-0.24537,-0.64364,-0.95584,0.32136,0.060427,-1.2928,0.077822,-1.9117,2.8666,1.2232,1.0025,1.0941,1.5326,2.396,3.1001,3.6219,2.6789,0.6473,0.77822,0.87252,0.82583,0.73061,0.74526,0.79196,0.81759,0.79104,0.81942,0.85788,0.86062,0.83132,0.73885,0.68209,0.69948,0.6766,0.73885,0.78555,0.76174,0.83316,0.93753,0.93204,0.85513,0.91189,1.0236,1.0172,0.92471,0.87893,0.87985,0.98239,0.98239
1.0273,1.0025,0.85055,0.76266,0.87069,0.86795,0.79104,0.70956,0.76174,0.79104,0.81484,0.7242,0.61708,0.69124,0.66012,0.77822,0.7828,0.75076,0.90548,1.0309,1.1655,0.84048,0.39277,0.018311,-0.55208,-0.15381,0.031129,-0.58321,-1.6041,0.15015,2.57,4.2903,5.1006,0.73336,0.78097,0.68575,0.57955,0.52278,0.58596,0.62166,0.5768,0.54933,0.61892,0.56948,0.5768,0.62166,0.67934,0.72146,0.70589,0.70498,0.70132,0.72695,0.77548,0.7535,0.75808,0.7242,0.69216,0.67568,0.76907,0.78646,0.78097,0.71139,0.66927,0.69033,0.7828,0.82217
0.77914,0.64638,0.65004,0.67568,0.62075,0.57314,0.49806,0.55208,0.56215,0.51729,0.3946,0.42848,0.44771,0.40559,0.39277,0.39827,0.42116,0.44771,0.66561,0.58504,0.65554,0.62716,0.70864,1.1289,0.82858,1.2589,1.366,2.4848,3.5377,4.3352,3.9204,4.5521,5.5116,4.4569,4.9367,0.45869,0.41566,0.48616,0.44679,0.39186,0.39918,0.45686,0.59145,0.58046,0.58412,0.64364,0.64913,0.67568,0.66103,0.78555,0.93478,0.97049,0.93753,0.97873,1.2131,1.1536,1.0611,0.84872,0.55116,0.79745,1.1682,1.3211,1.3395,1.9437,2.125,2.6963
2.9875,3.4581,2.982,2.5159,2.1168,1.8577,1.7872,1.6663,1.4402,0.9888,0.86978,0.70315,0.30122,-0.3058,-0.55757,-0.60518,-0.4825,-0.42024,-0.3415,0.11811,0.37721,0.79745,0.92471,1.0254,1.2699,1.6288,0.86062,0.74801,1.1719,1.4411,1.6746,1.9016,2.2477,3.5441,4.3599,3.8252,3.4764,0.65554,0.64364,0.61892,0.5942,0.60793,0.61251,0.60701,0.58779,0.5887,0.58962,0.58962,0.58504,0.62166,0.67293,0.69948,0.71139,0.72329,0.73336,0.77456,0.79562,0.77364,0.79562,0.8002,0.74526,0.74526,0.68392,0.66836,0.66836,0.61434
0.60701,0.62716,0.68575,0.80111,0.8121,0.83682,0.8945,0.89999,0.9238,0.97598,1.1829,1.5931,1.1344,0.73061,1.2397,1.9456,2.1616,2.4143,2.2092,1.626,1.1472,0.85971,0.78829,0.81576,0.75533,0.81027,0.68209,0.54109,0.31312,-0.24445,-1.128,-1.7817,-0.96225,-0.59694,-2.0884,-4.7801,-5.7112,1.854,1.8632,1.865,1.8659,1.8686,1.8595,1.8879,1.8659,1.8485,1.8458,1.8357,1.8348,1.8412,1.8247,1.7872,1.8375,1.8448,1.8522,1.8366,1.8274,1.7963,1.832,1.865,1.8357,1.7817,1.7707,1.7963,1.8256,1.8155
1.7661,1.7386,1.6883,1.7093,1.7258,1.6965,1.6507,1.6141,1.5445,1.5345,1.5629,1.5043,1.4246,1.3742,1.4502,1.4969,1.4173,1.1847,1.2278,1.2735,1.0794,0.84597,0.15748,-0.24171,-0.38911,0.15839,0.17853,-0.72695,-0.94028,0.59603,1.9987,3.5139,4.5714,5.1399,4.5073,1.6572,0.75716,0.64364,0.53194,0.58504,0.61068,0.68392,0.68392,0.62258,0.58504,0.58504,0.58138,0.58962,0.56948,0.59053,0.53743,0.49715,0.45412,0.48158,0.5237,0.48524,0.43397,0.48341,0.51271,0.51271,0.50722,0.55208,0.59328,0.59877,0.61525,0.66744
0.7709,0.86062,0.86703,0.83316,0.87527,0.88992,0.89358,0.88534,0.76174,0.68941,0.80294,0.92196,0.97873,1.1051,1.4063,1.713,1.637,1.3642,0.96316,0.71596,0.11811,0.70681,1.5482,2.0957,2.8565,2.2385,1.9565,1.6453,1.5061,1.6434,1.6828,1.7066,1.4402,1.0227,-0.034791,-1.6736,-1.8256,-1.5363,0.16938,0.11719,0.15656,0.14832,0.18311,0.30396,0.36164,0.47151,0.49348,0.56856,0.65004,0.62349,0.57131,0.59511,0.6299,0.61434,0.53011,0.60335,0.68209,0.58321,0.50447,0.30854,0.21424,0.0018311,-0.2298,-0.76174,-0.7178,-0.58229
-0.78463,-0.67476,-0.14557,1.1509,1.7533,2.0646,2.6716,3.5734,4.2271,4.7252,4.3892,3.5917,3.0149,2.6395,2.1982,1.8238,1.5848,1.2397,0.96133,-0.16205,-2.0655,-2.1607,-1.7945,-1.7002,-1.9721,-1.7936,-1.4274,-1.453,-1.193,-1.1948,-0.45686,-0.28199,-0.05768,0.16572,-0.36714,-0.22889,-0.46876,-0.45228,-0.6592,0.67019,0.67293,0.65828,0.67293,0.67476,0.67019,0.66195,0.65737,0.66561,0.6592,0.65096,0.64821,0.65828,0.66012,0.65737,0.66103,0.6711,0.67751,0.69857,0.70589,0.70956,0.70956,0.7178,0.71047,0.71596,0.72237,0.71871
0.69765,0.60976,0.49074,0.37721,0.39277,0.34608,0.34516,0.3296,0.34516,0.34791,0.39277,0.37263,0.30946,0.17304,0.05768,0.10346,0.18494,0.20417,0.29756,0.43764,0.5887,0.72512,0.67934,0.75167,0.9183,1.052,1.1444,1.0776,1.2442,1.2973,1.4347,1.2616,1.5665,1.7533,1.3111,0.90457,1.2232,2.0023,0.8533,0.84872,0.8533,0.85971,0.86337,0.86337,0.86612,0.86886,0.91647,0.84048,0.82766,0.79012,0.74252,0.86337,0.70589,0.74618,0.80111,0.82766,0.63173,0.29481,0.23804,0.5118,0.69857,0.69765,0.65371,0.70864,0.69491,0.68484
0.66744,0.73794,0.73702,0.76174,0.69308,0.62807,0.63082,0.6473,0.70956,0.65096,0.58504,0.50447,0.45503,0.51454,0.4413,0.41932,0.23896,0.35432,0.43489,0.32594,0.41108,0.73794,1.0547,1.1142,1.4969,1.616,1.8165,2.6066,3.3912,2.8574,2.2916,0.66561,0.91922,3.1861,1.6608,4.7746,2.6222,6.1782,0.78921,0.84231,0.84872,0.87985,0.90457,0.90274,0.93112,0.95035,0.94211,0.96042,0.95218,0.95035,0.94485,0.87619,0.8533,0.87161,0.88351,0.90823,0.8945,0.93204,0.94943,0.94668,0.92105,0.89541,0.92837,0.93844,0.91372,0.889
0.88168,0.86886,0.84597,0.82949,0.8414,0.79562,0.8066,0.79928,0.82675,0.81576,0.82034,0.84689,0.83499,0.83041,0.83041,0.77364,0.73428,0.66469,0.63814,0.412,0.38728,0.46144,0.77822,0.48433,0.64272,0.75808,0.64638,0.68758,0.76266,1.0282,0.55025,-0.17762,-0.95309,-0.49806,3.1394,5.2379,3.8197,8.8873,6.7934,4.5677,1.7505,1.9996,2.0866,2.2806,2.4848,2.2724,2.0591,1.8622,1.8329,1.8467,1.93,2.2037,2.3026,2.1232,2.1497,2.0133,1.8604,1.6837,1.6297,1.4603,1.2946,1.149,1.0181,0.93661,1.0575,1.1747
1.2021,1.2314,1.2076,1.1563,1.1921,1.2122,1.4896,1.2964,1.323,1.3221,1.2085,1.1261,1.4493,1.4502,1.3587,1.3761,1.7103,2.1342,1.951,1.4759,1.0639,1.0053,1.3459,1.887,1.6855,1.4878,1.2854,1.5088,1.5372,1.3514,1.3706,0.95309,0.68758,0.69033,0.26917,-0.16572,-0.24354,-0.026551,0.97324,-1.7826,0.62716,0.58687,0.57955,0.52004,0.51729,0.52919,0.54292,0.56856,0.54109,0.52553,0.61525,0.70772,0.70406,0.68209,0.71047,0.76174,0.80477,0.81484,0.7947,0.70223,0.6354,0.58962,0.5063,0.47426,0.48067,0.44404
0.37721,0.36714,0.36256,0.31678,0.30671,0.38728,0.39918,0.38545,0.36439,0.46693,0.48341,0.44038,0.37721,0.38179,0.43489,0.49257,0.53743,0.62349,0.61892,0.66012,0.69674,0.75625,1.0392,0.89724,0.96866,0.58962,0.63723,1.0392,1.1884,0.86978,0.81576,1.4063,2.5169,3.0772,2.9856,1.7872,1.3395,1.9062,2.5929,3.0937,3.0406,0.93844,0.92837,0.91281,0.79653,0.69948,0.52278,0.69948,0.58596,0.70406,0.8652,0.63814,0.683,0.75442,0.85788,0.74068,0.89908,0.86886,0.965,1.236,1.5757,1.3074,0.86612,0.32777,0.35157,-0.29023
-0.53285,0.80111,0.83956,0.8652,0.91647,0.14008,0.20508,0.7242,1.1911,0.63723,1.4759,2.1122,0.9476,0.84872,1.1417,0.71688,0.58962,0.51912,1.0437,0.57039,0.25819,0.50447,0.66744,0.43489,0.68575,0.824,0.9769,0.45503,-0.1822,-0.11719,0.30946,1.0263,1.128,0.56215,0.5475,0.15381,0.14191,0.17487,-0.59877,-0.47517,1.4768,0.60152,0.63906,0.86428,0.88443,1.0749,1.0501,0.91739,0.80111,1.0089,0.85513,0.96133,0.89633,0.79653,0.64913,0.71688,0.64455,1.3733,0.79928,1.0108,0.53468,0.29298,0.13001,0.14924,0.2472,0.14649
0.99612,0.3946,0.29664,0.71688,0.54659,0.56856,0.57039,1.1948,1.0804,0.85879,1.1948,1.0785,0.72787,0.98972,1.8696,1.821,0.7709,1.1646,1.1124,0.93753,0.66286,1.0282,0.46785,0.10437,0.59236,1.1188,0.83041,0.43855,0.87527,0.79012,0.69124,0.59053,0.49257,0.6006,1.3495,1.247,0.8121,1.1582,0.16114,-0.92746,-1.127,-0.54292,0.99796,0.78188,0.78097,0.77181,0.76907,0.79745,0.79928,0.77822,0.75716,0.73977,0.71505,0.69674,0.68026,0.69674,0.6766,0.66652,0.66836,0.65279,0.75808,0.69765,0.56307,0.58321,0.63265,0.67568
0.64364,0.67019,0.7123,0.71596,0.69765,0.67476,0.6592,0.66469,0.6711,0.6592,0.6473,0.63448,0.64821,0.65737,0.70772,0.73611,0.73702,0.69582,0.6885,0.7004,0.71505,0.68667,0.67843,0.62899,0.55849,0.54476,0.53011,0.49074,0.43397,0.59694,0.79104,0.85879,0.59145,0.6766,0.95767,1.2177,0.91556,0.68117,0.8771,0.84231,0.65096,1.6938,5.1509,1.5647,1.561,1.5317,1.4695,1.3825,1.3312,1.3413,1.366,1.3349,1.2406,1.2076,1.2058,1.2259,1.3001,1.41,1.6535,1.821,1.8183,1.7267,1.6013,1.4905,1.6187,1.5583
1.3367,1.3028,1.1893,1.0456,1.0181,0.89541,0.89541,0.97964,1.0337,1.0181,0.91647,1.0584,1.008,0.9769,1.0053,1.0465,1.0199,1.063,1.106,1.0895,1.1618,1.062,1.0401,1.2287,1.1563,1.0474,0.97415,0.82858,0.99246,1.1133,0.83041,0.92654,0.99887,0.9238,0.84872,0.9357,0.75991,0.80844,0.077822,-0.086978,0.12726,0.84231,0.11078,-0.82217,0.62624,0.50996,0.52187,0.50996,0.48158,0.46876,0.4413,0.43947,0.4413,0.51271,0.59145,0.61708,0.57955,0.56032,0.55116,0.51729,0.50905,0.54476,0.60335,0.6418,0.62624,0.58504
0.56856,0.57405,0.59969,0.59969,0.59786,0.61342,0.618,0.62441,0.6061,0.58504,0.5942,0.62441,0.59145,0.59603,0.61251,0.60335,0.59603,0.59786,0.59145,0.58504,0.55849,0.50996,0.5356,0.49257,0.38453,0.33601,0.26002,0.36256,0.26826,-0.16663,0.13367,0.50722,0.39552,0.70498,1.1106,1.3102,1.16,1.8412,0.87619,1.1261,1.3724,1.9959,1.4933,0.69765,0.58412,0.52095,0.61342,0.64821,0.58687,0.59603,0.59877,0.6061,0.62258,0.60152,0.60427,0.44771,0.39918,0.31312,0.24812,0.12818,0.066836,0.019227,-0.44038,-0.95035,-0.89724,-0.81668
-1.0501,-1.3514,-1.3395,-0.78829,-0.087893,-0.2298,-0.24445,-0.29572,-0.47884,-1.4557,-3.8783,-6.1278,-5.7012,-4.6345,-2.9289,-1.9913,-1.323,-0.81851,-0.78463,-0.84964,-0.48891,0.28291,0.38362,0.58596,0.52461,0.36714,-0.013733,0.073244,-0.11078,-0.65004,-1.0785,-1.041,-0.91556,-0.99979,-0.73611,-0.26368,0.20417,0.44496,1.1124,1.6581,1.6791,1.8842,3.0232,0.34791,0.28199,0.15656,0.073244,-0.12268,-0.39277,-0.70681,-0.65188,-0.78555,-0.79745,-0.7416,-0.78188,-0.94943,-1.0822,-1.4585,-1.8741,-1.6681,-0.90091,-0.48708,-0.4239,-2.569,-4.3113,-5.0072
-4.1475,-3.5395,-1.7698,-1.6388,-1.4786,-1.2223,-0.76357,-0.5649,-0.18128,0.014649,-0.19318,0.070498,0.16755,0.23347,0.10163,-0.080569,-0.27375,-0.60976,-0.65096,-0.8652,-1.1151,-1.3175,-1.2442,-0.91556,-0.54567,-0.13825,0.12085,0.78097,0.7242,0.64089,0.67843,0.69399,0.77456,0.90548,1.0419,1.1646,1.2516,1.2992,1.1454,1.0465,0.55757,0.61251,0.88351,0.97964,0.96042,0.824,0.81851,0.78646,0.72329,0.79104,0.79379,0.80111,0.78463,0.74984,0.73336,0.7178,0.67019,0.683,0.69674,0.72512,0.65645,0.6418,0.57497,0.55391,0.59969,0.59877
0.6061,0.6061,0.57039,0.54109,0.6006,0.62716,0.63356,0.65554,0.67202,0.64364,0.61983,0.59511,0.52919,0.48616,0.39094,0.3415,0.28474,0.28291,0.29572,0.3296,0.23438,0.19776,0.086062,-0.00824,-0.15656,-0.24445,-0.41475,-0.46602,-0.44313,-0.45503,-0.45686,-0.3058,-0.28382,-0.36897,-0.24903,-0.05768,0.034791,-0.0824,-0.45412,-0.77181,-1.3898,0.15564,1.7368,0.77456,0.77273,0.77181,0.759,0.75167,0.76357,0.75991,0.75625,0.75259,0.76266,0.7535,0.73977,0.66469,0.58687,0.57863,0.5768,0.63997,0.65004,0.70132,0.74252,0.76998,0.77822,0.77181
0.78188,0.77914,0.75533,0.76632,0.75076,0.73611,0.72695,0.70498,0.683,0.64364,0.6061,0.56948,0.52095,0.48524,0.41383,0.35524,0.3708,0.38545,0.30305,0.30946,0.34516,0.40376,0.28016,0.21882,0.18952,0.10437,-0.018311,-0.28657,-0.33509,-0.50539,-0.7654,-0.81027,-0.85604,-0.91281,-0.90274,-0.82675,-0.90365,-0.57497,-0.69399,-0.96683,-0.59511,-0.15839,-0.59603,0.72146,0.73885,0.73702,0.71688,0.70589,0.69308,0.67751,0.66195,0.65554,0.67019,0.69399,0.69491,0.70315,0.68392,0.69674,0.72878,0.73977,0.73977,0.72512,0.71963,0.70498,0.70864,0.72146
0.70681,0.72054,0.73519,0.75167,0.75716,0.77181,0.76632,0.74709,0.7947,0.80477,0.82034,0.79928,0.77456,0.78463,0.75808,0.71963,0.683,0.683,0.60518,0.54201,0.50722,0.5356,0.57497,0.52736,0.48067,0.45137,0.12177,-0.092471,-0.1355,-0.49989,-0.44679,-0.54292,-0.98239,-0.2353,5.182,5.2763,5.0804,3.1468,4.1465,4.4469,4.0138,3.3912,11.206,0.58321,0.54109,0.44862,0.38362,0.40925,0.42116,0.45137,0.54109,0.60884,0.70223,0.80569,0.86886,0.84597,0.73702,0.61617,0.66103,0.67568,0.6711,0.64913,0.55757,0.51729,0.50172,0.46876
0.51912,0.58229,0.58138,0.58504,0.62716,0.63814,0.61617,0.60335,0.60427,0.58138,0.55574,0.57039,0.56124,0.55116,0.53468,0.51088,0.52187,0.51454,0.52095,0.477,0.45595,0.33784,0.27741,0.17029,0.15015,-0.099796,-0.39003,-0.4532,-0.80386,-0.88168,2.1442,5.2416,3.025,1.962,2.5956,3.1715,4.0385,0.18586,2.244,7.2146,8.6776,4.7023,-8.9569,0.79104,0.80203,0.82217,0.82308,0.82766,0.82217,0.79653,0.80111,0.79745,0.79196,0.77456,0.76724,0.76632,0.75625,0.74252,0.73885,0.7416,0.75808,0.75076,0.74435,0.73611,0.72237,0.7242
0.71505,0.69216,0.68117,0.67476,0.66378,0.66195,0.64547,0.67019,0.68209,0.6354,0.57772,0.48433,0.44038,0.43397,0.46419,0.4239,0.36348,0.33692,0.27009,0.09888,-0.059511,-0.17212,-0.19135,-0.092471,-0.19135,-0.31587,-0.47334,-0.39094,-0.41475,2.3832,5.7497,5.8824,3.1935,0.70864,0.61159,0.61434,0.60244,0.63265,0.66927,0.68392,0.66012,0.65737,0.66927,0.70223,0.71596,0.69124,0.6766,0.68209,0.70589,0.7123,0.70406,0.68575,0.6766,0.65371,0.63082,0.63265,0.61342,0.60335,0.59511,0.56856,0.55574,0.58596,0.60701,0.61251,0.61983,0.59786
0.59236,0.59969,0.62624,0.5768,0.54384,0.5237,0.50996,0.45412,0.42756,0.36531,0.33418,0.47243,0.29298,0.26643,0.20051,0.31495,0.53926,0.40834,0.25544,-0.5887,1.8732,2.4061,4.3388,1.6691,2.6634,2.6441,6.6662,3.1486,-0.69033,2.0783,6.0106,-2.0316,-4.3342,7.5735,5.4622,2.8098,3.2493,2.3301,2.8556,0.90091,1.4429,0.91739,0.68026,0.61342,0.65371,0.69948,0.70956,0.68575,0.63448,0.62807,0.61434,0.61617,0.59969,0.57772,0.56581,0.58962,0.5942,0.55849,0.56764,0.60244,0.60701,0.60152,0.5887,0.61068,0.62624,0.61434
0.61892,0.63448,0.65096,0.66103,0.66836,0.68392,0.683,0.68575,0.6592,0.68484,0.71596,0.7297,0.71688,0.68758,0.66561,0.6354,0.63173,0.62258,0.58779,0.49532,0.36805,0.27558,-0.035707,-0.21882,-0.41841,-0.38179,-0.90548,-0.83041,-0.045778,0.40651,0.18403,0.98331,4.2985,4.0852,3.6979,2.1891,2.1387,4.3022,4.7536,5.7817,3.6357,2.8794,10.501,-5.388,0.71688,0.79836,0.85971,0.86154,0.82492,0.73153,0.66012,0.67751,0.70406,0.77456,0.80203,0.79379,0.7709,0.74892,0.74343,0.73153,0.71871,0.70864,0.71322,0.69674,0.69674,0.69582
0.67751,0.68392,0.68667,0.69308,0.67843,0.67019,0.68758,0.69948,0.69765,0.69308,0.68941,0.70223,0.69765,0.68941,0.69033,0.66012,0.64821,0.6299,0.59145,0.50905,0.44588,0.42207,0.38087,0.25727,0.26276,0.095218,-0.021058,0.11261,-0.13733,-0.1062,-0.20234,0.079653,1.0767,3.2905,5.4311,3.9863,2.8602,1.1243,4.2949,4.8708,4.0495,12.87,-0.66103,-4.7829,3.0259,0.68941,0.48433,0.44038,0.35798,0.3415,0.48433,0.52004,0.37263,0.36348,0.38087,0.25452,0.29023,0.36531,0.41749,0.49165,0.57131,0.63173,0.70589,0.71505,0.66561,0.61983
0.65828,0.76449,0.79745,0.76815,0.69948,0.71047,0.70406,0.69124,0.65645,0.62624,0.63356,0.65096,0.58229,0.56215,0.52461,0.53743,0.5118,0.50539,0.49165,0.46052,0.47975,0.50539,0.52461,0.49806,0.53652,0.5768,0.60976,0.61708,0.68209,0.74343,0.80569,0.90457,0.92105,0.98697,0.84323,0.94852,1.0602,1.0099,1.0263,0.68209,0.070498,-0.8414,-1.1792,-1.4969,-24.744,0.5063,0.18677,0.46602,0.22431,0.19959,0.24079,0.35157,0.27192,0.21149,0.23255,0.18403,0.38728,0.42207,0.58504,0.55849,0.32228,0.16846,0.34333,0.4651,-0.010071,-0.15748
-0.0064089,0.13184,0.12818,0.076907,0.09888,0.093387,0.047609,0.0054933,0.018311,0.035707,0.040284,0.077822,0.075991,-0.045778,0.01648,0.038453,0.030213,0.051271,0.043031,-0.022889,0.067751,0.23072,0.19868,0.19684,0.1648,0.17853,0.10529,0.12726,0.16114,-0.70681,4.2711,-4.6776,-2.2468,2.0481,-0.46236,-0.37355,0.31404,1.5464,-1.9346,-2.114,-3.5926,-3.0415,-2.4674,0.68575,-2.4574,1.1875,1.2204,1.1975,1.1811,1.2433,1.214,1.1628,1.204,1.247,1.225,1.2094,1.2333,1.2159,1.2387,1.2415,1.2516,1.2772,1.2259,1.2122,1.2415,1.2461
1.203,1.2003,1.2397,1.1957,1.1582,1.1582,1.1472,1.1188,1.1206,1.1719,1.1682,1.1069,1.0474,0.97873,0.91189,0.84689,0.8652,0.7947,0.64638,0.53926,0.3882,0.33509,0.0073244,-0.28474,-0.5118,-0.37904,-1.2094,-1.2662,-1.5317,0.25544,-13.529,-1.4145,3.936,0.51729,-2.2092,2.3795,1.4502,0.75076,-0.76449,-1.0749,-3.8746,-2.2541,7.2063,1.7954,-14.932,-1.0437,-0.18586,-0.21149,-0.35249,-0.52828,-0.51454,-0.47609,-0.72878,-0.65096,-0.65828,-0.86337,-0.92105,-1.1243,-1.5436,-1.6517,0.065004,-5.0941,-1.897,-0.34974,-0.80111,-1.138
-0.81759,-0.40193,-0.27375,-0.24628,0.048524,0.034791,0.033876,0.3415,0.3296,0.25086,0.43214,0.38087,0.13276,-0.063173,0.079653,0.31678,0.046693,0.05768,0.33967,0.5182,0.25361,0.43672,0.70223,0.65737,0.7242,0.83773,0.47517,0.51729,-0.34974,0.021973,-1.3376,-0.46785,0.2884,0.18586,0.27558,0.27558,0.69216,0.62075,0.29481,0.11811,0.5356,1.0428,2.6487,-3.296,-1.8082,-2.6139,0.29206,0.49532,0.86978,0.8771,0.44862,0.34974,0.53468,0.52553,0.18586,0.25636,1.1115,0.93478,0.75442,0.27558,0.19959,0.0036622,0.51363,0.31129,0.53926,0.81393
0.19959,-0.19684,0.61983,0.53468,0.2765,-0.24537,0.23255,-0.27924,0.25269,-0.17029,0.1767,-0.50447,0.029298,0.68392,0.98697,0.64638,0.53835,0.24445,-0.25544,-0.51271,-1.6251,-2.981,-2.9179,2.3319,1.7313,2.5837,1.8925,1.2589,0.94668,0.18036,0.46876,0.48341,0.26185,0.26185,0.24079,0.35066,0.57131,0.271,0.30396,1.193,-0.97598,0.31861,1.084,-0.59877,-0.58779,1.4173,1.0978,0.72329,0.71505,0.73885,0.74709,0.73519,0.74068,0.76724,0.759,0.759,0.73153,0.56215,0.65462,0.77273,0.56581,0.23988,0.39644,0.62441,0.79379,0.77273
0.89908,0.99429,1.1985,1.0154,0.82125,0.66469,0.62899,0.67385,0.78646,0.90091,0.90915,0.95218,0.98331,0.91739,0.88626,0.99612,1.0978,1.2058,1.0767,1.0547,1.0611,1.095,1.1509,1.1609,1.1518,1.0236,0.97232,1.0767,1.0648,1.0895,1.0346,0.94302,0.97324,0.74709,0.90732,0.74618,0.31404,-0.1062,0.39918,-0.30213,-1.5171,-1.4447,-0.1941,0.27192,0.42756,2.3557,4.1951,0.65737,0.65828,0.63265,0.61068,0.59603,0.58962,0.58779,0.57497,0.55574,0.55391,0.56307,0.56307,0.57039,0.59328,0.60884,0.63631,0.65279,0.65462,0.66103
0.68026,0.69308,0.70315,0.72146,0.72146,0.72604,0.7297,0.69216,0.67843,0.66103,0.60335,0.55574,0.50905,0.4706,0.43489,0.45228,0.44588,0.44038,0.45595,0.45961,0.50264,0.53011,0.54292,0.5237,0.49806,0.45045,0.37355,0.33418,0.32685,0.28382,0.3415,0.079653,-1.475,-0.61342,0.45961,-0.28748,-0.58229,0.26002,1.0492,1.0648,1.1792,1.3157,0.62075,0.1355,0.43764,0.75991,1.2937,0.19593,0.27558,0.39827,0.58687,0.67385,0.7297,0.73244,0.68392,0.83407,0.94211,0.92929,0.94485,0.8826,0.79379,0.88809,0.86795,0.8652,0.8533,0.889
0.86428,0.85147,0.94119,0.97598,0.97415,0.96774,0.91281,0.85055,0.91189,0.82858,0.75808,0.74068,0.68575,0.618,0.60518,0.60335,0.52461,0.52278,0.46327,0.43397,0.3296,0.21332,0.11078,0.13001,0.19135,0.17304,0.17853,0.27741,0.39644,0.54109,0.66469,0.66378,0.38636,-0.13367,-0.99704,-0.96408,0.22156,0.79653,0.0054933,-0.73611,-0.73336,0.46693,1.4768,2.3557,3.2942,4.5238,4.7499,0.51454,0.46236,0.24262,0.087893,-0.050356,-0.16297,-0.18494,-0.21882,-0.39003,-0.39644,-0.38179,-0.21516,-0.1941,-0.27467,-0.27741,-0.20234,-0.24445,-0.39277,-0.62258
-0.60884,-0.5182,-0.26734,-0.18677,-0.34791,-0.76357,-0.7242,-0.39918,0.095218,0.73428,1.204,1.0767,0.51546,-0.072329,0.10712,0.35249,0.34791,0.41841,0.43031,0.42482,0.53194,0.52187,0.51546,0.68758,0.61617,0.65004,0.64638,0.62349,0.53102,0.3122,0.32044,0.33601,0.27924,0.1886,0.2884,0.10437,0.18952,0.035707,0.0091556,-0.054933,0.12543,0.34883,-0.28199,-0.72512,-0.31587,-0.39827,0.1117,0.4239,0.69491,0.71688,0.75167,0.7709,0.78921,0.74892,0.78005,0.76449,0.76907,0.72146,0.67293,0.68667,0.63265,0.63265,0.59603,0.55666,0.59145,0.64364
0.65188,0.64272,0.66378,0.66836,0.6354,0.64272,0.62807,0.58962,0.50813,0.56215,0.61251,0.59053,0.54842,0.62532,0.62624,0.58046,0.5118,0.43123,0.33418,0.31312,0.33967,0.31129,0.2884,0.36256,0.55574,0.62166,0.63448,0.72237,0.7828,0.75808,0.69765,0.65554,0.27009,-0.010071,-0.41017,-0.32411,-0.35249,-0.36897,-0.066836,0.18036,0.28474,0.26276,0.77548,1.0309,1.7698,2.7723,3.6146,4.0028,4.2473,0.35524,0.41841,0.54292,0.47334,0.47792,0.55391,0.66103,0.69582,0.66836,0.58046,0.53926,0.48982,0.54476,0.35524,0.045778,-0.010071,0.025636
-0.047609,-0.16846,-0.19593,-0.2472,-0.21149,-0.12818,-0.14832,-0.14374,-0.0824,0.059511,0.1767,0.44496,0.73794,0.97415,1.3074,1.6114,1.7148,1.7396,1.8531,1.724,1.6746,1.6956,1.6874,1.6736,1.5555,1.6187,1.6379,1.561,1.3962,1.409,1.4466,1.4219,1.4649,1.2644,1.0529,0.98605,1.0511,0.75991,0.75167,0.72054,0.56948,0.26093,0.099796,-0.26826,-0.5594,-0.68667,-0.69582,-0.86795,0.2646,1.2424,1.2333,1.2882,1.3605,1.4393,1.4814,1.4795,1.4383,1.3999,1.3321,1.3166,1.3321,1.29,1.2241,1.2296,1.2534,1.2259
1.106,1.0456,1.0584,1.0721,1.084,1.0501,1.0547,0.99521,0.90823,0.82492,0.82949,0.7535,0.62166,0.53926,0.48616,0.58962,0.51271,0.46785,0.49532,0.53285,0.4944,0.4825,0.58687,0.67019,0.6766,0.7654,0.9302,0.98605,1.0318,1.0959,1.0099,0.91922,0.79379,0.55483,0.093387,-0.29023,-0.52644,-0.23988,0.075991,0.044862,-0.618,-0.50264,0.45961,1.7212,2.7393,3.7245,4.4588,4.9797,4.597,0.81393,1.0639,1.2296,1.2864,1.3907,1.5647,1.7652,1.7634,1.7066,1.7661,1.7762,1.8494,1.8073,1.745,1.746,1.6837,1.7048
1.6224,1.5638,1.5601,1.4951,1.4658,1.4301,1.3596,1.3157,1.2424,1.2305,1.2021,1.2314,1.2067,1.1408,1.1554,1.3468,1.3651,1.4209,1.4997,1.5189,1.5574,1.5473,1.4585,1.4136,1.3157,1.2745,1.2644,1.6507,1.4686,1.6086,1.4109,0.9476,1.1646,1.409,1.2772,1.3514,0.98148,0.035707,-0.74343,-0.58046,-0.49715,-0.11994,-0.26643,-0.55208,0.8533,2.9279,4.6684,5.4805,6.5398,1.3486,1.3907,1.4951,1.5281,1.55,1.6059,1.626,1.6901,1.7066,1.6883,1.6736,1.583,1.5098,1.4484,1.3898,1.42,1.431
1.3541,1.3312,1.312,1.3248,1.3825,1.4338,1.3999,1.3578,1.3852,1.4402,1.4777,1.4429,1.399,1.3843,1.2864,1.2488,1.2818,1.2442,1.2424,1.2516,1.182,1.1353,1.1426,1.1371,1.0923,1.062,1.0364,1.0346,1.0199,1.0446,1.0099,1.0227,1.0877,1.0685,1.0254,0.97781,0.69216,-0.21241,-0.92654,-0.14832,0.47517,-0.33143,-1.2708,0.089724,1.279,2.0454,3.2814,4.261,4.5988,0.39735,0.43031,0.47151,0.46419,0.412,0.44038,0.50264,0.56581,0.59877,0.58412,0.62716,0.683,0.74892,0.74709,0.69674,0.67385,0.68575
0.70406,0.7004,0.74343,0.77639,0.78372,0.72329,0.68667,0.64913,0.64547,0.62075,0.61525,0.62349,0.66012,0.66927,0.67751,0.67202,0.66469,0.68667,0.70132,0.70132,0.66469,0.61525,0.51912,0.35981,-0.065004,0.01648,-0.46419,-0.57497,-0.50813,-0.47609,-0.4651,-0.45228,-0.29939,-0.3534,-0.3058,-0.51729,-0.50813,-0.45503,-0.31678,-0.31861,0.18769,0.3827,0.12268,-1.2543,5.8632,5.8577,-2.4006,4.1603,1.5162,4.2701,1.1646,1.1481,1.2177,1.2104,1.2296,1.2131,1.2076,1.1948,1.2232,1.2268,1.1655,1.1747,1.2781,1.3395,1.3669,1.4328
1.4969,1.5427,1.5363,1.4402,1.3688,1.3129,1.2296,1.2214,1.1563,1.1243,1.0923,1.095,1.0968,1.1307,1.1161,1.1316,1.1133,1.1069,1.1518,1.2241,1.2085,1.269,1.2873,1.2754,1.2452,1.1985,1.1975,1.2369,1.0987,1.0016,0.91739,0.8414,0.84872,0.70589,0.53926,0.24079,0.019227,-0.40834,-0.7242,-0.50813,-0.60152,-0.43672,0.10529,1.323,2.4235,3.6943,4.4926,5.0145,5.2626,5.1262,0.75167,0.70956,0.7178,0.73885,0.70498,0.69491,0.7416,0.78372,0.8066,0.79745,0.78188,0.82583,0.83041,0.85513,0.84506,0.80477
0.81942,0.81668,0.76357,0.78738,0.75625,0.71505,0.75625,0.78463,0.73794,0.69124,0.68758,0.68209,0.6711,0.59053,0.53652,0.50813,0.53926,0.5768,0.49348,0.45686,0.44404,0.39735,0.43214,0.41108,0.28382,0.1648,0.15839,0.12452,0.15656,0.10346,0.027467,-0.07416,-0.23164,-0.46876,-0.48616,-0.3534,-0.32044,-0.14832,-0.19501,-0.28291,-0.32411,0.14557,0.58046,0.67843,0.8066,0.99796,1.4255,1.9712,2.4299,2.7567,0.90548,0.89175,0.96591,1.0016,1.041,0.98697,1.0327,1.0712,1.1042,1.1948,1.2149,1.2497,1.3056,1.3578,1.3175,1.3587
1.3953,1.3651,1.3102,1.2864,1.3147,1.301,1.301,1.2781,1.2314,1.1985,1.2525,1.2598,1.1902,1.0739,1.0602,1.1463,1.149,1.0602,1.0346,1.0611,1.2104,1.1463,1.1234,1.1344,1.1078,1.1435,1.0144,1.0099,0.94577,0.87893,0.75259,0.4358,0.14649,-0.12818,-0.2472,-0.32502,-0.24995,-0.0018311,0.24903,0.33784,0.6473,1.8989,3.3372,4.6162,5.0932,5.0447,4.9184,1.5152,1.5473,1.6077,1.6297,1.5162,1.3981,1.4438,1.4823,1.4017,1.2671,1.2232,1.2571,1.1692,1.1115,1.1078,1.1966,1.2589,1.3065,1.2964
1.2662,1.3541,1.4402,1.4393,1.3504,1.334,1.4283,1.4118,1.42,1.4347,1.3981,1.4063,1.3468,1.3138,1.3285,1.3404,1.2891,1.2241,1.2461,1.269,1.3404,1.2195,1.0675,1.0822,1.0923,0.95676,0.73244,0.12909,-0.39003,0.46968,1.6123,1.6306,0.57314,0.33876,0.57039,0.73519,0.81301,0.21058,-0.068667,0.29298,1.2644,1.594,1.7826,3.6009,5.2965,5.5638,5.3102,0.69491,0.69216,0.76174,0.82217,0.81851,0.70223,0.70956,0.78097,0.80386,0.83499,0.84964,0.97232,1.0822,1.0675,1.1985,1.3056,1.269,1.1637,0.97507
0.88534,0.81942,0.76998,0.73702,0.64364,0.64638,0.64089,0.69033,0.68117,0.74252,0.76266,0.83407,0.8359,0.76998,0.80844,0.85147,0.75716,0.74343,0.73244,0.66286,0.63631,0.75076,0.75167,0.64638,0.69216,0.73336,0.84048,0.94668,0.889,0.72054,0.71871,0.59328,0.40468,-0.089724,-0.29572,-0.021973,0.1941,0.03296,0.089724,0.49532,1.0776,1.8247,2.8703,3.7007,4.467,5.1216,5.0932,0.97781,0.90732,0.97598,1.0034,1.0071,1.0218,0.99155,0.97964,0.96591,1.0163,0.99887,1.0144,1.0657,1.1435,1.2094,1.0428,0.84597,0.87069,0.90823
0.92929,0.97324,0.96133,0.96316,0.94394,0.93204,0.88351,0.85879,0.89358,0.93204,0.87069,0.92196,0.87985,0.94211,0.92837,0.79745,0.79104,0.77456,0.78097,0.74252,0.7416,0.759,0.8533,0.76266,0.8533,0.9183,0.89724,0.85147,0.61617,0.51271,0.37721,0.21973,-0.071413,-0.12818,0.20692,0.47609,0.50081,0.20051,-0.23347,-0.052187,0.44496,1.3065,2.5571,3.675,4.8836,5.3038,5.0557,1.4896,1.2662,0.86612,0.68484,0.80294,0.76998,0.66286,0.58229,0.54292,0.53926,0.52644,0.46052,0.44221,0.47151,0.4651,0.47975,0.52553,0.5182,0.55025
0.57588,0.58321,0.54384,0.53652,0.58138,0.70864,0.80477,0.83865,0.82125,0.86612,0.91006,0.92563,0.91739,0.92013,0.89908,0.90182,0.86886,0.84872,0.84872,0.83773,0.83682,0.8121,0.8066,0.80111,0.77364,0.78188,0.7709,0.75533,0.76724,0.7709,0.74526,0.7178,0.73977,0.74343,0.74801,0.76174,0.7654,0.83682,0.9238,0.98972,1.0492,1.0199,1.128,0.54933,-0.18494,-0.21516,0.28565,0.52644,0.63173,0.64272,0.7004,0.70589,0.6885,0.70956,0.79196,0.83132,0.83956,0.87436,0.96683,1.0044,0.9595,0.97232,0.92288,0.90548,0.9183,0.8771
0.87069,0.81851,0.79928,0.77181,0.76449,0.75808,0.70406,0.64272,0.58321,0.56673,0.60793,0.45503,1.1371,0.6006,0.51271,0.61068,0.53285,0.49348,0.51912,0.52187,0.55208,0.61617,0.64638,0.70681,0.72878,0.70406,0.73428,0.7535,0.77731,0.75167,0.74343,0.69216,0.57497,0.46968,0.071413,0.26643,0.30854,0.54201,0.48341,0.71963,7.4343,8.2134,-1.2754,-2.7256,2.8227,4.1557,-3.0433,0.79836,0.95859,1.204,1.1408,1.0016,0.85513,0.69491,0.72054,0.88626,1.1005,1.0318,0.92837,0.7828,0.69674,0.6061,0.77456,1.0254,0.96866,0.81759
0.55116,0.73244,1.3184,1.3569,1.2845,1.2983,1.3569,1.334,1.0373,0.78005,0.77822,0.86245,0.89175,0.69033,0.53102,0.31312,0.54109,0.8121,0.98605,1.1472,1.4457,1.6004,1.7707,1.6407,3.4123,3.936,2.9133,2.1625,2.1863,2.0032,1.8513,3.946,2.982,3.0012,2.3466,2.8373,2.1671,1.6251,1.5583,0.67385,0.22065,-0.4413,-1.1371,-1.4255,-1.4164,-1.4356,-0.63906,0.91464,0.85971,0.76907,0.72512,0.76449,0.83407,0.85696,0.82492,0.7828,0.76083,0.78555,0.79836,0.82675,0.85696,0.87069,0.85696,0.83041,0.82583,0.8359
0.81484,0.8066,0.78005,0.77731,0.76266,0.73244,0.71139,0.71413,0.69033,0.67751,0.64547,0.61434,0.61251,0.58596,0.57222,0.53835,0.5118,0.50539,0.48982,0.48524,0.4651,0.44404,0.41475,0.36531,0.33876,0.3122,0.24628,0.15107,0.10163,-0.095218,-0.28016,-0.34059,-0.43397,-1.0007,-1.2003,-1.062,-0.95309,-0.95492,-0.28016,-0.65554,-0.81668,-0.72054,-0.47884,-0.40834,-2.8767,-6.0747,-9.4632,0.56124,0.62258,0.62349,0.58687,0.48067,0.41108,0.36348,0.37263,0.48799,0.61983,0.69491,0.69582,0.66652,0.64913,0.64913,0.68209,0.75259,0.79745,0.81118
0.79745,0.75808,0.77456,0.82949,0.86337,0.85971,0.84506,0.82949,0.80294,0.79562,0.78646,0.77731,0.74068,0.7123,0.69491,0.67019,0.65096,0.62349,0.60976,0.60793,0.62807,0.63448,0.6061,0.54476,0.46968,0.46236,0.49532,0.51271,0.51729,0.53926,0.6299,0.63631,0.64547,0.66378,0.56673,0.60518,0.43764,0.54109,0.64547,0.96042,1.8137,4.0056,-1.8494,0.13642,5.2242,-1.2296,1.0392,0.8533,0.91006,1.0584,1.1673,1.16,1.2012,1.2864,1.3239,1.3358,1.3605,1.42,1.3688,1.2122,1.03,0.89175,0.79012,0.6299,0.52004,0.71047
1.0071,1.1206,0.69308,0.75533,1.0154,1.3614,1.3678,1.0739,1.0034,1.0968,1.2992,1.431,1.6105,1.2671,1.0346,1.7954,1.9913,2.1085,1.4594,0.69948,0.82858,1.5784,1.3715,1.757,2.2733,2.916,2.5498,2.3896,1.5271,1.6141,1.2442,1.9034,2.9362,3.3711,4.2738,2.5398,1.7725,1.5693,1.8659,1.9492,0.43855,-0.19318,-0.96591,-1.6086,-1.6004,-2.1442,-1.3733,0.59145,0.61708,0.618,0.63173,0.62532,0.64272,0.65737,0.62807,0.61434,0.59786,0.54933,0.5063,0.45686,0.46785,0.47517,0.33235,0.19776,0.11353,0.044862
-0.067751,-0.32502,-0.33326,-0.55208,-0.4651,-0.477,-0.69491,-0.50905,-0.20142,-0.3296,-0.2353,-0.037538,-0.13642,-0.22431,-0.12085,0.16388,0.61983,-1.7899,-3.4672,-4.4679,-5.1592,-5.3514,-4.239,-3.6659,-3.2374,-2.2852,-1.7844,-1.4475,-0.90823,-0.56398,-0.48433,-0.46144,-0.37996,-0.48067,-0.35798,-0.21241,-0.42665,-0.68209,-0.83316,-1.1655,-1.2626,-1.127,-0.98605,-0.8066,-0.56398,-0.42482,4.6611,0.65188,0.68758,0.70406,0.70956,0.70223,0.69857,0.69308,0.70132,0.69216,0.683,0.69124,0.69765,0.70681,0.71596,0.71505,0.73519,0.71505,0.7178,0.70406
0.70315,0.71596,0.71322,0.74068,0.73885,0.73977,0.73885,0.74435,0.73519,0.72329,0.70772,0.70772,0.69765,0.69857,0.69765,0.69674,0.69765,0.7004,0.68758,0.6766,0.67751,0.67476,0.67476,0.68209,0.7004,0.70315,0.71871,0.69857,0.6885,0.67934,0.70956,0.73519,0.7178,0.67385,0.63997,0.44313,-0.030213,-0.48524,-0.79104,4.7673,3.4214,6.3466,0.33143,-2.4564,4.2491,6.0894,-0.22889,-0.052187,0.066836,0.064089,0.22065,0.13367,0.24079,-0.021058,-0.16114,0.06592,0.26093,0.52919,0.57497,0.27375,0.075076,0.047609,0.76907,0.15839,-1.0364,-0.53285
1.3358,0.062258,0.31312,0.21332,-0.35524,-0.55391,0.026551,0.26093,0.4294,-0.034791,0.14832,0.16022,-0.10987,-0.59328,-0.47792,-0.53102,-0.50264,-0.53102,-0.58229,-0.70589,-0.95126,-1.1161,-0.88717,-0.94211,-1.0685,-1.0739,-1.1014,-1.1206,-0.88626,-0.77914,-0.74435,-0.759,-0.68941,-0.49348,-0.67751,-0.90548,-0.84231,-0.84506,-0.83865,-0.7828,-0.6592,-1.0968,-1.2351,-1.0794,-1.9584,-2.255,-3.3024,-1.084,-1.0392,-0.92196,-0.81851,-0.75625,-0.78188,-0.87344,-0.95584,-1.0309,-1.0501,-1.0291,-0.93204,-0.89267,-0.89724,-0.87893,-0.89633,-0.14466,-0.067751,0.03296
0.062258,0.043947,0.072329,0.099796,0.051271,-0.054018,-0.1062,-0.059511,0.011902,0.0054933,-0.044862,-0.068667,-0.055849,-0.0018311,0.021058,0.033876,0.093387,0.11628,0.18311,0.31312,0.23988,0.092471,-0.48891,-1.4823,-2.0966,-2.1863,-2.3896,-0.34242,-0.63356,-1.084,-1.4328,-1.3761,-0.90182,-1.0099,-1.0529,-0.96866,-0.95309,-1.7908,-2.2156,-1.951,-1.4924,-1.3175,-1.5336,-2.0133,-2.1662,-3.0259,-16.183,-1.0886,-0.62807,-2.0939,2.9554,0.8121,-4.185,-3.5249,-0.029298,0.965,1.6892,0.48891,-0.4001,0.1236,0.71963,1.3971,2.2944,0.5594,-0.27467,-0.4944
1.1298,1.334,0.96683,0.67202,0.18494,-0.37629,-1.1957,-1.7917,-1.1957,0.65462,-1.3257,-0.41566,-0.75259,-0.73153,-0.69765,-0.61983,-0.51271,-0.51912,-0.63906,-0.64364,-0.46693,-0.48158,-0.59328,-0.68758,-0.63723,-0.58412,-0.67843,-0.81484,-0.90915,-0.9888,-1.0886,-1.2864,-1.4686,-1.3907,-1.2323,-1.4145,-1.5308,-1.3413,-2.3704,-0.47884,0.59511,0.30946,-0.060427,-0.00824,-2.505,-2.591,-2.6267,0.26002,-0.27375,-1.5683,-2.3841,-3.101,-3.9753,-2.6084,-3.4828,-2.5901,-2.2394,-0.59511,-1.4521,-1.7515,-0.97324,0.079653,-0.094302,-0.99704,-2.407,-3.8124
-3.5972,0.91006,0.89724,-0.98514,-2.9188,-3.4141,-2.0646,-1.4988,-1.279,-1.6013,-1.485,-1.1884,-1.2461,-1.333,-1.5958,-1.8329,-1.8567,-1.6132,-1.182,-1.0804,-1.2607,-1.5455,-1.8494,-1.9721,-2.0334,-2.0481,-2.0728,-2.0133,-1.941,-1.8659,-1.7707,-1.6947,-1.6379,-1.5766,-1.5363,-1.5711,-1.6599,-1.757,-1.8522,-2.0756,-2.4839,-2.19,-3.5661,-2.125,-1.1838,-3.946,-7.6211,-0.81942,-0.95126,-1.0685,-0.93661,-0.66927,-0.38453,-0.20783,-0.26093,-0.085147,-0.31587,-0.015564,0.73428,1.7405,1.5043,-0.69948,-1.9153,-2.2486,-2.8227,-2.6652
-1.7203,-0.4825,-0.20142,-0.64364,-0.61342,-0.29115,0.24537,0.91372,0.42756,-1.1463,0.10987,0.44221,-0.097049,-0.60152,-0.5063,-0.2353,-0.07416,-0.20234,-0.3058,-1.0007,-0.824,-0.41475,-0.053102,0.083316,-0.05768,-0.2472,-0.15748,-0.071413,0.095218,0.084231,-0.5768,-0.62349,-1.0913,-1.8183,-2.1653,-2.0792,-1.7743,-1.6407,-2.1964,-2.8959,-2.8721,-2.5855,-2.212,-2.299,-2.1131,-1.4612,-0.65462,-0.046693,-0.51729,-1.2104,-1.0483,-0.56307,-0.72878,-1.2671,-0.53835,-0.1822,-0.10529,0.043031,0.12268,0.043947,0.019227,-0.85971,0.31587,0.55574,-0.17853,-0.50172
0.34059,0.76083,-0.11444,-0.30305,-0.048524,-0.00824,0.42482,0.56032,0.72787,0.62075,0.64638,0.58687,0.55025,0.20783,0.11078,0.28565,0.2472,0.23621,0.19501,0.10987,-0.010987,-0.083316,-0.10437,0.054018,0.15381,0.21973,-0.16114,-2.0939,-2.2275,-2.8565,-3.8398,-3.9305,-4.1713,-3.047,-1.8595,-0.17579,0.53011,0.46144,0.92288,-0.71413,-2.0911,-2.0618,-2.114,-0.59511,-0.18952,-0.2472,-0.34516,-0.27009,0.091556,0.79653,1.4914,0.43672,-0.37904,0.76815,0.98056,1.1344,0.78097,0.20508,0.24537,1.9282,-1.8567,-0.4413,0.010987,0.16022,0.14008,0.40834
0.23347,0.42848,0.28474,0.3882,0.71871,1.0401,0.85055,0.74801,0.6766,0.70406,0.38362,-0.17762,-0.41566,0.24812,0.52461,0.43123,0.61251,0.85788,0.88443,0.91739,0.9302,0.96591,0.93112,0.92654,0.91098,0.81484,0.6473,0.45778,-1.0584,-0.26185,0.18128,0.32868,0.20234,0.37446,0.68392,0.77914,0.89908,0.92654,1.1527,0.94211,0.347,0.046693,-0.6299,-1.0437,-1.1087,-0.72329,-0.87252,-0.61434,-0.41292,-0.40742,-0.58687,-0.72512,-0.67751,-0.55849,-0.40742,-0.36256,-0.62166,-0.54476,-0.40742,-0.48891,-0.71596,-0.77456,-0.71413,-0.69948,-0.92471,-1.1811
-1.4127,-1.6169,-1.648,-1.5473,-1.3166,-1.3056,-1.3962,-1.5519,-2.9188,-5.2461,-6.6854,-2.4042,-2.0591,-0.95492,-0.56764,-0.98972,-0.93478,-0.64821,-0.58687,-0.9714,-1.4246,-2.3951,-3.1706,-3.1458,-2.6267,-2.0783,-1.7377,-1.4768,-0.62349,-0.7004,-1.0025,-1.8348,-2.3383,-2.0499,-1.8787,-2.6313,-2.4958,-2.0975,-1.8064,-1.8833,-1.8558,-1.8293,-1.8998,-2.0371,-2.2404,-1.9474,-1.0556,0.14924,0.59603,0.34608,-0.97781,-0.87252,-0.8771,-1.5088,-1.8714,-1.3971,-1.9327,-2.0243,-2.5471,-3.8545,-1.691,0.4358,0.87069,0.30488,-0.92654,-1.1454
-0.66469,-0.7828,-0.87436,-0.86703,-0.80752,-0.67843,-0.46968,-0.48799,-0.55483,-0.77914,-0.84964,-0.66744,-0.57772,-0.56948,-0.51363,-0.60152,-0.78738,-0.58687,-0.56856,-1.0382,-1.1975,-1.1527,-1.3349,-1.4063,-1.1994,-1.0245,-0.86245,-0.66652,-0.26002,-0.24079,-0.23072,-0.2298,-0.23804,-0.2298,-0.20875,-0.19684,-0.1886,-0.20508,-0.20692,-0.15473,-0.12818,-0.11902,-0.14283,-0.17121,-0.18311,-0.19501,-0.18769,-0.046693,0.018311,-0.01648,0.22523,0.53194,0.53835,-0.035707,-0.61342,-2.3832,-3.5011,-4.3278,-5.8412,-10.148,1.3651,1.3907,1.3303,1.2891,1.2653,1.2342
1.3028,1.2323,1.2314,1.2717,1.1353,0.9769,0.79653,0.93295,0.92563,0.74984,0.57955,0.55116,0.71047,0.75533,0.6885,0.54292,0.62716,0.71139,0.71047,0.30671,0.10895,0.20142,0.33967,0.45778,0.38453,0.28382,0.29847,0.26185,0.33509,-0.82125,-0.87069,-0.8771,-0.94852,-1.0694,-1.052,-0.99704,-0.92929,-0.93204,-1.0318,-0.99155,-0.8478,-0.77273,-0.77914,-0.84872,-0.68209,-0.61617,-0.76998,-0.89999,-1.0282,-1.008,-1.1161,-1.1399,-1.225,-1.2955,-0.90365,0.59969,0.072329,-0.20692,1.9245,4.8717,6.8841,9.3698,8.5412,3.8728,0.52828,-2.1241
-1.0611,-1.0126,-0.80294,0.68209,0.43764,0.96957,1.7762,2.06,1.3742,1.1747,1.3633,1.4063,1.4045,1.4035,1.8787,2.4555,2.6771,3.0552,2.6963,1.7689,1.2653,0.43214,0.50356,0.68575,0.70589,0.66836,0.64455,0.60427,0.33509,-0.20051,-0.16114,-0.11536,0.068667,0.099796,0.32777,0.58596,0.8002,0.8771,0.79745,0.73428,0.64364,0.41932,0.30122,0.35249,0.41841,0.22431,0.46052,-0.2472,0.02472,-0.34791,-0.25544,-0.14649,0.3058,0.075076,-0.48158,-1.9208,-2.2248,-0.87436,-3.9351,-7.6403,0.4532,3.9698,-3.0351,-2.4894,-0.30671,-1.0199
-0.43031,-0.94119,-1.4512,-2.9856,-3.6329,-3.2356,-2.3704,-1.5372,-0.8945,-0.82949,0.043947,-0.64455,-1.3312,-1.6736,-0.49532,-0.59877,-0.75076,-1.2424,-0.68484,-0.73885,-0.99796,-2.1104,-1.9556,-1.0263,-0.40193,-1.9712,-2.017,-0.29756,0.28657,0.034791,-0.16388,-0.22523,-0.16663,-0.1822,-0.35066,-0.50996,-0.47334,-0.57588,-1.0785,-1.5409,-1.301,-1.0767,-1.0437,-0.93478,-0.69124,0.13733,0.61525,0.49532,0.065004,-0.60335,-1.2973,-2.2532,-2.8529,-2.3273,-1.7359,-6.57,-1.1417,-16.794,-12.899,-6.5792,11.844,1.605,1.2552,1.9977,-1.6572,-1.1911
0.71871,-0.34883,-0.24171,0.50905,-0.40101,-0.78372,-2.3896,-2.7924,-1.6553,-1.745,-1.6993,-3.5423,-5.3926,-4.207,-3.0396,-1.0273,-0.33143,-0.47609,0.32136,0.89358,0.027467,-2.3576,-5.6352,-4.4322,-0.95676,-0.50447,-0.061342,0.20508,-0.22523,-0.12543,0.028382,0.11902,0.085147,0.0054933,-0.18311,-0.18128,-0.12177,-0.1355,-0.49715,-0.48524,-0.52736,-0.3827,-0.37538,-0.18494,0.50081,0.759,0.88717,0.96316,1.4759,1.5839,1.0941,0.46693,-1.0913,-1.0895,-1.1472,-7.5451,-16.116,-1.2809,-1.9062,1.1197,-3.1413,-1.6095,-0.6006,-1.1216,-2.6679,-3.0012
1.182,-0.3415,-1.8101,-2.2358,-1.9071,-1.2314,-0.40376,-1.0291,-2.1891,-1.6517,-0.81484,-0.23164,0.075991,-0.2646,0.0091556,0.03296,-0.41932,-0.055849,0.10804,0.15748,-0.41017,-2.917,-1.778,-5.128,-1.6013,-3.4498,-0.37721,-0.094302,0.17029,0.11902,0.043947,-0.06592,-0.2234,-0.31953,-0.33876,-0.412,-0.19959,-0.15473,-0.1529,0.20417,0.40742,0.51088,0.46052,0.38362,0.30763,0.31129,0.36256,0.49074,0.47609,0.9064,1.0968,0.76174,-0.74801,-1.485,-1.2021,-0.11628,0,1.3102,-28.686,-11.351,6.2999,-8.3535,-3.3015,1.1362,0.77914,2.5901
3.7117,0.73428,-0.12177,0,0.014649,-1.5043,-2.2587,-1.8311,-0.93112,-0.78921,-1.1408,-1.55,-1.5528,-1.2021,-1.6993,-4.2051,-5.0072,-2.6157,-0.71322,-0.21424,0.05768,-0.889,-6.1013,-6.0546,-1.4319,-0.96774,0.032044,-0.081484,0.055849,0.068667,0.15839,0.22156,0.14557,0.11444,0.089724,0.089724,-0.040284,-0.097964,-0.091556,0.051271,0.095218,0.15839,0.084231,0.09888,0.047609,0.45869,0.66652,0.57497,1.1252,2.2065,2.6615,1.3678,-0.61342,-3.5487,-3.0973,-3.7382,-6.9253,-11.83,-11.913,-4.6117,-2.0435,4.2692,3.6613,1.6123,-0.12726,0.94577
-0.45595,-0.91464,-0.90457,-3.2099,-3.9708,-3.8115,-3.5633,-1.8064,-0.91281,-0.64547,-0.60427,-0.45228,-0.99612,-1.6306,-1.0437,-1.821,-1.6068,-1.2149,-1.1948,-1.1124,-1.4786,-1.7084,-1.2891,-1.4841,-1.6214,-1.6398,-1.214,-2.2312,-5.3304,-0.47975,-0.45686,-0.47609,-0.48067,-0.51729,-0.57405,-0.55574,-0.49257,-0.48067,-0.53652,-0.46236,-0.48524,-0.41017,-0.41658,-0.27741,0.16388,0.19227,0.49074,0.27558,1.3807,1.7396,2.093,1.9437,2.5965,1.7991,0.2298,-1.962,-4.5448,-5.7341,-6.1306,-6.202,-6.1315,-4.5457,-4.6547,-4.7765,-3.198,-0.76998
-0.49898,-2.1378,-1.3706,-1.0813,-1.4566,-1.2497,-0.85238,-0.41383,-0.34516,-0.44404,-0.35615,-0.051271,-0.12818,-0.055849,0.64547,1.1966,0.64089,0.75808,-0.23072,-0.24171,-0.53194,-0.8414,-0.78555,-1.843,-9.4476,-0.79745,0.49898,0.35432,0.02472,0.60427,0.54292,0.38545,0.40193,0.61708,0.65462,0.58412,0.51088,0.64638,0.65737,0.50813,0.46693,0.26734,0.24812,0.39552,0.52736,0.53652,0.57863,-0.052187,-1.7862,-0.95218,-0.87619,-0.25819,-1.4859,-0.081484,-4.8854,-3.806,1.377,2.0637,2.1342,-0.028382,-2.2028,4.6336,1.7341,0.45686,-5.0639,-3.5359
-2.9582,-2.7284,-1.7588,-0.87069,-0.46693,0.091556,0.14008,-0.78555,-1.0767,-1.1225,-1.453,-0.85421,-0.93112,-0.59511,-0.56215,-1.3797,-0.94211,-1.1371,-1.1573,-0.53652,-0.4825,-0.70132,-0.84506,-1.0373,-1.496,-1.5958,-1.063,-0.70589,-0.048524,-0.028382,-0.013733,-0.032044,0.060427,0.03296,0.068667,0.40193,0.63997,0.5356,0.46693,0.14924,-0.13916,-0.35981,-0.47609,-0.69124,-0.65371,-0.27192,-0.61068,-0.48433,0.022889,0.16205,-0.02472,-0.59328,-1.1545,-1.2781,0.40925,0.21973,1.3239,-17.689,-7.9122,-7.7053,4.684,-2.0591,2.3649,-2.6615,-2.9545,-0.73977
-0.38911,-0.44496,-1.0025,-1.1509,-1.3092,-0.13642,-0.44221,-0.98148,-1.0639,-1.5372,-1.5418,-0.93295,-0.48616,-0.68117,-0.89908,-1.4237,-2.1561,-4.2628,-4.9834,-2.8877,3.8792,0.94028,-3.6265,-3.7272,-3.2878,-2.6872,0.67751,-1.6187,-0.19684,-0.20508,-0.4944,-0.7947,-0.99338,-1.0758,-1.0511,-1.1985,-1.377,-1.3752,-1.7295,-1.908,-1.5354,-1.4832,-2.1534,-2.732,-1.8146,-1.0089,-1.1225,-1.3221,-1.1371,-1.127,-1.3852,-1.5162,-1.93,-1.1444,-0.54292,-0.88717,0.26917,1.5784,2.993,4.7728,7.4334,4.977,4.0596,3.0836,1.0392,0.49898
0.16572,-0.0054933,0.3296,0.79745,1.0346,0.7654,1.3953,1.8494,1.962,1.8137,2.3621,3.3226,2.8263,2.2752,1.778,1.2305,1.1518,1.485,1.0163,0.65554,0.72237,0.8121,1.4255,1.6031,-0.11353,-0.095218,-0.1117,-0.091556,-0.064089,-0.060427,-0.12268,-0.14191,-0.1822,-0.17396,-0.10437,0.44038,1.0163,1.3019,0.99612,0.48708,0.047609,-0.32319,-0.31312,-0.81484,-1.3211,-2.2898,-2.1854,-0.74252,-2.494,-2.9298,-3.1202,-0.36531,-0.5475,-5.0603,-4.4935,-6.0546,-3.1248,-0.27192,-0.25361,-0.24171,-0.22156,-0.20692,-0.20234,-0.19684,-0.21149,-0.22706
-0.23255,-0.24079,-0.22797,-0.2234,-0.23164,-0.20966,-0.20875,-0.19959,-0.19227,-0.18403,-0.19318,-0.18036,-0.1941,-0.20142,-0.22431,-0.26734,-0.34242,-0.36164,-0.39827,-0.52187,-0.62899,-0.69216,-0.65828,-0.69124,-0.8414,-1.0236,-1.1252,-1.2149,-1.1701,-1.0538,-0.95309,-0.85696,-0.81301,-0.76998,-0.72329,-0.68758,-0.68941,-0.64913,-0.58962,-0.44679,-0.35157,-0.37538,-0.36256,-0.15748,-0.13184,-0.17029,-0.068667,0.053102,0.16022,0.70589,1.0099,0.72237,-0.8066,-1.3532,1.6077,5.4045,0.824,-0.25819,-0.23621,-0.21058,-0.22156,-0.26551,-0.26734,-0.24537,-0.23988,-0.24262
-0.24262,-0.20508,-0.19044,-0.17762,-0.18952,-0.18677,-0.18403,-0.18128,-0.16388,-0.18403,-0.20692,-0.1886,-0.18677,-0.18586,-0.18311,-0.18952,-0.19593,-0.19776,-0.1941,-0.22523,-0.2472,-0.29481,-0.30122,-0.29847,-0.28657,-0.29023,-0.30671,-0.31587,-0.33235,-0.40376,-0.46693,-0.51363,-0.54842,-0.57222,-0.6354,-0.70864,-0.7947,-0.81759,-0.91739,-0.99155,-1.0382,-1.127,-1.1866,-1.2232,-1.0849,-1.0996,-0.96316,-0.85055,-0.5237,-0.10529,0.3177,0.79562,1.2818,1.0346,0.4532,5.5611,5.0978,-0.33692,-0.24445,-0.17762,-0.13001,-0.15931,-0.22614,-0.26917,-0.3003,-0.28291
-0.2353,-0.19684,-0.21149,-0.24262,-0.24537,-0.26368,-0.30305,-0.28108,-0.22523,-0.20417,-0.20966,-0.20234,-0.17396,-0.18311,-0.20142,-0.21973,-0.26734,-0.35798,-0.41383,-0.4706,-0.49348,-0.56215,-0.67934,-0.73702,-0.75808,-0.74892,-0.78097,-0.77822,-0.87161,-1.0053,-1.0474,-0.86428,-0.85238,-1.0236,-1.0813,-1.0868,-1.0099,-0.92013,-0.80386,-0.56581,-0.16297,-0.043031,-0.12726,-0.096133,-0.2765,-0.4001,-0.45045,-0.17121,0.050356,0.26734,0.52004,0.71505,0.22889,-0.477,-0.63997,-2.157,5.0282,0.20508,-1.3523,0.13184,0.13092,0.12909,0.14283,0.16297,0.17853,0.21149
0.24903,0.25086,0.27375,0.28199,0.26734,0.23621,0.24262,0.2591,0.271,0.29298,0.27192,0.2179,0.22797,0.19959,0.15748,0.070498,-0.033876,-0.12818,-0.21699,-0.1474,-0.50813,-0.90548,-0.8945,-0.80477,-0.63723,-0.44038,-0.19959,0.0091556,-0.36531,-0.58962,-0.50539,-1.1225,-2.0206,-2.4986,-3.1706,-3.307,-3.5185,-3.0662,-2.7897,-2.4976,-2.3576,-2.1845,-1.9941,-1.8101,-1.4805,-1.2278,-0.97781,-0.75442,-0.62258,-0.59786,-0.60884,-0.66744,-0.80294,-0.87985,-0.98788,-1.2159,-1.2305,-1.6407,-2.8895,-0.17121,-0.16388,-0.15748,-0.16297,-0.18311,-0.1941,-0.18952
-0.18036,-0.14191,-0.1648,-0.25727,-0.33692,-0.38179,-0.42024,-0.42848,-0.4358,-0.42207,-0.39644,-0.37172,-0.38087,-0.37721,-0.37629,-0.38545,-0.39003,-0.41932,-0.45595,-0.45045,-0.45412,-0.46327,-0.50722,-0.53011,-0.54933,-0.58412,-0.64455,-0.70681,-0.76632,-0.80203,-0.84231,-0.86886,-0.90732,-0.9595,-0.98422,-1.1042,-1.1206,-1.117,-1.2635,-1.2543,-1.2186,-1.1042,-1.0108,-1.0099,-0.95309,-0.86062,-0.70132,-0.43214,-0.45778,-0.37172,-0.13825,0.30488,0.20875,0.65737,1.442,1.1023,-0.094302,-0.19593,1.5537,-0.26185,-0.25819,-0.24812,-0.24537,-0.24812,-0.25361,-0.25636
-0.2591,-0.2591,-0.2591,-0.26185,-0.25727,-0.26551,-0.25544,-0.26917,-0.27833,-0.28565,-0.27467,-0.25269,-0.24812,-0.25269,-0.2646,-0.28382,-0.28291,-0.28108,-0.29115,-0.28932,-0.28291,-0.28932,-0.29389,-0.3122,-0.29939,-0.27009,-0.27467,-0.31587,-0.34242,-0.33326,-0.34608,-0.37904,-0.45778,-0.57955,-0.54384,-0.65462,-0.77456,-1.0584,-1.4731,-1.7148,-1.6828,-2.1314,-2.4546,-2.125,-1.8284,-1.9401,-1.822,-1.8009,-1.9254,-1.9749,-1.4594,-1.0556,-1.2653,-1.0785,-0.37904,-0.41292,-0.70498,-7.9644,-8.2318,-5.9154,-3.4233,-0.1767,-0.17579,-0.1767,-0.16755,-0.1648
-0.15381,-0.14557,-0.1529,-0.15656,-0.16388,-0.15564,-0.16205,-0.15931,-0.15931,-0.17029,-0.15107,-0.14832,-0.15839,-0.16846,-0.1474,-0.13916,-0.1474,-0.16846,-0.18769,-0.25361,-0.26185,-0.28932,-0.35249,-0.39186,-0.37538,-0.43672,-0.53285,-0.57131,-0.59511,-0.5942,-0.5887,-0.63173,-0.68941,-0.73428,-0.78463,-0.78829,-0.85513,-1.0208,-1.1371,-1.1133,-1.1563,-1.214,-1.182,-1.1454,-1.0382,-1.0419,-1.0923,-0.96408,-0.70864,-0.63356,-0.48799,-0.29023,0.23621,0.57039,0.63082,1.2607,1.811,1.2113,-0.12635,-0.68667,2.9362,1.6608,-0.10437,-0.10712,-0.10987,-0.11536
-0.10987,-0.097049,-0.12452,-0.13916,-0.15748,-0.14283,-0.12177,-0.14374,-0.13092,-0.14191,-0.15107,-0.16205,-0.15381,-0.18586,-0.20417,-0.19868,-0.18311,-0.19684,-0.22431,-0.24903,-0.26002,-0.28199,-0.30854,-0.33601,-0.39003,-0.43397,-0.46602,-0.5182,-0.57039,-0.63356,-0.68941,-0.72146,-0.75167,-0.79287,-0.89633,-0.92288,-0.96133,-1.0511,-1.0767,-1.0978,-1.1518,-1.1371,-1.1115,-1.1179,-1.0831,-1.0007,-0.80203,-0.70132,-0.66012,-0.47426,-0.27467,-0.036622,0.09064,0.1474,0.35615,0.58962,0.22706,-0.48616,-0.7004,-0.19318,1.3733,8.489,-0.29206,-0.30488,-0.28932,-0.28382
-0.27924,-0.27375,-0.26734,-0.26002,-0.25819,-0.25178,-0.25544,-0.24812,-0.25544,-0.25361,-0.23988,-0.24079,-0.23438,-0.23347,-0.23988,-0.23804,-0.2298,-0.23713,-0.22156,-0.22248,-0.22248,-0.22156,-0.22156,-0.21516,-0.20692,-0.24079,-0.28291,-0.32044,-0.36073,-0.40834,-0.50447,-0.56032,-0.6006,-0.63265,-0.73428,-0.81851,-0.91739,-1.0007,-1.084,-1.2717,-1.4466,-1.6114,-1.7991,-1.8485,-1.7881,-1.5116,-0.92288,-0.46052,0.025636,0.6711,1.1536,1.3797,1.0858,0.64638,0.36073,0.47426,0.71871,0.048524,-0.59328,0.29389,3.5844,6.1022,-4.4908,-0.2472,-0.25819,-0.26826
-0.26917,-0.2646,-0.26002,-0.27009,-0.26643,-0.2646,-0.23988,-0.24079,-0.22797,-0.21058,-0.18311,-0.17487,-0.15748,-0.1529,-0.13733,-0.11719,-0.12268,-0.11994,-0.10987,-0.1529,-0.15839,-0.18311,-0.19684,-0.16663,-0.11536,-0.10437,-0.081484,-0.064089,-0.060427,-0.079653,-0.12543,-0.1236,-0.12452,-0.16572,-0.22614,-0.23164,-0.28199,-0.38636,-0.47426,-0.5768,-0.60427,-0.66195,-0.63448,-0.56764,-0.71871,-1.0382,-1.2122,-1.2131,-1.3111,-1.5519,-1.2992,-1.1216,-1.6279,-2.2156,-2.5864,-2.8776,-3.1623,-2.8217,-2.0737,-1.7725,-1.0822,-2.4335,-13.725,-0.2179,-0.21241,-0.20783
-0.20692,-0.206,-0.20783,-0.19501,-0.18586,-0.18403,-0.1941,-0.20142,-0.20051,-0.21058,-0.2179,-0.2234,-0.22156,-0.23347,-0.21699,-0.2298,-0.22706,-0.2179,-0.23164,-0.23347,-0.23072,-0.22431,-0.22614,-0.22248,-0.2234,-0.22889,-0.25452,-0.29298,-0.34242,-0.34242,-0.3534,-0.41749,-0.48158,-0.50172,-0.48616,-0.57039,-0.68667,-0.75991,-0.82492,-0.8826,-0.95401,-1.0566,-1.1289,-1.225,-1.3211,-1.388,-1.3376,-1.2387,-1.1875,-1.0327,-0.6885,-0.54018,-0.42665,-0.32228,-0.047609,0.089724,0.22889,0.43947,0.40284,0.40193,-0.0091556,-1.2003,-1.355,-2.3191,-0.24628,-0.24995
-0.27009,-0.27558,-0.26093,-0.26551,-0.26368,-0.26002,-0.26826,-0.26826,-0.27009,-0.27009,-0.2591,-0.25452,-0.25086,-0.24354,-0.24903,-0.23164,-0.24537,-0.23988,-0.22065,-0.22523,-0.21516,-0.206,-0.20325,-0.21699,-0.20875,-0.2234,-0.21882,-0.22156,-0.21424,-0.21149,-0.20051,-0.22523,-0.23164,-0.24354,-0.2179,-0.22706,-0.20508,-0.20417,-0.1941,-0.18311,-0.21149,-0.23896,-0.3296,-0.39094,-0.36622,-0.36256,-0.45412,-0.57955,-0.62899,-0.59053,-0.62716,-0.56307,-0.38545,-0.2472,-0.56032,-0.79836,-1.55,-2.5819,-3.3006,-3.6512,-4.2619,-13.118,-8.0404,-3.3903,-3.2337,-0.19227
-0.19501,-0.19868,-0.18769,-0.19868,-0.20234,-0.19684,-0.19501,-0.20783,-0.19868,-0.20417,-0.20234,-0.22248,-0.21699,-0.2298,-0.22431,-0.22614,-0.2298,-0.23072,-0.22431,-0.23164,-0.2353,-0.23347,-0.22797,-0.2353,-0.25086,-0.24537,-0.28199,-0.3058,-0.36073,-0.40284,-0.44496,-0.52461,-0.59328,-0.64913,-0.66286,-0.6885,-0.73611,-0.77273,-0.82858,-0.87527,-0.91098,-0.98148,-1.0016,-1.0364,-1.106,-1.1463,-1.2305,-1.2268,-1.1783,-1.1902,-1.1234,-0.97324,-0.71596,-0.58138,-0.39186,-0.12452,0.071413,0.29023,0.47975,1.127,1.4393,0.77273,-1.2122,0.28657,2.2028,-0.1886
-0.19227,-0.19501,-0.20234,-0.21149,-0.24995,-0.25727,-0.27284,-0.26643,-0.27558,-0.27741,-0.26276,-0.28016,-0.28199,-0.28291,-0.27192,-0.25361,-0.26643,-0.2765,-0.30213,-0.28291,-0.29389,-0.29939,-0.31953,-0.26917,-0.21424,-0.22065,-0.24628,-0.26643,-0.2884,-0.34242,-0.37812,-0.37446,-0.36531,-0.35432,-0.36897,-0.35066,-0.32136,-0.3058,-0.34974,-0.36348,-0.40468,-0.36714,-0.3177,-0.39552,-0.66652,-0.71596,-0.77456,-0.83956,-0.82675,-1.0465,-1.4173,-1.5766,-1.4237,-1.3733,-1.2616,-1.1188,-0.96591,-1.2241,-1.4878,-1.4429,-1.2497,-0.81759,-1.0007,-0.7828,-11.53,-7.1569
-0.24628,-0.22706,-0.21699,-0.21882,-0.21607,-0.19959,-0.18586,-0.17762,-0.16755,-0.16846,-0.16572,-0.16114,-0.15198,-0.15107,-0.13276,-0.14283,-0.141,-0.13092,-0.1474,-0.14557,-0.14832,-0.1648,-0.23255,-0.26002,-0.30854,-0.34516,-0.37629,-0.45686,-0.5887,-0.65279,-0.67202,-0.72329,-0.78555,-0.82675,-0.77456,-0.7297,-0.70864,-0.71413,-0.76724,-0.73519,-0.74709,-0.74618,-0.72878,-0.69308,-0.66836,-0.69948,-0.70406,-0.71413,-0.48982,-0.51546,-0.53102,-0.49165,-0.43489,-0.21424,0.092471,0.46144,0.84964,1.0218,1.171,0.96957,-0.71139,-2.6258,-2.4253,0.7709,2.7238,4.6126
-6.2249,-0.25636,-0.25544,-0.2591,-0.25452,-0.24995,-0.25361,-0.25361,-0.25727,-0.26093,-0.24995,-0.26368,-0.2646,-0.26368,-0.26002,-0.24171,-0.23988,-0.24171,-0.23438,-0.23255,-0.2234,-0.22065,-0.22065,-0.20875,-0.21516,-0.2298,-0.23164,-0.25086,-0.25269,-0.24171,-0.26002,-0.29756,-0.38453,-0.46785,-0.53377,-0.52553,-0.57772,-0.70498,-0.73702,-0.69399,-0.66469,-0.77822,-0.91647,-0.99521,-1.0428,-1.1124,-1.1115,-1.1454,-1.2406,-1.3092,-1.3001,-1.3303,-1.3422,-1.1609,-0.93753,-0.74984,-0.69491,-0.52553,-0.39003,-0.38636,-0.39369,-1.0172,-2.1827,-2.6478,-2.1497,-0.70132
10.207,-0.43764,-0.4358,-0.42848,-0.42482,-0.43764,-0.44496,-0.45778,-0.44862,-0.44496,-0.45045,-0.45503,-0.45778,-0.45228,-0.44771,-0.46327,-0.47792,-0.47609,-0.47151,-0.47334,-0.48524,-0.51363,-0.49806,-0.48799,-0.4825,-0.49715,-0.49165,-0.49348,-0.48433,-0.46693,-0.46876,-0.46876,-0.46052,-0.46236,-0.45137,-0.44588,-0.43489,-0.4239,-0.42665,-0.42848,-0.42756,-0.43489,-0.45503,-0.49898,-0.59786,-0.65004,-0.73336,-0.78188,-0.86703,-0.97049,-0.98697,-0.98972,-1.0437,-1.1783,-1.2909,-1.3459,-1.3578,-1.496,-1.6883,-2.1506,-2.5919,-3.1404,-3.7721,-3.9076,-3.7638,-3.4718
-2.5791,-0.41932,-0.43123,-0.43031,-0.43672,-0.4358,-0.43397,-0.43123,-0.43031,-0.43397,-0.43031,-0.41932,-0.42573,-0.43306,-0.42116,-0.41383,-0.42207,-0.40651,-0.412,-0.40101,-0.40925,-0.39186,-0.3827,-0.37629,-0.37446,-0.38453,-0.38362,-0.3827,-0.40376,-0.42207,-0.44496,-0.47975,-0.49165,-0.5182,-0.54384,-0.5768,-0.58046,-0.58229,-0.60793,-0.63448,-0.6766,-0.74068,-0.76174,-0.78463,-0.86154,-1.0318,-1.16,-1.2204,-1.3642,-1.6123,-1.7917,-1.7716,-1.7038,-1.5244,-1.2406,-0.94211,-0.6885,-0.58962,-0.39094,0.15473,0.57222,0.83407,1.3111,0.33601,0.6473,3.9982
8.2867,3.8398,-0.30763,-0.31495,-0.31037,-0.33052,-0.34059,-0.347,-0.34791,-0.34608,-0.33692,-0.33418,-0.32594,-0.31587,-0.31037,-0.30396,-0.30396,-0.29664,-0.29481,-0.29481,-0.29572,-0.29572,-0.30763,-0.29939,-0.32411,-0.347,-0.36531,-0.37904,-0.35981,-0.35615,-0.36531,-0.36256,-0.34883,-0.33052,-0.37904,-0.41749,-0.48891,-0.42116,-0.49532,-0.58321,-0.62166,-0.70864,-0.83499,-0.99612,-1.1866,-1.6562,-2.0353,-1.9675,-1.6874,-1.4502,-1.4374,-1.3083,-1.0062,-0.50722,-0.09064,0.39827,0.21973,-0.26276,-0.71413,-2.6505,-11.651,-7.1871,-0.98514,-2.8428,-4.5439,-8.1704
-1.0712,-0.022889,-1.6059,-1.2726,-0.52553,-0.30396,0.35615,0.43672,0.24354,0.012818,-0.25819,-0.58229,-0.76266,-0.74435,-0.76083,-0.759,-0.79562,-1.1353,-1.5079,-1.8073,-2.1232,-2.5846,-2.4189,-1.9922,-1.7414,-1.5848,-0.52187,-3.947,-4.7948,-3.3601,-2.1158,-1.1078,-0.87161,-0.15473,-0.39094,-2.1818,-3.4251,0.87069,0.96316,1.0364,1.052,1.0913,1.1637,1.2589,1.2076,1.1747,1.1838,1.2113,1.1582,1.0044,1.0428,1.0923,1.1344,1.1637,1.0199,1.1737,1.2506,1.3541,1.3211,1.3468,1.5418,1.5738,1.7689,1.7899,1.9236,2.6157
2.7531,3.1385,3.1239,5.3011,0.63906,0.62258,0.58596,0.57131,0.51088,0.54384,0.56124,0.60335,0.61251,0.6061,0.62532,0.56673,0.53835,0.52828,0.48433,0.4532,0.44588,0.4651,0.45503,0.45503,0.48067,0.477,0.46968,0.45686,0.43672,0.39186,0.36714,0.31861,0.3534,0.33692,0.30488,0.32044,0.29664,0.33052,0.3534,0.35066,0.34059,0.37172,0.38728,0.40193,0.41017,0.40284,0.43489,0.47975,0.52187,0.57863,0.61434,0.61617,0.69857,0.74618,0.76174,0.8121,0.94394,0.95401,0.9476,0.96316,0.86886,1.0117,1.1637,1.1527,1.2278,1.6251
2.6569,3.4095,3.7098,11.376,0.64547,0.69674,0.72695,0.73794,0.78921,0.81484,0.79836,0.79836,0.76724,0.72237,0.69857,0.6592,0.66378,0.61617,0.60793,0.59694,0.57863,0.55208,0.55757,0.47609,0.47426,0.477,0.43764,0.42573,0.42756,0.41566,0.40651,0.39369,0.41475,0.41841,0.40834,0.39735,0.39094,0.41475,0.40193,0.38911,0.40101,0.42207,0.41566,0.3827,0.34242,0.3296,0.38545,0.36073,0.30763,0.28932,0.35524,0.32319,0.2591,0.25269,0.28291,0.37355,0.42116,0.33235,0.18677,0.3003,0.24079,0.37172,1.0465,1.2708,3.3802,4.7005
5.3615,0.55208,5.8641,7.3473,0.36164,0.36531,0.34791,0.36348,0.33326,0.30305,0.35249,0.31129,0.30305,0.29481,0.29481,0.31312,0.30854,0.30305,0.32502,0.33876,0.33509,0.32502,0.32777,0.31404,0.33876,0.33876,0.35615,0.35981,0.34425,0.35249,0.32868,0.28382,0.28199,0.26643,0.28657,0.28108,0.22797,0.18311,0.16297,0.19593,0.21149,0.20692,0.19227,0.18769,0.17029,0.19593,0.17762,0.16297,0.18769,0.18769,0.24079,0.17396,0.13825,0.1941,0.24445,0.3589,0.31678,0.21149,0.10254,0.1474,0.36073,0.1886,-0.050356,0.49898,4.1145,4.4871
6.0106,-0.32685,1.333,3.5725,0.35432,0.35615,0.33326,0.34242,0.37721,0.35615,0.34333,0.30946,0.3122,0.31404,0.24995,0.19959,0.16388,0.17304,0.17304,0.086062,0.058596,0.13184,0.16388,0.31861,0.44862,0.37629,0.51088,0.47792,1.1673,0.85421,2.5169,2.9756,3.0836,3.9644,3.6119,3.1166,2.5343,1.9254,-0.42482,0.95584,0.56856,-0.44679,-0.33052,0.34333,0.33692,0.3415,0.4239,0.3882,0.57314,0.72237,0.88168,0.8478,0.66836,0.51363,0.45137,0.58962,0.56948,1.0428,1.7643,1.5253,1.1628,1.0858,1.2882,1.1472,1.0117,0.86795
0.68758,1.1252,0.39827,1.8348,0.19501,0.21973,0.2298,0.26734,0.26551,0.26826,0.21332,0.21607,0.19318,0.16297,0.15748,0.13184,0.15473,0.1822,0.17579,0.24445,0.26276,0.24628,0.24079,0.23621,0.23804,0.24812,0.24354,0.24354,0.27009,0.2646,0.2591,0.2472,0.25452,0.24995,0.26185,0.22614,0.20142,0.1886,0.12268,0.088809,0.091556,0.093387,0.048524,0.018311,-0.030213,-0.031129,-0.055849,-0.086978,-0.12543,-0.1529,-0.11811,-0.096133,-0.14283,-0.17487,-0.05768,-0.0064089,0.0073244,-0.22156,-0.0091556,0.050356,-0.29389,0.1822,1.1325,2.1241,3.8188,0.70315
1.9144,1.0117,1.4566,0.74801,0.56215,0.54842,0.52461,0.50813,0.45412,0.4358,0.40193,0.37172,0.35432,0.36348,0.36988,0.36439,0.34516,0.35157,0.32685,0.33509,0.30122,0.28748,0.2591,0.24262,0.26185,0.27284,0.22706,0.28382,0.32777,0.3415,0.37904,0.35524,0.31404,0.36439,0.34516,0.3708,0.33143,0.30305,0.27558,0.29389,0.28016,0.2884,0.25636,0.25178,0.23988,0.24537,0.27192,0.32594,0.3003,0.29115,0.32777,0.33967,0.28108,0.30854,0.42299,0.40651,0.37812,0.31037,0.39003,0.36073,0.36164,0.3177,1.1499,2.4583,4.1713,4.7316
3.6531,3.0982,5.2672,4.5695,5.063,2.9948,3.2044,2.1754,1.0144,0.10804,-0.41292,-1.9337,0.34883,0.21241,0.17304,0.22523,0.32136,0.79287,0.51912,0.58504,0.889,0.85604,1.0941,1.8018,2.3475,2.537,1.843,1.7579,1.9803,1.7743,1.7982,1.811,1.8577,1.1097,1.1747,2.6753,0.41108,0.39369,0.36714,0.33876,0.36348,0.35615,0.36256,0.3708,0.37812,0.36439,0.40468,0.44404,0.44496,0.43855,0.41566,0.41932,0.42207,0.40559,0.3882,0.37538,0.36988,0.36622,0.37355,0.36256,0.34974,0.33326,0.33692,0.29572,0.27284,0.22706
0.2234,0.21149,0.17853,0.17396,0.21332,0.22614,0.21149,0.22889,0.26368,0.26826,0.26917,0.22889,0.24171,0.26093,0.2472,0.18128,0.12726,0.21424,0.28565,0.24628,0.14191,0.11719,0.044862,0.0027467,0.022889,-0.13184,3.0515,5.4897,5.8577,5.0209,2.3365,1.5262,2.6286,3.8169,2.6295,1.2186,0.22065,0.22431,0.16755,0.11444,0.068667,0.036622,-0.09064,-0.056764,-0.097964,-0.11719,-0.065004,-0.028382,-0.01648,0.0054933,0.0064089,0.061342,0.1117,0.09888,0.067751,0.081484,0.10529,0.070498,-0.056764,-0.034791,-0.032044,-0.078738,-0.079653,-0.10346,-0.12635,-0.068667
-0.1236,-0.18128,-0.13092,-0.12909,-0.13367,-0.16572,-0.1886,-0.18769,-0.19959,-0.1355,-0.13916,-0.21058,-0.22797,-0.14924,-0.11353,-0.22065,-0.40284,-0.34333,-0.093387,0.048524,-0.068667,0.025636,0.20142,0.21973,0.20508,0.28565,1.2635,1.4658,2.1589,2.3914,2.9206,4.6254,1.8714,1.399,2.1909,4.3416,-0.081484,-0.10254,-0.040284,-0.0091556,0.060427,0.13276,0.18311,0.19227,0.23988,0.28291,0.27924,0.29664,0.31312,0.33235,0.33418,0.29664,0.28657,0.2591,0.25452,0.2765,0.28291,0.22614,0.19501,0.17212,0.14008,0.17487,0.14283,0.12635,0.10529,0.062258
0.047609,0.050356,0.034791,0.017396,0.011902,0.029298,-0.0054933,0.0073244,-0.037538,-0.050356,-0.066836,-0.063173,-0.065004,-0.034791,-0.0045778,-0.061342,0.030213,0.084231,0.10163,0.097964,0.083316,0.10529,0.0824,0.020142,0.056764,0.0018311,-0.021058,-0.050356,2.2422,3.3729,7.4993,3.8096,3.5093,0.90548,2.3548,2.1653,0.90274,0.84048,0.83407,0.82675,0.8652,0.76357,0.69491,0.69948,0.48158,0.28565,0.18586,0.34608,0.22431,0.18403,0.22797,0.085147,0.10437,0.13367,0.16388,0.1474,0.11902,0.15381,0.22156,0.23347,0.3296,0.43672,0.45778,0.52461,0.5356,0.48799
0.52919,0.6061,0.62349,0.64364,0.65828,0.63448,0.66744,0.67476,0.66012,0.64913,0.59877,0.56764,0.51729,0.56581,0.63265,0.60335,0.65096,0.58138,0.53011,0.50264,0.45045,0.35798,0.29939,0.37446,0.16663,0.17029,0.39186,0.57131,0.35249,0.29389,0.052187,0.028382,0.22706,1.182,3.0396,11.908,0.63631,0.72878,0.76815,0.71139,0.57405,0.46968,0.3589,0.31404,0.2646,0.20234,0.10163,-0.018311,-0.058596,-0.081484,-0.0412,-0.000916,-0.026551,0.0091556,0.018311,-0.019227,-0.11444,-0.0045778,0.060427,0.14832,0.22156,0.31587,0.40468,0.3882,0.42756,0.50081
0.50081,0.54384,0.53468,0.5356,0.5887,0.50081,0.477,0.48799,0.44313,0.46602,0.44771,0.42207,0.42756,0.3415,0.27833,0.28291,0.34516,0.38453,0.35249,0.48341,0.45686,0.50081,0.57497,0.52553,0.31404,0.021973,0.025636,-0.066836,1.073,4.0669,6.3814,5.9749,1.8375,0.618,5.3157,1.8302,0.3534,0.35066,0.33418,0.3177,0.31587,0.28382,0.2591,0.23896,0.23804,0.19501,0.18311,0.17945,0.16114,0.15748,0.14466,0.14283,0.1529,0.14466,0.11811,0.095218,0.10712,0.10071,0.091556,0.058596,0.060427,0.080569,0.02472,0.032044,0.046693,0.063173
0.059511,0.05768,0.033876,0.029298,0.051271,0.056764,0.084231,0.081484,0.097964,0.15473,0.1355,0.12726,0.19227,0.21607,0.27375,0.30305,0.33418,0.33418,0.37538,0.25636,0.35707,0.23438,0.16297,0.19959,0.27467,0.0018311,-0.012818,1.0419,3.1889,6.9161,2.7403,3.3729,6.484,1.0703,-5.356,2.711,0.42207,0.41383,0.40742,0.40651,0.40284,0.41566,0.3708,0.35432,0.34242,0.28565,0.26368,0.24812,0.27833,0.29206,0.27741,0.28016,0.28291,0.27924,0.271,0.28291,0.25086,0.25178,0.27467,0.2298,0.22523,0.23347,0.22614,0.2179,0.23896,0.20234
0.206,0.20051,0.20783,0.21607,0.25086,0.23621,0.21607,0.21882,0.25178,0.27467,0.24171,0.23988,0.24079,0.26093,0.26643,0.24995,0.25636,0.23988,0.21607,0.23988,0.1886,0.14283,0.22706,0.27284,0.27009,0.31037,-0.19776,0.087893,0.40925,9.2462,7.7676,1.5409,1.8824,5.3798,3.0982,2.45,0.18586,0.2234,0.23804,0.26734,0.2353,0.23438,0.25361,0.32594,0.29206,0.26276,0.26276,0.3003,0.28199,0.31587,0.33052,0.28291,0.25178,0.20875,0.17121,0.14832,0.11353,0.083316,0.039369,0.054933,0.020142,0.038453,0.045778,0.047609,0.067751,0.10254
0.16114,0.24079,0.28016,0.29115,0.38453,0.41017,0.37629,0.38728,0.4532,0.48067,0.4944,0.45137,0.49257,0.55116,0.62899,0.68667,0.7654,0.78188,0.87069,0.86703,0.92929,0.99155,1.0941,1.1728,1.2021,1.3779,1.5656,1.2278,1.3779,1.995,2.711,2.8162,2.0307,2.1873,2.6606,0.15931,0.13916,0.11719,0.087893,0.07416,0.043947,0.015564,0.022889,-0.000916,-0.0045778,-0.030213,-0.027467,-0.036622,-0.020142,-0.034791,-0.018311,0.014649,0.0054933,-0.027467,-0.025636,-0.039369,-0.02472,-0.064089,-0.056764,-0.072329,-0.079653,-0.068667,-0.15107,-0.13367,-0.16388,-0.21241
-0.067751,-0.12726,-0.086062,-0.081484,-0.1355,-0.063173,0.036622,0.09888,0.14191,0.18952,0.37629,0.37446,0.31312,0.41475,0.57497,0.49898,0.52187,0.80477,0.73611,0.79379,0.78555,0.8359,0.76266,0.6006,0.78738,0.61708,0.67019,0.7178,0.66012,0.59328,0.5237,1.0886,1.8375,1.3312,0.91006,-0.00824,-0.07416,-0.078738,-0.12635,-0.15473,-0.11811,-0.1648,-0.17945,-0.21973,-0.27467,-0.28382,-0.29847,-0.30488,-0.30396,-0.35707,-0.37629,-0.36531,-0.38636,-0.35157,-0.34242,-0.33052,-0.30854,-0.29664,-0.29389,-0.20966,-0.21699,-0.10712,-0.080569,-0.13276,-0.077822,-0.084231
-0.058596,0.013733,0.11444,0.037538,0.012818,0.0027467,-0.039369,0.0064089,-0.0027467,-0.045778,0.07416,0.14374,0.23988,0.27741,0.42482,0.31861,0.1236,0.16938,0.1355,0.030213,0.07416,0.081484,0.02472,0.097049,0.24812,0.50722,0.61251,0.50722,0.75808,0.9238,1.6947,2.1122,1.2726,1.7624,-0.7828,-0.075076,-0.078738,-0.052187,0.023804,0.027467,0.023804,-0.042116,-0.050356,-0.094302,-0.14557,-0.12818,-0.15198,-0.18128,-0.19959,-0.206,-0.21607,-0.2234,-0.271,-0.28199,-0.271,-0.24903,-0.27741,-0.24903,-0.25544,-0.26917,-0.25819,-0.22431,-0.23804,-0.20875,-0.16388,-0.18403
-0.12635,-0.11078,-0.13459,-0.053102,-0.06592,-0.091556,-0.077822,-0.03296,-0.0018311,-0.038453,0.0045778,-0.0036622,-0.0412,-0.061342,-0.047609,0.042116,0.099796,0.078738,0.17304,0.12909,0.2884,0.42116,0.32502,0.42299,0.53652,0.66836,0.68941,0.78463,0.59786,0.90182,1.4969,1.3852,0.84506,-0.18677,0.8359,-0.33876,-0.33601,-0.36897,-0.35524,-0.31037,-0.22248,-0.22706,-0.22706,-0.22797,-0.13092,-0.14832,-0.14008,-0.13276,0.000916,0.1117,0.12085,0.025636,-0.0054933,0.02472,0.096133,0.15198,0.10804,0.13459,0.1529,0.20325,0.10071,0.080569,0.14924,0.18677,0.13001,0.21149
0.3296,0.5182,0.50905,0.58596,0.76907,0.89175,0.9357,1.0053,0.82858,1.1454,1.6526,1.6251,1.2644,1.8613,1.1966,-0.40559,0.21516,0.60976,-0.28748,1.3797,1.5574,0.33143,-0.36622,0.6061,0.87527,0.71596,0.86978,0.90457,0.61708,0.40651,0.77456,1.0373,1.117,1.4951,2.7366,-0.37996,-0.38911,-0.38728,-0.35157,-0.32502,-0.32228,-0.40834,-0.39918,-0.38636,-0.33235,-0.40284,-0.32868,-0.32228,-0.31312,-0.31129,-0.23804,-0.24903,-0.25269,-0.24812,-0.24079,-0.19227,-0.18952,-0.23438,-0.21516,-0.23347,-0.22797,-0.28382,-0.27284,-0.3058,-0.27833,-0.32319
-0.29572,-0.27924,-0.25819,-0.25361,-0.25178,-0.24262,-0.17029,-0.16846,-0.16114,-0.1529,-0.077822,-0.085147,-0.035707,-0.032044,-0.15931,0.040284,0.4944,0.46327,0.18311,0.30213,0.18403,0.16755,0.13367,0.034791,0.079653,0.26551,0.36256,0.088809,0.68758,1.5931,1.4878,0.64821,0.25452,0.75167,0.13459,-0.028382,-0.042116,-0.094302,-0.13916,-0.1236,-0.16205,-0.17396,-0.17487,-0.14924,-0.18586,-0.1648,-0.18769,-0.16388,-0.20234,-0.20325,-0.22248,-0.20783,-0.26734,-0.23713,-0.27009,-0.271,-0.28199,-0.23621,-0.24628,-0.24079,-0.23621,-0.24537,-0.23896,-0.25086,-0.18952,-0.18952
-0.22065,-0.17487,-0.14649,-0.058596,0.0064089,0.021058,0.060427,0.025636,-0.0064089,0.052187,0.15656,0.12543,0.070498,-0.052187,-0.042116,-0.088809,-0.14008,-0.12452,0.077822,0.39003,0.47151,0.71596,1.0382,1.2818,1.7624,2.7741,3.3381,3.6091,4.1621,3.8581,2.9353,2.7219,2.1223,2.1113,1.757,0.13001,0.12452,0.042116,0.052187,0.062258,0.030213,0.086062,0.077822,0.087893,0.048524,0.01648,-0.0045778,-0.054933,-0.072329,-0.11994,-0.13459,-0.17029,-0.1822,-0.206,-0.2234,-0.29572,-0.31037,-0.36348,-0.3415,-0.37812,-0.3882,-0.39644,-0.36714,-0.40559,-0.40559,-0.41383
-0.40651,-0.40742,-0.39369,-0.36988,-0.32044,-0.31037,-0.3296,-0.30854,-0.22431,-0.17121,-0.13367,-0.067751,-0.073244,0.053102,0.19135,0.24628,0.25544,0.28657,0.50722,0.56032,0.68941,0.82858,0.80477,0.89816,1.2369,1.3651,1.8192,2.0096,2.32,2.4207,2.2568,0.92654,1.5226,-1.3221,-1.7185,0.31861,0.32136,0.31587,0.34242,0.35524,0.35157,0.34333,0.3296,0.34242,0.33784,0.3589,0.37172,0.37721,0.37355,0.39186,0.38453,0.38911,0.3827,0.35981,0.36988,0.34516,0.33235,0.33143,0.32685,0.33692,0.35615,0.32502,0.29939,0.30763,0.33509,0.34059
0.33692,0.37355,0.36897,0.42024,0.50905,0.60976,0.59053,0.61617,0.6592,0.64455,0.69033,0.78005,0.80111,0.76266,0.75167,0.80294,0.88717,0.90182,0.86428,0.91098,1.0199,0.98514,1.1435,1.2809,1.2809,1.6086,1.6132,1.5317,1.8604,1.8595,2.2358,2.3255,2.0344,1.5235,2.0627,0.44954,0.4532,0.41566,0.41932,0.42207,0.42207,0.42299,0.44679,0.4294,0.42482,0.40925,0.3946,0.39644,0.41658,0.40559,0.40376,0.40834,0.41749,0.42665,0.41566,0.44588,0.4532,0.43031,0.46236,0.45503,0.42756,0.42573,0.45595,0.49623,0.50264,0.51363
0.54384,0.57405,0.54292,0.51363,0.48799,0.47884,0.50447,0.51912,0.48524,0.56032,0.59236,0.67385,0.71963,0.81301,0.77364,0.87069,0.93753,1.084,1.1106,1.0941,1.008,0.9714,1.0474,1.1115,1.2827,1.3413,1.4759,1.7487,2.2568,2.0609,1.6691,1.3926,1.9044,1.5528,0.81484,0.77822,0.75533,0.74252,0.76174,0.76632,0.79104,0.78555,0.78372,0.81393,0.82492,0.81576,0.81027,0.81484,0.82949,0.82766,0.8121,0.8002,0.78097,0.80111,0.78646,0.76449,0.81301,0.85421,0.86795,0.83682,0.83316,0.85147,0.88626,0.86978,0.86062,0.89999
0.93112,0.95126,0.93387,0.93295,0.92288,0.95035,1.0144,1.0263,1.008,1.0117,1.0034,1.0208,1.0218,1.0858,1.1289,1.0987,1.052,1.0492,1.0199,1.0099,0.98148,0.84964,0.74801,0.6354,0.5237,0.36073,0.3534,0.22431,0.25636,0.013733,0.46327,2.4491,3.3821,4.5769,3.8902,0.46968,0.46693,0.46327,0.45045,0.46693,0.46236,0.45503,0.45045,0.44404,0.43947,0.42024,0.42756,0.4239,0.43306,0.43397,0.42024,0.44313,0.44221,0.44313,0.44404,0.44679,0.45869,0.44679,0.45045,0.47517,0.49532,0.49348,0.48799,0.50081,0.49989,0.4944
0.50447,0.52919,0.54567,0.54567,0.53743,0.54018,0.53743,0.5356,0.5356,0.53011,0.5118,0.52095,0.51088,0.50447,0.51912,0.5356,0.54292,0.61068,0.61892,0.70864,0.79836,0.74618,0.78921,0.81027,0.76357,0.82217,1.0089,0.93661,0.95492,0.83407,0.77914,1.0511,1.6379,3.1733,7.6229,1.5061,1.4676,1.2076,1.3834,2.3374,1.3862,1.2232,1.3724,1.7158,1.3569,2.0646,1.9767,2.0838,2.3237,1.8934,2.0499,2.8135,2.7018,2.1506,1.626,1.6269,1.5683,1.4686,1.9382,1.9602,1.4539,1.7487,1.8018,1.9932,2.0463,2.0334
1.6233,2.3127,1.865,1.7148,2.0728,1.4814,2.6716,2.3109,0.99521,0.37446,-0.05768,-0.12726,0.32411,0.29115,0.6473,0.87344,1.019,1.2159,1.485,1.8677,1.7624,1.8622,2.1561,2.3145,2.5507,2.5288,2.342,2.1003,1.6553,1.3074,1.204,1.0501,0.38728,-2.0875,2.9087,0.63814,0.65737,0.66378,0.58962,0.56124,0.52736,0.51088,0.46876,0.4001,0.40559,0.42848,0.3827,0.39644,0.38179,0.40101,0.39918,0.40742,0.42482,0.44862,0.48341,0.45595,0.44679,0.46968,0.47334,0.44221,0.45686,0.45595,0.48341,0.50264,0.5182,0.4825
0.50447,0.52004,0.52187,0.51363,0.52095,0.57497,0.57497,0.54292,0.52278,0.5594,0.54476,0.56673,0.57222,0.51729,0.618,0.59603,0.57405,0.63997,0.74984,0.88534,0.81668,0.78097,0.75442,0.83407,0.78097,0.48616,0.40468,0.618,0.84231,1.0694,1.3404,2.6286,4.0065,5.7469,12.557,6.7833,6.2047,0.4651,2.2559,0.34242,0.95492,0.41566,-0.28016,-0.67019,-0.59511,0.0091556,0.4944,0.5237,0.36073,0.39827,0.49623,0.86612,1.2726,1.9291,0.075991,0.081484,0.076907,0.070498,0.11444,0.10712,0.13092,0.15473,0.16114,0.15748,0.16663,0.1648
0.17762,0.16572,0.17304,0.15015,0.1117,0.10437,0.10071,0.1062,0.1117,0.088809,0.068667,0.069582,0.11078,0.10895,0.075076,0.11353,0.11261,0.085147,0.096133,0.088809,0.09064,0.11902,0.16663,0.20417,0.26368,0.24812,0.23804,0.2765,0.32594,0.41475,0.40834,0.4532,0.48616,0.56856,0.6473,0.67385,0.64638,0.61525,0.64913,0.70315,0.73794,0.72695,0.58412,0.65828,0.48067,0.62624,0.65279,1.1692,0.99155,1.973,4.088,12.142,11.238,9.6051,0.49165,0.53194,0.54659,0.56215,0.54842,0.60976,0.5649,0.54292,0.57222,0.60244,0.57863,0.57131
0.60884,0.60152,0.58046,0.57955,0.62899,0.58321,0.60701,0.61525,0.60884,0.618,0.65645,0.66927,0.7416,0.72787,0.72146,0.65096,0.64455,0.7535,0.65737,0.66469,0.69582,0.71963,0.62258,0.68575,0.4239,-0.0036622,0.076907,0.9064,2.2166,3.7281,4.6867,5.4933,4.9513,4.2006,1.8741,1.008,1.0282,2.3557,1.0968,-0.4706,-0.83132,-0.86703,-0.47517,-0.13092,-0.040284,-0.01648,-0.037538,-0.00824,0.30854,0.2765,0.16938,0.49715,1.2076,2.5379,0.3122,0.31129,0.29206,0.29206,0.26643,0.26276,0.22889,0.23164,0.25544,0.25727,0.23713,0.2472
0.26093,0.21882,0.23804,0.29023,0.28199,0.25544,0.24354,0.24995,0.26734,0.28199,0.29847,0.30122,0.37538,0.412,0.48067,0.64272,0.70223,0.75533,0.79379,0.78005,0.88076,1.1518,1.1545,1.1426,1.1234,2.9032,8.1384,7.828,1.6123,6.5371,7.4416,5.4302,0.9769,3.3317,1.333,1.8677,0.70223,0.97964,-0.78372,-0.94852,-0.044862,0.16205,0.23164,0.54201,0.32228,0.39186,0.28199,0.21058,0.28748,0.56856,0.96042,0.87893,1.0007,2.309,0.063173,0.048524,0.066836,0.0824,0.06592,0.085147,0.10163,0.11536,0.141,0.14283,0.17396,0.19135
0.20508,0.22797,0.25819,0.26002,0.28932,0.2884,0.29389,0.28565,0.30671,0.29572,0.30213,0.36531,0.37172,0.45503,0.50264,0.52644,0.57314,0.65279,0.67751,0.63082,0.66927,0.73336,0.65645,0.7416,0.67751,1.0767,1.2772,1.6846,2.0728,8.9853,7.1633,5.4054,5.454,5.399,3.2456,2.2926,1.6224,1.127,-0.30854,0.012818,0.29572,0.3058,0.889,0.68209,0.46693,0.56581,0.56215,0.46602,0.62532,0.80844,0.91006,1.409,2.2962,2.8913,0.26002,0.23164,0.21149,0.25636,0.27467,0.3003,0.35615,0.36348,0.39369,0.35249,0.29572,0.23072
0.19868,0.18311,0.16205,0.13825,0.076907,0.065004,0.045778,0.043947,0.048524,0.068667,0.11902,0.15198,0.17762,0.15748,0.15839,0.20508,0.21149,0.1941,0.20783,0.20966,0.21058,0.20783,0.21607,0.19044,0.1767,0.24354,0.26826,0.27741,0.28748,0.37812,0.38636,0.48433,0.59969,0.37904,0.27192,0.28016,0.38453,0.25636,0.27833,0.31129,0.38453,0.32319,0.25361,0.40559,0.57863,0.74068,0.82583,0.95676,3.1431,8.1082,6.429,6.624,6.429,3.9158,0.13001,0.070498,0.0073244,-0.01648,-0.036622,-0.055849,0.01648,0.028382,0.060427,0.093387,0.039369,-0.0073244
0.0027467,0.0064089,-0.038453,-0.037538,-0.020142,-0.060427,-0.0018311,0.040284,0.034791,0.053102,-0.017396,-0.04944,0.030213,0.014649,-0.099796,-0.096133,-0.040284,-0.03296,-0.033876,-0.048524,-0.029298,-0.046693,-0.043031,-0.052187,0.043031,0.035707,0.062258,0.033876,0.042116,0.10254,0.083316,0.099796,0.10163,0.12085,0.36531,0.28932,0.22523,0.60244,0.81118,0.85971,0.70589,0.69216,0.87802,1.117,1.3651,1.5271,1.5381,2.1067,2.7009,3.6549,4.9019,5.226,5.9529,6.7376,0.13825,0.18403,0.13367,0.043031,0.077822,0.10987,0.11261,0.11719,0.13276,0.15107,0.16022,0.13184
0.13733,0.13459,0.11811,0.10163,0.10712,0.091556,0.12177,0.13001,0.10529,0.14008,0.13276,0.12726,0.14283,0.16297,0.18403,0.17487,0.15015,0.16022,0.17579,0.17945,0.17212,0.1648,0.21424,0.21607,0.25086,0.26643,0.32044,0.34516,0.3589,0.43397,0.50081,0.49989,0.53011,0.48982,0.47243,0.50172,0.59328,0.6418,0.61892,0.55483,0.63082,0.50905,0.31495,0.2765,0.47884,0.84323,0.97598,1.2452,2.9792,8.0697,-4.2537,11.077,15.564,-4.2271,0.27192,0.33143,0.3827,0.41658,0.50081,0.4944,0.5594,0.5649,0.54659,0.52919,0.54384,0.57588
0.62624,0.58779,0.59053,0.57131,0.54384,0.52461,0.49348,0.49348,0.4532,0.4413,0.41292,0.41566,0.40468,0.38728,0.38179,0.36164,0.35432,0.33876,0.33692,0.31953,0.28748,0.28565,0.28474,0.26276,0.26551,0.28748,0.28016,0.2646,0.26917,0.27467,0.31678,0.32685,0.37446,0.40651,0.40376,0.35798,0.37721,0.3534,0.43855,0.50722,0.49348,0.51271,0.5356,0.65188,0.63631,0.86245,0.84231,0.92654,1.1673,1.4759,1.8641,2.1314,4.6941,6.7138,1.0968,1.1078,1.1921,1.0721,1.2012,1.1875,1.2369,1.203,1.0904,0.96866,1.0685,1.1655
1.0877,1.0007,0.86337,0.87252,0.88809,0.96316,0.88717,0.82858,0.86428,0.81759,0.89175,0.79379,0.81301,0.88443,0.93478,1.0566,1.0584,1.0236,0.99338,1.0648,1.0254,0.82308,1.0227,1.2891,1.2983,1.3431,1.3102,1.2836,1.2873,1.2415,1.3477,1.2442,1.269,1.1994,1.1362,1.1829,1.1609,0.94577,1.1289,1.2928,0.92196,0.91739,0.76907,0.43672,0.44588,0.73061,0.59877,0.75808,1.0401,0.8002,0.15381,0.56764,-1.7167,4.7783,0.6354,0.6418,0.63173,0.61983,0.6061,0.60793,0.60976,0.61892,0.6061,0.61159,0.61617,0.61617
0.61892,0.61708,0.62075,0.6006,0.53835,0.50722,0.54018,0.56948,0.62899,0.63631,0.64089,0.63448,0.62075,-0.20692,0.71322,-0.50996,1.1408,-0.76083,0.76724,0.62624,0.13092,0.79836,-0.20417,0.66469,0.48067,-0.40559,0.81393,0.33876,0.12726,0.15198,-0.042116,0.62258,0.1886,0.33601,0.63631,0.59053,0.61617,0.73794,0.70772,0.58138,0.53835,0.553,0.65279,0.683,0.64821,1.1325,1.8119,0.78372,-0.67293,-1.1939,-1.4438,-1.3157,-0.78005,0.18403,1.0327,2.2193,-3.1642,-2.1964,1.1856,1.225,1.2918,1.0648,1.2699,1.1664,0.69948,0.53377
0.49165,0.43947,0.7242,0.75167,0.61342,0.52461,0.47792,0.55391,0.53102,0.54018,0.59053,0.67843,0.70315,0.85238,0.63723,0.46602,0.5356,0.72146,0.54109,0.54476,-1.345,-1.2946,-1.2094,-1.1655,-1.1966,-1.1728,-1.2461,-1.2745,-1.3294,-1.3742,-1.3871,-1.3852,-1.3468,-1.3312,-1.4475,-1.3953,-1.2809,-1.1737,-1.0337,-1.041,-0.84872,-0.71596,-0.65645,-0.59328,-0.48158,-0.38179,-0.28932,-0.39644,-0.86886,-1.4896,-2.4042,-3.5789,-4.174,-1.1994,-1.2516,-1.2781,-1.2937,-1.3157,-1.2873,-1.1985,-1.1087,-1.2122,-1.2186,-1.2195,-1.1893,-1.193
-1.2763,-1.323,-1.3898,-1.4246,-1.4081,-1.5363,-1.6352,-1.5839,-1.3358,-1.236,-1.3376,-1.4512,-1.4191,-1.3486,-1.3239,-1.3944,-1.5455,-1.6086,-1.5802,-1.4841,-1.3761,-1.1875,-1.2561,-1.2333,-1.063,-0.76632,-1.073,-1.041,-0.63356,-0.5237,-0.72329,-1.1591,-1.7112,-2.8162,-3.9259,-3.784,-3.0332,-2.6048,-1.8613,-0.88443,-0.11811,0.50356,1.0291,1.1838,1.2525,1.2305,1.1353,1.03,1.1426,1.0703,0.7416,-0.050356,0.089724,-0.12268,0.052187,0.026551,-0.24079,-0.44221,-0.56856,-0.5594,-0.64089,-0.93295,-1.1499,-1.2131,-1.2461,-1.4081
-1.5088,-1.464,-1.3559,-1.2708,-1.2195,-1.2726,-1.3825,-1.4438,-1.5738,-1.7716,-1.7936,-1.7002,-1.5445,-1.4484,-1.247,-1.1142,-1.1518,-1.2232,-1.1737,-0.96042,-0.88992,-1.0227,-1.2497,-1.5748,-1.9822,-2.19,-2.1406,-1.951,-1.7716,-1.6828,-1.7277,-1.8165,-1.8659,-1.9419,-2.0261,-2.0344,-1.8522,-1.7689,-1.8101,-1.7798,-1.6626,-1.5226,-1.4374,-1.2955,-1.1628,-1.0575,-1.0602,-0.68941,-0.71139,-0.54567,-0.79928,-1.7121,-6.2706,-1.1225,-1.1847,-1.3056,-1.3038,-1.2149,-1.0923,-1.1673,-1.2497,-1.301,-1.3431,-1.2726,-1.4017,-1.724
-1.8732,-1.6059,-1.5986,-1.7542,-1.8119,-1.5427,-1.4466,-1.3221,-1.3111,-1.1142,-1.03,-0.95492,-0.92013,-0.9888,-0.82492,-0.8002,-0.88717,-0.98331,-0.7535,-0.5118,-0.44954,-0.61068,-0.74526,-0.4706,-0.80569,-0.86978,-0.74709,-0.64364,-0.61434,-0.69582,-0.72604,-0.96774,-1.1179,-1.4924,-1.7991,-2.3786,-3.3995,-4.1374,-3.3418,-1.084,0.033876,0.53102,1.0556,1.2021,1.1573,1.0666,0.96866,0.93387,0.90091,0.98422,0.91098,1.1646,0.94028,-0.7828,-0.81027,-0.88992,-0.99155,-1.0401,-1.0694,-1.0575,-1.0575,-1.0382,-1.0456,-1.0446,-1.0456,-1.0309
-0.99887,-0.93387,-0.89541,-0.85971,-0.81851,-0.80386,-0.80569,-0.81668,-0.87252,-0.91372,-0.96408,-0.99155,-0.97598,-0.965,-0.95584,-0.96316,-0.98056,-1.0099,-1.063,-1.0868,-1.1179,-1.1554,-1.1747,-1.1838,-1.1856,-1.1554,-1.1353,-1.1261,-1.1023,-1.0556,-1.0364,-1.0593,-1.2387,-1.3752,-1.496,-1.453,-1.4841,-1.5729,-1.6196,-1.6031,-1.6251,-1.6086,-1.475,-1.3413,-1.1454,-1.1747,-1.2021,-1.128,-1.1307,-1.106,-1.2955,-4.1209,-4.8314,-1.0309,-1.0291,-1.0419,-1.0968,-1.1911,-1.2195,-1.2049,-1.1939,-1.2323,-1.3047,-1.2918,-1.2799,-1.2717
-1.3495,-1.334,-1.3395,-1.3623,-1.3349,-1.3321,-1.3816,-1.4164,-1.3404,-1.3358,-1.5116,-1.5418,-1.5226,-1.5116,-1.6233,-1.887,-1.93,-1.8274,-1.8339,-1.8403,-1.7551,-1.5189,-1.605,-1.4942,-1.3825,-1.1188,-0.9888,-1.041,-1.0566,-1.0218,-1.1325,-1.3257,-1.6855,-1.9428,-2.1809,-2.3191,-2.2239,-2.0801,-1.8769,-1.5729,-1.2864,-1.0767,-0.95767,-0.73885,-0.59511,-0.45503,-0.12543,0.067751,-0.02472,-0.19684,-0.045778,0.3122,0.21149,-0.7654,-0.75533,-0.76357,-0.74435,-0.69582,-0.64455,-0.6299,-0.63906,-0.63448,-0.56581,-0.53743,-0.55666,-0.54659
-0.49989,-0.4825,-0.477,-0.44221,-0.44221,-0.42848,-0.43031,-0.42848,-0.35066,-0.30946,-0.26185,-0.25636,-0.2884,-0.31495,-0.39918,-0.3177,-0.16572,-0.17212,-0.22706,-0.1474,-0.010987,0.051271,0.0018311,-0.071413,0.07416,0.31404,0.36256,0.25544,0.53743,0.8414,0.59053,0.477,0.48708,0.22614,-0.19501,-0.13459,-0.5594,-0.69582,-0.32228,0.12268,0.27192,0.3058,0.5237,-1.1948,-2.9005,-0.38728,0.70772,-2.1946,-0.3882,-0.17853,-2.5205,-3.6787,-4.2152,-0.54659,-0.54384,-0.52919,-0.53377,-0.52736,-0.5237,-0.50905,-0.47792,-0.45595,-0.4413,-0.43397,-0.39918,-0.33876
-0.28199,-0.24079,-0.20234,-0.13459,-0.077822,-0.053102,-0.062258,-0.075076,-0.10163,-0.13825,-0.15656,-0.1648,-0.17396,-0.17212,-0.13916,-0.0824,-0.010071,0.026551,0.11444,0.18128,0.16663,0.26826,0.45869,0.50172,0.41932,0.68667,0.84048,0.99612,0.19227,-0.17487,0.16755,0.44496,0.45778,0.59236,0.52736,0.55757,0.65371,0.31587,-0.18952,-0.67843,-1.2717,-1.3999,-1.5702,-1.0309,0.11719,0.097049,-1.1563,-0.93661,-4.0486,0.84231,-1.1252,-1.9739,-0.59145,-0.6473,-0.60976,-0.58412,-0.57772,-0.56124,-0.55483,-0.54476,-0.52461,-0.50539,-0.52278,-0.49348,-0.46327,-0.45228
-0.43947,-0.38453,-0.30854,-0.30488,-0.28108,-0.20875,-0.12543,-0.10437,-0.12452,-0.097049,-0.10254,-0.084231,-0.13184,-0.15473,-0.14008,-0.097049,-0.099796,-0.069582,-0.091556,-0.062258,-0.10895,0.014649,0.026551,-0.034791,-0.1941,-0.029298,0.12543,0.15564,-0.046693,0.1117,0.46236,0.74252,0.63082,0.67934,0.89816,0.67202,0.35981,0.44496,0.57314,0.54018,0.068667,-0.12635,-1.6828,-2.9041,-3.9067,-0.76998,-1.2314,-1.4933,-2.9389,-0.77181,-0.5942,-0.95859,-1.7872,-0.82949,-0.8414,-0.86795,-0.84872,-0.79928,-0.75442,-0.66561,-0.63356,-0.63356,-0.66652,-0.64272,-0.65188,-0.65645
-0.66744,-0.67568,-0.67751,-0.65554,-0.68026,-0.74343,-0.77548,-0.87985,-0.97964,-1.1188,-1.2333,-1.2268,-1.1536,-1.2113,-1.3605,-1.442,-1.355,-1.3047,-1.5107,-1.5592,-1.4997,-1.3056,-1.3669,-1.4447,-1.4255,-1.2378,-1.1335,-1.2717,-1.3596,-1.1481,-1.0968,-1.2836,-1.4502,-1.3468,-1.2113,-1.3166,-1.3999,-1.2946,-0.97598,-0.63814,-0.5475,-0.61342,-0.52187,-0.32594,-0.23438,0.17579,0.57222,0.35157,1.2094,-3.8389,-2.7824,-1.7963,-2.8904,-0.59511,-0.61342,-0.61159,-0.61892,-0.63082,-0.62258,-0.61983,-0.61068,-0.59694,-0.60335,-0.6061,-0.60701,-0.60518
-0.60335,-0.6354,-0.63997,-0.65188,-0.66744,-0.68941,-0.71963,-0.70772,-0.69033,-0.7297,-0.7654,-0.77822,-0.78463,-0.80477,-0.8771,-0.97781,-1.0437,-1.106,-1.1985,-1.3779,-1.5226,-1.5967,-1.5848,-1.659,-1.68,-1.5949,-1.6471,-1.6984,-1.6617,-1.6114,-1.4759,-1.4209,-1.3422,-1.2195,-1.2571,-1.3715,-1.1911,-0.99612,-1.062,-1.0263,-0.88992,-0.89541,-0.71139,-0.1767,-0.206,-0.36805,0.13276,-0.029298,-0.90548,-0.52187,0.48158,-0.80569,-9.6463,-0.57131,-0.58046,-0.61983,-0.70223,-0.76815,-0.82858,-0.78463,-0.81027,-0.86612,-0.85879,-0.9302,-0.95035,-0.95767
-0.90823,-0.89908,-0.91739,-0.97964,-1.0163,-1.041,-1.0968,-1.258,-1.2809,-1.2012,-1.2387,-1.4924,-1.5683,-1.6416,-1.6617,-1.551,-1.5299,-1.4686,-1.4612,-1.5931,-1.8357,-1.7148,-1.55,-1.5537,-1.6764,-1.7423,-1.5207,-1.3706,-1.2662,-1.2461,-1.1737,-1.0016,-0.8066,-0.5594,-0.46236,-0.4001,-0.38728,-0.18677,-0.12543,-0.58687,-0.95676,-1.2012,-1.2296,-1.1426,-1.193,-1.2973,-1.8421,-1.0703,-0.18494,1.052,-3.2997,-5.1344,-21.2,-1.843,-1.8934,-1.897,-1.908,-1.8119,-1.9126,-1.9025,-1.8998,-1.8842,-1.811,-1.8467,-1.865,-1.8577
-1.8165,-1.7808,-1.8146,-1.7844,-1.7808,-1.7789,-1.713,-1.659,-1.6013,-1.5445,-1.55,-1.5088,-1.5125,-1.4576,-1.388,-1.355,-1.4127,-1.4274,-1.4127,-1.453,-1.5519,-1.6837,-1.6214,-1.5098,-1.4576,-1.3962,-1.301,-0.95126,-0.90548,-1.0465,-1.0117,-0.91281,-1.1417,-1.2442,-1.3971,-1.4264,-1.3276,-1.0978,-0.81027,-0.6766,-0.63265,-0.37996,0.13367,0.3003,0.37263,0.01648,-0.7123,-0.76266,-1.4374,0.141,-4.4542,-16.253,-20.623,-1.5244,-1.4686,-1.5766,-1.7862,-1.9575,-1.8485,-1.7908,-1.8943,-1.8421,-1.9282,-2.0399,-1.8659,-1.7826
-1.6086,-1.2287,-0.76998,-0.56581,-0.57405,-0.50539,-0.40742,-1.3001,-0.77548,-1.0373,-1.2973,-1.6443,-1.8274,-1.8686,-1.7322,-1.8082,-1.6782,-1.5839,-1.4667,-1.4237,-1.4942,-1.5308,-1.3038,-1.2781,-1.4603,-1.626,-1.5372,-1.7203,-1.7771,-1.7029,-1.485,-1.2717,-1.2113,-1.0758,-0.98972,-0.77822,-0.72054,-0.84872,-1.182,-1.2799,-1.4731,-1.345,-1.1884,-1.3019,-1.1014,-0.74801,-0.35798,-0.31495,-0.42299,-0.9714,-1.8302,-9.0374,-16.769,-1.6846,-1.5949,-1.5253,-1.4695,-1.4795,-1.5116,-1.5491,-1.5537,-1.5162,-1.4887,-1.4512,-1.4209,-1.3605
-1.2937,-1.1994,-1.1829,-1.1948,-1.2845,-1.3916,-1.518,-1.6343,-1.6938,-1.5638,-1.4585,-1.3688,-1.3294,-1.3688,-1.3495,-1.2644,-1.2159,-1.2085,-1.16,-1.1527,-1.1646,-1.1866,-1.0941,-1.041,-0.99155,-0.92013,-1.0465,-1.0858,-0.90548,-1.1316,-1.3504,-1.1756,-1.0721,-1.0666,-0.78188,-0.35249,0.07416,0.18677,0.24354,0.36256,0.69399,0.73702,0.46602,0.39735,0.3122,0.0027467,-0.44404,-0.17579,-0.30305,-0.57039,-5.1976,-11.084,-18.302,-1.4356,-1.2854,-1.3028,-1.2937,-1.3706,-1.3834,-1.3596,-1.4631,-1.4521,-1.5427,-1.6608,-1.7057,-1.7093
-1.7679,-1.9474,-2.1213,-1.8778,-1.8467,-1.746,-1.6645,-1.5738,-1.5079,-1.6095,-1.5482,-1.4951,-1.4603,-1.5198,-1.5409,-1.5601,-1.5757,-1.5793,-1.518,-1.5107,-1.55,-1.5162,-1.4704,-1.4859,-1.4942,-1.3349,-1.2543,-1.1609,-1.084,-1.0208,-0.99521,-0.96408,-0.85055,-0.8002,-0.71413,-0.57039,-0.40834,-0.4239,-0.41841,-0.53194,-0.21699,-0.15015,-0.048524,-0.012818,0.16846,0.68575,0.9476,0.4532,0.19135,1.214,2.7796,-6.2944,-21.441,-1.3898,-2.1937,-2.2065,-1.8714,-1.2699,-1.7331,-1.8238,-1.5711,-1.5354,-1.5574,-1.5134,-1.7698,-1.7753
-2.2184,-2.6148,-2.44,-2.2404,-1.865,-1.9694,-0.9183,-1.8329,-0.90915,-0.67019,-1.1518,-1.1646,-1.6013,-1.3221,-0.81942,1.0785,-2.8959,-3.6714,-0.618,-1.7505,-4.1914,-1.2067,-1.5116,-2.7705,-0.29298,-1.6132,-2.2257,-1.2973,-1.4274,-1.9922,-1.4164,-1.5912,-1.4493,-1.5152,-2.4308,-2.3301,-2.6267,-1.6663,-1.1966,-1.2461,-1.5537,-1.4356,-1.2186,-1.2607,-1.1692,-0.6354,0.17579,0.37721,0.2298,-0.32777,-0.95492,-1.0877,-8.1155,-1.0758,-1.0913,-1.1023,-1.0776,-1.0785,-1.1142,-1.182,-1.268,-1.3468,-1.2781,-1.2836,-1.4978,-1.5171
-1.4063,-1.2918,-1.3587,-1.4457,-1.4631,-1.3843,-1.42,-1.5482,-1.5299,-1.453,-1.4228,-1.5162,-1.7277,-1.5766,-1.5299,-1.67,-1.615,-1.4585,-1.3971,-1.3981,-1.4319,-1.3623,-1.3843,-1.3385,-1.5271,-1.5162,-1.2094,-1.4301,-1.3129,-1.3468,-1.3669,-1.4594,-1.4154,-1.2973,-1.1243,-1.0685,-1.236,-1.2232,-1.0858,-0.87252,-0.76632,-0.92196,-1.0263,-0.74709,-0.61159,-0.79196,-0.92746,-1.3825,-1.0401,-1.5629,-1.2671,0.2646,-5.9328,-0.61068,-0.74618,-0.965,-1.0099,-1.0346,-1.0575,-1.073,-0.97964,-1.0309,-1.1243,-1.1527,-1.1637,-1.1426
-1.3184,-1.3468,-1.3111,-1.268,-1.2177,-1.1737,-1.1911,-1.1646,-1.1701,-1.1417,-1.204,-1.258,-1.2653,-1.1628,-1.0849,-1.3019,-1.0877,-0.92746,-0.9476,-1.1142,-1.2397,-1.2058,-1.0364,-1.117,-1.2809,-1.3852,-1.1298,-1.41,-1.6718,-1.7386,-1.5281,-1.2983,-1.4429,-1.6242,-1.6974,-1.5748,-1.6407,-1.4283,-1.3111,-1.3523,-1.3431,-1.1509,-0.91739,-0.85788,-0.68209,-0.0018311,0.31495,0.78005,0.30488,-0.31037,-3.0021,-2.3292,-6.896,-1.4502,-1.5134,-1.572,-1.6242,-1.6279,-1.756,-2.028,-1.6535,-1.4887,-1.5876,-1.9117,-1.8339,-1.8082
-1.453,-1.4795,-1.4942,-1.5143,-1.4786,-1.4347,-1.5528,-1.8357,-1.9053,-1.6892,-1.637,-1.8018,-1.7817,-1.3733,-1.3889,-1.7112,-1.756,-1.6379,-1.3083,-1.3706,-2.1076,-1.8064,-1.1133,-1.6013,-1.2589,-1.3871,-1.0025,-1.2424,-1.6498,-1.5702,-1.1545,-1.0254,-2.3429,-1.4347,-0.58321,0.043947,-0.01648,-0.16297,0.17853,-0.62624,-0.10254,-0.85421,-1.1051,-1.0959,-3.4645,-1.4869,-2.3292,-2.5169,-0.92837,-0.93295,-0.38087,-4.9522,-4.8195,-1.0593,-1.0657,-0.93478,-0.91098,-0.97232,-1.0575,-1.0804,-1.0584,-1.1344,-1.1719,-1.1966,-1.236,-1.2387
-1.2351,-1.2699,-1.3962,-1.4374,-1.4475,-1.4631,-1.4988,-1.5555,-1.6306,-1.7396,-1.7643,-1.767,-1.7643,-1.7322,-1.7185,-1.6553,-1.7267,-1.6892,-1.5839,-1.6306,-1.6691,-1.681,-1.5226,-1.4493,-1.3459,-1.3623,-1.2772,-1.0154,-0.9357,-0.93478,-0.98239,-1.0071,-0.9238,-0.93936,-0.9476,-0.91006,-0.73977,-0.86245,-1.0419,-1.2241,-1.4695,-1.7762,-0.88076,-0.7828,-1.2177,-1.529,-0.66378,0.28291,0.77731,1.5665,0.83316,-2.4317,-11.921,-0.84872,-1.1005,-1.561,-1.5253,-1.6599,-1.6462,-1.6288,-1.6251,-1.6645,-1.6819,-1.6819,-1.7139,-1.7643
-1.7689,-1.7441,-1.7414,-1.7167,-1.7075,-1.6462,-1.6874,-1.7222,-1.7066,-1.6553,-1.6178,-1.6892,-1.6782,-1.6334,-1.5436,-1.4823,-1.4676,-1.4841,-1.3916,-1.3276,-1.3239,-1.3935,-1.3404,-1.2104,-1.1829,-1.0602,-0.77181,-0.5768,-0.60884,-0.85421,-1.3651,-1.3779,-1.3276,-2.092,-2.9563,-3.1834,-2.3905,-2.3072,-2.4766,-2.1287,-1.7185,-1.2452,-1.5198,-1.2168,-1.0611,-0.79196,-1.0804,-1.2461,-0.19776,0.22523,-0.74801,-10.653,-11.95,-1.3944,-0.75259,-1.4319,-2.0334,-1.8183,-1.1921,-0.71871,-2.2028,-1.3651,-1.9803,-1.7606,-1.9648,-1.409
-1.4777,-1.0437,-0.8826,-0.87344,-0.91922,-0.85879,-1.0309,-1.0584,-1.6626,-1.8522,-1.4521,-1.204,-2.136,-2.6377,-1.0172,0.48524,-1.4319,-1.8293,-1.5629,-0.74709,-1.2488,-0.9595,-2.4546,-1.6562,-0.41383,-0.96591,-1.1536,-0.9714,-0.82949,-0.41017,0.39552,-0.95676,-1.2387,-1.9932,-1.9913,-1.0346,-0.6299,-0.57039,-0.66286,-0.41383,-0.96683,-0.013733,0.18952,-0.27009,-0.010987,-0.5887,-0.69582,-0.55025,-0.45778,-0.50356,-0.56948,-0.86428,-5.9822,-1.5857,-1.4988,-1.6132,-1.6388,-1.6562,-1.5748,-1.5455,-1.4896,-1.4264,-1.431,-1.3706,-1.3495,-1.1756
-1.1142,-1.1454,-1.1005,-1.1509,-1.1408,-1.0657,-1.1206,-1.2003,-1.1856,-1.1335,-1.0813,-1.1509,-1.2259,-1.2131,-1.2149,-1.2525,-1.2818,-1.2973,-1.4393,-1.5903,-1.7139,-1.7579,-1.7148,-1.6938,-1.6517,-1.6892,-1.6974,-1.6077,-1.4402,-1.1811,-0.9238,-0.56948,-0.67202,-1.0199,-1.1655,-1.2351,-1.1701,-1.1289,-1.2021,-1.2149,-1.0437,-0.73702,-0.71413,-0.98422,-0.69948,-0.35615,-0.32044,0.095218,0.57131,1.1243,-2.9435,-6.2377,-13.892,-1.1994,-1.5848,-2.1754,-1.5033,-0.72054,-3.0534,-2.7421,-0.82125,-1.2168,-1.9959,-2.1342,-1.9172,-1.2973
-1.6828,-2.2999,-2.5736,-2.6441,-2.3347,-1.8412,-1.149,-1.0401,-1.9144,-1.7634,-1.1151,-2.0316,-2.0124,-1.952,-1.1747,-1.1243,-1.0245,-0.65554,-1.0208,-1.5372,-1.4722,-1.1856,-0.89541,-1.1985,-0.76998,-1.0639,-0.79653,-1.2131,-1.7661,-3.1962,-1.3779,-2.0801,-0.98697,-1.5253,-2.0115,-2.4427,-1.2864,-0.92563,-1.4402,-0.81668,-0.88168,-0.58504,-1.6535,-0.90091,-1.2204,-0.90182,-0.16755,0.26276,0.15015,-0.45961,-1.9684,-1.3202,-7.188,-1.5235,-1.5638,-1.507,-1.4621,-1.4475,-1.4154,-1.3559,-1.2268,-1.1325,-1.1435,-1.1454,-1.1289,-1.1206
-1.106,-1.1582,-1.1335,-1.1499,-1.1206,-1.171,-1.247,-1.2964,-1.366,-1.4301,-1.4274,-1.3495,-1.334,-1.2671,-1.2415,-1.2214,-1.1893,-1.1692,-1.1975,-1.2131,-1.2662,-1.3065,-1.3935,-1.4466,-1.4127,-1.3468,-1.2076,-1.236,-1.4722,-1.5152,-1.3724,-1.0327,-0.5649,-0.38362,-0.32044,-0.16938,0.07416,0.0027467,-0.16205,-0.3296,-0.69491,-0.80203,-0.7297,-0.67934,-0.83041,-1.2204,-1.1243,-0.89633,-0.58138,-0.96408,-9.4137,-10.971,-20.98,-2.0737,-2.0032,-1.3468,-1.6791,-1.843,-1.3312,-2.0829,-1.5601,-1.8815,-1.2049,-1.54,-1.8339,-1.4109
-1.1875,-1.2534,-0.97964,-0.86978,-0.87527,-1.4063,-1.3779,-1.7121,-1.3898,-0.96866,-1.4292,-1.5995,-1.1234,-1.5189,-1.7231,-1.4795,-1.29,-1.6352,-0.95767,0.059511,-0.45137,-1.5317,-0.4532,0.076907,-1.0584,-1.0245,-1.171,-0.35707,-0.48067,-0.56032,-1.0007,-0.30396,-1.3294,-0.96591,-1.6141,-0.70132,-0.87436,-0.21516,-1.2232,-0.52095,-0.86978,-0.80203,-1.0776,-0.34059,-0.93204,0.017396,0.062258,-0.47151,-0.48708,-0.8945,-0.28565,-0.1117,-3.8325,-0.60701,-0.618,-0.63723,-0.66195,-0.69033,-0.74801,-0.77273,-0.66469,-0.66195,-0.70498,-0.74343,-0.72878,-0.73061
-0.80294,-0.8359,-0.8359,-0.79104,-0.72787,-0.69674,-0.59145,-0.52095,-0.65371,-0.759,-0.80386,-0.98697,-1.117,-1.1545,-1.0199,-0.92837,-1.0337,-1.1756,-1.0675,-0.96591,-0.90274,-0.93844,-0.96408,-0.91647,-1.1032,-1.1316,-1.3211,-1.5116,-1.6105,-1.518,-1.377,-1.4466,-1.6013,-1.6196,-1.4658,-1.3019,-1.3367,-1.4164,-1.41,-1.3276,-1.1097,-1.063,-1.0785,-0.80111,-0.69124,-1.1646,-1.2287,-0.44771,-0.45503,-0.3177,1.2369,-1.9428,-6.2459,-2.3237,0.22889,0.5182,-2.0334,-3.2859,-2.819,-0.82583,0.27467,-1.1536,-1.0273,-1.3971,-0.3589,0.030213
-0.40193,-0.56764,-0.44496,-0.32868,-0.35524,-0.30671,-0.20966,-0.10895,0.026551,0.081484,0.13916,0.15839,0.46876,0.4706,0.80935,4.9925,-0.70406,-0.83224,-0.9064,-0.8945,-0.8826,-0.91556,-0.90732,-0.86337,-0.91189,-0.98331,-1.0144,-1.0675,-1.0666,-1.084,-1.1197,-1.1774,-1.203,-1.2168,-1.2012,-1.1866,-1.2809,-1.2241,-1.2287,-1.2854,-1.3138,-1.2516,-1.3239,-1.2882,-1.1618,-1.0913,-1.0446,-1.1637,-1.1335,-1.2351,-1.2891,-1.3147,-1.3614,-1.2882,-1.2781,-1.2296,-1.2177,-1.1783,-1.2433,-1.2342,-1.3321,-1.4585,-1.6251,-1.5867,-1.3074,-1.2131
-1.5271,-1.5674,-1.496,-1.3038,-1.139,-1.3953,-1.1884,-0.83407,-0.1767,-0.19868,-0.38545,-0.58321,-0.23988,0.62807,-7.1541,-8.1695,-1.0382,-1.0245,-0.98514,-1.0465,-1.2351,-1.2809,-1.2305,-1.3569,-1.5244,-1.4594,-1.3733,-1.4209,-1.5995,-1.6654,-1.5958,-1.615,-1.5528,-1.4731,-1.3541,-1.2415,-1.1737,-1.2204,-1.2543,-1.2726,-1.2488,-1.2745,-1.2946,-1.3605,-1.3532,-1.2662,-1.182,-1.1362,-1.1225,-1.0932,-1.0886,-1.0428,-0.95218,-1.1939,-1.2195,-1.0694,-1.1673,-1.3028,-1.2763,-1.2278,-1.2159,-1.2818,-1.4869,-1.6746,-1.8714,-2.093
-2.0417,-1.7029,-1.1591,-1.0273,-1.1921,-0.88168,-0.046693,-0.77273,-1.7542,-1.0492,-2.4555,0.18128,0.27375,2.1863,-1.7542,-5.6993,-1.7331,-1.8503,-1.8632,-1.8284,-1.7359,-1.865,-1.7835,-1.7103,-1.648,-1.6462,-1.583,-1.6315,-1.7899,-1.7093,-1.7661,-1.6636,-1.6828,-1.691,-1.6599,-1.6544,-1.6892,-1.5857,-1.5812,-1.6095,-1.6544,-1.6984,-1.626,-1.5738,-1.6526,-1.6965,-1.68,-1.5812,-1.4686,-1.3669,-1.3742,-1.3761,-1.3303,-1.2323,-1.2278,-1.3221,-1.3486,-1.3102,-1.41,-1.6489,-1.8027,-1.8091,-1.7643,-1.7029,-1.6938,-1.6095
-1.5812,-1.2241,-0.9595,-0.76815,-0.5594,-0.51088,-0.16205,0.55483,0.84689,0.64913,0.52187,-1.2323,4.2665,2.1085,2.5416,-3.155,-0.64455,-0.64547,-0.6592,-0.66469,-0.67934,-0.7004,-0.69033,-0.683,-0.68758,-0.68941,-0.69399,-0.6766,-0.67293,-0.67476,-0.69308,-0.7242,-0.71871,-0.70132,-0.71413,-0.73794,-0.73519,-0.72146,-0.69491,-0.73885,-0.79562,-0.70864,-0.58962,-0.51637,-0.47426,-0.50813,-0.31495,0.16205,-0.3296,-0.80386,-0.79196,-0.55025,-0.78555,-0.56948,-0.2298,0.031129,-0.7416,-1.8613,-2.0399,-1.6187,-1.1142,-0.84231,-0.73428,-0.13184,-0.57314,-1.3935
-1.6974,-1.4795,-1.1527,-1.3193,-1.5079,-1.0886,-0.5182,-0.44954,-0.45778,0.029298,0.49623,0.19684,-0.077822,0.0064089,-1.0053,-0.96591,-1.0923,-1.0776,-1.2983,-1.3697,-1.1728,-0.98422,-0.85421,-0.96225,-1.2799,-1.5555,-1.6901,-1.7515,-1.5033,-1.6059,-1.5281,-1.4768,-1.496,-1.6343,-1.8274,-1.8586,-1.5967,-1.4063,-1.377,-1.4722,-1.594,-1.7661,-1.724,-1.6086,-1.572,-1.5683,-1.5088,-1.4667,-1.3092,-1.2012,-1.0721,-1.1362,-1.1243,-1.0959,-1.0401,-0.96774,-1.0181,-1.0437,-1.0401,-1.0758,-1.1179,-1.3166,-1.4566,-1.5757,-1.7835,-1.8558
-1.984,-1.8567,-1.4557,-1.3147,-1.2864,-1.0758,-1.1692,-1.2992,-1.2195,-0.71505,-0.49989,-0.2884,1.0245,2.8492,3.0763,-1.2452,-1.258,-1.3157,-1.3184,-1.3385,-1.333,-1.3514,-1.3367,-1.3459,-1.3239,-1.4136,-1.4475,-1.4374,-1.4457,-1.4301,-1.4237,-1.3807,-1.3752,-1.3495,-1.3358,-1.345,-1.4173,-1.4969,-1.4539,-1.3257,-1.2516,-1.1628,-1.1188,-1.1454,-1.236,-1.2983,-1.4154,-1.464,-1.4969,-1.5949,-1.6214,-1.6233,-1.4301,-1.3129,-1.268,-1.5894,-1.6379,-1.6095,-1.4722,-1.4805,-1.5619,-1.4933,-1.269,-1.0566,-0.81668,-1.0968
-1.1078,-1.0813,-0.72787,-0.37355,-0.37812,-0.60701,-0.4358,0.0027467,0.15473,0.44771,-1.5564,0.89358,0.21424,-5.3908,-1.6919,-1.6077,-1.5812,-1.5464,-1.5336,-1.5015,-1.4887,-1.4997,-1.5619,-1.583,-1.6068,-1.5958,-1.5629,-1.529,-1.4658,-1.4594,-1.4997,-1.5967,-1.6617,-1.6453,-1.6178,-1.5885,-1.54,-1.4704,-1.5363,-1.5354,-1.4777,-1.474,-1.442,-1.5125,-1.3623,-1.3916,-1.5748,-1.5143,-1.4841,-1.3669,-1.3312,-1.2204,-1.1509,-1.0703,-1.2113,-1.193,-1.1426,-1.3559,-1.1087,-1.1646,-1.1582,-1.0465,-1.0895,-1.2351,-1.3312,-1.2397
-1.1472,-1.0419,-0.89358,-0.92563,-1.03,-1.2571,-0.90457,-1.0538,-1.865,-1.4154,-1.1957,6.3686,3.7959,-2.2376,-1.5198,-1.7075,-1.9098,-2.0215,-1.9941,-1.9089,-1.8155,-1.7359,-1.616,-1.6837,-1.6288,-1.6736,-1.572,-1.5995,-1.539,-1.6837,-1.6288,-1.5217,-1.5116,-1.5079,-1.4402,-1.355,-1.4228,-1.4695,-1.605,-1.7808,-1.7725,-1.5949,-1.5061,-1.4594,-1.4237,-1.4447,-1.5033,-1.5793,-1.5976,-1.5848,-1.5564,-1.4658,-1.3999,-1.3678,-1.2827,-1.1838,-1.1765,-1.1966,-1.1664,-1.182,-1.1719,-1.2461,-1.3312,-1.3385,-1.3486,-1.1802
-1.0199,-0.90274,-0.89175,-0.93478,-0.8826,-0.78005,-1.0392,-0.23438,-0.98056,-2.3017,-1.1994,-1.3907,2.375,-4.4771,-0.55666,-0.62166,-0.69491,-0.72146,-0.71688,-0.71596,-0.78738,-0.88992,-0.89358,-0.96042,-1.0593,-1.1023,-1.2626,-1.3889,-1.355,-1.4512,-1.5903,-1.7661,-1.1563,-1.1234,-1.3221,-1.2928,-1.2131,-1.1975,-1.2406,-1.2955,-1.3404,-1.3926,-1.1994,-1.1316,-0.98422,-0.97049,-1.0501,-0.889,-0.8771,-0.83956,-0.90182,-0.80294,-0.83132,-1.0584,-1.1536,-1.0685,-1.0657,-1.0794,-1.0785,-0.92929,-0.86428,-1.0099,-0.90457,-0.64638,-0.60793,-0.90732
