107.43,65.798,-1.4649,-50.172,-62.746,-8.301,60.671,95.218,94.485,111.09,142.22,154.91,165.78,181.65,189.58,192.51,190.44,212.53,216.68,197.64,165.04,181.04,239.88,309.58,368.18,475.84,565.81,648.09,750.14,837.67,873.44,767.6,551.77,186.53,159.92,131.47,101.2,76.296,61.525,37.965,15.259,-9.0335,-32.105,-46.632,-68.85,-91.556,-110.23,-122.07,-134.4,-143.31,-149.42,-148.69,-137.33,-108.89,-82.644,-58.84,-29.786,-9.2776,2.0753,19.044,34.669,44.801,46.632,55.177,65.065,70.925
77.273,79.836,83.621,90.457,94.607,96.316,99.49,102.66,109.38,119.63,126.59,133.67,142.83,162.24,186.28,216.68,251.11,299.08,337.53,380.26,434.1,544.57,626.61,592.18,590.35,347.54,141.73,-21.729,-67.995,-43.825,51.149,146.98,197.64,100.22,96.683,89.358,84.964,82.278,79.47,76.907,76.052,74.587,68.606,63.478,62.99,61.525,61.159,59.328,56.764,54.933,53.468,53.346,53.957,54.079,52.248,50.661,50.295,51.393,51.637,50.539,52.736,53.224,52.736,55.3,60.06,64.455
67.385,69.948,78.494,87.039,91.311,94.241,102.66,115.73,125.98,139.04,151.86,171.15,197.88,227.06,247.69,280.65,307.14,328.14,372.2,371.84,348.52,370.98,335.09,247.69,-11.963,-177.86,-177.86,-252.2,-227.91,-158.45,-67.385,38.942,161.26,236.82,73.366,97.171,116.7,137.09,152.47,162.6,169.8,173.83,178.84,181.4,185.92,188.12,188.24,185.31,189.21,193.49,200.57,204.35,212.9,226.2,228.4,222.66,220.71,216.32,203.25,187.38,168.46,150.76,130.01,108.04,87.039,73.977
61.159,44.435,30.396,19.166,10.498,5.1271,-0.12207,-2.4415,-4.3947,-6.8361,-9.1556,-10.62,-12.329,-18.311,-26.124,-22.584,-10.987,-1.8311,4.0284,10.987,22.34,43.092,66.897,96.927,116.34,125.98,147.34,95.706,-8.9114,-114.51,-155.03,-146.86,-118.9,17.701,8.6673,9.3997,-1.4649,-6.9582,-12.94,-13.916,-19.288,-17.823,-14.039,-13.184,-17.579,-13.794,-10.743,-9.888,-8.9114,-5.3713,-4.0284,-5.8596,-1.4649,-0.4883,0.61037,3.4181,1.9532,1.8311,9.2776,12.818,12.818,15.381,14.283,14.649,21.729,24.659
24.781,26.856,26.002,28.321,28.199,31.251,30.274,29.664,32.228,37.233,34.303,32.472,32.96,29.054,27.223,24.903,23.194,17.457,15.87,13.184,1.9532,-10.498,-2.1973,13.794,23.927,90.579,119.14,193.85,266.49,287.36,322.52,278.33,233.04,246.22,208.38,41.139,52.004,59.816,65.554,69.704,67.385,66.53,67.995,68.484,69.46,73.855,74.587,74.587,73.122,73.733,80.325,83.865,79.47,91.922,131.47,152.23,179.08,239.14,276.86,337.17,410.05,385.27,316.9,247.57,161.38,145.02
112.92,130.5,165.17,175.18,173.83,156.38,158.45,181.52,208.38,201.18,201.06,196.42,179.2,152.1,108.16,55.544,-14.649,-75.32,-101.2,-121.59,-134.53,-154.55,-155.16,-128.42,-102.91,-63.112,-41.383,-22.095,-30.519,-42.848,-45.045,-36.744,-29.176,-8.0569,23.927,22.584,8.5452,-31.129,-27.711,-27.345,-24.903,-19.41,-14.039,-8.9114,-4.883,-0.12207,3.5401,3.7843,1.9532,2.6856,5.8596,11.231,21.851,32.35,42.604,54.323,71.78,88.992,109.99,130.01,150.03,170.54,188.73,204.23,214.36,218.27
218.39,222.54,238.78,271,306.28,338.63,383.68,424.94,447.4,464,473.89,418.96,319.22,212.04,138.55,125.37,166.14,228.03,290.17,325.33,354.01,359.51,365.61,394.67,420.91,444.59,473.16,501.85,491.84,458.75,424.82,434.58,513.08,528.58,433.12,401.38,487.32,-4.0284,-3.296,-2.5636,-2.3194,-2.9298,-3.0519,-2.6856,-1.587,0.24415,2.1973,3.1739,3.6622,3.6622,5.1271,5.3713,5.4933,7.5686,9.6438,9.2776,7.4465,6.3478,6.7141,6.8361,6.9582,5.3713,3.1739,2.0753,1.709,1.3428
1.4649,0,-2.0753,-4.5167,-4.6388,-3.6622,-1.709,-1.0987,-2.0753,-2.3194,-1.2207,-1.8311,-4.6388,-7.2024,-6.8361,-1.9532,2.1973,3.5401,-0.24415,6.7141,21.851,31.739,39.308,41.017,43.214,38.331,20.875,-6.4699,-34.547,-61.525,-75.442,-84.353,-111.94,-97.537,-50.172,45.412,132.82,-100.22,-94.852,-91.067,-94.974,-96.805,-94.852,-95.218,-105.35,-111.94,-111.82,-106.33,-99.002,-80.691,-64.455,-53.835,-43.092,-28.199,-16.236,-12.818,-10.132,1.709,15.992,23.804,31.617,44.313,53.957,62.746,72.878,78.738
86.795,90.091,86.55,82.156,71.78,59.084,43.214,39.796,31.983,41.749,74.221,115.12,184.09,305.67,422.74,532.98,599.87,637.84,619.77,468.89,315.44,157.6,111.58,119.63,170.78,228.64,237.43,224.01,211.19,216.19,236.95,259.04,317.88,323.86,299.81,191.29,123.42,146.24,-16.968,1.3428,20.508,35.157,42.36,43.336,39.308,47.487,57.253,60.06,67.995,78.005,87.649,94.852,96.805,99.002,106.69,110.11,118.29,131.23,155.4,174.81,189.95,226.57,255.13,257.09,212.29,168.71
111.45,43.214,-1.2207,-75.686,-91.678,-69.948,-50.539,-22.095,43.947,108.4,161.87,165.04,169.8,202.4,219.73,235.24,245.74,229.62,289.44,302.5,255.62,243.42,326.43,386,387.83,374.77,391.61,398.33,385.75,378.8,393.44,419.93,459.49,517.23,542.5,541.52,433.85,250.13,102.42,-2.1973,-4.3947,-5.005,-4.883,-4.1505,-2.1973,0.12207,4.883,10.743,15.015,18.799,23.194,25.391,26.002,26.49,26.124,25.758,26.124,26.978,28.443,30.274,32.594,35.035,36.622,37.477,38.453,41.139
43.947,47.731,46.144,43.58,41.871,41.993,46.022,48.585,51.759,49.562,46.632,57.985,70.07,74.587,81.423,97.049,121.71,141.97,164.19,180.91,196.54,205.08,206.31,200.45,191.78,182.38,168.71,194.46,211.07,229.26,277.96,268.44,236.58,191.29,117.8,54.079,-2.5636,-45.534,19.654,13.916,7.6907,1.709,-2.8077,-5.3713,-6.3478,-6.592,-4.3947,-2.8077,-1.0987,-0.12207,0,0.12207,2.4415,4.6388,10.987,23.927,25.025,7.5686,8.6673,23.316,31.129,28.321,25.513,27.223,25.391,28.321
30.641,31.983,29.542,29.42,30.152,26.002,22.217,21.119,19.654,19.776,22.828,24.537,32.96,49.318,61.281,71.169,57.009,58.351,91.067,73.489,59.816,68.728,81.057,86.184,120.98,141.97,180.18,237.07,314.95,258.67,182.5,169.56,109.87,84.475,26.368,109.87,141.12,195.32,36.5,25.513,15.992,9.6438,7.8127,9.5218,10.987,12.574,13.55,13.672,14.893,14.283,13.794,10.498,6.7141,4.6388,5.4933,8.5452,12.207,12.94,15.137,17.945,18.311,18.433,17.823,19.776,19.776,19.654
19.41,19.898,20.631,20.997,22.095,21.607,21.607,24.659,26.978,29.786,33.692,39.064,42.604,45.289,46.754,48.83,49.684,52.492,52.736,51.637,52.98,52.248,64.577,58.229,53.713,37.477,37.111,19.654,-9.0335,-32.228,18.189,-5.8596,-43.825,-19.288,131.84,236.21,139.9,-70.925,-103.4,15.625,-35.279,-21.485,-10.254,0.36622,8.179,30.03,31.129,25.513,28.321,43.214,46.388,44.069,50.295,54.689,53.591,41.749,36.744,31.129,23.316,19.166,16.846,2.0753,-0.85452,-9.0335,-9.1556,-11.963
-18.677,-25.269,-28.687,-43.336,-57.009,-60.06,-66.897,-75.32,-82.034,-82.644,-82.644,-88.504,-90.701,-72.268,-38.209,-9.1556,11.475,22.706,19.166,-12.085,-49.562,-71.413,-99.124,-133.06,-163.82,-179.2,-213.63,-274.79,-319.83,-362.93,-436.78,-515.15,-620.38,-809.11,-947.29,-865.14,-771.02,-610.98,-391.86,-36.744,-11.109,-8.4231,-3.4181,1.2207,4.0284,8.4231,13.55,16.48,15.87,12.329,9.2776,9.7659,4.5167,-2.9298,-10.498,-17.945,-25.513,-37.111,-40.284,-41.261,-45.656,-45.9,-43.214,-41.383,-34.791,-29.786
-25.758,-23.682,-17.945,-5.005,2.6856,13.428,26.246,36.256,41.993,52.248,59.694,70.803,73.366,73.855,77.273,87.405,94.241,90.945,89.969,86.673,81.545,76.907,67.141,52.248,28.932,17.701,9.5218,26.856,54.933,87.405,121.59,213.75,332.16,362.44,330.94,306.77,270.39,183.84,174.44,147.71,147.1,-74.221,-75.442,-83.987,-93.997,-125.49,-140.75,-145.02,-170.42,-196.91,-208.01,-199.84,-213.02,-226.94,-264.29,-299.81,-347.67,-400.89,-485.12,-558.61,-441.54,-374.52,-368.79,-406.02,-375.74,-334.6
-264.29,-86.917,-95.218,-129.89,-182.13,-209.97,-222.54,-198,-181.04,-223.27,-237.8,-187.51,-176.4,-172.49,-140.39,-111.21,-108.04,-94.607,-93.265,-91.8,-124.52,-142.95,-130.86,-126.96,-152.23,-156.25,-155.03,-152.23,-144.41,-173.83,-210.7,-244.15,-261.48,-252.2,-246.1,-214.48,-185.19,-137.82,-122.44,-81.179,-49.928,-7.0803,-2.5636,-126.96,-135.5,-168.22,-174.81,-183.11,-208.75,-220.95,-226.57,-260.26,-297.86,-345.47,-383.56,-431.29,-359.14,-185.06,-148.93,-161.99,-269.42,-363.66,-381.85,-348.52,-292.98,-181.65
-132.21,-154.79,-147.22,-188.48,-208.5,-189.95,-187.51,-205.08,-217.66,-189.83,-187.51,-182.5,-179.69,-137.82,-119.63,-111.09,-106.94,-101.57,-84.231,-77.151,-77.517,-78.86,-104.74,-105.84,-135.5,-150.76,-150.15,-150.15,-154.55,-156.25,-155.03,-163.7,-186.9,-219.37,-260.51,-265.02,-260.38,-222.17,-158.82,-135.38,-95.828,-102.54,-227.91,9.888,4.7609,-1.0987,-5.8596,-7.3244,-10.01,-13.672,-18.555,-25.147,-32.96,-41.017,-47.609,-51.515,-54.201,-54.445,-51.027,-45.045,-31.739,-18.433,-1.9532,5.2492,11.475,12.696
12.94,11.231,8.9114,8.6673,9.2776,9.1556,10.01,9.6438,8.5452,8.0569,8.5452,8.179,7.9348,10.498,14.405,19.044,24.659,28.565,32.472,38.82,46.754,55.3,64.943,71.535,75.564,79.714,86.184,88.626,82.888,82.522,86.55,87.161,70.07,63.112,65.31,73.977,91.189,118.78,172.98,261.36,309.95,309.58,327.89,16.48,21.119,26.002,33.815,35.157,34.791,35.279,30.641,24.537,19.288,22.584,22.706,11.963,9.3997,9.7659,9.6438,11.231,7.9348,13.184,9.2776,3.0519,-10.743,-22.95
-35.646,-37.111,-33.204,-29.42,-33.082,-36.622,-43.214,-51.881,-55.788,-54.323,-57.741,-55.544,-54.567,-54.689,-57.375,-65.188,-76.052,-80.691,-89.724,-93.02,-105.96,-122.93,-149.42,-160.41,-156.62,-184.33,-205.08,-197.15,-204.47,-240,-280.65,-307.99,-365.25,-492.2,-543.6,-449.72,-410.9,-430.92,-510.03,-572.16,-554.34,-494.52,-376.6,-75.198,-15.503,-21.241,-26.856,-33.815,-40.651,-45.289,-47.609,-52.858,-57.253,-56.398,-51.515,-46.388,-45.412,-46.51,-44.313,-43.458,-43.58,-40.284,-34.547,-27.467,-20.142,-14.405
-9.1556,-3.296,1.2207,4.1505,7.3244,12.207,17.701,22.217,27.589,34.913,40.284,45.045,52.126,59.694,66.164,71.413,74.465,77.639,81.79,88.504,97.171,102.3,104.62,107.43,103.64,94.119,70.193,61.403,44.801,18.189,16.968,50.905,80.081,141.61,246.71,357.07,481.83,591.33,572.65,477.19,373.91,363.17,289.19,45.656,53.957,70.803,80.935,78.86,74.343,74.099,71.169,68.117,63.356,59.938,63.356,68.117,68.85,70.07,76.54,81.79,89.602,102.91,114.99,136.6,181.77,226.57
271.98,333.02,395.76,409.92,422.62,443.86,445.33,404.92,345.71,172.25,11.719,1.709,15.015,73.366,148.81,226.69,265.39,274.42,285.29,312.51,342.78,336.56,324.47,327.4,317.15,297.74,281.75,265.02,230.23,183.6,99.734,36.012,-5.005,-50.295,-85.696,-122.81,-176.03,-230.11,-244.76,-218.39,-165.17,-132.57,-78.127,94.485,103.76,120.73,138.8,161.87,176.15,192.75,216.93,242.07,257.7,276.38,290.17,311.9,325.45,344.37,336.92,294.93,226.2,124.76,28.932,-84.841,-117.07,2.5636
57.375,90.823,109.26,117.8,132.94,130.62,135.01,137.33,138.19,127.93,109.01,100.1,93.631,75.32,58.473,39.674,5.2492,-34.913,-62.38,-77.639,-100.96,-117.56,-120.24,-111.7,-83.987,-87.161,-89.48,-86.306,-75.442,-57.131,-43.214,-41.017,-39.796,-34.547,-28.809,-34.303,-51.393,-67.995,-80.081,-97.659,-91.556,-75.198,-24.293,81.79,72.146,60.06,52.492,45.9,35.646,21.973,5.005,-9.7659,-20.997,-31.495,-39.674,-49.684,-50.295,-46.754,-40.529,-38.209,-34.547,-26.002,-15.381,-6.1037,5.9816,20.508
33.57,44.557,55.3,65.676,72.024,73.855,74.709,72.146,68.85,64.821,61.403,56.032,45.045,32.105,23.194,21.851,19.41,16.358,15.015,15.992,21.241,26.856,32.96,43.214,54.323,68.972,85.574,100.83,120,141.61,162.6,182.01,188.24,187.75,191.66,199.59,236.46,255.75,257.45,255.75,229.62,-143.93,255.01,1.9532,-3.296,-7.8127,-11.353,-15.015,-18.067,-20.142,-22.34,-23.682,-23.438,-20.264,-11.109,0.73244,13.306,20.264,24.049,24.903,22.706,19.166,18.677,18.067,18.555,19.654
19.532,20.386,21.119,21.607,21.851,21.607,21.485,21.607,21.485,20.264,20.508,19.288,19.776,21.729,23.194,24.293,25.758,30.641,34.303,38.82,39.796,45.167,50.783,55.544,62.38,71.047,87.283,103.89,124.39,143.31,175.79,203.99,232.43,254.04,282.6,319.35,345.47,360.24,377.57,364.02,323.5,259.16,180.18,-48.83,-46.388,-43.092,-39.674,-36.988,-35.279,-33.448,-31.739,-31.373,-31.373,-32.228,-33.937,-36.134,-35.524,-32.838,-28.809,-23.56,-19.41,-16.846,-13.55,-13.794,-15.137,-17.09
-19.532,-22.462,-25.147,-28.077,-32.105,-34.791,-35.157,-31.617,-25.391,-22.217,-20.264,-20.386,-21.973,-23.56,-27.467,-33.326,-37.477,-41.505,-43.214,-47.243,-50.295,-41.627,-26.612,-16.358,-14.161,-12.696,-0.97659,-1.0987,-5.2492,-25.147,-13.306,22.462,-13.672,-73.244,-280.53,-277.84,-240.24,-228.64,-86.795,16.602,-214.85,-472.06,-160.89,5.3713,-3.4181,-15.015,-28.565,-41.871,-53.591,-60.671,-63.967,-60.427,-46.022,-25.025,-1.8311,16.846,26.978,27.345,22.095,16.358,13.916,9.0335,2.9298,-5.9816,-15.625,-20.875
-20.997,-17.579,-13.55,-11.109,-10.254,-7.8127,-8.179,-8.5452,-8.5452,-9.5218,-8.7893,-9.5218,-12.452,-16.48,-19.044,-21.241,-24.171,-27.1,-32.228,-35.89,-40.895,-44.801,-45.778,-45.045,-48.463,-41.627,-33.815,-8.9114,-15.503,-57.741,-181.52,-253.91,-218.15,-214.48,-252.82,-229.01,-158.94,-182.87,-247.69,-206.79,56.764,34.547,-247.81,7.8127,5.3713,5.005,3.296,1.9532,0.85452,0,-1.2207,-2.4415,-6.2258,-9.7659,-13.794,-19.166,-23.56,-26.734,-29.908,-32.105,-33.448,-34.303,-35.035,-36.744,-37.233,-37.843
-40.529,-43.214,-47.365,-50.172,-52.736,-56.398,-59.084,-60.671,-58.351,-56.032,-57.863,-60.427,-63.234,-66.774,-65.92,-62.624,-59.45,-52.248,-44.313,-43.336,-41.139,-38.82,-37.965,-33.815,-16.968,11.109,2.1973,2.4415,-63.112,-148.08,-128.3,-106.45,-88.748,60.183,45.534,27.955,12.329,0.61037,-6.7141,-12.085,-17.823,-22.095,-23.438,-22.217,-20.997,-19.532,-18.067,-14.405,-10.865,-7.0803,-3.9064,-1.3428,-0.85452,-1.0987,-0.61037,-0.97659,-4.6388,-9.7659,-15.259,-21.119,-26.368,-29.42,-30.519,-30.396,-30.03,-29.298
-29.42,-26.856,-24.781,-24.903,-22.828,-22.34,-23.56,-24.537,-27.1,-27.589,-27.223,-28.443,-35.524,-36.134,-39.552,-18.311,-14.893,-43.214,-47.609,-71.902,-239.51,-311.66,-376.48,-309.58,-333.87,-367.2,-480.97,-551.41,-629.29,-651.26,-504.65,-407.24,-418.1,-157.72,-62.258,-172.98,-132.69,-140.51,-108.28,-72.024,-14.405,33.448,56.398,87.039,11.109,8.4231,5.7375,2.0753,-1.9532,-4.7609,-5.6154,-6.2258,-5.6154,-3.7843,-4.0284,-4.2726,-4.0284,-4.5167,-5.8596,-7.5686,-8.7893,-9.6438,-9.1556,-8.5452,-6.9582,-6.592
-6.9582,-7.4465,-8.7893,-11.475,-14.527,-18.189,-20.753,-25.88,-28.687,-31.983,-33.448,-35.157,-36.134,-38.575,-41.261,-45.167,-50.783,-54.201,-56.887,-58.962,-59.816,-61.403,-68.85,-68.361,-66.164,-63.478,-68.361,-60.549,7.4465,49.074,-11.231,-97.537,-99.734,-84.964,-66.652,-66.53,-114.26,-40.04,3.5401,-122.44,27.833,-12.452,22.095,-151.37,0.12207,3.5401,7.9348,11.109,9.2776,2.0753,-8.4231,-19.776,-25.269,-23.438,-17.457,-13.794,-10.865,-7.8127,-4.1505,-1.3428,-0.24415,0.36622,2.3194,3.0519,2.3194,0.73244
-0.12207,-1.709,-4.5167,-5.6154,-7.0803,-9.6438,-12.452,-16.236,-20.02,-24.171,-28.565,-31.373,-32.716,-35.401,-40.651,-45.9,-51.759,-57.741,-61.159,-63.967,-68.606,-72.39,-66.042,-62.014,-59.572,-62.99,-57.741,-64.089,-68.728,-56.642,-58.718,-60.549,-58.718,-158.57,-270.64,-299.45,-361.95,-218.63,-247.57,-215.7,-493.18,-542.01,-436.54,-393.32,-444.47,75.564,87.771,87.527,92.288,101.32,113.53,128.06,140.26,156.74,159.79,164.56,162.24,161.99,162.97,169.19,175.79,184.33,192.88,198.98,202.76,207.77
212.41,212.65,209.11,203.38,200.69,196.3,189.21,178.59,169.07,161.5,154.18,144.05,132.94,120.98,112.67,103.4,90.579,78.982,69.338,57.741,44.923,32.96,23.56,18.799,9.3997,0,-8.7893,-15.015,-22.34,-27.955,-33.937,-38.331,-47.731,-62.014,-77.883,-76.907,-83.743,-92.41,-107.79,-105.72,-90.091,-75.564,-186.28,-331.92,-439.47,-105.84,-97.415,-78.616,-85.696,-84.231,-73.855,-58.596,-43.214,-29.42,-0.73244,36.256,64.333,86.55,106.94,118.41,127.81,95.096,59.572,35.157,0.61037,-35.035
-56.52,-75.198,-82.278,-68.361,-45.656,-26.49,-3.5401,16.236,26.612,36.134,47.853,51.393,47.365,32.35,15.137,6.3478,-3.296,-12.574,-17.09,-16.114,-11.597,-8.179,-11.109,-38.575,-71.291,-86.184,-89.48,-158.09,-246.47,-80.325,-80.325,-338.15,204.35,-285.78,-260.63,-448.26,-516.5,-620.38,-711.33,-642.11,-438,-319.71,-300.91,-360.24,-253.18,-9.6438,-15.259,-14.527,-14.893,-13.184,-12.085,-12.94,-11.597,-12.818,-11.475,-11.109,-11.231,-12.94,-15.87,-15.748,-16.48,-17.212,-18.555,-20.997,-22.217,-24.171
-24.903,-27.1,-30.03,-34.303,-40.04,-46.51,-56.642,-64.455,-72.634,-80.813,-87.649,-96.683,-108.4,-122.32,-133.67,-146.12,-163.95,-174.32,-190.8,-209.23,-232.92,-244.64,-267.83,-278.94,-275.03,-279.06,-249.28,-292.73,-325.08,-424.94,-439.1,-345.47,-192.27,24.903,-13.55,32.105,-48.952,-43.092,120.12,266.73,295.05,461.68,901.15,1057.4,944.85,390.76,-59.938,-38.087,-15.015,33.204,63.112,-50.539,-29.176,-96.927,-74.221,55.666,84.719,65.676,33.448,-152.35,-144.54,646.99,-41.871,145.51,98.636,99.246
95.706,16.358,-3.6622,26.734,10.865,11.353,1.3428,-20.875,-31.007,-24.537,-27.711,-28.565,-28.077,-7.6907,2.8077,9.3997,23.682,28.443,24.903,9.5218,6.9582,19.166,4.5167,-14.283,-46.876,-112.06,-216.07,-280.89,-382.46,-338.51,-328.99,-193.24,-156.87,-150.88,-177.13,-203.25,-226.57,-167.12,-165.78,-205.69,-280.89,-335.83,-284.31,-292,-240.97,-77.151,66.53,63.723,64.211,64.211,69.704,64.211,62.746,69.46,77.883,67.629,60.183,59.45,62.014,88.26,97.781,60.915,53.835,72.756,95.462,127.08
163.95,189.83,196.17,196.66,195.93,157.72,138.8,116.21,97.781,75.808,26.124,-9.1556,-7.3244,-77.151,-121.22,-164.43,-212.04,-234.5,-193.12,-114.99,-90.457,-91.922,-79.836,-49.928,-74.099,-48.83,-19.288,-30.274,-18.555,-34.547,-27.833,-31.251,-51.271,-75.442,-102.91,-137.7,-172.12,-190.56,-180.06,-142.09,-127.45,-74.221,-46.144,-72.634,-40.651,65.554,134.4,-3.6622,-3.7843,-2.3194,1.2207,5.8596,11.597,17.701,25.636,35.035,40.895,64.455,93.509,132.21,193.98,226.33,273.81,325.08,363.41,397.47
419.2,431.04,418.84,396.25,365.49,334.97,310.43,274.3,242.68,217.66,190.56,165.17,144.41,130.25,110.6,95.706,86.306,77.151,62.502,41.383,29.542,27.955,26.612,23.804,20.631,24.537,33.448,43.703,53.468,63.601,76.296,93.753,97.781,102.42,137.58,156.62,177.37,218.63,201.3,187.63,165.78,129.52,15.259,-18.067,-99.734,-179.08,-123.66,-22.706,-22.95,-21.973,-18.067,-13.672,-10.132,-6.592,-3.7843,0.4883,6.1037,11.475,16.48,20.997,24.293,25.513,26.124,26.124,27.345,28.199
27.833,28.687,29.664,29.542,29.908,31.007,30.152,27.467,25.636,26.124,26.856,24.781,20.997,19.166,18.189,16.602,11.719,6.3478,6.2258,9.1556,12.452,19.654,32.105,47.121,58.351,64.211,64.455,61.769,54.079,40.529,23.56,-42.116,-151.25,-141.24,-141.36,-41.627,104.01,266,459.85,627.83,741.48,768.7,660.66,528.34,379.04,240.85,210.21,311.17,334.6,355.36,372.94,377.7,373.79,367.69,360.61,347.67,324.96,299.94,268.56,231.7,196.17,162.24,125.49,91.433,63.967,38.697
17.457,-0.12207,-13.062,-25.147,-31.983,-32.96,-33.448,-34.181,-32.35,-34.059,-20.753,-4.7609,8.7893,21.607,32.716,42.482,50.05,57.131,66.897,74.831,81.912,90.213,93.387,97.781,104.37,104.74,106.57,104.62,106.45,115.12,123.91,127.69,135.62,128.3,137.09,158.7,193.12,121.95,41.993,-21.973,-62.258,-109.13,-113.41,-169.32,-225.47,-197.76,-165.9,-272.96,-307.99,-323.37,-320.2,-309.09,-293.83,-281.14,-264.66,-251.84,-252.2,-264.9,-280.53,-301.52,-318.61,-327.28,-345.1,-373.91,-411.15,-444.84
-456.43,-452.53,-442.03,-424.45,-414.32,-413.1,-401.99,-402.11,-377.21,-349.74,-342.3,-343.88,-331.68,-307.87,-261.6,-215.46,-199.1,-194.71,-190.44,-175.66,-157.6,-157.48,-157.6,-152.84,-146.73,-137.21,-138.92,-143.68,-146.98,-138.07,-122.44,-115.97,-111.94,-117.56,-132.45,-152.84,-176.76,-214.97,-237.19,-260.26,-300.06,-359.75,-379.77,-347.54,-364.51,-416.76,-324.47,-163.58,37.965,19.41,3.9064,-9.5218,-17.823,-19.288,-20.264,-17.335,-14.649,-12.818,-9.1556,-8.0569,-4.883,-4.3947,-0.97659,3.9064,10.743,16.236
19.41,21.851,24.903,29.176,29.908,29.908,30.396,30.641,30.641,30.641,30.641,30.03,28.199,30.274,30.152,30.152,29.542,27.833,32.472,37.477,42.604,50.539,61.159,76.418,90.945,106.57,119.88,133.79,141.61,149.05,156.25,158.45,167.61,172.98,178.59,172.25,147.71,102.3,42.36,-17.579,-66.042,-102.91,-158.94,-186.9,-203.25,-203.01,-187.87,-122.56,-58.962,-55.422,-43.458,-31.373,-17.945,-9.2776,-6.2258,-11.841,-21.485,-43.458,-73.244,-108.4,-146.86,-176.15,-199.96,-225.35,-251.11,-273.45
-309.34,-355.85,-399.43,-440.2,-475.11,-504.17,-528.95,-542.01,-540.54,-528.46,-510.76,-487.2,-454.48,-416.76,-377.21,-349.86,-325.21,-296.4,-273.08,-248.18,-213.51,-177.13,-158.45,-145.76,-146.98,-148.93,-160.04,-172.12,-183.72,-203.99,-231.33,-262.09,-287.24,-302.62,-320.81,-350.72,-363.41,-372.69,-380.75,-405.04,-450.94,-498.55,-518.81,-525.28,-485.24,-431.41,-376.48,-228.52,-57.863,-3.5401,-3.1739,-5.1271,-9.7659,-13.184,-13.794,-13.916,-15.748,-18.799,-21.363,-20.997,-17.212,-12.085,-6.2258,-1.587,1.709,0.97659
-3.296,-6.9582,-7.9348,-10.498,-10.62,-11.353,-8.0569,-5.3713,-3.296,-2.1973,-3.9064,-8.179,-15.259,-19.044,-16.724,-13.306,-8.0569,0,5.3713,7.2024,7.2024,5.005,5.8596,11.597,17.457,22.95,22.584,22.706,27.589,33.326,36.744,38.82,46.266,61.892,80.081,96.927,102.79,101.69,94.119,62.502,15.625,-32.838,-92.532,-121.95,-150.4,-137.09,-113.41,-66.897,-17.701,120.98,112.31,95.584,77.395,56.887,36.744,23.072,5.2492,-4.3947,-7.5686,-6.9582,-4.7609,-2.0753,2.9298,8.7893,12.574,14.527
14.161,15.381,19.532,23.072,27.1,27.833,28.687,26.734,27.589,28.565,28.687,27.467,26.978,24.659,18.433,11.475,3.9064,-2.0753,-5.2492,-9.3997,-12.085,-13.184,-10.62,-7.9348,-6.8361,-9.0335,-14.039,-31.983,-64.089,-73.855,-93.875,-105.72,-109.99,-138.92,-156.01,-148.81,-124.27,-81.179,-15.381,34.547,72.634,66.164,38.453,16.236,-21.241,-91.8,-115.24,-94.485,-92.776,-43.092,-49.806,-53.957,-54.567,-51.515,-52.248,-54.445,-51.393,-50.539,-49.196,-44.679,-43.947,-44.069,-45.289,-48.585,-47.731,-48.952
-48.83,-48.341,-50.417,-51.637,-51.881,-53.957,-57.619,-61.647,-61.525,-59.694,-55.3,-49.684,-49.196,-48.463,-49.44,-48.097,-47.243,-50.05,-52.248,-53.713,-54.201,-55.91,-56.642,-56.642,-54.567,-52.248,-54.079,-55.91,-52.248,-42.604,-34.791,-39.308,-38.209,-24.293,-21.363,-17.945,-20.264,-22.217,-16.602,34.791,69.46,43.336,58.107,27.955,-4.7609,-56.642,-97.415,-64.211,19.898,-47.853,-34.791,-28.077,-27.833,-28.687,-27.589,-25.025,-22.217,-16.114,-6.592,3.4181,13.062,17.701,16.602,17.09,20.142,24.049
26.49,29.054,34.181,41.627,47.853,50.417,49.074,45.289,39.064,31.251,24.903,20.508,18.189,17.579,16.236,14.283,13.184,10.498,9.1556,8.0569,8.301,10.865,12.452,12.818,-1.587,8.9114,13.062,8.179,11.231,14.893,10.376,-5.6154,-23.56,-40.529,-54.933,-69.582,-84.719,-86.062,-68.239,-74.099,-87.283,-104.13,-126.47,-126.59,-240,148.32,395.52,486.83,585.35,772,48.708,32.35,19.166,11.719,5.1271,-1.4649,-9.1556,-13.916,-16.724,-19.044,-20.142,-21.607,-21.485,-21.363,-20.997,-19.898
-19.776,-19.166,-20.02,-21.729,-21.241,-20.02,-17.212,-12.818,-6.4699,-2.5636,2.6856,5.8596,7.3244,7.9348,6.4699,4.1505,0.97659,-2.8077,-3.9064,-2.4415,-0.85452,-0.61037,2.8077,3.6622,5.6154,12.329,23.194,33.57,44.557,51.149,62.502,68.361,72.146,77.395,71.902,56.154,27.467,-2.0753,-29.176,-41.627,-55.177,-78.616,-100.83,-126.35,-188.85,-208.26,-192.02,-167,-146.61,-117.44,2.4415,4.3947,6.4699,11.719,14.527,14.649,15.992,16.602,18.555,18.311,23.804,29.42,28.687,26.368,27.345,27.467
25.513,26.368,25.513,23.804,23.438,24.049,23.072,23.194,23.927,26.246,26.124,26.368,26.734,26.49,26.49,29.542,31.495,32.105,32.716,33.326,30.763,24.415,15.87,8.7893,2.9298,0.61037,-2.3194,3.296,13.794,22.462,29.786,38.697,50.661,59.084,66.652,77.151,96.072,115.24,114.02,106.57,91.556,80.203,67.385,61.769,36.134,-6.3478,-58.229,-78.982,-84.964,-55.788,120.49,113.41,109.99,105.47,104.13,97.659,93.142,87.771,84.841,82.4,81.057,79.836,70.559,62.746,52.858,44.435
34.547,27.711,20.753,15.015,10.254,7.8127,6.4699,4.5167,1.587,-2.1973,-3.7843,-6.7141,-11.231,-16.48,-19.898,-22.706,-26.978,-29.298,-30.641,-28.565,-23.682,-17.579,-13.306,-5.8596,8.0569,18.067,26.734,31.861,37.355,36.378,29.786,24.781,21.485,29.054,26.246,11.597,-13.672,-36.012,-60.06,-93.387,-134.89,-163.95,-183.48,-179.94,-167.73,-158.45,-140.39,17.09,10.743,3.7843,-4.0284,-10.865,-14.527,-14.039,-15.748,-19.044,-18.921,-18.921,-16.358,-13.794,-12.452,-6.8361,-3.6622,-0.4883,0.97659,-1.8311
-4.0284,-4.1505,-3.6622,-4.3947,-5.2492,-5.005,-3.5401,-1.0987,-1.0987,-0.85452,0.73244,1.587,1.2207,1.8311,5.005,7.2024,8.179,6.2258,4.883,5.2492,2.5636,-0.61037,-3.9064,-1.9532,-1.9532,1.587,10.498,26.612,52.492,83.621,113.28,104.98,86.184,35.89,-13.306,-40.284,-64.455,-95.218,-163.46,-250.37,-321.79,-348.64,-353.65,-344.98,-314.83,-272.35,-216.07,133.55,123.78,121.34,116.34,108.89,101.08,97.293,93.265,84.353,81.301,73.977,64.089,58.351,48.708,41.993,34.425,34.303,28.687,22.095
19.532,16.602,15.015,12.696,15.87,18.555,21.729,24.049,28.199,30.152,31.983,31.617,32.228,34.547,33.326,31.983,31.495,32.472,34.181,36.866,37.111,37.477,40.04,36.134,36.378,39.918,47.731,49.318,49.562,50.05,48.341,38.209,33.082,31.251,24.659,8.9114,-17.945,-48.585,-100.22,-153.08,-197.52,-228.28,-229.13,-216.93,-202.4,-178.84,-175.66,143.19,132.94,118.53,104.25,85.696,65.432,41.871,16.114,-4.0284,-21.607,-38.209,-48.463,-51.515,-51.881,-48.219,-38.331,-30.03,-18.433,-10.376
-2.6856,0.61037,7.3244,15.87,20.875,21.607,25.758,27.711,30.885,34.303,39.308,38.82,36.622,35.89,36.866,30.152,24.293,26.734,25.758,22.462,21.363,24.293,27.1,27.223,27.955,34.547,44.069,52.98,65.065,75.076,85.086,93.387,92.044,103.89,101.57,77.395,30.152,-7.3244,-43.336,-89.846,-114.63,-141.36,-165.53,-154.18,-154.3,-140.51,-126.22,81.057,59.572,41.383,25.269,6.8361,1.9532,2.0753,-1.9532,-2.0753,-0.4883,0.61037,1.587,1.0987,2.5636,5.4933,8.5452,12.085,15.259,17.701
19.166,17.823,12.574,4.883,-1.8311,-7.3244,-9.888,-10.01,-8.7893,-10.254,-10.865,-8.7893,-7.6907,-7.0803,-7.9348,-8.301,-7.2024,-4.1505,0,4.5167,10.376,16.236,20.02,23.072,23.316,20.997,18.433,14.893,11.719,10.62,10.865,10.254,9.1556,8.4231,5.9816,3.296,3.4181,3.5401,4.1505,4.7609,1.3428,-0.73244,10.132,13.184,-17.701,-85.94,-162.36,-181.52,-149.66,-119.27,-97.293,-80.325,-71.291,-71.657,-79.592,-91.678,-104.13,-114.87,-130.25,-144.9,-154.55,-167.12,-181.77,-194.22,-204.72,-211.07
-218.88,-228.4,-233.41,-234.14,-238.41,-246.1,-246.71,-239.39,-228.16,-215.09,-206.55,-189.34,-168.1,-146.24,-125.98,-114.99,-100.34,-80.935,-62.014,-44.191,-31.983,-19.41,-7.3244,4.7609,16.358,23.927,31.251,40.04,45.412,45.289,41.749,39.064,29.298,17.212,6.7141,-28.932,-78.738,-114.14,-174.81,-192.63,-309.58,-396.98,-693.14,-1035.4,-721.09,-438.37,-603.17,-111.82,-133.67,-144.29,-149.66,-143.44,-125.61,-95.584,-69.338,-44.069,-18.189,0.61037,13.55,18.433,8.9114,4.2726,10.254,4.5167,1.3428,6.2258
-3.296,-14.771,-33.448,-47.609,-61.281,-57.497,-55.788,-58.473,-53.957,-43.825,-35.401,-21.241,-4.5167,-2.0753,-9.2776,-14.649,-8.179,-3.0519,8.6673,5.8596,0.12207,9.6438,13.794,2.3194,123.05,231.45,-49.196,-3.7843,78.249,38.331,-22.584,-133.06,-119.14,-223.64,-274.3,-419.32,-550.8,-698.02,-842.56,-892.24,-882.35,-925.81,-990.63,-1008.2,-857.94,-673.73,-577.53,73.855,75.32,71.169,60.793,47.243,37.233,29.176,20.875,13.062,6.9582,3.7843,3.1739,5.1271,8.0569,10.498,11.597,12.085,12.085,13.062
13.55,12.94,13.428,12.085,9.0335,6.8361,5.4933,5.7375,6.8361,8.301,10.01,11.231,11.475,11.719,12.329,12.94,13.428,14.283,15.503,17.457,18.799,20.264,22.706,23.927,26.49,30.519,35.524,35.279,41.383,50.417,56.887,78.494,120.85,151.37,179.94,241.34,295.66,342.3,374.4,362.56,343.15,340.22,335.09,258.19,133.67,-121.95,-271.25,-48.708,-33.815,-19.776,-9.2776,-5.8596,-7.6907,-9.2776,-9.1556,-8.5452,-10.743,-14.161,-15.87,-14.771,-10.987,-8.0569,-8.301,-10.865,-15.259,-20.875
-27.467,-33.204,-37.599,-39.796,-39.674,-39.552,-37.721,-36.5,-34.913,-33.815,-33.57,-34.913,-36.012,-37.477,-40.284,-43.458,-48.097,-54.323,-59.816,-64.577,-66.286,-67.019,-68.85,-71.78,-72.39,-73.489,-71.413,-68.606,-67.263,-62.38,-53.224,-45.167,-38.331,-22.217,-7.0803,-9.5218,-9.5218,-28.809,-109.74,-172.61,-259.65,-590.59,-656.27,-679.59,-577.78,-651.02,-477.19,12.329,17.212,18.555,15.625,9.7659,-1.8311,-13.672,-21.729,-25.758,-27.467,-28.321,-30.885,-32.838,-24.781,-20.264,-19.776,-12.085,1.3428,2.0753
10.376,20.386,29.908,18.311,-3.0519,-8.301,-6.592,-5.005,-9.888,-6.7141,-5.9816,1.0987,7.9348,15.015,36.5,82.644,85.208,121.59,46.754,20.508,54.811,138.07,129.03,136.36,189.95,189.21,114.87,41.261,-20.386,-98.88,-66.042,-50.539,-70.681,-232.43,-218.27,-229.26,-347.18,-487.93,-681.17,-843.65,-930.81,-974.88,-953.89,-876.74,-779.44,-748.31,-534.2,43.703,44.191,38.942,33.57,30.152,31.983,32.716,31.007,29.908,29.176,28.687,30.763,35.279,38.575,44.069,49.44,55.666,71.047,98.27
118.05,139.77,167.36,200.57,234.63,264.17,291.63,313.12,332.9,338.88,355.11,388.2,431.41,444.35,421.77,355.97,246.96,47.609,-130.86,-127.69,-73.733,-8.0569,62.38,54.201,40.162,28.321,12.207,13.062,9.6438,-6.4699,-20.508,-26.368,-25.269,-14.161,2.9298,21.973,32.35,28.199,16.48,-1.3428,-22.706,-53.346,-91.922,-135.75,-179.08,-217.29,-155.03,-39.064,-37.721,-38.331,-40.529,-43.336,-46.999,-50.539,-53.468,-56.642,-59.328,-59.084,-57.741,-55.91,-54.201,-51.515,-47.487,-41.871,-36.988,-33.57
-31.617,-31.007,-31.007,-30.274,-29.786,-28.321,-26.002,-23.682,-21.851,-21.485,-22.34,-24.171,-26.002,-28.443,-31.495,-34.547,-38.453,-42.36,-46.754,-52.004,-57.131,-62.014,-66.042,-68.606,-69.094,-68.972,-68.117,-66.408,-63.723,-61.403,-58.351,-54.445,-50.172,-43.092,-36.012,-52.37,-106.69,-134.77,-117.92,-358.41,-516.01,-229.5,-605.98,-558.49,-548.84,-464.86,-677.27,-100.22,-104.37,-111.33,-114.63,-130.25,-139.65,-142.58,-148.56,-175.79,-196.78,-224.01,-246.1,-248.05,-246.59,-232.06,-199.71,-157.84,-135.26,-143.31
-134.16,-69.826,127.81,179.08,192.02,157.72,161.87,198.98,246.83,277.23,279.55,280.4,290.54,281.99,-73,-78.372,-76.296,-63.234,-53.713,-49.806,-60.915,-86.306,-89.969,-101.57,-97.293,-88.26,-69.094,-70.315,-71.291,-94.607,-138.68,-180.79,-218.51,-245.98,-277.72,-313.24,-349.86,-373.42,-368.05,-359.63,-357.92,-329.23,-310.68,-290.41,-230.35,-302.01,-158.21,-14.283,-9.7659,-3.9064,2.4415,3.5401,4.1505,4.1505,2.6856,1.3428,-1.587,0.12207,2.3194,2.5636,1.9532,0.12207,-1.9532,23.316,13.55,-0.12207
-13.672,-19.532,-24.049,-31.861,-38.331,-35.279,-27.833,-23.682,-24.171,-17.457,3.7843,33.204,57.863,75.93,96.194,107.91,115.97,127.45,147.59,171.03,189.34,208.5,251.84,265.88,254.52,291.15,394.3,-85.818,-49.074,4.883,88.137,168.34,218.15,218.88,171.51,157.6,174.93,159.79,152.35,136.84,168.34,224.37,267.22,281.99,255.5,219.24,236.09,-200.93,51.393,-65.432,-333.14,-143.8,135.75,237.92,112.19,-25.147,-162.85,-171.27,-188.73,-200.2,-202.64,-220.22,-170.54,-23.072,102.79,194.34
265.27,396.62,521.13,548.97,537.98,483.9,433.48,440.08,451.06,-233.28,-140.26,-89.48,20.386,22.706,20.264,14.283,7.4465,8.179,16.724,25.513,35.524,49.44,56.764,53.835,40.162,29.176,19.166,5.7375,-8.0569,-17.823,-30.641,-54.689,-82.156,-112.06,-129.52,-138.8,-151.98,-172.98,-219.73,-396.01,-443.25,-444.11,-439.34,-442.52,-255.62,-233.53,-417.62,259.9,218.27,162.85,97.903,94.119,30.519,-73.733,-129.64,79.714,223.4,281.75,324.11,220.71,87.527,-23.804,-83.987,-82.766,-33.692,97.659
97.781,99.979,80.325,78.005,59.328,51.393,89.48,46.632,25.147,8.4231,-5.7375,-18.799,-25.636,-27.955,-29.176,-23.927,-19.41,-19.898,-13.794,-10.987,-7.2024,4.5167,13.184,11.719,12.818,8.4231,-1.587,-10.01,-14.283,-14.649,-10.62,-10.62,-9.7659,-6.8361,-3.9064,-1.0987,2.4415,8.6673,14.649,103.76,86.428,75.32,58.229,-89.602,-185.06,-135.14,97.293,271,315.93,322.28,297.49,267.22,216.19,136.72,27.1,-78.982,-156.5,-219.24,-274.18,-244.88,-366.47,-530.05,-645.41,-616.47,-518.57,-494.03
-445.57,-351.94,-259.04,-162.6,-112.8,-152.47,-185.8,-165.41,-77.395,-10.743,-69.704,-71.291,-27.955,-12.574,8.4231,51.027,79.226,85.086,96.438,111.94,82.156,56.032,13.794,-25.758,-55.422,-101.81,-158.94,-205.69,-221.08,-205.21,-97.537,-92.166,-94.485,-26.49,82.4,156.87,198.37,231.82,280.77,333.38,406.87,411.27,426.65,471.69,475.6,360.61,211.55,-18.677,-63.845,-61.037,-14.405,-2.9298,117.07,157.6,115.85,25.513,-37.233,-68.606,-91.8,-84.475,-32.838,-63.723,-94.729,-65.92,-38.087,24.171
-37.721,-77.395,-26.246,-10.01,-8.6673,-26.246,-54.933,-39.674,-32.594,-24.537,-10.254,6.8361,3.1739,-14.283,-10.865,-7.8127,0.97659,11.109,20.386,32.96,39.186,33.57,30.03,21.851,18.067,12.94,25.147,14.039,23.194,77.273,101.32,232.06,603.05,898.59,1202.4,1370.4,1337,909.45,593.28,352.31,235.24,292.73,276.74,226.57,91.067,26.49,21.485,51.637,92.898,83.987,41.261,94.363,169.56,271.49,319.22,286.51,242.93,189.95,149.54,107.18,73.366,-28.199,-15.625,42.238,64.943,37.843
-0.85452,10.132,31.373,-1.2207,-22.462,-20.875,4.1505,-17.579,-36.5,-28.199,11.963,79.348,72.756,-28.809,-71.291,-63.601,-53.102,-40.773,-35.524,-32.35,-12.085,7.5686,22.095,21.119,10.376,15.625,18.677,12.818,380.14,414.2,475.72,536.52,546.16,477.8,418.23,356.94,333.14,362.19,398.08,412.24,349.5,251.35,150.52,76.785,80.935,135.01,113.9,70.07,89.114,133.3,181.89,215.95,235.11,228.77,188.97,158.45,135.26,79.958,28.687,4.0284,-19.898,-51.515,-78.616,-85.574,-66.042,-18.311
28.443,60.427,91.433,135.75,187.63,240.73,273.57,292.86,279.67,160.53,0.85452,-60.671,22.95,32.838,107.3,119.75,67.385,5.9816,-17.212,0.61037,13.062,23.804,20.753,13.55,10.498,12.452,21.241,19.654,-90.335,-136.36,-127.93,-68.728,0.85452,57.131,107.43,107.43,160.53,218.88,284.68,366.34,438.25,518.57,565.2,535.29,497.7,509.17,384.29,149.66,13.184,-68.972,-133.3,-92.41,107.18,194.95,204.23,200.32,187.38,178.11,211.07,160.28,-87.405,-36.5,63.478,121.83,85.208,-15.992
-66.042,-62.746,-63.967,-50.172,-10.62,22.095,14.039,0.73244,14.649,29.786,11.109,-7.8127,-3.0519,11.231,14.161,10.254,-7.3244,-14.405,26.856,40.651,20.142,6.3478,7.8127,5.1271,-13.55,-27.345,-28.321,-30.519,-12.94,-14.893,-15.992,-14.893,-9.6438,-10.498,-12.94,-16.236,-15.015,-9.888,-8.5452,-13.794,-18.311,-7.5686,2.6856,4.883,2.8077,5.7375,15.015,45.045,80.691,88.26,74.343,75.076,91.433,-0.4883,-6.1037,132.69,220.83,293.47,327.77,183.84,89.358,78.494,67.507,58.84,56.154,57.497
63.845,68.606,66.286,68.361,80.081,93.509,96.438,66.774,46.388,40.284,47.731,53.591,38.087,17.335,12.574,14.527,1.9532,-16.48,-17.823,3.6622,12.94,8.7893,-1.3428,-4.6388,-0.97659,-0.85452,-14.649,-22.828,-2.9298,112.8,117.44,120.12,125,137.33,144.05,150.64,171.76,178.11,179.33,176.27,177.5,176.64,180.06,187.99,189.34,191.9,193.98,183.6,182.74,182.74,180.55,167.85,186.65,251.72,256.97,225.23,74.343,-42.116,-274.42,-483.05,-640.64,-659.81,-710.96,-497.21,-339.12,-132.21
-20.386,-58.84,-121.59,-75.442,19.166,-31.129,-127.32,-142.09,-113.28,-50.172,38.087,67.019,51.881,46.388,121.1,224.98,211.19,196.42,239.27,305.55,292.98,228.64,183.36,86.062,-3.4181,-71.413,-156.62,-216.32,-202.52,18.799,31.129,38.209,44.923,60.793,63.967,65.432,88.26,98.514,93.875,60.305,26.856,-9.5218,-37.111,-51.759,-53.713,-61.525,-76.418,-91.678,-142.7,-88.137,9.7659,112.67,205.33,317.15,448.87,637.47,774.56,739.52,427.26,1688.3,1281.3,1007.1,331.68,-100.1,-133.18,-47.243
-236.82,-228.77,-280.4,-253.91,-273.32,-270.64,-295.18,-256.97,-134.53,-86.306,-55.177,-44.435,11.475,68.85,81.79,78.127,69.338,81.057,80.569,83.01,82.644,143.56,149.54,119.63,87.893,60.793,6.4699,48.219,21.485,25.513,9.3997,-9.0335,-15.137,-11.231,5.005,9.1556,3.9064,3.296,14.405,18.555,-20.508,-45.9,-21.851,17.212,57.375,99.612,133.67,156.01,224.13,292.61,346.08,443.86,523.21,614.52,688.99,655.54,931.3,258.19,390.39,-760.52,-775.17,-255.38,9.5218,120.85,146.24,60.183
5.2492,35.768,65.188,68.117,88.137,74.343,5.4933,-49.44,-56.52,-41.749,-27.1,-2.8077,46.632,70.193,58.473,-1.9532,114.14,128.54,89.358,75.076,118.17,177.01,343.64,274.67,62.99,-5.2492,-16.968,-17.09,49.684,47.121,43.825,41.139,33.448,19.044,-1.4649,-25.025,-46.876,-40.773,-17.823,-14.039,-11.109,-4.6388,13.672,27.1,49.928,83.865,79.958,75.808,107.18,133.92,142.7,128.91,179.57,209.85,228.28,254.28,697.53,1529.2,1329,1042.1,819.97,398.08,269.91,-98.514,-59.694,-257.21
-295.91,-316.29,-330.7,-307.63,-190.56,-171.27,-145.63,-61.403,-7.6907,44.313,72.512,49.562,46.022,88.626,102.42,124.27,151.13,134.77,116.34,126.22,136.6,204.96,387.71,454.97,395.4,86.306,-123.78,-75.198,-17.701,-15.259,-17.579,-15.137,-6.9582,-1.9532,2.1973,16.968,32.105,43.458,49.074,53.224,73.611,91.678,91.8,85.452,87.283,95.096,103.27,125.49,156.5,177.5,192.51,224.62,302.38,484.27,616.35,636.98,660.18,587.3,650.29,586.08,323.62,363.78,-20.264,-251.96,-6.9582,73
177.98,228.16,129.28,90.335,-43.825,-129.15,-112.8,-41.383,-29.42,-84.231,-111.21,-91.311,-65.554,-65.554,-63.723,-29.42,20.753,-62.014,24.171,101.93,105.84,138.19,134.77,237.07,51.027,14.771,-60.183,-22.217,66.408,60.183,42.116,38.087,40.284,40.895,39.674,41.383,42.97,39.796,24.781,14.039,13.428,5.4933,8.9114,1.2207,-2.9298,-27.833,-37.233,-9.3997,4.3947,18.555,64.821,97.415,161.87,296.64,440.81,598.53,850.49,1124.3,1393.2,1163.9,879.67,731.71,369.27,99.246,169.56,156.5
19.776,-145.63,-323.25,-432.51,-470.72,-459.12,-418.59,-380.5,-346.93,-312.75,-290.17,-223.88,-128.18,-41.871,4.6388,34.913,42.116,61.281,45.534,10.01,-13.428,-49.44,-81.179,-112.19,-117.07,-104.62,-111.09,-143.19,-124.15,52.37,59.084,67.141,77.517,93.02,111.21,125.25,138.43,158.94,183.6,201.06,220.83,245.61,280.16,306.65,330.33,338.63,408.83,411.88,378.92,337.17,274.79,244.64,180.55,106.69,50.905,31.617,97.537,216.68,296.76,206.06,18.799,63.967,-144.78,221.44,568.38,522.48
284.31,420.42,440.69,378.8,293.1,219.61,180.43,161.02,136.97,136.48,140.63,157.23,162.72,153.45,123.42,84.719,-27.223,-151.86,-234.02,-308.36,-319.22,-345.23,-387.46,-350.72,-219.86,48.708,-29.42,38.82,-1.709,52.126,53.957,55.422,57.253,60.915,71.169,81.179,81.912,74.099,62.99,56.52,34.303,6.592,-34.059,-52.614,-27.711,-1.2207,2.0753,73.366,252.94,440.32,563.49,637.23,430.56,528.34,900.91,980.13,871.73,456.92,247.93,110.11,-23.927,-27.467,-18.921,-86.184,-113.16,-7.3244
-137.7,1.709,166.02,182.13,131.23,83.254,65.31,43.58,17.457,-6.9582,-45.167,-68.117,-127.69,-164.92,-171.03,-101.32,-50.172,-22.828,9.0335,16.968,21.363,-8.5452,56.764,108.89,153.69,94.119,46.266,18.311,43.214,58.229,70.07,78.494,78.372,79.836,67.141,61.769,49.196,33.448,0.97659,-47.243,-77.883,-86.428,-78.738,-88.015,-87.527,-80.325,-29.054,7.3244,55.055,157.96,236.46,337.53,516.74,683.74,691.06,662.25,653.95,848.17,775.17,810.94,73.855,384.17,21.973,87.771,-14.771,-119.14
-99.002,-180.67,-228.89,-164.68,-237.43,-185.43,-150.64,-87.771,-96.927,-59.572,-40.04,-44.435,-28.687,10.62,14.283,37.111,56.154,95.828,145.51,88.992,-49.562,-100.47,26.856,-66.164,-105.59,-117.44,-102.3,38.209,97.049,111.45,130.86,141.85,144.54,139.41,130.13,130.01,135.99,134.4,157.11,163.58,166.88,166.63,166.39,152.59,105.72,-17.701,-156.13,-232.55,-269.78,-285.53,-254.04,-199.59,-160.89,-130.13,-231.45,-392.83,-618.92,-783.59,-923.37,-970,-734.52,-305.06,-207.65,-187.75,-102.42,-108.4
-163.34,-146.73,-120.98,-129.15,-119.27,-92.166,-95.584,-60.183,-24.903,18.189,77.029,108.89,172,246.59,250.62,230.11,224.49,220.71,181.89,142.7,82.644,-11.475,-82.888,-103.64,4.6388,4.7609,11.109,18.921,20.264,17.945,16.968,17.09,17.457,20.142,22.706,21.119,22.828,17.212,12.085,18.677,-18.799,-32.716,-27.589,-28.687,-32.35,57.741,179.2,179.69,221.32,348.64,375.5,413.1,348.28,359.02,457.9,512.59,339,10.254,4.883,0.12207,0.12207,2.9298,7.3244,13.794,19.532,22.706
23.438,22.706,20.753,17.701,14.893,12.452,10.132,7.9348,6.7141,6.1037,6.592,7.4465,6.4699,2.5636,-1.9532,-4.883,-3.9064,-0.4883,0.24415,-2.3194,-4.3947,-5.8596,-5.005,0,0.24415,-0.12207,5.9816,16.846,23.316,28.809,27.589,29.42,33.57,35.157,37.965,43.58,50.172,49.806,52.126,35.524,18.921,53.957,72.756,73.611,74.953,69.338,40.529,38.087,50.661,25.636,2.9298,17.701,75.808,62.258,-90.945,-138.68,142.09,-15.625,-15.503,-13.794,-5.2492,5.9816,13.184,13.55,12.94,13.55
13.428,12.085,10.498,9.5218,8.9114,5.8596,2.1973,-2.3194,-6.1037,-8.9114,-8.9114,-12.452,-17.701,-21.607,-23.804,-23.438,-25.147,-28.932,-30.763,-28.809,-25.147,-20.02,-16.114,-13.184,-10.01,-6.3478,-1.709,3.6622,9.5218,17.701,29.42,38.453,49.806,56.764,56.887,51.637,43.58,42.116,54.079,64.333,69.46,68.484,62.624,59.084,67.995,61.281,50.783,53.102,44.435,24.293,39.552,80.813,142.95,217.05,201.79,88.87,396.13,54.445,41.017,27.345,11.353,13.55,19.898,24.659,25.636,23.316
23.072,22.828,20.264,18.311,16.846,16.48,16.236,17.212,14.283,8.5452,2.9298,-2.0753,-3.9064,-5.2492,-5.2492,-3.7843,-0.24415,5.005,6.7141,6.4699,4.0284,1.0987,-3.296,-5.6154,-5.005,-2.1973,1.4649,2.0753,4.883,13.794,20.875,23.56,22.95,21.119,25.269,42.116,62.99,72.756,102.18,113.28,109.99,124.39,136.97,113.16,86.917,63.356,26.978,-9.7659,-35.768,-53.224,-42.604,-4.7609,67.629,159.67,176.52,104.13,110.6,331.06,364.51,12.94,14.527,15.259,15.625,14.283,13.428,13.916
16.358,17.335,15.87,16.236,19.898,22.828,23.804,23.804,24.659,24.659,23.927,26.124,27.1,26.124,25.513,29.664,36.378,45.045,63.845,103.4,120.85,119.75,150.88,200.57,229.26,241.83,233.28,224.62,226.08,208.26,154.18,84.597,56.398,105.59,118.9,58.229,37.477,-2.4415,-30.396,-14.893,25.391,44.313,50.172,53.591,46.144,38.942,30.885,23.072,21.241,20.753,19.044,20.264,13.184,3.296,-3.5401,-0.61037,20.753,23.804,54.445,-17.579,-15.259,-13.428,-10.376,-7.5686,-5.4933,-3.7843
-1.3428,-0.85452,0.85452,1.9532,5.7375,10.743,13.916,13.55,11.475,9.888,9.0335,10.865,15.381,20.875,26.612,31.617,32.96,32.472,29.542,27.589,25.758,21.973,15.625,13.062,12.574,9.6438,3.0519,-4.3947,-9.3997,-9.2776,-9.6438,-12.696,-12.329,-5.9816,5.3713,13.794,22.34,30.396,51.027,71.78,85.086,95.096,109.26,118.78,128.67,134.89,136.72,128.18,112.19,99.734,70.437,53.835,49.318,14.161,-4.883,65.31,92.288,83.621,-54.933,1.0987,0.24415,-1.3428,-2.0753,-2.5636,-3.7843,-4.2726
-5.7375,-7.6907,-10.498,-12.329,-13.062,-14.161,-15.137,-15.015,-16.358,-17.823,-20.02,-22.217,-22.095,-18.677,-15.137,-12.452,-11.719,-12.329,-14.039,-15.259,-15.381,-15.625,-19.166,-24.659,-32.228,-38.82,-35.279,-27.589,-20.875,-14.893,-4.6388,2.6856,0.12207,-9.2776,-16.236,-10.987,-1.0987,-15.625,-8.4231,15.992,30.274,46.632,64.333,88.992,134.4,160.41,174.93,216.07,248.91,265.63,270.39,244.15,171.27,115.73,95.828,120.85,186.53,369.03,281.75,191.17,51.637,18.067,19.288,19.532,20.631,20.875
21.729,22.462,22.217,22.34,22.584,23.194,24.903,23.927,21.241,17.945,15.748,15.015,14.527,14.283,12.452,11.109,10.62,11.109,9.5218,11.597,14.039,12.94,9.6438,6.8361,4.3947,4.5167,4.0284,4.7609,4.883,1.3428,-1.709,-1.9532,-1.4649,-2.8077,-3.4181,-0.12207,6.9582,10.254,3.7843,6.592,21.973,35.524,49.318,48.097,42.726,28.687,22.584,29.42,24.781,9.7659,8.9114,10.132,0.24415,-27.711,-29.054,10.376,53.102,72.634,74.465,43.092,-48.219,-40.04,10.132,8.9114,8.7893,7.0803
6.1037,5.8596,6.2258,6.1037,6.4699,6.2258,5.7375,5.4933,4.2726,2.1973,0.85452,-0.12207,-0.61037,-0.36622,0.97659,1.2207,0.4883,1.4649,3.1739,4.1505,6.1037,7.0803,7.9348,10.01,15.748,18.677,20.142,20.02,19.166,17.457,11.719,6.3478,2.9298,-1.0987,-3.7843,2.3194,5.6154,1.4649,-4.2726,-0.36622,10.254,8.6673,4.7609,12.574,24.049,30.396,29.786,28.077,29.298,25.513,39.43,43.092,42.726,52.858,65.31,73.733,85.452,129.76,175.54,131.47,11.231,10.01,14.161,15.137,14.283,13.306
12.452,11.597,10.62,9.7659,9.2776,8.4231,7.0803,6.8361,5.9816,5.005,3.7843,3.0519,2.6856,2.6856,2.3194,2.3194,2.8077,2.1973,1.2207,1.4649,1.9532,2.5636,3.0519,1.9532,0.61037,-0.12207,3.0519,8.4231,10.62,11.475,14.039,16.48,16.724,19.41,22.584,25.025,23.438,23.927,27.223,31.983,31.373,39.186,46.51,60.549,88.87,89.724,80.447,81.179,75.32,53.224,43.092,61.892,97.781,84.597,28.565,6.4699,37.965,140.26,206.06,136.97,65.554,7.8127,37.111,3.9064,7.0803,10.254
12.574,14.405,15.503,15.381,15.015,13.916,13.794,12.696,10.865,10.254,9.6438,9.3997,10.62,12.696,13.184,9.6438,4.5167,-0.4883,-2.6856,-0.36622,16.48,34.669,36.134,37.111,42.604,39.43,27.833,16.358,11.353,10.254,5.8596,-2.4415,-8.7893,-11.231,-11.963,-9.0335,-1.709,10.376,22.217,43.092,73.733,101.93,112.19,117.19,131.47,127.2,101.32,84.353,105.47,130.5,134.77,159.18,175.66,213.63,250.5,244.03,217.54,238.9,220.59,218.51,265.51,220.59,254.65,10.498,10.498,9.7659
9.1556,9.1556,8.5452,6.9582,5.3713,4.5167,4.6388,3.9064,2.5636,2.8077,3.9064,4.2726,4.6388,5.2492,5.7375,6.592,6.8361,7.8127,9.1556,9.2776,9.6438,9.7659,9.888,9.5218,8.9114,9.0335,9.1556,9.3997,9.6438,8.9114,7.3244,4.1505,3.7843,5.7375,5.005,1.9532,-2.0753,-9.3997,-15.87,-19.654,-25.391,-30.885,-29.176,-17.212,-2.9298,2.5636,2.3194,2.4415,18.189,26.49,20.875,27.1,37.477,51.271,59.694,71.291,87.283,106.08,92.776,95.462,175.79,199.35,99.979,-13.428,3.4181,4.1505
5.6154,4.1505,2.8077,1.9532,4.3947,6.4699,6.2258,7.3244,6.7141,5.1271,4.5167,4.6388,3.7843,3.1739,2.1973,3.0519,1.709,0.24415,-0.61037,-1.8311,-3.0519,-4.5167,-6.7141,-8.7893,-9.1556,-8.0569,-7.5686,-7.8127,-8.7893,-9.7659,-6.592,3.9064,10.987,12.696,13.55,15.137,9.5218,4.6388,2.1973,-2.0753,-14.893,-27.955,-30.519,-24.049,-20.264,-23.804,-5.005,24.293,49.806,64.211,69.094,72.512,68.239,38.453,57.375,28.077,25.025,72.512,145.15,200.08,204.11,114.87,60.915,169.93,-31.129,3.296
3.9064,3.9064,5.005,5.7375,5.6154,5.8596,6.1037,6.8361,7.3244,8.301,9.1556,9.7659,10.376,10.498,10.498,10.62,11.109,11.597,11.353,11.719,11.597,11.353,10.376,9.2776,7.3244,6.2258,5.2492,5.6154,4.6388,4.7609,5.005,5.3713,3.5401,1.0987,0.85452,5.9816,10.498,9.3997,4.2726,1.0987,5.8596,9.888,8.4231,5.8596,4.5167,10.254,17.823,20.631,28.687,35.89,42.482,40.651,37.721,31.007,39.796,43.092,30.152,67.995,90.091,80.447,147.1,241.1,247.2,160.53,-3.9064,4.6388
4.7609,2.9298,2.5636,3.5401,4.883,6.4699,8.179,9.3997,11.475,13.062,14.893,16.48,17.457,17.579,16.724,15.625,14.283,12.574,13.916,14.893,17.823,19.898,19.41,15.015,8.7893,6.7141,8.0569,9.2776,11.231,14.527,16.968,17.701,17.457,15.992,13.672,8.7893,5.6154,3.7843,4.7609,6.592,8.5452,20.386,15.259,51.881,70.437,85.208,115.48,141.24,160.16,200.32,243.29,273.45,299.45,323.37,337.17,349.86,361.71,339.24,301.52,239.63,152.47,94.852,70.681,66.286,138.55,283.7
14.405,13.916,13.916,14.527,14.893,15.137,15.87,16.114,15.625,15.503,15.748,15.87,14.283,13.55,12.207,11.353,10.376,8.179,7.0803,6.1037,5.4933,4.7609,6.592,8.9114,12.818,10.254,5.6154,3.6622,1.9532,-0.36622,0,6.592,15.87,19.776,18.799,16.358,19.898,25.025,26.368,27.589,31.007,30.03,28.443,25.513,26.612,36.378,49.562,46.632,54.811,62.502,66.53,60.305,40.407,12.696,-2.8077,-26.002,-48.219,-41.627,-34.791,6.3478,104.01,169.68,180.43,94.852,111.09,200.32
299.81,8.301,6.4699,5.7375,5.1271,4.2726,4.3947,4.2726,4.0284,3.296,2.3194,2.4415,3.4181,3.7843,2.9298,1.9532,1.3428,2.0753,2.5636,3.1739,3.5401,3.7843,4.2726,5.3713,6.8361,8.6673,10.376,12.329,13.306,12.452,11.841,9.0335,7.3244,3.1739,5.3713,6.7141,3.7843,1.0987,6.2258,5.8596,4.3947,5.1271,8.6673,14.039,22.828,28.809,34.181,40.651,48.585,54.811,74.221,121.1,152.96,141.97,147.71,158.45,159.55,163.82,152.84,163.58,195.93,256.84,317.39,425.06,531.27,554.22
497.82,-4.7609,-7.0803,-7.8127,-7.0803,-5.3713,-3.0519,-3.296,-4.0284,-3.296,-1.709,-0.97659,-1.709,-0.73244,1.587,3.296,3.4181,4.3947,5.9816,8.9114,11.475,11.841,13.306,14.649,16.602,19.044,19.776,19.898,19.41,18.799,17.701,17.579,17.701,16.724,14.649,11.841,9.0335,7.9348,7.8127,9.2776,12.329,10.987,1.9532,-0.73244,13.306,25.025,32.594,44.923,61.281,75.564,84.353,96.194,108.77,124.27,148.69,170.17,196.66,223.03,227.3,188.6,171.03,191.9,153.57,117.19,53.957,28.321
15.992,15.381,17.09,17.823,18.067,18.433,19.044,19.654,20.264,21.851,23.438,25.025,27.1,28.687,29.298,30.274,31.739,33.204,34.547,35.768,36.256,35.768,34.913,34.059,34.303,34.059,33.57,32.228,30.274,29.298,30.763,32.35,33.082,32.594,31.739,32.228,33.448,35.279,35.646,33.937,32.105,34.425,34.913,36.256,37.721,47.975,54.689,56.52,57.253,58.351,66.897,87.283,87.893,70.559,70.559,80.325,49.562,67.873,107.55,114.51,128.67,167,238.29,325.21,304.09,230.48
216.32,469.62,5.2492,5.9816,6.1037,7.4465,9.3997,10.62,10.865,10.132,8.7893,7.8127,6.592,4.5167,2.1973,0.97659,-0.4883,-1.8311,-2.3194,-3.6622,-7.2024,-10.62,-13.428,-14.039,-14.893,-17.823,-21.119,-25.391,-26.856,-27.345,-28.077,-28.077,-26.124,-12.818,-3.4181,0.85452,4.1505,4.2726,13.916,18.433,8.7893,-4.7609,-12.329,-17.579,-33.082,-4.0284,56.032,73,84.964,111.82,126.71,139.53,143.68,137.58,119.51,98.88,72.756,51.881,51.393,75.076,113.04,-159.43,19.044,196.54,127.93,238.9
344.49,175.79,-79.958,-66.408,-22.584,18.433,4.883,-16.846,-3.9064,0.85452,-12.452,-13.428,0.97659,26.124,36.012,25.147,36.012,44.313,26.246,9.7659,5.2492,24.415,61.892,70.193,50.539,30.396,5.6154,126.59,37.721,18.311,-12.696,57.009,75.564,12.574,20.997,15.381,-3.0519,13.306,12.329,9.7659,22.095,38.82,31.739,13.184,15.625,33.204,41.749,7.3244,-8.0569,3.296,5.6154,5.8596,0.85452,11.841,28.565,27.223,25.88,13.672,14.161,30.519,32.838,31.617,45.9,39.43,12.207,28.321
20.753,8.4231,63.478,36.866,-121.71,-143.93,-146.86,-136.48,-122.68,-109.13,-97.659,-90.213,-86.795,-85.574,-79.958,-74.465,-64.943,-51.271,-34.303,-14.283,4.0284,13.672,22.828,24.537,23.927,25.147,22.706,24.171,24.293,28.077,32.838,37.599,45.167,52.492,56.642,62.624,68.117,71.657,74.587,77.273,75.93,80.081,78.372,71.413,69.46,71.535,73.489,76.296,72.268,71.169,74.465,80.813,85.33,89.602,92.41,95.95,106.33,120.85,135.75,146.24,154.42,161.63,170.17,168.95,181.16,186.65
139.41,167.24,159.79,192.02,49.806,54.201,54.201,55.422,50.172,46.388,42.116,32.838,20.631,12.207,10.01,6.4699,4.0284,3.4181,3.6622,2.6856,2.0753,-0.97659,-4.5167,-3.0519,1.709,7.6907,7.8127,8.0569,10.254,12.574,15.625,16.358,17.335,19.776,19.288,19.654,16.846,13.916,9.0335,7.4465,12.329,10.254,6.1037,2.8077,1.9532,5.8596,4.883,-0.97659,-1.2207,0.73244,8.6673,-0.12207,-9.7659,-6.2258,-2.4415,-4.2726,-6.1037,-8.4231,-6.8361,-5.8596,10.498,35.279,31.983,-9.5218,89.724,81.179
168.83,-139.9,-471.82,-100.1,5.9816,2.8077,3.5401,3.9064,3.0519,2.9298,1.2207,4.883,5.4933,2.9298,2.0753,-1.9532,-3.4181,0.36622,-2.0753,-2.5636,1.3428,4.883,8.301,10.987,10.376,10.498,10.62,11.719,11.719,10.01,9.888,7.9348,8.179,9.3997,6.3478,4.6388,5.3713,4.6388,5.2492,2.1973,-3.9064,-7.2024,-6.9582,-5.6154,-8.9114,-12.085,-13.184,-15.87,-17.212,-26.002,-29.054,-30.03,-26.734,-30.396,-39.064,-41.261,-34.181,-24.537,-7.8127,-29.664,-12.94,-9.1556,29.42,-171.39,-224.62,-162.6
-159.92,-377.45,-575.33,-539.93,-9.6438,-10.62,-2.6856,-1.587,1.587,1.9532,-0.97659,-2.9298,-4.5167,-7.5686,-13.794,-20.386,-27.223,-26.856,-24.903,-24.903,-36.5,-61.159,-73.733,-89.114,-95.95,-102.79,-107.55,-101.57,-117.56,-227.91,-307.26,-310.92,-119.39,-225.1,-252.45,-285.53,-253.43,-241.1,-166.14,-369.03,-229.99,-227.06,-78.616,-178.23,-157.23,-227.18,-245.61,-220.47,-204.11,-179.57,-166.39,-169.68,-152.1,-107.43,-38.942,23.438,63.845,112.92,171.15,222.42,301.28,246.96,204.84,246.47,250.13,253.67
271.86,263.56,319.35,-63.967,15.259,15.503,14.893,13.55,4.1505,-8.179,-16.968,-22.34,-18.189,-14.527,-11.841,-12.696,-15.748,-17.09,-16.968,-19.166,-22.095,-26.246,-25.391,-22.706,-20.875,-13.062,-10.01,-5.1271,-3.296,-2.0753,-2.3194,-1.2207,-2.6856,-6.592,-6.592,-8.0569,-5.1271,-3.9064,-3.7843,-4.2726,-8.5452,-4.1505,-1.0987,-6.8361,-12.207,-16.968,-23.316,-22.34,-26.734,-32.472,-44.313,-45.778,-36.988,-40.651,-29.542,-16.48,1.4649,-11.353,1.2207,-10.376,-19.776,-41.261,-295.05,-521.5,-428.36,-246.96
-387.34,-410.66,-636.49,-539.57,-36.988,-32.716,-30.03,-31.129,-27.955,-25.025,-20.386,-19.41,-17.823,-11.109,-8.6673,-7.3244,-2.4415,4.2726,8.0569,7.5686,6.4699,2.4415,-3.9064,-0.12207,2.3194,-2.8077,-9.2776,-12.818,-15.381,-17.09,-14.893,-16.358,-18.677,-19.288,-16.968,-17.335,-11.841,-5.1271,1.709,0.24415,-3.5401,3.5401,12.207,14.039,16.968,12.574,20.753,29.542,30.641,26.49,20.997,26.856,36.988,37.233,33.692,41.505,43.092,41.139,39.308,46.144,59.938,47.487,54.445,47.243,92.532,166.88
266.98,323.13,192.63,191.41,-84.597,-285.04,-275.64,-319.47,-114.63,66.164,75.198,165.41,53.957,-37.355,-78.494,-135.87,-125,-165.29,-162.24,-161.63,-149.3,-63.478,-0.36622,24.415,-2.4415,15.992,104.13,79.958,81.545,76.418,89.358,43.825,-6.4699,-9.2776,11.719,-0.97659,0.85452,-2.4415,-5.6154,-6.3478,-7.5686,-8.4231,-7.0803,-7.9348,-9.1556,-9.888,-10.498,-16.846,-12.94,-17.212,-16.846,-17.579,-17.457,-16.236,-15.259,-11.963,-10.132,-10.987,-9.5218,-8.5452,-7.4465,-3.5401,-2.8077,-3.7843,-3.5401,-5.3713
-6.7141,-10.376,-14.649,-16.48,-18.311,-20.142,-33.204,-36.256,-39.796,-47.365,-51.393,-47.853,-47.121,-50.417,-51.027,-50.539,-55.422,-65.31,-62.624,-63.234,-54.201,-68.361,-78.494,-88.137,-65.432,-19.898,-213.51,-149.54,-202.15,-25.88,-161.38,-188.36,-85.208,-212.53,-370.13,-495.62,-33.692,-24.781,-20.508,-9.1556,-9.7659,-3.4181,1.709,-5.7375,2.0753,3.6622,4.3947,14.405,23.316,18.677,24.781,25.391,18.921,13.672,20.264,17.09,2.0753,8.7893,12.085,5.005,-2.5636,-6.9582,-2.9298,0,-11.109,-17.457
-3.1739,-2.6856,-15.992,-18.799,-15.748,-26.49,-41.627,-32.838,-25.147,-36.378,-38.453,-32.96,-31.983,-35.89,-52.492,-61.769,-62.38,-57.253,-79.226,-109.01,-103.76,-108.65,-115.48,-107.06,-95.584,-96.805,-137.7,-332.29,-278.82,-265.88,-277.47,-169.44,-517.84,-301.03,-417.62,-610.25,-29.176,-15.625,-7.3244,3.296,11.841,13.55,11.841,9.3997,6.3478,9.2776,9.7659,14.649,23.072,28.199,29.298,26.978,29.542,33.204,31.617,29.786,27.223,20.386,16.236,15.381,10.254,6.4699,5.4933,1.3428,-9.6438,-15.137
-12.696,-15.748,-21.729,-29.298,-32.105,-32.228,-29.786,-31.861,-30.641,-29.42,-32.105,-33.815,-36.012,-46.022,-55.055,-62.502,-71.902,-72.756,-69.948,-75.686,-93.753,-112.92,-103.4,-111.58,-127.08,-139.53,-130.38,-113.41,-108.65,-392.35,-424.21,-409.19,-328.01,-218.27,18.799,-490.13,73.366,94.119,109.99,125,150.03,175.66,193.49,214.48,237.43,235.48,233.41,222.17,220.83,190.68,161.26,155.77,132.57,115.6,85.33,63.356,45.412,25.391,-4.883,-25.147,-46.388,-53.591,-59.694,-59.084,-61.159,-63.112
-71.413,-73.366,-74.953,-75.32,-69.46,-66.774,-62.136,-60.06,-59.938,-54.201,-52.614,-54.811,-42.97,-39.674,-30.641,-31.373,-43.947,-47.121,-42.482,-39.186,-42.726,-36.134,-22.095,-34.791,-42.482,-23.682,-37.477,-18.311,-56.276,-41.627,-74.709,-82.4,-137.46,-431.65,-672.14,-976.1,13.428,30.03,50.295,61.769,77.639,100.71,125,141.97,169.07,186.65,202.64,196.54,190.07,182.38,161.99,150.15,126.1,114.51,91.556,68.484,25.025,2.5636,-8.0569,-27.833,-44.923,-53.224,-54.933,-59.694,-60.427,-67.141
-66.164,-69.826,-71.657,-70.681,-71.535,-78.86,-67.507,-60.305,-52.126,-50.539,-41.261,-32.228,-29.42,-23.072,-18.311,-27.1,-31.007,-36.988,-37.721,-50.05,-47.365,-74.587,-4.7609,30.152,49.318,-43.458,-111.09,-116.09,-195.44,-447.52,-469.86,14.527,-487.81,-368.18,-569.96,-406.75,2.1973,3.5401,6.4699,5.6154,8.5452,7.3244,8.0569,8.4231,8.4231,7.5686,9.6438,7.5686,6.9582,5.1271,5.9816,4.6388,1.709,-1.9532,-5.2492,-6.1037,-6.8361,-5.4933,-5.005,-4.7609,-3.6622,-4.6388,-7.8127,-9.7659,-11.719,-15.137
-18.189,-16.114,-13.428,-15.015,-17.823,-20.264,-25.147,-19.776,-24.781,-26.368,-30.641,-30.641,-24.781,-26.734,-38.087,-41.139,-47.365,-40.284,-42.482,-64.333,-45.412,-19.532,-63.478,-104.13,-119.02,-93.142,-138.92,-278.08,-683.74,-448.38,-444.72,-465.96,-718.65,-146.24,-165.41,-377.57,-19.044,-16.602,-16.602,-16.724,-14.649,-9.3997,-2.5636,5.005,13.672,19.532,22.828,32.96,38.331,46.754,45.289,40.651,40.284,37.111,30.03,23.194,29.908,26.49,25.88,27.467,19.654,20.02,13.672,13.062,8.7893,6.2258
2.5636,-0.12207,-0.61037,2.5636,-5.005,-3.4181,-4.1505,-0.97659,6.592,5.7375,-6.2258,-6.9582,1.3428,2.3194,-3.6622,-3.5401,2.0753,2.8077,-0.24415,0.97659,-11.353,-14.161,-33.082,-45.289,-72.024,-75.686,-46.266,-39.43,-39.796,-456.19,-315.93,-148.44,-278.08,24.781,-309.82,-256.23,-18.677,-9.7659,-5.005,-7.9348,-10.376,-13.062,-25.88,-41.749,-49.684,-47.975,-44.069,-34.669,-34.303,-31.739,-33.937,-32.105,-37.721,-43.214,-44.435,-50.661,-54.201,-55.055,-56.398,-62.136,-66.897,-71.413,-67.263,-73.611,-80.691,-83.01
-92.532,-94.485,-96.927,-91.189,-98.636,-105.59,-107.06,-96.561,-104.62,-120.85,-128.3,-118.29,-124.76,-129.64,-131.47,-142.95,-157.6,-154.42,-167.36,-180.91,-187.63,-179.33,-192.51,-203.01,-211.68,-194.59,-240.97,-184.21,-206.06,-260.63,-251.84,-265.76,-105.96,-59.816,70.681,-12.696,-14.283,-17.945,-19.532,-20.264,-20.02,-20.508,-24.903,-22.95,-25.025,-26.246,-25.269,-28.932,-33.448,-38.82,-40.773,-47.853,-50.661,-54.567,-54.811,-57.375,-57.253,-60.427,-59.816,-66.652,-78.616,-78.494,-79.348,-82.522,-89.114,-69.826
-69.582,-83.377,-102.66,-107.3,-113.77,-103.03,-111.7,-136.48,-173.96,-161.75,-148.93,-159.43,-177.74,-151.37,-176.64,-210.7,-226.45,-209.72,-194.71,-235.72,-249.76,-249.28,-285.29,-297.13,-304.7,-324.35,-330.58,-341.07,-303.48,-337.29,-304.09,-378.8,-439.83,-353.77,-251.23,-14.771,-18.189,-21.607,-16.358,-16.48,-20.753,-19.166,-15.015,-12.574,-13.184,-21.851,-23.682,-28.932,-24.903,-26.612,-25.025,-26.49,-29.054,-33.692,-36.866,-40.284,-40.04,-39.674,-36.744,-44.679,-45.9,-51.637,-61.403,-65.188,-67.385,-76.785
-71.169,-89.724,-92.044,-96.683,-104.86,-106.45,-114.75,-123.05,-120,-129.28,-151.62,-146,-175.3,-199.22,-186.53,-175.79,-212.65,-251.23,-275.15,-318.74,-328.87,-346.69,-367.32,-394.42,-444.59,-445.81,-462.29,-446.42,-373.3,-515.03,-367.81,-298.84,-232.67,-105.47,-291.76,-2.9298,8.179,-4.5167,-6.2258,-6.2258,-10.254,-18.189,-22.095,-22.95,-21.973,-21.485,-18.189,-20.386,-23.194,-29.664,-30.152,-35.279,-39.064,-41.871,-38.575,-36.012,-37.843,-39.552,-39.308,-38.331,-41.383,-45.412,-45.656,-54.079,-55.666,-55.055
-62.624,-72.024,-80.081,-79.592,-82.4,-85.696,-102.66,-115.6,-117.31,-134.89,-131.96,-147.83,-152.47,-150.76,-164.68,-193.12,-214.48,-186.65,-215.22,-271.61,-250.62,-274.79,-306.04,-291.76,-316.78,-349.74,-394.79,-414.81,-426.89,-462.29,-537.13,-468.64,-422.25,-272.71,-70.07,-44.191,-39.552,-37.843,-33.57,-30.152,-32.35,-34.669,-42.848,-48.585,-47.243,-55.055,-67.751,-73.122,-82.4,-82.034,-79.348,-76.296,-84.597,-93.997,-111.33,-130.62,-144.78,-150.15,-142.7,-163.58,-182.99,-178.47,-184.94,-201.54,-228.28,-249.76
-252.57,-268.32,-278.82,-294.69,-316.9,-313.12,-320.32,-333.87,-394.54,-352.92,-338.51,-425.18,-332.16,-245.74,-120.12,-193.85,-152.59,110.48,-111.45,-21.729,-93.631,-152.47,128.06,-330.09,-276.13,-44.435,-145.39,-118.05,-44.435,-25.88,-18.799,-28.687,-31.007,-15.87,-128.79,9.5218,-5.7375,-8.5452,-11.963,-12.696,-17.09,-18.067,-21.729,-20.02,-14.283,-21.851,-26.49,-24.781,-33.692,-34.181,-30.519,-33.57,-33.937,-32.35,-30.274,-25.636,-23.56,-21.973,-15.137,-17.212,-19.288,-14.893,-15.87,-12.94,-18.555,-18.677
-21.851,-18.799,-29.542,-29.908,-29.298,-33.692,-38.209,-42.604,-51.881,-62.99,-76.052,-79.226,-83.865,-96.805,-129.64,-152.84,-162.6,-202.52,-246.83,-216.8,-240.73,-302.13,-313.61,-335.34,-333.51,-361.71,-389.66,-381.97,-430.31,-469.25,-365.61,-433.97,-323.98,-244.88,-362.8,-30.396,-33.692,-22.95,-15.381,-16.358,-12.94,-21.241,-19.654,-22.95,-27.467,-33.448,-33.57,-33.692,-33.692,-35.89,-37.843,-41.017,-40.529,-43.58,-40.773,-43.214,-43.458,-37.477,-37.355,-42.238,-44.679,-41.871,-43.336,-42.726,-42.848,-46.632
-49.684,-56.887,-71.535,-88.26,-102.91,-108.65,-96.438,-95.462,-139.9,-153.2,-150.27,-178.23,-197.64,-167.61,-205.33,-199.35,-190.07,-206.18,-209.36,-244.76,-230.11,-187.63,-201.67,-217.41,-179.82,-172.73,-137.09,-72.268,-193,-370.25,-269.05,-263.8,-175.66,132.08,-81.301,-49.44,-41.627,-34.059,-32.96,-30.763,-33.082,-34.913,-31.983,-32.105,-30.03,-28.443,-29.176,-27.589,-20.631,-21.851,-21.851,-22.95,-22.462,-20.875,-21.485,-25.025,-28.443,-33.204,-34.181,-44.923,-50.05,-55.788,-56.887,-60.549,-64.333,-71.047
-77.761,-84.841,-90.945,-96.561,-100.22,-92.654,-102.66,-114.75,-126.22,-120.61,-124.88,-137.82,-150.27,-155.89,-168.22,-182.87,-184.33,-202.89,-216.93,-232.67,-247.08,-270.76,-296.03,-296.52,-321.79,-383.8,-385.75,-389.29,-416.52,-419.45,-481.22,-619.65,-211.8,-132.57,-250.37,-8.0569,-7.5686,-10.743,-16.846,-20.02,-21.607,-23.438,-25.147,-28.565,-30.03,-32.105,-32.35,-32.105,-31.739,-31.739,-31.251,-33.57,-35.401,-37.355,-38.942,-41.139,-42.36,-44.923,-47.609,-47.731,-51.881,-54.689,-56.52,-60.305,-65.188,-69.826
-71.902,-75.198,-75.93,-76.296,-77.151,-79.348,-80.203,-85.94,-91.556,-94.974,-101.57,-111.21,-116.58,-114.75,-111.09,-114.02,-123.05,-136.36,-142.95,-144.78,-146.61,-144.29,-145.51,-142.22,-143.56,-152.59,-150.15,-157.96,-198.61,-285.29,-281.99,-363.05,-292.37,-13.794,84.719,-24.537,-24.049,-21.851,-17.823,-14.405,-13.672,-14.649,-14.161,-15.015,-15.87,-18.189,-20.386,-25.758,-33.204,-40.162,-45.778,-49.318,-51.759,-55.177,-59.328,-63.845,-72.878,-80.691,-88.26,-94.729,-98.148,-103.76,-114.63,-123.78,-131.47,-133.79
-132.94,-130.86,-129.76,-129.64,-128.67,-126.47,-123.66,-119.75,-110.97,-107.79,-101.93,-94.974,-93.631,-99.124,-98.025,-104.25,-104.25,-114.87,-133.18,-152.96,-166.75,-176.89,-174.69,-172.25,-175.3,-180.18,-190.31,-257.45,-338.27,-305.55,-293.47,-131.11,112.8,156.25,239.14,-13.062,-9.2776,-9.3997,-8.7893,-6.9582,-6.9582,-3.4181,-2.0753,-0.85452,0.24415,0.61037,-0.97659,-1.3428,-1.2207,2.4415,5.8596,8.7893,13.062,18.555,24.293,29.542,35.89,36.378,36.744,39.308,43.947,50.295,53.224,53.835,59.328,68.117
70.193,69.216,74.465,87.527,99.979,105.59,104.86,105.84,117.31,129.28,132.21,133.67,142.46,156.99,167.49,172.61,178.84,187.38,196.3,196.17,195.68,200.45,207.4,212.65,217.78,223.27,228.4,237.56,247.2,265.63,253.3,242.07,163.21,73.733,-16.236,8.7893,10.01,10.987,11.597,11.841,11.597,11.963,11.353,11.719,12.574,13.428,11.963,11.109,11.719,12.574,13.916,15.015,14.161,13.306,14.893,14.771,14.771,16.48,17.335,17.823,17.701,18.555,17.945,17.212,16.358,15.992
16.358,17.945,18.189,19.166,20.631,22.34,24.049,23.194,21.729,20.997,21.607,22.95,26.002,25.269,23.682,24.537,28.809,36.012,33.326,26.002,25.391,34.303,42.726,28.443,9.3997,5.4933,7.2024,1.587,-12.696,-26.246,-30.519,-32.228,-12.207,-35.89,-1209.3,105.23,100.83,78.86,-64.089,-159.43,173.83,167.85,185.31,181.77,143.31,80.569,54.567,56.154,20.631,-27.1,-23.804,-1.587,-13.062,-10.62,-3.6622,13.794,5.005,10.498,11.353,-1.8311,43.58,24.171,35.035,34.913,76.785,123.29
86.062,103.15,73.977,32.594,24.293,5.6154,2.4415,16.968,-21.973,-34.303,-76.54,-51.271,-57.009,-14.893,-6.3478,-40.04,-97.903,-58.718,-43.458,-30.641,-35.646,-32.472,-5.2492,-6.7141,-35.768,-38.697,-34.913,-77.151,-84.841,-87.039,-115.6,-154.55,-193.85,-249.89,-236.46,-73.244,-56.398,-38.82,-19.532,0.4883,18.677,29.908,37.965,46.022,45.167,46.022,45.289,46.876,47.487,47.243,43.092,41.139,42.726,40.773,37.233,36.378,36.134,33.082,29.298,27.711,26.856,27.711,21.851,20.264,22.217,28.321
29.542,26.002,25.513,32.105,36.744,37.233,36.988,41.139,50.539,54.201,51.271,50.783,58.84,67.873,68.85,66.897,70.193,73.611,74.587,86.306,85.818,88.015,98.88,110.35,119.39,121.59,105.35,99.857,133.67,145.27,135.38,156.74,142.58,148.93,230.6,348.16,-130.5,-251.59,77.761,15.87,60.915,131.11,165.17,118.66,30.641,-1.0987,-24.659,-16.968,-0.97659,14.527,35.89,37.233,-5.2492,-86.55,12.452,12.329,13.428,12.574,11.963,9.1556,6.592,2.4415,-0.24415,2.3194,4.1505,6.4699
8.179,9.7659,10.743,14.405,14.405,12.207,13.184,15.625,16.48,18.677,21.607,20.875,20.753,19.898,20.631,21.241,25.513,27.223,27.955,29.908,28.932,29.664,27.955,29.054,29.542,31.739,30.152,27.711,26.49,23.927,28.443,31.861,36.256,39.308,46.754,55.666,63.845,69.216,68.972,73.122,81.423,93.387,94.974,84.964,76.296,86.428,69.826,90.945,156.13,176.76,335.83,267.34,94.485,-13.306,21.363,14.039,10.376,10.498,10.62,12.452,13.428,12.329,14.527,15.992,16.358,18.921
20.997,27.589,33.448,38.087,49.074,64.821,78.616,92.776,106.08,117.31,132.45,148.2,165.53,189.09,210.46,234.5,249.03,252.57,253.79,260.87,274.54,289.8,290.29,292.98,301.77,309.58,299.08,288.83,342.05,425.79,424.7,380.87,82.766,-25.88,13.062,22.584,104.01,125.37,108.52,110.11,87.649,95.34,109.87,148.81,174.44,192.27,184.94,168.22,148.2,118.9,81.545,46.144,1.587,-90.213,12.452,16.114,16.724,16.968,21.241,23.927,25.025,26.002,27.223,29.176,33.692,32.838
31.739,30.152,31.617,35.279,37.965,32.35,30.274,34.181,39.308,42.726,41.505,40.529,44.801,57.009,64.333,74.953,80.935,85.452,101.69,118.9,128.54,128.91,125.49,91.067,65.554,87.039,379.77,344.62,380.02,693.26,148.08,43.703,2.1973,-273.57,-249.89,-95.34,197.88,210.94,116.95,-11.597,-106.08,-90.701,-67.629,-26.856,1.9532,2.4415,1.587,-4.2726,-9.888,-15.259,-14.283,5.2492,-9.5218,-63.723,19.532,18.189,16.602,17.09,17.701,17.09,14.893,13.306,10.62,10.498,11.841,11.475
12.818,13.428,14.771,12.085,14.405,12.94,15.381,22.584,19.288,15.015,11.109,8.301,7.8127,11.109,11.231,10.865,3.1739,-0.85452,5.9816,8.0569,-4.6388,-0.12207,1.3428,9.3997,5.4933,8.5452,-35.279,15.87,64.455,177.74,288.34,196.3,39.918,-164.31,-80.691,-203.62,-233.89,31.007,155.77,235.36,97.781,27.955,-36.134,-30.152,-31.129,-23.927,-23.438,-16.236,-33.082,-48.463,-46.999,-36.134,-48.097,-53.346,-15.87,-11.841,-8.5452,-4.5167,-6.8361,-18.799,-25.025,-25.513,-24.171,-12.452,1.587,12.94
15.015,19.532,21.485,18.189,15.259,15.748,18.311,17.335,11.231,6.3478,10.254,10.376,10.132,11.231,12.207,8.4231,8.0569,7.6907,11.109,15.015,15.992,13.062,12.329,11.963,8.9114,7.6907,5.1271,5.7375,5.005,5.9816,8.5452,13.062,33.204,55.666,105.84,61.159,61.281,53.713,30.885,9.2776,2.6856,-28.077,-69.826,-80.569,-110.11,-114.26,-88.137,-57.497,-30.03,64.089,-21.485,-297.37,-435.93,-474.01,5.1271,-1.4649,-10.62,-15.503,-25.636,-41.871,-49.196,-54.445,-58.473,-51.637,-46.266,-32.96
-22.828,-16.602,-15.625,-13.306,-9.0335,-8.7893,-9.5218,-2.4415,3.6622,8.5452,15.137,18.067,18.799,18.433,17.945,20.753,22.828,24.049,24.171,27.589,28.321,25.025,25.636,21.607,21.729,16.358,15.992,15.625,13.672,18.067,23.194,26.002,33.082,30.03,41.383,74.221,79.47,70.925,59.206,65.31,59.816,64.333,58.962,52.126,20.508,26.368,46.388,33.937,66.408,128.06,142.95,103.4,22.462,-163.58,28.321,24.781,26.124,20.875,8.9114,0.12207,-0.61037,-1.709,2.0753,10.865,15.015,10.01
10.865,18.311,20.875,19.532,20.631,23.804,26.49,23.682,25.025,24.781,23.072,23.316,20.875,19.288,19.044,15.625,16.48,13.916,8.4231,6.9582,7.8127,6.8361,4.0284,-0.73244,-4.1505,-5.6154,-7.9348,-5.6154,-6.9582,-5.7375,-4.5167,-3.4181,-2.3194,-0.24415,0.85452,-5.4933,-10.254,-15.503,-32.838,-41.749,-40.529,-31.373,-10.987,-37.843,-60.305,-96.927,-103.03,-97.171,-4.0284,-8.179,-569.72,142.7,-228.16,-105.96,0.12207,-11.475,-24.659,-33.204,-41.139,-37.599,-32.594,-36.378,-35.768,-34.181,-26.612,-22.462
-16.846,-13.184,-10.498,-6.7141,-3.9064,-1.2207,5.4933,10.865,13.672,16.358,18.799,24.537,28.077,27.833,25.513,27.467,28.199,30.274,35.157,33.692,28.687,27.711,30.152,26.856,20.875,19.41,17.579,9.7659,4.1505,2.9298,6.3478,8.301,17.945,25.025,26.124,23.56,28.932,37.233,47.975,56.764,60.305,68.484,80.447,83.865,93.875,100.59,104.13,106.45,99.857,127.69,154.91,170.78,331.68,417.74,-110.35,-102.54,-91.189,-70.315,-57.253,-47.609,-43.458,-37.599,-26.124,-21.851,-20.386,-16.602
-5.6154,3.0519,14.161,9.6438,6.3478,0.73244,4.1505,10.987,4.5167,-1.3428,-4.2726,1.709,-9.7659,-15.381,-26.734,-38.575,-41.017,-37.477,-42.726,-40.529,-38.331,-26.124,-29.176,-40.773,-49.074,-47.609,-45.167,-40.162,-44.313,-34.425,-35.768,-24.415,-17.945,-13.55,-5.6154,7.3244,8.301,30.641,27.833,18.189,35.646,19.166,40.529,47.609,26.734,31.129,28.687,-23.56,-67.995,-74.709,31.861,16.968,65.31,-696.31,8.7893,6.4699,4.3947,3.7843,5.1271,5.9816,7.9348,10.01,9.7659,8.9114,8.9114,9.1556
7.4465,5.4933,5.2492,-8.7893,-5.005,2.8077,14.039,18.677,15.137,11.963,10.987,8.179,6.592,245.37,306.53,255.38,141.36,229.38,49.806,92.41,56.398,-13.916,-25.758,-30.641,-152.47,-159.79,-91.678,-272.59,-251.35,-191.17,-155.16,-150.64,-102.42,-19.776,2.3194,5.9816,11.231,9.5218,2.6856,-5.3713,4.2726,23.682,26.856,15.748,0,-168.22,-227.67,-177.01,-191.29,-81.912,56.032,200.57,242.19,-273.93,-294.08,180.79,-149.3,309.34,365,30.519,178.35,-180.18,-192.51,-189.7,-135.87,-56.764
-14.893,10.987,40.04,27.223,11.475,-2.1973,7.3244,9.888,9.888,18.189,29.054,34.669,20.386,0.36622,-6.3478,-9.2776,-5.1271,2.6856,-17.212,0.12207,-43.58,-49.318,-52.614,-57.131,-62.746,-69.338,-70.559,-72.024,-71.902,-73.366,-75.076,-79.714,-85.818,-86.55,-87.893,-97.537,-100.22,-104.62,-110.97,-114.75,-123.42,-136.97,-160.04,-183.97,-209.6,-242.32,-275.15,-318.98,-358.17,-358.9,-354.01,-356.09,-375.99,-49.196,-54.567,-56.398,-60.793,-68.484,-72.146,-75.564,-79.714,-82.766,-81.301,-73.122,-71.169,-72.268
-75.442,-74.099,-74.587,-85.574,-81.301,-80.081,-85.818,-87.893,-90.701,-97.415,-104.62,-90.335,-75.564,-68.117,-73.855,-70.681,-64.333,-63.234,-69.948,-85.696,-106.2,-126.1,-140.14,-146.12,-149.42,-161.26,-133.3,-135.26,-125.37,-123.66,-140.75,-173.96,-212.9,-220.1,-224.37,-235.11,-288.71,-388.07,-452.16,-465.71,-446.79,-411.39,-382.09,-357.43,-329.84,-296.52,-229.87,-150.15,-75.198,-31.617,-13.062,-11.719,53.713,92.532,80.691,67.263,68.239,79.47,87.893,98.88,87.161,76.052,64.577,60.305,50.905,38.453
39.064,46.022,41.505,37.843,39.064,36.622,37.599,46.266,53.591,57.375,71.902,89.114,90.579,92.41,101.69,116.46,123.17,124.39,129.15,132.08,132.57,130.5,124.15,119.88,110.23,105.59,109.87,109.13,103.76,101.2,109.5,127.69,152.96,171.15,190.44,221.44,254.89,293.1,336.68,385.39,419.93,436.29,443.37,445.57,437.03,416.76,390.15,329.84,344.86,309.7,160.65,-25.636,-169.07,-42.726,-48.952,-57.131,-62.014,-68.606,-70.803,-78.005,-83.132,-88.748,-90.945,-94.852,-102.3,-102.3
-105.11,-89.602,-72.512,-70.925,-71.047,-76.907,-65.676,-62.258,-60.671,-68.606,-61.159,-52.004,-44.923,-48.097,-47.121,-29.054,-14.039,-8.9114,-3.4181,3.9064,-3.6622,-24.171,-49.928,-59.816,-44.191,-51.881,-62.38,-88.626,-112.19,-138.07,-174.32,-218.88,-262.83,-245,-252.69,-278.82,-308.11,-498.43,-759.06,-818.02,-730.37,-508.44,-363.05,-283.46,-216.8,-182.74,-152.96,-129.76,-104.74,-79.592,-50.295,-73.366,16.968,123.29,120.12,115.85,109.13,103.64,104.25,107.55,111.94,115.48,116.34,116.58,115.97,112.67
108.65,108.4,106.94,103.76,99.124,93.387,86.428,84.964,89.114,94.485,100.47,101.44,99.002,94.485,86.917,72.024,54.689,41.505,37.843,37.233,36.256,37.477,42.97,50.539,59.45,70.07,81.179,89.48,96.805,104.62,109.5,110.72,111.7,122.07,138.92,141.73,130.25,115.24,98.148,77.883,60.671,40.895,21.729,-0.12207,-27.345,-56.887,-71.291,-82.644,-113.65,-133.55,-165.9,-151.98,-22.706,-21.729,-25.758,-29.786,-32.472,-34.669,-37.233,-38.331,-39.674,-45.534,-51.515,-53.102,-54.689,-62.624
-70.681,-78.494,-81.668,-80.569,-79.348,-74.221,-62.136,-52.736,-46.022,-33.57,-23.56,-9.5218,6.9582,13.916,18.799,26.246,41.627,57.497,67.263,69.826,71.169,82.522,83.377,74.099,69.216,72.024,68.606,53.346,41.993,29.054,11.109,-8.7893,-21.973,-18.433,-10.743,-18.189,-25.391,-30.763,-37.477,-47.365,-57.253,-69.704,-84.841,-91.556,-78.127,-62.746,-53.346,-35.035,-3.7843,23.56,18.921,-46.388,-187.26,18.555,15.748,14.039,14.039,14.893,15.015,15.503,18.067,22.95,25.147,21.119,14.649,10.62
9.2776,8.7893,10.62,13.916,16.846,18.311,24.293,35.401,43.58,43.458,34.669,28.077,25.269,20.753,10.376,-2.1973,-3.7843,1.587,3.6622,5.005,7.6907,10.132,10.62,14.039,18.433,28.687,29.176,27.223,21.485,21.363,19.776,5.005,0.12207,-0.12207,-18.311,-24.049,10.498,52.736,55.177,43.947,46.51,25.88,48.341,138.43,254.89,285.41,284.68,346.45,427.5,426.4,426.65,540.79,656.15,-22.706,-23.682,-24.049,-24.293,-24.415,-23.804,-21.973,-20.264,-18.677,-15.503,-8.7893,-0.73244,5.2492
8.6673,11.353,14.161,18.799,23.927,23.194,24.049,25.636,24.903,23.194,22.217,20.386,19.776,21.729,23.804,26.002,26.856,24.537,20.875,16.236,9.6438,4.883,-2.0753,-12.207,-20.386,-33.57,-35.768,-25.513,-6.8361,-14.283,-39.796,-54.689,-47.609,-28.077,-11.597,-13.428,-2.0753,14.283,41.505,99.612,163.7,229.87,300.3,343.64,382.82,409.68,404.19,465.71,567.64,761.74,823.15,703.27,677.27,19.654,17.823,17.212,15.381,14.527,13.55,12.574,10.254,7.0803,4.7609,1.9532,-2.6856,-7.3244
-10.987,-13.306,-15.503,-14.527,-9.7659,-3.1739,3.7843,6.1037,5.8596,7.0803,8.9114,11.597,12.696,13.55,17.823,26.246,36.134,44.679,52.126,58.718,65.676,63.356,54.933,43.703,31.129,16.236,0.12207,-14.405,-19.166,-24.415,-46.022,-66.774,-54.323,-47.731,-67.019,-72.512,-41.627,-20.631,-5.3713,23.682,39.064,85.94,158.82,258.43,354.14,408.7,425.92,568.25,610.13,713.77,652.73,629.78,571.55,31.129,33.815,28.199,20.142,11.841,2.0753,-4.5167,-7.5686,-7.9348,-7.4465,-6.9582,-6.2258,-6.592
-3.5401,0,-0.61037,-3.7843,-7.9348,-10.987,-11.231,-10.01,-11.597,-12.574,-7.4465,0.97659,5.7375,2.3194,3.4181,3.6622,-0.73244,0.4883,4.6388,1.4649,-4.5167,-8.179,-5.7375,-4.3947,-7.6907,-11.719,-14.405,-13.794,-19.532,-28.443,-31.007,-30.152,-35.401,-47.731,-50.905,-44.191,-41.627,-39.674,-36.988,-37.477,-37.233,-38.82,-43.947,-43.703,-44.557,-62.136,-84.231,-107.3,-123.54,-147.83,-110.97,-66.164,-56.52,0.73244,2.4415,2.8077,2.9298,3.6622,4.7609,6.1037,6.9582,6.4699,5.1271,4.5167,6.2258,6.9582
7.2024,8.9114,10.498,11.231,10.987,10.743,13.428,13.672,11.597,8.5452,5.9816,3.296,-1.8311,-8.5452,-14.893,-21.363,-26.246,-34.181,-38.82,-36.988,-39.186,-50.661,-65.676,-73.366,-74.465,-73.855,-83.621,-100.71,-101.69,-90.335,-89.969,-96.316,-101.57,-102.66,-108.65,-111.82,-105.35,-110.35,-125.49,-125.25,-108.65,-97.537,-101.69,-91.067,-78.005,-83.621,-64.943,-28.809,-44.557,-69.948,-66.652,-96.683,10.865,5.4933,6.2258,8.4231,15.992,28.321,41.627,46.51,45.656,41.383,37.843,38.942,42.482,47.243
45.045,37.233,27.467,17.212,12.94,10.01,8.179,9.5218,11.841,25.391,27.223,20.02,15.748,15.137,5.9816,-14.649,-39.064,-69.704,-94.363,-108.4,-119.39,-137.21,-175.3,-209.48,-211.55,-198.74,-207.28,-228.52,-234.14,-219.98,-214.73,-210.82,-197.88,-178.59,-162.48,-149.66,-131.47,-102.79,-89.48,-88.015,-71.902,-40.284,-23.682,-39.064,-32.228,-48.463,-86.795,-19.288,14.283,69.46,126.59,202.28,68.484,32.716,35.89,35.768,30.03,21.851,15.87,3.5401,-4.0284,-5.3713,-14.161,-9.888,-2.5636,4.2726
10.62,12.94,11.353,10.132,10.376,12.818,15.381,17.457,18.799,18.311,16.968,18.189,20.997,23.56,23.682,26.612,24.049,15.015,4.7609,0.24415,11.231,20.753,15.748,10.743,13.672,22.217,30.885,19.41,11.597,1.0987,-23.072,-36.378,-26.734,-25.269,-23.804,-0.85452,21.973,45.534,59.572,49.806,52.492,59.938,59.816,45.656,67.385,64.577,67.995,59.938,105.35,142.58,194.1,233.16,-10.743,-121.83,-127.69,-133.92,-148.81,-165.65,-176.76,-191.41,-210.94,-224.13,-228.03,-228.52,-217.78,-197.39
-197.52,-208.5,-208.62,-208.62,-197.27,-173.47,-147.47,-121.22,-87.405,-47.487,-12.696,0,0,-6.1037,-14.039,-11.719,-14.405,-13.916,-9.5218,-2.8077,7.2024,15.259,20.142,25.636,38.331,44.313,46.51,56.52,60.793,55.544,51.149,56.642,61.525,59.084,60.06,56.276,53.346,61.892,49.684,30.03,35.157,38.575,20.02,33.815,73.366,111.45,132.45,173.22,233.89,275.4,413.59,404.55,319.1,-29.054,-32.105,-26.49,-26.368,-27.467,-25.758,-21.485,-15.259,-8.0569,1.4649,7.0803,12.818,15.625
15.748,16.236,18.799,23.927,31.617,39.064,43.214,44.679,43.092,40.407,32.716,20.508,11.109,9.3997,8.6673,8.301,7.5686,1.8311,-3.1739,-1.709,2.1973,3.9064,7.2024,13.794,9.7659,9.888,27.1,11.353,-31.617,-55.3,-46.022,-41.871,-47.487,-43.58,-26.246,-15.259,3.7843,8.9114,10.498,34.181,77.639,123.42,183.84,250.5,311.41,357.92,388.81,396.5,421.4,455.34,482.44,289.32,84.353,-15.748,-2.6856,3.5401,0.73244,-6.3478,-14.649,-23.56,-35.646,-47.365,-50.783,-53.102,-49.44,-46.022
-30.396,-17.945,-18.677,-16.846,-4.0284,-6.3478,-2.8077,-6.9582,-17.212,-21.973,-21.241,-17.579,-19.898,-25.636,-25.636,-24.903,-26.978,-33.082,-35.401,-28.932,-21.485,-18.433,-11.841,-5.3713,-2.4415,-2.3194,-2.5636,1.9532,6.1037,12.329,22.095,25.513,29.786,33.815,39.064,50.905,60.06,56.642,57.009,75.442,91.311,99.734,104.62,102.66,107.79,115.36,144.78,195.07,215.09,253.91,352.31,447.04,92.41,18.555,44.679,44.313,30.641,11.475,5.3713,6.4699,25.025,39.064,42.116,33.204,41.993,44.679
67.141,69.704,58.229,57.985,73.489,34.303,-2.0753,-67.995,52.004,37.599,12.329,0,-3.1739,-0.36622,-15.137,-43.336,-77.639,-169.32,-81.545,-19.288,15.503,98.392,37.111,13.672,0.85452,-42.116,-15.625,-18.921,-42.482,-43.214,-62.746,-63.234,-44.191,-57.619,-44.435,-39.308,6.1037,20.753,11.475,6.4699,-15.625,-41.139,-70.193,-100.83,-117.8,-141.36,-130.01,-103.89,-74.221,-66.897,-71.902,-81.057,-13.306,-0.97659,-4.7609,-10.498,-17.212,-23.804,-30.03,-34.669,-45.045,-55.91,-58.596,-57.863,-59.694,-69.948
-71.291,-76.785,-77.395,-73.977,-65.676,-59.45,-59.206,-61.525,-65.92,-66.164,-69.826,-79.958,-82.4,-78.127,-77.273,-76.296,-69.582,-61.403,-51.515,-54.445,-60.305,-57.131,-50.783,-54.689,-62.38,-55.055,-56.276,-52.98,-67.019,-74.587,-65.432,-51.393,-41.017,-26.978,-14.527,8.5452,25.269,35.401,50.295,63.112,83.987,110.97,120.24,103.64,89.358,98.025,98.636,88.992,72.024,82.766,66.286,72.146,125.37,109.62,123.05,140.51,150.64,150.52,150.27,147.22,131.84,118.53,102.66,88.87,81.179,84.841
85.94,77.883,60.427,37.477,15.87,-4.2726,-20.386,-31.617,-37.233,-42.116,-50.295,-56.154,-51.393,-45.167,-38.575,-38.087,-32.838,-34.547,-32.105,-30.641,-27.833,-32.228,-36.134,-28.321,-27.1,-38.942,-48.952,-35.89,-25.758,-32.228,-36.134,-34.791,-33.692,-33.815,-34.791,-41.017,-33.815,-29.298,-34.303,-36.134,-20.631,-1.587,8.6673,26.612,42.36,62.136,90.457,64.455,4.2726,-26.49,-19.044,58.84,181.65,-3.1739,-7.4465,-16.236,-15.992,-5.3713,-4.883,-0.4883,9.2776,20.02,20.264,24.171,27.345,25.147
13.184,15.381,13.916,11.841,4.3947,-15.992,-29.054,-26.612,-23.927,-22.706,-23.072,-27.223,-31.739,-48.952,-51.759,-47.121,-40.04,-29.664,-8.4231,-6.1037,-15.748,11.109,49.562,104.98,118.17,98.636,52.004,5.3713,-20.508,-49.928,-105.72,-99.612,-93.997,-126.96,-129.03,-167.61,-173.71,-197.88,-195.68,-152.1,-152.84,-151.62,-178.96,-238.65,-253.67,-354.75,-317.64,-350.72,-341.44,-318.61,-354.01,-232.06,-109.62,-137.94,-116.34,-101.69,-77.517,-56.52,-41.261,-20.508,-1.0987,13.306,28.565,39.796,46.754,47.487
47.487,51.393,52.248,47.365,42.726,36.256,29.054,23.927,19.166,12.085,9.888,14.405,13.184,6.2258,-3.0519,-13.794,-22.095,-32.96,-36.622,-37.965,-41.749,-39.186,-40.529,-45.045,-50.172,-48.219,-40.529,-32.716,-31.739,-41.261,-41.749,-38.331,-33.692,-28.321,-28.077,-26.49,-24.781,4.5167,34.059,47.243,58.718,61.892,46.754,47.609,58.107,30.885,5.8596,-7.0803,-10.132,-50.539,-67.507,-45.412,27.345,-20.142,-14.405,-10.987,-13.184,-11.231,-5.005,11.719,23.316,30.885,34.303,38.575,36.866,37.721
35.035,29.786,17.212,7.6907,2.9298,4.7609,6.7141,6.7141,0.61037,-5.7375,-11.475,-17.945,-12.329,7.0803,26.612,48.708,67.019,73.611,71.535,64.577,61.525,72.756,86.306,89.846,86.184,93.997,79.47,59.328,63.356,57.497,31.861,1.587,8.9114,24.415,14.649,11.597,19.288,44.191,64.333,74.831,83.132,78.738,59.084,38.82,31.739,33.082,63.356,68.484,80.203,96.683,125.74,367.93,242.81,-91.189,-57.497,-13.916,-0.4883,-8.301,-10.254,-30.519,-40.162,-70.437,-54.079,-26.124,-0.4883,-39.674
-32.105,-44.679,-40.895,-44.679,-45.656,-46.144,-47.609,-53.468,-48.219,-23.438,-45.656,-61.525,-85.33,-86.673,-72.512,-140.39,-151.74,-144.54,-125.74,-122.68,-128.67,-127.45,-79.714,-43.703,-78.127,-103.03,-102.05,-67.263,-86.062,-130.99,-151.37,-139.41,-97.293,-99.979,-109.01,-94.363,-103.52,-99.49,-66.652,-42.848,9.5218,2.6856,-17.579,-32.228,-20.142,-21.363,-32.105,-55.177,-72.146,-79.104,-71.291,-62.136,-41.017,-254.65,-243.54,-220.47,-189.21,-164.92,-142.95,-120.98,-96.683,-74.709,-58.596,-39.918,-21.607,-5.1271
4.6388,6.7141,7.3244,23.072,28.565,10.01,-12.085,-24.537,-21.363,-11.231,-1.8311,2.8077,10.865,22.462,31.495,32.838,30.641,32.228,32.472,26.612,21.607,21.729,19.532,22.584,28.687,32.35,36.012,45.412,56.032,63.478,62.38,49.196,48.219,46.876,59.206,66.286,65.554,54.689,52.736,61.525,84.597,90.213,68.972,57.619,64.455,64.943,88.137,110.6,96.927,105.35,153.57,283.09,10.254,-9.6438,2.5636,18.189,62.502,87.283,77.029,66.164,32.472,67.507,77.395,65.432,68.361,67.629
64.333,55.422,58.84,55.91,54.811,60.427,60.183,22.34,-26.002,-14.893,11.231,8.7893,-29.542,-43.703,-52.858,-50.539,-18.799,-16.968,-21.973,-24.049,-21.607,-21.119,-27.1,-27.345,-31.373,-35.768,-55.788,-63.234,-58.107,-55.788,-98.27,-150.03,-149.91,-202.15,-193.37,-179.33,-121.46,-166.02,-104.01,-122.81,-121.46,-147.47,-67.995,-84.353,-91.433,-95.462,-138.19,-176.64,-176.15,-180.79,-170.9,-147.34,-99.979,-2.3194,-7.4465,-12.818,-13.184,-8.5452,-3.296,1.709,2.4415,-0.73244,-8.5452,-13.428,-17.823,-18.677
-17.212,-12.94,-5.7375,2.8077,8.5452,11.109,12.452,9.5218,10.01,8.7893,8.301,3.5401,-2.8077,-8.179,-8.9114,-8.301,-11.597,-13.062,-9.3997,5.9816,28.565,50.172,66.652,83.499,114.38,152.47,180.67,191.05,186.9,187.26,191.41,190.8,183.11,172.37,152.35,132.45,113.9,114.51,139.9,138.68,116.46,64.455,39.186,50.783,53.468,16.846,-22.095,-50.295,-71.902,-64.821,-49.196,251.84,40.529,17.823,12.696,5.7375,2.8077,-1.2207,-8.9114,-22.217,-27.711,-34.547,-37.721,-31.739,-47.487,-47.975
-54.079,-33.937,-40.651,-43.58,-76.785,-77.639,-69.338,-12.696,53.102,47.853,-89.724,-149.91,-139.41,4.0284,-77.883,-27.711,23.927,9.0335,17.335,-68.361,-155.4,-118.66,-120.12,-129.89,-137.7,-93.02,-80.813,-94.363,-140.26,-131.11,-101.32,-116.58,-150.03,-142.7,-113.04,-143.56,-212.53,-214,-182.87,-207.4,-239.02,-279.06,-246.59,-176.64,-172.25,-189.58,-244.88,-257.21,-220.1,-253.43,-276.5,-213.02,313.24,39.552,36.622,35.646,34.303,32.716,33.815,35.157,38.209,33.937,25.513,13.916,1.0987,-15.015
-29.908,-50.783,-67.751,-79.836,-87.771,-88.504,-83.743,-79.714,-80.325,-82.278,-84.964,-85.818,-82.766,-77.883,-81.668,-83.499,-81.301,-81.79,-85.94,-85.33,-84.231,-90.701,-98.025,-105.72,-116.82,-132.57,-143.31,-143.68,-145.63,-155.03,-164.92,-173.47,-186.9,-201.91,-216.19,-224.49,-236.82,-247.93,-250.01,-248.91,-239.39,-228.28,-229.01,-230.23,-243.17,-253.18,-230.6,-165.41,-124.64,-109.5,-83.865,-19.654,224.01,265.51,235.72,110.6,13.55,93.387,160.89,42.116,-99.124,-138.8,-149.66,-183.84,-185.8,-176.4
-121.46,-69.46,15.259,59.816,76.785,98.636,113.9,117.07,114.14,116.34,111.94,104.5,84.964,54.689,58.107,98.27,9.5218,10.62,6.3478,-1.8311,-6.8361,-10.132,-13.428,-15.625,-15.992,-17.09,-17.823,-17.945,-19.044,-21.241,-23.804,-23.072,-18.921,-19.166,-23.438,-30.152,-33.57,-32.472,-32.594,-33.937,-33.57,-40.162,-39.918,-37.233,-36.256,-39.674,-46.022,-52.736,-55.422,-47.121,-28.199,-4.2726,6.1037,8.6673,15.625,31.373,45.9,51.637,58.962,75.93,97.171,106.81,115.24,115.48,115.48,123.78
124.15,114.38,88.626,54.567,37.233,30.885,15.137,-28.321,-85.452,-111.58,-156.74,-199.59,-212.16,-179.08,-179.94,-330.45,6.592,6.4699,6.592,6.9582,3.1739,1.709,6.592,7.0803,9.7659,7.0803,1.587,-8.5452,-20.997,-28.565,-39.918,-55.666,-70.559,-74.953,-74.831,-71.413,-67.385,-64.699,-60.183,-56.52,-53.346,-43.092,-27.589,-13.55,-5.2492,5.8596,11.231,15.748,15.625,15.015,20.875,21.851,23.316,28.077,44.679,56.887,61.769,68.117,80.325,94.119,93.509,81.057,77.151,67.507,52.98,48.341
44.923,35.89,26.856,18.311,-2.9298,-26.734,-77.029,-127.57,-182.99,-301.64,-444.72,-636.01,-763.94,-583.64,-72.878,48.341,19.044,9.888,1.9532,1.9532,2.1973,5.2492,14.039,24.293,30.519,33.082,29.542,27.589,27.833,22.34,22.34,22.462,23.682,29.054,31.861,32.105,32.594,31.495,32.716,37.233,38.942,40.284,38.453,40.773,50.05,62.868,73.122,73.855,66.53,63.845,68.484,73.733,89.846,105.59,110.72,100.96,86.306,94.363,94.485,82.522,71.047,71.535,71.78,63.478,55.3,51.637
50.539,41.383,29.908,20.631,11.475,-5.1271,-36.134,-73.366,-96.316,-107.91,-131.72,22.584,71.657,-247.08,27.711,162.97,19.776,18.799,18.433,15.992,12.085,7.2024,1.3428,-3.5401,-7.4465,-9.5218,-10.132,-9.888,-10.865,-12.452,-13.062,-11.719,-11.719,-13.794,-12.94,-12.452,-11.963,-16.114,-21.851,-32.716,-47.853,-73.977,-114.02,-160.28,-228.4,-315.07,-421.16,-513.44,-551.29,-513.2,-407.12,-255.01,-86.917,47.243,164.68,258.8,411.76,573.26,609.39,571.55,474.26,379.04,249.28,85.574,8.179,-18.677
-39.918,-68.728,-79.47,-60.06,-38.453,-31.251,-46.266,-56.764,-61.037,-84.964,-151.49,-161.5,-145.02,-139.29,-154.67,42.482,-139.53,-170.9,-212.04,-267.83,-322.89,-372.69,-398.21,-405.65,-383.8,-338.15,-235.97,-107.55,23.804,166.51,260.63,312.27,352.43,382.95,408.34,402.6,361.1,305.92,251.84,199.59,144.54,97.171,60.06,32.472,9.0335,-10.987,-24.781,-38.209,-53.224,-65.798,-61.159,-63.601,-59.694,-50.661,-51.759,-60.915,-79.348,-93.753,-99.49,-108.89,-128.79,-141.61,-139.65,-119.39,-81.057,-38.697
0.85452,29.298,29.542,7.6907,-10.132,-22.462,-39.43,-70.925,-98.392,-113.53,-115.73,-80.691,42.848,248.42,93.387,2.6856,-3.0519,-7.3244,-9.1556,-9.888,-13.916,-17.945,-19.044,-18.921,-17.945,-15.381,-14.893,-12.818,-10.376,-8.0569,-2.8077,0.97659,4.3947,11.353,20.386,32.228,45.045,58.84,67.751,74.099,72.268,67.141,63.112,52.614,40.895,31.983,26.856,23.072,15.748,10.254,7.5686,2.3194,-10.62,-15.992,-19.532,-27.711,-53.102,-69.704,-85.574,-103.64,-123.29,-149.78,-151.01,-154.79,-157.96,-147.47
-133.18,-119.14,-116.21,-102.3,-64.699,-35.279,-14.161,-4.7609,-21.729,24.415,199.1,-23.804,-96.194,15.992,-33.204,-6.1037,17.823,31.007,38.697,44.923,54.689,64.699,70.681,73.611,76.296,69.216,56.276,44.557,33.57,27.711,22.95,17.212,13.428,11.841,8.301,0.85452,-5.1271,-8.301,-9.0335,-15.137,-23.072,-22.217,-21.973,-26.002,-31.007,-18.311,-1.2207,4.883,8.6673,9.2776,4.7609,0.73244,-1.587,-8.179,-8.5452,-8.9114,-8.0569,-7.2024,-16.846,-15.503,-23.682,-44.557,-46.388,-49.318,-44.069,-31.617
-23.927,-5.1271,6.7141,10.01,29.054,69.338,103.15,105.47,112.55,128.3,130.5,-255.87,-408.7,-32.228,-35.646,-30.519,-25.513,-22.462,-15.87,-8.179,-8.179,-5.1271,-10.865,-12.574,-5.8596,1.0987,8.0569,14.405,24.293,36.256,34.059,42.848,39.552,23.804,8.179,-2.3194,-13.794,-28.443,-40.895,-33.448,-16.846,-7.9348,-5.4933,-3.1739,-3.4181,-2.8077,-3.1739,-1.587,3.296,11.109,18.189,19.654,16.968,11.841,6.1037,1.587,-5.6154,-15.87,-27.589,-35.279,-41.139,-44.435,-40.162,-32.228,-22.584,-14.405
-24.049,-35.401,-33.937,-41.993,-48.341,-30.396,-18.555,31.617,31.007,-25.513,-154.42,-202.03,-160.04,-296.88,-15.503,-5.2492,3.0519,11.353,13.428,1.2207,-0.97659,-3.4181,-16.968,-22.462,-29.176,-37.721,-28.443,-15.015,-6.1037,22.584,43.825,96.561,124.39,166.88,217.54,251.84,260.14,244.15,221.2,182.5,130.5,88.626,42.36,-31.251,-12.574,31.251,51.637,41.871,37.477,32.838,59.694,78.494,101.08,119.14,128.3,131.72,133.67,148.56,177.5,198.74,222.66,245.12,262.22,281.14,300.79,313
