-0.4413,-0.46693,-0.47975,-0.69674,-1.3715,-1.7643,-1.843,-1.9977,-1.6334,-1.3065,-1.1005,-0.59694,-0.52278,-0.33509,-0.077822,0.22523,0.092471,0.10895,0.40468,0.83316,0.23804,-0.068667,0.13733,0.81942,1.3102,1.5638,1.941,2.1342,3.0543,3.9937,4.5274,6.4913,10.208,-0.28657,-0.34791,-0.2591,-0.24354,-0.47517,-0.50081,-0.477,-0.44862,-0.36256,-0.37904,-0.412,-0.29115,-0.29572,-0.58962,-1.0245,-1.3312,-1.5729,-1.8174,-1.7075,-1.7011,-1.767,-1.8586,-1.8036,-1.7496,-1.7258,-1.6919,-1.6443,-1.5784,-1.4621,-1.3248,-1.2653,-1.2387,-1.2058
-1.1563,-1.1719,-1.1737,-1.1902,-1.1682,-1.1829,-1.1902,-1.2735,-1.3752,-1.4374,-1.464,-1.6562,-1.9098,-2.2971,-2.8721,-3.2392,-3.2209,-2.9911,-2.7686,-2.1534,-1.6791,-0.045778,1.7643,4.1868,4.8689,3.4104,3.2402,0.43672,-2.7824,-4.3782,-5.2654,-5.9328,-5.5556,-1.269,-1.2516,-1.334,-1.3056,-1.3257,-1.2497,-1.3285,-1.3587,-1.3523,-1.323,-1.3523,-1.3871,-1.41,-1.4512,-1.4264,-1.4548,-1.4686,-1.4557,-1.4997,-1.5125,-1.5125,-1.4823,-1.4951,-1.4759,-1.4805,-1.4978,-1.5372,-1.5748,-1.5601,-1.5262,-1.6141,-1.7084,-1.6947
-1.6315,-1.6269,-1.6205,-1.6535,-1.6407,-1.6764,-1.6114,-1.6169,-1.594,-1.7212,-1.8751,-2.017,-2.2477,-2.244,-2.2349,-2.5773,-2.6057,-2.2413,-1.8778,-1.6041,-1.6361,0.0091556,1.8082,2.2221,1.0071,4.2848,2.2367,-0.058596,-1.0254,-3.187,-4.7343,-5.6252,-5.2168,-3.5459,-1.7423,-1.5619,-1.431,-1.377,-1.3248,-1.2653,-1.1692,-1.0721,-1.041,-1.1142,-1.139,-1.128,-1.1536,-1.3862,-1.4658,-1.5143,-1.5464,-1.5418,-1.6315,-1.6269,-1.41,-1.323,-1.4182,-1.2543,-1.019,-0.83407,-0.91006,-0.97598,-0.85147,-0.81118,-0.79012,-0.89267
-0.87436,-0.75259,-0.79287,-0.98331,-0.99887,-0.98605,-0.9302,-1.0245,-0.97324,-0.97507,-0.99887,-1.1573,-1.1811,-1.1682,-1.3385,-1.5464,-1.6352,-1.7927,-1.9584,-2.125,-2.0838,-1.9959,-1.9959,-1.8577,-0.76632,-0.05768,0.0045778,1.0474,0.82583,0.33692,-0.76907,-2.0518,-2.5709,-0.47884,-0.47884,-0.39003,-0.3058,-0.29756,-0.29023,-0.26368,-0.31953,-0.35615,-0.35798,-0.37538,-0.40651,-0.42299,-0.46144,-0.52553,-0.53743,-0.48799,-0.47884,-0.46419,-0.4944,-0.52278,-0.48524,-0.43672,-0.38911,-0.40193,-0.45961,-0.48616,-0.44679,-0.39735,-0.347,-0.36622,-0.47884,-0.48616
-0.38636,-0.3534,-0.35981,-0.34791,-0.29115,-0.25819,-0.29481,-0.25819,-0.24445,-0.20875,-0.23164,-0.16022,-0.16022,-0.15198,-0.14832,-0.15656,-0.23164,-0.18586,-0.14924,-0.18403,-0.22614,-0.23164,-0.5887,-0.5237,-0.76266,-0.89084,-0.42665,-1.3038,-0.76357,-0.063173,-0.84048,-1.019,-0.63814,-0.81118,-0.5475,-0.48616,-0.51454,-0.41841,-0.4413,-0.40834,-0.46785,-0.55025,-0.50722,-0.41566,-0.4413,-0.53835,-0.52278,-0.6418,-0.82766,-1.0437,-1.1655,-1.2525,-1.4383,-1.4457,-1.3239,-1.4576,-1.1774,-0.59786,-0.46785,-0.14924,0.70772,1.0978,0.18677,-1.0767,-1.6004,-1.388
-1.9355,-2.9746,-3.0296,-2.1845,-1.7277,-1.008,-0.2591,-0.47792,-0.62532,-0.49348,-0.2591,0.035707,0.5649,0.95401,0.8826,0.56673,0.39277,0.24354,0.24812,0.14283,-0.24079,-0.65188,-0.90274,-1.0071,-0.9183,-1.0071,-1.0529,-0.75625,-0.69216,-0.8826,-1.1911,-1.2314,-1.1737,-1.2104,-1.3038,-1.084,-0.58412,-0.40193,-0.37721,-0.33509,-0.3882,-0.40742,-0.37904,-0.33784,-0.35249,-0.33876,-0.29664,-0.25269,-0.271,-0.32777,-0.3882,-0.43855,-0.39827,-0.45503,-0.553,-0.57863,-0.62166,-0.80294,-0.83407,-0.7947,-0.80844,-0.85147,-0.94028,-0.98514,-0.96133,-1.0428
-1.1353,-1.2571,-1.3541,-1.2928,-1.0868,-1.0382,-1.0739,-0.83865,-0.70681,-0.69308,-0.56124,-0.38179,-0.91556,-2.2221,-3.2566,-3.0799,-2.9994,-3.1184,-2.8721,-2.1369,-1.539,-1.0675,-0.86978,-0.7242,-0.63814,-0.73336,-0.79836,-0.57955,-0.1941,0.18494,0.32228,-0.37996,-0.092471,1.7084,2.9536,2.8813,2.3786,-0.55208,-0.54567,-0.53835,-0.53743,-0.57405,-0.5649,-0.55391,-0.58046,-0.59328,-0.55849,-0.56764,-0.56124,-0.56948,-0.54018,-0.55025,-0.57497,-0.54476,-0.51912,-0.53102,-0.5063,-0.50172,-0.50447,-0.49532,-0.48067,-0.46327,-0.45228,-0.48982,-0.42207,-0.4001
-0.41566,-0.41108,-0.3708,-0.33418,-0.37721,-0.33784,-0.33418,-0.28565,-0.24262,-0.23255,-0.23804,-0.2353,-0.23713,-0.22431,-0.23988,-0.28108,-0.32228,-0.40468,-0.45778,-0.54201,-0.54842,-0.7004,-0.89084,-0.60244,-0.39918,-0.026551,0.43397,0.76907,1.5555,1.724,1.4823,1.616,0.93844,1.2159,0.99887,-0.95035,0.16663,-0.72878,-0.74435,-0.69948,-0.74709,-0.76632,-0.73428,-0.65828,-0.73519,-0.82034,-0.82492,-0.81027,-0.90182,-0.86795,-0.7416,-0.67568,-0.80477,-0.8414,-0.74252,-0.66561,-0.80569,-0.8826,-0.77364,-0.68667,-0.76632,-0.82125,-0.76449,-0.73061,-0.70681,-0.83041
-0.87893,-0.95401,-1.1005,-1.0959,-1.0804,-1.1225,-1.2671,-0.8945,-0.59511,-0.71139,-0.68941,-0.65462,-1.279,-1.3678,-0.5237,-0.10254,-0.070498,-1.1243,-1.3614,-1.6819,-2.916,-3.2035,-3.0424,-2.9096,-3.4169,-3.1971,-1.9538,-1.7322,-1.4859,-1.3431,-0.965,-0.86062,-0.55574,0.46144,1.6929,1.4063,-0.24171,0.13733,-1.7927,-1.9465,-1.8265,-1.7093,-1.5464,-1.4393,-1.5766,-1.54,-1.409,-1.3523,-1.5528,-1.6105,-1.6095,-1.5491,-1.4649,-1.7002,-1.7716,-1.7103,-1.7423,-1.8082,-1.6022,-1.388,-1.3248,-1.2754,-0.8066,0.17945,0.41841,0.2765
0.075076,-0.46876,-0.77181,-1.4493,-2.4445,-3.1404,-3.5698,-3.5615,-3.2749,-3.1111,-2.7989,-1.8412,-1.4356,-1.7597,-0.97781,-0.26276,0.33601,-0.28291,-0.70498,0.1236,0.38545,0.73702,0.53835,0.6061,0.62624,0.66652,1.2955,1.4255,1.5253,1.1701,1.3111,1.6663,1.9822,2.8346,3.198,4.4972,4.7371,4.9815,3.4617,-0.59694,-0.60335,-0.57131,-0.57772,-0.58687,-0.58412,-0.57588,-0.58687,-0.59786,-0.55574,-0.55208,-0.54933,-0.54292,-0.54567,-0.53652,-0.52553,-0.52553,-0.52461,-0.4944,-0.5063,-0.49989,-0.50447,-0.477,-0.47426,-0.47975,-0.52828,-0.51546
-0.53652,-0.52004,-0.5475,-0.57405,-0.59328,-0.65737,-0.69674,-0.7178,-0.73702,-0.84964,-1.0117,-1.1399,-1.0831,-1.1206,-1.3367,-1.5235,-1.3715,-1.3413,-1.2616,-1.0739,-0.82217,-0.58504,-0.51088,-0.477,-0.38728,-0.31129,-0.1474,-0.10071,0.17762,0.14374,0.22797,0.1941,-0.23347,-0.90732,-1.3669,-2.071,-2.4528,-3.8673,-0.4706,-0.49257,-0.4825,-0.49989,-0.52736,-0.53194,-0.52828,-0.56673,-0.58229,-0.58229,-0.59236,-0.54933,-0.54201,-0.61251,-0.6354,-0.71413,-0.93478,-0.95035,-0.73428,-0.64638,-0.62258,-0.67934,-0.61068,-0.48982,-0.40651,-0.40651,-0.36897,-0.37904
-0.37629,-0.39644,-0.4358,-0.41932,-0.38911,-0.35157,-0.37629,-0.39003,-0.37996,-0.38545,-0.40925,-0.44496,-0.68392,-0.9302,-0.99338,-0.62441,-0.47517,-0.55849,-0.59053,-0.63265,-0.66103,-0.58321,-0.13276,-0.57131,-0.67385,-0.30854,-0.12726,-0.66012,-0.47609,0.93112,0.53011,-0.68209,-1.2186,-0.73519,-2.3713,-3.0103,-2.5352,-1.1005,-0.40284,-0.38453,-0.36988,-0.35249,-0.38545,-0.4001,-0.41017,-0.42848,-0.42848,-0.45045,-0.47243,-0.48799,-0.49898,-0.49806,-0.50813,-0.52187,-0.54476,-0.52644,-0.49989,-0.52553,-0.5649,-0.5887,-0.55574,-0.56856,-0.58596,-0.58779,-0.58504,-0.57222
-0.56673,-0.55849,-0.55025,-0.58596,-0.58962,-0.58779,-0.60244,-0.5942,-0.61342,-0.61983,-0.59786,-0.56215,-0.50996,-0.49898,-0.50172,-0.48433,-0.53468,-0.46876,-0.41108,-0.44221,-0.46144,-0.49806,-0.50996,-0.51546,-0.096133,-0.18952,-0.33509,-0.033876,0.7416,0.48891,0.89908,1.6013,0.5475,0.99704,-0.82217,-2.7696,0.0018311,1.1362,1.7716,-1.2882,-1.0849,-1.1335,-1.1444,-1.1133,-1.1847,-1.2003,-1.0749,-0.96866,-1.0227,-1.0318,-0.71413,-0.89724,-1.062,-0.99429,-0.92654,-0.8652,-0.75259,-0.58229,-0.67568,-0.46236,-0.39735,-0.56307,-0.63173,-0.50172,-0.36897,-0.37355
-0.4825,-0.67843,-0.91647,-0.9238,-1.1124,-1.1115,-1.1509,-1.203,-1.4292,-1.55,-1.4795,-1.409,-1.2342,-1.3935,-1.3962,-1.0382,-0.95584,-1.1344,-1.3056,-1.0263,-0.79379,-0.60152,-0.62075,-0.52004,-0.89816,-1.1243,-1.3889,-1.4521,-1.6453,-1.0346,-0.47151,-0.097049,0.20966,0.41841,0.011902,-0.24537,-0.759,-2.5819,-3.3537,-7.1111,-0.56398,-0.58046,-0.5768,-0.51912,-0.54018,-0.53468,-0.52736,-0.46968,-0.41932,-0.38911,-0.43947,-0.47609,-0.42665,-0.34059,-0.32685,-0.24628,-0.1767,-0.080569,-0.15656,-0.22248,-0.14283,-0.18403,-0.2179,-0.29206,-0.29572,-0.28474
-0.27924,-0.28474,-0.347,-0.28565,-0.25361,-0.37721,-0.50356,-0.45778,-0.4239,-0.49257,-0.74435,-0.50539,-0.29756,-0.32594,-0.54018,-0.50905,-0.45412,-0.47884,-0.59145,-0.52919,-0.39827,-0.3177,-0.40193,-0.49806,-0.412,-0.35432,-0.43947,-0.42848,-0.18036,0.16297,-0.347,-1.2452,-1.4402,-0.53377,0.26276,0.071413,-0.69948,-0.73977,-0.96133,-1.7826,-3.0479,-1.7212,-1.6755,-1.6407,-1.4914,-1.4411,-1.4539,-1.3047,-1.1582,-1.1362,-1.203,-1.1783,-0.99155,-0.98788,-1.2186,-1.2772,-1.128,-1.16,-1.1692,-2.0948,-2.1754,-1.5244,-0.33967,-0.20234,-0.92654,-0.84231
-1.5857,-2.4885,-3.2044,-1.8925,-0.36439,0.28565,0.058596,-0.24445,-1.409,-1.2616,-1.0538,-0.82034,-0.37538,-0.43214,-0.19593,-0.20966,-0.47792,0.22156,0.16663,-0.091556,0.013733,0.29847,0.21058,0.39644,-0.32594,0.10712,0.038453,0.076907,0.46785,0.32502,0.17121,0.22431,0.084231,0.71963,0.26093,0.49074,-0.26002,-0.76815,0.18128,0.93478,3.3656,-0.36531,-0.45137,-1.3504,-1.3953,-1.4255,-1.3825,-1.4292,-1.2653,-1.1802,-1.2131,-1.258,-1.3138,-1.2662,-1.1307,-1.5061,-2.9234,-3.3702,-2.7421,-0.79104,-0.1941,-0.36348,-0.5887,-0.77364,-1.6324,-2.2202
-1.4832,-1.7423,-1.5143,-0.72604,-0.76632,-0.69124,-0.42207,-0.13733,-0.27558,-0.47609,-0.84414,-0.24995,-0.21607,-1.063,-0.66378,-0.4651,-0.3708,-0.13184,0.20051,0.33692,0.028382,-0.036622,0.16846,0.30763,0.2179,-0.012818,-0.01648,0.15381,0.079653,-0.067751,0.37996,0.7535,0.6711,0.41108,0.22706,0.56215,-0.27009,-0.58687,-0.38728,-0.49715,1.3468,3.9451,3.556,-0.47517,-0.46602,-0.43672,-0.47334,-0.49074,-0.47517,-0.44404,-0.49348,-0.51729,-0.52187,-0.53102,-0.57772,-0.58412,-0.57955,-0.59694,-0.62807,-0.74526,-0.90091,-0.93661,-0.79196,-0.66286,-0.56307,-0.50081
-0.48616,-0.46968,-0.44679,-0.4239,-0.43031,-0.39827,-0.37355,-0.3589,-0.35524,-0.33784,-0.3415,-0.33509,-0.35249,-0.36622,-0.37263,-0.36073,-0.35432,-0.36531,-0.40468,-0.44038,-0.42665,-0.4413,-0.41566,-0.38362,-0.40651,-0.50905,-0.48158,-0.34516,-0.33235,-0.55208,-0.66195,-0.56948,-0.49074,-0.52095,-0.69948,-0.77181,-0.89724,-0.74709,-0.61983,-0.87802,-0.66378,-1.0364,-1.2113,-1.3532,-1.2616,-1.2497,-1.1875,-1.1829,-1.3321,-1.2635,-1.1866,-1.1426,-1.1032,-1.0877,-1.0373,-1.1655,-1.3468,-1.4676,-1.4356,-1.1948,-1.1325,-1.1051,-1.1527,-1.1728,-1.0465,-0.99704
-1.084,-0.9769,-1.0025,-1.0639,-1.1051,-1.1994,-1.3175,-1.3889,-1.4951,-1.5363,-1.5262,-1.5043,-1.442,-1.3953,-1.3532,-1.3742,-1.4823,-1.5885,-1.6388,-1.5308,-1.4832,-1.4786,-1.4887,-1.3688,-1.3678,-1.4054,-1.3404,-1.2662,-1.1316,-1.1252,-1.2268,-1.1673,-1.0318,-1.0639,-1.4603,-1.5171,-1.2067,-0.20966,0.67202,0.19044,-0.3589,-1.2662,-6.0106,-3.8975,-0.38453,-0.30488,-0.26276,-0.30854,-0.32136,-0.29481,-0.29389,-0.28016,-0.31404,-0.38728,-0.39644,-0.40101,-0.37904,-0.37172,-0.34883,-0.32044,-0.32228,-0.33052,-0.34425,-0.31678,-0.28199,-0.27192
-0.27833,-0.23988,-0.21516,-0.20051,-0.2353,-0.24628,-0.25544,-0.25544,-0.24354,-0.24628,-0.26093,-0.25819,-0.27558,-0.23988,-0.2353,-0.25452,-0.28108,-0.35249,-0.38087,-0.42024,-0.41017,-0.47884,-0.63356,-0.69674,-0.683,-0.70498,-0.85055,-0.81942,-0.65371,-0.49257,-0.80844,-1.1161,-1.1014,-0.9357,-0.64821,-0.1822,0.20783,-0.4532,-0.79287,-2.2504,-3.8838,-4.7856,-4.3068,-0.61342,-0.7709,-0.83682,-0.75259,-0.62258,-0.54659,-0.48433,-0.45045,-0.41932,-0.32228,-0.36164,-0.40101,-0.40651,-0.37355,-0.347,-0.46419,-0.4651,-0.56581,-0.56215,-0.64821,-0.8359,-0.68392,-0.95309
-1.1646,-1.2452,-1.1609,-2.2349,-3.7812,-4.1585,-4.5384,-4.5109,-3.0387,-2.2541,-3.2136,-2.9911,-3.9781,-2.7723,-1.464,-0.75259,-0.32228,0.094302,0.19501,0.13367,0.11994,0.24903,0.29389,0.29206,0.33143,0.39277,0.40468,0.65554,0.78646,1.0099,0.74252,0.40559,-0.23438,-0.92471,-0.91739,-0.73519,-0.74892,-1.6059,-2.0783,-1.8256,-1.333,-1.2754,-1.1481,-0.49623,-0.73153,-0.89541,-0.70315,-0.73977,-0.9238,-0.91556,-0.9238,-1.0804,-1.453,-1.5427,-1.7963,-1.9291,-2.6688,-2.9893,-2.6167,-2.8071,-3.8316,-3.9552,-1.9666,-2.2788,-2.266,-0.39827
-0.29756,-0.33692,-0.52461,0.058596,0.54292,0.47517,0.27009,0.16755,0.22797,0.39186,0.45137,0.40193,0.41749,0.4358,0.097964,-0.072329,-0.3058,-0.8414,-1.5629,-1.887,-1.9794,-2.0627,-2.2147,-2.5407,-2.4821,-2.4583,-2.2788,-2.1845,-2.0875,-1.8723,-1.4063,-1.1298,-1.0749,-1.1032,-1.0941,-1.1463,-1.2644,-1.4301,-1.529,-1.6489,-2.1268,-2.7027,-5.0145,-0.43031,-0.25819,-0.027467,0.023804,-0.021058,-0.10987,-0.12177,-0.14008,-0.19318,-0.36714,-0.47884,-0.54201,-0.66378,-0.85147,-0.95584,-0.98788,-1.0501,-1.2241,-1.3642,-1.3953,-1.4328,-1.4859,-1.4255
-1.3257,-1.2406,-1.193,-1.1655,-1.0767,-0.96042,-0.86154,-0.76266,-0.7004,-0.62624,-0.54659,-0.47884,-0.41841,-0.34059,-0.45228,-0.53011,-0.52004,-0.52553,-0.56673,-0.63814,-0.65188,-0.65096,-0.70223,-0.77181,-0.7535,-0.70772,-0.69857,-0.78555,-0.8359,-0.70498,-0.54018,-0.40101,-0.6354,-1.2662,-1.7002,-1.9556,-2.2852,-2.2367,-2.6579,-3.0305,-2.6441,-6.2468,-6.3759,-0.48799,-0.48891,-0.49348,-0.4944,-0.51546,-0.53652,-0.5649,-0.5768,-0.58504,-0.60244,-0.69857,-0.86428,-0.87344,-0.84323,-0.7828,-0.73519,-0.63997,-0.61708,-0.55757,-0.5594,-0.53926,-0.49806,-0.49348
-0.49165,-0.48799,-0.47334,-0.44313,-0.45595,-0.44221,-0.44221,-0.4413,-0.4413,-0.41932,-0.43764,-0.41749,-0.41017,-0.3882,-0.3708,-0.37446,-0.37263,-0.3827,-0.35524,-0.33326,-0.3946,-0.4358,-0.43672,-0.42482,-0.43672,-0.45961,-0.50996,-0.64272,-0.65828,-0.5649,-0.87893,-1.1655,-1.2552,-1.29,-1.6846,-2.1387,-2.3255,-2.656,-2.6872,-2.6579,-2.8776,-3.2273,-3.5752,-0.59694,-0.60518,-0.59694,-0.6061,-0.63356,-0.64913,-0.63814,-0.62166,-0.60427,-0.61068,-0.65004,-0.63723,-0.62716,-0.64364,-0.66378,-0.69399,-0.69124,-0.68758,-0.66103,-0.65004,-0.6354,-0.62441,-0.58412
-0.56948,-0.55574,-0.54292,-0.53835,-0.55208,-0.57497,-0.58412,-0.64089,-0.61434,-0.54659,-0.48799,-0.4532,-0.45686,-0.41475,-0.3827,-0.40925,-0.38362,-0.35249,-0.3003,-0.27192,-0.44771,-0.6061,-0.51454,-0.33326,-0.22706,-0.53468,-0.45228,-0.3003,-0.051271,0.11261,-0.043947,-0.048524,-0.050356,0.95584,1.3834,1.182,0.68484,0.96591,3.7602,2.4976,1.5271,1.1417,3.8655,-0.57222,-0.55849,-0.51637,-0.48524,-0.48341,-0.5118,-0.51088,-0.46968,-0.48891,-0.49623,-0.44221,-0.33692,-0.30305,-0.33601,-0.39644,-0.43947,-0.47792,-0.47792,-0.42207,-0.42573,-0.47884,-0.49623,-0.51546
-0.50722,-0.44588,-0.43214,-0.45137,-0.54476,-0.53285,-0.47517,-0.44496,-0.43855,-0.43764,-0.42116,-0.39552,-0.34242,-0.32868,-0.3708,-0.3415,-0.33876,-0.29023,-0.24354,-0.3003,-0.29023,-0.29206,-0.3589,-0.25361,-0.21516,-0.23164,-0.10254,-0.2765,-0.045778,-0.23988,1.0373,1.3065,-0.31587,1.3239,1.3276,3.936,1.0034,1.3926,0.79745,1.5629,-0.58412,-1.2992,-2.1424,-0.51271,-0.52828,-0.50722,-0.46968,-0.47792,-0.51729,-0.49165,-0.48067,-0.47884,-0.48067,-0.46052,-0.47243,-0.48616,-0.47334,-0.47792,-0.49074,-0.48158,-0.49348,-0.48708,-0.47792,-0.48982,-0.48982,-0.46602
-0.44221,-0.42848,-0.4532,-0.45961,-0.43947,-0.42207,-0.44404,-0.53102,-0.5594,-0.47151,-0.4413,-0.52187,-0.53835,-0.56581,-0.54842,-0.50996,-0.50264,-0.55666,-0.54842,-0.56581,-0.59603,-0.3882,-0.3589,-0.46602,-0.43672,-0.44313,-0.45412,-0.45503,0.56581,0.77456,-0.2591,0.14832,0.58412,-0.58138,-0.54292,-0.55391,-0.6299,-0.68484,-0.71139,-0.6885,-0.67202,-0.69674,-0.70498,-0.65279,-0.63082,-0.61434,-0.63723,-0.64821,-0.6885,-0.66836,-0.63631,-0.6473,-0.64913,-0.62624,-0.62624,-0.60335,-0.60244,-0.60152,-0.63173,-0.62166,-0.61525,-0.63631,-0.63723,-0.65188,-0.65828,-0.65371
-0.67934,-0.69948,-0.65371,-0.69491,-0.6885,-0.63173,-0.59236,-0.52004,-0.51363,-0.56856,-0.43306,-0.22523,-0.21973,-0.16022,-0.23621,-0.26551,0.21241,0.4825,0.58229,0.99979,3.3326,3.0314,-0.21882,-0.93204,0.51271,-2.7613,2.1973,-0.046693,-0.38728,4.489,1.1078,0.23072,-6.7357,-0.3534,7.0525,4.6492,0.79012,0.16938,1.518,0.18952,-0.24354,-0.46968,-0.56032,-0.28199,-0.55208,-0.5768,-0.56673,-0.5649,-0.58596,-0.57497,-0.57131,-0.57772,-0.62075,-0.62532,-0.6006,-0.61708,-0.64455,-0.66103,-0.67202,-0.65004,-0.69033,-0.67934,-0.6766,-0.66378,-0.64821,-0.63814
-0.62899,-0.6354,-0.61708,-0.60152,-0.61983,-0.61617,-0.61617,-0.61251,-0.63448,-0.63448,-0.5942,-0.61434,-0.58687,-0.49715,-0.46968,-0.46236,-0.46876,-0.44313,-0.4294,-0.41383,-0.40651,-0.41566,-0.29939,-0.3177,-0.33052,-0.17487,0.24262,-0.16846,-0.93753,-0.54933,1.084,-0.065004,-0.94943,1.0291,-0.36805,1.2149,0.66561,4.6474,-0.28108,1.2342,-0.16938,1.2424,1.9364,1.5802,-0.52278,-0.5887,-0.59328,-0.58412,-0.5768,-0.59145,-0.60976,-0.64272,-0.69491,-0.683,-0.67019,-0.66836,-0.68575,-0.7123,-0.72329,-0.70223,-0.69857,-0.70132,-0.68392,-0.66927,-0.66378,-0.63997
-0.63631,-0.61983,-0.63997,-0.60701,-0.57588,-0.58504,-0.57955,-0.58412,-0.5768,-0.55849,-0.56856,-0.5768,-0.54476,-0.50539,-0.47884,-0.47151,-0.47151,-0.46968,-0.40559,-0.35432,-0.34516,-0.41383,-0.36439,-0.30946,-0.19227,-0.21699,-0.16938,0.030213,0.17029,0.09888,0.21607,0.032044,0.70406,1.4649,2.635,2.1342,1.7084,-1.3651,1.7551,2.9289,1.0923,2.8263,4.9623,-0.21516,0.30396,-0.72695,-0.60427,-0.57314,-0.63448,-0.71047,-0.66195,-0.58962,-0.85513,-0.91556,-1.0327,-1.1536,-1.2946,-1.4383,-1.4951,-1.4393,-1.345,-1.2928,-1.2232,-1.1637,-1.1682,-1.3001
-1.2946,-1.2635,-1.1893,-1.2818,-1.3395,-1.2626,-1.2232,-1.2021,-1.203,-1.2268,-1.2204,-1.1829,-1.1197,-1.1536,-1.095,-1.0428,-1.0675,-1.0703,-1.0566,-0.99521,-1.0401,-1.063,-1.0886,-1.0492,-0.98788,-0.95676,-0.97781,-0.90823,-0.84323,-0.7828,-0.56856,-0.40925,-0.3177,-0.20966,-0.13733,-0.031129,-0.051271,-0.000916,0.34333,1.1582,0.6299,1.0923,2.8767,4.9953,-16.574,-1.8403,-2.1964,-1.7158,-1.757,-1.7789,-1.4722,-1.2799,-1.2644,-1.6251,-1.8302,-1.8613,-1.9858,-2.3795,-2.6212,-2.5974,-2.1085,-1.7835,-1.4475,-0.87893,-0.72512,-1.0822
-1.474,-1.9602,-2.3603,-2.4766,-2.3759,-2.2184,-1.9474,-1.8027,-1.7432,-1.843,-1.8247,-1.7258,-1.6956,-1.6059,-1.6773,-1.5418,-1.4905,-1.616,-1.7341,-1.8421,-1.8998,-1.8705,-2.038,-2.3109,-2.5727,-2.5489,-1.887,-1.9858,-2.3566,-1.9245,-1.6214,1.93,0.82492,-0.52736,0.34791,1.0465,0.79104,0.52736,-0.73702,-3.7373,-6.148,-5.3468,-2.5919,-2.9637,-7.0882,-1.29,-1.3477,-1.3715,-1.366,-1.3614,-1.3697,-1.3971,-1.4045,-1.3752,-1.345,-1.3752,-1.3413,-1.2973,-1.2818,-1.3028,-1.3129,-1.2946,-1.2671,-1.2781,-1.2589,-1.2552
-1.1975,-1.1911,-1.1261,-1.0126,-0.99429,-0.91281,-0.85147,-0.84597,-0.84689,-0.78463,-0.67568,-0.60518,-0.65828,-0.50447,-0.3882,-0.15107,-0.23713,-0.18952,-0.066836,0.1236,0.23804,0.32228,0.36622,0.1474,-0.045778,0.27833,0.21241,0.47426,1.6544,8.2327,-10.814,-5.226,-12.116,-5.3212,-3.903,4.5833,1.4127,-4.7829,-3.0717,-0.40376,-3.5185,-8.1292,-2.6505,6.3677,3.1458,0.19135,-2.0609,-2.299,-2.3383,-2.3054,-1.5574,-1.3651,-1.616,-1.5546,-1.2506,-1.1234,-1.0309,-1.5574,-1.9813,-2.0582,-5.2837,4.2344,-2.6139,-1.6269,-1.3761,-0.9238
-0.73153,-1.0392,-1.3724,-1.4072,-1.2864,-1.2763,-1.4539,-1.6187,-1.8375,-1.9282,-1.9794,-2.0106,-2.2715,-2.0692,-2.1516,-2.0133,-1.9428,-1.6123,-1.4356,-1.4795,-1.6846,-1.3981,-1.388,-1.3019,-0.9888,-0.5887,-1.0062,-1.0712,-3.1687,-3.0039,-5.6792,-3.6888,-2.5242,-0.75808,-0.86337,-0.86337,-0.052187,-1.1042,-0.73061,-0.38636,-0.22797,-0.1236,2.7815,-3.047,-3.3711,-6.288,-0.75259,-0.80294,-0.79196,-0.87252,-0.94028,-0.96316,-1.041,-1.1408,-1.0822,-1.2845,-1.1911,-1.1792,-1.2699,-1.2287,-0.93387,-1.637,-1.29,-1.0327,-1.0419,-1.4686
-1.485,-1.7084,-2.1873,-2.3237,-1.1316,-0.8533,-0.35249,-0.16297,-0.34608,-0.017396,0.88717,0.19135,0.41017,0.79653,-0.30122,-0.35615,-0.29115,-1.8137,-2.754,-2.8318,-2.5901,-2.7302,-3.5313,-4.4551,-4.3846,-4.1072,-2.797,-2.5343,-1.4246,-0.53743,-0.18403,0.38087,0.46602,0.89175,1.0703,0.60244,0.17762,-0.68392,-0.53468,-1.995,-1.5088,-2.0444,-2.3008,-2.7888,-4.4835,-5.8815,-3.8536,-0.60976,-0.61434,-0.6418,-0.65737,-0.67385,-0.65645,-0.67385,-0.8002,-0.84048,-1.1591,-2.049,-2.3612,-3.0552,-3.0268,-3.0982,-3.0552,-2.8062,-2.3026,-1.7295
-1.4695,-1.2598,-0.77731,-0.41932,-0.22248,-0.2179,-0.13459,-0.11902,-0.11078,-0.15748,-0.2298,-0.28474,-0.39277,-0.40468,-0.45595,-0.58779,-0.7654,-0.85879,-0.86062,-0.96042,-1.1225,-1.2076,-1.2287,-1.2333,-1.2268,-1.2561,-1.3459,-1.3843,-1.2223,-1.225,-1.3413,-1.2754,-1.345,-1.4365,-0.96408,-0.75808,-0.61892,-0.1941,0.93753,1.8824,2.1845,1.8366,1.0071,0.68026,-0.5649,-3.7812,-4.9815,-0.68667,-0.7004,-0.75533,-0.75991,-0.75991,-0.73977,-0.74709,-0.79287,-0.81027,-0.80477,-0.76266,-0.71322,-0.72787,-0.70956,-0.73244,-0.70864,-0.71688,-0.69216,-0.68209
-0.6711,-0.67568,-0.66469,-0.6592,-0.66652,-0.64547,-0.65645,-0.67934,-0.68575,-0.683,-0.66561,-0.6354,-0.65737,-0.70223,-0.67476,-0.65004,-0.6766,-0.72787,-0.71139,-0.65004,-0.64272,-0.63906,-0.67202,-0.69857,-0.70498,-0.72604,-0.87619,-1.0025,-1.1142,-1.0373,-0.50996,0.63906,0.094302,-0.54659,-0.71963,-0.57131,-1.2973,-2.2916,-1.5308,-0.42207,-0.83407,-2.0472,-1.8778,-2.4812,-3.589,-4.9348,-5.6343,-2.4061,-2.2742,-2.1305,-1.8421,-1.3825,-1.1051,-0.98697,-0.73611,-0.53102,-0.36988,-0.10895,-0.076907,-0.067751,-0.13092,-0.048524,-0.1062,-0.20783,-0.37263,-0.46419
-0.53743,-0.7123,-0.96683,-1.0346,-1.1866,-1.3953,-1.5958,-1.7698,-1.7743,-1.8979,-1.9584,-1.8174,-1.7725,-1.7579,-1.6535,-1.5839,-1.572,-1.5326,-1.507,-1.3559,-1.3468,-1.3349,-1.3706,-1.3944,-1.3385,-1.3605,-1.3926,-1.4795,-1.6526,-1.8503,-1.8989,-1.8513,-1.5381,-1.128,-0.74068,-0.31129,0.75076,1.3349,1.0099,0.66652,0.9595,-0.15015,-1.8732,-2.9801,-3.8517,-4.0989,-4.3251,2.7888,2.4574,2.103,1.7991,1.6553,1.6654,1.7597,1.6965,1.7908,1.8979,1.9044,2.0197,2.071,2.0966,2.0701,1.8348,1.4255,0.90548,0.19044
-0.32319,-0.55666,-0.70406,-0.8066,-0.94394,-1.3211,-1.3587,-1.5931,-2.092,-2.5654,-2.5068,-2.3731,-2.569,-3.0735,-2.9865,-2.8437,-2.7476,-2.8254,-2.7558,-2.7256,-2.6734,-2.4656,-2.2514,-2.2285,-2.2495,-2.0582,-1.9382,-1.8027,-1.789,-1.7615,-1.6169,-1.5839,-1.5766,-1.6617,-1.6974,-1.54,-1.4502,-1.7331,-1.7927,-1.3175,-0.93936,-0.68392,-1.3166,-1.9684,-0.90548,-2.2532,-4.1969,-4.5228,-0.88717,-1.0529,-1.2021,-1.3129,-1.4109,-1.5235,-1.5436,-1.6453,-1.6013,-1.6718,-1.7588,-1.811,-1.8046,-1.767,-1.757,-1.7917,-1.7899,-1.8036
-1.7112,-1.7011,-1.7231,-1.7249,-1.6974,-1.6608,-1.6489,-1.6736,-1.6526,-1.5793,-1.5629,-1.5381,-1.5867,-1.5592,-1.5088,-1.5253,-1.5519,-1.6178,-1.6736,-1.7048,-1.6645,-1.5748,-1.5482,-1.5986,-1.616,-1.5427,-1.5015,-1.4356,-1.333,-1.2955,-1.1655,-1.0492,-0.9769,-0.78646,-0.7123,-0.2234,0.32228,0.2298,-0.141,-0.19318,-0.13916,-0.49898,-1.1957,-2.0042,-3.1468,-3.3436,-3.2493,-3.925,-4.2317,1.4841,1.691,1.7972,1.811,1.724,1.7734,1.9721,2.1845,2.2788,2.5059,2.8144,3.0937,3.2759,3.5624,3.6732,3.8032,3.881
3.7373,3.3573,2.852,2.3923,2.0582,1.6086,1.1737,0.6006,0.099796,-0.36714,-0.70406,-0.98972,-1.2461,-1.5894,-2.0408,-2.2248,-2.6807,-2.8968,-3.1321,-3.0222,-2.9554,-2.786,-2.602,-2.3786,-2.1598,-1.9694,-1.8082,-1.8091,-1.7533,-1.6938,-1.5876,-1.5592,-1.4896,-1.3266,-1.0218,-1.2937,-1.3065,-1.3028,-1.1051,-1.0703,-1.1069,-1.0776,-1.0208,-1.0575,-1.214,-1.128,-1.7505,-2.732,-4.3736,-0.98788,-1.0108,-1.0089,-1.0501,-1.1975,-1.1957,-1.1802,-1.2323,-1.3175,-1.3651,-1.4182,-1.3633,-1.3614,-1.3981,-1.4017,-1.3193,-1.2928
-1.334,-1.3898,-1.377,-1.4191,-1.4603,-1.5564,-1.5207,-1.5253,-1.5098,-1.5482,-1.5336,-1.5821,-1.6691,-1.8513,-1.8751,-1.8183,-1.8513,-1.9254,-1.876,-1.8348,-1.7927,-1.7689,-1.7368,-1.6361,-1.561,-1.4621,-1.3129,-1.3779,-1.3926,-1.41,-1.3596,-1.4319,-1.5317,-1.4136,-1.1628,-0.90732,-0.67934,-0.347,-0.17945,-0.12177,-0.02472,-0.051271,-0.6354,-1.2259,-1.8751,-2.8135,-2.8547,-2.8758,-3.2072,-0.64272,-0.7123,-0.65279,-0.64913,-0.73244,-0.95218,-1.0245,-1.0099,-1.1124,-1.3147,-1.3981,-1.4136,-1.3688,-1.4365,-1.4109,-1.4164,-1.3697
-1.3587,-1.3221,-1.3239,-1.3019,-1.2827,-1.2415,-1.2076,-1.2186,-1.1866,-1.127,-1.0392,-0.96225,-0.92563,-0.85971,-0.84414,-0.79379,-0.81393,-0.86795,-0.8826,-0.91556,-0.9302,-0.90182,-0.9064,-0.86154,-0.65004,-0.34516,-0.089724,-0.10254,-0.32868,-0.36439,-0.24445,-0.40284,-0.23988,-0.52278,-0.79836,-0.91098,-0.56307,-1.1609,-1.8036,-1.681,-0.77914,-0.15381,-0.16114,-0.70223,-0.69399,0.16938,-0.14557,-2.5004,-3.1156,-0.84231,-1.0373,-1.1225,-1.182,-1.1225,-1.0978,-1.2671,-1.3166,-1.2946,-1.3102,-1.3276,-1.2626,-1.1509,-1.0849,-1.0968,-1.1563,-1.1957
-1.2159,-1.1225,-1.0218,-1.0602,-1.1142,-1.0895,-1.1106,-1.1032,-1.1216,-1.214,-1.3129,-1.2653,-1.2195,-1.1252,-1.0739,-1.1481,-1.1353,-1.1078,-1.0666,-1.0401,-1.0034,-0.95767,-0.95492,-0.9476,-0.98422,-1.019,-1.0034,-1.0529,-1.1737,-1.2259,-1.0978,-1.1051,-1.2268,-1.2827,-1.1682,-1.182,-1.0199,-0.81759,-0.70956,-0.48067,0.98514,1.6059,1.268,0.41932,-0.65004,-1.9337,-4.0001,-5.9172,-6.776,-0.81942,-0.73153,-0.6885,-0.70132,-0.71322,-0.75625,-0.83499,-0.81668,-0.7178,-0.67843,-0.69674,-0.7123,-0.69124,-0.683,-0.70315,-0.75808,-0.71688
-0.68117,-0.67934,-0.71505,-0.6885,-0.65004,-0.60335,-0.55757,-0.54567,-0.53011,-0.51729,-0.553,-0.59236,-0.56307,-0.52828,-0.51088,-0.56124,-0.56764,-0.57955,-0.58687,-0.62075,-0.58138,-0.5768,-0.58687,-0.62716,-0.54567,-0.38728,-0.24812,-0.091556,0.040284,0.063173,0.17853,0.23072,0.23164,0.26826,0.39003,0.69491,0.8414,0.6061,0.21058,0.038453,-0.36897,-0.39094,-0.11811,0.24812,-5.031,-7.0269,-5.8248,-5.7231,-3.5084,-7.7026,-0.84048,-0.90274,-0.93661,-0.97232,-1.0318,-1.084,-1.1179,-1.1737,-1.2442,-1.3065,-1.3477,-1.3175,-1.3367,-1.323,-1.3981,-1.409
-1.3825,-1.4356,-1.4447,-1.4566,-1.4997,-1.5207,-1.485,-1.5217,-1.4969,-1.4768,-1.4585,-1.4145,-1.3669,-1.3614,-1.3147,-1.3166,-1.2836,-1.2168,-1.1646,-1.139,-1.1399,-1.1472,-1.0959,-1.0089,-1.0144,-1.1261,-1.0511,-1.0218,-0.9769,-1.0199,-0.99704,-0.88626,-0.94485,-0.87069,-0.68209,-0.65004,-0.63448,-0.70498,-0.82308,-0.64364,-0.22889,-0.022889,-0.43764,-0.63723,-0.95584,-1.6617,-2.1863,-2.288,-2.6734,-2.7091,-1.6828,-1.6855,-1.7469,-1.7002,-1.6709,-1.7167,-1.7579,-1.7478,-1.7396,-1.7313,-1.7533,-1.7286,-1.7066,-1.7002,-1.7084,-1.6672
-1.6828,-1.6636,-1.6196,-1.6453,-1.6791,-1.6443,-1.6334,-1.6407,-1.6782,-1.6727,-1.6041,-1.6178,-1.6233,-1.6123,-1.6453,-1.6068,-1.5061,-1.4502,-1.334,-1.1499,-0.87436,-0.81668,-0.89724,-0.90823,-0.86795,-0.96774,-1.2003,-1.3761,-1.3797,-1.4658,-1.67,-1.8879,-1.9044,-1.8897,-1.9849,-1.854,-1.7579,-1.5024,-1.3422,-1.2021,-1.0236,-0.81484,-0.90457,-0.91372,-1.2708,-1.5015,-1.9977,-2.7531,-3.5102,-4.3287,-1.0941,-1.149,-1.127,-1.2113,-1.1307,-1.2543,-1.3495,-1.3486,-1.2342,-1.2506,-1.2406,-1.1948,-1.1005,-1.1728,-1.1536,-1.16
-1.1051,-1.128,-1.084,-1.0456,-1.095,-1.1243,-1.0657,-1.063,-1.0913,-1.16,-1.1069,-1.0611,-1.0575,-1.1399,-1.2076,-1.1133,-1.0739,-1.1518,-1.2278,-1.1902,-1.1893,-1.2232,-1.3147,-1.3825,-1.2754,-1.2113,-1.1737,-1.1692,-1.2882,-1.269,-1.2845,-1.3413,-1.3321,-1.2323,-0.90457,-0.45869,-0.10712,-0.4239,-0.31404,-0.043031,-0.35798,-0.70406,-0.82217,-1.3733,-2.1049,-2.4802,-2.6038,-0.94302,-1.0163,-0.97232,-0.84414,-0.81942,-0.9357,-1.0685,-0.96316,-1.0584,-1.1133,-1.171,-1.2232,-1.1829,-1.2076,-1.2552,-1.2369,-1.1985,-1.1637,-1.1975
-1.2305,-1.2516,-1.2333,-1.2232,-1.2708,-1.2058,-1.2021,-1.1527,-1.1463,-1.1225,-1.0538,-1.0501,-1.0401,-1.0831,-1.041,-1.0529,-1.0501,-1.0648,-1.0181,-0.98056,-0.99704,-1.0172,-1.1298,-1.16,-1.2214,-1.3761,-1.5473,-1.8073,-1.7203,-1.4338,-0.90732,-0.94943,-0.97324,-0.5942,-0.30671,-0.36988,0.043031,0.61983,1.2754,0.75442,0.084231,-0.7828,-0.89908,-1.5958,-3.2621,-3.9213,-4.6107,-1.2735,-1.3129,-1.3953,-1.3733,-1.3532,-1.3953,-1.3962,-1.2772,-1.2818,-1.3028,-1.2717,-1.344,-1.2378,-1.2616,-1.4109,-1.4731,-1.4319,-1.3816,-1.4402
-1.4878,-1.4631,-1.4695,-1.4841,-1.5912,-1.6068,-1.5592,-1.518,-1.5253,-1.5015,-1.4933,-1.5116,-1.4209,-1.3596,-1.3303,-1.4319,-1.3971,-1.2772,-1.2882,-1.3147,-1.3028,-1.2836,-1.1875,-1.1893,-1.2726,-1.3871,-1.3569,-1.3422,-1.3413,-1.2836,-1.204,-1.269,-1.1682,-0.97598,-0.50447,-0.13001,-0.16572,-0.28291,-0.35249,-0.37538,-0.62258,-1.366,-1.6874,-1.5967,-2.3768,-2.5297,-2.765,-0.99338,-0.87069,-0.71596,-0.68209,-0.76357,-0.81484,-0.77181,-0.87344,-1.0749,-1.138,-1.2186,-1.3504,-1.4328,-1.4841,-1.496,-1.6462,-1.7679,-1.8192,-1.8394
-1.8458,-1.7826,-1.7487,-1.8091,-1.8009,-1.7908,-1.6608,-1.6434,-1.5821,-1.5171,-1.4493,-1.4539,-1.4246,-1.3651,-1.2149,-1.2525,-1.3312,-1.2662,-1.1362,-1.2543,-1.3852,-1.2955,-1.2442,-1.3257,-1.3843,-1.3486,-1.2735,-1.333,-1.5162,-1.539,-1.4264,-1.1875,-0.9302,-0.76724,-0.45595,-0.10895,-0.10712,-0.53102,-0.69948,-0.77914,-0.90274,-1.1463,-1.7057,-1.746,-1.7038,-1.551,-1.8256,1.9703,1.7496,1.4924,1.5683,1.7176,1.8403,1.8659,1.8036,1.7011,1.6883,1.7396,1.756,1.7624,1.8293,1.8696,1.8796,1.8394,1.8155,1.7991
1.7945,1.8293,1.7908,1.7396,1.7048,1.7533,1.7826,1.8018,1.8247,1.8485,1.8311,1.7789,1.7432,1.6984,1.6498,1.6196,1.6114,1.5885,1.594,1.6233,1.6334,1.681,1.7176,1.7331,1.7634,1.7908,1.8,1.8073,1.8073,1.7917,1.8119,1.7707,1.7716,1.746,1.7405,1.7048,1.6636,1.7084,1.7313,1.7972,1.951,2.1763,2.407,3.1898,4.2289,4.8781,4.5329,-3.3482,-3.0781,-2.5553,-2.0389,-1.5967,-1.2186,-0.8771,-0.64547,-0.48616,-0.49623,-0.52095,-0.42299,-0.42299,-0.48891,-0.58504,-0.69582,-0.81942,-0.86245,-0.9302
-0.98056,-1.0538,-1.1509,-1.1893,-1.1316,-1.138,-1.1783,-1.1664,-1.1206,-1.0437,-1.0227,-0.93844,-0.70223,-0.75625,-0.76998,-0.68392,-0.65279,-0.62258,-0.57222,-0.52736,-0.48799,-0.51363,-0.50264,-0.48799,-0.44954,-0.41841,-0.40193,-0.3589,-0.28016,-0.27467,-0.27375,-0.2298,-0.12268,0.064089,0.2646,0.46419,0.79287,1.0208,1.7716,1.0263,4.4588,10.204,5.8477,0.36256,3.1065,7.5634,4.1841,1.7002,1.7185,1.4429,1.3843,1.4539,1.5903,1.7093,1.7148,1.6031,1.3843,1.0932,0.92837,0.98239,1.0419,1.203,1.4566,1.6636,1.6819,1.8586
1.9227,1.7542,1.7176,1.7698,1.5729,1.3981,1.4274,1.4548,1.2937,1.0959,0.84964,0.75076,0.99063,1.062,0.80386,0.50081,0.42848,0.34974,0.35066,0.42573,0.52828,0.46693,0.47517,0.32136,-1.1545,0.29481,-0.19227,-0.19593,0.35798,0.57131,0.89084,1.7414,1.3504,0.86612,0.054933,0.32594,0.75716,0.141,-0.10712,-0.48982,0.0045778,0.55116,0.58138,0.49257,0.35615,0.086978,-5.0539,-0.56307,-0.54018,-0.54842,-0.56764,-0.58321,-0.58687,-0.57588,-0.54933,-0.54018,-0.553,-0.56764,-0.56032,-0.55574,-0.54933,-0.53468,-0.5649,-0.57863,-0.57772,-0.56398
-0.54201,-0.54018,-0.54933,-0.5475,-0.55574,-0.57314,-0.59053,-0.58138,-0.57039,-0.57863,-0.5475,-0.56398,-0.5475,-0.56307,-0.54842,-0.54659,-0.52644,-0.50356,-0.52004,-0.48433,-0.4825,-0.46052,-0.47517,-0.4651,-0.44588,-0.41292,-0.38911,-0.38179,-0.40193,-0.32685,-0.32502,-0.53011,-0.74068,-0.32685,-0.49532,-0.93204,-1.4969,-2.3493,-2.5416,-2.9032,-3.7895,-3.3647,-2.7009,-2.5846,-1.756,-3.0451,-1.5674,-1.008,-0.95309,-0.81851,-0.68026,-0.63997,-0.64547,-0.6885,-0.75076,-0.78463,-0.79928,-0.76907,-0.70589,-0.65096,-0.63265,-0.618,-0.58046,-0.56581,-0.56948,-0.57222
-0.59236,-0.60976,-0.61342,-0.59511,-0.5649,-0.55574,-0.56124,-0.56215,-0.55849,-0.5768,-0.59053,-0.56307,-0.54476,-0.553,-0.53102,-0.51454,-0.48799,-0.49715,-0.50905,-0.53835,-0.53835,-0.50081,-0.4532,-0.43947,-0.40925,-0.40376,-0.37904,-0.38636,-0.37904,-0.37629,-0.36622,-0.28108,-0.29023,-0.31312,-0.1822,0.09064,0.14466,0.56764,1.0007,0.90915,1.7267,4.6318,1.5427,3.2814,3.7776,5.041,7.0699,1.496,1.5116,1.4942,1.4667,1.4081,1.2918,1.3276,1.3733,1.4731,1.5308,1.5061,1.4237,1.1481,1.2085,1.3578,1.3102,1.0895,1.3605,1.6507
1.6883,1.6581,1.5473,1.3523,1.1646,1.1847,1.2845,1.3642,1.3422,1.0327,0.62166,0.58321,0.89999,0.8359,0.67385,0.7535,0.83407,1.7066,1.3074,0.59053,0.4294,0.63356,0.47243,0.8652,0.889,1.6929,1.7753,1.5345,0.77548,0.34791,0.28108,-0.16297,-0.39003,-0.46236,0.052187,0.14557,-0.33784,-0.553,-0.017396,1.0254,0.50264,0.72146,0.27284,0.65279,0.71688,0.4651,-5.7295,-0.48708,-0.49532,-0.49989,-0.46785,-0.46419,-0.49532,-0.49806,-0.47792,-0.43855,-0.43489,-0.44771,-0.41383,-0.41841,-0.45778,-0.4706,-0.5118,-0.50813,-0.8002,-0.78188
-0.56032,-0.7535,-0.90915,-1.0273,-0.89908,-0.8002,-1.1124,-1.4347,-1.5528,-2.2752,-3.0882,-3.3665,-3.3711,-2.917,-2.1598,-1.8128,-1.0456,-2.2523,-2.0261,-0.98605,-0.51363,-0.64821,-0.061342,0.60152,0.85788,0.91647,0.67202,0.33052,0.22889,0.18494,0.064089,0.13916,0.11902,0.046693,-0.16572,-0.1474,-0.053102,-0.19135,-0.37538,-0.6061,-0.70406,-0.86428,-1.1298,-1.2983,-1.4356,-1.1563,-6.6762,-0.61251,-0.64272,-0.65554,-0.66561,-0.7004,-0.7123,-0.73885,-0.73885,-0.759,-0.75259,-0.76632,-0.73244,-0.7242,-0.76357,-0.75991,-0.78097,-0.78097,-0.75442,-0.70589
-0.69582,-0.67568,-0.66652,-0.66103,-0.64455,-0.63723,-0.63082,-0.6006,-0.59603,-0.56215,-0.54933,-0.54384,-0.54842,-0.50264,-0.49715,-0.48433,-0.46327,-0.46602,-0.43947,-0.4239,-0.42299,-0.42756,-0.40742,-0.39827,-0.40834,-0.40376,-0.37172,-0.36073,-0.33235,-0.30396,-0.28291,-0.26185,-0.19318,-0.11719,-0.011902,0.47517,0.91189,0.30763,-0.89358,3.0781,5.0017,5.3221,3.3317,2.9838,7.4847,6.6405,-0.65188,0.14191,-0.060427,0.28016,0.31861,0.0054933,0.028382,0.53652,0.47334,0.26917,0.25269,-0.075076,0.21058,0.37355,0.412,0.45412,-0.31129,-0.12818,1.3852,3.2044
1.2516,0.96408,1.3495,1.3248,1.4447,1.3514,1.0099,0.92654,1.1811,1.3092,1.3376,1.2333,1.1875,1.0483,0.18952,0.11261,0.079653,-0.019227,-0.089724,-0.12909,-0.070498,-0.1236,0.040284,0.2353,0.43123,0.53011,0.33418,0.79012,1.1188,1.2918,1.073,0.80386,0.83682,0.83865,0.80294,0.91372,1.0273,1.0648,1.1069,1.7359,2.7311,3.0589,2.7439,2.6286,2.4107,4.8103,7.676,1.4887,1.6462,1.7176,1.67,1.5711,1.4914,1.4447,1.4603,1.5729,1.6608,1.6398,1.5738,1.5235,1.5052,1.55,1.6086,0.09064,0.16755,0.1886
0.088809,-0.020142,-0.051271,-0.077822,-0.11994,-0.21058,-0.23438,-0.25361,-0.21607,-0.24812,-0.4001,-0.48708,-0.52736,-0.57955,-0.59786,-0.47426,-0.45412,-0.55849,-0.66378,-0.64455,-0.6885,-1.106,-1.3871,-1.4695,-1.3871,-1.4704,-0.66836,0.054933,-0.088809,-0.21516,0.013733,0.86062,1.4713,1.648,1.7277,1.5052,0.61068,0.27741,-0.21241,-0.30946,-0.064089,0.24812,0.6354,0.86795,0.97598,1.0236,16.586,10.799,2.6945,-3.3207,-4.5622,-4.1978,-2.8327,0.72604,2.4244,2.3612,1.962,0.76357,0.14924,-0.14374,-0.025636,-0.55574,-1.551,-2.8391,-1.637,0.39277
0.28108,0.91006,1.2653,1.7267,2.0673,2.667,2.4647,2.1296,-0.74618,2.1836,0.11536,0.027467,0.89633,0.87802,0.86337,0.84689,0.86428,0.88809,0.85696,0.92196,0.94211,0.98239,0.96866,0.91647,0.87069,0.8533,0.88809,0.86428,0.71871,0.64089,0.69582,0.74068,0.94119,1.0776,1.2653,1.2626,1.5281,1.7103,1.7881,3.3015,4.4221,4.0925,2.949,5.9905,7.0269,6.2239,1.6178,-1.7222,-0.88626,-0.9302,-2.1644,-1.5363,-1.5271,-1.6883,-3.0909,-3.6888,-1.3321,0.59328,1.2214,1.5903,2.0215,1.1582,0.61159,-1.0913,-1.3862,-0.10529
1.6507,0.80386,0.43855,0.33235,1.0904,2.9453,2.0655,1.8009,0.93387,0.61342,0.9302,1.3047,1.1637,1.0181,0.93478,1.0144,1.0538,0.94485,0.74618,0.63723,0.60152,0.5118,0.48341,0.46327,0.4001,0.29298,0.3003,0.31678,0.36531,0.46052,0.46785,0.47792,0.44771,0.41292,0.39918,0.38911,0.39094,0.4294,0.37996,-0.30122,0.19501,-0.57222,0.051271,0.92471,0.15015,-0.029298,2.0682,0.86428,0.75716,0.73428,0.65096,0.56856,0.76815,1.117,0.87252,-0.15931,-0.91647,-1.5793,-2.6496,-2.3475,-1.9611,-2.103,-2.0032,-3.1971,-3.5295,-2.9545
-3.1761,-3.1806,-2.5315,-1.9813,-1.9025,-2.0325,-1.8906,-1.8751,-2.7631,-3.1266,-2.4116,-2.0197,-1.7423,-1.9987,-2.0545,-1.7725,-1.3926,-1.1078,-1.2937,-1.3578,-1.0776,-0.93112,-1.1472,-1.3193,-1.55,-1.5931,-1.5546,-1.5867,-1.8604,-1.8256,0.56764,0.51363,0.25178,-0.33876,-0.13733,0.28108,0.27924,-0.35981,-0.91006,-1.2479,-1.0941,-0.9888,-1.236,-1.7515,-1.8732,-2.5535,-2.1699,0.097049,1.1408,1.1536,1.1399,0.19868,0.35432,0.43397,1.8806,1.8165,1.3733,1.0831,0.75991,0.4706,0.22889,3.9497,-0.44679,0.62624,-0.028382,0.72146
3.1211,3.0085,2.385,1.5098,1.4228,1.529,1.6498,1.5922,1.9895,2.0985,1.9501,1.637,1.6865,1.5244,1.4896,1.7432,1.7277,1.767,1.9108,1.8925,1.7771,1.7075,1.7249,1.8778,2.0756,2.2394,1.6315,-2.1964,-1.8641,-1.2104,-1.2461,-2.3338,-2.0032,-3.0918,-3.3308,-3.0305,-2.1818,-0.66012,0.017396,1.821,2.5324,2.3621,1.8732,0.30305,0.10804,0.023804,0.1822,0.38453,0.4651,1.2479,1.6343,1.1673,1.2415,2.1891,2.5745,2.4958,2.3008,2.2514,2.4409,6.4977,4.7114,2.0344,0.82034,0.65371,1.1893,3.0314
2.5214,1.4237,1.4063,1.6416,1.9501,1.8329,1.5574,1.8128,1.9007,2.1653,1.6791,1.0089,1.1097,1.8375,1.9263,1.7908,1.6993,1.8293,1.7982,1.7789,1.7176,1.6846,1.6709,1.7331,1.6819,1.605,1.6205,1.6828,0.28016,0.2353,-0.065004,-0.092471,0.77364,0.49898,0.21149,-0.27924,-0.95584,-1.8513,-2.3301,-2.2944,-1.7707,-1.8064,-2.3566,-2.5059,-2.4912,-2.2056,-1.7487,-1.5674,-1.5088,-1.3147,-1.29,-1.204,-0.44771,-0.025636,0.18403,-0.1474,-0.70498,-0.54292,-0.45412,-0.64089,-0.89908,-0.89175,-0.9357,-1.0071,-0.9476,-0.93295
-1.0154,-1.0648,-0.98697,-0.69216,-0.35798,-0.19227,-0.32136,-0.50447,-0.74618,0.38636,-0.2234,0.11444,-0.81851,0.85147,0.93295,0.2646,-0.35981,-0.44221,-0.39918,-0.41475,-0.15107,-0.05768,-0.2353,-0.63631,-0.62441,-0.41292,-0.33418,-0.2765,-0.21241,-0.23804,-0.71596,-1.4997,-1.4978,-0.62716,-0.58321,-0.88534,-0.81301,-1.3248,-1.7038,-1.952,-1.6672,-1.6608,-1.68,-1.4969,-2.3658,-2.2962,-1.8448,-1.2149,1.2168,3.2081,2.8538,1.9895,-0.27924,-1.7661,-0.14832,0.85513,0.85788,1.041,1.3633,3.9506,5.79,3.4013,2.0051,1.0245,0.41108,0.41383
0.6766,1.7359,3.1861,3.2694,2.2065,1.1591,0.91739,0.78188,0.73885,1.4008,2.1754,2.3493,2.2102,1.8439,1.6013,1.5171,1.9483,1.6013,1.4017,1.713,1.5766,1.5381,1.5848,1.539,1.485,1.4631,1.5445,1.7725,-0.46785,-0.46419,-0.49532,-0.53194,-0.53743,-0.50905,-0.50264,-0.56581,-0.64089,-0.65279,-0.63448,-0.54659,-0.72146,-0.93387,-1.0163,-1.0007,-0.97781,-1.0245,-1.1142,-1.2635,-1.214,-1.0126,-0.76907,-0.73153,-0.66286,-0.41475,-0.72512,-0.97324,0.9238,0.75259,0.94577,-2.3942,-1.2195,-1.2406,-1.2864,-1.3312,-1.3312,-1.2891
-1.3532,-1.5043,-1.4209,-1.2259,-1.4695,-1.5702,-1.6581,-1.5281,-1.3413,-1.5253,-1.6068,-1.7002,-1.7899,-1.5418,-1.4612,-1.5583,-1.4255,-1.4264,-1.6846,-1.8448,-1.854,-1.6663,-1.5922,-1.8165,-1.9648,-2.0609,-1.9657,-2.1516,-2.212,0.023804,0.043947,0.034791,0.019227,0.0824,0.17304,0.10529,-0.020142,0.063173,0.22797,0.21332,0.11719,-0.027467,-0.15839,-0.09064,0.28108,0.35524,0.5237,0.60793,0.1886,-0.55391,-0.78646,-1.106,-1.951,-2.4619,-2.4986,-3.1816,-3.4141,-4.1173,-6.5233,-6.8062,-5.7369,-5.1683,-2.093,-0.40193,0.6766,-0.20783
-0.60427,-1.0968,-0.59877,-0.92929,-1.0685,-0.92471,-0.80569,-1.1225,-0.92013,-1.3395,-1.7945,-1.6636,-1.1371,-0.54384,-1.1499,-2.6249,-2.0298,-1.7753,-1.268,-0.96683,-0.54476,-0.49989,-0.90365,-1.2067,-1.409,-1.4457,-1.4621,-2.1067,-3.5615,-0.88717,-0.86062,-0.74068,-0.7178,-0.52461,-0.28382,-0.26002,-0.53011,-0.4239,-0.33052,-0.28657,-0.071413,-0.23713,-0.14557,-0.19684,-0.10895,0.18586,-0.50905,-0.63723,-1.507,-2.2248,-2.5745,-2.5471,-2.992,-3.2301,-3.0964,-2.3585,-0.56215,4.0843,-12.078,-30.001,-1.8622,7.058,-5.736,-2.2275,-1.3056,1.5729
-0.68941,-0.4358,-1.5491,-1.7194,-1.6196,-1.1628,-0.86795,-1.2122,-1.2067,0.33418,0.68758,0.15198,0.012818,0.37904,1.2369,0.80935,0.7004,0.75808,0.93753,0.89633,0.98788,1.4686,1.4255,1.4429,1.5381,3.4095,3.8206,2.5022,-0.50996,-0.5594,-0.56398,-0.67843,-0.76815,-0.90182,-0.83499,-0.72146,-0.53926,-0.39644,-0.55025,-0.16114,0.10071,-0.69765,-1.2717,-1.2296,-1.5299,-1.6736,-1.2928,-1.9355,-3.3885,-3.0708,-3.9424,-4.3077,-4.0101,-3.1651,-1.3413,1.3166,-1.8513,-0.41383,6.2212,-5.2855,-10.535,-1.8284,1.3779,0.013733,-2.1204,-1.6929
0.017396,0.33601,1.1499,2.1287,1.4191,0.89084,0.70681,0.45228,0.74252,1.29,1.2726,0.75259,0.70223,0.60427,1.3971,0.34608,0.75991,0.61708,0.73611,0.30213,0.24445,0.72237,2.8703,2.1635,2.7274,1.2589,0.48891,0.67751,-0.7535,-0.68941,-0.67293,-0.6711,-0.5594,-0.47334,-0.46785,-0.34608,-0.45228,-0.57588,-0.39003,-0.1529,-0.29572,-0.76724,-0.87344,-0.8121,-0.759,-0.84323,0.011902,-0.27192,-0.3827,-0.23988,-0.0824,-1.4942,-3.3125,-1.4667,0.20508,3.0094,-16.622,-7.0791,-5.9172,0.77914,-2.537,-6.2743,1.4997,-0.19959,-1.1792,-0.10163
-0.72237,-1.2662,-2.027,-1.4722,-0.71871,-0.43764,0.02472,1.0474,0.99796,-0.16755,-0.39094,0.42756,0.36622,-0.10987,-0.42848,-0.50722,0.091556,0.50356,0.11353,0.2179,0.12818,4.9586,1.7084,3.5441,2.4464,4.7847,3.5377,1.5757,-0.43764,-0.477,-0.48067,-0.54201,-0.58596,-0.56581,-0.56215,-0.4358,-0.42299,-0.3534,-0.22889,-0.13001,-0.22065,-0.34883,-0.29298,-0.3708,-0.4706,-0.48341,-0.53011,-0.94302,-0.64089,-0.23347,-0.53652,-1.8384,-3.3921,-4.011,-1.9813,0.13916,1.2378,-8.8992,-2.1268,-7.0873,-3.5331,-1.5207,-9.5309,-7.1468,-2.4528,-1.2543
-1.431,-0.53011,0.51363,2.3136,2.0893,1.1161,0.38911,0.76907,0.94852,0.5942,0.043031,0.073244,0.1941,0.065004,-0.43489,0.11444,1.0364,-0.57863,-0.60518,0.32502,0.17304,0.38636,1.6343,1.8064,0.039369,-0.36256,0.1529,1.0135,-0.9238,-0.96408,-1.0291,-1.1298,-1.1719,-1.0813,-0.9476,-0.95035,-0.96042,-0.88717,-0.72146,-0.7535,-0.53468,-0.36439,-0.28291,-0.36897,-0.16205,0.053102,-0.61068,-1.1985,-0.12726,-0.52095,0.028382,-0.7709,-3.2337,-4.423,-1.3431,-1.7826,-3.1413,-6.5462,-11.963,-5.1216,-12.985,-8.0908,-0.85421,0.28932,1.4209,1.6681
3.079,3.7565,3.058,1.0978,0.043031,0.010071,0.73611,0.063173,-0.28657,-0.56398,-0.41932,-0.84872,-1.5207,-0.34059,0.13733,0.72787,0.71047,0.5475,0.23347,-0.073244,0.043947,0.11902,-0.021973,-0.24537,-0.52095,-0.36622,-0.2765,-2.7979,-12.957,-0.39552,-0.38362,-0.37355,-0.47426,-0.65004,-0.68758,-0.6885,-0.79745,-1.0208,-1.0099,-0.9769,-0.88626,-0.91372,-0.6473,-0.48067,-0.16205,0.20875,0.36164,2.4482,2.8794,3.2521,3.0689,2.5709,1.9831,0.34242,-1.8906,-3.0891,-3.4727,-3.8646,-5.193,-4.7636,-6.7211,-13.491,-5.5473,0.206,0.5649,-2.0417
0.42299,2.776,3.4562,2.4454,0.99063,0.34791,0.33052,0.27192,0.31953,0.16388,-0.60884,-1.1307,-0.62166,0.29206,-0.19959,-0.44588,-0.18769,-0.79379,-1.3633,-1.7771,-1.2195,-1.8027,-3.9305,-4.3388,-9.2645,-3.6531,-1.5189,-1.1518,-1.3413,-0.26276,-0.29298,-0.28565,-0.25452,-0.14283,-0.24171,-0.24903,0.021058,0.3534,0.29481,0.21149,0.41566,0.62807,0.44404,-0.24354,-0.60427,-0.24995,-1.1353,-3.4507,-4.7664,-3.5405,-2.266,1.4658,0.75808,-17.319,-14.108,-19.835,-4.4826,-3.4892,-3.4672,-2.0133,-1.1737,3.9094,1.3001,0.78463,-2.4061,-2.4729
-2.4665,-2.57,-2.5617,-2.0444,-0.8066,-0.89175,-1.0163,-1.3376,-0.87161,-0.38179,-0.33235,-1.6837,-1.8879,-2.363,-2.9426,-2.9582,-1.9044,-1.5345,-1.442,-1.2461,-1.3294,-1.7249,-1.724,-2.2092,-2.7851,-2.4409,-1.5043,-1.1399,-0.84323,-0.79836,-0.67385,-0.61983,-0.62258,-0.55116,-0.21973,-0.000916,0.072329,-0.12635,0.011902,0.1529,0.044862,-0.412,-0.35524,-0.33418,-0.33418,-0.89999,-1.344,-1.6965,-2.3548,-2.9746,-2.6386,-2.7229,-1.9868,0.66012,2.0472,2.3878,-7.4407,-5.7286,-3.1825,2.5077,-9.1052,-1.5574,-0.47975,0.13276,1.106,-0.79928
-0.45595,-0.41932,0.036622,1.5217,-0.21699,0.91647,0.3003,0.23438,-0.05768,-0.38911,0.17304,0.5237,0.12085,0.033876,0.040284,0.18036,0.53285,0.16755,-0.35798,-1.3788,1.485,-1.0373,-0.51271,0.46236,0.84414,-0.30854,-2.7686,-2.0032,-0.38453,-0.22065,-0.11078,-0.027467,-0.11628,-0.18403,-0.12818,-0.28291,-0.13916,0.3415,0.0054933,0.27284,1.0218,1.6361,2.0792,3.1074,3.4736,3.0699,2.4482,1.2616,0.33509,-0.26185,-1.0044,-1.4887,-2.7842,-2.6679,-4.3342,-5.139,-5.6417,-6.0152,-6.2825,-2.7879,-6.4418,-4.2033,0.026551,1.0996,0.70681,0.80294
0.59236,-0.17853,-0.56856,-0.69124,-0.41383,-0.22431,-0.36531,-0.69948,-0.71047,-0.79104,-1.2827,-1.3962,-1.2671,-1.0547,-0.5768,-0.09888,-0.19501,-0.41749,-0.39735,-0.67751,-0.86337,-1.3166,-1.8622,-1.8293,-0.58412,-0.61251,-0.59603,-0.54292,-0.49532,-0.50539,-0.52919,-0.49165,-0.45503,-0.40925,-0.25727,-0.053102,0.00824,0.38179,-0.10254,0.091556,-0.0018311,-0.33876,-0.70132,-0.64455,-0.89084,-2.1451,-2.0435,-0.36622,-2.5333,-0.90823,-1.5519,-0.37629,-0.64638,-3.1449,-4.8405,-5.7057,-5.7707,-0.55391,-0.53011,-0.5356,-0.54384,-0.53835,-0.51546,-0.51088,-0.5237,-0.54567
-0.54659,-0.553,-0.59053,-0.59511,-0.58321,-0.58504,-0.57405,-0.54384,-0.56215,-0.54659,-0.54933,-0.54659,-0.53468,-0.51912,-0.55116,-0.57863,-0.62624,-0.63997,-0.67568,-0.70864,-0.74435,-0.73977,-0.74709,-0.74801,-0.76815,-0.80386,-0.85604,-0.93844,-0.91281,-0.82675,-0.74709,-0.65828,-0.57772,-0.54933,-0.51912,-0.52919,-0.48433,-0.44954,-0.32502,-0.28657,-0.60152,-0.86337,-0.68484,-0.64455,-0.91464,-0.69308,-0.46419,-0.56124,-0.32502,0.24903,-0.027467,-1.1618,-0.88992,0.74892,5.5007,1.9172,-7.8381,-0.60335,-0.57772,-0.61525,-0.63814,-0.57222,-0.50264,-0.50905,-0.53743,-0.52095
-0.4825,-0.45595,-0.46052,-0.4294,-0.40284,-0.39369,-0.39827,-0.41566,-0.44679,-0.47792,-0.45137,-0.44679,-0.47426,-0.49898,-0.5118,-0.49623,-0.46876,-0.48799,-0.54659,-0.6061,-0.59969,-0.61708,-0.61068,-0.60244,-0.62258,-0.63448,-0.62532,-0.62258,-0.63814,-0.67934,-0.67293,-0.68941,-0.63906,-0.58412,-0.54659,-0.50539,-0.41566,-0.42024,-0.48433,-0.40559,-0.29115,-0.23255,-0.32502,-0.41658,-0.097049,0.097049,-0.14466,-0.29389,0.023804,-0.0027467,-0.36805,-0.56673,-0.5237,-0.091556,1.1875,1.9108,-11.957,-0.69948,-0.60884,-0.5768,-0.57131,-0.58229,-0.5887,-0.62349,-0.6299,-0.65279
-0.63631,-0.55025,-0.50081,-0.46602,-0.44954,-0.46327,-0.48433,-0.47884,-0.50264,-0.49532,-0.5182,-0.54201,-0.59145,-0.64455,-0.69124,-0.74801,-0.78921,-0.77364,-0.74252,-0.6711,-0.61892,-0.61983,-0.57039,-0.54018,-0.50356,-0.51454,-0.51088,-0.47792,-0.5475,-0.66103,-0.618,-0.64638,-0.7535,-0.84506,-1.0327,-1.1454,-1.0373,-1.1133,-1.1087,-0.80203,-0.63082,-0.78372,-0.79653,-0.75808,-0.84414,-0.82766,-0.59694,-0.57039,-0.50081,-0.30213,-0.4825,-1.1838,-1.3047,-0.98422,2.299,2.7119,-7.0214,-7.145,-2.7924,-0.41749,-0.42299,-0.41841,-0.41383,-0.41475,-0.41841,-0.41566
-0.41108,-0.38362,-0.37721,-0.38179,-0.40651,-0.39186,-0.37538,-0.37446,-0.35707,-0.32777,-0.33418,-0.32868,-0.32685,-0.30213,-0.35798,-0.43214,-0.46144,-0.6299,-0.94211,-1.139,-0.96866,-1.0346,-1.3706,-1.4777,-1.1371,-0.74252,-0.73794,-0.68209,-0.683,-0.45228,-0.32228,-0.38362,-1.0346,-1.2909,-1.1069,-1.2571,-1.3486,-1.1353,-0.90091,-1.0355,-0.83132,-0.60427,-0.62716,-0.55116,-0.46785,-0.41658,-0.41383,-0.34333,-0.3589,-0.38636,-0.4825,-0.49898,-0.45503,-0.2884,-0.13459,-0.20692,0.23621,0.43489,0.85696,-0.50264,-0.52004,-0.53926,-0.54384,-0.51363,-0.50081,-0.50356
-0.51546,-0.48616,-0.5063,-0.53835,-0.53377,-0.56673,-0.56581,-0.58229,-0.61434,-0.63082,-0.61068,-0.62807,-0.62075,-0.60701,-0.61068,-0.5942,-0.59877,-0.59511,-0.59877,-0.61342,-0.61159,-0.58504,-0.59145,-0.5942,-0.58229,-0.58596,-0.6006,-0.62349,-0.6592,-0.68941,-0.72054,-0.7242,-0.79562,-0.8533,-0.90091,-0.84323,-0.84872,-1.008,-1.0941,-1.1252,-1.1106,-1.0273,-0.98331,-0.99155,-0.92471,-0.81851,-0.70772,-0.53926,-0.53102,-0.42024,-0.32136,-0.40376,-0.37172,0.09064,-0.94302,-1.4383,-0.10254,1.3431,6.7119,-0.68758,-0.68941,-0.66927,-0.67202,-0.67843,-0.67476,-0.68209
-0.66836,-0.66652,-0.65188,-0.6766,-0.68575,-0.67385,-0.70498,-0.6885,-0.6885,-0.66836,-0.67293,-0.66561,-0.65554,-0.66561,-0.65004,-0.6299,-0.61708,-0.62716,-0.60793,-0.59053,-0.59328,-0.56398,-0.5356,-0.51271,-0.48616,-0.54109,-0.62807,-0.61525,-0.57222,-0.66103,-0.74618,-0.72878,-0.62716,-0.50905,-0.59786,-0.91372,-0.97507,-1.1426,-1.615,-1.7679,-1.5857,-1.5052,-1.5793,-1.8247,-1.9602,-1.5528,-1.0932,-0.65554,-0.206,0.29847,0.78829,0.95401,0.36164,-0.048524,-0.86245,-1.8238,-1.6086,1.0492,4.1987,3.068,1.5207,-0.76998,-0.78646,-0.77822,-0.76724,-0.77914
-0.77639,-0.7654,-0.75808,-0.76632,-0.77364,-0.78372,-0.76266,-0.70223,-0.69948,-0.70406,-0.68484,-0.68209,-0.68392,-0.6711,-0.65371,-0.67568,-0.68117,-0.68667,-0.69857,-0.73336,-0.74709,-0.74801,-0.78555,-0.75259,-0.74984,-0.75533,-0.75991,-0.759,-0.74068,-0.74709,-0.76357,-0.77822,-0.74252,-0.72787,-0.7178,-0.74526,-0.79562,-0.77364,-0.74252,-0.78829,-0.84048,-0.94485,-0.85238,-0.68484,-0.62899,-0.57222,-0.61892,-0.5942,-0.54659,-0.55208,-0.3946,-0.44771,-0.6885,-0.59053,-0.73244,-0.94668,-0.85238,-0.47151,0.10529,1.4704,6.8575,3.0076,-0.82858,-0.84414,-0.84231,-0.84689
-0.85421,-0.8652,-0.8771,-0.8652,-0.86428,-0.85421,-0.85971,-0.85971,-0.86337,-0.86795,-0.85238,-0.87252,-0.8945,-0.89816,-0.89084,-0.85696,-0.87985,-0.88534,-0.88809,-0.87619,-0.86886,-0.87619,-0.88534,-0.9183,-0.889,-0.8826,-0.8945,-0.9183,-0.92654,-0.92013,-0.90182,-0.92746,-0.91922,-0.89541,-0.94668,-0.99155,-0.96042,-0.88992,-0.93204,-1.0886,-1.0858,-0.91464,-0.8533,-0.88992,-0.94668,-0.85513,-0.77548,-0.78738,-0.70315,-0.71322,-0.61617,-0.38728,-0.35249,-0.37721,-0.43306,-0.20508,-0.62899,-0.68575,0.49257,1.2497,4.7233,2.2221,-0.59603,-0.59694,-0.57497,-0.58504
-0.58321,-0.55116,-0.56764,-0.56764,-0.58779,-0.56948,-0.56948,-0.55574,-0.57405,-0.56764,-0.56307,-0.58412,-0.58504,-0.5887,-0.57863,-0.59145,-0.59511,-0.59694,-0.58412,-0.6061,-0.59328,-0.58596,-0.58596,-0.58412,-0.57588,-0.58779,-0.62624,-0.61342,-0.62807,-0.63173,-0.6711,-0.66652,-0.64913,-0.64547,-0.63173,-0.57405,-0.47609,-0.43031,-0.50813,-0.55849,-0.71139,-0.76724,-0.75259,-0.97507,-0.96957,-0.60701,-0.44221,-0.5118,-0.54384,-0.19227,0.099796,-0.46693,-1.5244,-1.5683,-0.97507,-0.76632,-1.2525,-1.236,-0.24079,2.9298,0.35524,-2.0252,-8.7921,-0.57588,-0.58962,-0.57497
-0.57405,-0.5594,-0.55391,-0.55483,-0.54018,-0.52919,-0.54201,-0.53926,-0.56948,-0.61251,-0.6592,-0.73244,-0.80752,-0.824,-0.7828,-0.73428,-0.70132,-0.68026,-0.67568,-0.7654,-0.89633,-0.80935,-0.74801,-0.82492,-0.89816,-0.79562,-0.74343,-0.76357,-0.80844,-0.77914,-0.74435,-0.72237,-0.74252,-0.73611,-0.70864,-0.7654,-0.85238,-0.91006,-1.0666,-1.2094,-1.4173,-1.4548,-1.3816,-1.5189,-1.5748,-1.3175,-1.1362,-1.1032,-1.2726,-1.1417,-1.1591,-1.5006,-1.9584,-2.1195,-1.5198,-0.74068,-1.0199,-1.2223,-0.85238,-0.29023,-0.26551,-1.0868,-1.7231,-0.66378,-0.63356,-0.65096
-0.65554,-0.6592,-0.63814,-0.63082,-0.6418,-0.65645,-0.64272,-0.64638,-0.64638,-0.66195,-0.67934,-0.66378,-0.68758,-0.68941,-0.68392,-0.66469,-0.67293,-0.68758,-0.64913,-0.65371,-0.64821,-0.6473,-0.62716,-0.61617,-0.61617,-0.62441,-0.61068,-0.618,-0.61617,-0.60152,-0.60884,-0.62807,-0.64272,-0.618,-0.6299,-0.6354,-0.62075,-0.57314,-0.5887,-0.59511,-0.5942,-0.56398,-0.63082,-0.74435,-0.74709,-0.59053,-0.48341,-0.61525,-0.82492,-0.66378,-0.53468,-0.73336,-0.93661,-0.86612,-0.57222,-0.50539,-0.7004,-0.62899,0.021058,-0.36805,-0.76907,0.81668,4.5347,0.6418,-0.71047,-0.70956
-0.69308,-0.66286,-0.67293,-0.69033,-0.68392,-0.63448,-0.61983,-0.62899,-0.61708,-0.62258,-0.63906,-0.63082,-0.62624,-0.61892,-0.62899,-0.64913,-0.6299,-0.65462,-0.64272,-0.62075,-0.63448,-0.62807,-0.63906,-0.65462,-0.67568,-0.65828,-0.63814,-0.60152,-0.60335,-0.57222,-0.61342,-0.59877,-0.53652,-0.48982,-0.5594,-0.5356,-0.50081,-0.51637,-0.54842,-0.47884,-0.49257,-0.618,-0.77181,-0.8002,-0.71963,-0.91739,-1.2058,-1.3935,-1.2955,-1.1637,-0.99979,-0.89267,-0.4239,-0.55208,-0.8414,-0.69857,-0.81118,-0.7709,-0.271,-0.24262,0.10071,1.9391,1.3862,3.6229,2.4628,-0.5942
-0.58779,-0.5887,-0.57131,-0.5768,-0.57863,-0.57772,-0.5649,-0.56215,-0.57863,-0.56856,-0.56673,-0.56673,-0.56307,-0.56032,-0.55757,-0.55391,-0.55116,-0.54659,-0.553,-0.54567,-0.53835,-0.51088,-0.52919,-0.52644,-0.51912,-0.5182,-0.54384,-0.553,-0.57863,-0.58504,-0.57039,-0.59053,-0.55757,-0.54476,-0.56764,-0.62807,-0.59786,-0.57314,-0.55666,-0.62532,-0.73061,-0.70864,-0.62716,-0.60335,-0.65828,-0.73611,-0.70589,-0.63814,-0.57314,-0.61525,-0.62075,-0.50905,-0.36714,-0.51454,-0.73336,-0.4706,-0.57405,-0.81851,-0.53011,-0.40559,-1.1792,-1.0254,0.26643,2.1781,7.5112,-0.47792
-0.46693,-0.46602,-0.49074,-0.50264,-0.5356,-0.54476,-0.54933,-0.54933,-0.55483,-0.56215,-0.56764,-0.56307,-0.53011,-0.50172,-0.49257,-0.48616,-0.49989,-0.49165,-0.49532,-0.51271,-0.53835,-0.5182,-0.47884,-0.43306,-0.44313,-0.45045,-0.44496,-0.42024,-0.43672,-0.45228,-0.47426,-0.49898,-0.51363,-0.54109,-0.56032,-0.5182,-0.52919,-0.53377,-0.54201,-0.553,-0.59236,-0.5356,-0.81393,-1.3047,-1.3147,-1.4512,-1.5546,-1.4777,-1.6764,-1.8558,-1.8613,-1.6645,-1.4859,-1.2818,-1.084,-1.0895,-0.81942,-0.54201,-0.60427,-0.45961,0.28748,0.12543,-0.26368,-0.32502,0.17029,-2.0417
-0.68758,-0.68758,-0.69124,-0.69674,-0.72604,-0.7297,-0.72604,-0.73885,-0.74435,-0.73428,-0.74618,-0.72878,-0.7242,-0.71413,-0.69308,-0.7004,-0.69491,-0.72329,-0.72878,-0.71871,-0.74435,-0.77639,-0.83682,-0.84414,-0.84964,-0.85513,-0.87985,-0.87619,-0.85971,-0.80203,-0.8121,-0.89999,-0.87252,-0.78188,-0.75076,-0.72237,-0.72604,-0.71871,-0.71047,-0.69216,-0.66836,-0.66561,-0.6418,-0.67476,-0.74252,-0.92013,-0.94943,-0.83682,-0.87161,-0.8945,-0.89358,-0.86062,-0.55025,-0.61525,-0.55483,-0.4532,-0.48158,-0.46419,-0.45869,-1.4045,-2.2724,-1.7826,0.28382,2.8968,-0.59511,-4.2354
-10.417,-0.57405,-0.59328,-0.58321,-0.56948,-0.58046,-0.58687,-0.58412,-0.57772,-0.57588,-0.57588,-0.6006,-0.6061,-0.60793,-0.60335,-0.61068,-0.63082,-0.62166,-0.61434,-0.60793,-0.61342,-0.62075,-0.61617,-0.6006,-0.62807,-0.618,-0.60793,-0.61617,-0.6061,-0.58412,-0.5768,-0.5768,-0.58962,-0.61892,-0.61617,-0.62899,-0.67293,-0.67019,-0.62532,-0.60427,-0.58046,-0.61617,-0.66103,-0.71596,-0.74252,-0.74343,-0.74526,-0.85513,-0.88534,-0.94485,-1.2763,-1.659,-1.4072,-1.3001,-1.1783,-1.0071,-0.84506,-0.59328,-0.45961,-0.45595,-0.75442,-1.3038,-1.7002,-1.4859,-1.2845,0
3.0323,-0.57955,-0.56856,-0.59603,-0.61068,-0.6354,-0.62624,-0.61434,-0.61617,-0.64364,-0.64547,-0.62716,-0.61983,-0.64455,-0.64821,-0.61892,-0.61983,-0.61617,-0.61251,-0.6418,-0.63997,-0.64089,-0.63723,-0.6473,-0.63906,-0.63356,-0.62807,-0.61068,-0.6006,-0.58412,-0.5768,-0.5649,-0.56124,-0.55025,-0.50996,-0.50264,-0.50264,-0.46327,-0.4239,-0.37629,-0.36439,-0.26826,-0.24995,-0.39186,-0.49715,-0.46693,-0.5237,-0.67019,-0.74252,-0.64455,-0.5942,-0.63356,-0.71505,-0.87802,-0.86337,-0.81027,-0.92013,-0.97964,-0.53377,-0.48524,-0.93661,-1.0492,-0.80386,-1.3971,-2.3228,-1.2854
-0.66744,-0.5475,-0.54292,-0.54842,-0.54933,-0.54933,-0.56215,-0.54476,-0.55391,-0.56032,-0.57405,-0.57222,-0.57405,-0.56307,-0.5594,-0.56948,-0.55757,-0.56398,-0.56398,-0.55757,-0.54933,-0.55391,-0.54842,-0.55025,-0.55483,-0.53285,-0.53285,-0.54567,-0.55025,-0.57314,-0.55208,-0.5649,-0.5942,-0.59145,-0.58412,-0.56673,-0.5475,-0.52828,-0.5063,-0.47243,-0.46876,-0.48341,-0.46693,-0.47151,-0.55116,-0.63723,-0.58321,-0.44954,-0.34425,-0.42665,-0.57039,-0.4413,-0.1529,-0.22431,-0.5063,-0.3589,-0.62807,-1.1563,-1.204,-0.90732,-0.97232,-0.86612,-1.377,-0.4944,1.518,2.8108
-7.0516,-12.932,-0.49989,-0.48708,-0.50813,-0.5182,-0.50905,-0.48799,-0.4825,-0.47792,-0.47975,-0.47243,-0.45961,-0.46052,-0.45869,-0.477,-0.44313,-0.4413,-0.412,-0.39186,-0.38911,-0.3827,-0.3882,-0.412,-0.39827,-0.39186,-0.39003,-0.40651,-0.4294,-0.42116,-0.39644,-0.41017,-0.53652,-0.63265,-0.59328,-0.57863,-0.51546,-0.5475,-0.70772,-0.66012,-0.45869,-0.40651,-0.52828,-0.57588,-0.84506,-1.3559,-1.127,-0.87069,-1.0208,-1.2442,-1.0904,-0.88443,-0.81942,-0.63631,-0.46236,-0.22706,0,0.31037,1.0437,0.91739,-2.1204,3.6402,0,-1.3651,-2.9655,-0.37446
-0.39644,-1.1966,1.0172,0.095218,0.33601,-0.29756,-0.24812,0.15198,0.48067,0.61617,0.55849,0.3534,0.29939,0.34425,0.55574,0.85513,0.62075,0.87161,1.2159,0.92837,0.51363,0.30213,0.46052,0.65554,0.56856,0.47426,0.39644,0.92837,0.5768,0.37812,0.27558,-0.3122,-0.080569,0.18311,-0.14466,0.43031,1.0511,0.20417,0.11078,0.050356,0.078738,0.17579,0.11261,-0.033876,-0.027467,0.021058,0.1941,0.11902,0.13092,0.15931,0.13001,0.20875,0.10163,0.10163,0.14374,0.10346,0.1529,0.061342,0.046693,0.16663,0.1355,0.091556,0.25361,0.20325,0.21607,0.59053
0.82675,0.85971,0.35615,0.85147,-0.18036,-0.32228,-0.39003,-0.31495,-0.24445,-0.19593,-0.16022,-0.11444,-0.07416,-0.073244,-0.066836,-0.091556,-0.1529,-0.19227,-0.26002,-0.28657,-0.2884,-0.36531,-0.3589,-0.31678,-0.31495,-0.28657,-0.29939,-0.29481,-0.3003,-0.28748,-0.28291,-0.33326,-0.31037,-0.271,-0.3058,-0.31678,-0.34333,-0.33143,-0.30488,-0.32136,-0.36714,-0.31129,-0.25544,-0.28199,-0.30854,-0.29389,-0.3003,-0.2472,-0.21973,-0.24354,-0.25727,-0.24262,-0.23804,-0.22248,-0.17945,-0.1474,-0.12726,-0.16938,-0.1236,-0.092471,0.0018311,0.064089,-0.015564,0.000916,0.38179,0.86245
0.68484,1.301,1.9987,4.9751,-0.41841,-0.44588,-0.46876,-0.46693,-0.51454,-0.51912,-0.46785,-0.42207,-0.45228,-0.49989,-0.45503,-0.44038,-0.44862,-0.48158,-0.43764,-0.39369,-0.3534,-0.33692,-0.37355,-0.35707,-0.33967,-0.28474,-0.30854,-0.33418,-0.34242,-0.35981,-0.34333,-0.3827,-0.39552,-0.4001,-0.42024,-0.42207,-0.44862,-0.44771,-0.47334,-0.48158,-0.45228,-0.48524,-0.4706,-0.45686,-0.53102,-0.51363,-0.53377,-0.57222,-0.54567,-0.59786,-0.54476,-0.56124,-0.58138,-0.5118,-0.49898,-0.43947,-0.3534,-0.26276,-0.27741,-0.39186,-0.3708,0.089724,0.39735,-0.20966,-0.19593,0.076907
1.2058,-0.26368,-4.9129,-7.514,-0.55208,-0.56032,-0.54659,-0.553,-0.52095,-0.52004,-0.52461,-0.49532,-0.49165,-0.48158,-0.45045,-0.45137,-0.477,-0.43855,-0.43123,-0.47334,-0.46602,-0.48982,-0.47609,-0.4358,-0.49257,-0.50996,-0.50996,-0.50447,-0.51271,-0.49989,-0.48524,-0.50996,-0.52644,-0.5182,-0.52828,-0.55666,-0.53926,-0.56398,-0.58138,-0.57772,-0.5649,-0.59145,-0.59511,-0.57955,-0.6006,-0.58504,-0.5594,-0.58962,-0.57772,-0.60335,-0.53194,-0.54201,-0.58687,-0.56673,-0.58321,-0.54109,-0.52553,-0.6061,-0.32136,-0.46052,-0.18769,-0.021973,0.44221,-1.8494,-0.8826,-1.409
-1.6929,-1.6956,-3.3665,-7.7502,-0.57222,-0.61068,-0.58412,-0.63631,-0.63173,-0.63906,-0.66012,-0.67934,-0.65279,-0.64547,-0.66836,-0.65828,-0.76998,-0.81118,-0.76907,-0.70956,-0.67476,-0.78921,-0.88626,-0.93661,-0.83956,-0.77914,-0.80111,-0.66469,-0.40651,-1.4356,-0.82858,-2.0179,-1.4274,-2.5059,-3.4251,-3.8353,-3.7794,-4.2051,-2.591,-3.0406,-1.041,-2.2001,-1.0355,-1.4731,-0.75991,-0.56856,-0.43672,-0.32319,-0.54384,-0.52095,-0.22156,0.0412,0.30396,0.27833,-0.027467,-0.36897,-0.59053,-1.0181,-1.2598,-1.594,-0.71139,-0.82217,-1.3514,-1.1637,-1.0886,-0.87069
-0.56124,-0.82858,-2.4931,-6.0033,-0.41383,-0.40651,-0.412,-0.37721,-0.35249,-0.37721,-0.41108,-0.45869,-0.47426,-0.48067,-0.46785,-0.4825,-0.48341,-0.50356,-0.49348,-0.47151,-0.46236,-0.48616,-0.48982,-0.4825,-0.5063,-0.47884,-0.50996,-0.48891,-0.48341,-0.47151,-0.48982,-0.49806,-0.48616,-0.51363,-0.50813,-0.5182,-0.49074,-0.51088,-0.50539,-0.52278,-0.55391,-0.55025,-0.52278,-0.53194,-0.57772,-0.54659,-0.53743,-0.54384,-0.59603,-0.59786,-0.60518,-0.5475,-0.49715,-0.61525,-0.55025,-0.28016,-0.24171,-0.3946,-0.13092,0.078738,0.23255,0.33876,-1.7286,-3.3088,-3.947,-1.4393
-2.1158,-0.63723,-4.4249,-7.9919,0.026551,0.035707,0.052187,0.0045778,-0.0064089,-0.034791,-0.0091556,-0.043947,-0.054933,-0.052187,-0.09064,-0.12818,-0.17579,-0.18769,-0.20051,-0.18677,-0.20417,-0.21149,-0.29023,-0.29847,-0.26002,-0.26643,-0.28657,-0.27833,-0.29481,-0.30946,-0.27558,-0.31404,-0.33784,-0.3589,-0.28199,-0.271,-0.27924,-0.28474,-0.2472,-0.23621,-0.28291,-0.271,-0.27009,-0.30396,-0.28657,-0.40742,-0.38545,-0.4001,-0.43214,-0.44862,-0.50264,-0.45503,-0.3946,-0.35981,-0.38636,-0.38728,-0.40559,-0.44404,-0.34883,-0.32319,-0.18403,-0.29572,0.017396,0.030213,0.28932,0.25361
0.40834,0.77181,2.3365,-0.94485,-1.9098,-2.7403,-2.8758,-1.4365,-0.59694,-1.2241,-1.605,-1.41,-0.58779,-0.14374,-0.2765,-0.072329,0.35981,0.0054933,0.062258,-0.11994,-0.10712,-0.058596,0.079653,-0.015564,-0.57131,-0.82949,-0.2234,-0.44496,-0.52644,-0.48708,-0.98514,-0.71139,-0.82858,-0.6766,-1.2415,-2.9939,-0.61068,-0.62075,-0.63082,-0.63997,-0.63448,-0.64821,-0.66561,-0.6885,-0.64913,-0.66469,-0.65828,-0.73428,-0.66378,-0.6354,-0.64272,-0.62624,-0.61159,-0.61617,-0.60244,-0.5887,-0.58596,-0.60884,-0.61892,-0.64821,-0.64547,-0.66652,-0.7297,-0.77364,-0.76083,-0.74435
-0.72237,-0.74709,-0.76907,-0.81393,-0.80111,-0.77364,-0.86245,-0.80203,-0.7709,-0.80111,-0.78646,-0.78555,-0.80386,-0.80935,-0.72237,-0.67843,-0.74068,-0.79745,-0.76357,-0.7535,-0.69948,-0.44862,-0.27467,-0.4294,-0.1474,0.43764,-1.8723,-1.2461,-3.7519,-1.4035,-1.897,-1.8806,-2.6872,-3.4324,-4.8131,-6.4547,-0.9302,-0.90365,-0.85879,-0.78372,-0.81027,-0.79928,-0.61892,-0.69582,-0.7535,-0.65462,-0.72512,-0.78921,-0.70132,-0.8478,-0.89633,-0.91189,-0.89908,-0.93112,-0.85055,-0.84414,-0.96133,-0.9064,-0.88717,-0.82034,-0.90091,-0.85604,-0.7535,-0.81027,-0.85879,-0.86154
-0.70681,-0.75076,-0.87252,-0.81118,-0.69124,-0.79012,-0.95218,-0.95492,-0.91372,-0.97964,-0.94577,-0.94668,-0.95401,-0.89816,-0.89816,-0.82492,-0.82034,-0.81576,-0.8533,-1.0327,-0.58687,-0.71413,-0.82217,-0.57222,-0.3415,-0.28199,-0.57772,-2.3603,-1.8274,-1.3422,-2.3557,-1.3578,-2.6423,-3.7913,-3.8316,-5.4823,-0.80203,-0.77364,-0.76266,-0.75716,-0.69857,-0.68392,-0.61892,-0.62716,-0.64547,-0.65645,-0.72054,-0.76907,-0.78646,-0.79653,-0.80477,-0.83865,-0.84689,-0.84597,-0.8359,-0.8652,-0.83499,-0.84231,-0.81027,-0.81393,-0.86886,-0.89267,-0.8359,-0.76998,-0.81027,-0.86062
-0.82949,-0.80111,-0.79379,-0.78646,-0.78097,-0.8066,-0.8066,-0.84597,-0.81393,-0.79653,-0.80203,-0.74618,-0.73244,-0.71596,-0.75167,-0.75625,-0.7535,-0.69124,-0.67019,-0.71322,-0.77914,-0.70223,-0.46052,-0.47517,-0.50356,-0.46876,-0.019227,-0.2591,-1.3349,-4.9165,-4.8881,-4.2976,-1.822,-4.1694,-5.1701,-6.2166,0.22156,0.19044,0.14191,0.018311,-0.078738,-0.16114,-0.29756,-0.35798,-0.39827,-0.50722,-0.51088,-0.53743,-0.48433,-0.52736,-0.62349,-0.53194,-0.48982,-0.39003,-0.38911,-0.40651,-0.40559,-0.33235,-0.37904,-0.34333,-0.37172,-0.31495,-0.28291,-0.2298,-0.2472,-0.24445
-0.28108,-0.26368,-0.24628,-0.22248,-0.23347,-0.25269,-0.22523,-0.21699,-0.27924,-0.34791,-0.3882,-0.46876,-0.43397,-0.50264,-0.4944,-0.50356,-0.55666,-0.60793,-0.58779,-0.58046,-0.64272,-0.61159,-0.46693,-0.6006,-0.71139,-0.5356,-0.49165,-0.23713,-0.4944,-0.11078,0.0054933,0.19868,0.1648,-2.1067,-4.4295,-8.9395,-0.13825,-0.068667,-0.023804,-0.1117,-0.30946,-0.43397,-0.5063,-0.53468,-0.44496,-0.41841,-0.35524,-0.42848,-0.45045,-0.46419,-0.52644,-0.49898,-0.48433,-0.34059,-0.24995,-0.21332,-0.40742,-0.43764,-0.37812,-0.32502,-0.28016,-0.29389,-0.32044,-0.35798,-0.29115,-0.23347
-0.14374,-0.1529,-0.15748,-0.14832,-0.14924,-0.22248,-0.22248,-0.1941,-0.17487,-0.23072,-0.26826,-0.32136,-0.36073,-0.3827,-0.37904,-0.49165,-0.53102,-0.70589,-0.70315,-0.62807,-0.54109,-1.0199,-0.66012,-0.39186,0.10071,-0.13092,-0.30396,-0.061342,0.12909,-1.8,-5.5565,0.35524,-4.6529,-4.0349,-4.4093,-7.579,-0.52736,-0.5237,-0.53011,-0.54567,-0.53652,-0.57131,-0.57955,-0.56856,-0.57222,-0.60884,-0.5887,-0.59877,-0.6006,-0.62624,-0.62075,-0.60701,-0.59786,-0.60518,-0.61983,-0.59511,-0.60244,-0.58962,-0.60152,-0.60701,-0.60152,-0.57039,-0.57955,-0.59877,-0.60244,-0.60976
-0.62258,-0.61342,-0.60976,-0.618,-0.59877,-0.59236,-0.62716,-0.58962,-0.59786,-0.5768,-0.6006,-0.6006,-0.57955,-0.59145,-0.63265,-0.56948,-0.61892,-0.69948,-0.74892,-0.89816,-0.71871,-0.42665,-0.31495,-0.23621,-0.16938,0.22065,0.30763,-0.49623,-2.8675,-2.938,-5.2022,-5.1143,-5.6417,-6.4492,-7.373,-7.5451,-0.2234,-0.24079,-0.23804,-0.24812,-0.24445,-0.26368,-0.28016,-0.27924,-0.25452,-0.24812,-0.30854,-0.35981,-0.39552,-0.36805,-0.38453,-0.43031,-0.41292,-0.41383,-0.44221,-0.50813,-0.49257,-0.50722,-0.49898,-0.47243,-0.4825,-0.45228,-0.47884,-0.44313,-0.41292,-0.39186
-0.3946,-0.39369,-0.39552,-0.33601,-0.35615,-0.36622,-0.41932,-0.42848,-0.36897,-0.32228,-0.412,-0.47975,-0.47609,-0.44313,-0.43855,-0.46968,-0.45503,-0.41658,-0.44404,-0.40376,-0.50905,-0.45045,-0.47426,-0.50813,-0.37263,-0.16297,-0.01648,0.47517,0.74343,-2.3914,-2.8913,-1.2671,-1.5326,-0.92471,-6.3118,-7.1276,-0.19868,-0.19593,-0.16938,-0.16846,-0.17029,-0.17304,-0.18403,-0.24537,-0.31312,-0.35981,-0.40559,-0.43947,-0.5063,-0.48067,-0.48982,-0.44954,-0.45045,-0.47334,-0.44679,-0.45686,-0.49348,-0.45686,-0.43214,-0.4532,-0.49165,-0.52095,-0.47243,-0.50172,-0.53285,-0.5475
-0.62899,-0.6592,-0.69948,-0.60518,-0.63814,-0.72054,-0.73519,-0.61251,-0.58321,-0.61983,-0.67019,-0.5887,-0.64455,-0.66836,-0.60335,-0.61068,-0.70956,-0.61434,-0.61159,-0.71505,-0.77914,-0.63356,-0.62441,-0.66744,-0.7123,-0.70315,-1.2937,-0.91922,-0.81301,-1.1481,-0.84506,-0.54842,1.4603,-0.9357,-3.9598,-0.59145,-0.59236,-0.59328,-0.57497,-0.60518,-0.5887,-0.58046,-0.60152,-0.61525,-0.62166,-0.65004,-0.6418,-0.63814,-0.64272,-0.67843,-0.66286,-0.63448,-0.65279,-0.69399,-0.66469,-0.67019,-0.66744,-0.68484,-0.6473,-0.65371,-0.72329,-0.70498,-0.69033,-0.7709,-0.95126,-0.86612
-0.79836,-0.85055,-0.9769,-1.0254,-1.1216,-1.008,-0.91464,-1.0099,-1.2973,-1.139,-0.9769,-1.1298,-1.3486,-0.9302,-0.86245,-1.2003,-1.3935,-1.0446,-0.8002,-1.1655,-1.2516,-1.0703,-1.1948,-1.1692,-0.965,-0.9714,-1.062,-1.1994,-1.095,-1.605,-1.4713,-1.9053,-2.0362,-0.97964,-0.49165,-0.65462,-0.67202,-0.68026,-0.65188,-0.6711,-0.7004,-0.73885,-0.74984,-0.71047,-0.68941,-0.7123,-0.70132,-0.74343,-0.67476,-0.68758,-0.67751,-0.68209,-0.67293,-0.65737,-0.66927,-0.6766,-0.68575,-0.68209,-0.69948,-0.78463,-0.81118,-0.78646,-0.8414,-0.91922,-0.95492,-1.0446
-0.94028,-1.0016,-0.98148,-0.96591,-0.9595,-0.90915,-0.9064,-0.90457,-0.79379,-0.81851,-0.99246,-0.88992,-1.1344,-1.4008,-1.3349,-1.1115,-1.1911,-1.2415,-1.1911,-1.3532,-1.149,-1.0135,-1.0337,-1.1939,-1.5189,-1.4896,-1.7231,-1.7469,-1.5299,-3.4159,-2.1607,-1.1957,-0.85421,-1.8952,-5.5135,-0.60701,-0.56581,-0.62624,-0.65004,-0.60518,-0.58596,-0.63814,-0.65188,-0.66469,-0.66744,-0.67293,-0.66378,-0.67385,-0.65554,-0.6592,-0.58779,-0.58321,-0.58779,-0.61434,-0.61617,-0.58779,-0.58412,-0.58596,-0.63723,-0.65645,-0.67751,-0.68667,-0.71413,-0.76266,-0.75808,-0.75533
-0.77639,-0.82675,-0.85696,-0.85879,-0.9064,-0.889,-0.91098,-0.91098,-0.88443,-0.99979,-0.86245,-0.91189,-0.94119,-0.85421,-0.82675,-0.94211,-1.0547,-0.73061,-0.79012,-1.2525,-1.0291,-1.0566,-1.3459,-1.1023,-1.0575,-1.2287,-1.7679,-2.1946,-2.4546,-2.819,-3.4635,-3.0808,-2.3786,-1.399,-1.1609,-0.53285,-0.55208,-0.59328,-0.60793,-0.55391,-0.54201,-0.54659,-0.59053,-0.62441,-0.60976,-0.63173,-0.67843,-0.68941,-0.76174,-0.80477,-0.84231,-0.88809,-0.92196,-0.86795,-0.91647,-1.0501,-1.1921,-1.1142,-0.86978,-0.97232,-1.2012,-1.0446,-0.83132,-0.82308,-1.0446,-1.1591
-0.9888,-0.92105,-1.0382,-1.2287,-1.3981,-1.4209,-1.54,-1.7414,-2.3328,-1.9181,-1.7652,-2.5526,-1.745,-1.2946,-2.2294,-2.7879,-3.3152,-2.0746,-2.3081,-0.19044,0.10895,0.11719,2.4509,0.49165,-0.013733,0.70681,0.16755,0.034791,0.11536,0.052187,0.084231,-0.11628,-0.094302,0.075991,-0.45961,-0.45686,-0.48891,-0.49623,-0.49989,-0.48982,-0.51729,-0.58504,-0.63082,-0.62716,-0.54384,-0.58321,-0.59694,-0.5768,-0.62075,-0.6006,-0.54292,-0.52644,-0.53102,-0.54109,-0.54201,-0.52736,-0.51454,-0.54933,-0.51454,-0.51729,-0.5594,-0.53835,-0.54933,-0.51088,-0.52553,-0.52278
-0.54476,-0.44404,-0.49898,-0.50905,-0.50813,-0.52644,-0.5594,-0.53652,-0.55757,-0.55483,-0.61434,-0.63997,-0.61983,-0.71047,-0.94668,-0.89999,-0.67202,-1.1188,-1.5088,-0.92837,-0.78463,-1.1628,-1.3019,-1.4109,-1.2699,-1.5409,-2.0994,-2.7393,-3.5963,-3.7483,-2.5077,-2.2907,-1.2168,-1.5729,-4.8589,-0.54384,-0.62624,-0.66378,-0.62807,-0.65279,-0.65004,-0.69124,-0.64913,-0.6006,-0.62258,-0.6592,-0.67476,-0.66836,-0.65188,-0.63631,-0.64089,-0.63265,-0.61617,-0.59236,-0.59328,-0.59877,-0.63814,-0.58596,-0.55849,-0.59145,-0.64364,-0.62075,-0.69582,-0.74435,-0.75808,-0.75533
-0.7654,-0.79196,-0.78463,-0.79104,-0.84872,-0.90732,-0.7947,-0.67293,-0.8652,-0.82949,-0.67476,-0.83682,-0.91464,-0.5118,-0.68026,-0.70589,-0.57222,-0.56948,-0.55666,-0.99796,-1.084,-0.84323,-1.0199,-1.3596,-1.3257,-1.5033,-1.5299,-0.10254,0.72604,-0.61434,-1.1362,-1.9877,-1.4658,0.72054,0.10071,-0.69674,-0.71963,-0.68941,-0.70406,-0.69216,-0.68575,-0.67202,-0.6418,-0.64821,-0.63265,-0.63997,-0.65737,-0.69033,-0.62532,-0.6418,-0.63814,-0.6711,-0.67476,-0.66652,-0.6418,-0.66927,-0.68575,-0.73428,-0.65645,-0.71047,-0.71871,-0.75076,-0.75991,-0.7297,-0.71322,-0.72695
-0.7004,-0.72604,-0.7242,-0.80203,-0.85421,-0.7242,-0.6711,-0.77364,-0.95401,-0.86428,-0.7709,-0.89541,-0.97873,-0.92196,-0.92471,-1.0382,-0.98514,-1.0904,-1.1005,-1.0263,-0.96683,-1.1261,-1.3852,-1.2122,-1.4512,-1.9337,-1.9593,-2.1415,-2.4555,-2.0197,-1.193,-0.93387,0.62441,-2.2596,-7.6339,-0.015564,0.017396,0.028382,0.015564,0.00824,0.0054933,0.017396,0.033876,0.030213,0.014649,0.0027467,0.0018311,-0.018311,-0.025636,-0.04944,-0.028382,-0.036622,-0.045778,-0.068667,-0.089724,-0.094302,-0.097049,-0.095218,-0.13092,-0.14466,-0.18677,-0.1767,-0.18036,-0.16938,-0.21607,-0.23713
-0.2353,-0.26002,-0.28108,-0.29206,-0.29115,-0.28657,-0.24354,-0.31861,-0.35249,-0.32685,-0.24171,-0.26643,-0.32868,-0.32594,-0.25361,-0.22431,-0.19318,-0.20051,-0.15198,-0.10529,-0.1648,-0.18128,-0.28565,-0.34883,-0.30305,-0.34516,-0.3946,-0.51363,-0.83865,-1.594,-0.9595,-0.27741,-0.82766,-2.862,-4.9147,-0.0824,-0.12268,-0.17853,-0.18494,-0.18494,-0.19135,-0.21973,-0.22889,-0.25269,-0.24995,-0.25544,-0.23988,-0.23164,-0.23988,-0.24262,-0.27558,-0.29756,-0.31678,-0.30671,-0.29939,-0.29206,-0.33509,-0.33143,-0.34242,-0.42299,-0.40651,-0.36622,-0.38911,-0.42024,-0.43764,-0.42756
-0.43123,-0.40925,-0.38179,-0.37172,-0.35066,-0.34242,-0.38087,-0.40193,-0.35707,-0.40834,-0.43397,-0.42299,-0.38911,-0.43397,-0.5118,-0.62532,-0.53835,-0.50539,-0.46785,-0.47975,-0.52278,-0.5475,-0.41749,-0.39277,-0.44862,-0.50172,-0.67385,-1.3285,-1.9163,-0.5356,-0.34242,-0.39827,-2.754,-5.5071,-6.2111,0.076907,0.12268,0.1474,0.14557,0.141,0.1474,0.15015,0.10712,0.10437,0.11811,0.13825,0.13642,0.12177,0.11536,0.14374,0.17396,0.17304,0.16938,0.16846,0.13184,0.15931,0.18494,0.17304,0.16205,0.15015,0.12635,0.12268,0.12268,0.091556,0.099796,0.12818
0.16388,0.14557,0.11994,0.077822,0.11628,0.15656,0.20325,0.16022,0.16297,0.18677,0.23438,0.23713,0.23804,0.26917,0.31678,0.31404,0.24903,0.28199,0.39003,0.42116,0.3946,0.38087,0.40193,0.44221,0.53377,0.62441,0.65279,0.49348,0.60884,0.97049,1.16,1.464,2.0994,3.22,4.4368,-0.18311,-0.16572,-0.17945,-0.1886,-0.17396,-0.17396,-0.1648,-0.16205,-0.1822,-0.16572,-0.15931,-0.16755,-0.17121,-0.15931,-0.18128,-0.18128,-0.17304,-0.17487,-0.17396,-0.17396,-0.17212,-0.18952,-0.17579,-0.18952,-0.20783,-0.21607,-0.21149,-0.19776,-0.20966,-0.21973,-0.19684
-0.16938,-0.14924,-0.17029,-0.17853,-0.17945,-0.18586,-0.18494,-0.19135,-0.18586,-0.19593,-0.21699,-0.21332,-0.19318,-0.22523,-0.2591,-0.29756,-0.28108,-0.25269,-0.30213,-0.34608,-0.36897,-0.32136,-0.26551,-0.31678,-0.41017,-0.33967,-0.20417,0.0045778,0.1886,0.23164,0.33876,0.53926,0.31953,-0.63906,-21.068,0.5237,0.37446,0.412,0.40376,-1.0822,0.12452,0.018311,0.23072,0.35066,0.18952,-0.48067,-0.80294,-0.76449,-0.59969,-0.85879,-0.88443,-0.72878,-0.86886,-0.96133,-0.90091,-0.68392,-0.80752,-0.8478,-0.99796,-1.4209,-0.61068,-0.75991,-0.90823,-0.8533,-0.71139,-0.39735
-1.0849,-0.80752,-0.93844,-1.3413,-0.91556,-1.6141,-1.4191,-1.0749,-1.2415,-1.0254,-1.4814,-1.3898,-1.2653,-0.38636,-0.64272,-1.1197,-1.5262,-1.1527,-1.0831,-1.1225,-1.117,-1.052,-0.80844,-0.83499,-0.92471,-0.83407,-0.57222,-0.57222,-0.48524,-0.2472,-0.26276,-0.33967,-0.40468,-0.19684,1.9968,0.014649,0.010987,-0.030213,-0.045778,-0.077822,-0.0824,-0.14832,-0.1941,-0.17396,-0.17121,-0.19868,-0.24903,-0.28291,-0.25269,-0.24079,-0.2765,-0.32777,-0.28199,-0.28657,-0.26643,-0.25178,-0.23896,-0.27192,-0.28932,-0.26917,-0.19959,-0.18036,-0.24445,-0.23804,-0.2298,-0.15473
-0.13642,-0.14924,-0.14466,-0.14283,-0.11536,-0.12635,-0.13916,-0.206,-0.18311,-0.15381,-0.14924,-0.21058,-0.23164,-0.22156,-0.18403,-0.17396,-0.18952,-0.24445,-0.28382,-0.15107,-0.17853,-0.19501,-0.18494,-0.10163,-0.048524,-0.021973,-0.079653,0.0412,0.6885,0.81851,0.51088,0.52095,0.60884,1.4859,0.28199,5.9786,1.3843,-1.8677,0.85971,0.32868,-0.77181,-0.53285,0.11628,0.57131,0.46419,0.47243,0.41749,0.43947,0.41658,0.39644,0.45686,0.32502,0.18677,0.61159,-0.30213,-0.32319,-0.3177,-0.35066,-0.31037,-0.34608,-0.32044,-0.32411,-0.36897,-0.3534,-0.35249,-0.34608
-0.3589,-0.36988,-0.3882,-0.33235,-0.32044,-0.35249,-0.34242,-0.33418,-0.32136,-0.33509,-0.3058,-0.33326,-0.31861,-0.33052,-0.3122,-0.31404,-0.35066,-0.36622,-0.37812,-0.32411,-0.30671,-0.32228,-0.39369,-0.36714,-0.3415,-0.31312,-0.32319,-0.35157,-0.33326,-0.34242,-0.26734,-0.28199,-0.31037,-0.29023,-0.23988,-0.23804,-0.21058,-0.17029,-0.15015,-0.13001,-0.14924,-0.021058,0.13276,0.17945,0.21882,0.69308,0.3882,0.62899,1.2799,0.94302,-1.2433,13.763,1.4548,-5.0182,0.48067,0.4532,0.41932,0.41017,0.43214,0.41932,0.3882,0.36622,0.37812,0.33601,0.39369,0.40101
0.38636,0.34059,0.35524,0.32868,0.33052,0.29389,0.2765,0.3177,0.33143,0.28291,0.2884,0.27558,0.32502,0.36714,0.32777,0.34883,0.43031,0.47609,0.60793,0.68575,0.62807,0.62349,0.70772,1.0794,1.4878,1.4722,1.4228,1.2616,1.6434,2.7439,4.3379,8.9221,4.6107,3.5414,2.3008,-0.18677,0.028382,1.1884,0.97781,0.52736,0.13916,0.19868,0.1648,0.29756,0.40468,0.43306,0.26185,0.10254,0.11078,0.3589,0.60335,0.65004,0.37172,0.75808,-0.11719,-0.084231,-0.10437,-0.12726,-0.10437,-0.10346,-0.14191,-0.15748,-0.16938,-0.1941,-0.18677,-0.17762
-0.1886,-0.23621,-0.27009,-0.20508,-0.16755,-0.15931,-0.17579,-0.21882,-0.2353,-0.17029,-0.141,-0.141,-0.15015,-0.094302,-0.095218,-0.015564,-0.021973,-0.10163,-0.02472,0.010071,0.1474,0.3122,0.57131,0.60884,0.2765,0.81027,3.3134,6.1095,3.1413,4.2409,1.7185,0.44221,0.042116,-0.47975,-1.5967,-3.4983,-1.5656,0.21241,0.8066,0.52736,0.46602,0.23713,0.023804,0.1117,0.33235,0.44679,0.54842,0.47151,0.46327,0.52004,0.4651,0.54476,0.29664,0.38087,-0.34791,-0.32319,-0.3177,-0.28748,-0.30213,-0.29023,-0.29481,-0.25544,-0.25819,-0.28565,-0.25361,-0.27558
-0.2765,-0.29664,-0.24628,-0.28108,-0.26917,-0.3003,-0.35981,-0.29939,-0.33692,-0.33235,-0.30396,-0.32594,-0.38636,-0.38911,-0.37812,-0.38362,-0.42024,-0.41566,-0.32777,-0.24995,-0.26185,-0.29939,-0.27833,-0.11902,-0.034791,0.018311,-0.15748,0.65828,0.52461,0.12726,0.41292,0.12543,1.9089,-1.7203,-1.4383,-0.3708,-1.1728,-1.7322,-2.0325,-0.17396,-0.1886,-0.12177,-0.11444,-0.36348,-0.35981,-0.27833,-0.41841,-0.21058,-0.095218,-0.091556,-0.11902,-0.2591,-0.43855,-0.10712,-0.42207,-0.39277,-0.36805,-0.30488,-0.26551,-0.33143,-0.35707,-0.36988,-0.45595,-0.4706,-0.49715,-0.48891
-0.52736,-0.52095,-0.48067,-0.49257,-0.53652,-0.55025,-0.5237,-0.46327,-0.45778,-0.53194,-0.4358,-0.43947,-0.43764,-0.45778,-0.43214,-0.42756,-0.42665,-0.46236,-0.47609,-0.47426,-0.45412,-0.46785,-0.44679,-0.44404,-0.46602,-0.48067,-0.47151,-0.49165,-0.50722,-0.49074,-0.54201,-0.68484,-0.59145,-0.72604,0.16938,-0.32502,-0.16846,-0.18403,-0.24903,-0.28474,-0.41841,-0.4413,-0.37629,-0.17579,-0.37263,-0.45686,-0.20234,-0.41566,-2.4866,-0.42848,-1.8256,-1.2754,-2.244,-6.5069,-0.66012,-0.60244,-0.63997,-0.53652,-0.47975,-0.4944,-0.44862,-0.41108,-0.39186,-0.32868,-0.3708,-0.34791
-0.31312,-0.29939,-0.36256,-0.36805,-0.32777,-0.35615,-0.39644,-0.42116,-0.4001,-0.39918,-0.4239,-0.45686,-0.4239,-0.41566,-0.48158,-0.50813,-0.5182,-0.52644,-0.59236,-0.55025,-0.5063,-0.52828,-0.51546,-0.59969,-0.52553,-0.5649,-0.53926,-0.46876,-0.45778,-0.43031,-0.43489,-0.4651,-0.33326,-0.37721,-0.44588,-0.20875,-0.1886,-0.18494,-0.23347,-0.25544,-0.39827,-0.26826,-0.086978,0.083316,0.17029,0.48616,0.67843,0.17121,-0.3003,-0.7535,-1.0428,-0.69765,-0.74892,-2.1323,-0.59786,-0.60793,-0.5594,-0.53835,-0.5475,-0.52004,-0.51729,-0.53102,-0.54109,-0.4651,-0.41566,-0.45137
-0.46785,-0.4358,-0.42482,-0.46968,-0.44679,-0.47792,-0.43031,-0.4651,-0.49623,-0.477,-0.48341,-0.53652,-0.5768,-0.59053,-0.52828,-0.58687,-0.51454,-0.53011,-0.52278,-0.52644,-0.53468,-0.54018,-0.4944,-0.48341,-0.48524,-0.46876,-0.4651,-0.42482,-0.46968,-0.47426,-0.47243,-0.4706,-0.49074,-0.45686,-0.412,-0.45869,-0.36531,-0.31587,-0.37263,-0.48158,-0.39277,-0.22065,0.014649,0.17212,0.2298,0.26276,0.26368,-0.65188,-0.36439,-1.2094,-0.62807,-7.0791,1.8174,-8.7564,-0.033876,0.033876,0.039369,-0.0064089,-0.0054933,0.073244,-0.059511,0.09888,0.027467,-0.0054933,-0.0073244,-0.010071
0.021058,-0.0027467,0.010071,0.027467,0.014649,-0.010071,-0.010987,0.028382,0.011902,-0.015564,-0.043947,-0.060427,-0.046693,-0.044862,-0.060427,-0.052187,-0.11444,-0.12818,-0.087893,-0.11444,-0.14832,-0.15107,-0.12452,-0.12177,-0.12543,-0.12085,-0.0824,-0.1117,-0.10712,-0.11719,-0.12726,-0.19318,-0.17304,-0.11353,-0.075991,-0.14191,-0.18494,-0.24445,-0.21516,-0.1767,-0.21882,-0.20875,-0.094302,-0.067751,0.064089,0.20875,0.22156,0.30763,0.46144,0.83865,0.78463,0.60793,1.2891,2.3603,-0.56215,-0.58412,-0.66652,-0.52461,-0.47792,-0.52187,-0.63173,-0.60152,-0.53102,-0.47243,-0.53194,-0.65371
-0.70589,-0.69674,-0.6418,-0.7709,-0.79928,-0.88809,-0.8066,-0.71322,-0.76724,-0.83682,-0.93753,-0.88626,-0.91281,-0.82766,-0.87985,-0.8771,-0.8002,-0.6473,-0.7828,-0.81942,-0.76174,-0.54476,-0.63356,-0.91006,-0.89724,-0.683,-0.69857,-0.70223,-0.85513,-0.70589,-0.64455,-0.44771,-0.50356,-0.47334,-0.41292,-0.42665,-0.31587,0.021973,0.055849,0.30854,0.27467,0.14374,0.044862,0.141,0.068667,0.49532,0.74343,0.44679,0.43031,0.57131,1.4182,0.22797,1.0794,-12.911,-1.8311,-1.8247,-1.7908,-1.757,-1.7377,-1.7103,-1.7304,-1.7533,-1.7835,-1.7615,-1.7808,-1.7652
-1.7606,-1.7496,-1.7396,-1.8137,-1.6663,-1.5995,-1.6599,-1.7322,-1.7991,-1.8503,-1.8787,-1.8476,-1.8146,-2.4665,-0.9064,0.17853,-1.5537,-1.3376,-3.5166,-1.8888,-1.2506,-2.0838,-1.2699,-0.64821,-1.4411,-1.5198,-0.95218,-1.8394,-2.9472,-2.6038,-3.0177,-2.732,-1.7927,-2.1213,-1.6361,-1.6663,-1.876,-2.0051,-1.8494,-1.5812,-1.3816,-1.5482,-1.8888,-2.0783,-2.0042,1.2561,0.23713,1.138,0.24079,0.22523,1.0007,1.6041,0.1474,-25.91,-17.627,-4.5457,-3.2328,1.6947,1.0556,0.91739,-0.76083,-0.62532,-2.71,-3.1166,-2.4125,-2.1699
-1.8696,-1.6315,-1.9602,-1.7954,-1.5052,-1.4447,-1.3715,-1.5839,-1.7231,-1.8458,-2.0115,-2.136,-2.0692,-1.8723,-1.5995,-1.5812,-2.0362,-1.6791,-1.4786,-1.3706,0.21607,0.2298,0.206,0.17762,0.23713,0.25086,0.25178,0.26368,0.29115,0.33418,0.39369,0.45045,0.51729,0.48708,0.54018,0.61983,0.72146,0.73519,0.72878,0.68484,0.67476,0.69765,0.68117,0.55116,0.42024,0.38911,0.41383,0.16022,-0.51546,-0.75259,-1.1811,-1.3651,-1.4283,0.20051,0.27833,0.32228,0.30396,0.28748,0.30763,0.29481,0.31861,0.31495,0.33876,0.34608,0.36164,0.33509
0.40925,0.33326,0.41566,0.44313,0.57405,0.5649,0.55574,0.55849,0.56764,0.683,0.69124,0.60518,0.6711,0.75259,0.83956,0.87893,0.95401,1.0712,1.0813,0.94485,0.92563,0.95584,0.86886,0.76724,0.62349,0.69308,-0.092471,0.23988,0.44679,0.74526,0.80569,0.53011,0.045778,-0.53377,-1.1371,0.015564,-0.07416,-0.28108,-0.4532,-0.76815,-0.61708,-0.53285,-0.76266,-1.2516,-1.3953,-1.6297,-1.7249,-1.8906,-1.8796,-2.0344,-2.2358,-3.187,-3.4324,-1.3825,-1.2323,-1.1829,-1.3678,-1.4356,-1.4283,-1.2928,-1.2159,-1.1618,-1.139,-1.0566,-0.9183,-0.87344
-0.91098,-0.83956,-0.75625,-0.66836,-0.6006,-0.5768,-0.60518,-0.60335,-0.52278,-0.47517,-0.3589,-0.19684,-0.1648,-0.26643,-0.31495,-0.31953,-0.2353,-0.15839,0.012818,0.13825,0.2234,0.30763,0.36897,0.61342,0.76174,0.78829,0.7242,0.6885,0.61525,0.51088,0.43672,0.37355,0.33601,0.28657,0.17304,0.22889,0.27924,0.13642,0.058596,0.13092,0.27741,0.19501,0.12085,0.20508,0.13184,0.025636,0.36439,0.31129,-0.21882,-0.20325,1.5894,0.47975,-2.4839,0.12543,0.12543,0.28565,0.29298,0.30763,0.29206,0.27833,0.3058,0.31129,0.26734,0.22889,0.22614,0.38911
0.4239,0.29481,0.25086,0.30122,0.39094,0.34333,0.34883,0.40559,0.55574,0.48982,0.29664,0.28657,0.34883,0.48799,0.56398,0.55208,0.59145,0.70406,0.73244,0.66012,0.72512,0.68941,0.65554,0.67385,0.39827,0.477,0.39094,0.47243,0.47426,0.41932,0.26643,-0.21241,-0.28474,-0.020142,0.051271,-0.018311,0.22889,-0.19318,0.17212,0.043947,-1.4777,-1.9254,-2.277,-1.8567,-1.5134,-1.1051,-1.0602,-0.97507,-0.98148,-1.2516,-2.0655,-3.1202,-3.8618,-0.73794,-0.59786,-0.49989,-0.43306,-0.3827,-0.32228,-0.28199,-0.26826,-0.20234,-0.18586,-0.13916,-0.06592,0.026551
0.09064,0.13276,0.15198,0.17304,0.19868,0.18311,0.16938,0.15564,0.18769,0.29023,0.42024,0.5118,0.55666,0.56764,0.63082,0.68667,0.72512,0.71139,0.71963,0.69857,0.65371,0.59511,0.56398,0.54567,0.5063,0.46052,0.45503,0.47334,0.47517,0.46419,0.45412,0.4239,0.28932,0.17396,0.055849,0.14466,0.12909,0.075991,0.1474,0.28565,0.38545,0.37538,0.33052,0.44221,0.59145,0.4706,0.12177,0.097049,0.17487,0.35249,0.22431,1.2552,2.591,-0.0073244,-0.029298,-0.03296,-0.040284,-0.020142,-0.000916,-0.03296,-0.040284,-0.034791,0.021973,0.018311,0.097049,0.11078
0.081484,0.078738,0.11811,0.085147,0.12085,0.044862,-0.051271,-0.033876,0.019227,-0.052187,-0.16205,-0.13733,-0.12268,-0.077822,-0.1474,-0.25269,-0.29206,-0.13001,-0.069582,0.033876,-0.1648,-0.13642,-0.012818,0.066836,0.045778,0.085147,0.23347,0.32136,0.37263,0.34333,0.39918,0.44496,0.44862,0.45778,0.39827,0.29298,0.2298,0.034791,0.043031,0.080569,0.068667,0.0018311,0.018311,-0.039369,-0.056764,-0.097049,-0.37538,-0.96225,-1.2937,-1.4722,-1.3944,-1.4841,-2.0756,-0.23164,-0.25819,-0.26734,-0.26185,-0.24445,-0.24628,-0.26917,-0.25452,-0.22889,-0.18403,-0.12726,-0.16205,-0.19227
-0.13184,-0.10895,-0.16388,-0.19684,-0.19044,-0.17121,-0.20966,-0.20142,-0.10254,-0.030213,-0.000916,-0.050356,-0.14832,-0.24812,-0.21607,-0.11994,-0.16938,-0.19868,-0.1822,-0.14466,-0.10804,-0.21149,-0.27467,-0.21332,-0.11444,-0.1767,-0.24995,-0.12818,0.14924,-0.0045778,-0.19501,-0.087893,0.023804,-0.038453,-0.19593,-0.29572,-0.43764,-0.31953,0.028382,0.10163,0.25361,1.3413,-0.70956,-2.049,-2.0444,-0.57405,-1.7588,-2.8071,-1.0355,-0.021973,-0.72604,-2.0893,-4.5338,-0.26643,-0.2765,-0.27375,-0.29389,-0.28565,-0.31495,-0.31587,-0.32044,-0.31678,-0.33143,-0.33509,-0.32777,-0.29664
-0.32319,-0.31404,-0.24537,-0.19318,-0.12909,-0.12268,-0.11078,-0.077822,-0.1062,-0.099796,-0.079653,-0.062258,-0.069582,-0.086978,-0.050356,-0.075076,-0.092471,-0.045778,0.0045778,0.012818,-0.010071,0.11261,0.18036,0.091556,0.1236,0.347,0.36714,0.0036622,-0.41475,-0.22523,0.03296,0.0073244,0.059511,0.079653,0.095218,0.18952,0.14557,-0.047609,-0.61525,-0.91189,-1.2259,-1.3807,-1.8018,-0.98422,-1.3935,-0.37538,-0.34791,-0.91006,-1.1179,-1.4502,-3.3583,-4.629,-5.2443,-0.23621,-0.2472,-0.21607,-0.18677,-0.19501,-0.19868,-0.1886,-0.17487,-0.18036,-0.206,-0.18403,-0.1355,-0.19044
-0.1941,-0.17304,-0.16114,-0.20325,-0.21973,-0.22156,-0.22431,-0.24995,-0.25544,-0.28016,-0.28382,-0.26826,-0.21149,-0.15564,-0.13001,-0.15931,-0.1474,-0.12543,-0.053102,-0.084231,-0.077822,-0.0054933,0.047609,0.036622,-0.044862,0.029298,0.19776,0.22889,0.036622,0.17945,0.61159,0.33326,-0.094302,0.33784,0.54109,0.029298,-0.36988,-0.15015,-0.22797,-0.46876,-0.3003,-1.2433,-1.5665,-2.9426,-2.4207,0.044862,-3.0763,-1.9089,-0.35432,-1.2406,-2.3017,-3.4196,-4.3461,-0.52004,-0.46602,-0.44496,-0.52095,-0.49989,-0.40742,-0.33876,-0.39277,-0.37996,-0.34242,-0.29756,-0.30213,-0.3122
-0.32594,-0.29664,-0.271,-0.23164,-0.24995,-0.26185,-0.25544,-0.21607,-0.3058,-0.3882,-0.41566,-0.29206,-0.26734,-0.46327,-0.51912,-0.35249,-0.21882,-0.33418,-0.39277,-0.33143,-0.22797,-0.2179,-0.29572,-0.32868,-0.28016,-0.23072,-0.29847,-0.40284,-0.44496,-0.37446,-0.44313,-0.52187,-0.52736,-0.49348,-0.7004,-0.66469,-0.62624,-0.61159,-0.47426,-0.4532,-0.53377,-0.46693,-0.44221,-0.48433,-0.5182,0.0018311,-0.36256,0.3534,1.6114,-1.7203,-1.9364,-1.3285,-1.464,-0.37812,-0.35798,-0.36256,-0.36897,-0.36988,-0.36164,-0.36164,-0.36897,-0.34974,-0.36439,-0.34974,-0.3708,-0.34425
-0.32868,-0.35157,-0.34883,-0.33235,-0.3122,-0.33784,-0.36164,-0.32777,-0.30946,-0.34242,-0.32228,-0.30305,-0.25269,-0.25819,-0.26276,-0.26826,-0.21699,-0.1822,-0.23988,-0.22706,-0.13001,-0.010071,-0.062258,-0.079653,0.0045778,0.21973,0.31495,0.27833,0.14191,0.15748,0.2591,0.27467,0.28108,0.38911,0.46144,0.28565,0.28748,0.58046,0.69491,0.55666,0.46236,0.54659,0.33418,0.14649,0.26734,0.54384,0.44496,0.63723,1.0575,1.1765,1.2827,2.8959,6.5416,-0.2591,-0.2472,-0.31495,-0.34608,-0.44221,-0.3946,-0.27375,-0.2646,-0.2884,-0.27558,-0.23621,-0.23621,-0.20234
-0.16663,-0.17121,-0.12818,-0.10071,-0.050356,0.07416,0.092471,0.13825,0.24262,0.39918,0.45686,0.48982,0.52461,0.60884,0.62349,0.54476,0.64638,0.76266,0.86612,0.67202,0.70223,0.90548,1.0163,0.79928,0.6006,0.70315,0.67385,0.5475,0.43214,0.53377,0.42299,0.36897,0.38179,0.39186,0.26002,0.075991,0.0412,0.23072,0.56032,0.40193,0.13733,0.24445,0.36439,0.31953,0.14283,0.58229,0.31312,-0.42848,-0.088809,-0.48067,1.1719,3.6009,9.6078,-0.32136,-0.36164,-0.31495,-0.30396,-0.22248,-0.20783,-0.20875,-0.23804,-0.23988,-0.27192,-0.3708,-0.38362,-0.32868
-0.27558,-0.25361,-0.19959,-0.19044,-0.15564,-0.13825,-0.1529,-0.16297,-0.1355,-0.11811,-0.083316,-0.12268,-0.13001,-0.10804,-0.13092,-0.17396,-0.12909,-0.092471,-0.099796,-0.2591,-0.29756,-0.17945,-0.010987,-0.09888,-0.24628,-0.25269,0.043947,0.23072,0.043031,-0.33692,-0.41108,-0.42207,-0.21058,-0.014649,-0.21882,-0.31953,-0.34425,-0.28932,0.084231,-0.022889,-0.020142,0.14191,0.73336,0.58962,0.0054933,0.52553,0.62716,0.24445,0.61617,0.15107,-2.4537,6.4794,6.2349,0.26276,0.23438,0.28108,0.38453,0.40468,0.47517,0.40925,0.42756,0.37721,0.44038,0.553,0.34425,0.26826
0.34242,0.3003,0.10071,0.039369,-0.20783,-0.271,-0.15473,-0.42116,-0.24628,-0.080569,0.11811,0.33143,0.37446,0.35157,0.35615,0.30122,0.25269,0.13459,0.17212,0.13001,0.013733,-0.086978,-0.09888,-0.096133,-0.030213,0.079653,0.11353,0.10712,0.11536,0.17762,0.051271,0.038453,-0.067751,-0.20966,-0.15839,0.16755,0.28108,0.0091556,0.021973,0.57222,0.62075,0.23164,0.2353,0.36622,0.45045,0.06592,0.17121,0.25636,0.28474,1.6205,1.6077,3.7346,9.509,-0.19868,-0.21424,-0.22797,-0.19135,-0.1529,-0.15198,-0.16663,-0.14283,-0.17487,-0.141,-0.10346,-0.1117,-0.09064
-0.11078,-0.14466,-0.20417,-0.22065,-0.23438,-0.22248,-0.28382,-0.35707,-0.39918,-0.38911,-0.36897,-0.34791,-0.37721,-0.39003,-0.36714,-0.34059,-0.23804,-0.18952,-0.22797,-0.33784,-0.34059,-0.39186,-0.50722,-0.53835,-0.50264,-0.84872,-0.67293,-0.13276,0.051271,-0.3122,-0.23347,0.30305,0.26368,-0.12177,-0.30213,-0.20783,-0.11261,-0.48433,-0.66286,-0.32136,0.043947,0.085147,0.076907,0.1822,0.16297,0.094302,0.22889,0.62807,-0.066836,2.429,2.8986,7.08,1.7689,-0.11902,-0.17029,-0.09064,0.071413,0.17945,0.17121,0.1822,0.20234,0.26368,0.32685,0.39644,0.44313,0.3058
0.28474,0.36897,0.40284,0.30854,0.011902,-0.046693,-0.030213,-0.010071,0.032044,0.060427,0.10437,0.13733,0.13184,0.11628,0.018311,0.064089,0.075076,0.060427,-0.019227,-0.17579,-0.14924,-0.09064,-0.071413,-0.10346,-0.036622,-0.081484,-0.17853,-0.21241,-0.13276,-0.087893,-0.12085,-0.11719,-0.044862,-0.066836,-0.17762,-0.069582,0.079653,0.066836,-0.19135,-0.19959,0.0018311,-0.12909,-0.24903,-0.084231,0.23438,0.3058,0.073244,0.33326,0.27741,0.068667,-0.013733,2.7805,8.0276,1.1298,0.092471,0.18677,0.22431,0.060427,-0.028382,0.23804,0.5356,0.73885,0.7416,0.63631,0.58504,0.82766
0.7178,0.78097,0.68575,0.6473,0.73611,0.67934,1.0273,0.23438,-0.096133,0.033876,0.11811,-0.13092,-0.055849,0.40193,0.32411,-0.34333,1.6645,0.71413,0.26002,0.2884,-0.61983,-0.51454,-0.42299,-0.21699,0.64547,-0.40376,-0.63723,-0.70772,-0.4706,-1.3303,-0.80294,-0.5768,-0.77731,-1.1142,-1.0382,-0.62716,-0.98788,-0.17396,0.18952,0.48891,0.40925,0.24903,0.20508,-0.034791,-0.092471,0.1236,-0.10804,-0.018311,0.012818,-0.11902,-0.31953,-0.46968,-2.6634,0.16205,0.18769,0.22065,0.25727,0.27833,0.30946,0.24171,0.28199,0.29756,0.27741,0.21973,0.23896,0.28382
0.3589,0.35157,0.24995,0.23713,0.25086,0.29298,0.2591,0.27284,0.22523,0.30488,0.41108,0.38911,0.2298,0.2472,0.41292,0.38911,0.23164,0.20325,0.25727,0.35707,0.27009,0.12818,0.206,0.31129,0.20325,0.16297,0.3122,0.26185,0.24537,0.089724,0.12085,0.15015,0.13001,0.091556,0.10437,0,0.022889,0.12543,0.15748,0.17029,0.013733,0.23713,0.68209,0.38362,-0.04944,0.33509,0.76724,0.40925,0.25086,0.49074,0.6006,-0.14008,2.2797,0.0064089,-0.021058,-0.043947,0.077822,0.062258,-0.079653,-0.059511,0.025636,0.039369,0.086062,0.17396,0.25178,0.30305
0.32685,0.36531,0.27375,0.16572,0.16205,0.1767,0.16938,0.16572,0.14374,0.054933,-0.040284,-0.14649,-0.15931,-0.15839,-0.32502,-0.2765,-0.15473,-0.20234,-0.29206,-0.38453,-0.30671,-0.15473,-0.2472,-0.25086,-0.21699,-0.093387,-0.12818,-0.16297,-0.18586,-0.18311,-0.10804,-0.11444,-0.40284,-0.50996,-0.32594,-0.55574,-0.8533,-0.66012,-0.61159,-0.7123,-0.66469,-0.57314,-0.59786,-0.61251,-0.50996,-0.61983,-0.66927,-0.44771,-0.17487,0.89541,-0.69857,-1.2104,-5.2791,-0.36439,-0.41932,-0.62166,-0.89908,-0.76083,-0.58962,-0.68026,-0.65645,-0.61342,-0.78921,-0.70406,-0.48982,-0.29847
-0.29298,-0.23072,-0.085147,-0.19318,-0.34059,-0.41292,-0.61617,-0.98972,-0.9302,-0.75716,-0.49989,-0.87893,-0.98605,-0.43214,-0.61342,-0.96683,-1.0831,-0.83132,-0.48891,-0.7297,-0.93936,-0.89541,-0.84231,-0.54842,-1.1948,-1.4475,-1.0236,-1.3605,-1.4219,-1.2827,-0.80844,-1.7341,-1.1371,-0.65096,-0.66012,-0.38636,-0.9357,-1.7679,-1.4347,-1.4493,-0.26368,-0.13001,0.26185,0.63631,-0.20692,-0.71688,-1.409,-1.3688,-1.9272,-1.7615,-4.0696,-5.6783,-6.1827,-0.4825,-0.5118,-0.60335,-0.72237,-0.71322,-0.64638,-0.51454,-0.4706,-0.477,-0.42024,-0.33235,-0.2472,-0.23072
-0.29572,-0.32685,-0.19684,-0.09064,-0.11628,-0.11719,-0.040284,0.0412,0.13642,0.12452,0.16846,0.27375,0.33601,0.3415,0.38362,0.40376,0.40651,0.38362,0.41566,0.49165,0.55025,0.49623,0.47975,0.46327,0.43214,0.2646,0.1822,0.19227,0.26276,0.21149,0.16388,0.2234,0.22523,0.24262,0.52919,0.72512,0.71596,0.46693,0.17762,0.035707,0.11078,0.27467,0.69308,0.59694,0.26276,0.32502,0.206,0.14649,-0.25452,-0.035707,0.39003,-1.5281,5.3716,-0.015564,-0.073244,-0.22156,-0.042116,0.14191,0.20234,0.19959,0.26917,0.32044,0.31495,0.27467,0.23988,0.21882
0.21058,0.21973,0.19593,0.13276,0.0018311,-0.017396,0.010071,0.068667,0.13459,0.16205,0.17487,0.086062,-0.141,-0.28291,-0.31129,-0.36622,-0.35707,-0.25636,-0.11628,-0.10163,-0.22248,-0.347,-0.2298,-0.09888,-0.045778,-0.04944,0.18128,-0.067751,-0.0824,0.12909,0.22065,0.46602,0.27833,0.44313,0.5887,0.64638,0.43764,0.25544,0.39735,0.39552,0.28565,0.018311,0.11353,0.23072,0.012818,-0.1822,0.35157,0.83499,0.347,0.068667,0.58138,4.7133,3.5652,-0.43397,0.071413,-0.11628,-0.69857,-0.86795,-0.88351,-0.39186,-0.3534,-0.65279,-1.0483,-1.2323,-1.345,-0.9595
-1.2516,-1.0913,-0.98239,-0.85604,-0.82217,-0.78188,-0.84048,-0.7947,-1.5619,-1.0932,-1.1939,-0.93844,-1.149,-2.1735,-0.74526,0.1062,-0.74618,-1.1884,-1.2561,-0.55483,-0.83407,-1.0327,-1.8595,-1.1582,-0.57863,-0.50996,-1.3862,-0.85604,-0.2298,-0.18677,0.271,-1.149,-0.61342,-0.61525,-1.8751,-0.66012,-0.73702,-0.84323,-1.1463,-1.0886,-0.97873,-0.14191,0.54567,-0.19593,-0.19868,-0.2646,-0.3882,-0.59603,-0.93753,-1.0337,-0.94302,-0.38453,-3.3473,0.069582,0.19044,0.25452,0.0064089,-0.067751,0.062258,0.15931,0.038453,-0.0064089,-0.043031,0.050356,0.14008,0.13367
0.047609,0.09888,0.20508,0.021058,0.22431,0.46144,0.44862,0.24354,0.11811,0.14283,0.2179,0.21149,0.16663,0.17853,0.17945,0.26002,0.35615,0.46327,0.53285,0.46419,0.41017,0.29023,0.21699,0.13825,0.14191,0.16755,0.21882,0.28474,0.30763,0.30122,0.30854,0.31953,0.30122,0.14374,-0.011902,-0.14832,0.0073244,0.11902,0.271,0.24079,0.24262,0.41658,0.44404,0.15564,0.28657,0.78738,0.59145,-0.088809,0.40925,0.37538,2.5214,3.5395,3.8224,0.87252,0.9183,1.1948,0.7123,-0.45412,-0.44771,0.27192,-0.012818,-0.12909,-0.11811,0.088809,0.33601,0.14557
-0.0064089,-0.10987,-0.21973,-0.17762,-0.42207,-0.45686,-0.25819,-0.087893,-0.17579,-0.83041,-0.26185,0.014649,-0.92837,-1.247,-1.1966,-1.6965,-1.1939,-0.69399,-0.83316,-1.1701,-1.2113,-0.9714,-0.78372,-0.7297,-0.88168,-0.54933,-0.5237,-0.3296,-0.38636,-1.5372,-0.76266,-1.1509,-1.0236,-1.0483,-0.87436,-3.3839,-0.9357,-1.648,-1.2506,-0.44588,-0.19135,-1.8339,-0.84506,-0.90182,-1.0071,-0.64821,-0.29023,-0.015564,0.12543,0.70498,-2.3969,-1.4228,-4.0834,-0.086062,-0.046693,-0.075991,-0.1355,-0.17029,-0.1822,-0.10895,-0.0091556,0.0091556,-0.011902,-0.052187,-0.10437,-0.10254
-0.10804,-0.10529,-0.15381,-0.13825,-0.11811,-0.1062,-0.10071,-0.15839,-0.24171,-0.30671,-0.34608,-0.41108,-0.54292,-0.53835,-0.52095,-0.43489,-0.45503,-0.48524,-0.3882,-0.41658,-0.37355,-0.28474,-0.30396,-0.40651,-0.40651,-0.30488,-0.23438,-0.14924,-0.25544,-0.11994,0.010987,-0.068667,-0.080569,0.23988,0.31037,0.50447,0.67568,0.56673,0.62349,1.1655,1.0556,0.82858,0.97232,0.81851,0.56581,0.57772,0.56215,0.46144,0.48708,0.11536,0.16755,3.4791,8.9486,-0.14466,-0.44313,-0.52644,-0.36714,0.010987,-0.04944,-0.046693,-0.11078,-0.50172,-0.9064,-1.0309,-0.8771,-1.0941
-0.98331,-0.71963,-0.94211,-0.9064,-1.0529,-0.8121,-0.50172,-1.6517,-1.5949,-1.3138,-2.0051,-1.8412,0.40193,-1.3807,-1.8238,-2.0866,-2.9856,-2.3914,-1.1994,0.16022,-1.7158,-2.2001,-0.75808,-0.8533,-2.1625,-1.9419,-1.9135,-0.70681,-1.3495,-2.3008,-1.5033,-0.72329,-1.6562,-1.312,-1.7359,-0.17396,-0.9064,-1.4228,-0.73611,-0.69033,-1.42,-0.28932,-2.8236,-0.44862,-1.0474,-0.78372,-0.064089,-0.17304,-0.40468,-0.73794,-0.7828,2.19,-11.048,0.088809,0.068667,0.066836,0.071413,0.044862,-0.0018311,0.013733,0.010071,0.064089,0.085147,0.1062,0.14283,0.24812
0.25086,0.28291,0.24171,0.20325,0.15839,0.15839,0.18036,0.25178,0.27375,0.29115,0.32777,0.38179,0.34333,0.35707,0.44496,0.49532,0.54567,0.5887,0.57039,0.50172,0.54476,0.65828,0.67385,0.58962,0.6592,0.89541,0.77639,0.63997,0.92013,1.1719,0.96133,0.85879,0.88717,1.0071,1.1014,0.82949,0.79836,0.85513,0.92563,0.9357,0.58596,0.58412,0.78372,0.81118,0.71505,0.22706,-0.0091556,0.21607,0.53926,0.26093,-0.46602,-3.4004,-4.6712,-5.3285,-2.624,-0.31587,1.4045,-1.5995,-3.5588,-3.3134,-3.8874,-2.6377,-2.3392,-1.9135,-1.1206,-1.399
-1.3404,-1.1161,-0.93204,-0.61342,-0.46419,-0.53011,-0.47334,-0.38362,-0.39277,-0.58138,-0.7178,-0.83132,-0.75259,-0.98239,-1.8925,-6.1672,-0.3296,-0.33967,-0.35981,-0.4001,-0.46602,-0.45869,-0.4358,-0.41017,-0.43123,-0.44679,-0.47334,-0.46968,-0.4413,-0.41383,-0.41475,-0.48067,-0.47334,-0.40101,-0.36714,-0.36988,-0.4706,-0.3882,-0.36988,-0.32502,-0.46327,-0.5594,-0.4294,-0.34974,-0.39644,-0.48067,-0.47792,-0.40742,-0.39369,-0.45412,-0.53743,-0.53468,-0.51271,-0.59969,-0.74343,-0.74252,-0.6061,-0.58779,-0.64272,-0.69948,-0.60793,-0.41566,-0.30946,-0.19959,-0.029298,-0.1822
-0.21699,-0.11994,0.036622,0.14374,0.089724,0.13916,0.36164,0.64364,1.0639,1.1509,1.2735,1.1042,1.1261,1.1481,4.8378,8.2922,-0.15198,-0.15931,-0.23164,-0.24812,-0.20966,-0.12177,-0.21241,-0.2472,-0.23347,-0.14008,0.00824,0.06592,-0.0027467,-0.11902,0.017396,0.052187,0.011902,-0.054933,-0.0824,-0.056764,-0.046693,-0.023804,-0.092471,-0.11719,-0.13916,-0.077822,-0.11811,-0.13184,-0.20417,-0.23072,-0.26093,-0.32594,-0.35066,-0.34791,-0.30488,-0.20417,-0.17029,-0.30488,-0.34242,-0.271,-0.26093,-0.30213,-0.30488,-0.22431,-0.26276,-0.41108,-0.54567,-0.34425,-0.21699,-0.12909
-0.11719,-0.20966,-0.16022,-0.089724,0.29939,0.36164,0.87436,1.3303,1.9813,2.4693,0.3708,8.3975,7.6724,1.7927,1.1472,1.0364,0.22706,0.2472,0.18952,0.23804,0.23072,0.23438,0.19044,0.10712,0.022889,0.0054933,0.061342,-0.0064089,-0.045778,0.032044,-0.01648,-0.038453,-0.034791,-0.019227,0.032044,0.034791,0.077822,0.043947,-0.027467,-0.10071,-0.17212,-0.17945,-0.14283,-0.19501,-0.21332,-0.22156,-0.20783,-0.22248,-0.27833,-0.35157,-0.33692,-0.28748,-0.18036,-0.14466,-0.075991,0.048524,-0.0045778,0.1648,0.32228,0.28382,0.35707,0.42024,0.4651,0.412,0.43672,0.45045
0.45045,0.51546,0.6061,0.63448,0.6299,0.47517,0.54659,0.59236,0.94302,0.90274,0.72604,8.5522,2.981,0.59328,1.9877,7.0077,-0.31129,-0.31495,-0.31495,-0.30396,-0.31037,-0.31953,-0.30763,-0.29939,-0.29756,-0.29847,-0.29298,-0.30671,-0.29115,-0.29206,-0.3003,-0.31312,-0.29847,-0.30122,-0.31312,-0.32411,-0.33326,-0.35524,-0.41108,-0.36805,-0.19227,-0.061342,-0.083316,0,0.18036,0.39186,0.3827,-0.09888,-0.88443,-1.0703,-1.0923,-1.0154,-1.3184,-2.1369,-1.9355,-1.3733,-1.1316,-0.68117,-0.4944,-0.6299,-0.20234,0.94119,0.63814,0.2765,-0.1236,-0.000916
-0.36805,-0.42482,-0.41932,-0.23804,-0.20783,-0.20051,0.054018,0.38728,0.64913,0.63997,0.9476,1.0483,1.1399,1.5445,2.8153,8.0239,0.044862,-0.21699,-0.27924,-0.26368,-0.47884,-0.6418,-0.70315,-0.75625,-0.76174,-1.0346,-1.5207,-1.475,-0.75442,-0.24903,0.14832,0.14649,-0.050356,0.073244,0.23255,0.29664,0.07416,-0.1355,-0.17121,-0.073244,-0.046693,-0.13367,-0.29389,-0.3296,-0.27741,-0.3827,-0.49165,-0.4239,-0.25361,-0.15839,-0.23438,-0.24079,-0.25178,-0.141,-0.058596,-0.14832,-0.25086,-0.21149,-0.18952,-0.21607,-0.1822,-0.092471,-0.015564,0.15107,0.20508,0.40559
0.42207,0.11719,0.069582,0.141,0.3058,0.51454,0.55666,0.70223,0.75991,0.70132,0.40468,-0.49715,4.7316,8.1173,1.4612,-0.10895,-0.11994,-0.12909,-0.16114,-0.13092,-0.12177,-0.14191,-0.18677,-0.16663,-0.16388,-0.16297,-0.12543,-0.13001,-0.15107,-0.16663,-0.1767,-0.18586,-0.19135,-0.19501,-0.19135,-0.19501,-0.15564,-0.1117,-0.11994,-0.16572,-0.14557,-0.19776,-0.27009,-0.24995,-0.16663,-0.13001,-0.15198,-0.17487,-0.1236,-0.10529,-0.092471,-0.043947,-0.16022,-0.13001,-0.09888,-0.12726,-0.27467,-0.51912,-0.47334,-0.36622,-0.37996,-0.49074,-0.21882,0.11444,0.39644,0.15198
-0.28565,-0.36714,-0.054933,0.32594,0.31129,0.38179,0.83407,1.2342,0.86978,5.6426,7.2668,3.7428,1.9529,0.9238,0.20234,0.3177,0.40193,0.34333,0.24171,0.1355,0.11078,0.14649,0.084231,-0.075991,-0.1117,-0.065004,-0.094302,-0.18128,-0.22797,-0.23255,-0.22248,-0.19684,-0.2234,-0.2298,-0.25819,-0.24354,-0.29481,-0.33784,-0.28932,-0.15107,-0.1117,-0.13733,-0.21607,-0.23713,-0.20966,-0.28565,-0.33784,-0.206,-0.069582,-0.076907,-0.13642,-0.075076,-0.050356,-0.073244,-0.066836,-0.060427,-0.014649,-0.00824,0.17853,-0.069582,-0.14191,-0.15107,-0.097964,-0.0824,-0.088809,0.067751
0.15839,0.19868,0.29664,0.53652,0.62624,0.94394,1.0483,0.78738,0.94943,1.7899,6.1562,10.032,3.8517,-7.861,0.24812,0.23988,0.21241,0.28657,0.271,0.22431,0.26093,0.26643,0.33967,0.29756,0.16663,0.22065,0.25727,0.2765,0.13459,0.13276,0.2179,0.088809,0.00824,-0.051271,-0.1062,-0.16663,-0.12726,-0.089724,-0.040284,-0.28657,-0.41841,-0.37904,-0.23072,-0.1941,-0.15381,-0.16114,-0.13459,-0.1648,-0.22523,-0.2179,-0.19776,-0.1822,-0.19593,-0.17121,-0.14557,-0.071413,-0.040284,-0.017396,-0.055849,-0.088809,-0.12543,-0.10254,-0.022889,0.036622,0.058596,0.10895
0.20325,0.15564,-0.0045778,0.11078,-0.014649,-0.037538,0.30396,0.23438,1.0694,0.36805,13.836,5.2525,8.0615,-9.9017,-0.46785,-0.53835,-0.58046,-0.54201,-0.37263,-0.33692,-0.4706,-0.44221,-0.38087,-0.39735,-0.31953,-0.41475,-0.50081,-0.38179,-0.41658,-0.55208,-0.8478,-1.0639,-0.97781,-0.76357,-0.68941,-0.41841,-0.13001,-0.071413,-0.27558,-0.29939,-0.45686,-0.69582,-0.92196,-0.99338,-0.93478,-0.92196,-0.9064,-1.0364,-1.1325,-1.1261,-0.9357,-0.80935,-0.83773,-0.83041,-0.69582,-0.62349,-0.74068,-1.0767,-1.0419,-1.0749,-1.2424,-1.4512,-1.2992,-1.2424,-1.3047,-1.3862
