192.63,144.29,99.246,25.758,-48.463,-84.841,-97.049,-31.251,78.982,154.06,206.92,276.13,335.58,393.2,443.98,487.44,523.94,565.57,591.81,601.09,606.83,577.29,535.29,397.96,236.58,183.36,106.33,66.652,108.89,151.98,187.14,297.13,274.3,-46.51,-26.49,-22.828,-27.955,-26.124,-23.682,-23.072,-17.335,-10.987,3.7843,15.503,20.875,25.391,22.095,16.724,16.114,20.264,23.072,28.321,36.012,39.064,25.758,11.719,15.87,14.283,-2.8077,-11.719,-5.8596,-4.0284,-7.8127,-0.24415,10.498,15.503
25.147,36.988,51.149,62.99,72.146,85.086,101.32,115.85,128.06,137.09,147.34,155.52,155.03,156.62,165.04,165.53,153.57,123.29,82.4,36.012,-8.0569,-43.458,17.335,19.41,-9.3997,168.34,183.48,119.02,101.57,62.99,35.157,-13.794,9.1556,-0.61037,4.2726,7.9348,15.381,26.856,31.739,33.326,38.209,43.947,43.214,43.336,49.928,49.928,46.388,42.604,39.064,35.768,35.401,36.988,35.401,34.303,30.885,26.368,25.147,26.978,27.955,27.833,30.274,31.617,32.35,36.622,43.214,50.172
55.177,59.694,69.704,78.127,84.231,87.039,92.044,98.27,105.47,111.7,116.09,124.39,131.47,134.65,137.94,145.39,152.1,141.61,96.438,51.515,60.549,17.823,42.848,237.8,389.29,492.81,492.81,505.39,472.55,368.18,167.61,34.547,8.179,0.4883,-29.298,-52.004,-73.366,-87.527,-90.823,-87.039,-81.79,-76.54,-70.681,-65.92,-62.38,-57.741,-50.05,-40.529,-33.204,-25.636,-21.241,-21.485,-20.508,-19.288,-15.87,-4.3947,11.475,25.025,36.988,46.754,61.037,75.93,82.4,86.062,95.706,99.124
95.584,97.903,100.59,100.96,105.59,108.4,108.04,109.99,115.36,124.64,129.28,130.62,131.72,134.16,141.97,151.13,158.82,160.41,168.46,186.53,204.6,222.66,223.52,215.34,204.47,158.21,138.43,170.9,158.57,123.78,41.749,-11.231,-22.706,38.209,34.303,26.612,20.875,24.903,29.298,27.345,21.363,16.724,9.6438,0.12207,-5.1271,-4.5167,-6.2258,-10.132,-14.649,-12.94,-8.179,-5.1271,-6.4699,-6.4699,-6.1037,-5.9816,-1.9532,4.5167,6.2258,7.6907,4.6388,0.4883,0.73244,4.1505,5.2492,7.6907
6.7141,4.7609,8.7893,11.597,14.039,14.893,16.602,17.701,19.288,20.753,18.067,21.119,23.56,28.809,40.895,60.06,76.052,93.02,113.16,132.69,154.91,195.68,228.77,253.79,255.26,229.13,259.16,362.8,547.14,490.13,499.28,588.4,554.46,495.86,424.94,-4.883,-10.498,-18.433,-22.95,-31.251,-36.866,-35.035,-32.472,-31.617,-27.1,-13.916,1.709,15.992,31.129,49.562,66.774,82.766,96.194,104.13,106.94,104.5,95.34,83.132,102.79,157.35,252.94,337.05,365,361.1,359.51,333.02
305.06,229.26,144.29,109.01,126.71,183.72,266,326.06,368.66,389.66,414.08,413.95,384.66,345.1,301.52,232.67,144.54,61.037,-15.015,-95.096,-168.71,-235.24,-281.01,-287.97,-268.44,-240.61,-239.75,-230.23,-199.35,-166.63,-154.91,-161.14,-175.54,-209.11,-184.33,-95.95,-85.818,0.12207,7.4465,13.55,20.386,28.077,33.815,37.599,41.139,44.801,47.975,46.51,41.017,34.791,28.565,20.875,17.335,21.241,29.176,40.407,51.637,66.164,80.325,92.166,104.98,117.44,130.86,139.53,144.05,145.39
139.65,130.38,119.27,105.47,89.358,76.662,71.169,73.489,90.091,119.39,159.92,185.31,189.46,167.85,100.22,31.739,-12.207,-9.2776,57.863,144.17,223.52,304.45,385.27,466.57,531.75,568.99,609.03,643.09,700.22,779.81,857.08,911.28,920.68,919.22,896.88,945.46,1075.4,2.5636,3.6622,5.005,5.1271,7.0803,10.62,12.207,11.719,12.696,12.94,13.672,15.137,16.358,16.602,16.724,18.189,18.921,16.48,17.335,19.898,22.217,23.682,24.293,23.56,26.612,27.223,29.908,29.176,29.664
31.251,34.547,36.622,38.209,37.355,36.256,36.622,39.918,43.458,45.656,48.219,47.975,48.708,51.515,55.3,60.671,63.601,68.972,83.01,98.514,96.561,84.475,85.33,69.216,60.06,52.858,79.958,111.7,125.98,152.96,127.69,53.346,51.515,85.574,155.64,185.06,273.32,59.572,67.141,72.634,74.465,70.07,63.112,56.032,51.759,49.196,49.806,51.271,53.713,55.666,55.177,50.783,49.806,51.881,51.637,44.801,38.942,41.017,47.121,48.219,49.806,54.079,57.741,60.915,65.676,72.146
79.958,87.283,93.631,101.2,110.97,125.37,136.84,150.03,158.09,143.56,120.85,77.517,21.851,-28.809,-70.437,-99.124,-88.87,40.407,201.42,231.21,213.63,129.89,24.537,-43.825,-68.728,7.4465,132.33,243.78,347.18,431.41,485,521.87,570.45,596.94,614.76,599.87,516.37,415.17,82.034,78.494,63.478,51.759,51.881,60.427,71.169,82.278,87.283,86.428,93.875,99.979,109.26,125.49,141.61,157.48,170.42,174.08,178.96,185.31,182.26,175.42,175.42,178.11,180.43,192.39,212.04,260.14
268.2,264.29,262.58,232.8,185.8,155.4,143.68,149.17,138.07,101.69,111.45,184.45,293.22,398.57,478.41,526.02,557.27,611.35,692.04,772.85,778.47,727.68,750.51,662.01,459.36,300.06,256.97,216.56,167.73,115.36,53.102,-7.0803,-36.012,1.709,-6.9582,6.2258,38.453,25.758,-18.677,8.179,9.3997,9.6438,8.0569,5.8596,3.296,1.0987,-0.4883,-2.1973,-4.2726,-5.8596,-6.4699,-7.5686,-10.132,-12.452,-12.818,-11.109,-8.4231,-5.005,-1.0987,2.0753,5.3713,8.6673,12.207,16.114,20.631,25.513
30.03,32.228,28.687,18.555,5.4933,-4.7609,-11.963,-15.748,-20.142,-29.664,-43.58,-53.713,-61.892,-77.029,-89.602,-98.392,-96.194,-93.753,-86.062,-69.216,-46.144,-18.067,13.916,48.952,71.535,70.681,80.569,105.59,140.75,197.64,237.68,312.14,384.17,446.91,485.12,472.43,408.83,299.45,-38.697,-31.983,-22.95,-13.794,-5.1271,4.3947,13.306,20.753,26.612,32.105,36.744,40.284,45.656,50.539,55.422,52.004,36.012,23.072,1.4649,-8.7893,2.3194,15.259,22.95,23.56,21.119,19.776,21.241,25.147
30.763,33.326,31.373,27.711,22.095,19.41,16.48,15.625,19.044,22.706,20.508,24.659,34.425,42.726,50.905,34.303,44.069,46.388,56.52,50.05,74.953,84.964,57.009,18.433,10.62,11.109,34.059,83.499,256.97,455.58,517.47,416.52,407.85,391.61,340.46,251.11,265.76,104.13,-5.1271,-8.301,-10.865,-12.818,-13.184,-11.963,-10.865,-9.5218,-7.3244,-4.0284,0.12207,5.4933,12.207,19.044,24.781,31.251,37.233,42.238,46.022,47.487,47.975,49.928,52.98,56.642,58.473,59.328,56.276,52.614
51.515,52.126,52.004,50.783,46.999,43.458,41.993,44.069,44.679,44.801,45.534,46.022,45.289,46.632,48.83,51.515,52.37,53.102,51.149,52.004,50.783,48.097,33.204,39.552,22.584,28.565,52.004,85.452,128.54,179.69,232.06,225.71,293.59,333.99,273.81,420.79,463.52,619.04,732.32,571.79,-112.55,-108.65,-97.659,-79.226,-32.838,9.6438,20.997,19.776,16.358,21.485,18.311,18.677,33.57,45.045,57.619,63.845,67.507,77.273,75.808,60.793,35.646,-0.36622,-36.378,-60.549,-78.494,-91.189
-97.537,-86.917,-56.154,-30.396,-19.288,-15.259,-15.992,-14.283,-19.288,-11.841,-11.353,-10.987,-14.527,-14.771,-19.776,-32.35,-54.323,-58.596,-61.037,-77.151,-85.94,-102.54,-111.7,-75.076,-27.589,18.555,58.473,90.823,122.68,137.7,175.05,168.1,153.81,169.68,167.49,137.7,108.52,28.077,41.749,-89.114,5.2492,11.231,16.48,17.945,14.039,4.7609,-7.5686,-18.921,-27.223,-30.03,-28.199,-28.443,-32.228,-33.815,-36.378,-38.453,-40.895,-45.289,-51.271,-53.591,-50.05,-45.9,-40.773,-35.89,-33.326,-31.983
-30.519,-24.171,-18.799,-15.503,-12.329,-10.498,-10.865,-13.062,-17.335,-28.932,-20.631,-14.527,-12.452,-7.0803,6.9582,24.781,37.477,44.679,52.004,77.761,116.09,145.88,168.1,192.02,204.47,236.7,260.75,277.11,279.92,257.7,230.72,234.26,322.03,400.4,457.9,464.98,421.64,378.31,309.09,230.84,54.811,57.253,63.723,70.803,81.179,87.161,94.485,101.57,99.979,93.142,87.893,87.649,91.433,96.927,106.08,99.979,104.98,109.99,126.59,141.73,150.27,156.74,161.14,134.4,77.273,48.341
-20.02,-118.17,-20.631,9.3997,-11.841,-24.781,-28.077,6.1037,37.721,15.015,9.1556,17.945,-13.916,-31.373,-43.58,-66.408,-71.291,-91.922,-86.917,-97.415,-75.32,-68.972,-79.958,-90.213,-70.925,-54.811,-67.019,-60.915,-32.35,-11.109,17.212,28.321,34.303,35.646,39.552,53.835,49.806,40.407,26.612,26.734,0.4883,-39.552,-25.636,48.341,47.609,31.495,33.57,61.647,85.452,98.88,97.659,99.002,112.67,124.76,139.53,132.69,123.17,128.79,133.06,172.49,177.98,154.06,137.94,102.05,59.084,16.114
20.264,49.074,16.846,12.94,25.269,38.209,36.256,42.238,39.064,15.137,13.916,7.6907,-8.5452,-6.4699,-8.4231,-35.035,-52.248,-53.591,-54.201,-71.413,-78.738,-83.865,-78.005,-92.654,-86.062,-90.823,-88.87,-72.878,-67.995,-67.629,-39.796,-13.55,-19.532,-6.3478,17.335,16.114,9.2776,-15.87,-28.321,-2.4415,10.254,87.527,126.47,17.457,31.861,42.482,47.853,48.097,44.313,38.575,34.791,33.937,33.204,33.082,33.204,32.228,28.687,25.147,22.584,19.044,9.5218,-6.3478,-18.433,-22.34,-22.828,-23.927
-26.734,-30.519,-33.082,-36.622,-40.895,-42.726,-40.895,-37.111,-33.448,-29.42,-25.269,-20.875,-18.067,-15.992,-15.259,-15.259,-11.841,-0.97659,15.137,33.692,49.806,63.967,78.86,95.34,111.58,126.59,137.09,140.02,137.33,137.09,140.39,134.4,145.02,155.64,170.42,179.45,174.2,156.62,150.88,148.81,118.41,171.39,187.26,-9.7659,3.296,16.724,26.002,28.321,25.513,21.973,18.311,11.109,10.498,17.701,23.927,20.875,12.574,2.9298,-14.283,-35.035,-46.388,-43.458,-28.565,-5.6154,11.719,21.485
25.88,31.983,39.43,43.58,29.908,4.2726,-19.532,-41.017,-60.06,-66.897,-51.271,-48.219,-38.575,-36.134,-34.913,-37.111,-40.284,-35.768,-23.682,-12.207,0.12207,6.592,21.607,32.96,45.778,62.99,79.592,93.142,110.72,120.37,120.61,128.67,149.66,157.35,173.35,167.49,156.25,149.54,146.73,112.06,31.861,50.295,102.66,53.835,12.452,11.841,7.0803,2.1973,-3.5401,-8.5452,-12.207,-18.677,-26.978,-34.913,-39.918,-47.243,-54.567,-57.985,-58.107,-56.52,-55.666,-53.957,-53.713,-55.666,-57.863,-56.887
-52.004,-44.557,-38.942,-34.425,-27.955,-19.898,-10.865,-1.587,10.132,22.217,33.082,40.895,48.952,56.398,63.601,68.484,73.489,80.203,88.504,98.025,108.4,120.12,130.5,138.55,147.22,161.99,172.37,173.71,187.99,175.79,154.42,113.65,26.978,-64.821,-100.71,-164.07,-246.22,-234.75,-186.65,-204.35,-83.254,-8.5452,2.1973,-44.923,-47.609,-51.271,-51.515,-52.492,-56.398,-59.45,-59.206,-57.375,-56.032,-55.055,-59.206,-66.286,-80.935,-92.776,-103.03,-122.81,-142.95,-164.31,-194.71,-237.19,-271.37,-301.89
-322.15,-316.9,-292.61,-287.73,-278.33,-284.8,-292.73,-274.42,-216.07,-56.52,130.13,240.97,228.4,140.63,41.383,-23.56,-91.067,-182.26,-234.63,-233.65,-214.85,-237.92,-264.53,-277.84,-267.22,-247.57,-205.45,-168.71,-139.41,-114.99,-95.096,-55.666,-12.696,-16.236,-60.915,-116.34,-191.66,-287.12,-395.52,-464.74,-463.88,-390.27,-261.73,-124.52,-130.5,-141.36,-161.87,-179.69,-191.66,-214.24,-236.09,-250.13,-264.41,-290.41,-323.13,-360.48,-380.63,-396.98,-404.19,-378.19,-327.04,-257.45,-219.86,-67.263,141.61,214.73
190.07,99.246,-63.234,-172.12,-262.46,-281.14,-275.64,-260.51,-273.81,-266.12,-261.6,-251.11,-218.76,-191.05,-151.37,-114.26,-73.855,-30.641,9.1556,41.505,57.131,64.333,73.855,71.535,60.183,39.552,12.452,-21.851,-34.425,-49.44,-69.582,-80.691,-72.634,-63.967,-56.398,-48.708,-39.186,-27.589,-8.179,9.3997,14.893,12.085,27.1,-7.2024,2.4415,14.649,23.194,31.983,39.674,47.609,51.881,54.445,54.933,55.422,52.492,47.121,43.703,40.407,31.373,19.532,9.0335,2.4415,-4.1505,-12.452,-20.386,-26.246
-33.448,-41.261,-48.097,-53.224,-58.107,-64.211,-68.484,-70.681,-73.733,-78.372,-79.958,-79.47,-78.005,-80.447,-81.79,-81.545,-85.818,-93.02,-99.49,-107.3,-114.26,-122.56,-125,-126.96,-131.84,-140.63,-151.25,-164.92,-175.05,-187.63,-208.87,-218.27,-210.09,-197.39,-184.58,-168.83,-157.23,-140.39,-118.17,-76.54,-44.801,139.53,142.46,-12.452,-10.865,-10.01,-8.7893,-8.6673,-9.6438,-11.475,-13.672,-14.771,-13.672,-11.963,-14.283,-20.386,-21.607,-22.095,-22.95,-23.56,-24.293,-25.513,-28.687,-32.472,-33.57,-33.448
-31.495,-28.932,-26.124,-23.927,-22.828,-22.462,-22.095,-21.607,-21.485,-22.462,-22.34,-25.513,-30.274,-36.012,-42.97,-52.248,-60.671,-68.484,-79.226,-96.805,-105.47,-114.63,-124.03,-136.72,-145.88,-158.7,-177.13,-199.96,-229.62,-243.78,-267.46,-287.61,-297.62,-306.41,-315.44,-321.42,-338.02,-352.18,-339.85,-337.53,-324.35,-273.57,-186.9,63.234,54.567,45.412,38.087,33.692,31.861,31.739,31.983,31.983,30.396,26.734,21.119,15.625,13.306,13.184,11.963,9.0335,5.7375,4.2726,5.3713,6.1037,5.9816,5.005
2.6856,0.36622,-0.73244,-1.9532,-4.883,-6.7141,-7.2024,-7.0803,-9.1556,-11.353,-13.306,-13.794,-11.231,-4.0284,5.3713,15.015,24.293,31.861,40.162,43.092,45.045,48.83,49.806,47.609,48.585,57.741,69.826,72.39,87.893,111.82,144.54,159.31,124.88,124.88,310.56,485.85,404.92,577.78,563.25,442.03,928.01,873.93,492.93,19.41,36.988,50.661,60.915,66.286,64.821,55.544,37.355,20.264,-0.24415,-18.921,-31.251,-33.326,-23.316,-6.1037,12.696,30.152,34.059,30.763,30.763,30.03,27.833,25.391
21.241,13.916,3.7843,-5.8596,-12.207,-15.015,-15.015,-12.452,-6.1037,-0.73244,3.0519,5.6154,5.6154,3.4181,3.4181,4.5167,5.2492,7.2024,11.597,17.579,24.293,31.251,32.472,38.331,49.44,62.868,80.203,89.846,96.194,88.748,115.73,246.96,319.47,449.11,591.69,699,797.14,919.1,932.4,808.37,586.32,652.12,731.47,-7.8127,-7.8127,-5.7375,-2.4415,1.3428,5.4933,9.2776,13.306,15.992,17.09,17.823,19.776,21.851,23.438,25.636,27.711,28.565,27.955,26.368,24.049,21.119,19.654,18.433
17.212,15.992,14.405,13.672,10.987,6.592,2.9298,-3.0519,-8.301,-12.207,-15.381,-13.794,-8.7893,-5.2492,-2.8077,-1.587,-5.6154,-8.0569,-8.301,-11.597,-17.457,-25.513,-22.217,-13.672,-9.5218,15.015,31.007,33.448,59.572,80.081,266.73,465.47,538.1,-3.7843,10.01,25.391,35.279,36.622,33.448,27.223,19.532,11.353,3.1739,-4.0284,-10.62,-14.405,-13.672,-8.179,-2.5636,0.61037,2.8077,5.4933,7.6907,10.865,15.748,18.921,17.09,11.841,7.9348,7.3244,8.179,8.5452,5.7375,0.61037,-4.3947,-5.9816
-5.1271,-2.1973,0,1.3428,3.0519,5.005,8.301,12.207,12.94,14.039,10.01,-1.2207,-2.0753,-7.3244,-8.179,1.587,26.612,33.204,38.82,40.895,103.03,227.18,371.35,501.48,542.5,571.92,496.11,566.42,707.66,703.63,556.9,845.36,573.38,286.51,161.02,124.88,164.19,175.3,156.87,50.661,15.259,-23.438,-75.686,-110.84,-6.3478,-6.8361,-4.0284,2.8077,10.987,18.799,24.659,25.269,21.729,15.625,7.9348,0.12207,-6.1037,-9.5218,-10.01,-9.6438,-10.376,-10.743,-9.6438,-7.0803,-5.6154,-4.7609
-3.4181,-2.3194,-2.6856,-3.7843,-5.1271,-4.883,-3.296,-0.61037,2.9298,5.2492,4.7609,1.709,-0.24415,4.0284,15.503,28.809,40.04,50.539,59.572,67.263,74.709,77.273,70.437,61.892,50.661,40.895,30.274,6.9582,-5.7375,24.171,23.682,59.084,268.2,505.14,540.54,633.56,637.59,699.85,716.94,738.43,741.97,707.79,505.63,953.15,-74.465,-76.418,-78.738,-77.761,-70.803,-56.764,-38.575,-20.142,-7.6907,-3.9064,-6.9582,-13.184,-17.701,-17.457,-12.207,-3.4181,5.2492,12.696,18.433,22.706,24.781,25.758
26.856,28.321,27.955,27.223,27.833,29.542,31.373,31.739,30.274,29.786,29.664,31.007,34.547,39.308,43.703,50.05,56.764,62.014,66.408,70.559,71.902,71.291,72.024,71.291,61.403,51.637,45.9,39.918,41.139,55.544,76.907,94.607,146.61,243.05,426.53,546.4,629.29,615.5,674.34,773.34,709.01,224.86,875.76,564.71,572.41,-2.1973,-16.236,-25.636,-26.978,-29.42,-31.617,-35.401,-45.656,-53.224,-59.206,-66.286,-66.652,-61.647,-57.741,-58.229,-63.723,-69.46,-72.756,-72.39,-63.478,-50.539
-40.773,-35.646,-29.664,-20.997,-10.498,1.2207,16.236,27.1,34.181,42.97,47.487,46.632,45.167,45.534,47.853,49.806,49.44,47.365,44.435,39.064,32.96,31.617,30.152,25.269,20.02,18.189,21.607,29.176,39.674,45.778,49.684,52.492,56.887,59.328,70.437,100.1,134.77,155.52,171.88,197.27,215.34,197.03,176.52,162.48,-69.704,-20.875,-23.072,-17.701,-19.044,-13.428,-9.1556,-1.9532,6.4699,12.818,13.916,10.132,7.9348,11.597,17.335,15.748,11.475,11.475,5.2492,-0.4883,-0.73244,5.1271
9.888,8.301,3.296,-1.2207,-2.3194,-0.24415,1.0987,1.0987,1.2207,-0.61037,-2.3194,-3.1739,-4.883,-3.7843,-2.5636,-0.36622,0.97659,2.1973,3.296,4.5167,4.2726,3.5401,1.2207,1.587,3.0519,5.6154,12.94,18.189,48.952,119.63,85.94,369.03,352.06,406.02,391.13,423.96,407.48,315.56,282.36,227.18,230.48,169.93,55.788,68.85,158.33,10.01,8.9114,8.0569,8.179,7.9348,5.9816,3.296,4.6388,4.883,2.8077,1.709,1.2207,0.85452,1.8311,5.8596,6.4699,6.2258,6.1037,6.7141,9.888,11.231
13.306,15.015,17.457,19.044,15.992,17.212,19.898,21.363,24.049,26.368,30.152,38.087,51.271,65.798,77.029,86.795,96.072,105.11,116.09,131.72,148.81,160.16,164.07,165.29,173.71,130.25,114.26,156.74,126.83,136.36,-180.55,-97.781,101.93,315.07,329.23,141.85,-112.06,-218.39,-236.09,-299.2,-400.4,-501.97,-597.8,-602.92,-330.21,-246.47,21.119,25.88,36.134,47.609,30.274,13.55,19.532,52.004,123.91,79.348,-8.9114,-62.136,-50.783,-45.656,-47.853,-20.02,-38.209,-93.265,-82.644,-82.888
-55.91,47.853,74.343,3.5401,31.251,29.054,3.4181,35.035,35.035,13.306,31.373,33.57,28.443,19.532,18.555,21.119,-2.5636,-15.87,5.4933,16.602,-6.592,-8.6673,10.132,15.381,31.495,77.395,136.84,207.53,306.04,247.2,161.26,108.4,51.637,70.559,92.41,121.22,117.92,137.7,154.06,198.98,226.69,269.78,295.18,240.61,196.91,50.661,21.363,13.794,1.0987,1.0987,-4.2726,-6.9582,-19.898,-40.773,-55.544,-68.484,-97.903,-125.98,-133.18,-103.15,-40.895,9.6438,24.537,26.124,2.6856,-34.425
-31.861,-34.547,-48.463,-33.204,-15.137,24.781,13.672,76.418,88.382,106.08,119.63,185.67,225.35,284.8,309.34,309.34,285.29,254.77,150.76,96.561,-0.12207,-74.709,-158.82,-197.27,-230.48,-142.58,-68.972,-34.425,-25.88,-45.656,-35.768,-21.363,3.1739,32.838,59.206,47.731,54.445,29.786,-0.36622,-35.524,-40.773,-79.958,-74.099,-93.265,-92.044,-121.46,-140.75,-7.8127,-4.5167,-3.0519,-1.2207,2.4415,6.9582,8.9114,10.376,13.184,19.166,36.134,50.05,60.671,57.497,16.48,-31.129,-35.524,-29.664,-17.945
8.5452,59.694,69.826,64.699,74.953,96.927,105.47,102.66,92.166,72.39,53.835,37.843,20.875,11.597,10.132,16.236,20.753,24.171,35.279,42.604,54.079,70.07,78.86,84.353,91.189,96.316,106.94,119.63,129.89,137.58,146.49,157.6,162.85,176.03,200.69,210.21,167,141.12,167.12,214.61,197.27,194.71,189.21,99.368,66.408,84.475,61.037,82.522,77.151,71.169,65.798,61.403,55.544,49.318,41.749,33.204,24.537,14.405,3.296,-8.301,-20.02,-32.35,-44.679,-55.666,-64.089,-69.216
-72.39,-72.756,-70.559,-67.751,-62.99,-56.276,-47.243,-37.965,-27.1,-13.672,-1.587,5.3713,11.963,19.898,25.269,25.88,25.147,25.758,32.716,41.017,44.557,46.51,51.027,59.816,71.902,87.283,109.74,136.72,168.1,201.79,239.63,271,283.58,309.21,243.17,2.8077,-178.96,-285.9,-401.26,-457.66,-456.19,-343.76,-191.05,-84.841,-43.947,-97.781,-141.36,-184.94,-185.19,-168.95,-148.93,-127.2,-99.612,-72.39,-49.562,-37.111,-24.537,-15.137,-10.865,0.12207,11.719,18.189,24.415,26.246,29.908,31.861
32.838,34.425,38.453,42.482,38.82,36.5,41.261,47.365,50.905,55.422,57.863,57.741,59.084,55.544,51.637,56.398,62.99,61.769,65.31,72.756,77.151,77.761,77.029,76.907,77.761,76.785,76.54,83.621,97.903,114.75,135.26,157.96,165.17,162.24,167,137.09,84.109,93.997,169.93,239.39,277.96,256.97,185.8,131.47,84.597,60.06,117.07,153.45,161.99,156.99,150.03,128.91,103.03,83.132,61.281,31.251,-4.5167,-30.03,-44.313,-58.351,-86.428,-100.83,-105.11,-114.75,-127.2,-146
-172.37,-185.06,-195.32,-198.86,-214.61,-244.27,-260.26,-268.2,-268.68,-274.54,-281.62,-265.88,-186.16,-88.015,-16.48,15.625,-5.1271,-68.239,-119.14,-120.61,-96.316,-78.005,-54.323,-23.56,20.386,65.065,113.16,148.56,175.05,201.18,217.17,229.87,244.51,257.21,268.32,271.37,282.85,301.16,313.61,302.13,262.09,198.86,162.72,159.31,149.66,156.38,186.53,156.5,29.664,25.391,23.072,24.659,26.124,29.054,31.495,35.89,37.355,36.622,38.209,41.627,41.383,36.866,34.059,33.937,33.326,31.739
27.223,22.34,24.781,28.809,31.129,31.861,35.279,37.843,40.773,41.383,43.336,43.214,38.82,38.82,43.214,44.679,49.318,57.375,60.549,60.305,60.06,58.718,55.3,58.84,64.455,67.019,73,84.231,93.997,104.37,111.7,117.07,136.23,141.36,145.51,138.19,151.74,159.92,155.03,181.65,181.65,179.08,181.16,179.2,133.3,82.4,48.952,37.233,39.064,18.311,26.368,30.152,24.903,18.921,9.888,-5.1271,-19.898,-15.625,-6.1037,12.085,30.03,46.754,49.684,30.885,-1.8311,-34.425
-68.606,-89.358,-97.415,-102.42,-106.2,-120.98,-140.75,-164.31,-193.85,-229.74,-265.88,-289.07,-284.55,-271.61,-262.22,-257.21,-245.86,-228.64,-211.19,-190.44,-161.63,-136.6,-119.75,-103.4,-80.813,-60.793,-48.708,-26.612,6.1037,36.012,50.417,74.831,104.25,134.16,145.88,152.47,160.65,160.53,165.17,175.18,193.98,212.29,225.47,236.46,234.38,233.89,206.43,173.47,83.743,-10.376,-15.381,-19.166,-22.828,-23.316,-24.049,-20.508,-14.161,-6.9582,-2.0753,1.0987,2.0753,0.85452,-0.24415,0.4883,0.24415,-0.24415
3.6622,5.7375,10.865,13.916,13.428,17.823,22.217,26.246,31.739,35.401,43.092,50.905,53.835,54.079,54.201,56.887,57.009,49.318,43.214,46.876,52.858,61.281,68.239,76.907,82.4,86.795,96.683,106.94,122.44,146.86,165.17,180.91,206.67,221.69,225.35,207.28,184.94,166.02,149.66,148.2,153.45,156.99,132.94,90.945,30.152,-2.5636,-6.8361,14.283,37.599,-165.41,-161.02,-147.22,-132.69,-114.38,-96.316,-76.662,-55.666,-38.697,-25.391,-15.381,-8.4231,-3.5401,4.3947,11.231,19.41,30.274
37.477,44.069,49.562,52.98,52.614,53.224,54.567,52.98,52.004,48.341,42.848,32.594,23.072,18.311,18.067,17.579,15.992,17.335,21.485,26.49,35.157,44.923,52.98,59.816,65.065,64.577,64.211,69.582,75.686,115.73,146,163.58,198.13,250.62,268.2,269.42,280.04,250.25,196.17,138.8,115.73,145.51,181.04,160.53,94.363,73.489,-23.194,-69.46,-40.895,-22.828,-22.95,-23.804,-27.589,-23.438,-20.142,-19.41,-15.137,-11.109,-7.5686,0,7.4465,14.283,19.044,18.555,15.87,12.329
9.7659,11.841,17.701,15.748,14.039,13.306,10.498,10.987,16.846,24.659,30.885,32.472,34.059,36.622,41.017,44.923,46.144,45.656,47.975,53.102,59.084,67.629,79.348,92.044,100.34,110.48,119.02,127.93,141,149.3,151.86,152.23,157.35,171.15,180.18,184.21,191.17,205.33,203.38,206.79,217.17,210.58,214.85,209.97,193.61,128.42,110.6,139.77,135.62,101.08,95.706,86.795,73.489,64.089,58.718,49.684,33.57,13.184,-9.3997,-34.547,-59.206,-83.254,-100.22,-104.98,-95.584,-80.569
-63.356,-45.534,-29.176,-16.236,-9.0335,-3.296,3.5401,12.329,18.677,22.706,25.147,24.537,20.875,14.649,6.3478,-0.24415,-4.5167,-7.2024,-7.2024,-6.1037,-2.5636,2.9298,8.301,6.1037,-10.498,-20.142,-37.233,-65.065,-82.4,-96.072,-115.6,-138.8,-152.23,-156.62,-152.84,-138.8,-126.1,-110.84,-89.48,-78.738,-104.5,-123.54,-131.84,-159.18,-125.61,108.04,209.6,270.88,368.3,467.54,24.293,23.804,26.246,29.542,27.467,25.025,23.438,25.391,29.054,28.809,25.513,24.903,24.415,20.02,19.044,17.945
19.288,23.56,31.739,44.069,58.962,70.315,76.54,77.151,72.146,67.019,62.746,59.816,57.131,52.98,52.248,52.98,54.689,56.764,59.084,61.281,62.746,64.943,72.39,84.719,95.706,108.77,124.76,137.46,146.61,157.35,165.78,166.88,168.71,175.66,175.3,174.81,184.21,194.95,186.53,168.58,149.66,127.93,113.41,97.537,73.855,39.796,41.017,58.473,95.34,141.12,19.898,16.846,12.574,10.254,7.8127,4.6388,3.296,-0.12207,-5.005,-7.8127,-5.8596,-2.0753,-2.4415,-0.97659,3.4181,7.2024
9.1556,10.62,12.452,13.428,13.55,13.794,13.428,13.672,12.94,12.94,12.207,12.452,15.87,15.381,15.503,18.799,22.217,29.908,40.895,51.149,63.112,70.925,78.249,87.771,91.311,94.607,92.41,90.091,86.795,86.795,88.626,101.93,117.31,126.59,130.38,126.59,110.72,96.561,83.132,87.405,104.98,116.34,116.21,124.64,145.76,177.74,183.11,169.32,128.67,110.97,31.983,31.251,26.002,21.241,16.358,10.254,9.1556,12.94,14.893,15.503,14.527,14.039,17.09,18.799,20.264,25.147
32.35,42.848,54.079,59.084,63.112,64.089,63.967,63.967,63.234,65.554,69.948,72.024,74.343,77.883,80.691,84.597,86.795,93.997,102.54,107.79,112.92,119.27,127.57,138.19,152.71,167.36,175.42,178.35,186.77,187.75,192.27,202.64,203.5,199.47,184.82,171.88,151.13,122.81,103.52,101.08,91.678,72.878,52.126,43.703,56.154,93.265,143.44,23.56,23.682,30.641,39.796,45.167,47.243,47.365,49.928,50.417,41.261,32.838,24.049,18.189,8.301,6.8361,5.8596,3.7843,0.24415,-6.3478
-10.62,-12.452,-11.353,-6.8361,-3.4181,-0.61037,4.3947,6.1037,6.7141,9.3997,11.963,18.311,21.973,24.415,31.129,34.791,37.111,39.674,44.557,51.759,63.845,78.494,92.654,104.86,110.72,112.19,110.23,99.612,77.151,49.196,50.172,63.723,83.987,127.69,176.52,188.73,185.06,180.18,191.29,203.25,200.32,161.14,98.148,47.121,17.823,-26.124,-15.137,12.818,22.095,29.542,31.007,32.716,35.279,37.721,41.505,38.575,35.035,31.007,23.56,15.748,9.5218,7.6907,16.48,29.664,49.318,67.995
85.696,103.89,105.96,97.049,89.114,78.372,71.413,68.85,69.704,69.704,67.507,67.751,73.489,76.907,82.888,89.969,95.95,99.49,106.33,109.74,110.97,116.34,122.93,130.38,137.7,143.19,148.56,156.99,173.22,191.17,207.4,220.1,226.45,216.8,194.95,179.45,170.9,167.24,153.32,142.7,123.17,99.857,74.099,57.253,59.572,70.925,105.47,40.284,36.012,32.594,38.209,39.552,37.111,34.059,33.937,40.284,50.05,53.346,58.473,65.798,66.53,63.478,57.863,48.463,41.505,41.871
43.458,42.116,41.749,42.36,40.529,36.5,41.139,46.51,44.069,41.139,40.04,39.186,41.627,46.022,51.759,54.689,55.544,66.286,75.198,83.499,85.696,86.428,94.729,105.11,105.72,119.14,145.39,162.24,174.44,182.74,185.55,177.25,173.59,185.06,191.17,196.91,210.33,225.96,202.4,168.71,157.11,93.631,8.4231,-45.534,-61.403,-18.677,31.373,-101.2,-59.572,-31.617,12.94,46.754,66.042,75.808,83.987,84.841,75.93,64.089,45.534,32.716,19.532,8.0569,0.24415,-4.2726,-5.1271,-3.0519
-0.85452,0.97659,0.36622,-2.0753,-7.4465,-15.381,-23.072,-30.885,-34.059,-31.617,-29.542,-27.345,-25.147,-19.776,-12.574,-5.005,0.73244,4.0284,6.592,7.9348,6.9582,6.2258,5.4933,5.2492,5.6154,7.2024,7.4465,7.8127,8.301,7.6907,6.7141,6.2258,5.2492,3.0519,0.73244,-0.85452,-1.0987,-1.4649,-0.73244,0.36622,8.301,16.114,23.56,26.124,33.082,31.861,1.2207,-89.358,-106.2,-111.82,-107.06,-90.823,-71.413,-53.713,-40.284,-29.786,-19.776,-10.01,-2.8077,0.61037,4.2726,12.696,26.368,43.947,65.554,91.556
115.12,136.23,157.72,178.11,192.39,203.13,214.24,226.81,237.68,238.9,229.38,220.34,206.55,194.46,185.06,162.85,119.39,85.696,65.676,45.778,23.804,0.24415,-23.804,-45.412,-62.99,-74.343,-74.953,-67.507,-54.811,-37.477,-13.916,16.236,49.562,81.668,97.659,114.02,131.47,156.99,187.02,188.97,251.59,310.8,154.55,338.15,503.19,628.07,591.33,39.796,41.993,54.445,72.39,88.137,97.537,94.119,89.602,72.512,50.661,33.57,39.674,53.835,64.455,88.748,114.63,128.91,126.47,121.1
121.46,127.32,130.99,118.78,93.631,93.509,116.82,128.79,114.63,91.067,88.137,89.236,76.54,38.82,-8.9114,-48.585,-79.836,-100.96,-126.47,-173.35,-218.76,-246.96,-263.92,-277.47,-280.28,-210.09,-169.93,-162.6,-184.94,-172.61,-131.72,-85.818,-53.957,0.61037,45.656,101.32,131.23,161.99,206.79,223.03,280.53,347.18,349.5,305.67,263.44,203.74,127.45,-149.91,-145.39,-129.89,-107.91,-88.015,-72.024,-58.84,-49.318,-40.773,-32.472,-25.636,-22.584,-23.804,-29.054,-36.134,-40.651,-39.064,-31.251,-20.631
-9.888,0,10.376,18.677,24.903,31.373,38.575,44.313,48.585,51.759,53.591,53.102,49.562,42.97,34.181,24.049,12.329,-1.4649,-16.358,-31.983,-48.585,-64.943,-80.203,-95.34,-110.6,-125.13,-140.14,-156.99,-168.22,-178.84,-197.52,-214.48,-227.06,-251.59,-294.81,-309.46,-311.9,-348.16,-388.32,-428.48,-456.07,-441.18,-385.02,-334.12,-211.68,8.6673,0.97659,158.21,133.06,106.57,79.836,55.3,34.547,19.776,8.7893,-5.1271,-26.612,-55.177,-82.278,-99.246,-105.23,-104.37,-103.15,-102.3,-99.49,-93.875
-84.719,-71.535,-54.689,-35.401,-16.48,2.4415,21.607,40.529,57.985,73.855,87.649,98.025,107.06,116.09,125.37,134.4,142.22,147.71,148.93,145.39,137.46,126.96,114.51,105.11,99.734,95.462,93.997,90.945,83.621,76.174,68.728,58.351,50.05,48.341,50.417,59.816,69.338,82.4,123.29,181.04,259.77,478.29,546.28,401.75,561.54,181.77,426.28,6.9582,13.062,16.846,15.503,20.02,33.204,44.191,57.497,74.099,86.55,98.025,111.09,127.81,147.59,158.21,154.3,136.36,119.51,99.734
78.982,62.624,45.412,26.978,18.311,6.7141,-5.9816,-23.927,-32.96,-32.105,-31.495,-38.697,-54.689,-68.484,-98.148,-119.63,-93.02,-63.356,-85.696,-83.743,-75.93,-102.18,-143.19,-204.6,-195.07,-166.51,-143.44,-134.04,-111.58,-109.87,-113.28,-125.86,-156.62,-127.57,-18.555,-23.194,-2.1973,35.279,9.7659,43.336,53.957,88.137,156.87,190.68,185.8,135.99,37.599,-36.012,-49.44,-60.305,-70.681,-79.592,-86.428,-91.556,-94.485,-98.636,-104.01,-110.11,-115.85,-125.61,-136.84,-149.42,-164.19,-181.65,-190.44,-199.22
-217.78,-236.82,-247.2,-255.01,-265.63,-278.45,-288.71,-298.1,-292.37,-286.51,-295.18,-283.82,-272.47,-281.14,-272.47,-237.92,-156.25,31.251,258.67,446.79,481.7,389.42,241.83,92.898,-4.6388,-81.179,-135.38,-157.96,-170.66,-194.59,-224.98,-246.47,-257.33,-253.67,-242.32,-222.79,-197.39,-157.84,-101.44,-37.111,16.724,46.388,58.473,65.676,71.902,82.156,111.94,0,-1.0987,-3.5401,-7.2024,-9.3997,-10.132,-9.7659,-7.8127,-4.6388,-0.85452,2.9298,4.7609,4.5167,2.6856,0.24415,-1.4649,-2.4415,-1.8311,0.4883
3.7843,7.2024,10.498,13.794,17.212,21.607,27.345,34.181,39.918,45.656,51.027,55.422,57.619,58.473,58.229,58.473,60.305,63.356,66.897,71.291,77.029,82.4,86.673,90.091,93.265,96.072,99.612,104.62,113.16,124.76,136.48,146.24,155.4,166.39,185.19,214.48,249.52,294.44,320.69,432.39,589.13,512.83,558,520.89,281.14,679.71,628.32,-70.803,-58.473,-48.097,-48.952,-37.355,-35.279,-26.612,-23.194,1.0987,19.41,23.194,28.565,16.968,10.865,1.8311,-17.579,-39.918,-34.669,1.587
51.515,121.34,73.244,91.678,107.67,89.969,49.44,14.161,-4.883,2.6856,28.809,49.562,60.549,53.224,-18.555,-28.687,-44.801,-59.816,-72.512,-72.146,-68.484,-76.54,-74.587,-87.527,-112.55,-110.97,-95.828,-92.41,-89.236,-89.358,-86.55,-88.87,-106.08,-119.51,-134.4,-154.91,-165.04,-189.58,-228.16,-248.18,-246.47,-240.36,-252.33,-244.51,-220.83,-275.89,-121.59,-7.5686,-6.3478,-6.9582,-10.376,-12.452,-12.818,-10.865,-8.301,-7.9348,-7.4465,-8.4231,-7.8127,-7.3244,-7.6907,-8.0569,-9.2776,-290.78,-294.69,-297.86
-303.23,-308.24,-305.43,-292.61,-275.52,-254.52,-232.92,-209.72,-182.26,-153.81,-133.55,-112.8,-89.846,-72.268,-62.746,-54.323,-50.783,-53.591,-67.751,-82.888,-106.2,-154.67,-201.42,-261.97,-323.5,-317.39,-217.17,-98.758,-42.726,59.938,199.1,297.62,339.49,321.79,282.36,250.62,202.64,164.19,176.76,159.31,145.15,160.28,150.52,119.39,89.358,56.398,275.64,38.575,-440.93,-348.4,-523.45,-369.27,-313.24,-192.02,-103.03,-120.37,-210.46,-285.29,-397.72,-438.61,-448.5,-456.07,-390.76,-298.47,-148.69,132.82
364.02,444.23,344.25,251.23,243.78,256.6,248.3,193.49,126.71,54.811,49.44,-113.04,-9.3997,-11.109,-13.672,-16.48,-12.085,-3.1739,5.3713,11.963,21.851,30.763,36.012,46.876,61.281,75.808,84.109,89.969,94.852,95.95,86.795,62.624,31.495,-0.61037,-29.176,-64.699,-116.09,-148.32,-187.87,-231.7,-148.81,-62.99,-78.616,-106.94,-222.79,9.2776,103.52,-241.1,-272.35,-227.18,-191.78,-189.21,-312.88,-248.05,-78.616,-53.346,-178.35,-120.73,-160.53,-276.5,-271.74,-278.08,-317.64,-378.8,-245.74,92.166
207.28,176.89,157.23,131.47,107.18,58.718,114.38,24.537,-42.116,-57.253,-59.694,-63.601,-76.54,-79.714,-68.606,-42.726,-19.898,-1.4649,7.8127,9.888,12.818,29.542,50.661,59.328,54.811,39.674,17.579,2.1973,-9.0335,-18.921,-23.438,-23.194,-18.433,-10.498,-2.4415,4.1505,8.4231,11.597,11.841,-468.4,-428.24,-394.42,-471.08,-641.01,-582.78,-539.08,-435.68,-595.36,-610.86,-634.54,-660.05,-683.74,-708.52,-709.74,-675.68,-645.53,-649.31,-628.19,-557.88,-446.79,-306.53,-278.94,-120,187.51,392.35,447.28
430.43,335.83,170.29,91.067,150.64,231.82,226.81,184.09,178.23,70.681,-6.3478,124.39,197.52,197.27,140.26,94.485,72.268,74.587,86.428,74.221,35.89,0.73244,-30.885,-61.525,-55.544,-63.723,-78.005,-83.499,-88.26,-89.724,-142.46,-154.06,-177.74,-216.68,-285.65,-344.25,-396.62,-426.28,-413.71,-403.58,-384.9,-449.6,-493.91,-475.97,-519.43,-614.03,-445.2,-13.794,228.4,319.35,257.21,160.65,70.803,-28.932,-83.01,-61.037,-88.992,-128.54,-141.61,-152.47,-153.2,-43.458,78.616,72.878,21.119,-11.963
-37.355,-80.325,-138.8,-143.07,-97.781,-19.776,35.401,53.957,52.858,30.519,15.748,15.625,30.763,40.773,36.866,34.303,19.532,1.0987,-9.1556,-12.574,-5.7375,5.1271,10.132,2.3194,-20.142,-41.871,-54.201,-204.6,-152.84,-89.969,1.4649,86.428,212.9,176.4,182.99,336.19,342.78,-36.744,-217.66,-142.34,-33.937,-14.527,2.5636,11.597,-86.795,-130.99,-136.36,-161.38,-191.66,-197.88,-163.7,-130.5,-113.41,18.067,138.19,130.01,71.78,57.253,-1.3428,-114.26,-209.72,-111.33,9.7659,70.193,55.666,36.378
29.298,-9.3997,-57.131,-25.147,25.391,20.631,-61.647,-88.992,-57.009,-48.585,-47.731,-75.808,-50.295,20.753,19.654,-26.002,-31.495,-11.475,2.6856,-7.3244,-24.415,-26.002,-19.654,-17.09,-19.288,-25.025,-23.316,-18.921,-160.28,-167,-190.8,-220.71,-250.98,-277.23,-297.37,-345.96,-444.96,-506.12,-506.24,-497.21,-467.3,-366.83,-242.19,-122.32,19.288,92.654,88.87,57.375,10.987,-43.947,-39.186,12.94,46.144,41.017,14.405,-3.0519,-42.848,-55.055,-32.228,-35.157,-51.637,-36.012,-0.85452,52.126,111.33,202.89
315.93,394.54,443.74,462.54,453.63,428.24,414.08,397.23,348.03,87.527,-238.78,-199.1,-64.211,-18.311,-19.776,8.4231,59.084,80.935,78.494,66.774,41.871,2.8077,-44.923,-44.435,-20.631,-4.3947,2.4415,-4.6388,-196.54,-170.29,-147.34,-122.68,-94.974,-70.315,-141.85,-141.85,-228.52,-227.79,-234.26,-238.65,-234.5,-177.5,-73.855,32.105,77.639,54.201,17.579,-75.808,-102.05,-8.6673,62.014,90.823,150.76,196.66,179.33,194.95,235.11,190.44,136.11,39.552,-66.286,-140.51,-88.626,-68.728,-63.478,-92.654
-44.313,-4.883,-24.781,-39.186,-9.3997,38.331,31.251,11.597,11.963,10.498,-0.24415,-12.818,-15.992,-9.1556,1.9532,5.1271,2.8077,7.9348,22.462,25.758,17.579,5.8596,-5.2492,-5.8596,0.24415,-2.1973,-12.329,-24.415,-45.045,-50.539,-58.596,-66.897,-75.442,-80.325,-82.644,-85.94,-92.898,-98.025,-101.2,-106.2,-121.83,-150.15,-189.21,-228.03,-255.99,-275.15,-286.75,-291.39,-272.47,-238.65,-197.88,-148.08,-95.218,-50.539,-37.477,-16.114,152.96,120,-92.288,-314.71,-76.174,-71.169,-67.263,-65.92,-64.455,-64.089
-61.525,-68.484,-82.034,-79.836,-62.746,-43.214,-28.443,-26.612,-30.763,-40.162,-55.666,-61.037,-67.385,-69.582,-70.681,-76.174,-85.94,-97.903,-100.22,-91.189,-81.79,-82.034,-85.574,-80.081,-68.606,-57.131,-58.596,-62.38,-71.78,-91.311,-103.27,-112.55,-117.19,-123.17,-131.96,-138.55,-141.85,-162.24,-191.05,-210.21,-225.71,-246.96,-261.12,-268.32,-268.07,-269.91,-279.55,-283.82,-263.07,-258.67,-297.13,-369.76,-450.7,-571.92,-677.14,-683.37,-567.89,-246.96,-64.089,-314.22,-665.3,-483.29,-107.55,296.76,501.6,412.12
218.63,68.728,-28.321,71.657,152.84,89.48,-6.4699,-66.408,-63.112,-16.602,-3.296,-54.933,-142.22,-210.46,-167.61,-35.646,-73.489,-83.01,-91.922,-91.189,-86.917,-113.04,-169.68,-191.41,-186.16,-145.88,-111.09,-69.46,-11.109,-23.804,-22.95,-18.311,-10.865,-6.1037,4.0284,26.246,51.759,50.295,50.661,49.074,51.881,59.816,57.985,57.619,48.708,44.557,35.157,20.142,-39.186,-38.453,-64.821,-110.84,-153.08,-173.96,-213.14,-255.62,-357.19,-419.93,-383.68,-451.92,-444.96,-332.53,-135.75,91.067,-220.22,-103.4
-33.815,-68.117,-6.1037,-54.445,-173.47,-195.68,-264.66,-236.21,-181.4,-109.01,-38.453,10.743,47.609,38.942,14.283,54.323,53.835,60.793,57.619,81.668,90.945,128.3,75.198,35.89,24.659,-57.253,-138.68,-123.42,56.032,61.403,52.37,33.57,11.597,1.3428,1.587,-12.207,-32.594,-32.472,-23.927,-30.519,-47.853,-86.062,-126.1,-157.23,-167.85,-172.61,-167.97,-122.81,-99.979,-115.12,-136.6,-140.87,-193.73,-307.02,-433.12,-599.51,-182.13,-878.69,-148.44,-719.5,-932.77,-914.82,-249.76,602.07,622.58,351.7
15.992,-2.0753,-17.335,55.544,190.92,225.35,196.17,148.08,59.572,19.776,-70.803,-91.922,-64.211,-68.606,-27.955,-62.746,3.5401,-61.769,-141,-153.81,-102.66,-44.435,62.38,125.13,137.58,19.654,-37.233,-71.657,55.544,73.855,90.823,103.27,101.2,88.87,73.122,52.98,37.233,34.791,33.326,29.176,25.513,1.587,-41.871,-79.104,-96.438,-80.691,-115.48,-92.776,-51.515,-12.207,45.778,58.596,5.7375,-41.627,-86.673,-162.6,-732.69,-391.37,-527.6,-483.78,-369.64,-49.44,-85.086,-193.24,-322.4,-382.09
-137.94,-3.6622,83.254,51.027,174.81,151.13,15.259,-16.48,-21.485,-20.631,-54.445,-144.05,-154.67,-86.062,-90.213,-52.98,3.4181,40.04,60.915,117.8,214.73,-144.78,308.24,279.55,296.76,38.575,-183.6,-28.199,97.903,95.218,82.156,66.53,46.266,19.41,1.587,-13.672,-35.157,-64.821,-92.41,-113.04,-126.71,-149.05,-150.27,-125.37,-94.852,-73.733,-58.473,-54.323,-65.676,-48.952,-9.888,6.4699,-33.326,-155.77,-290.78,-387.22,-411.63,-576.19,-1274,-848.54,-832.42,-189.7,-287.61,-331.31,-74.709,67.873
199.84,237.19,292.12,428.11,266.85,173.35,223.15,240.12,141.73,-19.654,-80.325,-62.502,-45.9,-45.412,-54.689,-61.037,-36.134,32.96,25.269,14.405,62.99,94.241,101.57,148.08,168.1,50.295,-107.55,-113.53,-7.2024,-14.527,-20.631,-9.6438,4.6388,15.259,21.485,23.804,19.654,11.231,-9.0335,-33.326,-42.726,-35.768,-27.833,-36.866,-51.149,-57.619,-61.037,-78.982,-87.527,-83.377,-87.893,-84.109,-12.329,-49.562,-162.24,-329.36,-473.53,-613.91,-1258,-1158.5,-751.73,-6.9582,-4.6388,-219.12,-215.46,312.14
360.85,319.59,256.11,222.91,180.43,143.44,133.92,127.2,144.9,137.09,82.034,129.4,160.28,87.039,72.268,77.639,12.452,-11.841,-28.443,-15.381,33.57,72.878,87.527,97.781,105.96,103.76,91.067,66.652,293.95,1.2207,-3.6622,-9.5218,-13.184,-17.335,-26.978,-34.913,-34.913,-33.57,-35.646,-38.697,-40.162,-41.871,-40.407,-37.111,-26.246,15.381,69.826,56.398,65.31,-1.0987,-113.28,-122.68,-77.029,50.172,199.71,320.57,278.57,78.738,51.393,62.502,74.221,246.71,376.35,-15.748,82.278,239.14
134.28,390.15,381.24,189.46,62.38,-47.243,-117.31,-152.96,-173.22,-155.16,-129.4,-126.1,-126.96,-113.16,-104.37,-141,-185.8,-113.65,19.166,84.841,172.49,228.28,289.8,436.05,362.44,-43.092,-302.26,73.733,158.09,7.8127,15.259,15.381,10.376,7.5686,7.9348,0,-5.8596,-0.61037,3.9064,-2.9298,-6.7141,-1.9532,-16.236,-19.776,7.2024,56.154,87.771,84.597,5.2492,-132.57,-230.35,-230.35,-294.08,-195.68,-118.66,-360.24,-393.44,-252.33,-91.8,21.729,-116.09,-386.97,-43.947,-112.06,-88.382,-89.846
54.689,-1.9532,-64.821,-139.9,-235.85,-183.84,-127.57,-61.159,-76.785,-77.639,-8.179,47.487,52.492,91.8,111.33,112.8,62.746,32.594,-7.0803,-33.815,33.692,1.587,18.921,74.343,28.077,-86.062,-129.64,-92.044,-56.398,-50.539,-45.656,-36.622,-22.095,-12.818,-6.8361,15.748,23.927,8.6673,2.1973,-2.4415,18.677,37.965,36.5,20.753,7.5686,-5.1271,-62.38,-138.31,-172,-182.13,-233.28,-254.65,-256.72,-402.48,-617.45,-621.36,-1052.2,-1114.8,-1216,-456.56,-687.03,-142.34,-385.27,-51.393,139.53,46.266
161.99,198,181.52,115.85,144.05,205.21,242.81,225.96,128.79,137.94,128.67,105.72,121.34,124.76,94.974,77.883,26.002,36.256,46.51,25.758,-60.06,368.05,327.4,48.219,7.2024,-25.758,59.572,142.46,-120.49,-138.07,-136.11,-131.11,-128.06,-146.73,-180.91,-217.78,-260.87,-302.5,-352.55,-431.04,-475.48,-516.13,-570.57,-590.35,-544.69,-564.47,-623.43,-647.6,-663.59,-680.07,-673.36,-621.36,-494.28,-357.8,-164.19,-0.97659,196.42,290.05,171.39,8.7893,222.17,239.75,-12.818,7.9348,105.11,254.28
346.57,348.77,301.16,196.3,76.662,-36.134,-106.45,-104.98,-128.3,-144.17,-100.83,-59.572,-98.025,-122.32,-131.11,-121.71,-61.769,20.997,39.796,29.298,14.405,-23.804,-49.806,-51.515,13.672,20.02,20.142,14.039,8.5452,3.1739,-3.7843,-5.9816,0.24415,6.8361,17.457,25.025,23.56,23.927,0.61037,-48.83,-37.721,5.7375,31.373,-4.7609,-99.857,-159.31,-198.13,-240.61,-324.84,-430.07,-508.32,-562.88,-446.42,-422.01,-636.62,-761.38,-448.38,12.452,13.062,12.085,10.743,8.4231,5.1271,1.9532,-0.85452,-2.9298
-2.6856,-0.24415,3.296,5.2492,7.9348,10.62,11.719,14.405,17.945,20.997,23.804,25.88,27.589,30.519,33.57,37.111,36.988,33.326,28.565,19.288,6.9582,-4.7609,-20.02,-42.726,-68.972,-90.335,-106.69,-113.77,-111.45,-112.43,-120.85,-132.45,-142.22,-145.51,-146.49,-142.83,-136.11,-126.71,-116.58,-108.28,-95.584,-83.987,-78.372,-68.606,-60.305,-40.895,-9.3997,13.916,41.993,71.902,122.68,146.73,125.49,92.898,29.908,-26.246,-51.271,-55.177,-56.887,-58.718,-65.798,-70.559,-72.268,-73.122,-74.099,-73
-69.704,-67.141,-68.117,-71.047,-74.465,-77.029,-77.517,-76.174,-71.657,-65.065,-56.398,-45.534,-33.326,-21.607,-12.085,-4.6388,3.296,12.696,22.95,31.617,41.017,50.172,57.009,59.572,58.107,53.102,46.388,39.186,30.763,18.311,2.0753,-14.283,-32.838,-48.341,-58.962,-68.606,-79.226,-95.828,-111.82,-129.03,-154.42,-180.18,-196.54,-202.03,-203.13,-209.97,-208.14,-197.52,-170.42,-132.69,-102.54,-50.417,19.898,64.943,41.261,-23.804,-77.273,-37.599,-5.7375,24.659,41.749,43.214,38.697,37.843,39.918,41.505
41.505,38.087,32.716,27.589,24.415,19.654,13.916,11.231,5.1271,-7.4465,-17.212,-22.462,-24.293,-24.049,-17.457,-6.3478,4.5167,12.94,23.072,31.007,30.763,25.88,17.09,7.6907,-5.9816,-25.513,-46.388,-70.559,-95.95,-115.6,-126.83,-136.72,-155.64,-177.86,-192.51,-197.15,-193.24,-190.19,-188.48,-180.55,-167,-119.14,-50.783,-6.4699,23.804,64.211,78.372,71.413,63.356,56.887,63.234,53.957,31.739,25.636,-7.3244,-28.321,-192.02,-230.48,-486.47,-27.955,-30.274,-33.204,-37.477,-41.139,-42.604,-42.36
-42.97,-42.116,-39.918,-33.937,-29.42,-25.025,-20.997,-15.137,-10.987,-7.3244,-2.1973,2.0753,10.376,14.893,15.87,13.062,5.9816,-4.1505,-17.823,-35.035,-39.918,-53.224,-54.323,-67.995,-120.73,-174.93,-219.24,-254.77,-314.58,-347.18,-360.48,-414.2,-447.77,-435.68,-409.44,-361.83,-282.72,-193.37,-131.6,-94.729,-83.254,-108.28,-148.2,-182.5,-203.01,-228.89,-254.77,-276.74,-292.86,-299.33,-294.44,-275.4,-234.63,-163.95,-62.746,54.567,193.98,371.11,502.21,-88.992,-83.865,-76.296,-66.286,-53.957,-38.453,-22.584
-7.9348,4.2726,16.236,21.485,20.875,18.555,11.841,4.883,0.12207,-2.6856,-3.6622,-2.9298,-0.36622,2.5636,4.883,5.8596,6.1037,5.2492,4.1505,3.296,0.97659,-4.0284,-11.353,-20.386,-30.03,-37.477,-41.627,-40.407,-36.378,-32.35,-33.448,-41.627,-53.957,-67.385,-76.785,-84.353,-89.48,-95.584,-106.2,-115.73,-119.88,-125.13,-133.18,-140.14,-141.61,-134.28,-126.47,-112.8,-96.316,-78.738,-39.796,-0.97659,42.97,105.96,189.83,222.66,177.25,151.13,101.2,-16.968,-16.114,-14.405,-13.184,-12.94,-12.94,-13.062
-13.306,-13.428,-13.062,-13.794,-15.381,-15.87,-16.724,-17.212,-17.212,-16.48,-16.358,-18.433,-23.316,-31.007,-38.331,-43.458,-45.412,-47.365,-50.295,-54.933,-59.572,-64.821,-66.897,-66.042,-65.92,-69.46,-75.564,-86.795,-97.293,-102.66,-109.5,-115.48,-112.67,-104.01,-107.06,-128.18,-164.56,-206.31,-257.21,-293.47,-295.42,-311.66,-356.7,-394.42,-428.72,-455.09,-435.68,-400.77,-374.52,-332.16,-278.08,-238.04,-230.72,-214.36,-193.73,-208.75,-215.58,-143.93,322.4,86.55,-235.48,15.015,13.184,10.498,8.0569,5.9816
3.0519,-0.12207,-1.2207,0.36622,2.8077,5.1271,6.7141,8.7893,11.353,14.039,16.236,16.48,16.48,16.48,16.846,15.259,12.452,10.01,6.8361,0,-10.62,-22.584,-35.89,-48.097,-56.887,-63.478,-70.559,-73.733,-73.366,-74.343,-76.052,-77.883,-76.54,-72.634,-69.46,-71.169,-80.447,-92.044,-95.096,-92.288,-92.41,-99.246,-111.21,-122.81,-125.13,-113.04,-85.33,-66.897,-67.385,-80.569,-97.659,-94.607,-78.86,-39.186,7.9348,98.148,179.45,200.93,198.98,107.06,-34.669,-222.17,10.376,12.94,15.137,17.212
16.114,13.428,10.254,6.8361,4.0284,1.3428,-2.3194,-5.6154,-6.9582,-5.2492,-4.6388,-4.6388,-4.7609,-6.7141,-8.5452,-10.376,-14.649,-21.729,-27.467,-30.519,-32.472,-33.937,-35.646,-38.209,-43.336,-49.318,-55.544,-62.014,-68.117,-71.902,-73.366,-72.146,-71.047,-70.803,-72.634,-77.761,-84.597,-89.236,-91.189,-95.584,-100.34,-101.81,-99.49,-91.678,-84.964,-83.743,-79.958,-71.535,-59.206,-31.739,-7.4465,-17.335,-19.654,-15.137,-5.3713,8.301,12.574,12.818,-5.3713,-40.162,-133.67,-111.94,9.1556,6.3478,4.7609,3.7843
1.8311,-0.24415,-1.8311,-2.9298,-4.0284,-5.3713,-6.3478,-6.1037,-5.3713,-3.6622,-1.0987,1.0987,3.9064,7.2024,11.597,15.259,18.799,21.729,23.804,24.781,24.781,24.415,24.781,24.171,22.828,20.875,17.09,11.353,5.3713,-5.7375,-17.212,-32.105,-43.58,-56.276,-69.46,-82.034,-94.974,-108.52,-124.03,-143.93,-167.61,-195.93,-231.21,-255.87,-271.25,-279.43,-267.71,-229.01,-172.25,-97.659,-22.584,83.743,183.84,213.51,189.21,161.38,116.58,-19.776,-102.05,-168.1,-195.2,-142.09,-238.53,47.365,49.44,51.149
51.393,49.44,46.388,41.993,36.256,29.542,22.217,13.916,6.3478,0.36622,-4.6388,-9.7659,-15.137,-20.875,-27.467,-34.181,-39.186,-40.651,-38.331,-33.204,-28.443,-22.34,-11.109,3.9064,14.161,15.137,13.794,6.592,-6.8361,-21.607,-30.519,-32.96,-34.791,-39.918,-49.928,-61.647,-80.081,-106.57,-134.04,-164.43,-201.42,-232.67,-259.16,-284.07,-303.23,-318.86,-332.29,-349.25,-378.06,-422.01,-467.3,-500.87,-549.58,-558.98,-462.78,-314.83,-183.97,-110.97,-135.62,-141,-58.596,57.497,451.67,6.2258,6.7141,7.0803
7.0803,5.9816,5.3713,5.3713,5.3713,5.7375,7.6907,12.085,17.09,21.363,24.659,27.833,29.298,29.054,28.443,27.345,25.025,22.34,19.898,19.288,19.898,18.799,17.579,16.968,17.212,16.48,13.55,9.7659,0.24415,-10.254,-20.02,-31.251,-40.407,-49.196,-58.229,-69.338,-81.545,-91.067,-103.27,-117.68,-135.62,-157.48,-178.84,-197.88,-211.8,-218.39,-218.63,-217.66,-220.34,-221.32,-208.26,-176.64,-148.08,-125.13,-103.4,-79.47,-58.718,-45.412,-73.611,-137.21,-230.23,-269.3,-306.77,-274.06,18.799,15.137
12.574,14.039,17.09,19.654,20.264,19.288,17.09,14.161,11.475,8.9114,5.6154,2.4415,-2.3194,-6.9582,-11.719,-16.724,-21.119,-22.706,-22.584,-22.462,-22.217,-23.316,-24.171,-25.025,-23.927,-22.828,-21.973,-22.706,-26.124,-32.472,-42.238,-56.032,-68.85,-76.296,-82.644,-91.311,-99.246,-100.59,-102.54,-107.91,-112.92,-114.51,-115.73,-120.85,-122.81,-121.22,-126.71,-133.79,-125.74,-105.23,-98.514,-106.45,-119.75,-149.66,-211.31,-266,-337.17,-325.94,-283.33,-291.63,-365.98,-528.46,-863.67,-1035.1,-775.41,-7.6907
-5.8596,-3.0519,-1.0987,-0.4883,-0.24415,1.0987,2.8077,4.2726,5.7375,7.8127,9.5218,11.719,14.405,16.968,18.311,19.41,20.02,21.485,23.072,25.025,26.612,28.321,29.664,30.152,30.519,31.617,31.617,27.223,23.194,16.724,6.592,-7.9348,-23.804,-36.988,-52.004,-65.798,-79.104,-88.382,-92.654,-95.584,-99.857,-103.52,-104.98,-105.59,-110.48,-119.14,-127.57,-130.01,-129.52,-129.4,-132.94,-130.74,-129.89,-119.39,-93.753,-74.709,-69.948,-74.221,-56.398,-9.1556,60.427,73.855,68.484,21.607,-33.57,-11.231
-12.94,-15.748,-19.044,-20.875,-22.34,-22.217,-19.776,-17.701,-15.748,-14.893,-14.649,-12.94,-12.818,-12.085,-11.353,-12.207,-12.818,-13.55,-12.574,-11.109,-12.207,-13.55,-14.649,-16.114,-18.921,-25.513,-33.448,-32.96,-25.758,-20.753,-17.579,-14.405,-10.743,-9.6438,-12.207,-19.41,-28.321,-37.721,-49.196,-60.915,-69.582,-78.127,-104.13,-147.34,-178.23,-188.36,-181.52,-157.6,-133.92,-151.62,-187.99,-174.08,-166.63,-193.37,-217.17,-258.8,-303.35,-316.17,-344.98,-380.87,-418.71,-441.54,-440.44,-403.82,-408.22,-114.99
37.477,34.181,29.786,24.293,19.776,15.748,12.452,9.888,6.3478,3.296,1.4649,0.61037,0.85452,0.85452,0.97659,0.97659,1.3428,1.709,1.8311,-0.24415,-3.4181,-8.7893,-15.87,-22.34,-28.199,-39.308,-49.928,-61.159,-71.413,-78.616,-79.47,-83.132,-85.086,-85.94,-86.306,-93.753,-101.69,-107.67,-109.26,-108.16,-107.79,-109.62,-110.48,-111.09,-110.11,-109.62,-113.04,-111.58,-110.48,-106.33,-112.55,-95.95,-74.099,-76.174,-81.668,-79.104,-61.525,-15.015,48.708,136.84,189.58,184.45,127.2,-49.318,-125.13,-234.5
-347.54,7.0803,7.4465,10.01,13.184,15.87,17.335,18.677,20.264,21.363,21.241,20.02,18.921,17.335,16.602,15.259,13.428,10.865,8.9114,8.5452,9.0335,10.62,12.329,13.55,13.55,13.184,11.963,8.7893,2.9298,-3.1739,-11.719,-19.532,-26.856,-31.617,-38.209,-40.895,-40.895,-51.515,-51.881,-48.952,-53.224,-62.746,-73.244,-80.447,-83.132,-87.039,-93.753,-104.13,-120.85,-140.14,-161.99,-195.81,-241.95,-275.03,-290.9,-298.72,-288.71,-252.2,-207.4,-171.64,-144.78,-146.49,-202.03,-268.07,-255.62,-280.65
-439.59,-28.687,-24.537,-21.485,-20.753,-21.973,-23.072,-22.462,-21.363,-20.997,-22.95,-24.903,-23.56,-21.241,-21.119,-21.119,-19.898,-17.457,-15.381,-17.212,-20.508,-21.363,-20.997,-22.95,-26.124,-29.298,-32.716,-35.524,-37.721,-41.627,-45.9,-50.05,-53.468,-57.863,-62.258,-67.507,-73.244,-81.545,-91.067,-99.979,-109.74,-117.19,-117.44,-107.79,-98.636,-91.678,-87.405,-94.485,-118.53,-153.32,-185.19,-209.23,-240.97,-273.32,-300.18,-323.01,-352.18,-384.53,-404.68,-406.14,-418.59,-451.31,-465.83,-467.91,-448.74,-340.1
-182.99,25.147,24.903,24.537,24.781,26.124,26.734,26.978,26.49,26.978,28.077,28.199,28.199,27.955,27.711,27.1,26.978,26.978,27.467,28.077,27.955,27.1,26.368,26.612,27.711,30.274,34.181,39.064,44.435,49.074,52.126,52.004,49.074,43.458,37.111,29.176,16.846,2.3194,-13.062,-27.1,-40.407,-55.3,-70.437,-85.696,-101.32,-121.71,-140.75,-155.16,-170.54,-190.8,-206.79,-218.88,-228.28,-223.03,-209.85,-184.21,-165.04,-145.76,-127.69,-81.423,-41.505,-29.176,-3.1739,35.035,-40.04,-97.537
-122.2,-36.5,4.7609,4.6388,5.3713,6.3478,6.7141,6.8361,5.8596,3.4181,-0.61037,-5.1271,-8.9114,-12.574,-16.236,-19.41,-20.997,-20.753,-20.997,-21.607,-22.95,-23.804,-23.316,-22.095,-20.997,-18.433,-13.184,-9.888,-10.987,-12.329,-15.625,-18.189,-20.875,-29.786,-40.773,-45.656,-41.383,-36.866,-42.848,-57.619,-65.554,-71.78,-79.592,-80.081,-65.676,-53.713,-62.99,-111.7,-207.77,-316.17,-388.81,-411.88,-405.65,-407.24,-404.19,-406.63,-398.82,-394.67,-292.12,-154.3,-269.54,-704.37,-784.33,-657.61,-521.38,-294.2
-264.29,-236.58,-267.34,-174.69,-35.401,73,15.87,-73.366,-99.124,-96.072,-86.795,-53.713,-7.4465,32.838,58.229,78.616,98.514,117.8,150.4,200.32,228.28,231.7,233.53,230.96,230.23,227.55,201.18,-33.692,-42.116,-10.62,36.866,28.443,72.634,-17.335,-45.656,-85.94,-38.209,-37.843,-40.529,-43.092,-44.069,-50.661,-57.497,-67.507,-82.4,-100.83,-114.63,-117.19,-119.39,-127.45,-150.64,-166.26,-170.42,-186.04,-208.38,-231.45,-250.98,-264.66,-287.61,-317.27,-343.52,-368.66,-389.42,-385.51,-360,-344.13
-296.4,-209.6,-118.17,13.794,117.8,132.57,137.58,132.94,124.52,114.75,107.91,104.25,100.47,95.95,88.504,76.296,63.967,48.708,34.303,23.072,13.184,4.7609,-0.36622,-4.1505,-9.5218,-15.137,-21.119,-26.978,-34.303,-39.918,-44.923,-51.027,-56.52,-60.305,-62.868,-66.53,-70.803,-73.733,-75.198,-75.32,-78.494,-81.057,-82.156,-81.301,-80.813,-83.621,-87.771,-91.922,-97.171,-104.98,-117.19,-132.94,-150.15,-168.83,-189.95,-214.48,-242.32,-270.27,-300.42,-336.31,-373.06,-406.99,-430.43,-444.11,-459,-451.06
-430.07,-344.37,-265.88,-384.41,26.002,27.345,29.786,32.228,32.35,34.303,34.547,31.739,28.932,25.025,17.579,11.109,6.8361,3.296,-1.8311,-4.883,-4.0284,-5.7375,-8.5452,-10.987,-13.916,-18.555,-19.288,-18.799,-20.386,-20.02,-18.799,-15.992,-15.625,-14.527,-14.649,-14.649,-14.893,-15.992,-17.457,-19.41,-20.142,-20.142,-21.851,-22.706,-22.706,-29.786,-39.552,-42.238,-46.022,-48.708,-59.938,-69.704,-78.616,-87.283,-109.26,-137.33,-158.45,-179.82,-214.12,-259.16,-300.18,-343.76,-360.12,-396.74,-617.57,-695.09
-815.21,-1008,-1129.3,-766.14,12.452,14.771,16.114,15.748,14.649,12.574,9.0335,9.3997,8.7893,8.301,10.254,11.963,13.55,12.207,8.9114,6.4699,4.1505,1.8311,-1.3428,-3.0519,-4.6388,-5.9816,-7.8127,-10.498,-12.696,-15.015,-16.602,-18.799,-22.217,-24.781,-25.147,-22.095,-20.264,-20.508,-22.584,-27.223,-29.664,-30.885,-34.303,-38.942,-41.383,-44.923,-50.172,-55.422,-61.892,-68.484,-74.953,-83.01,-94.241,-111.33,-125.49,-143.68,-161.02,-186.77,-218.76,-253.79,-280.53,-273.32,-258.92,-374.52,-623.92,-593.4
-714.62,-662.98,-609.39,-521.01,15.015,15.015,11.109,4.2726,-0.73244,-3.296,-7.0803,-13.306,-19.898,-27.345,-35.646,-43.336,-55.422,-71.657,-87.161,-97.903,-113.16,-137.09,-170.17,-208.14,-247.69,-274.18,-303.11,-316.17,-335.83,-361.83,-473.77,-541.64,-498.55,-549.09,-597.06,-539.69,-378.06,-227.79,-119.39,-178.47,-118.66,-44.313,-92.044,-158.94,-101.81,-55.91,-30.519,-10.62,-9.2776,-5.8596,17.212,44.069,53.835,42.482,29.542,43.214,69.338,137.21,156.38,189.83,215.95,207.65,170.05,137.82,121.34,153.57
196.3,225.59,360.85,100.1,-46.388,-36.988,-27.223,-19.41,-9.5218,2.4415,14.771,25.025,31.983,36.378,39.796,45.167,47.487,49.318,53.591,57.253,61.769,66.897,67.751,64.943,61.403,56.52,51.759,45.167,39.552,35.768,31.373,25.88,20.02,14.161,7.3244,1.587,-6.592,-16.48,-24.293,-31.617,-37.355,-43.214,-46.022,-48.708,-53.224,-58.84,-61.892,-64.211,-68.606,-72.39,-80.081,-79.958,-88.504,-103.52,-133.92,-152.84,-157.96,-171.15,-204.84,-210.33,-189.34,-194.1,-282.24,-498.06,-480.24,-494.89
-624.53,-586.08,-594.01,-538.71,25.391,22.34,20.753,18.433,19.41,17.945,18.189,21.241,24.537,25.025,23.927,24.903,22.95,17.823,16.358,15.015,16.236,17.945,20.875,22.584,23.804,28.932,37.355,37.111,33.57,32.472,26.734,21.607,15.259,4.5167,-5.005,-12.207,-19.044,-26.734,-35.035,-41.383,-44.313,-51.271,-58.107,-64.089,-66.286,-68.239,-73.611,-85.33,-94.241,-99.246,-106.45,-113.04,-124.64,-142.22,-162.85,-174.81,-197.27,-219.73,-252.94,-277.84,-315.2,-338.15,-395.03,-530.05,-671.77,-624.77
-697.65,-644.43,-551.9,-439.47,-178.59,-470.47,-476.33,-395.4,-248.05,22.706,-31.251,-273.2,-354.26,-199.71,-49.318,-34.303,-26.002,-41.383,-5.8596,-31.983,-40.895,24.171,100.59,222.17,329.84,367.81,381.73,360.97,293.22,208.14,133.43,88.382,89.846,122.81,68.117,56.52,17.823,25.025,31.007,35.035,38.453,40.162,42.482,44.191,44.557,42.726,37.721,30.152,27.1,25.147,23.072,19.288,14.649,10.743,8.0569,4.6388,0,-4.0284,-7.2024,-10.376,-12.696,-15.015,-19.288,-22.706,-23.927,-24.171
-26.124,-30.152,-32.594,-38.087,-42.848,-44.801,-44.191,-44.313,-45.412,-47.853,-51.881,-61.892,-77.273,-92.532,-94.119,-91.678,-99.002,-117.44,-136.48,-149.54,-156.99,-182.26,-212.16,-229.26,-229.5,-195.81,-284.8,-534.32,-625.14,-664.33,-809.72,-679.46,-456.31,-340.34,-304.33,-77.029,26.49,8.179,0,-6.2258,-21.241,-30.274,-25.513,-14.771,-1.709,4.2726,13.306,25.636,30.763,36.134,46.876,47.487,40.04,42.36,44.923,39.186,26.246,24.415,26.246,15.992,6.7141,1.0987,0.85452,1.2207,-4.1505,-4.7609
-3.0519,-9.6438,-20.875,-29.176,-26.978,-28.932,-32.96,-35.279,-34.181,-34.791,-35.768,-33.326,-44.679,-56.887,-64.333,-63.845,-69.216,-81.668,-112.31,-128.18,-130.74,-158.09,-201.54,-232.18,-241.71,-243.17,-273.32,-377.7,-480.48,-540.79,-536.76,-654.68,-679.95,-492.93,-435.19,-525.16,-34.425,-32.35,-23.072,-8.0569,10.865,26.856,40.407,51.393,58.473,64.333,68.239,72.268,73.489,68.239,60.06,53.835,45.778,37.233,30.763,23.56,18.799,14.405,16.602,14.893,6.1037,-4.3947,-15.381,-21.851,-28.443,-31.007
-31.739,-34.669,-36.5,-37.355,-39.186,-44.191,-50.417,-55.544,-59.328,-60.427,-62.502,-62.014,-63.723,-69.216,-71.535,-78.005,-91.556,-105.35,-118.41,-140.51,-180.79,-214.24,-223.27,-236.34,-254.77,-263.31,-255.87,-241.95,-250.86,-537.13,-716.45,-738.3,-689.72,-533.46,-411.63,-276.01,-26.612,-45.9,-60.915,-79.714,-108.77,-140.26,-173.35,-210.21,-231.57,-252.08,-276.86,-309.58,-319.35,-316.29,-311.78,-287.73,-262.83,-233.53,-198.98,-158.45,-116.58,-83.865,-49.684,-15.015,13.794,39.186,65.92,85.696,106.08,124.88
130.5,129.52,123.54,118.41,108.89,97.171,79.836,66.652,61.159,52.37,47.243,37.721,28.077,9.6438,-8.179,-25.758,-45.9,-60.549,-73.855,-89.48,-104.86,-124.88,-147.83,-165.17,-196.05,-236.58,-280.65,-289.68,-296.52,-306.77,-308.36,-288.58,-277.35,-292.86,-477.31,-916.78,-12.696,-30.885,-59.694,-86.795,-118.66,-151.62,-187.26,-216.19,-240,-258.31,-269.54,-276.38,-283.94,-285.9,-278.7,-265.63,-236.7,-200.81,-158.45,-113.65,-72.39,-43.458,-17.945,9.888,41.993,67.995,84.353,96.194,102.05,104.25
105.35,105.47,109.26,112.19,112.92,108.28,93.875,67.751,49.562,27.1,6.4699,-11.841,-34.913,-54.689,-76.174,-102.91,-139.9,-161.87,-184.45,-211.43,-236.21,-280.53,-339.73,-383.19,-389.66,-389.66,-374.77,-310.92,-292.25,-539.93,-817.16,-429.33,-429.33,-467.3,-532.61,-120.61,41.993,35.401,31.739,27.467,23.072,20.631,17.701,14.527,11.109,7.4465,0.24415,-6.1037,-11.475,-15.625,-19.044,-20.508,-20.02,-18.921,-19.898,-22.95,-26.002,-28.199,-28.443,-30.274,-32.594,-32.472,-29.298,-28.932,-28.932,-29.664
-30.519,-31.861,-34.425,-36.378,-37.721,-38.331,-39.064,-41.627,-45.534,-48.097,-51.149,-60.793,-78.005,-94.241,-111.09,-129.76,-152.47,-174.81,-193.37,-207.77,-238.41,-252.82,-289.68,-327.04,-314.46,-261.73,-249.03,-264.9,-382.21,-919.46,-402.36,-721.46,-693.75,-253.91,134.77,-438.49,51.393,51.515,48.219,43.092,36.5,29.542,27.467,22.462,15.503,10.254,3.0519,-5.7375,-15.992,-20.997,-21.729,-22.584,-23.194,-25.025,-26.734,-31.739,-34.913,-38.82,-43.458,-44.313,-46.632,-46.999,-50.05,-52.98,-55.177,-52.858
-51.881,-52.492,-54.933,-55.544,-57.253,-58.596,-64.943,-71.657,-76.296,-73.611,-70.803,-77.639,-92.776,-102.05,-106.45,-113.9,-128.3,-145.39,-161.75,-176.27,-197.64,-227.55,-261.73,-294.08,-332.65,-360.48,-316.66,-290.29,-292.25,-691.31,-851.22,-510.03,-835.35,-934.48,-205.69,-268.44,36.988,21.485,9.6438,0.12207,-5.3713,-6.3478,-1.3428,8.9114,21.607,26.612,23.194,14.161,9.7659,7.4465,6.7141,7.6907,5.2492,2.0753,-2.1973,-6.1037,-8.0569,-9.1556,-9.1556,-10.254,-7.9348,-5.6154,-0.73244,4.6388,8.179,10.62
6.2258,-0.12207,-8.4231,-15.87,-27.1,-36.622,-47.853,-62.258,-73.611,-82.278,-89.358,-101.2,-118.17,-131.11,-148.81,-165.41,-183.36,-200.45,-221.44,-234.87,-255.75,-282.6,-315.56,-331.55,-363.66,-396.37,-435.44,-462.78,-465.1,-499.77,-427.14,-334.24,-171.03,97.171,102.18,5.7375,-0.12207,-3.5401,-4.6388,-4.0284,-3.6622,-1.4649,0.4883,3.1739,4.5167,8.4231,10.498,15.381,19.898,23.927,25.025,29.908,37.233,42.848,44.801,46.144,46.266,46.876,48.341,50.417,52.858,53.591,53.835,44.923,32.35,20.02
5.1271,6.9582,2.1973,1.2207,0.12207,-5.4933,-8.6673,-11.719,-21.607,-34.547,-43.825,-37.477,-48.952,-83.01,-98.514,-92.044,-113.41,-145.76,-136.6,-144.17,-182.26,-215.7,-232.43,-259.9,-292.73,-293.95,-306.41,-320.57,-328.75,-324.47,-345.1,-353.04,-368.3,-166.26,-23.927,25.88,34.059,33.448,31.617,27.711,23.194,24.903,22.95,22.217,21.607,18.677,19.288,24.293,31.129,39.186,43.214,46.632,51.027,53.346,60.06,63.723,67.629,70.193,72.878,73,74.099,71.78,72.268,75.076,67.507,60.549
48.219,36.622,24.537,19.288,7.6907,0.24415,-4.6388,-11.841,-14.649,-18.799,-38.209,-53.835,-77.761,-96.561,-109.74,-94.729,-98.514,-118.66,-121.95,-126.71,-141.24,-148.32,-144.05,-148.08,-174.57,-209.6,-202.4,-184.7,-170.42,-121.1,-10.62,232.06,314.83,131.47,103.03,17.335,9.6438,3.1739,2.0753,12.818,23.438,33.692,35.157,31.007,26.734,21.241,20.631,20.997,19.044,19.166,23.072,29.42,37.965,40.529,41.383,43.947,49.44,50.783,52.126,54.933,59.45,61.769,67.385,71.047,70.803,72.024
69.826,67.507,63.234,53.835,49.806,45.9,40.651,28.687,22.706,21.241,13.794,14.283,7.0803,-3.5401,-15.015,-28.321,-45.412,-47.975,-57.497,-66.897,-93.142,-119.88,-131.11,-170.17,-192.88,-195.81,-204.84,-224.74,-263.31,-355.72,-343.03,-115.48,153.32,223.15,-106.2,55.055,57.253,61.647,64.577,65.554,66.286,74.343,76.418,75.198,72.268,77.273,77.151,76.54,64.699,51.637,47.609,47.853,41.993,27.955,9.5218,-9.3997,-23.56,-43.947,-57.497,-59.816,-64.699,-82.156,-100.1,-111.33,-126.83,-156.38
-183.36,-201.79,-202.89,-213.63,-245,-274.18,-295.91,-313.12,-322.89,-391.98,-385.75,-257.7,-58.107,46.876,183.72,36.866,-216.68,-91.067,34.303,-202.28,-64.333,294.81,282.72,-2.3194,-9.0335,58.84,26.368,17.701,14.649,6.8361,-33.692,-14.649,28.443,45.045,222.91,-38.209,-20.264,-6.3478,-0.36622,10.01,24.537,35.524,40.284,44.435,46.754,56.032,61.281,65.065,66.286,71.047,71.657,76.052,79.104,77.761,74.221,71.413,68.606,67.263,65.188,62.746,61.159,59.938,53.835,51.515,50.417,50.295
49.196,51.637,50.905,47.975,45.9,42.848,36.5,38.331,38.697,29.298,16.48,6.592,-0.85452,-6.2258,-11.719,-33.57,-74.343,-80.325,-89.846,-137.94,-143.31,-156.5,-187.26,-210.94,-238.9,-277.23,-319.1,-374.65,-411.88,-398.82,-174.08,-15.992,51.271,149.05,134.4,16.968,11.963,8.5452,2.4415,-1.2207,2.8077,5.7375,10.01,15.503,22.828,27.1,31.373,32.472,36.744,37.721,37.721,39.43,41.627,41.139,43.214,43.947,43.214,42.604,45.412,46.144,49.196,47.243,43.703,41.505,34.791,32.594
32.35,26.368,17.701,5.3713,0.85452,-0.12207,-0.97659,-2.1973,-14.527,-43.703,-63.478,-70.437,-89.602,-101.44,-121.59,-151.37,-191.17,-224.49,-247.69,-267.1,-286.39,-321.18,-346.57,-373.91,-432.75,-450.09,-346.45,-235.36,-105.59,24.415,63.478,-41.139,-108.89,-184.09,-95.462,40.895,43.825,52.98,59.084,61.159,64.455,62.868,59.816,58.718,57.009,52.858,51.515,50.539,47.487,44.801,43.458,39.308,35.401,34.303,34.547,37.111,38.209,39.552,34.669,33.448,34.059,35.89,35.035,38.209,37.965,42.482
45.778,47.853,49.318,48.341,44.069,41.505,43.703,46.51,38.575,34.059,32.228,31.739,27.589,8.179,-8.7893,-19.044,-32.838,-53.957,-91.556,-127.45,-167.97,-199.22,-219.49,-265.63,-293.71,-288.34,-339.24,-369.27,-353.53,-321.05,-111.21,138.19,-80.691,-242.07,-265.51,-3.7843,-1.9532,1.0987,2.4415,3.9064,5.3713,4.7609,6.592,7.4465,7.9348,8.301,7.0803,6.3478,5.3713,3.1739,0.97659,-1.587,-4.2726,-5.7375,-6.592,-7.0803,-7.3244,-8.301,-11.475,-15.137,-19.654,-24.659,-29.054,-34.425,-37.965,-42.726
-46.999,-52.37,-58.351,-65.188,-73.611,-83.132,-92.044,-103.64,-119.14,-133.3,-146.61,-160.04,-174.08,-190.44,-209.36,-226.45,-242.07,-259.77,-276.38,-294.32,-318.37,-338.63,-361.22,-400.28,-438.25,-474.5,-514.79,-532.24,-486.22,-433.61,-378.31,-247.32,-90.823,-100.96,-57.131,-16.48,-16.968,-17.09,-18.067,-19.41,-20.02,-21.485,-23.438,-24.049,-24.293,-23.072,-21.607,-19.166,-15.992,-12.818,-10.01,-8.9114,-8.4231,-7.9348,-6.9582,-6.4699,-4.5167,-1.4649,-1.587,-3.1739,-3.5401,-2.6856,1.2207,6.3478,6.3478,0.61037
-10.254,-25.758,-41.383,-54.079,-67.141,-76.54,-82.644,-87.527,-94.729,-105.47,-117.19,-130.86,-143.44,-157.72,-174.81,-200.57,-231.7,-256.97,-275.89,-290.17,-304.33,-324.47,-350.72,-378.67,-400.04,-417.74,-418.96,-387.46,-345.35,-301.16,-190.68,54.567,-34.669,59.572,94.363,-10.498,-10.987,-8.6673,-5.9816,-4.0284,-2.5636,-1.9532,-3.296,-5.2492,-6.592,-6.2258,-5.8596,-6.3478,-7.9348,-11.841,-14.771,-15.625,-15.992,-16.114,-17.701,-16.48,-17.579,-17.09,-18.067,-20.02,-21.729,-22.828,-25.88,-28.565,-33.692,-39.918
-44.435,-49.196,-55.422,-63.234,-69.948,-76.418,-84.231,-92.654,-104.25,-115.97,-124.64,-136.72,-152.47,-169.93,-184.82,-196.78,-211.92,-226.33,-237.92,-244.76,-252.33,-262.83,-275.4,-284.92,-297.25,-307.26,-307.26,-321.91,-330.45,-327.16,-291.27,-268.2,-202.52,-133.18,-160.65,-4.883,-5.9816,-8.301,-9.7659,-11.719,-13.428,-13.916,-14.893,-16.114,-16.724,-16.846,-16.358,-15.503,-16.846,-18.067,-19.288,-21.241,-22.828,-23.804,-26.734,-29.054,-30.519,-32.105,-32.594,-34.425,-37.355,-40.895,-43.947,-46.51,-49.074,-51.515
-53.468,-56.764,-58.473,-59.938,-63.601,-67.995,-71.657,-74.709,-76.907,-79.592,-84.475,-88.87,-93.265,-95.95,-99.49,-106.33,-115.24,-129.64,-142.58,-156.74,-176.15,-203.25,-231.7,-256.36,-280.77,-305.55,-340.1,-366.59,-381.73,-395.64,-402.11,-359.14,-314.46,-248.79,-823.76,74.953,84.475,78.982,44.679,-23.194,72.756,95.828,81.79,70.681,59.816,34.181,21.973,13.184,-10.987,-73.244,-113.65,-117.8,-99.124,-82.278,-88.992,-108.04,-113.53,-96.072,-98.514,-66.164,-40.773,-60.793,-103.4,-111.58,-128.18,-127.08
-123.42,-101.81,-140.63,-173.71,-198.25,-203.86,-189.21,-242.07,-266,-255.38,-130.01,-30.03,53.346,92.898,82.522,89.602,89.846,138.55,190.56,251.11,331.31,405.29,441.54,446.3,418.35,347.18,279.67,248.66,235.36,223.27,221.44,228.52,232.18,161.99,154.3,50.539,39.674,27.223,14.527,2.8077,-6.2258,-13.916,-17.823,-17.579,-21.607,-24.171,-23.316,-24.171,-24.659,-23.682,-22.828,-23.438,-26.124,-28.565,-29.42,-31.129,-33.815,-35.035,-35.035,-33.692,-32.472,-32.96,-30.152,-29.298,-32.96,-38.575
-42.726,-44.923,-47.975,-56.154,-64.211,-68.972,-69.704,-73.977,-82.034,-90.701,-92.532,-94.485,-103.64,-113.41,-122.2,-130.25,-141.85,-152.71,-166.75,-185.43,-203.01,-223.64,-248.05,-277.35,-301.03,-309.58,-318.37,-343.76,-359.02,-343.88,-306.41,-305.8,-289.32,-256.72,-386.61,-682.39,-146.24,-404.19,-544.21,-347.18,-354.87,-225.96,-92.41,-67.873,-110.97,-116.46,-127.93,-137.7,-127.81,-93.02,-71.413,-53.957,-30.763,44.313,-9.6438,-7.9348,-7.6907,-4.883,-0.85452,1.8311,4.5167,6.1037,3.296,-1.4649,-4.0284,-10.62
-19.288,-23.194,-26.734,-33.448,-36.256,-37.355,-42.482,-45.167,-44.679,-44.069,-45.167,-44.923,-45.534,-47.487,-45.778,-43.703,-47.243,-48.952,-46.022,-43.703,-43.825,-41.871,-41.993,-43.947,-46.632,-51.149,-56.398,-64.577,-75.808,-88.504,-99.124,-110.84,-130.01,-155.28,-179.33,-198.86,-223.03,-249.4,-271.25,-300.42,-326.79,-343.52,-351.82,-362.19,-376.11,-391.49,-383.31,-386.61,-385.88,-348.89,-409.8,-754.05,-534.56,-533.71,37.233,38.697,36.5,32.35,32.228,29.298,25.513,24.659,20.875,14.771,12.94,9.3997
7.5686,2.5636,-5.7375,-12.452,-20.02,-26.978,-33.692,-44.313,-55.666,-63.234,-71.902,-82.522,-94.852,-106.94,-117.07,-127.2,-140.63,-160.04,-182.26,-208.5,-233.04,-255.01,-264.41,-284.43,-286.75,-273.57,-268.68,-268.56,-287.61,-222.79,-165.65,-291.63,-251.23,-244.15,-295.91,-281.87,-226.45,-214.61,-99.246,-83.987,-142.34,-174.08,-196.54,-198.25,-172.25,-147.71,-119.88,-91.8,-75.076,-54.689,-14.039,22.95,38.942,45.9,-23.438,-27.955,-31.617,-35.768,-39.796,-43.58,-45.656,-46.51,-48.097,-52.37,-56.032,-58.718
-60.793,-58.718,-59.084,-62.38,-63.478,-60.305,-60.305,-65.31,-71.291,-73.977,-76.907,-83.132,-95.95,-116.09,-136.48,-158.57,-175.79,-189.58,-208.38,-238.78,-277.6,-306.89,-332.53,-341.32,-331.55,-373.06,-561.42,-697.9,-659.69,-539.69,-348.89,-145.76,-190.19,-524.67,-572.28,-387.22,-53.957,-99.49,-117.56,-39.918,-167.61,-267.22,-280.77,-238.29,-189.21,-147.34,-111.33,-85.818,-47.609,-8.301,3.6622,15.137,76.54,182.38,-33.448,-34.303,-33.815,-35.401,-36.866,-37.355,-37.721,-37.355,-38.942,-39.186,-40.895,-43.092
-47.121,-52.004,-58.229,-65.554,-73.244,-77.517,-79.714,-84.841,-90.091,-95.828,-103.89,-117.8,-134.77,-154.55,-170.42,-184.09,-202.89,-225.35,-249.89,-269.54,-289.68,-311.41,-333.02,-348.28,-356.7,-347.18,-324.84,-284.43,-244.27,-321.54,-612.08,-646.75,-632.47,-393.44,-352.92,-284.92,-257.82,-93.997,-64.943,-199.47,-278.7,-226.45,-160.77,-134.28,-120.98,-100.1,-86.795,-103.27,-85.574,-42.97,-9.5218,50.417,204.35,357.43,32.716,32.35,30.03,28.199,27.467,30.152,35.035,37.355,31.373,20.753,8.4231,-5.7375
-21.973,-35.401,-48.097,-53.468,-53.713,-51.027,-44.923,-37.965,-31.861,-27.833,-26.978,-26.368,-25.758,-26.124,-24.903,-26.612,-30.763,-32.105,-38.453,-47.853,-52.248,-55.177,-62.99,-67.873,-69.582,-75.32,-81.179,-86.55,-90.579,-99.857,-111.09,-120.85,-126.35,-125.49,-130.99,-151.13,-177.98,-213.63,-218.76,-225.71,-246.22,-251.23,-251.11,-277.23,-306.65,-296.88,-281.87,-278.57,-312.63,-516.01,-542.99,-608.78,-431.41,-208.87,16.846,19.166,21.973,20.875,25.391,32.716,39.308,44.313,41.261,35.89,28.443,15.381
4.1505,-4.3947,-3.4181,2.5636,2.0753,2.0753,-2.3194,-9.7659,-17.945,-30.152,-34.425,-39.43,-51.149,-59.572,-56.642,-59.084,-67.263,-74.099,-69.46,-68.361,-72.634,-75.686,-79.226,-86.55,-92.532,-98.148,-104.01,-106.57,-111.94,-122.68,-132.21,-146.12,-157.84,-177.98,-201.18,-211.92,-231.21,-275.15,-305.43,-331.55,-343.76,-364.51,-393.44,-402.97,-418.23,-460.95,-492.32,-490.74,-505.14,-453.87,-370.37,-327.89,-324.84,-273.45,11.963,6.3478,-4.3947,-4.3947,-3.9064,-9.888,-14.161,-9.7659,-13.062,-23.438,-29.908,-34.303
-41.871,-52.248,-56.642,-54.689,-51.515,-49.562,-52.37,-52.126,-51.271,-46.754,-47.121,-52.98,-54.323,-57.985,-62.624,-63.601,-68.361,-75.686,-83.743,-88.015,-89.48,-86.917,-85.086,-83.132,-85.086,-88.137,-99.368,-108.4,-111.45,-121.22,-138.07,-151.01,-161.75,-174.2,-189.7,-200.08,-217.66,-241.83,-258.06,-270.39,-294.32,-289.44,-273.93,-284.31,-303.84,-323.01,-322.89,-292.37,-319.47,-501.85,-1079.6,-1221,769.19,149.91,14.161,37.233,49.562,58.107,65.31,72.512,78.494,73.244,73.489,68.972,60.183,54.567
47.487,43.825,38.331,32.96,26.612,20.631,15.259,10.62,6.9582,2.5636,-0.73244,-4.5167,-7.4465,-10.498,-14.405,-19.41,-25.391,-30.274,-34.669,-36.5,-36.5,-37.599,-39.552,-38.575,-37.721,-37.355,-35.524,-34.181,-32.228,-31.129,-32.472,-37.965,-44.069,-51.637,-60.915,-68.606,-83.743,-100.22,-116.21,-132.94,-148.44,-170.05,-191.29,-216.56,-243.54,-274.79,-300.67,-322.03,-335.58,-349.13,-355.6,-352.06,-375.01,-439.47,-16.846,-20.386,-31.251,-48.097,-62.746,-66.53,-62.868,-65.065,-65.676,-64.333,-67.019,-68.239
-62.99,-49.684,-41.871,-34.181,-27.223,-20.142,-11.353,-6.3478,-10.62,-18.921,-23.56,-23.194,-16.114,-14.283,-16.846,-23.56,-41.139,-53.224,-56.764,-56.154,-53.102,-40.529,-31.861,-34.181,-28.321,-23.804,-24.781,-25.513,-28.443,-32.594,-28.077,-19.532,-15.503,-24.537,-32.35,-47.731,-70.681,-99.49,-137.21,-179.33,-208.01,-223.03,-238.53,-253.55,-259.29,-293.1,-331.8,-354.26,-432.26,-501.6,-526.38,-477.07,-484.76,-353.65,0.73244,0.4883,0.4883,-0.61037,-0.73244,-0.12207,0.4883,0.36622,-0.12207,0.36622,0.24415,-0.12207
-0.24415,-0.36622,-1.0987,-1.587,-2.0753,-0.24415,0.85452,0.73244,0,-0.97659,-2.0753,-1.709,-0.24415,350.47,426.16,322.64,275.03,257.33,96.072,45.9,-0.61037,37.721,62.258,56.887,71.169,7.4465,12.452,48.708,27.589,28.443,9.3997,-17.335,-19.41,0.24415,0.85452,1.8311,2.0753,2.6856,2.0753,1.8311,1.3428,2.3194,5.7375,6.1037,1.3428,-271.74,-371.84,-365.37,-318.25,-344.98,-350.35,-296.27,-156.38,-148.44,-86.673,-33.448,87.039,237.92,230.72,66.897,98.148,-120.12,-140.26,-94.607,-40.407,-7.4465
24.903,37.721,44.191,52.858,67.873,24.049,-3.0519,-13.672,-14.527,-8.179,-3.4181,-1.2207,1.9532,1.8311,5.3713,-7.6907,-11.597,-4.883,1.3428,-1.8311,-211.19,-213.26,-211.55,-211.92,-213.26,-216.07,-217.29,-219.61,-220.83,-222.66,-224.13,-226.45,-231.57,-241.46,-252.08,-265.14,-273.81,-282.36,-292.25,-305.19,-321.05,-329.84,-342.17,-348.4,-353.28,-353.16,-339.85,-325.08,-316.78,-276.99,-210.09,-194.46,-180.55,-41.871,-46.754,-46.144,-48.463,-54.933,-66.164,-82.766,-96.194,-109.62,-120.24,-127.2,-138.68,-149.66
-159.31,-165.65,-172.61,-181.52,-190.56,-190.44,-192.63,-197.52,-198.25,-190.8,-184.21,-182.62,-183.72,-179.57,-166.02,-160.28,-168.58,-180.91,-189.34,-204.6,-220.59,-230.72,-234.02,-235.6,-238.9,-251.47,-275.52,-294.2,-262.22,-251.96,-239.63,-223.4,-207.77,-217.05,-268.44,-299.2,-296.27,-362.68,-433.97,-478.16,-499.65,-484.63,-430.19,-366.47,-291.27,-205.94,-132.57,-70.07,-0.24415,63.845,95.584,63.356,25.513,94.485,108.89,121.22,135.62,144.9,133.79,112.43,86.306,93.875,95.096,97.537,90.213,79.836
77.029,79.714,73.366,62.38,53.468,46.632,40.407,36.622,30.519,20.997,14.527,11.231,0.73244,-6.4699,3.4181,20.02,24.171,22.34,29.298,49.074,73.977,90.579,98.636,101.81,91.922,74.465,62.258,50.539,37.477,27.223,17.701,2.5636,-8.5452,-10.62,-9.7659,-18.189,-27.955,-33.692,-40.162,-47.365,-38.82,-8.4231,32.96,75.808,141.73,233.89,344.49,474.75,623.31,714.74,742.09,805.2,668.23,-162.72,-187.51,-204.23,-216.32,-219.98,-219.98,-223.88,-232.67,-249.76,-260.14,-259.9,-258.06,-258.06
-264.41,-268.81,-273.81,-288.22,-293.47,-291.02,-288.83,-297.74,-301.89,-310.07,-310.92,-307.99,-296.03,-292.37,-285.29,-269.42,-264.05,-255.99,-240.24,-218.15,-194.83,-174.44,-158.7,-138.43,-133.55,-152.23,-145.02,-144.54,-151.98,-170.54,-186.28,-210.94,-239.51,-278.08,-290.29,-287.36,-259.29,-193,-293.83,-516.5,-581.8,-567.4,-490.25,-398.33,-268.68,-141.85,-68.117,-22.584,14.893,53.346,91.311,20.875,12.329,80.081,90.457,85.574,74.831,61.647,50.539,44.679,40.651,35.035,31.129,22.706,11.109,-2.5636
-11.841,-14.161,-11.841,-6.7141,-3.0519,1.709,7.4465,16.968,26.246,32.96,37.477,38.697,40.651,46.266,52.126,53.468,50.783,46.632,45.289,47.365,49.196,49.318,49.318,48.952,48.83,51.515,54.567,56.032,55.055,51.393,50.05,54.201,56.398,49.318,46.022,50.172,66.897,80.203,86.306,89.724,91.8,97.903,114.99,128.18,130.38,123.54,121.71,133.67,164.07,202.64,227.67,236.7,378.92,-46.51,-55.544,-63.478,-68.972,-73.244,-79.47,-89.48,-100.83,-113.65,-124.76,-130.99,-133.3,-135.38
-137.58,-141.24,-145.76,-147.95,-146.86,-145.63,-149.17,-152.96,-158.94,-163.09,-171.15,-186.28,-195.32,-201.91,-207.77,-219.98,-239.88,-260.99,-277.84,-289.07,-296.76,-312.63,-328.38,-333.87,-326.91,-317.27,-304.45,-298.35,-286.63,-271.61,-260.14,-246.96,-233.53,-215.83,-194.46,-188.97,-196.17,-213.51,-238.04,-266.61,-290.54,-310.68,-323.74,-331.68,-329.48,-323.5,-318.25,-314.46,-318.25,-328.62,-339.73,-370.86,-480.85,2.4415,0.97659,0.73244,5.005,13.916,24.415,35.157,45.045,52.004,57.619,57.741,53.102,51.393
53.346,55.788,59.206,63.356,67.995,75.198,80.935,83.987,88.87,93.631,93.997,89.969,81.912,80.325,80.447,81.057,91.556,101.93,104.5,104.13,103.4,95.096,87.039,80.935,79.836,90.457,93.509,90.945,86.062,83.499,70.437,53.957,45.534,25.269,-13.062,-79.714,-150.4,-182.62,-179.2,-163.58,-150.52,-129.4,-147.34,-152.23,-197.39,-270.76,-310.56,-345.35,-414.08,-448.01,-322.28,-99.734,-370.98,-40.529,-35.401,-31.495,-28.321,-25.88,-23.072,-19.654,-15.87,-11.231,-4.5167,4.5167,13.794,23.438
32.105,41.993,51.881,65.92,80.691,93.265,103.4,113.65,122.93,130.38,136.23,137.94,137.09,134.28,127.93,120.37,111.82,104.13,98.025,94.241,89.969,91.189,94.852,86.062,68.361,61.037,55.177,29.664,-1.9532,-7.0803,21.851,46.144,55.055,57.009,57.009,52.126,29.176,1.2207,-42.36,-99.246,-170.42,-251.72,-330.82,-402.84,-426.04,-414.56,-452.16,-424.57,-338.15,-73.122,-154.55,-200.32,-113.77,27.589,22.828,17.335,12.94,9.5218,6.9582,5.2492,3.4181,0.24415,-6.3478,-13.306,-19.654,-25.758
-32.96,-37.721,-37.965,-30.396,-18.555,-2.4415,16.846,33.326,45.412,59.328,73.733,86.795,98.758,105.11,108.04,107.55,106.33,103.52,96.927,92.41,93.631,93.875,88.504,75.93,57.497,41.993,27.223,6.8361,-10.865,-30.519,-43.092,-52.248,-45.778,-27.589,-1.8311,-9.888,-29.42,-19.532,-1.709,7.9348,26.368,8.7893,-53.713,-186.28,-305.19,-359.87,-440.93,-477.92,-470.35,-316.29,-193.61,-181.77,-270.88,77.273,34.425,-15.992,-66.286,-108.77,-139.65,-158.57,-169.44,-180.06,-187.14,-189.34,-190.07,-189.58
-185.67,-175.54,-165.04,-155.16,-146.61,-141.97,-138.07,-135.5,-135.38,-134.89,-134.65,-132.69,-130.13,-132.21,-134.89,-134.28,-129.52,-119.63,-115.12,-119.27,-122.07,-119.14,-112.19,-107.43,-102.66,-94.729,-81.912,-70.193,-59.572,-47.365,-30.152,-14.771,-3.1739,6.4699,19.288,31.373,44.679,57.619,74.953,97.781,114.63,120.12,129.64,143.56,156.25,178.96,179.82,149.05,123.78,62.99,-30.641,-104.98,-167.73,-8.5452,-9.1556,-9.888,-11.963,-13.672,-15.015,-16.236,-18.311,-19.044,-18.799,-16.48,-13.184,-9.5218
-6.1037,-2.8077,1.4649,5.7375,10.132,13.306,13.306,11.597,7.3244,0.4883,-8.9114,-20.142,-31.251,-42.482,-52.37,-62.502,-69.46,-73.122,-75.564,-81.545,-91.678,-104.25,-117.92,-142.09,-178.59,-205.08,-222.17,-241.95,-255.75,-264.66,-268.56,-265.27,-254.4,-240.73,-229.38,-215.46,-203.13,-196.42,-184.33,-167.36,-155.03,-144.05,-136.84,-112.55,-74.465,-41.383,-6.592,-1.709,-10.01,-9.5218,-58.718,-87.161,-472.55,-24.049,-15.381,-6.4699,2.1973,13.428,22.217,31.861,36.378,34.425,30.274,24.537,20.142,12.574
3.5401,-6.4699,-15.625,-20.142,-17.945,-9.6438,-0.73244,-5.6154,-16.48,-21.729,-32.838,-57.497,-85.818,-111.21,-135.38,-165.78,-204.11,-234.87,-245,-249.4,-266.73,-282.36,-294.08,-299.45,-295.66,-287.36,-278.08,-278.82,-283.94,-281.62,-265.02,-239.51,-208.38,-172.86,-128.91,-86.55,-46.022,7.2024,68.484,114.99,128.79,137.82,151.98,134.28,71.78,-8.6673,-110.48,-256.48,-335.95,-312.88,-152.59,59.816,-261.36,-44.801,-44.801,-44.801,-44.923,-45.656,-43.092,-45.656,-47.975,-54.079,-51.149,-54.689,-57.863,-58.351
-60.305,-63.845,-65.798,-62.258,-58.473,-56.398,-52.126,-49.074,-45.778,-39.552,-35.768,-31.617,-27.589,-23.927,-19.41,-17.335,-19.898,-20.508,-17.335,-16.236,-21.729,-24.537,-28.321,-42.604,-65.798,-88.87,-99.734,-97.293,-95.34,-89.358,-79.104,-72.512,-56.52,-40.162,-39.796,-45.289,-44.435,-34.791,-16.48,10.62,19.044,19.044,48.585,102.18,138.92,187.51,264.9,266.73,181.77,134.53,221.44,248.05,-367.69,-190.19,-201.3,-215.09,-237.31,-254.89,-258.43,-267.95,-292.86,-318,-335.34,-348.77,-367.81,-394.3
-400.52,-395.28,-364.02,-319.22,-274.54,-217.17,-146.98,-91.433,-46.999,14.405,30.03,36.378,41.139,41.871,31.129,14.649,10.987,14.039,16.358,21.607,19.654,17.945,19.288,13.672,-5.7375,-16.236,-23.316,-48.708,-82.522,-110.84,-131.23,-145.39,-161.5,-175.66,-175.3,-166.75,-164.07,-150.27,-133.67,-134.77,-146.86,-157.35,-162.72,-158.33,-129.4,-103.64,-75.808,-19.654,33.082,73.122,256.97,424.09,296.03,29.664,18.189,12.696,8.5452,3.7843,0.73244,1.587,4.0284,8.9114,15.015,19.532,22.462,22.462
20.142,16.358,12.818,9.7659,10.865,16.236,22.217,21.729,13.428,0.12207,-9.7659,-15.015,-17.212,-15.137,-10.132,-12.818,-21.485,-29.542,-37.721,-42.604,-47.487,-52.004,-57.253,-60.183,-61.647,-71.291,-86.306,-96.072,-108.28,-127.69,-139.29,-152.35,-181.89,-223.15,-216.56,-190.68,-173.22,-165.41,-166.88,-152.23,-102.91,-68.239,-21.485,71.535,169.32,260.87,344.49,434.58,518.08,597.55,883.08,756.25,-189.83,-270.15,-247.32,-220.22,-205.94,-194.59,-184.33,-173.22,-161.87,-162.24,-169.07,-178.23,-180.18,-176.64
-183.23,-200.2,-219.24,-212.78,-189.21,-188.97,-196.66,-194.95,-183.11,-168.22,-151.74,-126.83,-103.03,-83.132,-67.995,-54.689,-44.801,-37.111,-30.03,-24.781,-20.753,-14.161,-12.207,-17.335,-25.758,-30.274,-37.233,-42.604,-40.895,-36.866,-27.345,-16.846,-0.73244,14.161,22.584,40.04,50.295,59.572,73.366,85.208,110.6,116.21,123.05,131.47,148.08,178.59,206.43,238.41,281.99,313.24,381.48,475.72,-258.43,59.084,82.766,104.86,118.17,97.537,79.348,71.902,71.291,63.478,58.107,69.094,74.709,93.387
111.94,126.47,131.6,138.68,149.17,135.87,90.213,88.26,283.7,249.64,181.89,150.52,118.29,83.499,110.48,100.34,71.047,-89.358,83.254,269.78,134.4,145.15,125.61,44.435,77.395,149.42,65.188,88.137,86.428,68.361,74.465,48.219,31.983,16.724,1.709,17.457,27.833,36.012,71.535,100.47,115.6,118.66,134.04,149.66,174.32,223.27,291.15,329.36,353.04,349.01,347.3,359.87,231.45,-27.1,-38.087,-44.923,-45.778,-43.825,-43.825,-41.993,-39.918,-57.009,-78.86,-97.903,-120.37,-140.39
-147.1,-148.56,-145.63,-144.78,-141.73,-135.01,-132.45,-141.48,-150.15,-156.01,-158.57,-167.24,-182.26,-184.21,-181.28,-184.94,-186.41,-185.43,-181.77,-174.32,-168.95,-162.85,-156.5,-148.56,-135.62,-122.07,-107.67,-106.69,-99.002,-87.405,-81.301,-77.761,-75.686,-75.93,-74.953,-73.733,-71.78,-64.089,-54.567,-42.604,-33.326,-27.467,-14.649,-1.709,2.6856,20.753,34.059,22.828,10.62,-1.8311,-42.36,-16.236,135.99,86.306,89.969,93.265,89.236,78.372,57.741,25.147,-7.8127,-46.999,-88.87,-119.75,-138.92,-139.53
-138.68,-138.31,-140.26,-145.88,-148.81,-145.39,-141.12,-138.43,-137.82,-134.04,-125.61,-113.16,-94.852,-74.099,-58.84,-61.159,-54.323,-43.703,-44.069,-43.336,-34.913,-28.932,-23.316,-20.631,-18.799,-24.781,-26.49,-31.007,-27.467,-25.025,-25.147,-18.067,-14.161,-14.283,-8.4231,5.7375,5.3713,4.0284,19.288,33.082,43.092,58.351,63.356,56.642,49.318,45.045,43.458,34.791,47.853,85.696,69.216,-127.81,-285.16,-28.077,-21.729,-8.7893,-6.2258,-3.9064,-1.8311,17.09,-0.36622,-3.296,15.992,30.641,23.927,12.329
10.254,0.12207,-4.2726,-13.672,-18.799,-10.254,-3.1739,18.555,5.9816,-17.212,-10.01,-8.5452,-9.5218,-34.059,-16.236,52.614,69.216,90.579,159.31,204.11,241.34,236.34,232.43,227.91,177.25,121.22,117.07,137.94,124.27,95.706,12.452,78.494,274.91,279.31,206.92,93.997,0.97659,-66.042,-73.733,-86.673,-36.012,42.604,129.64,195.68,244.76,400.77,595.6,629.29,567.16,449.35,367.08,319.71,233.65,-170.17,-169.8,-149.17,-125.37,-105.59,-90.823,-77.517,-71.657,-75.564,-81.545,-88.382,-90.457,-88.504
-89.236,-95.34,-100.1,-102.18,-103.15,-108.77,-114.14,-114.26,-105.23,-103.27,-98.758,-99.857,-108.4,-121.59,-136.97,-151.25,-166.26,-183.84,-197.27,-206.43,-213.26,-218.39,-221.69,-224.13,-221.93,-216.19,-212.9,-200.2,-183.48,-165.9,-139.04,-114.63,-93.387,-76.174,-66.408,-48.585,-17.945,21.485,66.286,101.32,137.82,183.97,211.8,187.02,164.43,156.87,172.98,169.19,141.61,133.55,117.31,156.62,-243.66,-102.66,-58.718,-33.57,-15.748,-1.587,5.3713,13.55,18.921,22.217,24.659,29.176,30.152,25.147
24.781,25.147,29.176,30.885,36.012,38.209,41.749,43.458,51.881,60.549,66.652,66.774,61.403,55.3,48.708,41.261,35.646,32.96,40.162,45.534,46.144,50.661,52.614,57.131,68.606,71.657,72.146,72.634,70.803,64.699,68.239,82.888,84.841,63.356,41.749,17.945,-3.9064,-32.594,-60.549,-64.577,-54.445,-37.599,-37.721,-34.547,-39.186,-55.3,-90.335,-88.748,-79.104,-83.01,-69.216,-81.057,-361.58,115.24,77.761,136.48,164.92,148.2,133.67,150.52,132.08,87.771,77.273,93.509,186.9,178.23
164.92,145.02,113.65,100.59,86.917,80.935,76.052,84.475,80.935,62.624,58.107,59.816,55.177,23.316,-13.672,104.62,126.47,145.15,132.69,136.97,140.39,141.12,109.99,47.975,79.592,75.564,99.979,91.8,104.62,126.83,174.44,194.22,139.29,104.13,74.709,50.05,45.289,52.736,51.637,34.547,-35.035,-36.012,-14.405,-26.246,-27.711,-6.9582,29.054,61.769,79.592,112.06,171.27,193.73,80.203,-343.52,-355.97,-362.44,-370.74,-375.87,-368.91,-366.59,-364.64,-353.89,-341.32,-331.92,-307.75,-282.72
-249.52,-221.44,-192.02,-156.74,-127.08,-104.37,-82.522,-67.385,-58.962,-57.009,-52.614,-46.632,-42.36,-35.646,-27.589,-17.212,0.61037,21.973,43.092,61.769,77.517,88.626,88.992,85.086,76.174,68.728,64.211,66.164,72.756,87.039,112.19,143.19,159.79,153.08,141.36,123.91,103.03,93.875,84.964,61.159,28.443,14.649,-7.6907,-38.209,-43.092,-40.529,-31.739,0.85452,14.405,11.475,97.171,186.65,-423.72,65.432,61.159,66.774,68.117,20.264,31.739,122.56,118.53,96.683,111.21,136.36,169.19,190.8
198.37,203.38,207.53,191.17,153.81,157.11,88.992,-64.455,-109.01,-27.1,50.661,213.51,228.28,197.03,213.87,140.14,78.616,70.681,82.278,89.846,73.122,46.999,41.505,43.458,64.333,60.671,65.676,104.98,106.57,40.162,16.48,74.831,119.39,160.53,130.01,102.05,59.572,107.91,105.23,141,168.83,172.61,89.969,85.208,28.687,50.539,144.78,258.43,330.09,371.11,324.96,297.49,138.31,-10.743,-21.851,-31.007,-37.233,-40.651,-43.947,-46.632,-43.703,-36.5,-28.565,-21.363,-13.55,-5.7375
-3.1739,-3.0519,-3.0519,-0.73244,3.6622,6.8361,11.597,12.452,0.85452,-19.044,-39.308,-52.126,-59.45,-62.624,-68.239,-70.559,-66.774,-63.601,-62.868,-64.211,-58.962,-46.388,-30.763,-14.039,1.587,25.513,66.164,111.58,151.25,172.73,165.9,145.76,132.82,133.43,144.66,139.53,123.17,126.47,132.45,130.38,148.93,171.39,180.18,172.98,156.25,133.67,106.45,75.808,54.567,32.838,215.95,54.933,-230.84,16.968,-5.1271,-9.3997,-13.55,-40.529,-32.472,-40.284,-55.666,-34.303,-30.274,-35.279,-30.152,-17.579
11.597,13.428,3.1739,19.41,18.311,28.932,75.93,123.54,122.32,125,165.53,167,173.35,132.69,85.33,65.432,178.72,305.06,181.89,243.42,277.96,271.61,160.53,114.14,130.99,80.081,147.95,96.194,93.631,70.193,39.064,24.903,30.641,15.992,-26.124,-54.567,-25.147,11.109,25.636,-24.293,22.095,68.606,64.455,51.515,59.816,131.11,221.08,259.9,283.7,305.92,362.07,244.03,-467.06,109.99,108.16,103.76,97.293,89.724,80.203,70.07,61.281,50.905,32.105,12.207,-2.5636,-24.781
-53.957,-93.02,-128.79,-152.35,-164.19,-168.34,-163.34,-155.77,-163.7,-183.36,-199.47,-210.82,-220.47,-227.3,-230.11,-228.89,-224.25,-221.44,-218.76,-209.72,-195.07,-180.67,-170.42,-158.7,-145.15,-135.5,-132.94,-140.26,-146.73,-150.4,-138.19,-120.24,-109.99,-103.89,-87.039,-66.652,-55.544,-41.993,-20.997,3.4181,24.781,39.796,56.642,94.974,116.34,115.85,94.363,78.372,64.699,47.731,72.024,84.841,-154.42,-40.162,21.851,58.351,160.65,226.94,226.45,320.93,287.97,307.26,333.63,344.25,327.77,165.29
115.97,84.109,34.425,6.592,-3.5401,-1.4649,-10.01,-28.321,-49.318,-75.442,-115.73,-156.62,-189.95,-181.04,-182.5,-210.21,-51.759,-53.224,-60.305,-72.146,-85.452,-97.659,-103.4,-102.05,-97.537,-93.631,-87.893,-83.01,-78.005,-71.169,-67.263,-66.286,-67.873,-73.366,-79.47,-88.504,-100.34,-111.33,-124.64,-142.09,-157.48,-174.93,-192.14,-202.76,-208.14,-216.07,-225.59,-227.18,-220.1,-206.79,-191.66,-171.15,-155.77,-143.31,-134.65,-124.88,-108.65,-96.316,-86.917,-73,-59.45,-53.224,-47.731,-39.308,-24.659,-13.184
-18.555,-17.335,-17.212,-22.095,-23.56,-34.547,-57.863,-92.654,-127.08,-162.97,-200.81,-200.2,-171.64,-102.91,-279.79,-315.56,-64.577,-67.019,-75.564,-88.87,-108.28,-123.54,-128.79,-145.88,-163.82,-177.01,-182.99,-188.85,-206.79,-224.98,-229.87,-230.23,-232.8,-227.18,-210.09,-189.95,-164.43,-143.93,-125.49,-109.62,-96.683,-82.4,-68.484,-57.497,-51.637,-48.463,-45.9,-46.266,-48.219,-51.759,-53.835,-50.905,-41.505,-33.815,-21.485,2.1973,19.288,29.786,43.703,55.666,67.385,76.052,85.452,95.828,99.857,96.561
90.457,73.611,40.162,-8.0569,-48.463,-56.764,-66.774,-83.254,-119.88,-149.78,-184.7,-272.71,-145.27,-289.44,-270.52,12.94,-35.279,-44.313,-52.492,-56.276,-60.671,-71.413,-74.465,-68.85,-61.769,-50.417,-38.453,-26.368,-20.264,-17.457,-14.649,-15.381,-15.992,-20.264,-21.363,-20.142,-21.851,-25.391,-30.274,-35.768,-42.482,-42.238,-43.458,-49.928,-51.637,-49.318,-44.191,-41.139,-50.539,-67.019,-81.668,-93.631,-98.392,-95.096,-87.161,-77.639,-70.07,-62.99,-55.422,-52.126,-48.585,-45.534,-48.83,-53.713,-56.764,-53.468
-54.689,-63.112,-76.54,-82.4,-80.569,-74.221,-63.478,-62.014,-91.678,-126.96,-153.57,-238.78,-286.02,-194.46,307.26,67.629,31.617,31.983,30.519,26.368,19.898,10.987,0.4883,-9.0335,-14.771,-17.579,-19.288,-19.776,-20.753,-21.363,-22.095,-22.095,-20.875,-17.945,-17.09,-20.386,-24.415,-29.542,-36.988,-44.191,-54.079,-60.305,-65.31,-85.086,-108.65,-128.18,-144.29,-146.12,-149.17,-157.35,-161.26,-168.71,-171.15,-159.31,-155.03,-177.13,-175.18,-163.34,-98.636,-113.28,-205.21,-261.48,-283.94,-257.21,-214.24,-195.81
-173.83,-165.04,-178.84,-214.48,-249.15,-275.77,-308.85,-336.56,-345.84,-316.42,-282.36,-258.43,-238.78,-218.15,-206.18,-276.5,-25.147,-29.542,-35.646,-45.778,-44.313,-29.298,-14.527,-11.109,-7.5686,-0.97659,15.381,30.885,34.181,24.171,-21.485,-78.738,-150.52,-220.1,-263.44,-279.67,-274.54,-252.2,-216.07,-183.11,-156.13,-129.4,-100.59,-73.977,-60.305,-58.718,-61.037,-66.53,-71.902,-78.249,-82.4,-80.325,-75.076,-63.723,-49.562,-34.547,-18.555,-2.3194,8.4231,16.968,19.166,15.137,-0.85452,-27.833,-59.45,-80.935
-91.189,-100.83,-116.21,-138.92,-158.45,-172,-185.31,-196.17,-208.14,-216.8,-250.74,-273.81,-314.34,-472.79,-635.4,-22.706,-20.875,-21.363,-20.142,-17.701,-18.189,-18.067,-14.893,-12.329,-10.254,-10.254,-10.987,-10.01,-10.62,-13.306,-20.142,-29.176,-40.651,-50.295,-56.52,-58.107,-54.689,-47.121,-37.477,-31.617,-29.786,-30.396,-29.298,-28.443,-30.519,-29.176,-30.641,-38.331,-55.788,-73.733,-89.48,-101.2,-112.92,-123.29,-134.65,-149.42,-165.9,-176.4,-178.35,-182.99,-202.76,-214.73,-213.63,-211.68,-203.74,-192.02
-172.37,-162.72,-144.66,-158.7,-188.24,-214.48,-234.63,-248.66,-262.83,-273.45,-350.23,-236.95,-135.87,-26.49,1.8311,-13.062,-32.105,-50.172,-64.333,-76.907,-88.504,-93.875,-95.096,-97.171,-98.514,-97.537,-89.358,-75.686,-64.699,-57.131,-48.463,-36.988,-24.415,-11.353,-2.3194,0,-0.24415,3.296,4.0284,0.85452,-2.1973,-4.1505,-5.8596,-12.574,-15.015,-20.875,-33.692,-41.749,-46.51,-46.632,-52.126,-61.769,-73.366,-83.743,-92.532,-96.438,-94.485,-96.683,-100.59,-95.828,-98.025,-97.537,-103.76,-106.2,-99.857,-90.335
-93.509,-111.58,-129.4,-156.13,-190.8,-226.81,-234.63,-246.96,-300.55,-324.11,-313.85,-39.064,-305.31,-238.78,-72.878,-71.291,-74.831,-78.982,-81.423,-87.649,-100.1,-114.75,-127.69,-140.63,-153.57,-160.16,-159.92,-156.01,-148.69,-136.6,-129.76,-108.28,-86.184,-66.774,-55.422,-45.289,-37.111,-30.885,-32.35,-40.407,-37.965,-23.682,-18.433,-19.41,-19.166,-19.654,-22.34,-22.217,-15.87,-9.0335,-6.4699,-8.179,-13.55,-20.02,-22.095,-15.137,-4.7609,4.883,13.062,19.898,24.659,23.927,22.217,26.734,36.134,45.412
46.876,40.895,28.443,8.5452,-6.592,-22.217,-29.298,-36.256,-95.95,-168.46,-144.66,-195.07,-540.79,-475.97,-155.77,-146.61,-132.45,-108.52,-75.686,-41.139,-18.311,-4.883,1.2207,4.0284,7.2024,10.01,9.3997,10.498,23.682,19.776,35.89,33.692,22.34,8.7893,-10.01,-18.799,-15.015,-10.132,-7.0803,-6.9582,-12.574,-24.903,-38.82,-54.689,-61.159,-46.144,-25.147,-14.405,-16.236,-28.077,-30.763,-26.734,-21.363,-17.945,-16.724,-13.306,-19.166,-31.495,-39.186,-36.134,-36.012,-41.505,-50.661,-54.445,-59.816,-55.055
