8.5452,6.9582,5.005,0,-14.283,-10.62,8.5452,23.194,23.927,22.095,11.963,27.711,56.154,63.845,61.403,46.144,28.443,32.472,50.295,47.731,39.674,47.243,57.375,47.487,20.142,-25.88,-44.191,-11.109,-108.28,-176.64,-164.19,-45.778,9.888,108.52,121.22,119.27,-194.83,-436.66,-363.54,-264.41,-107.55,121.59,329.36,234.63,-76.296,30.03,21.851,-16.48,-27.345,-18.067,-13.916,-17.457,-3.296,-2.9298,-12.329,-21.241,-35.157,-35.768,-41.993,-41.871,-41.871,-25.025,-8.0569,9.3997,16.846,18.067
2.4415,3.5401,6.1037,9.7659,8.7893,1.3428,0.73244,7.6907,19.654,22.462,16.114,13.428,21.851,26.734,26.978,30.396,33.326,30.763,26.734,24.049,11.841,-3.9064,-5.1271,3.9064,-6.3478,-50.05,-111.09,-168.58,-220.22,-256.84,-105.23,258.55,91.922,383.31,413.71,154.18,29.542,-127.32,-288.95,-337.05,-306.16,-257.7,-206.55,-150.64,-94.119,-26.368,43.214,91.067,153.08,514.42,55.3,47.487,104.37,70.07,81.545,94.485,39.918,-23.682,-32.96,2.5636,15.381,39.064,22.217,-16.358,-39.186,-51.881
15.87,19.776,12.452,9.2776,18.433,23.072,22.584,18.067,18.433,25.636,30.763,33.204,37.355,35.768,30.641,30.274,33.815,33.448,26.246,21.241,12.696,6.7141,5.8596,-9.5218,-33.815,-43.825,-46.754,-69.46,-114.75,-165.9,-201.06,-221.69,-118.17,369.76,109.26,237.31,358.78,478.77,434.46,182.38,-19.288,-164.31,-412.73,-553.24,-469.37,-259.16,-58.473,67.263,127.81,119.02,49.562,-11.597,-90.335,-214.24,-64.699,34.425,21.485,144.41,219,261.73,261.24,189.21,92.654,-16.358,-177.98,-208.99
32.472,33.937,36.378,40.407,41.871,37.599,46.51,49.196,39.43,27.589,23.194,28.932,33.204,32.228,26.368,20.631,23.804,26.002,22.462,16.724,3.9064,-5.9816,-9.3997,-24.171,-79.714,-163.95,-229.74,-276.5,-270.76,-22.828,59.206,198.25,352.18,423.11,376.72,336.44,117.8,-121.83,-237.07,-341.81,-377.09,-306.16,-188.6,-75.686,2.3194,50.661,88.137,127.32,152.96,96.194,-176.03,75.686,158.94,210.09,193.61,170.17,111.58,63.723,16.602,-55.788,-138.31,-184.58,-115.85,-57.253,-32.96,-5.4933
25.391,31.495,33.937,34.303,39.186,45.9,52.37,49.928,45.656,52.858,60.793,58.596,58.473,58.107,55.422,46.632,36.134,29.298,22.95,18.677,20.02,15.748,-2.4415,-26.734,-51.027,-73.733,-96.194,-124.39,-140.75,-137.82,-127.2,-36.744,244.03,312.14,343.15,130.62,-7.9348,116.46,73.733,-12.452,-81.423,-110.97,-71.902,-25.147,-23.072,-62.868,-98.025,-91.922,358.53,42.116,-40.04,89.236,71.535,6.592,0.36622,-29.664,-46.51,-45.289,-47.731,-32.838,2.1973,41.749,77.517,39.918,-1.9532,27.467
30.763,38.087,41.871,37.599,30.885,25.147,26.246,32.105,31.251,32.105,34.791,41.993,46.144,40.407,36.134,41.139,49.562,40.407,27.711,27.711,30.763,36.012,49.806,62.868,43.703,7.5686,-10.01,-10.01,6.1037,22.706,-26.978,-137.33,-338.02,146.73,224.25,283.7,164.31,46.51,93.142,54.567,-73.122,-158.94,-172.37,-164.31,-150.4,-121.34,-88.015,-33.448,81.668,292.73,-26.124,-158.21,31.495,56.887,12.94,13.672,34.669,4.3947,-28.077,-44.313,-46.754,-21.729,8.0569,31.251,12.207,3.296
23.927,20.386,23.438,31.251,32.594,29.176,34.913,36.378,39.308,45.412,54.323,53.713,39.552,36.5,37.599,34.547,37.477,42.848,36.988,23.194,15.015,17.945,16.114,6.2258,-7.0803,-23.804,-38.331,-47.853,-60.305,-88.504,-128.3,-84.109,72.39,515.64,388.2,82.522,102.79,398.45,419.69,293.47,88.748,-74.465,-188.97,-257.7,-289.56,-298.59,-268.32,-193.37,-91.067,100.96,181.77,-89.358,80.203,124.64,93.753,93.265,59.816,-3.296,-28.321,-26.368,-3.9064,35.279,28.932,-5.7375,-15.015,-5.7375
4.5167,15.992,25.88,25.391,34.547,45.9,38.453,43.336,57.741,80.813,94.241,96.194,93.387,84.597,77.639,74.343,59.938,45.289,38.209,37.477,27.345,6.8361,-0.4883,-5.6154,-12.696,-11.597,-14.893,-29.298,-45.656,-71.047,-271,-179.2,56.764,87.527,251.23,151.13,-23.438,88.137,134.4,-9.888,-123.54,-255.75,-385.75,23.072,165.53,183.97,28.199,-86.062,95.828,35.768,-23.438,-42.482,-52.126,-34.669,-22.095,-27.223,-42.36,-34.913,-25.513,-10.865,18.311,40.284,82.4,104.98,69.826,36.012
2.4415,7.3244,4.3947,5.2492,9.2776,18.433,21.363,25.025,33.937,31.129,31.129,27.223,26.978,31.861,37.477,40.284,36.744,37.111,46.754,52.492,49.318,43.214,31.007,13.672,-13.062,-28.565,-32.838,-45.656,-53.102,-46.754,-307.26,26.002,189.95,143.56,255.13,157.72,-13.306,17.579,89.602,-147.83,-268.68,-153.94,-69.094,16.114,15.259,-7.3244,-106.33,-101.32,-3.296,-17.457,-52.004,15.625,77.883,123.42,152.96,144.54,142.09,121.22,88.504,69.826,82.766,34.059,-52.858,-129.89,-122.81,-79.47
-4.7609,-3.296,-8.5452,-12.085,-8.179,-1.2207,-1.0987,-7.0803,-10.254,-8.6673,-8.179,-12.329,-12.207,-7.6907,-0.73244,5.005,3.0519,-0.97659,-3.7843,-2.3194,4.2726,14.161,24.781,24.049,9.5218,-3.1739,0.36622,-7.5686,-37.721,-56.032,-42.36,-106.81,19.654,-40.773,129.15,182.38,138.31,-16.602,42.848,2.9298,-89.48,-143.07,-102.18,-28.565,-10.01,-12.085,-34.913,-68.606,-71.413,-73.366,-37.477,-25.269,-8.7893,62.136,88.137,98.514,107.06,84.353,58.107,64.577,92.166,124.64,85.086,19.166,-30.641,-46.754
11.353,9.3997,11.353,9.2776,12.085,5.6154,2.3194,7.6907,4.1505,-1.3428,-6.8361,-4.3947,-2.9298,-8.0569,-14.649,-8.4231,-3.7843,-2.8077,-1.709,-1.4649,-2.0753,-5.005,3.1739,12.207,12.818,0.97659,-17.701,-32.716,-24.293,34.181,-34.303,-16.846,98.758,88.626,198.86,49.196,137.58,72.512,-14.771,-3.9064,-53.224,-127.57,-134.53,-109.87,-32.838,17.701,-24.781,-3.1739,36.744,8.301,1.587,-11.353,-12.329,-5.4933,-2.8077,31.129,55.544,37.843,20.386,-7.4465,-23.438,-8.7893,20.875,49.684,41.627,30.519
-1.0987,-4.7609,-9.0335,-10.498,-5.1271,1.9532,7.2024,6.7141,10.743,18.799,25.636,25.025,24.171,26.612,31.495,38.942,38.575,35.157,37.965,49.196,51.759,34.791,6.3478,-6.1037,-8.7893,-26.612,-37.477,-17.823,-37.111,-83.01,-24.659,-6.9582,-159.79,69.094,4.0284,118.66,-11.719,-92.288,-27.833,6.3478,-122.2,-143.8,-33.815,68.85,7.6907,-36.866,-39.918,-44.435,-14.405,48.585,75.808,66.897,71.657,83.499,84.353,46.632,23.438,6.592,-28.077,-52.98,-51.393,-32.838,13.916,37.965,21.973,25.758
5.6154,5.3713,5.8596,5.4933,5.2492,3.5401,0.12207,0.61037,-3.7843,-9.2776,-11.231,-0.85452,3.296,-2.3194,1.587,0.61037,-0.12207,-2.8077,-5.4933,-3.7843,0,-3.6622,-40.162,-47.853,-24.659,-8.7893,8.4231,-12.207,-6.8361,-32.96,-110.35,3.5401,129.4,136.97,185.92,-8.9114,-97.781,-196.91,-304.82,-235.11,-121.71,-116.58,-114.14,-48.708,-10.01,4.7609,74.465,86.917,95.218,92.532,76.662,37.599,26.978,17.945,11.353,18.433,25.758,34.059,23.194,14.527,-4.0284,-3.0519,13.184,32.105,27.1,5.3713
10.743,11.231,9.0335,6.7141,4.5167,7.5686,14.039,12.696,9.1556,7.5686,10.62,11.841,9.6438,11.841,10.254,9.1556,11.841,11.231,11.719,14.893,16.114,13.672,1.587,-14.527,-45.289,-51.271,9.2776,-3.9064,169.19,150.64,111.21,67.995,-146.24,-249.28,-246.71,-44.801,-71.535,-81.179,113.28,126.83,92.166,80.569,58.84,27.467,23.438,0.4883,4.7609,5.1271,0.12207,12.696,16.114,6.8361,-27.345,-36.134,-24.415,-27.223,-29.176,-20.508,-10.62,2.0753,21.973,45.167,49.318,26.612,-1.3428,-12.818
-32.35,-31.007,-20.875,-18.067,-18.677,-9.2776,7.0803,3.296,4.1505,-0.85452,-2.8077,4.3947,7.4465,1.4649,1.0987,-0.61037,-1.4649,-7.8127,-15.87,-11.231,-11.475,-8.301,-0.85452,5.3713,10.987,16.114,20.386,25.025,16.48,-0.97659,-43.092,-76.174,-86.917,-70.681,-27.345,-71.291,-90.335,-84.353,-105.11,-80.447,-30.885,-5.1271,15.015,18.921,12.329,7.0803,2.6856,-5.7375,-7.0803,-4.3947,1.8311,25.88,48.341,54.567,55.422,48.097,39.186,32.35,24.049,15.381,7.0803,9.2776,22.462,39.43,54.811,55.177
25.391,25.025,22.706,26.368,20.02,14.283,14.039,17.579,21.729,21.363,15.992,20.875,19.776,10.987,0.61037,-3.7843,-10.498,-9.7659,-5.6154,-8.4231,-7.2024,-11.109,-31.495,-24.537,51.881,34.059,17.823,17.09,13.062,-16.846,-64.577,-87.527,60.183,201.79,-73.977,144.66,-11.841,-241.95,-134.4,-41.139,-34.913,-64.333,20.753,22.828,71.78,85.574,120.73,124.03,89.114,57.863,26.124,-11.353,-25.88,-6.8361,30.274,67.385,88.26,57.863,7.5686,-3.5401,-15.503,-8.179,-14.161,-1.709,2.1973,-20.02
2.6856,2.8077,3.1739,1.9532,4.1505,5.1271,0.97659,-7.6907,2.0753,17.09,12.329,14.161,17.701,10.132,4.7609,4.2726,8.6673,6.1037,-0.85452,-9.6438,-18.067,-26.124,-33.57,-22.34,-0.12207,-32.594,-66.042,-52.248,10.865,28.565,240.12,448.87,198.13,-127.08,-148.93,-104.13,-125.86,-61.403,18.677,-12.818,5.005,77.395,49.196,54.933,57.375,91.433,73.611,71.535,61.525,31.983,2.8077,-10.132,-13.184,2.4415,6.592,0.4883,-4.6388,-13.184,-17.457,-10.62,-1.9532,4.7609,11.475,12.452,8.0569,11.841
-0.73244,-1.3428,-1.0987,-0.85452,-0.73244,-0.12207,-0.61037,-4.883,-6.8361,-7.5686,-10.01,-10.254,-5.005,0.24415,-0.4883,2.6856,3.0519,7.3244,11.597,1.587,-16.358,-32.594,-20.264,-15.992,-36.378,-5.3713,60.305,10.01,23.438,46.51,211.8,323.13,114.14,-152.96,-162.72,-137.33,-76.296,-63.967,-125.98,-90.091,-14.283,12.574,-12.207,46.999,98.88,111.45,88.87,68.972,48.708,38.82,21.851,10.376,7.8127,9.888,10.743,10.254,-3.5401,-4.883,-24.293,-35.646,-29.298,-33.326,-12.452,6.8361,6.7141,0.24415
-5.005,-7.2024,-9.2776,-9.3997,-12.085,-7.6907,-7.6907,-8.6673,-7.0803,-9.5218,-10.987,-11.841,-14.527,-16.114,-13.428,-8.5452,-7.4465,-12.94,-14.771,-19.898,-30.396,-26.612,-4.1505,-11.719,-30.641,-64.211,0.24415,38.453,36.866,138.55,287.24,154.18,-87.405,-250.98,-257.33,-97.903,-21.607,-100.34,-67.873,18.433,30.763,-3.9064,-5.3713,65.92,74.587,81.79,83.621,53.224,40.773,38.575,33.692,28.199,29.176,23.438,0.85452,-23.682,-33.815,-29.298,-19.654,-23.56,-18.433,-9.1556,-7.4465,-6.8361,-3.6622,7.5686
9.7659,16.602,17.823,17.701,17.945,17.579,22.217,23.438,22.95,21.485,18.555,18.677,19.288,18.311,23.072,17.212,16.236,15.015,3.1739,-8.5452,-15.992,-20.264,-18.433,-22.34,-27.589,-51.393,-77.761,-68.117,-77.761,-284.55,-798.49,-364.15,116.21,288.46,233.28,239.39,302.62,350.84,311.53,196.3,137.7,86.673,33.57,-5.2492,-15.259,-19.532,-34.791,-44.801,-57.375,-76.907,-84.109,-48.097,-8.0569,-23.927,-57.619,-77.883,-58.962,-32.838,-17.457,4.3947,11.719,27.833,32.35,6.8361,-18.189,-26.49
5.005,6.7141,5.7375,5.6154,10.498,12.818,6.7141,8.7893,5.7375,4.2726,1.8311,-0.97659,-0.36622,-2.1973,-4.0284,-5.1271,-11.353,-23.927,-45.778,-59.694,-62.868,-63.967,-67.995,-76.174,-76.296,-65.676,-43.947,-16.358,1.709,8.6673,3.4181,-2.9298,3.296,-171.88,-188.24,-242.07,6.2258,130.13,92.044,-8.301,-38.209,-28.199,-50.05,-43.336,-31.495,-54.689,-24.537,30.152,70.07,74.831,55.3,30.763,26.978,30.274,8.5452,-14.527,-35.157,-40.284,-31.373,-20.753,-20.631,-8.179,-1.3428,7.3244,10.62,20.264
-15.137,-11.597,-4.7609,-0.61037,-1.3428,-2.6856,-4.0284,-10.254,-16.846,-20.753,-15.992,-11.963,-19.532,-34.059,-30.885,-7.3244,-18.311,-41.749,-58.596,-69.704,-29.542,106.08,133.06,293.59,483.29,226.57,-107.55,-291.15,-308.11,-161.26,26.124,61.281,-66.897,-53.102,23.927,63.723,77.883,99.857,139.9,147.47,80.203,28.687,37.721,36.134,8.5452,-0.24415,14.649,12.452,-7.3244,-26.002,-24.903,-16.724,-13.794,-16.48,-15.503,3.0519,6.1037,-8.0569,-31.373,-43.214,-7.3244,22.584,14.283,21.241,13.184,5.1271
-1.587,-1.4649,-1.2207,-2.8077,-4.1505,-3.9064,-0.36622,-1.709,-5.1271,-6.4699,-6.2258,-4.6388,-2.4415,1.587,-5.8596,-13.306,-8.5452,-0.73244,0.61037,1.8311,-9.7659,-27.345,-25.269,-24.171,-51.393,-82.278,-54.689,19.288,4.3947,149.17,442.52,304.45,-53.591,-114.75,-96.438,-29.664,-102.79,-80.203,-152.71,-96.561,-29.054,-68.117,-23.682,93.509,143.68,124.64,75.93,80.935,60.549,29.786,20.264,10.865,20.997,30.763,16.48,-4.1505,-20.508,-38.209,-41.139,-21.485,-12.696,-12.329,-1.0987,2.8077,-18.555,-31.983
5.2492,6.9582,8.6673,10.254,11.475,8.179,7.2024,11.841,11.597,15.259,18.677,18.433,16.48,19.41,25.269,23.072,19.898,27.223,33.204,30.274,24.171,13.794,-2.5636,-13.916,-9.1556,2.9298,-2.0753,61.525,178.11,223.15,256.48,256.11,51.759,-320.69,-458.75,-8.0569,54.323,-91.067,-53.835,110.6,155.52,97.293,96.805,75.32,72.634,66.286,25.147,10.254,15.259,10.01,10.865,23.072,14.161,-14.771,-29.908,-21.119,-14.893,-11.231,10.743,-1.587,-17.823,8.179,14.283,7.0803,5.9816,15.137
-11.231,-8.9114,-12.329,-10.865,-9.0335,-11.353,-10.987,-9.6438,-7.3244,-6.592,-8.301,-3.1739,0.12207,4.5167,5.6154,6.2258,7.8127,7.0803,0.73244,-9.6438,6.9582,22.828,11.231,-6.2258,-11.719,35.524,63.601,174.93,145.76,118.9,63.967,181.04,-212.9,-378.43,-198.37,-91.922,-99.246,-36.5,23.316,19.776,36.622,62.99,110.23,152.71,154.42,124.27,93.997,54.567,40.04,30.152,7.0803,7.3244,32.472,41.505,31.129,21.241,15.503,-9.5218,-24.171,-20.264,-8.9114,-3.6622,11.719,13.55,13.428,-0.12207
9.7659,16.602,17.823,17.701,17.945,17.579,22.217,23.438,22.95,21.485,18.555,18.677,19.288,18.311,23.072,17.212,16.236,15.015,3.1739,-8.5452,-15.992,-20.264,-18.433,-22.34,-27.589,-51.393,-77.761,-68.117,-77.761,-284.55,-798.49,-364.15,116.21,288.46,233.28,239.39,302.62,350.84,311.53,196.3,137.7,86.673,33.57,-5.2492,-15.259,-19.532,-34.791,-44.801,-57.375,-76.907,-84.109,-48.097,-8.0569,-23.927,-57.619,-77.883,-58.962,-32.838,-17.457,4.3947,11.719,27.833,32.35,6.8361,-18.189,-26.49
8.5452,10.01,10.376,11.231,12.696,11.231,11.719,10.498,2.8077,10.987,15.137,18.799,19.044,17.212,15.137,8.301,3.6622,0.73244,0.73244,-2.6856,-10.987,-15.992,-9.2776,9.888,-26.368,-81.057,-146.61,-196.78,-199.71,-157.11,-81.79,-448.38,-169.44,-120,22.828,155.89,137.82,60.305,90.945,98.025,63.967,49.684,72.39,87.405,60.06,52.98,52.126,50.417,59.694,56.398,36.134,18.555,12.94,13.306,3.4181,-8.179,-19.288,-8.5452,3.4181,11.475,22.706,28.321,26.612,35.279,36.256,29.298
5.7375,5.6154,10.498,12.818,6.7141,8.7893,5.7375,4.2726,1.8311,-0.97659,-0.36622,-2.1973,-4.0284,-5.1271,-11.353,-23.927,-45.778,-59.694,-62.868,-63.967,-67.995,-76.174,-76.296,-65.676,-43.947,-16.358,1.709,8.6673,3.4181,-2.9298,3.296,-171.88,-188.24,-242.07,6.2258,130.13,92.044,-8.301,-38.209,-28.199,-50.05,-43.336,-31.495,-54.689,-24.537,30.152,70.07,74.831,55.3,30.763,26.978,30.274,8.5452,-14.527,-35.157,-40.284,-31.373,-20.753,-20.631,-8.179,-1.3428,7.3244,10.62,20.264,20.142,21.607
-6.3478,-6.1037,-5.7375,-6.1037,-4.5167,-5.4933,-6.592,-6.4699,-7.8127,-0.24415,-10.254,-10.62,-12.207,-15.992,-19.898,-20.508,-20.875,-22.462,-22.706,-24.293,-30.396,-40.529,-46.632,-37.599,-13.184,-20.631,-28.687,-72.024,-75.442,-64.943,-72.756,-452.16,-266.98,-128.18,-122.81,182.38,176.15,136.72,124.52,58.107,34.181,43.092,51.149,27.345,32.228,54.079,56.887,44.313,30.396,29.42,26.978,13.428,9.3997,-5.9816,-21.485,-26.856,-28.809,-12.818,-14.039,-15.503,12.452,30.152,39.064,28.932,32.35,42.116
5.8596,5.6154,5.9816,5.8596,3.4181,-0.73244,0,1.3428,-2.5636,-4.6388,0.85452,2.4415,-2.5636,-11.475,-9.3997,-5.2492,-10.743,-14.649,-9.6438,-9.2776,-20.264,-22.584,-15.992,-20.875,-30.885,-55.3,-88.26,-104.86,-120,-122.68,-125,-74.953,76.174,275.52,-50.783,-189.34,-16.236,-16.846,24.781,-15.992,-30.519,-31.007,28.199,47.609,34.791,31.861,60.915,67.507,62.258,52.37,53.224,51.027,39.308,23.927,22.462,13.306,-12.94,-26.124,-15.748,0.73244,3.6622,7.4465,-2.4415,7.0803,14.771,10.376
-14.527,-11.597,-9.6438,-10.62,-12.696,-10.987,-7.9348,-5.9816,-6.9582,-8.4231,-4.7609,-4.1505,-8.0569,-7.0803,-9.6438,-3.5401,4.0284,8.4231,5.8596,-7.8127,-21.363,-23.804,-23.072,-28.199,-34.303,-51.515,-67.385,-95.584,-154.3,-147.83,-86.673,226.2,620.87,-30.641,82.4,153.45,-187.63,-179.08,-124.27,-84.597,-90.823,-86.795,-48.463,-5.2492,29.42,68.728,80.325,72.39,71.047,71.78,68.606,47.731,27.467,12.452,2.9298,1.4649,-5.2492,-10.865,-5.9816,2.4415,-1.2207,-3.1739,4.883,7.2024,8.7893,21.119
-6.3478,-8.6673,-12.329,-13.306,-9.888,-5.9816,-3.0519,-0.73244,2.4415,5.9816,12.085,14.893,20.875,29.42,30.152,22.462,21.485,21.241,16.602,10.987,1.587,-8.6673,-19.41,-25.147,-20.631,7.2024,22.95,-3.9064,-13.062,-24.415,-68.239,52.126,540.42,55.91,-131.72,-55.788,-52.37,-161.63,-172.12,-50.661,-49.562,-37.111,-10.987,45.9,92.166,110.48,89.236,76.662,66.774,50.905,20.386,-7.0803,-7.9348,-7.4465,-11.719,-15.381,-24.781,-26.49,-3.9064,-12.818,2.3194,-0.85452,18.433,33.937,34.059,45.289
1.3428,3.1739,3.5401,3.1739,4.7609,5.2492,6.1037,9.6438,13.184,14.893,14.405,17.09,19.044,20.508,19.898,16.846,15.748,16.236,20.386,19.288,7.0803,-9.2776,-20.142,-25.636,-27.589,-20.02,-23.927,-41.993,-72.512,-106.2,-76.785,238.29,564.23,49.074,-120.98,19.166,-128.67,-132.82,-104.01,-35.401,-25.391,-2.5636,13.55,38.087,88.137,112.19,105.72,91.922,67.873,39.064,30.763,31.373,17.457,7.5686,9.0335,2.3194,-6.7141,-18.433,-31.617,-26.246,-5.005,25.147,28.321,18.067,16.602,15.015
7.8127,6.3478,6.8361,9.0335,10.01,11.475,9.6438,3.6622,1.709,1.2207,3.1739,5.3713,2.8077,-4.1505,-4.1505,6.8361,9.888,-8.301,-50.172,-102.3,-147.47,-170.29,-146.24,-62.868,28.809,118.66,461.07,422.5,41.505,-141.48,-141.36,-140.87,-104.74,-104.74,-97.049,-68.972,-36.866,-19.776,33.082,73.122,93.387,115.48,128.54,118.41,82.644,49.562,29.786,23.56,20.386,-1.709,-15.381,-13.672,-4.6388,-16.724,-28.565,-22.95,-20.02,-2.9298,15.992,14.649,21.485,41.993,50.783,52.37,47.731,26.002
0.24415,0.12207,-0.4883,2.1973,5.1271,8.0569,10.132,9.1556,10.498,13.428,12.574,16.236,21.363,27.223,27.711,18.311,13.55,13.916,19.654,27.711,24.781,4.883,-25.269,-69.46,-118.78,-164.68,-182.13,-156.74,-61.769,70.315,150.52,189.83,481.7,456.43,73.855,-83.254,-149.17,-151.62,-140.14,-118.9,-103.4,-68.728,-12.94,20.875,44.557,73.977,93.02,79.592,73.122,65.31,37.599,28.199,21.851,2.3194,6.7141,14.283,1.3428,-7.3244,-17.823,-28.321,-22.095,-12.085,-2.8077,2.0753,9.6438,14.039
9.6438,7.8127,3.296,2.9298,4.3947,2.3194,-1.3428,-1.587,0.61037,3.0519,2.5636,3.4181,5.6154,6.592,6.3478,7.3244,11.841,18.311,20.142,14.527,14.283,14.771,14.405,17.457,22.34,11.109,-16.48,-46.999,-73.855,-84.719,-72.39,-23.438,54.811,135.38,367.32,515.15,139.16,-146.73,-148.81,-192.51,-201.79,-139.04,-70.193,-25.636,-77.883,-6.2258,23.682,41.627,87.405,125.86,85.208,75.686,56.032,34.181,20.264,-0.24415,-14.893,-10.987,-16.846,-13.428,-17.945,-17.823,-9.5218,-5.3713,-8.301,29.298
-1.9532,0.24415,5.8596,7.2024,6.3478,3.296,2.1973,4.3947,1.0987,-0.36622,6.1037,10.498,8.4231,5.4933,-3.7843,-24.659,-52.126,-78.005,-88.992,-99.368,-106.57,-90.091,-31.007,49.318,103.64,107.06,118.66,596.7,267.1,-88.26,-111.7,-110.84,-118.9,-95.828,-61.159,-58.962,-67.629,19.288,36.012,83.01,123.42,109.87,86.428,36.012,0.97659,-12.696,-15.992,-18.921,-20.142,-19.044,-10.254,-4.883,-5.4933,-4.883,-5.4933,-4.883,7.4465,16.358,4.3947,21.363,16.968,-6.1037,-17.945,-19.532,-2.0753,22.706
-30.519,-28.932,-25.025,-18.555,-13.184,-12.574,-13.062,-16.968,-24.781,-26.368,-22.95,-30.763,-34.791,-35.524,-23.316,-24.659,-30.641,-15.259,13.916,41.139,49.562,37.477,27.1,46.022,74.221,104.01,155.89,196.91,139.9,-73.244,-327.16,-583.27,-270.15,-144.29,-4.0284,-28.443,-62.624,-25.269,40.04,228.4,450.94,640.89,847.56,894.92,693.87,390.39,-30.885,-414.69,-642.84,-764.18,-762.23,-714.13,-589.5,-120.61,357.31,502.21,454.48,236.95,-90.213,-329.97,-335.7,-100.59,175.42,182.87,44.435,-93.875
-36.622,-35.401,-37.233,-37.721,-40.529,-52.248,-58.229,-46.632,-27.467,-27.711,-43.214,-18.799,26.368,51.027,31.373,15.015,49.44,122.68,139.77,113.9,-14.893,-283.94,-418.35,-302.74,-469.13,-776.02,-620.75,-219.98,-105.72,-52.004,15.87,62.502,174.57,328.87,324.47,226.69,-48.219,-341.07,-543.11,-615.01,-590.11,-518.33,-412.85,-273.81,-49.44,199.84,403.21,509.05,499.28,388.93,168.34,-120.49,-387.22,-579.97,-665.43,-415.3,-25.88,174.57,201.18,175.54,145.02,93.753,38.575,-4.3947,-19.166,0.12207
-53.346,-92.898,-120.37,-82.888,-17.945,-14.527,-43.458,-64.699,-71.413,-88.504,-116.7,-154.18,-193.12,-182.01,-162.97,-139.9,-48.83,39.918,35.89,-30.152,-68.606,-78.249,-13.184,-12.574,-141.48,-250.01,-272.59,-142.34,-242.32,-407.97,-292,-146.12,-62.502,18.433,204.11,388.56,489.39,562.52,492.81,369.52,5.2492,-347.3,-567.4,-692.77,-745.63,-734.03,-649.19,-525.65,-335.95,-69.826,220.83,436.66,575.21,626.24,537.49,340.1,57.009,-247.44,-500.38,-671.29,-760.89,-742.82,-497.7,-83.132,168.46,297.62
-61.892,-54.079,-50.05,-53.102,-60.671,-68.85,-68.606,-52.736,-36.988,-37.721,-53.957,-69.338,-68.85,-68.117,-65.554,-57.619,-38.575,-10.62,5.8596,-46.144,-126.59,-248.42,-502.33,-364.15,-53.224,-273.69,-376.23,-430.8,-308.85,-75.93,118.29,253.91,454.73,638.33,674.46,523.58,368.66,46.876,-297.62,-527.36,-632.59,-659.2,-679.95,-705.22,-753.56,-578.26,-173.22,215.95,401.75,485,443.37,300.91,107.79,-88.992,-262.09,-379.65,-398.69,-335.46,-265.63,-164.43,11.719,136.97,178.84,167.36,136.72,92.654
5.9816,4.1505,1.0987,0,-0.12207,0.24415,-0.24415,0.73244,0.36622,1.3428,2.6856,2.4415,-0.4883,1.587,11.719,15.625,10.865,4.1505,4.3947,22.462,23.438,7.0803,-16.114,-14.893,4.7609,32.716,81.668,153.45,88.626,-339.49,-21.973,-47.487,-20.997,-6.8361,-5.2492,-4.6388,-3.7843,-6.4699,-3.7843,-1.587,-1.8311,-0.4883,-0.4883,-1.2207,-0.73244,0.36622,0.73244,1.2207,0.73244,0.73244,2.8077,-2.3194,1.4649,6.592,5.4933,0.85452,-0.12207,0.12207,2.0753,2.9298,3.4181,2.3194,1.9532,6.4699,6.1037,6.2258
7.4465,7.9348,7.9348,6.8361,6.7141,8.301,9.7659,10.62,10.132,10.376,2.0753,2.6856,7.6907,11.109,5.4933,5.8596,3.6622,5.6154,12.452,17.579,18.189,19.532,32.228,40.284,54.689,88.015,123.29,129.76,99.002,38.942,-336.19,-231.33,-105.72,-5.2492,-7.4465,-9.0335,-9.5218,-10.132,-13.672,-15.748,-16.358,-16.236,-13.794,-8.179,-3.296,-2.8077,-3.7843,-6.2258,-4.7609,-2.3194,0.73244,1.2207,-0.12207,3.9064,5.3713,0.85452,2.6856,0.61037,-1.8311,-0.61037,1.4649,2.6856,3.4181,4.0284,4.5167,3.1739
7.4465,11.475,10.62,10.132,10.01,10.01,11.109,11.841,14.649,15.992,20.264,27.223,24.903,24.659,33.448,35.401,24.293,8.6673,2.0753,12.085,21.363,15.625,9.0335,29.298,66.774,104.98,142.7,137.33,68.728,-39.064,-357.8,-394.18,2.6856,-2.6856,-0.36622,0.97659,-1.3428,0.85452,3.1739,0.12207,1.8311,2.3194,1.3428,1.4649,2.5636,3.0519,2.9298,1.587,1.3428,2.1973,2.4415,0.24415,0.85452,6.1037,8.6673,3.5401,2.4415,2.0753,5.7375,8.4231,9.3997,8.179,9.1556,13.062,12.207,13.184
16.236,17.579,19.288,20.02,21.363,25.513,27.467,28.443,31.129,33.082,35.035,37.599,46.51,50.661,43.947,49.684,58.718,61.281,64.089,63.356,61.281,69.216,83.01,103.15,137.21,180.67,227.79,251.84,196.17,62.136,-269.17,-711.33,-31.617,7.6907,8.179,6.2258,6.8361,9.2776,9.3997,9.7659,8.7893,9.0335,10.987,11.353,10.376,7.0803,9.2776,13.062,13.428,8.5452,7.5686,5.3713,6.9582,7.8127,7.9348,6.4699,7.0803,12.329,11.841,11.353,14.283,15.503,15.992,17.212,19.044,20.631
21.363,20.508,20.508,20.997,18.433,20.875,26.002,27.833,21.729,22.706,22.828,23.804,26.49,33.082,40.162,47.975,49.684,41.993,41.505,52.004,66.897,82.522,97.415,118.78,153.2,205.08,250.13,215.34,33.692,-227.91,-524.55,-127.57,-32.594,-5.4933,-4.5167,-6.592,-4.7609,-0.85452,-1.9532,-0.73244,0.73244,1.587,3.1739,5.005,4.1505,3.7843,4.2726,4.0284,4.6388,6.592,0.24415,6.4699,11.841,5.3713,4.1505,0.85452,1.3428,4.3947,7.6907,9.888,9.3997,9.0335,10.132,9.1556,10.132,10.132
10.254,9.5218,8.6673,8.301,6.9582,6.9582,7.5686,8.179,9.5218,7.2024,15.137,23.072,18.799,18.067,30.763,42.848,46.876,36.744,31.007,32.96,42.726,54.079,50.417,52.126,77.029,117.19,164.56,223.4,271.25,236.95,-304.94,-751,37.233,-6.8361,-0.61037,1.709,-5.3713,-5.1271,-6.3478,-5.2492,-2.9298,-0.4883,-0.24415,3.296,6.8361,5.6154,7.9348,11.109,10.987,9.3997,7.4465,5.8596,4.6388,3.9064,3.296,2.4415,-0.4883,-0.73244,5.4933,10.01,5.2492,6.4699,6.7141,10.376,12.574,15.503
15.625,14.405,17.09,18.067,20.142,22.828,24.293,27.1,28.443,30.274,30.519,34.669,39.064,42.848,48.219,56.276,57.741,53.957,52.126,58.473,47.731,28.932,38.575,70.07,95.218,136.36,199.71,270.15,275.77,140.14,-676.78,-352.67,-92.166,0.85452,0.85452,1.2207,-2.4415,-1.3428,8.179,8.179,1.4649,2.5636,2.9298,5.7375,6.3478,6.9582,3.5401,4.5167,7.2024,4.5167,3.7843,5.8596,7.2024,9.7659,11.963,14.893,19.898,21.485,21.363,21.363,24.415,20.508,25.513,30.641,23.316,23.316
23.194,25.147,27.955,31.617,31.373,35.646,44.801,48.463,47.243,46.266,47.243,53.102,55.91,60.06,63.845,64.455,60.06,52.37,49.806,53.835,57.619,58.473,66.408,73.733,92.044,131.11,181.52,218.02,205.82,139.77,-591.08,-313.97,-49.806,33.448,-3.5401,-2.9298,-2.1973,-1.2207,-1.0987,-1.4649,0.4883,-0.24415,-0.24415,0.85452,1.9532,2.5636,3.0519,3.9064,4.2726,4.5167,4.5167,5.7375,5.4933,2.3194,9.3997,12.452,9.5218,9.2776,9.1556,10.743,12.696,13.794,14.771,14.893,16.602,18.433
18.433,20.142,21.973,25.269,27.833,27.955,28.687,31.129,34.425,36.378,38.087,36.988,36.134,44.069,49.074,46.144,48.585,49.196,54.323,54.445,50.05,53.957,57.375,60.06,68.728,67.751,68.728,96.194,146.37,209.36,222.17,-443.86,-229.99,-8.301,-11.353,-10.01,-7.3244,-5.7375,-5.005,-6.9582,-7.8127,-2.8077,-3.296,-4.0284,-1.587,-1.709,-0.4883,0.97659,0.12207,-0.73244,-1.4649,1.709,-1.2207,1.2207,7.0803,5.3713,0.73244,0.61037,1.587,3.9064,5.8596,4.7609,6.592,6.7141,10.254,8.301
6.7141,7.3244,8.6673,11.841,12.94,13.428,14.161,16.724,15.259,15.259,21.729,27.345,22.095,19.654,19.41,25.88,37.965,45.9,49.562,53.591,63.356,82.766,108.65,137.94,171.39,205.82,231.45,220.22,114.51,-122.68,-216.56,-489.52,-117.8,-27.345,4.1505,-7.6907,-10.254,-10.987,-6.9582,-3.296,1.587,3.9064,7.9348,9.3997,6.2258,5.9816,5.9816,2.6856,1.9532,2.3194,3.0519,5.005,7.2024,9.888,6.592,7.5686,14.283,14.649,10.254,9.0335,10.132,11.597,13.184,15.748,15.87,17.945
19.166,18.799,20.753,21.607,22.95,24.171,25.88,26.002,25.758,30.03,35.035,29.054,28.932,34.303,32.96,35.279,39.674,38.453,36.622,36.134,42.482,39.064,30.152,38.087,56.642,83.987,123.91,170.29,221.08,271,246.22,77.517,-147.22,-910.31,-7.4465,-5.7375,-5.6154,-4.883,-4.2726,-3.1739,-0.97659,-1.0987,2.1973,3.1739,4.1505,4.1505,2.0753,1.4649,1.587,1.709,1.587,2.1973,5.2492,-0.73244,1.9532,14.771,10.62,4.2726,5.8596,8.179,10.62,13.55,13.184,11.353,14.649,17.579
15.992,14.771,15.625,17.457,19.044,17.579,19.898,22.706,21.973,22.34,24.781,31.495,30.885,39.796,52.37,49.928,43.947,43.947,38.087,31.129,34.547,51.149,76.174,104.01,131.6,158.33,193.73,224.98,221.81,102.18,-66.53,-333.99,-501.48,3.6622,-6.4699,-4.7609,-4.7609,-4.3947,-2.4415,-1.3428,-2.8077,-2.0753,-1.3428,-0.73244,0.12207,-0.12207,-0.36622,0.24415,0.73244,-1.3428,-4.5167,3.6622,6.8361,0.97659,1.0987,1.0987,3.296,5.7375,5.7375,6.2258,4.5167,6.1037,7.9348,6.7141,6.9582,7.6907
8.7893,9.2776,8.301,8.179,7.5686,6.4699,7.3244,5.4933,11.109,22.95,19.776,15.992,20.02,24.171,32.594,40.407,39.43,43.458,56.642,62.258,58.351,55.788,62.868,63.967,57.741,59.816,66.774,85.452,125,165.41,161.63,66.897,-85.33,-534.2,-4.6388,-4.1505,-5.6154,-6.592,-7.2024,-6.7141,-9.888,-5.7375,-0.73244,-7.2024,-8.0569,-7.2024,-7.3244,-5.2492,-2.5636,-2.3194,-1.8311,-0.61037,-2.0753,-0.73244,1.2207,2.1973,3.7843,3.296,1.587,1.8311,1.3428,-0.12207,-3.9064,-5.8596,-4.2726,-3.9064
-11.231,-11.719,-13.306,-14.039,-10.132,-5.7375,-8.7893,-14.161,-17.457,-15.992,-15.992,-22.706,-22.462,-20.631,-15.503,-12.329,-3.9064,3.6622,-16.236,-31.495,-17.945,6.4699,6.1037,-20.631,-21.363,-48.097,-81.423,-74.831,-78.616,-127.69,-150.76,-102.79,-28.932,116.58,-3.5401,-1.9532,-3.7843,-4.3947,-2.4415,-3.6622,-4.7609,-4.0284,-4.6388,-5.7375,-4.3947,-3.4181,-6.4699,-9.7659,-2.4415,2.0753,-2.1973,-3.9064,-8.179,-5.6154,1.709,6.3478,5.6154,1.8311,-0.4883,-3.5401,-3.9064,-1.4649,-2.8077,-5.6154,-7.6907,-8.6673
-10.376,-11.597,-9.7659,-10.743,-15.259,-14.649,-15.625,-24.659,-16.114,-13.184,-16.602,-15.381,-14.039,-13.672,-9.3997,-10.498,-13.794,-10.865,-23.438,-41.261,-47.609,-44.679,-35.89,-69.826,-133.67,-110.23,-52.37,-24.781,-39.43,-78.616,-110.97,-103.15,-39.918,88.748,-8.7893,-5.005,-5.8596,-7.3244,-7.9348,-7.5686,-6.9582,-5.8596,-4.7609,-6.7141,-7.5686,-10.01,-5.9816,-1.3428,-2.8077,-6.7141,-8.7893,-7.5686,-6.9582,-6.592,-4.7609,-5.3713,-8.301,-8.0569,-8.0569,-7.6907,-8.179,-6.9582,-5.4933,-7.2024,-9.1556,-8.179
-5.6154,-2.5636,-8.179,-12.329,-9.7659,-10.01,-12.452,-13.794,-13.794,-17.457,-21.729,-21.363,-19.166,-16.968,-14.527,-18.433,-23.072,-19.044,-7.5686,-6.4699,-26.002,-38.087,-27.1,-21.973,-37.599,-62.38,-58.962,-28.809,-37.721,-91.8,-74.831,18.433,287.73,237.56,-0.97659,-2.4415,-5.1271,-6.9582,-6.1037,-7.8127,-11.841,-7.3244,-4.0284,-12.207,-16.48,-16.236,-15.748,-12.818,-10.376,-12.085,-11.231,-10.987,-10.987,-9.2776,-8.0569,-9.888,-9.5218,-8.0569,-6.7141,-4.883,-2.6856,-2.1973,-7.4465,-7.6907,2.0753,5.6154
-2.4415,-8.0569,-9.6438,-10.62,-11.231,-11.475,-10.987,-9.5218,-9.7659,-9.1556,-9.3997,-11.841,-11.597,-8.6673,-19.532,-45.412,-63.356,-59.572,-45.412,-49.196,-63.723,-68.239,-56.032,-31.373,-23.316,-31.983,-35.279,-32.228,-33.326,-38.209,-55.422,-75.93,-95.584,214.85,-7.8127,-7.2024,-10.132,-11.231,-9.6438,-10.254,-10.987,-11.231,-12.574,-12.696,-12.329,-10.865,-10.743,-13.428,-13.55,-10.376,-12.574,-7.0803,0.24415,-5.005,-10.498,-10.865,-11.597,-11.719,-9.2776,-8.5452,-12.452,-14.283,-9.888,-9.1556,-11.719,-14.405
-15.748,-16.724,-19.41,-19.776,-15.992,-17.212,-25.147,-32.838,-34.669,-24.903,-13.55,-15.87,-30.152,-33.326,-21.363,-14.161,-13.428,-26.246,-38.331,-40.895,-50.417,-64.943,-65.432,-40.651,-13.184,-31.007,-68.728,-69.582,-39.064,1.709,-19.776,-114.87,-99.49,192.02,-10.254,-8.301,-9.0335,-11.475,-9.5218,-3.6622,0.73244,4.1505,5.005,2.4415,1.3428,3.4181,7.0803,5.6154,8.5452,12.452,8.7893,2.5636,1.587,-0.4883,-0.12207,1.0987,1.8311,0.24415,-3.296,-8.301,-9.0335,-12.085,-15.015,-17.212,-19.776,-20.875
-20.997,-23.072,-28.321,-32.105,-37.599,-36.988,-31.251,-33.082,-39.43,-38.82,-37.965,-38.087,-39.308,-36.744,-37.233,-28.932,-10.743,3.1739,-5.8596,-44.557,-83.377,-87.405,-62.868,-32.716,-4.883,12.818,12.818,-0.85452,-21.119,-24.415,-76.174,-147.95,-155.16,2.5636,2.6856,-1.3428,-3.296,-4.0284,-2.8077,2.8077,4.2726,-2.4415,-1.709,-3.0519,-7.6907,-8.9114,-9.2776,-10.987,-9.1556,-8.7893,-5.7375,-6.8361,-10.498,-10.254,-12.085,-11.719,-10.376,-12.085,-12.696,-12.452,-12.94,-16.846,-21.851,-15.015,-11.841,-16.846
-19.044,-20.997,-24.049,-23.927,-22.95,-31.373,-40.407,-44.069,-41.871,-41.261,-47.609,-46.754,-40.895,-34.547,-38.942,-56.398,-75.076,-78.372,-80.447,-87.405,-78.86,-50.417,-29.42,-40.651,-85.574,-129.76,-133.67,-110.6,-93.265,-90.945,-80.325,-56.887,-36.134,169.07,-29.054,-26.978,-21.973,-20.631,-20.02,-22.34,-21.241,-16.48,-15.503,-14.771,-14.283,-12.574,-10.254,-9.7659,-10.376,-14.405,-13.916,-9.6438,-8.179,-11.963,-10.987,-11.597,-12.207,-11.719,-8.6673,-7.9348,-8.9114,-9.2776,-5.8596,-3.296,-3.1739,-2.8077
-3.7843,-6.2258,-9.3997,-9.7659,-8.5452,-8.4231,-10.498,-10.743,-13.672,-9.2776,-5.3713,-7.3244,-11.841,-12.452,-9.888,-9.3997,-14.649,-21.607,-26.002,-27.467,-24.537,-18.067,-19.166,-22.217,-24.415,-32.35,-58.962,-103.64,-124.03,-89.969,-83.865,-114.87,-25.513,110.35,-3.6622,-4.0284,-6.4699,-8.0569,-7.3244,-5.005,-5.7375,-9.6438,-10.498,-10.498,-11.109,-10.498,-10.132,-10.865,-11.841,-10.254,-9.2776,-9.0335,-10.254,-10.987,-13.062,-17.09,-12.574,-9.0335,-13.306,-15.87,-15.748,-17.579,-17.09,-14.405,-13.672,-15.381
-14.161,-12.818,-14.405,-14.893,-15.625,-19.166,-21.241,-20.997,-20.264,-21.607,-26.612,-29.176,-26.246,-22.217,-4.883,16.724,5.8596,-40.773,-86.55,-99.612,-67.873,-41.993,-50.905,-58.596,-74.221,-87.161,-83.621,-47.243,13.916,-3.5401,-27.467,21.607,220.59,-1188.9,7.9348,7.4465,6.1037,5.3713,4.5167,4.5167,5.2492,5.9816,4.2726,3.9064,4.6388,2.5636,3.1739,3.9064,2.5636,1.8311,2.4415,3.9064,4.5167,2.5636,-0.4883,0.4883,0,3.7843,5.6154,3.5401,1.9532,2.3194,2.3194,2.1973,4.3947,5.9816
7.2024,7.4465,8.6673,11.475,9.2776,5.005,4.0284,5.005,5.1271,6.2258,6.7141,7.8127,7.9348,5.6154,2.5636,1.587,10.743,18.189,9.1556,-12.207,-7.4465,10.498,11.963,-15.625,-49.074,-51.149,-33.448,-31.007,-46.999,-64.333,-74.099,-103.52,-146.86,-1747.1,-3.7843,-6.4699,-6.1037,-4.1505,-4.3947,-5.3713,-5.005,-5.6154,-5.3713,-3.4181,-3.296,-2.6856,-2.4415,-2.5636,0,1.4649,-0.12207,-1.0987,0,2.9298,3.1739,0.12207,1.3428,4.1505,3.5401,0,-2.4415,-1.0987,1.0987,0.73244,0.24415,-0.97659
-2.9298,-3.5401,-3.5401,-3.5401,-3.5401,-7.8127,-11.109,-10.743,-8.4231,-8.0569,-10.987,-11.475,-8.4231,-7.4465,-6.7141,-5.7375,-4.3947,-3.4181,-5.8596,-7.3244,-4.7609,2.6856,13.306,10.62,-2.6856,-11.475,-12.452,6.4699,40.529,75.93,83.377,82.4,83.987,-41.139,1.709,0.4883,-0.73244,0.61037,2.4415,1.709,0.85452,1.2207,1.709,3.6622,3.4181,2.1973,1.3428,1.0987,0.61037,-2.3194,-0.36622,3.5401,3.6622,-1.8311,-5.3713,-5.1271,-3.7843,-3.1739,-2.9298,-3.7843,-7.4465,-7.4465,-5.9816,-6.2258,-8.0569,-9.1556
-7.2024,-3.7843,-3.0519,-5.2492,-6.8361,-7.0803,-6.7141,-9.5218,-3.7843,4.2726,4.7609,0,-1.4649,-4.7609,-5.8596,7.8127,27.1,26.734,3.5401,-5.2492,30.396,48.708,38.453,20.02,20.508,12.207,-8.4231,-6.8361,19.288,54.445,92.288,98.636,-31.861,-2032.7,-1.587,-4.1505,-2.9298,-0.97659,-1.4649,-7.0803,-6.9582,-8.4231,-9.888,-9.2776,-6.592,-3.7843,-5.6154,-7.0803,-7.8127,-10.498,-7.0803,-7.4465,-8.9114,-11.963,-15.87,-16.48,-12.085,-7.5686,-7.5686,-11.475,-14.893,-13.306,-10.498,-3.4181,0.61037,-4.0284
-13.062,-8.6673,-2.5636,-1.0987,-5.2492,-7.6907,-6.2258,-6.7141,2.0753,2.5636,-7.0803,-8.9114,-0.24415,16.48,18.921,4.1505,-12.696,-16.968,-23.927,-58.718,-65.188,-28.932,-28.932,-35.524,-52.37,-84.597,-129.4,-107.79,-50.172,-22.095,14.283,129.03,207.4,-56.154,-0.73244,-0.73244,0.12207,-0.12207,-3.296,-3.0519,-2.3194,-5.005,-3.4181,-4.0284,-4.1505,-3.5401,-6.4699,-9.3997,-10.376,-12.207,-15.381,-20.02,-15.87,-11.719,-13.306,-17.701,-21.119,-20.264,-16.846,-15.137,-15.381,-18.433,-24.171,-24.537,-20.02,-15.503
-14.893,-16.968,-15.503,-14.039,-10.743,-7.6907,-6.592,-10.132,-16.48,-15.015,-8.6673,-1.709,4.7609,8.4231,4.5167,-9.6438,-24.049,-34.547,-33.815,-22.828,-16.236,-19.776,-40.651,-48.952,-55.788,-69.46,-69.826,-37.721,-18.189,-100.34,-75.076,-29.176,166.14,-8.179,-9.6438,-9.0335,-10.132,-10.987,-11.231,-7.5686,-8.301,-8.0569,-10.62,-7.5686,3.0519,2.3194,-2.9298,-1.9532,0.12207,11.841,23.927,30.519,36.012,35.157,33.937,35.524,36.622,37.233,37.111,32.594,27.833,21.607,18.067,17.335,14.527,6.2258
1.3428,5.4933,12.696,8.7893,0.36622,-6.4699,-9.0335,-11.109,-13.794,-17.335,-17.823,-19.41,-28.077,-31.251,-22.706,-22.584,-32.716,-41.505,-43.58,-38.453,-41.261,-31.373,-5.005,18.067,46.999,76.052,88.626,143.19,175.05,208.87,284.8,477.8,96.316,28.199,27.223,26.002,20.508,14.039,14.893,15.259,8.5452,1.2207,0.73244,0,-1.709,-3.7843,-4.2726,-3.6622,-7.3244,-10.62,-11.719,-12.574,-10.132,-8.301,-6.9582,-6.7141,-9.7659,-11.353,-10.254,-3.1739,5.6154,15.137,29.054,39.43,39.43,46.388
56.032,60.427,62.136,57.741,52.614,47.609,43.58,41.871,30.152,21.119,20.631,18.921,14.283,13.428,19.898,28.932,26.734,12.452,18.067,47.609,76.418,81.057,73.977,57.741,42.238,33.815,38.453,4.7609,-42.97,-150.27,107.3,67.385,4.3947,2.9298,2.1973,6.7141,10.01,7.5686,5.005,5.005,10.01,13.306,12.452,9.3997,8.9114,9.0335,9.5218,10.498,7.8127,9.6438,11.231,7.8127,3.7843,2.4415,0,2.4415,5.8596,9.0335,11.475,10.254,10.132,14.283,17.09,18.311,18.555,20.508
21.851,22.462,22.34,25.025,28.565,31.861,34.791,35.401,35.157,46.388,54.811,57.131,57.253,61.281,69.46,78.372,88.015,91.189,90.945,95.218,108.52,140.51,158.33,148.2,137.82,146.24,146.37,130.62,38.453,37.111,402.6,554.83,3.1739,3.6622,4.0284,3.1739,2.5636,3.0519,1.587,0.24415,0.36622,-0.85452,-2.6856,-2.4415,-2.1973,-3.296,-4.7609,-6.2258,-6.2258,-7.9348,-4.5167,-2.0753,-6.1037,-12.818,-14.405,-17.09,-19.898,-20.875,-21.851,-22.095,-23.56,-22.095,-22.34,-22.462,-18.677,-16.358
-14.527,-12.207,-9.7659,-6.592,-0.97659,-0.4883,-1.9532,3.5401,6.4699,10.376,11.353,7.5686,5.8596,6.7141,8.7893,20.264,41.383,58.84,64.943,81.545,100.22,109.99,126.83,128.42,108.89,91.556,67.141,10.865,-41.871,-27.345,-118.41,-233.53,1.587,0.36622,3.0519,4.2726,0.24415,-2.3194,-4.2726,-5.4933,-4.0284,-4.1505,-5.2492,-7.5686,-9.888,-10.498,-8.6673,-9.6438,-8.301,-5.7375,-3.4181,0.97659,6.2258,8.6673,6.7141,7.5686,12.94,12.94,9.0335,8.7893,9.5218,4.0284,1.587,3.296,3.4181,4.3947
7.0803,9.888,14.283,15.87,20.875,24.049,21.485,24.293,31.617,41.383,48.219,48.952,46.876,50.539,62.136,84.964,113.53,126.96,117.8,108.28,105.59,120.85,135.5,153.2,176.4,178.11,203.62,208.26,189.46,187.75,146.12,58.473,-248.42,57.009,-6.1037,-6.592,-6.8361,-8.301,-10.743,-10.132,-7.9348,-11.963,-16.48,-17.457,-18.067,-18.189,-18.189,-16.114,-16.846,-15.503,-14.039,-14.039,-11.963,-9.6438,-11.353,-12.574,-12.452,-12.94,-13.306,-15.381,-17.579,-18.189,-16.48,-11.231,-3.7843,-2.0753
-5.6154,-3.0519,1.0987,3.296,3.9064,4.6388,6.2258,7.4465,12.574,16.358,17.212,20.997,27.955,39.796,53.346,64.089,70.07,76.174,83.132,100.47,115.12,119.14,117.56,125.98,143.56,171.15,165.65,130.86,114.26,123.29,129.03,-32.838,-8.4231,-245.74,-0.24415,-0.12207,3.7843,3.296,-2.1973,-2.0753,-1.3428,-0.24415,2.0753,3.9064,4.6388,3.9064,4.2726,4.5167,3.6622,3.4181,2.3194,1.2207,0.73244,-1.3428,-4.3947,-5.6154,-4.883,-4.6388,-3.6622,-6.3478,-3.4181,1.9532,2.9298,-0.4883,-1.587,-2.4415
-0.85452,0.85452,0.61037,-2.5636,-5.8596,-5.3713,-6.3478,-8.4231,-9.1556,-10.62,-11.109,-9.6438,-8.301,-7.6907,-2.5636,12.696,26.246,22.95,23.927,48.952,81.668,95.34,92.41,95.34,118.41,151.25,179.45,210.09,240.61,280.77,257.45,195.07,284.43,286.14,-0.36622,2.3194,6.9582,8.0569,9.2776,11.597,11.353,13.672,14.283,13.184,13.428,14.771,15.503,16.602,13.306,12.94,18.189,19.532,11.963,9.888,8.6673,7.4465,7.5686,8.9114,8.9114,5.7375,5.1271,7.2024,6.2258,7.3244,10.254,11.719
13.306,13.794,16.114,17.701,16.846,18.921,27.955,28.809,23.072,22.95,23.682,19.044,10.743,10.01,13.306,19.898,32.838,52.858,81.057,112.31,133.06,137.94,138.55,150.4,148.44,149.05,186.28,181.65,173.47,198.49,155.4,-13.184,-274.79,25.636,-1.709,-4.7609,-5.4933,-4.7609,-3.0519,-2.6856,-3.6622,-6.4699,-5.3713,-4.0284,-6.1037,-7.2024,-5.9816,-6.3478,-6.592,-7.2024,-8.6673,-9.1556,-8.9114,-8.9114,-13.55,-14.527,-13.916,-12.329,-18.189,-23.927,-26.124,-25.636,-27.345,-29.908,-31.007,-28.809
-26.978,-26.002,-25.758,-27.833,-28.443,-26.368,-19.41,-14.405,-17.945,-20.142,-11.475,-5.7375,-10.254,-16.358,-20.02,-25.391,-40.162,-54.201,-62.746,-67.995,-78.494,-84.841,-80.203,-78.372,-71.047,-73.977,-82.4,-61.892,-12.818,38.453,106.2,177.5,310.56,875.15,193,-11.597,-11.353,-10.376,-10.498,-12.574,-13.306,-10.865,-12.329,-15.015,-14.527,-16.236,-18.189,-19.654,-21.241,-24.903,-27.467,-30.03,-35.524,-36.988,-41.871,-43.58,-42.848,-44.923,-47.731,-48.585,-46.51,-42.238,-37.111,-32.105,-30.03,-28.809
-25.513,-26.246,-32.105,-34.791,-37.233,-43.703,-46.022,-46.388,-51.271,-57.253,-58.351,-52.004,-40.284,-41.627,-48.341,-40.04,-27.223,-23.56,-34.669,-55.544,-69.826,-62.258,-52.858,-49.196,-45.289,-38.697,-31.251,-34.425,-48.219,-49.196,-43.336,-4.1505,9.2776,427.63,179.33,-15.137,-12.818,-15.015,-15.503,-14.649,-13.916,-13.428,-13.062,-12.818,-13.062,-13.062,-13.916,-15.748,-18.189,-12.452,-9.1556,-12.94,-18.311,-20.631,-23.194,-25.636,-26.124,-27.589,-30.763,-35.768,-37.599,-39.43,-43.703,-44.801,-46.754,-46.144
-44.679,-46.266,-46.266,-44.923,-42.482,-40.651,-46.754,-41.505,-29.42,-29.786,-43.214,-46.51,-44.435,-39.43,-35.524,-36.256,-48.708,-68.85,-83.499,-82.644,-87.161,-100.71,-120.61,-148.93,-162.72,-167.24,-168.46,-133.06,-93.142,-91.311,-109.74,-51.271,36.256,-80.569,163.09,-4.7609,-6.4699,-7.6907,-8.4231,-8.301,-7.5686,-8.9114,-10.498,-10.987,-11.963,-12.085,-12.207,-14.039,-12.574,-10.62,-8.5452,-13.306,-15.381,-16.48,-14.405,-12.94,-14.771,-15.503,-11.963,-7.8127,-5.6154,-10.743,-13.55,-8.7893,-6.2258,-4.6388
-4.7609,-0.36622,5.4933,6.7141,3.1739,-3.6622,-4.7609,-6.1037,1.3428,2.3194,-1.8311,-5.4933,-5.2492,-5.9816,-10.132,-23.072,-37.477,-43.092,-42.482,-50.539,-70.925,-107.3,-139.29,-142.58,-135.87,-113.41,-88.382,-73.733,-67.629,-70.925,-79.592,-76.052,-83.132,-321.42,-208.75,414.93,-382.21,-479.75,-310.31,240.12,662.01,498.55,455.7,452.04,416.52,389.66,351.7,157.84,-59.328,-162.6,-201.79,-223.03,-227.3,-209.6,-184.7,-168.71,-183.48,-203.99,280.16,321.18,-29.176,96.683,237.31,219.98,111.21,114.87
193.49,14.893,22.34,28.321,24.415,17.212,14.649,16.846,22.34,27.833,30.396,31.739,35.157,37.843,41.627,48.219,50.661,49.196,44.923,32.594,19.776,7.2024,-3.7843,-14.161,-13.55,-34.669,-65.065,-80.691,-95.34,-89.602,-100.71,-100.59,-112.67,-341.93,-5.4933,-5.005,-3.296,-2.5636,-0.97659,0.24415,0.85452,0.85452,0.97659,3.1739,4.2726,0.97659,6.8361,7.6907,2.4415,1.709,2.1973,4.6388,5.9816,6.4699,7.4465,8.179,9.6438,14.039,16.48,18.311,20.753,24.415,29.908,35.279,38.331,41.749
45.534,47.243,48.097,50.05,55.666,60.915,62.868,73.611,78.249,75.442,73.244,74.465,76.174,76.785,74.709,70.559,67.263,62.99,61.525,46.266,20.997,13.916,15.625,11.353,5.3713,2.6856,-24.293,-57.985,-77.151,-118.66,-176.76,-226.08,-245.61,-413.34,-0.12207,-1.3428,-1.3428,-1.2207,0.12207,-8.0569,-5.3713,-0.97659,-2.8077,-8.301,-12.574,-12.818,-11.963,-10.62,-10.01,-10.01,-8.4231,-8.301,-8.9114,-7.2024,-5.1271,-4.1505,-3.5401,-2.5636,-0.97659,2.3194,6.1037,8.9114,11.109,13.55,16.358,18.799
21.241,24.903,21.973,25.025,35.89,40.895,39.796,41.139,47.243,54.933,60.305,62.014,61.525,66.897,71.169,76.662,75.564,67.873,63.112,52.98,36.256,30.274,30.885,19.532,12.818,15.992,16.236,1.8311,-32.105,-91.922,-131.11,-164.43,-222.54,-755.76,-8.9114,-9.3997,-9.3997,-7.9348,-6.8361,-5.9816,-5.8596,-3.296,-1.4649,2.5636,-2.4415,1.0987,6.7141,4.3947,3.0519,2.6856,3.4181,3.1739,1.9532,0,0.61037,-1.9532,0.12207,3.0519,1.587,1.709,3.4181,5.8596,10.743,13.672,17.212,20.997
24.049,27.711,30.641,34.303,37.965,37.111,33.57,40.773,41.993,41.505,38.942,35.524,35.768,39.918,43.703,47.487,51.393,44.435,32.105,32.105,37.111,33.937,42.848,51.271,51.759,41.261,5.1271,-48.341,-108.77,-158.94,-142.58,-89.358,-604.02,-51.393,-5.9816,-3.7843,-3.0519,-1.9532,-2.3194,-3.6622,-3.296,-2.1973,-4.0284,-3.0519,-2.3194,-3.1739,-3.7843,-3.4181,-2.0753,-7.9348,-5.2492,-1.8311,0,-4.1505,-8.9114,-9.888,-9.6438,-8.9114,-11.841,-12.574,-11.963,-10.743,-14.039,-11.719,-7.4465,-4.6388
0.12207,5.6154,10.254,15.87,19.898,25.147,31.373,37.721,43.214,46.999,52.98,52.126,53.102,55.788,57.985,53.957,39.308,27.833,20.997,15.625,10.254,8.0569,18.067,26.612,27.589,22.462,-1.2207,-48.341,-99.612,-178.96,-193.85,-63.601,91.067,165.65,-7.9348,-6.9582,-6.2258,-5.7375,-12.574,-4.6388,-1.2207,-3.9064,-8.4231,-8.9114,-5.9816,-3.6622,-2.4415,-3.5401,-3.9064,-2.3194,-1.2207,-1.709,-0.24415,-1.587,-1.709,0.4883,0.61037,0.85452,0.73244,0.85452,4.1505,7.8127,7.9348,8.0569,10.62,14.405
10.376,11.231,16.846,23.438,22.584,22.462,29.542,37.477,43.703,44.801,43.703,48.83,58.473,65.676,70.559,66.408,62.502,55.666,42.36,32.96,28.321,26.368,27.711,31.983,31.007,34.791,39.918,23.316,-25.147,-94.241,-160.53,-99.979,-141.36,-604.27,-5.1271,-5.7375,-5.3713,-7.0803,-7.9348,-12.452,-9.2776,-2.8077,-3.9064,-7.5686,-6.7141,-5.1271,-4.5167,-4.6388,-5.2492,-7.0803,-5.9816,-3.9064,-3.5401,-4.2726,-2.4415,-4.3947,-4.0284,-3.9064,-5.005,-4.1505,-4.883,-4.6388,-4.7609,-3.9064,-0.97659,2.0753
4.2726,6.7141,9.2776,14.527,18.799,24.293,26.246,33.448,44.069,47.853,48.83,54.079,62.502,70.315,71.78,70.437,65.065,66.774,71.657,70.681,67.751,64.577,61.159,56.276,56.398,59.084,54.201,42.848,6.3478,-89.724,-169.68,-120.49,-49.684,-619.89,0,-2.6856,-1.0987,-1.2207,-0.85452,-0.24415,1.0987,2.4415,2.5636,0.97659,0.61037,0.36622,-1.587,-4.2726,-4.3947,-3.296,-1.8311,-4.0284,-6.7141,-0.4883,-0.12207,-3.5401,-8.7893,-9.2776,-6.1037,-2.8077,-3.6622,-6.7141,-7.6907,-5.3713,-1.8311,-0.85452
1.8311,1.3428,3.296,4.3947,6.2258,8.6673,12.085,16.48,20.631,22.095,23.194,23.804,22.95,19.776,17.457,16.602,21.363,18.189,9.0335,-0.4883,-7.0803,-13.916,-7.5686,3.6622,19.166,34.181,31.007,10.254,-47.121,-144.41,-269.78,-326.91,-61.037,277.47,-8.6673,-8.6673,-9.1556,-7.3244,-8.9114,-8.7893,-7.0803,-8.9114,-6.592,-5.6154,-6.9582,-6.7141,-5.9816,-4.7609,-3.9064,-3.296,-2.3194,-0.97659,1.587,4.883,6.1037,-0.12207,2.6856,10.254,11.597,7.2024,3.296,2.1973,3.0519,2.4415,0.61037,26.49
29.42,30.885,31.617,30.274,28.321,29.176,31.007,35.524,42.726,43.214,38.942,36.378,33.815,33.937,32.105,32.716,33.815,26.002,16.846,10.865,4.883,1.587,0.12207,9.6438,27.223,38.575,45.289,39.918,-2.8077,-61.892,-81.912,-72.39,-3.0519,38.331,-2.3194,-2.0753,-3.296,-5.2492,-5.9816,-4.7609,-2.5636,-6.592,-3.9064,-1.3428,-1.8311,-4.6388,-6.3478,-5.6154,-3.296,-1.8311,-2.1973,-2.9298,-0.97659,-0.61037,0.24415,2.1973,-1.587,-3.296,-0.36622,4.883,11.719,17.823,22.706,25.636,27.467,28.932
30.396,32.105,34.669,32.35,35.035,32.472,26.856,20.997,16.846,18.555,18.799,18.433,18.311,20.142,24.293,27.345,28.077,22.95,22.462,35.89,48.708,56.764,67.507,68.728,71.047,77.761,83.01,73.244,32.594,-54.689,-181.16,-80.935,-9.7659,415.54,-1.587,-0.61037,-3.0519,-1.2207,-1.2207,-2.0753,-0.73244,0.97659,2.0753,2.8077,3.4181,3.0519,2.0753,3.9064,0.85452,-2.9298,0.61037,1.0987,0.24415,-5.2492,-6.7141,-4.1505,-0.36622,-0.36622,-0.36622,0.73244,2.9298,2.8077,9.888,15.015,15.503,18.189
19.898,18.921,17.09,15.137,15.381,18.921,21.485,18.555,14.649,12.452,13.55,10.743,17.09,30.519,45.656,51.393,49.318,34.059,37.111,51.515,56.52,61.647,70.925,88.504,103.89,114.26,111.45,70.803,-6.592,-120.24,-122.07,-58.107,81.668,1147.1,-1.587,-1.3428,-8.301,-1.587,0.12207,0.36622,-3.0519,-5.2492,-4.0284,-1.9532,-1.4649,-1.709,-2.1973,-0.97659,1.709,1.709,4.883,5.4933,5.9816,5.1271,3.6622,-0.24415,-2.4415,-4.3947,-7.0803,-8.5452,-9.6438,-7.3244,-1.4649,4.2726,9.6438,14.771
13.794,18.677,25.513,27.467,26.368,20.386,15.748,12.452,5.4933,-3.4181,-10.376,-12.329,-8.5452,-7.5686,-1.0987,12.085,25.513,47.487,64.455,70.07,74.343,79.958,76.54,89.724,95.218,95.828,104.25,110.6,84.231,9.6438,-126.96,-142.83,196.05,1441,0.85452,1.3428,-1.3428,-1.0987,-0.4883,-0.85452,1.0987,1.2207,-2.5636,-5.7375,-8.6673,-6.2258,-4.1505,-4.5167,-3.1739,-1.9532,-2.4415,2.3194,6.1037,5.4933,0.61037,-1.3428,-1.3428,-0.97659,1.0987,-1.3428,0.12207,8.301,10.254,5.8596,6.2258,10.62
12.818,10.498,6.3478,3.1739,3.0519,1.2207,1.709,0.24415,-0.61037,2.4415,3.7843,5.7375,6.592,6.592,7.9348,7.4465,6.7141,10.132,11.353,11.231,5.7375,2.3194,2.1973,5.4933,5.2492,-5.1271,-16.724,-22.095,-41.383,-47.243,-34.059,16.48,54.201,-5.3713,-2.0753,-4.2726,-1.2207,1.587,1.3428,0.4883,0.73244,3.6622,3.4181,7.2024,8.179,8.4231,8.179,8.301,7.8127,6.7141,5.2492,5.8596,6.4699,7.8127,8.6673,7.2024,7.0803,2.6856,8.4231,10.743,8.7893,6.2258,6.7141,9.1556,10.01,10.865
12.329,14.527,13.916,12.329,11.597,11.109,10.498,11.597,11.597,12.329,12.452,12.452,15.503,18.067,16.602,13.55,11.719,5.005,-4.5167,-0.61037,4.6388,5.8596,5.005,8.0569,16.48,19.654,21.119,8.0569,-23.56,-78.616,-130.01,-37.355,-31.007,-32.716,5.3713,5.4933,6.1037,4.2726,4.5167,3.7843,1.8311,1.9532,2.5636,3.5401,3.7843,5.9816,7.8127,7.9348,6.4699,4.1505,4.0284,3.7843,5.1271,2.5636,5.005,7.5686,6.2258,-0.73244,-0.24415,4.1505,6.2258,6.2258,6.1037,5.7375,6.1037,9.0335
7.2024,7.3244,6.1037,3.1739,3.1739,3.4181,4.6388,3.5401,2.5636,3.6622,3.7843,5.1271,5.8596,3.4181,-0.97659,-3.9064,-1.709,-3.1739,3.6622,9.3997,8.6673,7.2024,12.207,19.654,26.368,27.589,25.758,9.888,-25.758,-9.0335,13.916,32.472,12.207,75.686,12.207,1.587,-5.2492,-5.8596,-3.0519,2.8077,1.9532,0.61037,2.0753,5.9816,3.7843,2.1973,2.6856,2.0753,3.5401,7.9348,11.353,10.132,9.6438,11.353,15.137,12.085,7.9348,10.498,13.184,15.137,14.161,13.55,10.132,5.9816,4.0284,7.2024
9.6438,13.184,13.916,9.5218,22.706,20.753,16.358,12.452,11.719,13.672,15.381,14.649,9.7659,7.6907,8.6673,8.5452,12.207,10.254,4.5167,5.4933,7.3244,9.888,11.719,16.48,21.729,12.452,-13.184,-46.999,-75.686,-32.716,-22.34,13.672,118.53,77.639,-4.7609,-2.8077,-1.0987,-0.12207,-0.36622,-0.36622,-0.12207,-0.73244,0.73244,-5.4933,-0.24415,2.0753,2.5636,-1.587,-1.2207,2.3194,3.9064,5.005,5.2492,4.883,5.8596,8.5452,9.0335,11.597,12.207,11.109,11.109,12.085,13.306,14.405,14.405,16.602
19.044,19.898,20.997,21.363,22.462,22.584,25.513,21.241,23.927,27.589,27.223,19.41,17.579,17.945,15.381,14.039,13.184,12.329,11.109,8.7893,2.1973,-0.36622,-1.9532,-2.5636,-7.3244,-12.085,-18.189,-30.396,-40.773,-52.858,-27.955,38.331,85.208,26.856,3.6622,7.5686,6.3478,0.61037,-2.4415,-1.587,-1.587,-2.0753,-1.8311,-1.0987,-0.12207,1.587,1.2207,2.8077,4.1505,5.7375,7.4465,6.9582,6.1037,5.6154,7.5686,9.5218,10.254,10.132,9.888,10.254,10.987,11.719,15.137,12.085,12.696,18.799
18.799,15.625,13.062,15.748,20.997,22.34,22.706,22.34,23.682,23.316,18.921,21.607,21.973,19.166,17.09,18.311,19.166,20.264,22.706,22.462,18.799,15.381,13.55,12.085,10.865,4.5167,2.3194,-3.7843,-16.968,-25.025,-28.932,18.921,86.55,16.968,15.381,15.87,16.48,16.48,16.846,12.818,12.818,10.865,10.498,12.696,13.306,12.574,9.7659,8.9114,8.4231,7.3244,6.4699,5.7375,5.4933,5.1271,6.2258,5.9816,5.8596,5.005,5.2492,8.5452,9.0335,7.0803,5.4933,7.9348,10.132,8.0569
4.6388,1.8311,3.296,8.4231,12.94,12.452,16.846,14.771,11.353,11.597,12.329,12.207,9.6438,8.0569,7.5686,5.1271,2.6856,1.3428,-2.1973,-3.7843,-4.7609,-6.3478,-4.1505,0.36622,-3.296,-8.5452,-18.433,-29.054,-31.007,-7.8127,40.773,84.841,10.132,9.7659,7.2024,4.5167,1.0987,-1.8311,-2.1973,-3.7843,-5.2492,-1.587,0.97659,1.4649,1.709,4.2726,6.4699,5.8596,4.3947,3.296,2.1973,0.36622,-7.9348,-3.6622,-2.3194,-1.3428,-2.9298,-0.61037,1.587,2.1973,2.6856,3.7843,3.6622,2.0753,2.0753,4.1505
5.8596,5.8596,7.6907,7.0803,6.3478,6.592,8.4231,10.743,12.696,11.841,10.62,11.597,12.574,13.062,15.992,19.532,19.288,12.94,7.6907,6.1037,5.005,8.0569,11.231,11.719,9.5218,0.61037,-18.555,-25.513,-26.002,-11.109,29.664,69.582,13.184,7.5686,13.428,14.893,16.968,10.498,4.1505,3.5401,7.4465,9.3997,8.5452,7.2024,9.2776,13.306,12.329,16.846,18.555,15.748,16.846,18.921,21.729,23.804,23.804,22.828,21.363,21.241,21.485,20.997,21.363,22.095,18.189,22.706,23.438,25.88
21.119,20.753,23.682,27.223,29.542,27.833,25.758,28.687,27.1,26.002,27.467,25.269,23.194,21.119,17.579,16.236,14.405,9.5218,5.3713,6.592,9.6438,13.306,13.916,12.696,16.602,13.306,-7.3244,-20.386,-10.62,8.0569,41.993,-6.1037,-21.485,-21.729,-21.485,-20.997,-20.508,-18.921,-17.212,-15.503,-12.574,-9.7659,-9.0335,-8.9114,-5.8596,-3.5401,-5.005,-4.3947,-2.5636,-1.0987,0.4883,1.3428,0.73244,-0.12207,1.2207,2.5636,1.3428,0,0.12207,0.4883,1.587,0.36622,-0.36622,-1.4649,-0.97659,0.24415
-0.61037,-3.0519,-3.296,-4.7609,-5.8596,-7.5686,-8.301,-9.7659,-12.085,-15.992,-18.921,-19.776,-18.067,-14.771,-12.452,-14.161,-18.067,-17.579,-10.254,-14.039,-8.5452,-5.1271,-19.166,-31.007,-54.445,-4.3947,34.913,46.632,117.44,310.8,904.08,629.41,-3.9064,-5.005,-3.7843,-1.9532,-1.709,-5.1271,-4.883,-2.3194,-1.4649,-1.587,-2.0753,-2.5636,-0.36622,0.61037,-1.8311,-4.7609,-6.592,-5.3713,-4.0284,-3.6622,-2.5636,-1.0987,-0.61037,-1.3428,-2.1973,-3.7843,-3.7843,-6.2258,-11.597,-13.062,-10.865,-7.4465,-3.296,-4.1505
-6.1037,-10.254,-10.987,-10.01,-2.0753,-5.8596,-16.48,-20.997,-15.259,-7.2024,-1.9532,-8.6673,-4.2726,1.4649,3.4181,8.179,11.353,3.7843,2.6856,-9.1556,17.823,85.208,110.11,107.91,157.11,186.04,25.513,24.171,177.86,216.44,55.788,322.03,6.3478,5.2492,4.883,7.2024,8.9114,6.9582,6.592,6.7141,7.3244,7.4465,8.0569,8.9114,6.9582,5.6154,5.7375,7.5686,8.301,8.301,9.5218,13.55,15.992,15.87,16.236,18.799,20.875,20.875,20.997,22.828,26.124,26.856,28.932,30.274,32.35,33.326
31.861,28.809,31.251,39.43,43.214,45.045,47.853,47.853,48.219,48.952,47.731,46.632,51.271,54.323,52.126,45.045,43.458,48.708,47.243,33.326,24.293,25.269,34.059,43.947,91.067,159.55,9.888,-52.614,2.3194,57.741,281.99,495.5,-2.9298,-2.5636,-3.1739,-1.8311,0.12207,2.9298,4.2726,2.0753,1.587,2.0753,2.5636,1.8311,1.3428,2.4415,7.3244,8.6673,7.8127,6.4699,6.592,8.7893,11.719,15.381,15.748,15.625,17.335,19.776,20.386,20.02,19.044,20.997,23.682,25.147,25.758,26.612
27.1,28.077,31.739,33.937,36.5,37.965,38.331,40.284,41.139,39.796,43.703,45.534,44.801,41.261,40.529,45.412,51.149,57.009,62.746,67.263,69.216,66.652,61.159,58.473,134.89,59.45,-34.303,-88.382,-174.08,106.69,599.38,803.98,1.4649,1.4649,1.709,5.4933,4.7609,3.7843,4.5167,5.005,4.2726,3.7843,4.2726,3.9064,4.5167,6.4699,7.6907,8.4231,10.01,9.7659,9.7659,10.498,13.306,15.015,14.283,14.893,16.602,19.166,21.119,20.508,22.584,24.537,27.467,30.274,31.129,32.716
34.425,39.552,46.876,52.37,52.98,46.632,43.458,43.336,45.412,42.482,40.407,37.477,32.716,29.542,33.57,45.656,57.619,69.826,106.81,131.6,149.17,146.73,119.51,100.59,88.504,145.76,-30.763,-130.25,-19.532,-58.351,-97.537,429.94,0.97659,4.5167,5.9816,5.9816,5.1271,5.2492,6.2258,8.0569,10.01,13.184,13.794,13.306,13.672,14.649,15.748,16.48,18.433,19.776,19.41,18.433,18.067,19.532,20.386,18.433,17.335,17.823,20.264,21.119,20.875,22.095,26.246,31.129,33.448,31.861
32.105,35.401,40.773,44.435,44.679,43.58,42.97,42.36,39.43,39.674,44.557,51.515,56.154,57.131,54.201,51.271,51.149,72.024,91.922,102.42,89.236,66.408,37.477,9.5218,41.139,49.074,-24.293,-167.97,39.796,355.48,520.65,243.29,-5.3713,-6.9582,-6.2258,-5.1271,-5.1271,-6.1037,-6.8361,-5.2492,-3.5401,-4.1505,-4.5167,-2.8077,-2.5636,-3.0519,-0.73244,1.2207,2.5636,5.3713,8.4231,10.01,11.597,13.306,15.87,19.044,20.508,20.997,22.34,24.415,25.025,27.955,31.373,33.692,35.035,34.547
34.181,35.646,41.139,44.191,44.679,46.266,46.51,41.261,39.674,42.726,47.243,46.144,41.017,43.947,41.261,36.378,34.791,46.999,54.323,68.239,77.761,75.076,53.713,32.594,56.642,85.086,19.898,-53.957,-236.95,60.671,231.21,638.45,0.61037,1.587,0.97659,1.3428,2.1973,1.4649,2.6856,2.8077,3.296,3.9064,3.4181,2.4415,3.0519,5.3713,5.8596,5.2492,8.5452,10.01,11.475,11.353,11.231,10.987,13.428,15.259,16.724,17.823,18.311,21.729,22.462,23.072,22.217,23.438,26.246,28.932
32.228,35.279,36.134,36.5,38.453,40.773,41.261,36.134,34.181,41.993,53.591,58.84,53.102,45.045,49.44,62.99,80.447,113.53,152.1,173.35,174.2,150.4,117.56,76.418,-25.391,-113.04,-131.47,-62.746,42.604,330.7,408.22,524.43,-5.9816,-4.6388,-3.296,-3.1739,-3.4181,-4.2726,-3.6622,-2.8077,-3.296,-2.5636,-3.296,-2.1973,-2.1973,-3.1739,-3.9064,-2.4415,-1.587,1.3428,3.0519,2.9298,4.7609,7.4465,7.8127,7.9348,9.888,10.62,10.132,12.329,14.283,14.649,16.602,17.823,18.189,19.532
19.898,22.095,21.973,22.34,21.729,21.851,23.56,19.288,19.166,19.288,20.142,26.002,27.467,31.983,42.726,56.887,63.601,67.507,71.657,95.828,107.67,87.893,61.037,46.022,41.017,69.094,92.898,-91.311,-58.107,306.89,24.903,90.091,-3.0519,-4.1505,-5.7375,-4.1505,-4.1505,-3.4181,-1.9532,-1.9532,-4.1505,-4.2726,-4.1505,-4.1505,-2.6856,-0.97659,-0.4883,1.709,2.6856,3.0519,3.5401,2.3194,3.296,4.6388,6.9582,7.4465,8.4231,7.6907,9.1556,10.01,9.0335,9.1556,10.376,8.7893,7.0803,7.2024
6.592,6.3478,4.0284,1.8311,2.3194,7.9348,12.696,11.353,3.6622,5.1271,10.132,8.7893,6.9582,15.381,24.659,46.51,68.972,71.902,92.776,110.97,94.607,50.783,24.537,43.58,104.5,54.689,-216.07,-332.9,98.148,234.14,224.74,267.95,6.2258,9.0335,11.475,5.2492,3.296,-2.3194,-2.5636,-2.4415,-2.6856,-0.97659,0.24415,4.0284,10.498,14.405,14.161,14.771,16.602,18.555,21.973,22.828,20.631,15.748,12.94,8.6673,7.3244,5.005,6.7141,9.5218,10.132,12.085,15.625,17.579,16.114,17.09
16.724,16.846,18.067,17.09,21.119,28.199,37.721,49.806,58.229,48.341,42.238,55.177,68.484,71.657,68.85,43.092,42.97,48.097,32.228,21.607,76.907,111.45,100.59,130.38,73.489,-100.1,-285.78,147.71,212.78,-52.126,-226.45,84.475,214.24,213.26,216.8,-21.363,-84.964,67.141,15.137,-22.34,10.743,53.102,98.392,169.56,136.97,-3.5401,-50.783,-8.0569,-8.7893,-32.35,-138.8,-166.51,-90.823,-108.77,-96.194,-41.017,-19.654,-7.2024,2.0753,8.4231,14.527,41.871,49.074,45.534,34.791,2.5636
8.7893,10.498,12.696,17.212,20.875,18.677,13.672,15.748,36.5,55.177,46.388,32.716,31.007,24.659,-13.184,-49.318,-57.009,-45.778,-30.396,-9.1556,11.719,4.3947,18.433,63.234,71.047,-2.5636,-67.629,-73.366,-41.261,9.888,39.43,-15.015,-3.5401,-11.475,-16.114,-18.433,-19.654,-17.701,-13.55,-9.7659,-9.5218,-12.329,-13.916,-11.109,-8.7893,-10.498,-9.5218,-5.1271,-2.3194,-0.12207,1.709,0.24415,-2.6856,-4.5167,-6.1037,-6.8361,-6.9582,-6.7141,-5.8596,-4.1505,-4.3947,-6.2258,-7.0803,-4.3947,-1.587,-1.9532
-4.883,-7.4465,-4.6388,1.2207,6.3478,10.132,14.039,14.527,7.3244,-4.6388,-7.6907,4.0284,8.0569,2.5636,-0.97659,5.3713,16.236,26.368,37.111,0,-23.56,-0.61037,28.443,50.295,42.238,-11.109,-16.236,23.194,19.044,0.85452,7.3244,-66.408,2.1973,3.0519,3.9064,4.5167,3.6622,1.709,-1.0987,-4.883,-1.3428,-0.61037,-7.0803,-5.3713,-3.296,-0.85452,1.2207,-3.4181,-9.3997,-2.5636,15.137,34.669,54.079,62.258,56.032,52.004,63.478,73.489,81.912,73.977,58.596,51.759,48.585,48.708,63.112,93.997
125.49,111.33,108.65,116.09,101.2,83.987,80.203,69.704,52.004,33.57,16.236,-3.7843,-27.589,-34.669,-22.95,-3.9064,13.794,15.015,-6.8361,-32.228,-35.157,-9.7659,-2.5636,-4.5167,8.179,14.649,3.6622,-25.636,-41.749,-42.97,-37.111,-8.301,-12.207,-6.7141,-7.8127,-13.794,-16.236,-14.283,-13.428,-12.207,-11.475,-10.498,-9.0335,-8.0569,-6.8361,-5.4933,-3.0519,-1.2207,-0.97659,-1.2207,-1.8311,-1.2207,-0.85452,-1.4649,-2.1973,-1.8311,3.9064,7.4465,7.5686,6.9582,9.0335,9.0335,7.2024,4.883,1.9532,1.4649
4.883,11.719,17.212,15.87,7.6907,0.12207,-1.3428,1.4649,12.696,31.983,52.614,61.892,39.674,-10.01,-32.105,-19.898,-9.1556,-15.625,-25.636,-31.129,-45.167,-67.385,-77.761,-67.141,-38.697,-4.2726,16.48,-41.017,-131.72,-66.164,31.861,81.912,62.868,22.095,-27.711,-47.121,-29.176,0.97659,31.861,50.172,54.567,58.718,60.183,50.295,67.629,82.888,78.86,74.221,57.741,21.119,-15.87,-35.279,-36.256,-20.875,11.231,32.35,15.748,-27.711,-67.385,-90.091,-99.734,-99.612,-95.828,-85.818,-71.657,-50.05
-34.181,-29.42,-29.542,-32.716,-21.485,-0.85452,17.701,20.508,5.005,-37.599,-58.962,-53.957,-43.092,-12.94,40.284,83.377,82.4,67.263,64.089,66.897,61.769,28.565,-12.452,-20.875,2.0753,-4.7609,-8.7893,-9.2776,-11.963,-15.625,-15.015,-13.306,-16.968,-24.049,-28.932,-30.274,-31.251,-31.251,-28.565,-27.711,-30.152,-35.035,-37.843,-36.866,-36.5,-38.331,-40.773,-40.162,-38.575,-38.942,-38.697,-38.942,-40.04,-42.36,-43.458,-42.36,-39.308,-37.721,-38.575,-39.918,-38.697,-34.303,-32.594,-33.815,-33.815,-30.152
-23.682,-14.527,-12.94,-23.56,-37.233,-42.604,-39.796,-33.692,-29.176,-28.565,-26.978,-24.903,-22.706,-26.856,-47.609,-44.923,-20.997,-7.0803,-2.9298,-1.9532,17.579,60.06,60.427,54.567,-16.602,-21.973,-22.584,-17.457,-8.179,-13.794,-19.776,-19.898,-13.672,-3.296,-9.6438,-26.368,-34.791,-25.391,1.9532,30.152,42.238,33.692,26.856,41.627,70.07,73.977,54.445,32.838,32.472,42.97,34.303,25.88,23.927,26.246,22.217,34.913,73.244,87.283,52.492,8.5452,12.329,46.266,68.484,83.865,96.316,92.044
73.244,37.599,-2.4415,-19.044,-15.137,-20.753,-32.716,-40.895,-41.505,-33.937,-11.353,12.696,27.955,45.289,49.928,37.355,7.4465,-28.932,-33.815,-31.739,-62.502,-68.972,-25.758,48.341,-9.2776,-6.2258,-0.36622,2.9298,0.36622,-6.1037,-9.1556,-8.179,-4.5167,-2.3194,-3.9064,-7.9348,-10.254,-9.5218,-8.301,-8.301,-8.6673,-7.4465,-3.4181,-1.709,-11.841,-24.415,-23.316,-14.283,-6.2258,0.85452,1.4649,-5.9816,-12.818,-14.527,-14.039,-12.818,-8.9114,-2.5636,-0.36622,-7.0803,-16.724,-23.56,-27.833,-32.594,-31.129,-25.147
-23.804,-26.612,-28.565,-29.054,-28.077,-22.462,-11.719,-6.592,-12.329,-15.503,-4.2726,17.212,-0.85452,-50.417,-53.835,-58.718,-73,-61.647,-108.89,-152.96,-48.952,-19.166,16.236,-99.124,-131.96,-98.148,-55.3,-19.532,-3.5401,4.883,9.0335,3.0519,-8.7893,-18.555,-21.729,-20.997,-15.625,-8.5452,-5.3713,-3.296,5.4933,14.283,12.085,6.592,7.6907,10.987,10.376,8.7893,7.3244,4.5167,1.9532,1.709,-0.4883,-5.005,-12.452,-25.269,-40.407,-47.365,-40.284,-35.035,-31.373,-22.217,-17.701,-19.898,-22.095,-25.758
-34.181,-30.03,-19.776,-17.823,-22.95,-20.631,-14.161,-10.01,-13.916,-35.279,-49.318,-51.393,-60.671,-76.662,-79.958,-48.83,-25.025,-34.059,-91.311,-110.72,33.448,139.9,34.303,-16.602,-15.015,-12.452,-12.574,-16.968,-22.706,-24.659,-19.654,-10.987,-5.005,-7.2024,-14.527,-22.095,-27.833,-30.152,-27.711,-25.147,-23.316,-18.311,-18.433,-24.171,-24.415,-20.997,-20.02,-19.776,-17.579,-14.771,-11.475,-7.9348,-3.296,2.0753,4.883,4.0284,-0.4883,-5.2492,-7.0803,-7.8127,-8.179,-8.7893,-12.085,-10.743,-7.6907,-9.5218
-13.916,-15.259,-15.992,-21.363,-29.054,-42.726,-57.009,-55.91,-37.965,-27.1,-24.659,-17.701,-20.508,-40.04,-70.437,-69.094,-35.89,-21.241,-31.373,-19.532,-8.301,-46.51,-96.194,-129.4,-14.161,-8.0569,-12.818,-16.724,-5.2492,10.498,28.687,41.505,46.876,42.116,40.773,44.313,40.284,28.565,24.171,44.069,69.338,67.751,28.932,-10.376,-51.149,-91.189,-110.72,-83.987,-8.301,83.743,125.86,105.96,37.355,23.316,97.659,155.89,150.76,89.48,3.1739,-68.484,-102.42,-109.99,-94.607,-88.26,-109.5,-133.55
-131.23,-95.706,-31.739,34.913,50.172,21.241,-1.2207,8.6673,59.694,91.8,83.865,60.427,27.223,-1.9532,-29.298,-27.955,-7.4465,-3.4181,12.329,52.37,116.21,200.08,292.86,304.21,68.117,69.704,78.372,83.743,81.545,65.676,26.368,-17.945,-32.105,-35.279,-42.482,-46.266,-39.796,-17.212,20.02,55.91,73.366,52.736,12.452,-28.687,-51.393,-49.928,-41.627,-38.697,-43.825,-47.975,-35.035,-6.4699,27.589,45.045,42.848,32.35,22.828,26.856,34.425,32.35,21.729,14.771,15.87,18.311,20.631,26.49
28.321,20.875,-0.4883,-33.57,-47.365,-3.4181,66.897,71.535,30.03,8.7893,15.992,47.975,74.709,61.281,34.669,36.744,1.4649,-46.388,-27.833,89.969,192.51,140.14,35.646,-192.51,-66.164,-56.032,-26.124,12.452,43.458,52.126,42.36,25.269,7.5686,-1.9532,-1.8311,2.3194,2.8077,4.1505,7.2024,7.4465,10.865,11.719,7.5686,4.7609,4.2726,0.24415,-4.0284,-2.6856,0.12207,-2.6856,-10.498,-12.94,-9.2776,-5.7375,-6.592,-8.5452,-1.2207,0.97659,-6.9582,-9.2776,-11.475,-14.405,-13.55,-13.916,-18.799,-20.753
-12.574,-12.085,-19.898,-19.288,-10.01,-2.4415,1.2207,6.4699,10.376,0.24415,-4.1505,-6.592,-4.2726,5.4933,12.574,15.259,10.01,-5.005,-10.376,-4.2726,-4.883,-31.373,-56.032,-61.892,-16.48,22.95,23.194,9.0335,-5.8596,-10.865,-8.179,-8.4231,-17.823,-26.246,-25.391,-13.916,0.24415,6.4699,12.94,14.527,19.532,31.739,50.905,65.432,65.798,54.323,46.999,30.763,3.296,-16.236,-10.376,19.044,62.624,65.432,42.604,36.622,29.786,25.269,30.763,33.082,23.072,12.207,0.97659,-10.01,-8.301,-4.883
-2.8077,5.4933,17.457,11.963,-18.433,-47.975,-39.918,-30.396,-9.7659,39.064,71.047,63.601,59.572,69.46,69.826,57.741,31.251,6.592,-12.574,-20.142,-4.0284,28.565,62.38,103.89,23.316,18.433,14.405,6.8361,1.3428,2.5636,2.9298,0.12207,7.3244,25.636,39.796,51.515,57.741,54.933,32.96,-3.7843,-31.129,-35.279,-29.542,-25.269,-21.485,-21.973,-23.438,-20.386,-14.527,-15.137,-23.56,-25.025,-23.072,-27.223,-26.978,-18.433,-19.166,-32.716,-35.524,-26.49,-12.207,-2.0753,-15.137,-40.895,-50.539,-36.744
-15.137,-6.4699,-15.625,-14.527,-4.7609,-1.4649,-1.8311,-3.6622,-8.301,-17.09,-29.054,-34.181,-13.184,42.604,32.716,2.6856,-4.5167,-0.12207,-18.799,-22.217,17.579,32.594,16.846,49.806,-9.5218,-11.475,-12.329,-11.353,-10.743,-9.3997,-4.3947,0.97659,-2.3194,-11.475,-19.532,-18.311,-12.818,-16.602,-22.462,-18.311,-11.719,-9.3997,-11.597,-15.87,-14.283,-10.987,-8.4231,-5.7375,-4.883,-9.3997,-14.893,-12.94,-10.132,-13.428,-10.498,-4.2726,-3.5401,-3.7843,-5.6154,-7.6907,-3.296,1.3428,-0.85452,-3.0519,-5.6154,-9.888
-5.4933,7.3244,17.335,17.823,5.1271,-11.841,-14.039,1.0987,14.405,20.264,18.067,5.3713,-9.6438,5.7375,29.298,58.473,97.171,23.56,-39.674,-29.176,-22.828,-62.014,10.132,209.72,-75.32,-50.417,-29.298,-28.809,-37.965,-38.575,-25.025,-5.8596,0.85452,-6.592,-11.475,-8.9114,-8.179,-7.4465,3.7843,9.5218,2.6856,-1.8311,1.9532,5.6154,2.6856,-0.12207,9.1556,10.498,7.0803,5.1271,3.6622,-3.296,-14.161,-14.039,-7.8127,-6.8361,-8.7893,-10.254,-6.8361,-4.3947,-0.12207,9.1556,17.212,5.1271,-24.903,-52.126
-62.258,-59.084,-53.957,-56.032,-61.892,-66.042,-47.731,-18.677,-0.73244,-14.527,-86.306,-140.26,-81.668,-77.395,-135.5,-157.84,-112.67,-33.815,1.587,37.477,31.007,26.002,-40.651,144.66,-11.109,-22.34,-44.313,-54.201,-39.552,-19.654,-8.0569,-6.8361,-13.428,-18.189,-14.527,-7.8127,2.0753,11.231,6.7141,-15.259,-34.181,-33.448,-18.555,0,11.597,16.724,12.207,5.1271,1.709,2.6856,6.592,7.5686,1.2207,-6.2258,-11.597,-15.259,-13.916,-9.0335,-3.7843,4.0284,6.4699,7.2024,9.5218,6.1037,-0.4883,1.709
4.6388,4.3947,9.2776,14.771,22.462,26.368,28.565,31.983,34.059,28.565,17.09,4.5167,-5.4933,-15.259,-30.885,-41.017,-43.58,-48.83,-33.57,-56.52,-89.602,-92.898,-23.438,38.697,17.945,-90.823,-87.283,131.47,73.366,12.574,-23.072,-45.778,88.137,-72.146,-6.8361,67.629,83.132,50.295,6.9582,10.376,25.88,36.012,39.674,23.56,0.85452,-12.207,-11.109,-2.3194,-4.3947,-40.529,-68.484,-71.902,-68.728,-53.468,-25.269,7.3244,29.42,35.768,39.43,32.472,-3.0519,23.682,34.303,36.012,28.443,4.1505
-14.283,-2.8077,19.044,21.851,14.527,-4.883,-22.828,-27.711,-13.184,9.0335,15.625,7.8127,-1.9532,-4.5167,0.12207,1.709,-2.6856,-6.3478,-6.4699,-8.6673,-9.5218,-5.7375,0.24415,4.6388,8.4231,0.36622,-11.109,-11.719,-6.7141,-3.6622,4.6388,14.161,12.574,-0.97659,-11.719,-14.649,-12.94,-7.6907,-0.61037,8.179,9.6438,2.8077,0.24415,0.4883,-5.7375,0.85452,25.636,48.708,33.692,-10.865,-18.799,1.9532,9.2776,1.3428,-11.597,1.9532,18.921,12.452,-8.5452,32.838,12.329,11.597,10.376,11.841,8.301,7.3244
15.137,5.6154,-1.709,12.574,10.01,9.5218,12.818,13.794,13.428,10.01,10.376,12.94,13.306,12.818,10.498,3.7843,-1.0987,1.8311,7.6907,8.7893,0.36622,1.4649,9.7659,10.498,5.005,2.0753,6.2258,7.8127,8.0569,8.0569,7.8127,2.0753,1.3428,5.7375,5.005,4.7609,4.0284,2.1973,-6.1037,-21.241,-20.508,-23.682,-41.383,-57.131,-51.637,-29.176,7.3244,17.579,14.527,24.781,-13.184,-40.651,-1.0987,-67.629,-203.86,-114.38,-15.625,13.062,-41.383,74.587,-26.856,-25.391,-25.269,-26.734,-20.997,-13.794
-18.067,-25.88,-25.758,-23.56,-15.137,-9.3997,-15.259,-18.921,-18.555,-11.231,-11.109,-13.794,-15.625,-17.335,-14.527,-10.987,-9.7659,-9.7659,-6.3478,-0.12207,3.7843,4.3947,3.5401,5.7375,9.5218,7.0803,4.883,5.8596,2.9298,0.97659,-1.2207,-6.592,-18.433,-21.973,-17.945,-21.729,-44.313,-57.619,-46.632,-42.36,-80.935,-86.062,-40.04,-13.55,-33.204,-58.351,-55.91,-42.482,-4.883,14.527,-42.848,-37.477,62.99,-1.709,-247.93,-287.97,-155.64,16.236,222.17,412.24,-7.3244,-10.865,-12.818,-13.672,-12.085,-7.5686
-9.2776,-2.1973,-12.452,-31.617,-27.833,-36.134,-40.407,-42.36,-42.97,-37.355,-28.199,-18.799,-16.724,-15.503,-10.987,-10.01,-11.841,-11.719,-14.039,-16.114,-10.865,-5.005,-3.296,-5.9816,-6.2258,-4.0284,-2.9298,-1.587,-0.4883,-4.6388,0.24415,8.4231,2.0753,-9.7659,-5.3713,-3.5401,-11.597,-27.467,-26.978,-28.565,-32.96,-40.04,-20.508,4.5167,-0.24415,-15.381,9.1556,55.788,6.9582,-35.035,-22.34,-198,-51.515,74.343,117.07,208.87,299.08,191.78,-164.31,-275.64,38.942,45.412,42.848,40.284,42.726,38.331
17.823,1.9532,7.9348,11.109,3.9064,3.7843,7.4465,4.6388,1.9532,11.597,10.987,1.9532,2.4415,6.9582,4.0284,3.5401,7.9348,-0.4883,-0.97659,5.6154,3.7843,-0.24415,2.4415,6.4699,6.4699,5.8596,8.179,9.5218,8.179,12.574,10.62,3.296,11.963,23.927,23.804,12.696,0,6.4699,11.353,-13.306,-26.49,-15.381,10.01,23.804,-1.587,-19.41,28.443,65.554,54.079,120.49,135.38,33.448,49.562,93.142,-69.338,-211.31,330.94,439.71,172.37,-244.27,-33.815,-36.256,-36.134,-9.1556,15.87,5.7375
14.649,71.535,105.59,113.65,142.22,147.59,99.857,73.366,70.559,68.606,46.754,73.244,44.557,-45.289,-31.983,5.8596,20.508,-0.73244,-19.288,-18.311,1.0987,13.428,2.9298,-33.815,-72.756,-83.132,-89.114,-105.47,-120,-119.27,-135.75,-156.5,-172.73,-174.57,-169.68,-172.86,-172,-198.13,-227.18,-251.72,-249.15,-257.45,-283.82,-289.56,-282.24,-296.88,-299.08,-284.07,-294.32,-299.33,-297.98,-296.27,-286.39,-263.19,-234.75,-209.48,-185.06,-156.5,-127.32,-106.69,-6.1037,-13.916,-22.217,-25.636,-26.49,-25.269
-24.171,-28.932,-33.937,-33.692,-33.57,-31.739,-28.932,-25.025,-21.485,-20.386,-19.898,-21.241,-13.306,-11.597,-16.846,-18.677,-19.044,-2.9298,9.3997,6.7141,1.2207,-0.73244,-0.61037,-1.2207,1.709,6.9582,7.0803,1.587,0.61037,5.6154,18.189,25.513,23.194,13.916,6.7141,21.973,28.565,18.067,1.709,-0.36622,16.968,19.654,-6.592,-6.9582,25.147,42.36,32.96,45.534,81.179,59.816,41.749,107.55,128.42,112.67,129.4,254.52,427.14,168.83,-278.57,-337.78,32.716,32.35,24.171,23.804,22.706,17.701
14.527,13.916,8.5452,5.005,1.8311,-1.4649,-2.6856,-5.8596,-11.109,-9.1556,-18.921,-30.152,-19.288,-14.649,-15.381,-12.574,-6.9582,-3.0519,1.3428,3.7843,2.8077,4.1505,5.2492,7.8127,11.109,13.794,18.189,15.748,6.1037,-2.9298,-1.709,2.3194,-1.4649,-14.161,-16.236,0.61037,11.353,-7.8127,-36.012,-36.5,-6.2258,9.5218,28.321,43.092,27.711,9.1556,13.916,31.007,43.703,40.04,36.134,51.759,162.85,196.17,73.122,118.41,87.039,164.43,-11.353,-288.83,24.171,24.049,19.898,18.921,23.804,25.513
25.636,22.34,23.804,24.049,20.02,13.916,11.963,10.498,10.254,6.4699,5.2492,4.2726,2.1973,3.9064,-2.5636,-2.1973,2.5636,0.85452,1.0987,1.3428,-0.73244,1.2207,1.3428,-2.9298,-5.1271,-4.2726,-1.9532,-4.6388,-12.696,-9.7659,-0.85452,-2.5636,-3.9064,-2.6856,-2.9298,-2.9298,6.2258,2.3194,-19.166,-19.776,8.0569,26.856,11.353,-26.856,-41.993,-20.508,-8.7893,-9.3997,-19.898,8.7893,46.022,11.597,45.167,181.04,238.41,266.49,601.95,413.71,1.2207,-290.41,-7.5686,-3.7843,-2.4415,-2.3194,0.24415,4.1505
4.7609,8.4231,12.94,15.259,18.555,19.654,23.316,24.049,24.171,17.457,15.748,16.114,14.283,18.799,21.729,23.194,30.641,36.622,37.233,36.866,38.697,39.918,38.942,39.918,45.778,40.284,21.119,-5.3713,-26.368,-33.815,-30.396,-39.674,-42.482,-43.703,-56.52,-55.177,-67.629,-126.1,-142.22,-97.171,-58.473,-44.923,-20.631,-1.2207,20.508,148.93,299.45,437.15,902.98,819.73,182.62,-25.636,-27.345,-25.147,-29.298,-30.763,-25.636,-23.682,-25.269,-24.903,-22.462,-20.264,-21.485,-18.799,-18.677,-19.776
-13.794,-8.9114,-8.9114,-6.8361,-1.9532,1.0987,2.6856,4.3947,7.6907,10.498,14.771,11.963,11.841,15.748,10.376,7.8127,13.184,19.654,24.415,33.692,42.116,29.786,14.161,8.301,3.6622,1.4649,-0.36622,3.1739,4.0284,-7.9348,-23.56,-33.937,-34.181,-34.303,-43.214,-28.932,-20.386,-8.301,36.988,67.629,45.412,47.365,111.7,209.85,268.44,328.62,681.3,937.28,571.06,-281.99,-273.93,17.701,21.485,25.88,20.02,11.475,10.376,9.0335,5.4933,4.3947,3.6622,1.0987,-0.12207,5.1271,5.2492,-2.9298
-4.1505,-4.2726,-5.3713,-1.709,0.85452,3.6622,6.9582,8.179,8.7893,12.085,21.241,36.134,36.134,30.152,34.059,37.355,31.861,28.321,31.007,27.467,21.485,18.677,19.654,9.5218,-0.73244,1.9532,-2.9298,-14.405,-22.828,-23.56,-18.433,-28.687,-48.952,-75.198,-98.636,-94.729,-71.169,-87.649,-116.7,-95.828,-64.821,-51.515,-48.83,-3.296,134.28,314.83,836.09,1267.7,652.36,242.93,-256.11,24.659,21.363,19.288,15.381,11.719,16.48,18.067,16.846,14.283,20.02,31.007,33.57,46.876,51.393,51.027
55.544,54.445,46.632,37.721,30.396,21.729,7.5686,-3.5401,-16.358,-23.438,-21.851,-20.997,-19.166,-18.677,-17.701,-20.02,-20.264,-14.283,-8.9114,-5.3713,-0.73244,1.3428,-0.24415,5.9816,11.109,7.4465,0.36622,-8.5452,-25.391,-37.111,-41.017,-53.835,-72.146,-94.607,-87.649,-51.027,-40.04,-25.147,8.7893,10.865,2.0753,15.992,60.183,53.468,75.686,171.76,248.42,267.95,532.73,344,-695.46,-1.709,-3.5401,-3.6622,-3.4181,-1.8311,0.85452,0.4883,2.5636,7.2024,11.231,9.0335,3.7843,4.2726,13.062,21.485
21.241,20.264,22.828,23.682,24.293,26.734,27.833,27.955,27.589,26.612,27.1,30.03,30.396,28.321,24.293,20.753,20.264,19.044,15.015,14.405,16.236,15.503,10.254,4.6388,4.5167,3.6622,1.9532,-2.3194,-13.794,-19.166,-14.893,11.231,44.069,34.181,-8.9114,-16.602,17.945,41.505,40.04,20.508,8.5452,19.41,70.315,159.67,157.35,-25.147,-197.03,-224.74,-79.226,84.353,84.964,3.0519,3.7843,6.592,10.865,12.574,11.841,10.376,9.7659,11.109,14.405,16.602,17.335,18.799,21.119,26.734
25.88,22.706,26.246,26.978,25.269,27.955,30.519,29.42,28.199,28.077,29.176,27.1,25.391,25.636,26.49,28.565,30.274,30.396,30.396,30.641,31.251,33.57,35.401,34.181,35.279,42.238,46.876,50.417,61.037,73.733,87.161,99.49,110.48,99.246,67.995,46.51,56.887,78.127,81.301,98.27,136.84,145.51,119.14,135.75,171.27,188.73,228.03,241.34,201.54,200.57,49.806,-5.6154,2.4415,9.6438,11.719,12.94,15.503,17.335,17.579,13.794,4.6388,-4.3947,-9.1556,-7.5686,-1.8311,0.36622
-7.8127,-16.968,-22.34,-28.565,-30.03,-25.758,-24.659,-25.147,-23.804,-22.584,-23.438,-24.049,-23.194,-24.293,-26.734,-27.345,-26.368,-23.316,-20.753,-18.799,-19.166,-20.753,-20.02,-16.48,-10.987,-8.4231,-11.963,-19.166,-15.748,-3.1739,6.592,2.0753,-1.3428,-6.1037,-40.284,-45.656,-12.696,1.0987,-13.062,-4.7609,16.114,4.6388,6.4699,-5.1271,-6.3478,95.218,295.91,93.631,-341.93,73.611,256.23,378.8,392.47,250.74,-96.438,49.562,53.835,61.159,71.78,71.047,54.567,31.007,13.672,10.254,19.044,31.983
35.89,33.204,31.739,31.007,31.495,29.42,23.194,14.405,3.9064,-2.1973,2.9298,11.841,16.114,16.724,20.508,27.833,32.228,30.519,25.391,21.973,25.025,30.641,34.669,37.965,41.505,43.703,43.214,42.848,48.83,59.572,68.117,69.704,76.54,90.579,91.8,78.249,53.224,35.157,26.368,11.719,-5.6154,-10.865,-3.0519,-22.828,-67.507,-82.278,-77.517,-47.731,-15.015,7.3244,58.107,97.293,101.57,77.029,10.01,15.503,17.579,19.044,21.851,24.903,23.438,17.457,14.039,16.236,21.729,28.443
34.669,37.111,34.059,28.077,27.833,33.692,39.674,41.505,37.843,33.326,36.988,49.196,61.892,68.728,66.286,58.473,54.567,54.445,54.445,52.37,53.591,59.572,61.892,61.159,67.995,79.348,86.428,84.109,74.099,69.094,67.019,60.183,58.473,59.572,60.915,56.887,41.505,43.825,66.897,81.668,79.348,66.286,40.284,33.815,29.298,14.283,-10.376,-15.748,-22.95,10.254,72.268,135.01,-13.794,-107.3,59.45,13.062,14.893,14.649,16.236,19.776,20.753,18.433,20.386,21.241,19.776,21.363
20.753,20.142,19.898,20.508,22.584,23.804,26.368,29.054,29.786,30.519,37.599,40.773,35.768,38.697,42.726,39.43,44.313,45.656,46.632,46.999,46.51,46.022,48.585,50.539,49.928,49.684,51.027,53.468,57.497,66.652,82.034,93.387,95.828,94.974,90.457,79.47,66.897,63.478,24.903,-20.142,-46.51,-51.271,-18.799,24.049,52.004,72.878,81.79,111.82,164.68,211.31,222.91,25.513,-67.995,22.34,55.422,-1.9532,1.0987,5.005,7.0803,8.5452,10.62,13.672,15.87,14.771,11.963,11.231
12.452,13.428,13.672,13.794,13.916,16.968,18.921,18.799,18.921,18.311,19.776,23.682,26.002,32.594,40.284,42.36,40.284,37.843,34.059,31.007,32.838,35.646,37.599,38.942,41.139,44.923,46.388,45.289,42.848,34.303,21.851,9.6438,6.4699,9.6438,18.189,31.617,52.126,73.611,80.203,70.925,53.835,50.295,78.372,96.561,90.335,82.888,77.273,105.72,154.06,90.579,-129.52,-242.93,-178.11,35.279,180.3,-0.36622,-4.2726,-2.8077,-6.9582,-8.9114,-5.6154,-9.5218,-8.7893,-2.8077,-4.6388,-5.3713
0,4.3947,4.3947,1.587,2.9298,5.9816,6.3478,6.3478,9.888,15.137,20.508,25.636,28.321,30.763,34.059,40.773,55.177,63.112,57.375,53.468,57.863,65.554,72.512,75.32,76.052,74.221,71.291,69.582,74.465,82.888,81.301,69.46,63.845,67.263,73.611,78.372,77.517,66.164,57.009,60.305,63.356,36.256,-31.129,-37.721,-17.335,-9.7659,-14.527,-2.4415,36.622,96.805,184.21,249.4,64.577,-183.48,-36.5,10.498,18.433,12.94,-2.4415,-11.109,-10.01,-11.231,-9.3997,2.4415,5.8596,7.0803
9.6438,5.6154,5.9816,9.3997,7.5686,4.0284,6.3478,11.597,12.94,10.132,13.794,17.945,18.067,19.41,21.607,23.682,30.152,34.791,30.396,20.753,15.381,17.701,23.316,29.908,39.918,48.341,53.591,53.468,52.858,61.281,73.611,86.795,99.124,117.56,143.93,156.38,147.71,146.73,143.8,138.31,133.79,99.734,85.94,89.724,82.156,85.086,41.505,-16.358,-5.2492,34.181,53.591,4.0284,24.659,57.131,-60.183,-3.0519,-2.8077,-1.8311,-4.7609,-10.987,-13.062,-4.883,0.24415,-1.4649,0.4883,0.97659
-2.4415,0.97659,7.5686,7.6907,8.179,13.916,15.503,14.161,17.701,20.875,20.264,18.799,20.508,22.828,19.166,18.189,23.56,27.223,24.415,21.729,23.072,23.804,23.682,22.828,22.095,25.025,29.42,32.96,35.524,37.721,42.848,49.44,54.201,58.84,70.193,85.818,93.387,89.969,78.982,64.455,20.02,-31.373,-54.567,-73,-51.271,0.36622,50.295,111.94,168.1,199.47,53.346,-187.26,-126.96,-42.97,122.07,26.612,27.711,26.612,26.368,26.734,26.856,27.345,26.612,25.513,23.438,20.997
23.804,28.199,25.636,24.293,26.002,28.932,34.425,38.209,39.064,40.162,42.97,46.022,49.806,51.515,51.393,51.759,55.91,61.769,64.577,60.427,54.445,49.196,44.923,42.482,43.825,41.993,36.988,33.326,31.129,33.448,39.796,45.534,46.51,46.388,49.074,50.417,46.999,47.243,59.45,84.353,100.34,108.04,104.25,105.72,117.19,114.38,101.08,104.98,105.84,14.405,-27.589,-82.888,-39.674,101.57,-14.405,-1.709,0.24415,1.2207,3.9064,6.9582,7.8127,9.0335,13.062,18.189,17.945,12.94
14.405,16.724,15.748,15.625,17.945,18.067,16.724,16.602,16.846,17.212,18.921,19.776,20.508,20.508,20.142,21.119,23.438,26.368,29.786,30.885,26.368,12.207,2.8077,9.6438,32.838,58.962,86.673,125.98,159.43,167.97,138.19,97.415,47.487,19.532,46.754,78.249,73.733,57.619,52.37,52.248,60.427,81.301,104.98,143.19,214.36,266.73,156.25,-2.4415,-73.489,-80.813,-52.858,88.382,147.1,-17.335,43.825,34.791,34.547,41.383,46.632,29.664,2.5636,-3.296,10.865,18.189,17.579,22.828
18.799,29.542,36.256,19.532,10.62,19.044,26.124,23.194,18.189,20.386,24.171,26.734,31.495,32.594,33.448,35.646,41.749,53.591,59.084,65.432,76.296,86.795,90.091,83.01,75.93,77.029,85.574,102.54,124.88,140.26,131.11,95.462,59.938,34.181,17.457,29.786,81.545,138.19,148.69,150.52,159.55,156.74,153.32,171.76,186.16,86.673,29.176,26.124,-47.243,-100.96,-99.857,-82.278,11.475,155.4,14.527,17.457,18.189,21.119,21.729,18.555,4.3947,-10.01,-13.306,-7.4465,4.3947,13.672
15.748,9.3997,-2.5636,-9.7659,-4.7609,11.475,24.415,20.386,9.3997,1.9532,4.1505,8.4231,-0.12207,-11.109,-14.039,-9.6438,9.7659,31.007,41.139,39.186,34.791,31.129,28.809,31.495,42.97,58.473,74.465,93.142,112.31,125.49,126.71,117.44,106.69,104.5,97.903,94.363,104.86,134.4,163.46,153.81,103.4,67.629,60.183,63.967,38.942,-30.274,-6.3478,25.391,18.433,11.719,-15.381,-51.149,23.682,143.31,161.99,9.0335,15.992,25.758,31.007,25.391,20.264,19.898,18.067,15.259,16.48,16.846
17.457,21.241,29.176,38.697,49.562,56.398,54.445,46.266,49.44,40.529,35.646,37.599,37.355,37.233,37.843,45.045,47.609,44.435,39.43,38.331,45.167,50.295,55.055,55.666,54.689,54.201,56.642,64.821,73.244,76.907,79.226,78.86,70.681,73.611,83.987,88.992,92.776,102.91,80.447,34.547,35.89,38.087,33.57,25.88,36.5,78.738,156.01,245.98,146.37,-99.002,-198,-48.585,182.13,264.17,416.39,-9.0335,-1.587,7.6907,14.161,20.753,30.763,43.825,52.126,50.539,47.121,46.266
35.89,7.9348,-20.875,-29.298,-22.584,-21.363,-24.049,-19.898,-10.62,0.73244,13.184,17.579,16.236,17.335,19.41,22.706,22.706,13.428,6.4699,5.4933,10.743,25.513,53.835,85.818,102.05,89.602,71.047,62.502,59.328,51.881,37.965,21.241,4.2726,-9.2776,-21.973,-7.2024,25.025,52.248,58.107,42.848,-2.0753,-58.718,-112.8,-157.48,-162.11,-135.26,-87.893,55.177,243.54,337.41,287.24,154.18,-33.57,-331.06,62.258,9.5218,14.161,27.223,36.134,28.443,11.597,7.0803,11.231,12.452,8.5452,4.3947
4.0284,5.4933,6.7141,8.4231,13.916,17.579,23.072,30.885,21.607,12.329,21.729,31.373,27.955,15.015,1.709,-12.207,-15.015,-10.743,-10.62,-9.5218,-1.0987,5.9816,9.2776,10.743,10.132,8.9114,1.9532,-16.114,-25.513,-26.002,-28.932,-30.274,-27.345,-28.687,-31.739,-21.851,-8.179,-1.4649,0.4883,-2.4415,-9.7659,-12.452,-3.7843,12.085,33.204,25.391,14.039,31.739,17.457,-35.157,-80.813,12.329,88.992,-97.171,-288.22,18.555,23.804,8.301,3.0519,-52.614,-17.335,168.83,263.56,285.78,358.9,480.12
384.78,144.41,-33.692,-73.122,24.781,59.938,78.494,104.13,47.609,-38.82,-70.193,-29.054,37.965,52.004,21.851,-30.03,-67.141,-110.84,-197.76,72.634,7.0803,7.3244,3.5401,-1.709,-7.0803,-12.574,-16.48,-15.992,-16.968,-18.677,-21.729,-29.054,-34.547,-33.692,-25.88,-15.625,-10.62,-8.0569,-1.3428,7.2024,20.875,31.007,31.007,26.246,19.898,17.335,20.02,16.358,31.251,37.477,2.5636,-10.865,-63.234,27.467,19.41,6.1037,-4.5167,-10.743,-14.161,-16.114,-16.114,-15.625,-16.968,-16.236,-19.532,-22.584
-22.217,-22.34,-20.386,-16.968,-13.672,-9.3997,-6.9582,-8.4231,-10.865,-13.916,-14.649,-16.358,-19.166,-19.654,-20.875,-21.363,-24.171,-32.105,-38.331,-37.843,-33.448,-28.809,-28.809,-26.246,-24.537,-26.002,-24.537,-21.241,-22.828,-26.124,-23.927,-19.898,-18.799,-16.968,-14.039,-17.579,-20.875,-22.34,-17.457,-14.283,-8.6673,0.73244,9.1556,8.6673,11.109,16.602,25.025,24.049,6.7141,-1.4649,4.6388,24.049,13.428,-8.0569,-7.8127,-8.0569,-4.883,-3.296,-2.6856,-2.6856,-3.5401,-5.2492,-5.9816,-5.005,-4.0284,-4.6388
-8.179,-11.597,-9.2776,-10.376,-13.428,-12.94,-12.574,-13.55,-15.137,-15.137,-15.137,-15.381,-13.916,-11.475,-8.301,-6.9582,-11.231,-18.067,-20.997,-18.311,-12.696,-8.4231,-9.3997,-12.574,-15.503,-15.992,-14.405,-14.649,-16.846,-17.701,-14.161,-10.62,-10.743,-11.353,-16.846,-24.415,-24.903,-17.212,-12.574,-10.01,-13.794,-23.194,-33.326,-41.749,-32.716,-5.2492,18.433,20.508,-25.147,-13.306,74.953,44.191,63.478,-1.587,-2.8077,-2.1973,2.3194,8.301,9.5218,5.4933,2.0753,-1.709,-4.0284,-4.6388,-5.1271,-7.3244
-10.865,-13.428,-14.161,-17.335,-20.142,-22.462,-19.288,-13.428,-10.254,-10.498,-10.01,-8.301,-6.4699,-4.5167,-5.6154,-6.2258,-6.4699,-3.5401,-1.709,-4.7609,-4.2726,-1.2207,-1.2207,-3.0519,-5.6154,-8.179,-8.301,-5.7375,-4.5167,-3.9064,-1.4649,0.85452,0.12207,-4.1505,-9.1556,-12.207,-20.386,-33.448,-38.331,-40.773,-36.5,-24.781,-12.574,-11.841,-12.818,-29.298,-61.281,-66.042,-10.254,18.799,13.428,-38.82,-37.599,12.574,12.085,10.987,8.4231,9.5218,10.132,8.4231,5.3713,4.2726,5.8596,2.8077,1.2207,0.61037
-1.587,-4.0284,-5.9816,-8.0569,-9.0335,-8.9114,-8.301,-9.888,-10.498,-10.254,-10.498,-9.0335,-10.498,-13.062,-16.602,-20.142,-22.217,-18.921,-15.748,-16.236,-17.457,-16.358,-17.701,-17.457,-11.841,-8.6673,-8.4231,-6.2258,-0.12207,5.1271,5.3713,3.0519,-0.85452,-1.3428,-1.9532,-2.3194,0.12207,-0.4883,-4.5167,-12.452,-24.903,-35.157,-26.734,-10.01,1.0987,8.301,15.381,10.987,-23.316,-28.932,-2.9298,-24.903,-25.758,0,-1.709,-1.4649,-1.0987,-1.4649,-1.4649,-3.0519,-6.7141,-5.6154,-4.2726,-2.9298,-0.24415,-0.85452
-4.1505,-8.301,-10.62,-11.719,-8.4231,-6.4699,-8.5452,-8.0569,-5.2492,-9.2776,-15.381,-17.212,-18.189,-17.212,-15.992,-17.457,-19.776,-19.654,-18.067,-19.654,-22.462,-20.753,-16.358,-11.475,-14.405,-18.189,-16.236,-11.475,-7.9348,-5.005,-2.5636,-5.2492,-10.498,-12.085,-8.7893,2.8077,7.9348,3.9064,3.1739,7.8127,11.841,11.597,8.0569,2.8077,-6.7141,-9.888,4.6388,8.301,-4.3947,39.186,20.631,30.274,26.49,0.36622,5.8596,7.3244,3.6622,-1.3428,-6.4699,-11.719,-11.597,-6.1037,0.97659,3.7843,3.7843,1.2207
-3.7843,-6.4699,-5.9816,-2.8077,-1.2207,2.3194,9.7659,7.4465,7.4465,8.7893,7.4465,6.1037,9.2776,14.527,15.748,14.161,11.475,6.8361,3.0519,2.3194,1.587,0.61037,-3.7843,-6.7141,-5.8596,-2.0753,-1.587,-8.6673,-17.945,-25.147,-19.898,-11.109,-11.719,-12.329,-10.254,-5.2492,-0.61037,6.7141,10.743,5.8596,-2.1973,-9.1556,-14.527,-17.457,-15.503,-20.875,-40.284,-56.154,-50.905,70.193,20.386,1.709,-36.622,-2.6856,-2.1973,-0.36622,0.12207,0,-1.709,-2.1973,-1.709,-6.2258,-9.888,-11.475,-11.231,-9.7659
-7.3244,-6.9582,-8.179,-6.1037,-5.005,-5.8596,-4.5167,-4.7609,-4.5167,-4.3947,-6.7141,-6.9582,-6.2258,-5.7375,-4.3947,-3.5401,-5.1271,-8.179,-10.01,-8.179,-9.2776,-17.945,-22.095,-22.584,-21.119,-20.508,-21.607,-24.659,-24.537,-21.119,-16.114,-10.743,-7.4465,-11.109,-15.137,-18.311,-14.039,-14.527,-18.189,-6.3478,7.3244,7.5686,4.7609,-0.36622,-12.94,-20.508,-28.809,-39.674,-44.801,4.883,62.014,1.9532,-25.147,-16.968,-16.236,-13.062,-6.9582,2.4415,12.085,11.475,-6.592,-27.345,-35.646,-28.687,-18.799,-14.039
-12.207,-12.696,-13.916,-13.916,-9.2776,-5.005,-1.709,5.8596,6.2258,4.5167,5.2492,4.0284,0.36622,-1.587,-0.12207,-1.709,-1.3428,-2.5636,-8.9114,-15.503,-17.579,-15.503,-12.696,-14.405,-14.039,-10.743,-8.7893,-11.109,-12.452,-14.039,-17.945,-17.701,-14.405,-13.062,-10.743,-8.6673,-9.2776,-9.5218,-5.3713,-3.9064,-3.296,-3.6622,-17.09,-33.692,-37.721,-11.597,6.2258,-18.677,-51.637,-5.6154,73.122,-46.754,-30.396,-5.005,-2.6856,-4.0284,-5.9816,-6.1037,-5.7375,-5.3713,-6.9582,-6.8361,-5.8596,-4.5167,-3.9064,-4.7609
-4.3947,-2.9298,-5.6154,-9.7659,-9.5218,-6.7141,-7.3244,-18.311,-19.898,-9.2776,2.1973,7.9348,-4.7609,-29.664,-53.835,-65.554,-49.684,-42.97,-50.783,-56.032,-62.746,-72.39,-76.54,-57.497,-33.692,-32.228,-23.927,15.015,37.599,-0.85452,18.311,128.06,209.85,135.5,-588.15,-409.07,-42.238,178.96,117.31,-144.78,-69.826,-7.3244,9.2776,-30.274,-70.07,-50.295,-4.7609,25.269,12.696,2.6856,13.306,12.207,-16.114,-10.743,-4.7609,1.9532,11.841,19.166,20.631,18.677,13.184,5.9816,1.3428,-3.0519,-3.9064,-1.0987
3.6622,10.254,13.55,12.574,10.498,7.6907,5.4933,5.8596,12.818,12.085,11.231,13.794,13.794,14.893,17.701,18.189,17.823,16.602,14.893,12.94,10.987,11.109,11.963,9.888,4.3947,-4.1505,-14.039,-21.607,-22.584,-17.457,-15.748,-17.945,-26.246,-43.947,-58.718,-64.943,-59.45,-52.614,-52.492,-46.266,-27.345,-14.039,-16.846,-23.56,-36.378,-25.513,-3.5401,0.4883,-26.49,-82.278,-119.27,-98.148,68.85,12.94,11.597,8.301,5.9816,5.005,3.5401,4.0284,5.3713,2.9298,1.4649,-0.73244,-4.0284,-5.1271
-3.5401,-0.85452,0.12207,2.6856,3.6622,4.1505,3.4181,-1.9532,-3.1739,-4.6388,-6.7141,-4.883,-2.5636,-1.0987,-0.4883,0.24415,0.24415,-1.709,-5.9816,-7.2024,-7.3244,-4.0284,2.5636,6.3478,2.8077,-4.883,-10.62,-12.085,-10.01,-11.841,-17.945,-13.794,-11.719,-23.194,-37.111,-35.157,-34.059,-39.796,-41.139,-36.378,-22.095,-20.508,-17.335,-11.353,-7.8127,-0.73244,7.5686,-9.3997,-51.637,-89.236,-125.37,-88.26,17.579,-24.293,-28.443,-23.438,-10.132,1.8311,9.2776,11.109,8.7893,3.7843,-3.5401,-12.452,-17.579,-14.893
-7.9348,-0.4883,5.8596,6.592,2.1973,-3.0519,-5.1271,-4.883,1.587,6.3478,5.3713,6.1037,3.296,0.73244,0.97659,1.8311,2.4415,3.5401,2.8077,-1.0987,-3.0519,-0.4883,4.1505,2.4415,-3.7843,-8.4231,-11.597,-13.794,-15.015,-15.015,-16.358,-13.184,-12.085,-24.903,-42.97,-54.689,-51.027,-27.589,-4.3947,0.73244,3.1739,5.2492,10.498,19.898,36.256,72.146,108.65,109.01,48.585,-46.754,-61.281,4.0284,7.5686,-4.0284,-11.231,-12.696,-8.179,0,4.883,4.5167,1.4649,2.5636,5.4933,3.4181,-1.709,-7.4465
-10.987,-10.865,-9.2776,-0.85452,-0.24415,-1.0987,0,-5.1271,-6.2258,-3.296,-1.2207,0.12207,-0.12207,-1.4649,-2.4415,-6.7141,-7.5686,-5.6154,-1.3428,2.4415,-2.0753,-10.254,-17.335,-19.288,-23.56,-24.781,-17.09,-13.062,-13.306,-17.09,-25.391,-30.763,-26.246,-15.015,-12.085,-15.259,-20.508,-24.659,-26.124,-29.664,-36.622,-44.313,-47.365,-19.044,35.646,82.4,104.5,64.455,-72.512,-154.79,-104.37,1.2207,-6.4699,0.12207,9.5218,12.818,10.132,6.592,5.4933,9.2776,6.1037,5.005,6.2258,5.2492,6.4699,8.5452
10.01,10.01,7.8127,4.2726,1.4649,1.587,3.7843,6.7141,8.9114,8.6673,5.8596,2.5636,1.2207,1.4649,1.2207,9.5218,10.498,8.4231,9.0335,8.301,6.1037,3.7843,0.85452,1.0987,2.8077,1.3428,-2.5636,-7.2024,-8.7893,-11.353,-12.452,-6.3478,5.6154,8.5452,0.85452,-7.4465,-5.6154,0.24415,-3.6622,-25.269,-40.04,-57.497,-81.057,-83.621,-51.759,-17.457,21.119,53.713,59.328,12.696,-7.8127,15.503,-4.5167,-0.85452,4.2726,7.4465,8.179,6.9582,4.1505,1.9532,1.2207,-1.0987,-2.5636,-2.9298,-1.0987,2.4415
5.1271,5.6154,4.7609,3.296,1.709,-0.97659,-0.4883,-4.3947,-3.7843,-1.0987,-0.12207,2.5636,3.9064,2.3194,-1.2207,-4.7609,-6.8361,-4.883,-0.85452,2.8077,6.1037,11.109,13.672,6.8361,-6.2258,-12.207,-8.7893,-8.0569,-9.888,-16.358,-22.828,-18.799,-12.329,-11.719,-12.452,-17.823,-24.781,-34.303,-40.529,-45.412,-53.224,-58.229,-48.83,-23.682,1.9532,37.355,86.306,98.27,57.009,-18.067,-63.112,-52.492,2.3194,3.4181,4.6388,8.5452,4.1505,1.3428,-0.4883,-2.9298,-2.5636,0.61037,4.3947,7.5686,8.6673,8.301
6.2258,1.8311,-0.97659,-0.36622,4.7609,11.231,14.039,11.719,8.4231,6.8361,5.9816,10.743,13.916,13.428,15.503,13.794,7.5686,0.85452,-3.5401,-5.8596,-6.592,-5.4933,-4.1505,-7.0803,-10.743,-12.329,-12.574,-13.794,-17.212,-20.875,-26.856,-30.396,-29.42,-28.199,-25.391,-29.176,-31.739,-33.326,-37.965,-32.838,-32.35,-23.56,-24.415,-22.95,-6.3478,8.0569,30.519,55.91,36.622,17.579,-22.34,-41.383,-33.082,-31.373,-21.119,-10.865,5.1271,14.161,18.799,19.654,14.771,8.9114,5.4933,2.6856,0,-0.73244
3.4181,7.3244,8.6673,8.0569,7.2024,5.7375,4.5167,5.8596,6.9582,10.62,15.137,12.818,11.597,9.0335,9.3997,11.963,13.672,14.405,13.916,10.865,5.8596,0.97659,-2.1973,-4.3947,-5.3713,-5.6154,-11.963,-20.142,-22.584,-17.579,-7.5686,2.6856,17.945,18.189,5.8596,-7.4465,-13.794,-18.921,-31.251,-40.773,-47.975,-56.032,-36.012,-6.4699,11.597,23.072,21.607,-33.815,-96.927,-107.43,-73.977,13.55,-29.176,-4.0284,21.241,50.661,65.798,60.427,33.204,-1.8311,-30.152,-35.279,-9.3997,29.664,64.699,78.982
65.188,45.656,31.861,28.809,31.495,26.612,12.085,-1.2207,-17.945,-34.181,-49.318,-61.647,-71.78,-54.323,-14.039,15.992,41.505,49.44,58.107,68.484,60.549,27.711,15.503,16.48,-5.4933,-43.214,-60.793,-43.825,-26.49,-19.898,-17.457,-9.6438,1.4649,-3.6622,-14.527,-23.927,-35.401,-37.721,-30.641,-18.067,-9.3997,-5.6154,2.0753,1.4649,-11.231,-24.049,-29.542,-37.965,-42.604,-35.279,-46.144,-2.4415,3.4181,6.7141,9.1556,13.55,13.428,11.719,11.841,6.2258,6.592,7.4465,6.9582,9.3997,9.5218,8.7893
9.1556,10.254,12.452,15.625,18.555,17.335,11.231,5.3713,2.1973,1.9532,4.3947,9.7659,11.109,15.015,10.376,3.0519,1.2207,-2.4415,-3.6622,-3.296,-2.4415,0.36622,1.8311,-0.4883,-5.7375,-16.968,-30.03,-42.97,-47.853,-41.627,-27.833,-13.062,-4.7609,-3.7843,-5.6154,-11.475,-20.264,-28.932,-36.744,-49.928,-60.305,-61.403,-56.032,-43.336,-18.677,-7.6907,4.7609,16.48,-3.1739,-20.875,53.102,46.754,-115.6,-3.296,80.569,126.71,146.73,133.55,92.532,27.223,-27.223,-37.721,-18.799,6.4699,30.396,62.99
106.57,140.39,170.05,203.86,218.63,224.01,226.2,221.08,196.3,141.97,68.606,11.353,-21.851,-40.895,-33.692,27.833,218.88,361.95,342.3,289.07,274.67,291.02,324.72,347.3,272.1,171.51,227.18,206.31,161.75,113.53,114.75,134.53,136.97,116.46,106.94,118.29,126.1,117.56,89.602,63.356,47.731,40.773,36.988,41.871,41.505,26.124,29.908,42.116,42.726,27.711,-8.6673,-115.6,24.659,51.027,112.55,189.58,206.67,167.36,109.5,17.823,-62.99,-64.333,-40.04,-15.748,-12.818,-7.2024
-28.932,-67.751,-80.203,-120.37,-170.66,-10.254,109.74,96.805,54.079,1.587,-26.246,-46.999,-51.637,-31.251,-21.851,-22.584,-23.56,-0.85452,15.992,17.335,-6.7141,-38.453,-53.224,-52.614,-36.622,-22.828,-9.2776,5.9816,17.945,20.997,6.1037,7.2024,19.044,18.555,21.607,22.706,19.288,11.719,3.6622,1.9532,4.2726,11.109,15.137,7.5686,-6.3478,-19.288,-32.96,-53.224,-66.897,-92.166,-81.179,46.144,-9.1556,-8.179,-9.3997,-10.132,-10.62,-7.5686,2.3194,13.794,24.049,30.274,41.261,45.412,45.534,44.191
34.303,28.687,27.833,36.012,43.214,43.458,45.9,48.341,44.191,36.134,27.345,27.467,28.199,27.467,22.95,13.428,3.4181,1.0987,0.73244,-8.5452,-14.039,-21.729,-29.908,-35.524,-41.505,-41.383,-38.942,-35.89,-35.89,-34.547,-27.833,-24.293,-29.298,-43.214,-68.972,-94.852,-115.6,-127.45,-132.45,-123.17,-104.01,-71.78,-31.007,9.888,48.219,98.88,136.48,163.34,170.17,116.95,-132.57,-17.945,-18.555,-14.161,-6.9582,1.8311,13.672,22.217,29.542,30.519,16.358,-4.7609,-17.701,-24.781,-14.283,17.579
41.139,57.741,64.333,55.91,38.575,14.893,-3.7843,-11.475,-7.4465,1.587,11.109,17.457,20.142,19.654,16.968,13.672,10.01,4.6388,0.61037,-0.4883,-0.4883,0.24415,-3.7843,-21.241,-32.716,-38.82,-44.069,-52.614,-57.863,-58.351,-55.788,-54.201,-48.097,-36.378,-26.124,-25.147,-32.228,-36.378,-30.152,-26.49,-28.321,-19.898,15.87,53.713,81.668,98.27,97.049,143.56,163.34,121.1,-271.37,-19.898,-24.415,-25.88,-28.443,-26.49,-11.841,8.5452,22.828,26.978,18.921,2.6856,-12.818,-21.607,-22.584,-14.771
0.85452,18.433,29.176,38.453,37.843,28.199,21.119,17.212,16.236,12.329,9.2776,11.475,15.381,17.579,18.433,17.701,16.724,15.992,14.283,13.184,11.597,11.231,13.184,15.259,13.428,9.6438,8.9114,0.85452,-15.87,-39.308,-60.671,-75.198,-90.823,-107.3,-118.78,-123.17,-117.68,-107.79,-86.795,-65.554,-37.355,-5.2492,21.973,49.928,77.151,94.363,101.44,112.55,102.3,-6.9582,-198.37,-14.527,-21.607,-22.828,-22.217,-19.532,-12.818,-9.0335,-7.9348,-9.5218,-10.376,-12.696,-14.283,-13.062,-7.4465,-0.4883
6.8361,14.039,21.729,26.124,27.345,26.002,17.945,14.405,5.7375,-2.3194,-0.36622,-1.8311,-3.6622,-2.4415,-1.4649,-3.296,-8.4231,-10.132,-12.207,-10.498,-4.5167,1.8311,6.4699,10.01,19.044,25.88,23.438,18.799,8.7893,-9.0335,-27.711,-37.599,-40.773,-42.604,-45.167,-37.233,-23.682,-5.1271,8.4231,16.846,28.077,40.162,63.723,90.823,110.48,114.75,118.29,96.194,51.149,-127.2,-325.08,16.114,-1.9532,-27.223,-39.308,-30.763,-13.916,3.5401,16.846,26.49,30.885,28.932,20.386,12.94,8.6673,11.353
16.236,18.189,15.992,11.963,7.2024,-1.3428,-8.5452,-7.3244,-10.865,-7.2024,-3.9064,0.24415,2.5636,3.0519,2.5636,2.3194,4.6388,4.2726,3.1739,2.5636,5.6154,6.2258,7.3244,4.0284,-10.376,-28.321,-44.679,-58.229,-65.432,-62.624,-58.229,-58.229,-50.905,-44.923,-40.162,-34.303,-22.828,-10.376,-2.5636,6.8361,26.368,49.684,65.188,79.47,93.997,101.69,109.74,57.863,-59.45,-206.18,-259.16,14.771,43.947,60.549,57.985,49.806,46.388,45.167,38.087,34.303,27.955,17.09,17.457,21.363,25.147,27.833
28.932,22.462,14.527,7.4465,2.5636,2.3194,3.296,5.9816,6.7141,4.6388,1.9532,-1.709,-6.4699,-6.8361,-4.2726,-5.005,-4.1505,-1.8311,-5.1271,-2.6856,-6.3478,-13.428,-20.631,-25.88,-31.007,-41.871,-55.422,-69.704,-76.418,-78.738,-75.32,-63.112,-44.923,-34.425,-30.03,-21.729,-13.794,-10.743,-8.5452,4.7609,26.124,41.383,55.788,75.198,104.62,119.88,127.45,133.43,101.08,-101.57,-613.18,18.433,12.085,7.6907,7.9348,2.8077,2.8077,5.7375,11.231,19.288,26.002,28.443,30.396,31.373,29.786,29.542
31.007,33.692,32.35,29.42,26.612,19.776,12.329,6.9582,4.0284,3.296,7.0803,19.532,23.316,22.34,16.846,9.888,4.7609,-2.8077,-9.0335,-8.179,-5.3713,-1.587,2.1973,2.3194,0.85452,-6.1037,-18.921,-32.35,-45.045,-58.718,-66.774,-66.652,-61.525,-61.892,-58.473,-48.341,-36.134,-7.5686,10.498,36.988,55.055,75.93,83.865,79.714,80.691,87.161,93.753,105.35,91.189,0.36622,-202.76,-6.4699,-3.9064,1.4649,7.6907,10.254,10.743,11.109,10.987,11.353,14.893,19.166,24.293,29.786,32.472,34.547
35.768,31.861,27.955,26.734,30.396,28.443,28.687,31.251,34.303,33.937,28.809,24.659,22.095,20.997,19.654,18.311,19.898,22.828,26.124,25.147,18.677,12.329,2.4415,-8.9114,-14.527,-17.457,-20.508,-13.672,-2.5636,0.12207,2.9298,-1.3428,-9.1556,-15.503,-21.241,-20.631,-15.015,-13.306,-13.916,-1.2207,24.537,55.177,82.4,92.532,90.701,89.969,74.465,55.666,40.162,4.6388,-153.08,31.617,27.589,14.283,-3.0519,-16.602,-17.701,-8.4231,6.4699,21.241,33.937,38.575,31.617,23.56,23.194,27.345
32.594,40.04,49.928,50.783,47.731,47.487,46.266,43.947,39.552,38.087,40.529,41.871,39.186,36.866,34.303,33.937,39.064,42.97,44.679,43.336,36.012,27.833,18.921,9.6438,4.5167,1.587,-9.1556,-23.682,-34.181,-43.947,-55.666,-96.316,-113.9,-129.15,-147.59,-164.68,-173.47,-167.12,-145.63,-108.77,-82.4,-62.624,-59.084,-47.853,-19.288,15.503,43.58,44.679,-20.875,-234.14,-72.878,27.833,39.308,28.809,11.231,-0.61037,3.0519,7.5686,6.9582,1.587,-8.5452,-12.818,-3.296,10.498,18.067,18.067
18.311,21.851,27.833,33.448,31.007,26.002,21.241,19.044,20.142,19.898,22.706,30.396,39.186,45.778,52.248,57.009,54.323,49.196,47.365,47.243,45.045,42.848,41.017,38.331,27.467,10.01,-6.2258,-29.542,-50.295,-65.432,-71.78,-81.545,-94.852,-98.636,-98.27,-94.119,-84.841,-76.662,-68.728,-59.694,-42.36,-20.508,-4.6388,10.743,15.625,40.04,64.089,24.781,-108.16,-250.25,-34.425,-120.98,-2.0753,-148.56,-177.98,-98.27,-407.12,-289.19,-153.57,-76.052,-65.92,-101.57,-106.81,-73.611,24.659,-29.176
