-99.979,-98.88,-97.903,-108.77,-124.88,-132.21,-125.61,-108.89,-113.04,-117.56,-101.08,-88.87,-80.569,-54.567,-43.825,-38.82,-22.584,6.8361,32.105,20.02,-6.4699,3.9064,44.313,75.564,100.71,36.256,-53.591,-46.388,-85.452,-261.12,-554.95,-652.12,-779.08,-981.96,-1019.9,-828.15,-533.95,-346.2,-253.67,-228.77,-213.14,-158.45,-89.358,61.892,147.47,73.244,37.599,69.582,101.69,71.78,34.791,68.484,106.69,89.358,80.935,83.377,64.699,45.9,26.734,-21.485,-21.485,-36.5,-51.637,-71.657,-72.024,-63.112
-106.94,-114.02,-119.75,-129.89,-139.16,-147.71,-153.32,-149.05,-148.69,-153.57,-155.52,-147.34,-148.32,-162.48,-177.13,-186.16,-194.1,-200.32,-199.35,-180.06,-157.84,-151.86,-152.47,-153.08,-164.07,-194.46,-215.34,-236.34,-242.56,-172.98,90.945,878.69,-561.78,-624.16,-495.13,-449.6,-717.55,-607.93,52.248,274.79,-85.818,-452.77,-557.63,-484.02,-336.19,-232.18,-185.31,-174.2,-135.75,242.81,810.57,520.28,221.81,458.27,589.5,341.2,66.286,19.166,61.892,-5.9816,-93.753,-157.11,-228.4,-242.19,-208.75,-113.65
-101.57,-108.04,-115.6,-124.64,-130.62,-131.96,-136.97,-154.79,-167.97,-176.4,-174.32,-191.78,-214.97,-225.96,-219.86,-214.24,-219.61,-229.62,-238.29,-247.57,-255.38,-257.94,-256.84,-256.97,-263.68,-276.74,-292.98,-312.51,-332.41,-375.87,-446.79,-437.15,-211.92,705.59,926.05,-367.2,253.55,322.89,-297.25,-464.37,-378.67,-538.59,-588.89,-378.19,-173.35,-200.32,-241.22,-171.88,-61.769,106.94,300.3,286.14,134.53,-9.6438,80.935,413.83,535.91,465.96,379.04,251.72,111.09,-31.251,-133.3,-193.37,-181.04,-188.6
-95.828,-97.293,-97.781,-100.59,-106.33,-108.89,-120.37,-125.37,-126.83,-131.47,-143.93,-154.3,-156.99,-168.71,-192.75,-214,-239.02,-263.19,-263.31,-262.95,-266.24,-272.96,-282.48,-300.55,-302.87,-295.05,-321.3,-338.88,-253.3,180.18,888.45,-480.73,-198.98,-160.65,-293.95,-449.72,-519.06,-349.74,-350.11,-434.1,-353.4,-314.1,-254.89,-244.15,-238.29,-194.1,-93.02,22.462,140.39,316.9,850.12,1128.2,376.96,39.186,230.11,147.71,-51.027,-33.815,-66.53,-122.32,-162.97,-189.95,-188.12,-140.51,-97.659,-75.808
-92.654,-106.45,-123.17,-122.44,-113.53,-120,-131.47,-126.47,-116.82,-118.29,-123.05,-130.86,-139.04,-140.14,-135.75,-131.11,-122.56,-110.48,-98.514,-89.969,-89.846,-92.044,-82.766,-74.343,-84.109,-113.28,-169.68,-242.07,-264.05,-150.15,299.94,116.58,-844.87,-805.2,-617.33,-343.39,-865.99,-1067.2,-706.93,-51.393,538.83,510.39,31.983,-416.52,-532.36,-439.71,-338.76,-210.21,316.66,869.29,776.02,181.16,101.93,255.01,145.51,51.393,118.17,154.67,98.148,52.126,-20.386,-101.93,-141.61,-100.71,-46.876,-86.062
-51.881,-59.572,-59.816,-59.206,-62.99,-66.652,-78.738,-87.649,-90.091,-89.602,-95.706,-101.81,-116.34,-128.42,-126.71,-136.36,-149.78,-157.35,-163.46,-177.13,-200.81,-218.63,-224.49,-218.02,-229.26,-256.36,-288.46,-343.52,-419.45,-464.25,-348.4,-30.152,928.37,-723.41,-622.46,-570.82,-263.19,-272.84,-643.33,-621.48,-153.57,-0.24415,-171.27,-348.77,-442.52,-468.28,-381.48,-256.48,-83.01,240.73,733.05,967.19,390.88,158.57,372.33,335.34,82.4,27.589,106.45,47.853,-33.082,-73.611,-139.9,-198,-186.41,-125.25
-109.01,-115.36,-109.87,-107.67,-114.99,-122.93,-123.42,-112.19,-109.5,-116.34,-127.2,-123.17,-116.34,-121.95,-126.83,-124.64,-114.14,-115.6,-125.61,-122.56,-112.55,-112.55,-119.02,-120.98,-120,-136.84,-197.03,-306.53,-454.48,-506.12,-396.62,192.14,483.54,-947.66,-610,-185.43,-391.74,-822.17,-711.33,-86.673,465.22,391.86,-22.828,-371.35,-500.75,-466.2,-344.25,-209.36,-122.56,72.512,639.42,862.09,409.68,248.18,358.9,285.65,13.184,-20.875,63.356,-10.987,-133.92,-182.62,-172.25,-204.6,-201.54,-167.61
-73.611,-75.93,-83.743,-88.626,-87.283,-85.452,-69.094,-59.45,-70.193,-86.306,-75.564,-74.465,-85.33,-83.987,-71.78,-75.808,-82.766,-68.117,-43.825,-30.763,-32.472,-32.472,-24.537,-24.415,-51.027,-86.062,-116.46,-146.86,-144.05,-16.602,221.32,-791.65,-1048.6,-965.12,-1178,-895.17,-1153.5,-1255,-323.37,367.2,606.1,626.12,98.148,-566.55,-538.83,-89.846,365.49,312.27,-78.86,-119.63,212.16,270.64,161.5,208.99,186.9,154.42,135.87,103.52,31.861,-41.383,-85.696,-145.63,-193.73,-196.91,-146.61,-77.395
-78.616,-82.156,-82.034,-79.104,-77.517,-81.912,-87.527,-101.81,-103.4,-101.57,-106.81,-99.368,-89.724,-81.79,-77.151,-73,-71.413,-71.535,-72.756,-76.418,-84.719,-86.428,-80.813,-71.169,-53.835,-74.099,-106.33,-129.89,-151.37,-135.14,-112.67,-782.86,-1064.1,-1052.8,-982.09,-233.53,-68.117,-300.18,-474.14,-313.24,-99.368,-136.84,-261.73,-202.64,-93.02,140.14,149.42,17.579,52.614,47.365,78.127,221.69,263.44,246.47,250.13,223.4,166.02,74.831,13.428,-118.9,-175.79,-251.96,-245.49,-172.25,-83.499,-70.07
-84.475,-91.8,-95.096,-95.706,-95.34,-101.69,-110.35,-108.04,-102.3,-101.81,-111.58,-117.56,-113.41,-107.67,-96.316,-98.148,-104.62,-100.83,-90.213,-82.4,-79.47,-75.198,-68.484,-53.224,-39.918,-18.067,-22.95,-14.527,-15.015,-66.652,-193.49,-392.1,-665.06,-1113.3,-886.26,-473.65,167.61,191.17,-642.6,-504.78,-40.773,-182.38,-199.22,-136.11,-91.311,-45.778,-35.401,-33.937,-97.781,-54.567,136.72,226.94,239.63,280.28,260.14,221.44,172.61,120.98,82.4,13.672,-100.71,-135.38,-149.91,-205.82,-197.76,-159.18
-45.778,-45.167,-41.139,-41.383,-41.993,-51.637,-60.183,-64.211,-71.657,-76.907,-89.969,-90.579,-87.405,-89.846,-101.81,-98.636,-95.828,-92.044,-90.945,-99.612,-111.09,-111.58,-107.43,-112.8,-103.76,-84.964,-79.958,-109.5,-167.73,-135.75,6.1037,-836.7,-1107.3,-1088.2,-1195.3,-537.98,70.437,-173.71,-462.66,-331.43,-61.525,-114.87,-351.82,-358.78,-145.63,321.3,343.88,88.26,-37.965,32.716,211.8,268.56,183.48,194.46,203.25,117.44,48.585,6.7141,-87.283,-152.84,-170.05,-166.63,-132.69,-122.68,-40.651,-46.022
-83.865,-87.649,-102.18,-113.9,-122.44,-131.47,-141.73,-150.64,-151.74,-147.71,-151.62,-159.79,-158.09,-152.59,-157.72,-164.8,-155.16,-146.24,-132.21,-98.392,-54.811,-45.289,-41.871,-41.993,-67.141,-42.238,-43.458,-93.387,-122.07,-198.37,-180.67,136.48,-1043.7,-899.69,-609.39,-71.535,62.136,-799.95,-428.48,86.428,-205.08,-255.62,-159.31,-84.841,-45.534,-42.482,-72.146,-37.843,121.46,209.6,256.36,328.87,303.84,167.49,246.35,170.05,10.498,46.022,-17.212,-182.26,-232.31,-156.25,-149.66,-149.54,-108.28,-126.35
-61.159,-63.478,-66.042,-69.216,-73.244,-77.883,-84.597,-92.532,-101.69,-106.08,-124.64,-143.8,-132.45,-136.48,-150.52,-138.55,-123.42,-116.95,-130.25,-143.93,-152.84,-156.99,-159.79,-132.94,-131.23,-117.31,-108.65,-55.055,2.0753,25.636,-48.83,-177.37,-8.301,13.672,-39.43,-144.54,34.181,-83.254,-145.15,-306.65,-405.04,-446.3,-516.01,-390.03,-325.69,-309.58,-193.24,-156.99,-105.59,-77.151,-58.596,-26.002,10.254,25.88,38.087,38.453,27.955,13.062,-6.2258,-24.171,-42.97,-48.219,-19.41,15.748,47.609,62.746
-55.177,-58.718,-63.478,-69.338,-72.146,-75.442,-85.818,-96.316,-101.93,-107.06,-114.51,-124.64,-129.4,-132.45,-144.54,-154.18,-156.5,-159.06,-161.75,-163.95,-150.76,-127.45,-116.82,-129.15,-161.38,-146.98,-136.84,-62.38,14.039,-60.305,-100.1,-63.478,48.463,14.893,45.778,-416.03,-541.28,-573.75,-510.64,-451.8,-359.87,-229.5,-101.81,-36.622,-4.0284,36.256,48.219,35.279,34.181,39.796,39.43,41.993,45.289,59.572,51.149,43.703,43.092,23.682,-2.6856,-40.529,-66.897,-75.442,-45.534,-22.462,22.95,62.258
103.4,95.34,78.616,61.403,56.032,40.529,14.405,4.0284,4.3947,-2.9298,24.781,30.396,36.012,42.482,35.524,36.744,39.674,53.835,56.52,48.097,44.191,48.341,52.614,46.632,39.186,28.321,20.997,20.264,26.246,39.43,63.234,44.435,-46.144,10.865,17.457,7.9348,3.296,48.463,54.933,37.355,20.875,4.6388,9.6438,19.044,20.508,32.35,48.341,47.121,46.022,33.204,20.631,17.823,5.3713,-1.2207,-5.3713,-6.7141,-7.5686,-11.353,0.12207,8.6673,16.846,30.519,30.519,7.9348,-15.87,-28.443
-31.495,-34.181,-40.284,-48.341,-47.121,-45.045,-50.905,-52.736,-61.892,-68.361,-74.221,-87.893,-98.148,-93.265,-89.114,-96.072,-103.4,-105.84,-109.99,-117.07,-122.81,-114.26,-102.05,-106.81,-165.29,-208.14,-199.35,-186.53,-154.42,-107.06,-26.368,83.499,287.36,247.08,-278.45,-207.65,-30.396,-466.44,-371.23,-462.54,-543.23,-591.2,-550.19,-435.68,-342.66,-276.38,-137.21,-35.89,0.73244,15.87,24.781,38.942,56.032,59.816,61.403,51.271,49.44,21.607,-26.368,-51.393,-60.793,-47.609,-13.428,31.373,50.539,31.129
-38.82,-41.383,-45.289,-46.999,-48.585,-53.102,-55.3,-53.957,-57.619,-76.174,-94.974,-107.91,-115.24,-108.28,-105.47,-121.46,-134.4,-130.25,-120.12,-122.07,-125.61,-138.31,-167.24,-191.9,-255.87,-267.59,-274.67,-175.79,-46.632,55.3,318.86,-29.054,-441.79,131.84,325.94,-177.25,-318.37,-286.14,-362.93,-517.84,-514.05,-482.92,-342.91,-326.67,-271.49,-177.25,-119.27,-85.086,-49.44,-12.452,24.537,52.126,72.146,71.413,46.876,17.701,-1.2207,-18.067,-38.697,-53.224,-41.749,-19.776,10.62,23.927,11.719,-4.2726
-52.736,-53.957,-55.788,-60.915,-68.484,-73.244,-73.733,-75.32,-78.249,-83.132,-93.265,-101.81,-101.32,-102.18,-115.85,-133.92,-138.19,-126.59,-109.62,-88.626,-96.805,-115.73,-155.28,-182.99,-191.41,-225.35,-177.01,-87.039,62.136,208.01,-7.2024,-208.5,-148.08,121.34,193.73,-153.57,-292.25,-236.34,-427.14,-568.01,-532.61,-464.74,-363.29,-330.33,-259.9,-192.39,-156.01,-128.42,-94.974,-34.303,13.916,55.055,62.624,49.562,20.386,4.1505,-9.1556,-15.015,-23.194,-55.91,-55.788,-34.303,-2.6856,1.8311,9.3997,17.823
-51.393,-61.525,-63.845,-66.897,-72.39,-76.785,-87.893,-91.8,-90.213,-97.293,-110.48,-116.7,-115.36,-116.46,-121.71,-129.52,-138.31,-137.46,-135.26,-142.22,-153.57,-169.07,-178.84,-223.15,-249.15,-176.52,-55.666,-12.085,16.846,140.51,379.41,-81.301,-106.94,95.828,159.67,-349.25,-382.95,-420.18,-532.49,-613.06,-489.64,-333.75,-338.88,-283.58,-200.81,-104.74,-59.694,-27.955,9.6438,42.604,67.873,74.709,67.629,47.487,30.396,15.381,0.12207,-21.241,-41.261,-70.193,-85.818,-57.985,-44.557,-30.152,-8.5452,19.654
-60.183,-69.338,-76.418,-76.174,-75.076,-79.226,-90.335,-96.316,-99.979,-98.758,-100.59,-108.28,-117.31,-125,-133.43,-142.95,-145.15,-141.61,-133.67,-130.5,-122.56,-122.68,-129.52,-144.05,-136.72,-63.478,-67.141,-77.883,-125.86,-213.63,-402.72,-382.82,-362.8,-118.29,-71.413,-255.62,-536.39,-307.38,-348.4,-244.39,-98.025,5.9816,53.346,99.734,122.2,84.841,37.965,14.893,24.171,65.92,103.64,90.213,52.98,39.918,46.51,44.557,29.176,9.5218,-12.696,-64.577,-64.333,-47.731,-55.177,-62.868,-40.04,-29.298
-30.274,-32.35,-35.646,-39.308,-43.092,-50.417,-54.933,-61.403,-64.821,-68.361,-69.338,-71.047,-77.395,-87.893,-100.96,-111.94,-119.51,-115.36,-118.9,-124.03,-131.84,-147.83,-164.56,-167.73,-148.2,-113.16,-86.428,-91.311,-101.2,-39.308,-0.4883,18.677,105.11,777.12,-435.44,-835.72,-272.23,49.928,-162.36,-772.97,-691.31,-459.12,-477.43,-342.91,-260.99,-193.49,-144.41,-89.724,-78.494,-78.616,-68.85,-56.154,-36.012,-17.212,-12.696,-37.721,-50.417,-36.744,2.8077,-21.729,-32.96,-36.988,-27.1,-16.114,-15.625,-3.0519
-79.714,-86.917,-94.119,-101.2,-117.44,-129.03,-130.13,-133.3,-137.58,-138.07,-150.03,-146.49,-134.89,-135.38,-162.97,-228.77,-273.32,-282.11,-237.43,-184.09,-87.893,40.407,88.382,293.71,-182.26,-140.26,113.28,128.18,48.708,-297.01,-290.29,-363.66,-585.47,-615.38,-515.4,-348.4,-340.83,-278.08,-139.77,-65.554,-62.868,-26.002,32.472,68.484,85.818,103.15,83.499,45.534,8.9114,2.6856,0.4883,-12.696,-24.781,-47.487,-58.84,-33.815,-16.602,-27.223,-45.167,-28.932,-31.251,-25.391,-14.039,16.236,53.102,103.03
-48.952,-54.079,-62.624,-68.972,-73.366,-75.686,-81.057,-84.353,-83.865,-83.377,-90.335,-100.1,-104.74,-109.62,-111.45,-106.45,-104.25,-116.82,-127.93,-141.61,-134.16,-119.39,-163.34,-235.11,-257.58,-240.73,-113.53,36.5,71.413,220.71,401.5,-506,-73.489,233.16,192.63,-138.55,-225.84,-300.91,-525.28,-585.71,-552.14,-369.88,-350.96,-297.49,-182.26,-106.94,-68.972,-25.269,6.9582,30.396,61.281,76.052,61.647,27.955,3.0519,-2.8077,-9.1556,-23.927,-39.186,-49.318,-57.131,-64.089,-55.055,-34.303,-35.646,-32.838
-53.713,-57.619,-62.746,-66.53,-74.099,-81.057,-85.94,-96.927,-98.88,-106.45,-113.9,-121.1,-123.78,-131.11,-140.63,-137.82,-133.67,-142.7,-152.1,-157.6,-161.38,-164.56,-174.81,-200.08,-205.08,-202.03,-182.13,-59.084,85.818,144.54,165.41,-87.649,-107.55,13.794,124.15,-285.9,-421.03,-561.91,-668.72,-502.46,-407.73,-332.9,-259.65,-118.78,-19.166,28.077,56.398,71.291,80.447,75.32,73.977,68.728,40.773,21.241,19.41,16.114,9.7659,-12.452,-15.381,-41.871,-63.356,-65.065,-64.333,-66.53,-55.177,-38.942
-35.157,-45.167,-55.666,-52.37,-50.417,-58.84,-69.46,-78.616,-84.353,-88.748,-96.561,-102.66,-101.57,-109.87,-122.68,-131.23,-141.73,-145.15,-129.89,-109.26,-128.79,-172,-201.79,-202.89,-206.55,-166.75,-154.91,6.1037,81.668,285.16,281.87,-110.11,-6.7141,0.36622,-104.5,-293.71,-372.69,-395.52,-569.23,-627.09,-512.83,-361.83,-337.29,-246.47,-185.43,-126.22,-71.047,-41.017,-2.3194,35.646,58.596,67.019,57.375,38.087,34.547,27.1,7.3244,-25.269,-32.96,-40.407,-46.51,-50.539,-29.542,-6.2258,0.24415,8.9114
-60.183,-69.338,-76.418,-76.174,-75.076,-79.226,-90.335,-96.316,-99.979,-98.758,-100.59,-108.28,-117.31,-125,-133.43,-142.95,-145.15,-141.61,-133.67,-130.5,-122.56,-122.68,-129.52,-144.05,-136.72,-63.478,-67.141,-77.883,-125.86,-213.63,-402.72,-382.82,-362.8,-118.29,-71.413,-255.62,-536.39,-307.38,-348.4,-244.39,-98.025,5.9816,53.346,99.734,122.2,84.841,37.965,14.893,24.171,65.92,103.64,90.213,52.98,39.918,46.51,44.557,29.176,9.5218,-12.696,-64.577,-64.333,-47.731,-55.177,-62.868,-40.04,-29.298
-42.604,-45.289,-46.876,-50.661,-55.544,-59.45,-66.286,-65.798,-67.751,-75.442,-83.743,-86.673,-89.602,-95.828,-103.03,-109.74,-107.55,-110.23,-109.99,-108.16,-123.91,-125.98,-125.13,-137.46,-177.13,-193.12,-162.97,-120.12,-97.049,-100.71,-76.54,389.66,-503.92,-439.59,-230.11,-20.631,-111.94,-497.33,-542.99,-559.59,-476.94,-350.84,-275.4,-194.22,-158.57,-120.73,-78.982,-25.147,10.01,27.589,57.497,82.034,59.694,38.453,15.625,-3.0519,4.1505,-15.137,-32.96,-26.734,-25.391,-30.152,-17.701,-11.841,-5.6154,2.9298
-35.646,-39.308,-43.092,-50.417,-54.933,-61.403,-64.821,-68.361,-69.338,-71.047,-77.395,-87.893,-100.96,-111.94,-119.51,-115.36,-118.9,-124.03,-131.84,-147.83,-164.56,-167.73,-148.2,-113.16,-86.428,-91.311,-101.2,-39.308,-0.4883,18.677,105.11,777.12,-435.44,-835.72,-272.23,49.928,-162.36,-772.97,-691.31,-459.12,-477.43,-342.91,-260.99,-193.49,-144.41,-89.724,-78.494,-78.616,-68.85,-56.154,-36.012,-17.212,-12.696,-37.721,-50.417,-36.744,2.8077,-21.729,-32.96,-36.988,-27.1,-16.114,-15.625,-3.0519,9.2776,2.1973
-40.162,-41.139,-43.825,-48.952,-54.079,-59.206,-61.647,-64.089,-74.831,-97.659,-91.067,-91.8,-89.969,-91.922,-98.636,-107.43,-117.31,-121.46,-127.69,-138.43,-151.98,-169.32,-181.89,-175.3,-162.11,-170.05,-88.992,-80.691,-70.925,-46.266,-4.2726,352.67,78.738,-581.44,-285.41,53.102,-187.14,-535.29,-532.85,-501.97,-474.62,-358.9,-307.26,-230.35,-148.93,-99.124,-55.788,-12.207,22.217,36.5,32.838,41.261,27.345,11.475,21.973,4.2726,-8.7893,-33.448,-37.721,-32.838,-36.988,-25.636,-30.519,-35.401,-20.508,-40.895
-40.773,-41.871,-47.121,-51.271,-52.126,-55.3,-57.131,-64.455,-69.948,-71.169,-78.982,-87.893,-92.288,-98.025,-105.84,-108.28,-108.04,-119.27,-130.38,-135.38,-135.5,-133.18,-135.26,-139.04,-159.18,-184.21,-193.73,-152.1,-133.06,-120.37,-156.74,-176.4,-92.776,524.92,491.84,-773.95,-362.68,-118.05,-118.66,-521.38,-527.6,-550.55,-419.69,-350.84,-292.73,-219.49,-129.52,-69.948,-36.988,-2.4415,20.508,22.34,19.654,25.147,12.818,-9.0335,-15.503,-22.828,-31.983,-47.853,-37.599,-34.425,-27.467,-18.677,-21.973,-20.142
-15.992,-19.898,-23.927,-24.049,-24.415,-26.856,-33.57,-40.04,-47.121,-54.933,-53.468,-59.816,-63.601,-67.263,-72.268,-82.034,-98.392,-104.25,-95.706,-90.701,-99.246,-102.79,-113.28,-146.73,-187.75,-216.44,-194.83,-170.42,-197.88,-117.31,-65.432,110.11,297.01,485,-683,-398.21,-344,-444.96,-494.28,-544.69,-465.83,-429.46,-364.15,-271.74,-206.43,-136.72,-94.729,-85.818,-60.915,-27.345,-0.12207,12.085,15.625,-4.6388,-23.927,-48.708,-47.853,-47.609,-58.107,-70.193,-76.907,-64.455,-41.139,-38.331,-29.542,-6.9582
-46.876,-49.074,-50.539,-54.323,-57.253,-58.718,-60.183,-64.333,-69.582,-74.831,-75.686,-83.499,-93.509,-107.55,-118.53,-125.98,-125.61,-132.33,-136.6,-125.25,-103.64,-77.273,-85.33,-102.3,-128.18,-152.59,-192.63,-195.68,-198,-243.17,-282.85,-146.73,289.68,102.18,-208.5,-25.88,-328.01,-293.47,-253.43,-447.65,-409.44,-480,-436.41,-321.79,-254.77,-184.94,-125.61,-71.78,-35.401,10.132,35.89,63.356,83.377,76.785,53.224,21.485,0.61037,-9.1556,-10.01,-5.3713,-10.62,-26.734,-8.7893,-12.452,-12.574,-3.0519
-34.425,-40.773,-47.609,-48.585,-46.999,-48.097,-53.346,-59.694,-66.042,-69.582,-74.221,-74.099,-78.494,-89.358,-98.88,-113.65,-128.54,-130.01,-131.84,-139.41,-141.48,-143.19,-129.64,-127.45,-148.69,-158.09,-147.1,-105.23,-45.9,-60.549,-33.937,66.897,11.475,-161.5,-52.614,-146.37,-252.94,-322.03,-312.02,-415.42,-405.53,-407.24,-351.94,-276.74,-185.67,-146,-121.95,-87.649,-56.52,-43.214,-25.88,3.4181,19.654,12.574,10.376,11.963,10.865,8.7893,-7.4465,-19.288,-14.771,-24.781,-43.458,-58.962,-64.455,-45.167
-42.36,-38.087,-41.383,-54.201,-60.671,-58.84,-60.549,-65.798,-70.925,-75.93,-74.343,-78.372,-88.992,-96.805,-103.64,-137.58,-181.4,-232.55,-255.5,-251.23,-216.93,-172.98,-88.504,-33.326,-18.311,9.5218,238.29,20.386,-99.734,25.758,-250.5,-263.19,-272.59,-301.28,-402.11,-384.78,-381.73,-358.41,-279.79,-223.4,-203.99,-188.24,-158.7,-126.83,-89.846,-77.029,-44.801,-9.3997,-14.771,-5.7375,-0.36622,18.921,32.594,21.973,4.5167,1.2207,15.381,12.085,-0.12207,-8.9114,-9.888,-12.329,-16.236,-2.4415,0.61037,12.94
-36.622,-41.261,-46.144,-50.783,-56.52,-62.136,-64.211,-62.258,-62.868,-68.85,-80.081,-92.166,-111.58,-120.98,-120,-117.07,-118.17,-119.39,-126.83,-146.61,-181.28,-213.87,-235.97,-250.25,-253.06,-236.09,-179.57,-132.82,-85.696,-41.871,-20.631,18.311,345.23,-138.31,-31.007,116.09,6.592,-196.05,-195.2,-293.83,-428.97,-452.65,-458.14,-399.79,-326.79,-250.01,-202.64,-177.13,-143.56,-96.072,-63.112,-30.03,5.2492,38.087,40.895,17.09,16.602,12.452,14.893,18.677,10.865,6.592,-2.4415,-7.4465,-7.8127,-7.9348
-36.5,-36.744,-40.529,-42.36,-49.074,-49.562,-49.196,-51.271,-56.154,-65.188,-70.559,-74.465,-79.104,-86.062,-92.776,-96.561,-102.91,-112.67,-112.19,-110.48,-113.28,-117.31,-130.86,-138.55,-141.24,-180.79,-205.82,-226.45,-258.06,-249.15,-226.57,-158.21,-58.473,21.363,193.98,-189.58,-41.627,232.43,-23.316,-98.025,-112.19,-143.68,-245.12,-391.49,-424.57,-454.97,-411.39,-310.92,-260.38,-178.11,-166.63,-115.85,-78.372,-41.139,-7.4465,27.1,39.918,28.565,27.589,24.903,15.381,3.9064,-8.301,-34.913,-38.575,-25.88
-49.806,-50.661,-59.694,-71.902,-81.301,-87.405,-90.823,-97.171,-106.57,-116.09,-128.79,-144.05,-161.63,-168.34,-167.85,-168.95,-197.15,-226.45,-242.81,-255.99,-240.61,-189.58,-127.2,-31.129,19.288,59.816,95.828,41.383,-259.41,195.32,51.759,-146.37,-201.3,-298.72,-380.99,-485.73,-567.4,-496.72,-435.32,-346.81,-229.01,-126.47,-40.284,2.4415,37.965,69.338,92.166,105.11,99.979,76.052,50.661,25.513,2.6856,-20.386,-36.866,-57.375,-51.393,-46.754,-56.642,-41.261,-43.947,-57.863,-48.952,-20.997,10.987,29.908
-8.9114,-6.8361,-9.3997,-7.6907,-2.9298,-4.0284,-5.3713,-5.4933,0.24415,0.73244,-1.2207,3.9064,0.4883,-20.997,-38.453,-37.599,-14.771,6.4699,-0.12207,-21.973,-20.875,-15.992,-45.412,-92.776,-156.38,-214.97,-242.93,-217.05,-78.738,260.99,533.22,250.25,-833.64,-140.14,-175.66,-248.66,-300.91,-411.39,-559.59,-579,-596.21,-458.39,-268.07,-161.87,-156.62,-315.56,-233.04,30.274,296.76,258.19,159.92,324.23,497.21,84.231,-31.983,176.27,2.8077,-144.41,35.768,203.74,49.806,32.228,-27.711,-47.243,-39.43,-32.105
-61.892,-51.759,-48.341,-47.243,-38.331,-33.692,-37.965,-30.519,-10.01,30.519,59.694,50.417,47.975,58.962,84.841,93.142,13.672,-82.644,-96.805,-55.055,-96.072,-152.23,-236.95,-593.77,-786.4,-519.3,-383.07,-588.4,-518.94,-258.19,-214.36,-259.53,-293.22,-344.37,-456.07,-427.26,-63.967,83.621,169.8,189.83,135.5,156.38,141.12,125.86,52.126,10.132,20.753,87.405,55.177,-89.236,-80.813,73,103.76,71.78,-47.731,-189.7,-131.96,-74.343,-77.273,-51.759,-48.708,-75.564,-95.828,-92.044,-58.473,-21.119
-13.672,-5.9816,7.0803,11.597,13.794,15.381,-5.9816,-15.992,-26.978,-38.697,-39.918,-25.636,2.6856,-6.9582,-49.806,-84.475,-89.114,-80.569,-69.216,-3.0519,63.845,30.519,-90.945,-151.62,-112.55,-98.514,-111.82,256.72,306.53,193.61,-52.858,-341.07,-467.91,-614.89,-678.12,-633.69,-533.34,-432.75,-671.04,-632.71,-216.44,87.527,176.52,268.93,248.05,159.67,233.65,294.93,263.44,183.36,52.736,-75.808,-195.93,-237.92,-128.3,55.055,64.943,55.055,112.8,104.62,75.198,56.154,-127.69,-182.01,-111.94,-52.37
-5.3713,-2.1973,0.36622,4.7609,7.8127,14.283,19.288,8.179,-18.677,-58.718,-99.612,-114.38,-94.852,-72.268,-64.821,-62.868,-52.98,-47.731,-62.014,-105.23,-186.53,-135.14,57.863,-194.1,-417,-241.83,-327.52,-193.98,-271.74,-483.66,-574.6,-528.82,-436.17,-259.41,-69.338,-206.67,-348.89,-65.31,120.24,216.07,140.39,34.547,96.927,395.89,586.57,591.45,256.11,-163.21,-275.89,-152.96,16.236,24.903,-111.33,-169.68,-101.93,-44.069,-48.585,-29.908,-32.594,-83.987,-83.132,-46.388,7.0803,10.865,12.207,4.2726
-93.142,-92.654,-98.88,-107.18,-112.19,-116.21,-119.51,-123.78,-131.84,-139.29,-141.73,-140.39,-141.97,-150.64,-168.1,-177.74,-170.29,-160.53,-163.7,-187.14,-210.58,-221.93,-213.39,-202.03,-186.77,-137.46,-56.764,48.341,97.781,-117.07,-538.47,-656.03,-432.63,-19.898,-16.724,-16.358,-21.973,-26.246,-24.293,-20.875,-21.363,-23.072,-28.321,-32.35,-33.57,-33.937,-32.35,-32.716,-36.744,-38.82,-42.604,-37.965,-38.331,-42.604,-42.36,-46.876,-53.591,-57.497,-59.816,-63.112,-68.239,-72.878,-74.953,-77.029,-77.395,-85.94
-92.776,-98.514,-103.03,-105.59,-111.33,-118.17,-126.35,-134.53,-145.15,-152.1,-149.42,-150.76,-161.75,-169.32,-167.61,-163.7,-173.22,-189.46,-195.81,-196.78,-207.4,-237.43,-292,-323.25,-279.55,-166.51,22.217,248.79,330.09,100.1,-534.81,-654.56,-577.65,-31.007,-33.082,-33.204,-32.472,-29.42,-31.129,-36.378,-37.599,-37.965,-35.035,-44.069,-50.661,-44.679,-45.167,-46.632,-48.585,-55.788,-60.793,-62.868,-64.089,-67.019,-61.403,-64.943,-68.85,-71.657,-71.78,-75.686,-79.836,-80.081,-81.79,-83.621,-88.015,-89.724
-93.142,-97.171,-97.293,-100.71,-109.5,-114.26,-117.07,-119.39,-121.59,-126.96,-137.58,-147.1,-146.61,-159.79,-173.22,-178.35,-178.35,-183.48,-196.66,-217.17,-239.14,-258.31,-294.56,-363.17,-382.7,-368.66,-311.9,-143.56,110.48,248.79,-3.296,-418.23,-263.44,-23.072,-22.462,-22.34,-20.753,-22.095,-20.386,-21.851,-28.077,-28.077,-28.932,-31.129,-33.448,-35.279,-36.134,-35.157,-35.768,-39.43,-44.923,-48.708,-46.144,-49.318,-45.9,-50.05,-60.671,-62.014,-63.601,-68.117,-70.559,-74.709,-78.86,-81.423,-82.4,-94.119
-101.81,-106.45,-112.67,-117.31,-122.07,-130.25,-137.21,-143.31,-149.66,-158.7,-169.07,-170.66,-176.76,-176.89,-181.16,-199.84,-214.61,-217.41,-225.1,-245.98,-276.25,-306.53,-341.81,-372.94,-371.23,-327.65,-219.61,22.34,322.89,294.81,-145.63,-816.55,-228.03,-31.495,-31.861,-28.077,-29.298,-34.913,-37.111,-35.401,-31.251,-30.519,-33.692,-34.059,-35.89,-35.157,-29.664,-31.373,-27.711,-30.885,-36.134,-36.378,-39.308,-40.895,-45.045,-47.853,-51.515,-58.473,-56.276,-63.112,-69.46,-71.535,-75.93,-82.766,-90.091,-93.631
-97.415,-103.52,-112.06,-119.63,-123.66,-121.59,-131.35,-136.36,-139.16,-149.42,-159.31,-160.28,-161.02,-166.63,-173.35,-185.06,-201.3,-217.78,-252.82,-286.87,-314.83,-331.31,-324.35,-298.84,-240.36,-78.616,216.32,471.33,409.07,-73.244,-799.58,-736.35,-454.97,-15.137,-19.044,-19.166,-22.584,-22.217,-24.293,-28.199,-31.739,-37.111,-37.843,-40.04,-40.162,-45.656,-49.928,-54.811,-57.985,-62.99,-56.887,-61.892,-61.403,-61.403,-68.728,-70.559,-78.127,-82.522,-85.086,-87.039,-89.114,-91.433,-92.288,-91.678,-98.148,-100.22
-103.76,-105.84,-111.21,-115.85,-120.73,-125.61,-130.25,-136.72,-145.02,-142.83,-149.05,-159.31,-164.31,-178.59,-186.16,-192.75,-213.14,-252.57,-293.47,-304.33,-287.61,-272.71,-270.15,-277.72,-277.35,-243.42,-157.35,23.682,248.54,238.65,-344.25,-907.5,-250.25,-20.875,-26.612,-19.776,-17.212,-25.025,-27.345,-29.542,-30.763,-27.1,-28.199,-33.815,-36.256,-30.519,-31.983,-35.035,-36.744,-40.773,-43.092,-44.679,-46.632,-48.952,-51.759,-53.468,-55.055,-54.933,-62.624,-62.014,-64.211,-74.831,-79.958,-86.306,-92.532,-96.438
-101.44,-108.04,-115.12,-116.7,-125.25,-134.04,-139.9,-145.63,-151.49,-158.21,-163.34,-172,-184.09,-198.13,-207.4,-203.99,-204.47,-217.9,-239.88,-258.92,-268.2,-289.19,-319.22,-349.62,-379.04,-344.49,-155.03,140.51,310.8,269.54,-465.35,-791.04,-187.26,-41.871,-38.942,-37.355,-35.524,-32.716,-40.407,-40.284,-38.82,-41.139,-47.609,-50.05,-48.219,-47.487,-46.144,-48.219,-45.289,-45.167,-47.731,-49.318,-48.585,-48.83,-48.585,-49.318,-52.37,-55.666,-56.764,-61.037,-67.385,-63.723,-70.559,-73.122,-72.39,-83.132
-91.311,-97.903,-105.47,-116.46,-124.15,-130.74,-137.94,-141.97,-154.67,-164.68,-175.79,-184.33,-193.61,-203.86,-206.55,-204.11,-211.07,-222.54,-225.35,-227.67,-244.03,-273.81,-287.73,-288.09,-291.02,-283.46,-205.69,-17.212,176.03,254.16,-370.86,-789.09,-232.92,-227.91,-20.142,-22.462,-24.049,-24.293,-26.246,-27.711,-26.734,-26.368,-31.739,-32.96,-33.937,-36.256,-38.575,-40.162,-40.895,-42.116,-44.557,-47.975,-50.417,-47.243,-55.422,-52.004,-58.84,-63.478,-67.751,-73.366,-77.517,-80.081,-84.353,-88.626,-93.265,-93.142
-103.15,-108.77,-115.6,-123.54,-132.57,-139.65,-146.49,-153.57,-161.5,-168.71,-174.69,-180.18,-179.82,-192.02,-188.24,-192.02,-201.91,-207.77,-216.07,-214.97,-203.01,-210.58,-219.86,-210.21,-200.81,-192.63,-190.68,-169.68,-93.02,41.017,211.55,-299.69,-479.02,-220.22,-6.1037,-7.0803,-9.888,-9.5218,-10.376,-11.963,-13.55,-15.748,-15.015,-18.921,-24.537,-25.025,-26.856,-29.054,-31.007,-31.007,-32.838,-36.622,-34.303,-39.796,-43.214,-41.017,-44.435,-52.004,-53.835,-57.253,-60.549,-64.333,-69.094,-71.902,-75.32,-80.203
-86.55,-91.067,-96.072,-100.34,-103.03,-106.57,-111.94,-118.66,-126.71,-132.21,-141.73,-146.24,-149.42,-162.48,-177.25,-189.09,-208.5,-238.53,-257.21,-250.13,-239.63,-241.58,-248.79,-244.76,-218.88,-138.68,33.57,178.47,154.06,-67.385,-270.88,-675.8,-588.03,-395.76,-9.3997,-11.719,-13.794,-14.649,-13.55,-11.719,-12.329,-11.841,-17.212,-20.997,-22.828,-27.223,-27.711,-31.129,-36.988,-40.162,-39.308,-37.233,-38.209,-42.848,-45.289,-44.557,-48.83,-44.923,-43.214,-53.468,-60.793,-63.601,-65.92,-69.948,-72.268,-75.564
-76.418,-80.447,-87.649,-91.311,-93.509,-98.88,-104.13,-108.04,-111.09,-116.46,-124.15,-130.74,-134.89,-149.3,-161.87,-169.68,-180.79,-200.93,-223.27,-239.02,-246.47,-247.2,-251.72,-247.44,-235.11,-237.19,-228.4,-175.54,-73.733,57.253,178.84,141.48,-79.592,-731.22,-15.625,-15.259,-13.55,-15.992,-18.921,-18.311,-15.625,-19.654,-18.311,-17.212,-20.142,-20.142,-21.119,-22.462,-23.316,-26.734,-27.223,-27.833,-32.594,-31.739,-33.57,-31.861,-36.988,-46.388,-45.9,-54.201,-61.403,-62.014,-66.286,-72.512,-76.54,-76.54
-82.766,-89.724,-95.462,-103.27,-107.91,-114.26,-120.73,-125.74,-131.35,-139.9,-150.4,-161.38,-161.5,-160.65,-176.03,-196.42,-203.25,-203.99,-214.97,-238.17,-269.3,-291.02,-291.15,-283.58,-271.86,-218.15,-70.559,165.9,401.62,391.49,85.452,-379.04,-801.17,-528.09,-16.724,-15.992,-14.893,-13.306,-13.916,-13.55,-17.823,-17.457,-18.677,-19.654,-22.462,-22.95,-25.025,-26.734,-30.519,-34.059,-29.542,-31.251,-26.49,-32.96,-36.256,-44.313,-47.487,-47.731,-49.806,-50.172,-52.736,-56.398,-54.201,-63.845,-67.751,-73.977
-77.029,-83.377,-88.382,-92.044,-95.95,-99.612,-107.06,-111.7,-112.67,-121.95,-125.37,-135.14,-149.78,-154.06,-154.67,-165.04,-187.02,-197.76,-193.24,-200.08,-228.52,-257.33,-269.05,-267.95,-263.92,-246.59,-208.87,-151.01,-59.328,51.149,160.16,139.65,-89.358,-698.02,13.672,13.794,17.09,20.02,19.288,20.264,27.589,26.002,22.584,30.396,31.861,26.978,33.815,36.134,34.303,35.646,36.622,38.942,44.191,45.045,43.703,46.876,47.365,47.243,48.219,50.05,52.736,56.642,62.014,71.047,68.484,67.141
75.686,76.662,72.512,81.301,93.387,98.514,102.05,103.76,113.04,130.25,147.1,160.16,154.18,151.25,182.01,224.01,251.23,264.9,265.76,239.14,212.16,209.6,237.8,252.08,197.88,126.47,112.8,155.4,200.45,158.57,79.104,104.86,-256.36,-29.786,11.109,13.55,15.87,10.743,8.0569,15.381,19.166,13.306,15.992,22.828,23.927,25.025,27.711,28.321,30.763,29.42,37.111,39.918,43.703,42.726,35.401,38.942,49.196,55.055,58.84,62.868,61.647,61.647,69.216,75.93,77.639,80.691
89.846,96.683,99.368,103.64,114.38,129.03,135.38,139.65,137.94,142.34,163.82,183.72,193,196.05,201.54,218.76,228.52,235.85,268.81,320.93,390.76,464,483.17,346.93,174.57,116.82,125,142.58,158.82,162.36,119.39,112.43,-205.69,-1092.2,20.508,17.09,18.433,22.217,22.462,24.049,20.631,19.41,25.88,33.815,30.396,27.1,33.082,35.279,37.721,39.43,42.726,41.749,41.139,44.557,44.435,46.999,53.835,53.835,54.201,52.858,57.863,59.572,63.234,65.92,66.164,66.652
67.995,71.047,78.738,93.753,97.293,90.945,95.218,109.62,123.29,127.2,130.99,141.48,157.48,175.79,184.09,186.53,198.25,215.7,230.48,241.83,244.76,241.95,248.66,267.71,282.11,296.27,299.45,271.25,214.36,191.78,192.14,270.88,-758.08,-133.3,10.01,10.132,13.184,17.701,19.654,16.48,17.335,20.508,26.49,32.96,23.194,20.386,31.373,32.35,30.885,32.228,33.204,39.552,45.412,39.796,39.064,47.243,50.172,49.806,56.52,60.305,58.351,61.281,69.704,74.465,71.657,70.559
82.522,85.574,82.156,86.428,95.096,99.124,104.86,116.82,127.57,132.82,142.7,160.77,174.81,175.42,177.25,200.2,225.84,240.12,239.63,244.64,264.66,287.73,304.33,313.97,318.98,318.98,304.21,253.55,194.1,140.26,101.44,165.41,181.16,-1680.3,12.818,13.916,15.381,18.311,19.898,23.194,24.415,25.513,28.809,31.495,31.129,31.373,33.57,39.308,42.116,38.82,41.627,46.999,46.632,52.492,52.858,48.83,52.858,55.055,53.224,55.422,61.281,63.478,60.305,61.769,68.117,71.413
77.151,85.452,88.992,88.504,89.969,93.875,105.84,116.46,119.63,123.29,123.42,125.86,145.51,159.92,163.58,169.19,176.15,182.74,196.42,211.55,229.74,265.51,317.27,365.98,388.68,380.87,353.4,316.78,300.91,301.89,251.35,121.34,-68.972,-1386,2.0753,3.9064,0.36622,-0.4883,5.2492,3.1739,3.5401,12.818,14.283,10.498,10.498,15.503,16.114,14.893,19.41,15.992,18.799,29.054,25.513,22.462,31.861,33.692,31.007,35.035,41.749,48.585,50.661,50.539,50.539,58.596,67.507,71.413
76.662,86.917,96.927,105.11,113.53,122.68,133.18,144.9,156.38,161.99,169.8,181.65,191.41,207.53,222.79,232.67,242.93,262.46,294.56,329.97,372.45,425.67,489.52,524.06,432.14,230.6,109.62,97.171,116.7,101.2,39.43,-8.301,186.04,-477.8,-2.9298,-3.296,-7.5686,-4.5167,5.7375,11.231,11.597,13.062,5.8596,11.719,20.753,13.794,14.771,22.095,24.659,26.368,29.542,37.111,37.721,34.547,35.524,39.43,44.069,48.83,51.759,53.957,57.497,59.694,66.408,70.437,69.46,78.738
77.639,77.273,85.208,90.091,97.293,109.62,107.67,105.47,114.26,127.57,140.63,149.42,149.91,149.42,156.38,169.56,186.9,201.54,204.6,204.84,224.01,272.35,327.28,368.42,391.86,426.53,473.77,506.49,505.14,454.97,299.69,211.19,117.07,-383.56,5.3713,3.6622,4.0284,8.301,11.841,13.184,9.3997,9.6438,11.963,12.818,13.062,15.503,17.945,19.898,21.607,24.903,30.03,30.152,33.448,40.284,39.064,40.895,47.365,46.388,48.219,55.544,59.694,63.356,66.652,70.437,80.081,82.278
79.104,79.714,85.696,90.579,95.584,100.83,104.74,106.57,114.87,124.15,126.71,133.79,151.37,159.79,170.66,185.55,202.52,223.88,247.44,270.03,293.83,305.8,294.32,276.86,265.88,251.35,248.54,274.67,297.01,277.84,247.08,348.64,-184.21,-493.3,17.579,9.1556,6.4699,11.719,10.987,10.987,14.527,17.945,19.166,18.311,23.804,21.607,20.753,26.49,28.321,26.368,28.809,34.425,37.111,37.355,38.209,43.458,43.58,44.313,54.933,57.131,48.219,55.055,60.06,61.159,65.31,67.629
69.948,74.099,79.592,82.644,85.086,93.631,99.612,102.79,107.91,113.77,122.81,128.91,133.55,146,162.72,168.95,169.8,201.18,256.97,309.58,323.13,296.03,283.09,310.07,342.91,349.62,346.08,343.39,337.41,298.59,203.13,278.82,-572.89,-123.78,12.574,12.329,14.771,14.283,16.48,17.579,12.574,14.649,18.433,20.753,24.415,22.706,18.555,21.607,26.856,29.176,30.152,28.443,29.908,36.5,41.139,39.674,43.58,48.341,48.463,53.468,59.45,60.549,60.305,64.943,69.216,76.052
81.423,85.94,93.02,93.875,97.171,107.91,113.65,119.75,124.27,127.69,138.19,156.01,170.29,167.61,169.68,198.61,224.25,230.11,229.62,233.53,238.29,246.71,264.78,277.47,264.66,243.05,247.08,271.86,269.78,250.5,217.29,283.46,-531.63,1242.2,13.306,10.865,8.9114,11.231,14.527,17.945,17.09,12.574,11.963,17.457,25.636,23.316,15.748,17.579,25.391,28.077,26.978,29.786,32.96,34.547,38.575,44.557,44.069,45.656,51.393,54.445,56.032,57.863,57.375,58.84,65.065,70.803
74.709,77.273,79.592,85.94,89.846,91.8,95.34,99.979,105.23,110.6,116.82,126.22,135.38,141,151.13,167.49,186.9,203.86,217.17,222.3,224.37,235.72,259.77,289.8,308.24,304.57,295.3,298.35,311.41,345.71,380.75,377.82,438.86,-188.97,13.672,12.696,14.405,17.335,18.799,18.677,15.87,18.799,23.194,23.194,22.462,26.49,28.321,29.908,31.129,32.35,35.768,39.064,42.116,44.313,43.092,45.412,45.778,47.853,52.736,52.98,52.126,56.032,58.718,64.821,68.361,64.333
62.868,70.437,79.836,81.79,84.353,89.358,94.852,101.81,110.6,122.07,134.04,142.83,152.23,170.78,192.75,203.5,207.4,222.66,251.96,273.45,281.62,291.02,305.8,322.15,339.61,338.51,310.56,277.23,259.9,259.53,284.31,448.01,-431.41,1677.4,11.109,14.283,20.02,18.311,19.166,20.997,15.015,17.212,24.171,20.997,19.532,22.828,23.072,30.641,35.157,34.181,35.035,39.796,41.383,45.778,50.417,50.661,50.05,50.417,56.032,62.746,65.31,66.408,69.338,74.953,79.47,86.917
92.166,87.283,87.771,102.18,116.7,121.1,118.05,123.29,134.77,142.46,149.91,162.85,177.01,184.7,193.24,220.71,265.76,281.38,230.48,117.68,9.888,23.804,203.86,357.43,439.47,482.31,482.07,442.52,343.88,76.54,-73.122,-247.93,-893.83,349.86,12.207,10.132,12.696,13.062,15.259,17.579,19.044,13.794,9.888,13.062,18.555,18.921,22.095,27.345,30.885,31.739,35.646,41.749,39.064,36.5,42.97,50.905,52.858,54.567,56.52,65.432,71.78,73.489,79.226,81.301,82.888,83.865
88.626,96.194,100.34,101.44,104.62,111.09,117.19,116.09,114.38,125.13,135.75,141.12,146,156.87,175.42,194.95,209.6,237.31,274.3,322.76,364.39,352.18,250.74,124.03,75.198,159.18,264.53,295.42,217.05,127.57,212.29,253.67,-538.47,-11.475,-9.3997,-10.254,-8.5452,-6.1037,-2.3194,6.3478,12.207,9.1556,5.2492,2.5636,-2.8077,0.12207,7.4465,6.1037,6.8361,9.3997,15.015,12.94,11.231,7.8127,11.719,15.015,12.696,8.4231,6.592,4.0284,5.9816,2.4415,-2.4415,-4.2726,-7.3244,-4.6388
-9.7659,-21.241,-24.781,-24.659,-25.147,-23.316,-24.537,-30.519,-32.96,-26.124,-29.786,-45.9,-51.759,-47.243,-43.58,-48.097,-46.876,-46.022,-40.651,-37.599,-28.809,5.3713,27.589,20.875,10.254,16.358,48.341,25.269,-28.443,-135.62,-343.15,-451.06,-403.58,-14.649,-16.724,-20.02,-18.677,-16.48,-16.602,-15.137,-10.865,-12.452,-14.405,-15.503,-15.015,-14.039,-13.306,-13.062,-12.94,-11.597,-9.5218,-11.109,-12.574,-11.841,-10.743,-10.01,-7.0803,-2.6856,-2.4415,-5.1271,-3.1739,-4.1505,-5.3713,-6.8361,-6.9582,-9.7659
-9.888,-12.94,-17.823,-23.56,-24.293,-24.049,-23.927,-26.49,-29.908,-34.791,-35.524,-37.111,-37.355,-39.43,-48.219,-53.835,-47.853,-36.866,-38.697,-57.741,-68.728,-44.923,-11.109,37.965,60.183,32.228,17.09,-7.4465,23.438,-48.585,-313.49,-344.37,3.0519,2.9298,5.005,4.1505,3.6622,1.587,0.97659,1.0987,-0.24415,-2.1973,-3.296,-1.8311,-0.73244,-1.9532,-3.0519,-3.6622,-0.12207,-4.2726,-4.883,-0.61037,-0.12207,-1.3428,-2.1973,-4.2726,-11.109,-15.992,-20.264,-19.898,-22.462,-22.584,-21.729,-20.508,-20.631,-21.607
-20.631,-19.776,-19.532,-20.875,-21.729,-22.828,-24.903,-26.368,-25.269,-32.228,-34.059,-31.495,-35.279,-42.238,-48.097,-56.032,-67.019,-60.06,-66.774,-70.681,-47.609,-24.171,-46.632,-78.494,-60.305,34.791,38.942,-63.845,3.1739,-30.885,-62.014,189.34,1.8311,0.97659,-0.97659,-1.9532,-3.7843,-2.6856,-0.24415,-2.0753,-2.1973,-1.4649,-1.3428,-3.0519,-5.8596,-6.7141,-7.2024,-7.6907,-7.9348,-5.9816,-11.597,-9.888,-5.1271,-5.3713,-5.1271,-5.7375,-5.2492,-4.1505,-4.0284,-6.4699,-7.6907,-10.376,-8.0569,-9.7659,-12.696,-14.405
-14.527,-13.672,-13.794,-17.945,-19.41,-16.968,-15.748,-14.771,-19.898,-26.368,-22.584,-16.358,-18.677,-22.828,-36.866,-53.835,-59.084,-69.46,-68.85,-63.478,-71.047,-72.634,-81.057,-79.226,-67.629,-77.273,-54.811,-59.084,-156.01,-347.54,-381.85,-137.7,-6.4699,-3.9064,-7.9348,-3.1739,3.9064,2.6856,4.6388,7.3244,11.353,11.353,11.353,9.0335,7.0803,3.6622,1.2207,0.4883,0.61037,1.3428,2.0753,0.97659,1.709,1.9532,2.0753,0.12207,-2.9298,1.4649,4.7609,2.6856,3.4181,4.0284,1.3428,-3.4181,-10.01,-13.672
-16.602,-22.095,-27.955,-27.589,-27.955,-26.246,-24.537,-25.88,-28.321,-32.35,-33.692,-28.565,-30.152,-36.988,-47.853,-69.704,-84.597,-78.127,-60.183,-67.385,-94.607,-78.738,-49.684,-31.495,15.381,47.975,48.952,2.1973,-19.41,-7.5686,-170.05,-321.05,-185.67,-109.87,3.296,1.587,-0.61037,-0.61037,0.97659,-0.85452,1.2207,5.3713,5.7375,6.3478,7.9348,8.7893,8.5452,7.8127,7.3244,5.2492,7.4465,8.9114,6.3478,4.883,6.9582,7.8127,7.4465,8.301,7.6907,6.7141,4.883,3.1739,1.3428,-5.7375,-10.62,-8.4231
-5.005,-9.3997,-9.888,-10.62,-11.231,-11.841,-10.987,-11.475,-13.794,-15.259,-17.457,-22.95,-27.711,-29.786,-38.575,-48.83,-54.079,-58.718,-64.699,-68.239,-70.559,-78.616,-74.465,-77.639,-98.392,-51.515,4.883,-51.271,-23.438,5.9816,-228.89,-528.95,-143.56,-323.37,8.6673,6.4699,4.6388,8.6673,8.9114,6.592,5.005,3.0519,1.9532,1.2207,2.0753,4.6388,5.2492,7.9348,8.179,8.301,9.3997,11.109,12.085,11.719,12.452,12.574,10.865,6.4699,3.7843,7.0803,4.0284,4.0284,5.2492,3.4181,5.005,6.7141
7.3244,5.9816,6.1037,7.0803,9.2776,10.132,11.597,9.7659,10.865,10.01,9.7659,7.0803,3.0519,1.4649,-2.0753,-11.597,-19.776,-20.508,-23.682,-45.9,-85.086,-104.5,-109.62,-128.79,-136.23,-136.23,-118.41,-95.584,-108.04,-90.579,-19.776,-86.917,-327.16,-300.79,-2.1973,-3.4181,-0.73244,2.6856,4.7609,5.4933,3.7843,1.4649,3.0519,5.8596,7.3244,4.5167,0.12207,-1.709,5.9816,3.9064,1.2207,4.1505,5.4933,3.1739,1.3428,0.36622,-0.24415,-1.709,-1.8311,-0.36622,-1.4649,-2.5636,-3.7843,-6.592,-4.5167,-4.1505
-5.8596,-5.2492,-4.6388,-4.883,-6.4699,-8.9114,-9.888,-3.1739,-1.9532,-4.5167,-1.9532,-5.9816,-16.724,-12.329,-14.283,-22.95,-24.903,-37.477,-59.694,-73,-83.987,-79.104,-40.651,-10.865,17.212,33.692,65.432,77.639,60.183,-6.2258,-157.84,-293.22,-92.654,327.4,1.0987,-3.9064,-8.301,-5.3713,-6.4699,-7.6907,-6.3478,-7.6907,-8.9114,-7.8127,-7.6907,-11.353,-11.475,-9.5218,-9.6438,-8.0569,-10.376,-6.4699,-7.9348,-11.109,-10.254,-11.231,-12.574,-11.719,-8.7893,-11.353,-20.508,-20.386,-15.503,-18.189,-21.119,-21.119
-16.48,-10.743,-4.1505,-0.12207,0.61037,-6.7141,-16.114,-12.329,-3.296,-5.005,-15.87,-17.212,-12.452,-15.015,-29.42,-47.975,-59.572,-55.91,-45.656,-31.129,-15.748,-12.329,-29.542,-57.497,-92.288,-99.979,-59.938,4.6388,46.754,62.624,51.515,41.383,-56.642,-662.37,-162.36,0.85452,-0.36622,-0.24415,0.12207,0.36622,1.3428,3.0519,5.1271,0.4883,-1.8311,-0.4883,-0.36622,-0.61037,-0.4883,-0.97659,-2.4415,-2.6856,-2.6856,-5.1271,3.1739,1.4649,-1.0987,1.9532,5.2492,4.5167,3.0519,0.97659,0.97659,1.8311,3.6622,5.6154
6.2258,12.085,11.353,4.883,4.7609,6.9582,10.254,10.132,4.5167,0.12207,4.3947,4.7609,-4.7609,-6.9582,-1.587,-1.0987,-1.2207,2.3194,-0.73244,-13.55,-22.34,-38.453,-46.999,-44.557,-35.646,-30.274,-30.885,-27.833,-12.574,22.095,54.079,50.05,43.58,-335.22,-514.42,-2.4415,-1.3428,4.7609,1.709,-2.8077,0.61037,1.0987,-1.709,-0.97659,2.3194,3.6622,1.0987,0,7.0803,6.592,1.709,5.9816,5.2492,1.587,2.3194,-0.85452,-5.2492,-6.4699,-3.5401,-2.0753,0.12207,7.2024,6.2258,-3.4181,-5.005,-5.005
-7.4465,-11.109,-15.137,-17.823,-18.921,-19.654,-17.212,-19.166,-27.955,-23.072,-7.4465,-12.818,-30.519,-33.692,-31.739,-31.373,-25.758,-15.381,-10.132,-15.992,-18.433,-18.555,-10.376,7.9348,16.236,5.1271,-6.592,-26.978,-50.905,-80.203,-115.36,-83.254,78.616,515.4,140.39,0.36622,0.24415,-6.4699,-9.2776,-7.0803,-5.9816,-3.7843,-0.97659,-1.3428,-1.9532,-0.24415,-0.85452,-0.36622,3.4181,-2.8077,0.36622,4.883,1.8311,2.9298,5.2492,1.9532,-3.9064,-9.5218,-9.0335,-3.0519,-1.3428,4.3947,-2.5636,-3.1739,-1.2207,-2.5636
-6.3478,-10.132,-7.0803,-1.4649,-5.4933,-11.231,-11.475,-8.7893,-10.743,-8.4231,-6.3478,-17.457,-24.781,-23.194,-24.293,-23.682,-18.555,-23.804,-39.064,-39.674,-26.002,-5.9816,14.527,20.264,14.649,9.7659,6.592,11.231,26.856,62.136,125.61,179.2,192.51,-117.8,-1151.4,168.71,586.32,113.53,-398.08,-168.71,86.306,3.5401,65.676,321.91,500.26,344.86,-117.8,-308.24,-186.53,-64.699,10.62,46.022,16.358,-43.336,-107.43,-211.92,-295.05,-205.21,61.281,275.77,75.076,-160.28,-141.73,-34.303,-18.433,-56.276
-43.092,10.865,9.2776,9.888,14.161,16.358,14.405,14.893,20.386,25.269,29.786,35.279,38.087,41.017,43.947,44.069,39.674,39.674,47.487,56.154,55.788,58.962,47.609,21.241,21.485,44.313,46.876,45.534,11.719,-70.315,-79.958,-61.159,-134.53,-421.89,1.8311,2.1973,2.1973,1.9532,2.0753,2.6856,2.6856,1.4649,0.4883,0.36622,0.97659,1.709,0.97659,0.4883,1.709,1.9532,1.3428,0.61037,-1.4649,-3.7843,-4.6388,-4.883,-4.6388,-4.883,-4.6388,-4.1505,-2.5636,-0.97659,-1.0987,-1.709,-0.85452,-0.36622
-1.3428,-1.8311,-1.3428,0.61037,2.4415,5.1271,6.4699,5.9816,10.254,17.457,18.921,16.114,14.649,19.776,29.176,37.843,41.871,41.139,36.256,44.435,69.094,81.79,86.306,99.246,93.509,90.091,92.166,69.582,5.7375,-28.321,-28.687,-45.656,-236.7,-520.65,-1.2207,-0.85452,-0.73244,0.73244,1.0987,4.2726,4.3947,3.9064,3.1739,6.1037,4.6388,0.73244,-0.12207,0.85452,1.587,-2.0753,-2.0753,-1.9532,-3.296,-3.5401,-2.5636,-4.3947,-5.6154,-6.7141,-9.5218,-11.353,-10.376,-10.376,-10.132,-8.6673,-7.0803,-5.005
-3.1739,-2.0753,2.3194,3.7843,1.8311,3.9064,6.8361,9.3997,5.1271,7.4465,11.963,20.508,22.95,23.682,24.537,22.584,26.368,36.866,44.923,52.614,57.497,52.858,43.947,63.112,83.132,76.907,65.676,74.831,105.72,72.756,-66.286,-176.03,-121.95,-399.06,-0.12207,-2.3194,-1.709,-0.97659,-0.85452,-2.9298,-4.0284,-4.5167,-3.7843,-5.1271,-7.6907,-11.231,-15.992,-9.7659,-4.6388,-6.8361,-7.0803,-8.179,-6.9582,-3.9064,-4.2726,-7.4465,-10.987,-10.132,-7.0803,-9.6438,-7.9348,-5.7375,-4.6388,0.4883,1.2207,-1.709
0.97659,4.6388,8.5452,10.254,9.0335,7.6907,7.3244,3.1739,3.4181,8.7893,12.94,4.883,10.498,13.55,13.55,18.799,21.119,34.791,45.167,43.214,40.162,51.271,88.626,129.52,151.13,158.7,177.37,169.32,57.863,-127.2,-155.77,-104.86,-340.95,-145.02,-2.4415,-4.3947,-2.4415,-2.8077,-3.5401,-3.0519,-3.6622,-3.9064,-3.9064,-3.5401,-3.7843,-4.2726,-2.9298,-2.3194,-1.587,0,0.24415,0.73244,2.1973,3.1739,2.0753,2.1973,3.0519,2.0753,3.296,0.24415,0.12207,-1.4649,0.73244,-0.4883,0.12207,-1.587
-3.7843,-3.1739,-0.61037,2.0753,1.2207,0.36622,0.97659,2.6856,7.6907,17.457,21.851,18.189,19.044,25.391,29.908,32.472,31.739,30.763,39.43,53.346,55.422,59.206,55.91,50.783,64.455,85.696,108.4,101.32,73,-21.119,-170.17,-277.11,-302.01,-43.703,-6.592,-5.7375,-4.5167,-5.8596,-2.1973,-4.7609,-6.3478,-0.73244,-1.4649,-2.6856,-4.7609,-4.7609,-4.0284,-2.1973,-1.9532,-3.4181,-3.5401,-2.5636,-3.9064,-2.3194,-4.2726,-4.1505,-4.6388,-4.883,-4.6388,-2.8077,-2.4415,-2.9298,-2.9298,-2.1973,-3.6622,-4.7609
-3.6622,-3.9064,-2.3194,-1.9532,-3.0519,-3.5401,-5.005,-6.4699,-9.6438,-11.719,-12.207,-13.306,-9.3997,5.005,18.799,14.039,19.288,33.57,53.957,53.102,42.604,49.562,69.948,88.26,109.13,121.83,135.14,160.89,154.55,34.913,-130.74,-260.02,-252.69,-235.11,-4.2726,-2.9298,-3.0519,-4.5167,-5.7375,-2.0753,-0.36622,-3.6622,0.73244,-0.73244,-4.6388,-5.005,-3.9064,-2.5636,-1.3428,-1.4649,-3.4181,-3.5401,-3.0519,-2.9298,-3.4181,-2.1973,-4.6388,-6.2258,-6.592,-8.4231,-6.1037,-4.2726,-5.4933,-5.8596,-6.592,-6.8361
-6.4699,-5.7375,-6.4699,-8.4231,-6.1037,-5.6154,-3.6622,-2.9298,-1.587,-2.3194,-2.5636,-0.61037,9.3997,17.579,26.368,35.646,40.04,42.604,51.027,71.78,92.654,96.927,111.94,144.17,169.07,201.67,237.31,216.68,82.4,-38.697,-89.114,-193.98,-265.14,-215.83,3.296,4.7609,3.0519,4.883,5.1271,5.6154,3.4181,1.8311,2.4415,2.9298,2.6856,1.9532,2.3194,2.5636,3.4181,4.2726,4.2726,3.7843,4.883,2.9298,3.0519,4.3947,1.587,-0.4883,-3.296,-4.6388,-6.3478,-6.4699,-7.4465,-8.5452,-9.1556,-11.475
-12.94,-13.306,-11.231,-10.987,-12.207,-15.015,-16.724,-15.748,-14.039,-15.137,-23.316,-20.631,-12.329,-1.2207,7.6907,16.358,14.161,20.997,37.965,54.811,64.577,63.234,77.639,105.23,118.17,116.46,115.24,128.67,148.81,142.46,25.025,-136.11,-495.13,-568.01,-2.0753,-3.4181,-4.3947,-5.2492,-5.8596,-8.4231,-7.9348,-4.5167,-4.5167,-4.7609,-4.7609,-1.4649,4.5167,7.4465,6.592,4.6388,3.6622,4.6388,4.7609,4.7609,3.296,4.6388,6.8361,2.3194,3.296,4.5167,2.1973,-1.8311,-3.0519,-1.2207,-0.97659,-4.1505
-8.4231,-8.7893,-6.1037,-1.3428,0.61037,-1.709,-3.6622,-6.4699,-5.3713,-6.1037,-0.73244,2.4415,3.9064,8.179,16.846,29.176,35.768,39.064,46.876,55.788,67.995,90.213,120.73,129.15,131.96,154.79,163.58,135.62,111.58,52.004,-76.052,-186.04,-133.67,257.45,1.709,2.1973,2.1973,1.9532,1.4649,0.85452,-0.36622,0.85452,0.61037,1.0987,2.4415,1.587,0.61037,0.12207,-0.36622,-0.97659,-0.97659,-1.0987,-1.2207,-0.4883,-0.85452,-1.709,-2.8077,-2.6856,-1.709,-0.85452,0.61037,0.24415,-0.85452,0.12207,2.8077,4.7609
4.7609,5.2492,5.9816,8.179,8.0569,7.9348,10.376,11.353,8.301,5.1271,9.2776,17.823,21.241,23.682,30.396,38.697,49.562,44.435,47.853,72.39,91.922,103.4,110.48,138.92,164.68,160.53,149.78,125.74,79.47,49.196,-15.137,-284.31,-275.89,567.4,-3.0519,-2.8077,0,-1.0987,-1.709,-0.61037,-0.4883,-0.4883,0.61037,1.9532,1.9532,1.587,0.36622,2.1973,6.9582,7.3244,6.592,4.2726,4.3947,3.296,2.5636,0.73244,-0.12207,0.61037,0.4883,0.61037,3.6622,8.179,8.4231,6.592,2.3194,-0.85452
0.12207,-1.3428,0.61037,3.296,5.6154,8.179,9.5218,11.475,11.841,10.987,14.039,21.363,24.537,24.537,30.274,40.529,51.149,57.985,65.92,94.119,119.27,134.77,157.11,183.23,207.53,225.96,221.93,161.75,52.492,-73.366,-153.81,-178.35,106.94,-96.194,-1.8311,-2.0753,0.12207,-1.2207,-0.97659,0.85452,0.85452,0.24415,0.4883,-0.73244,-0.85452,-0.36622,0.24415,-0.24415,-1.2207,-0.4883,-1.4649,-0.85452,0,-1.0987,0.36622,4.5167,5.005,3.6622,3.1739,1.8311,0.85452,1.3428,-0.4883,-1.4649,-0.12207,1.709
5.7375,2.4415,2.8077,5.9816,10.62,8.179,0.61037,-1.2207,4.7609,10.743,14.527,12.94,13.794,21.973,30.396,38.331,39.552,42.97,51.393,70.193,90.823,111.7,132.45,154.18,158.94,147.34,140.87,124.88,57.375,-14.893,-53.102,-118.9,585.59,-225.59,-11.475,-10.865,-4.1505,-3.1739,-6.592,-16.48,-25.758,-26.002,-21.973,-18.677,-12.574,-3.0519,-0.73244,-5.1271,-8.4231,-9.0335,-14.893,-22.095,-25.391,-21.729,-25.513,-37.843,-43.703,-45.534,-47.487,-48.341,-51.515,-58.229,-59.694,-54.811,-58.229,-62.136
-67.019,-74.099,-82.766,-89.358,-92.654,-97.293,-96.561,-96.683,-101.69,-99.612,-98.27,-97.049,-94.974,-96.194,-102.42,-99.368,-85.574,-80.203,-64.089,-41.383,-13.794,18.799,45.778,53.468,53.224,55.91,53.102,38.209,15.137,-20.631,-108.04,-324.11,-465.59,-362.93,-7.8127,-9.6438,-10.865,-12.452,-12.452,-12.696,-14.405,-17.335,-17.701,-18.433,-19.41,-21.607,-22.95,-23.316,-21.851,-21.241,-21.729,-24.171,-26.734,-28.687,-30.519,-32.105,-33.204,-33.082,-34.303,-36.866,-38.82,-40.162,-41.505,-43.825,-46.754,-48.83
-48.83,-48.097,-48.097,-48.219,-45.534,-45.9,-47.121,-48.83,-50.783,-51.515,-46.754,-38.331,-29.786,-22.462,-18.311,-16.724,-12.207,3.5401,14.771,21.241,11.231,-5.4933,-1.8311,19.166,42.97,56.276,63.967,45.9,0.97659,-52.858,-111.33,-171.27,-177.98,-238.78,-9.7659,-10.254,-11.231,-12.574,-14.527,-15.381,-15.259,-15.87,-18.067,-21.241,-24.415,-27.223,-29.176,-30.396,-31.129,-31.739,-31.983,-32.716,-34.059,-34.059,-33.692,-32.716,-31.983,-33.692,-36.988,-41.383,-45.045,-47.731,-48.463,-49.684,-50.661,-53.102
-53.835,-54.445,-56.154,-56.887,-57.985,-57.619,-55.544,-53.346,-52.98,-52.126,-48.708,-45.289,-41.017,-34.669,-25.147,-17.09,-15.87,-21.241,-25.636,-22.828,-2.5636,26.856,38.453,21.363,-14.893,-31.007,-23.072,-30.274,-44.313,-117.31,-258.06,-342.66,-328.14,-557.15,-5.7375,-13.428,-23.072,-27.711,-28.443,-25.147,-19.898,-12.696,-8.9114,-7.8127,-11.353,-13.672,-12.207,-12.452,-13.916,-14.283,-17.823,-22.828,-22.706,-28.565,-33.57,-37.477,-39.674,-41.627,-38.453,-36.866,-37.721,-42.726,-46.876,-47.975,-49.318,-49.44
-46.632,-45.534,-45.045,-42.116,-45.9,-44.923,-47.487,-52.98,-56.032,-58.229,-58.351,-57.497,-57.741,-58.718,-54.445,-50.295,-52.37,-53.957,-49.806,-42.482,-31.739,-17.701,-6.2258,-1.9532,-7.5686,-20.631,-27.467,-39.43,-66.164,-126.22,-144.9,-182.74,-566.67,-405.9,-13.062,-14.039,-16.48,-18.311,-19.532,-20.508,-20.875,-20.875,-21.485,-20.631,-20.264,-21.363,-20.997,-22.706,-24.171,-25.88,-28.443,-30.641,-32.594,-34.425,-36.012,-38.453,-40.284,-44.191,-46.144,-48.219,-49.928,-52.98,-56.52,-60.183,-63.478,-66.774
-69.704,-74.221,-79.104,-82.644,-83.254,-85.818,-90.579,-98.27,-109.01,-111.21,-97.537,-84.109,-90.701,-101.69,-106.45,-108.16,-103.27,-93.387,-85.94,-75.686,-56.032,-30.03,-0.36622,17.579,16.724,-5.4933,-13.916,14.527,93.631,131.47,58.718,-185.06,-598.77,-418.71,-10.987,-10.254,-8.9114,-9.6438,-10.865,-11.963,-14.161,-15.015,-15.259,-16.114,-17.579,-19.776,-21.119,-22.095,-21.485,-21.607,-22.706,-24.537,-27.467,-29.786,-31.861,-33.815,-36.622,-38.82,-41.383,-40.773,-39.674,-39.064,-39.918,-40.773,-42.726,-45.289
-48.097,-53.591,-58.351,-64.333,-70.925,-78.005,-82.522,-83.865,-84.109,-84.597,-84.719,-85.086,-80.691,-71.78,-67.385,-68.361,-66.286,-63.601,-62.014,-57.131,-46.632,-28.809,-5.6154,9.888,3.4181,-22.706,-67.263,-110.35,-87.893,-7.6907,8.0569,-119.75,-511.86,-11.231,-12.085,-13.794,-15.87,-17.701,-19.532,-20.631,-22.828,-23.56,-23.438,-24.781,-26.368,-28.687,-31.007,-32.35,-34.181,-36.5,-38.209,-39.43,-40.895,-42.97,-45.778,-48.097,-50.661,-51.515,-51.759,-52.736,-54.201,-58.473,-63.845,-66.164,-66.897,-67.019
-68.117,-72.634,-73.489,-71.291,-69.704,-69.948,-73,-74.099,-71.902,-71.047,-73,-77.151,-81.057,-82.522,-83.01,-81.912,-79.714,-74.709,-56.887,-42.604,-29.054,-16.114,-9.1556,-4.7609,-16.48,-44.557,-60.549,9.0335,104.62,47.365,-156.62,-473.4,-11.475,-8.179,-5.7375,-5.8596,-7.5686,-9.1556,-11.963,-14.405,-15.87,-18.067,-21.119,-24.293,-26.612,-28.443,-30.396,-32.228,-34.303,-36.256,-37.111,-39.186,-40.407,-42.848,-43.703,-43.092,-42.604,-44.313,-49.806,-55.422,-57.375,-57.863,-57.741,-60.427,-65.065,-69.216
-74.953,-76.785,-74.953,-73.733,-75.442,-78.249,-81.423,-83.865,-84.475,-86.917,-89.358,-95.462,-101.69,-105.11,-104.37,-103.52,-103.27,-98.758,-86.55,-70.193,-53.468,-38.209,-41.871,-71.291,-89.48,-72.634,-27.223,20.997,23.316,-67.507,-242.56,-518.81,-15.137,-12.207,-11.353,-10.62,-8.0569,-10.01,-14.649,-18.799,-20.508,-20.02,-20.142,-20.386,-20.875,-20.631,-21.851,-23.194,-25.758,-29.054,-31.373,-34.669,-37.477,-40.895,-44.435,-47.243,-49.074,-50.417,-51.881,-53.713,-57.009,-61.403,-63.112,-64.455,-64.211,-63.601
-66.652,-70.315,-73.977,-79.47,-84.353,-81.79,-76.785,-78.127,-86.306,-95.95,-103.27,-100.83,-97.171,-98.514,-103.4,-103.64,-99.124,-82.4,-65.92,-59.938,-62.014,-56.764,-41.383,-29.786,-29.908,-26.856,17.579,90.579,80.203,-75.076,-373.42,-320.69,4.7609,7.3244,6.2258,2.6856,-1.9532,-6.592,-6.3478,-7.0803,-11.719,-13.794,-10.987,-9.0335,-13.916,-19.532,-18.799,-16.724,-18.799,-24.537,-29.664,-33.815,-34.303,-36.988,-42.482,-41.993,-39.186,-42.726,-49.806,-54.811,-53.224,-52.858,-58.84,-66.408,-68.728,-68.361
-70.437,-76.052,-81.301,-83.743,-84.475,-90.457,-99.734,-105.84,-107.55,-112.92,-120.12,-125.25,-129.52,-126.59,-120.85,-122.2,-115.24,-108.65,-102.3,-90.457,-32.96,32.105,133.79,205.08,194.83,144.41,79.226,59.328,130.86,150.03,-947.17,-888.58,-10.498,-9.6438,-13.55,-15.748,-17.823,-19.288,-21.973,-21.241,-20.264,-22.706,-27.589,-31.251,-30.641,-30.274,-34.547,-35.646,-29.542,-26.978,-31.251,-37.233,-36.866,-33.204,-34.913,-39.43,-40.407,-41.261,-44.069,-44.435,-47.487,-52.98,-57.741,-58.351,-64.821,-78.249
-83.01,-85.452,-93.02,-103.03,-108.28,-116.95,-123.66,-127.08,-126.83,-133.06,-145.15,-151.37,-156.62,-147.22,-127.69,-124.03,-142.34,-148.44,-145.27,-110.48,-103.76,-117.8,-141.85,-156.38,-79.592,53.591,224.25,346.2,262.22,-114.38,-155.03,-123.17,-13.062,-10.865,-10.62,-15.015,-18.067,-17.212,-18.555,-17.579,-16.846,-15.259,-16.114,-17.212,-18.921,-20.142,-20.508,-22.095,-26.124,-26.856,-26.002,-28.443,-34.547,-36.134,-36.988,-40.04,-46.144,-48.952,-50.295,-53.957,-59.328,-62.258,-64.821,-67.141,-71.169,-75.442
-81.301,-87.527,-93.753,-101.81,-109.5,-114.38,-120.61,-128.18,-128.06,-135.75,-142.46,-146.49,-156.5,-162.24,-159.92,-154.67,-169.32,-180.91,-149.91,-98.758,-52.98,-20.875,-17.457,-8.6673,57.375,105.72,-24.659,27.223,235.36,250.01,-206.43,-517.96,-14.283,-15.625,-15.748,-16.846,-18.189,-18.555,-20.386,-19.41,-18.555,-18.555,-19.41,-20.508,-18.189,-14.893,-17.701,-20.753,-18.189,-17.701,-19.898,-23.194,-26.856,-31.373,-35.279,-35.279,-35.524,-41.383,-45.289,-47.609,-52.004,-56.398,-61.037,-62.502,-65.92,-71.413
-74.465,-79.714,-90.091,-98.025,-104.13,-108.52,-114.02,-120.49,-124.52,-129.15,-136.48,-146.37,-143.56,-140.02,-139.77,-145.51,-163.95,-172.25,-167.49,-155.4,-136.11,-117.07,-94.363,-52.736,79.836,174.81,190.31,210.58,92.898,21.241,-179.57,-1084,-13.184,-13.184,-15.625,-17.945,-17.09,-16.358,-19.288,-20.753,-20.631,-22.095,-22.706,-23.682,-26.978,-29.42,-28.932,-29.176,-31.495,-34.669,-37.355,-39.552,-39.918,-40.529,-41.627,-42.604,-43.58,-46.754,-51.393,-56.887,-62.014,-64.821,-70.193,-77.029,-78.494,-79.836
-80.691,-88.015,-98.27,-103.03,-106.45,-112.31,-117.8,-127.32,-136.36,-140.26,-138.43,-137.21,-142.46,-150.03,-158.57,-176.15,-186.53,-183.11,-193.85,-187.26,-178.96,-153.2,-119.75,-81.912,-43.336,125.61,297.25,174.44,184.7,148.32,56.032,-526.26,-16.48,-18.433,-19.166,-14.893,-13.672,-15.381,-16.358,-16.602,-17.212,-19.532,-20.02,-18.555,-16.358,-18.677,-21.119,-22.217,-22.828,-24.293,-26.49,-28.443,-29.908,-32.716,-36.134,-36.744,-37.721,-41.139,-46.51,-53.346,-58.351,-64.821,-70.925,-74.099,-76.54,-77.883
-80.447,-85.94,-91.922,-99.49,-105.84,-107.18,-108.4,-116.58,-122.68,-131.84,-144.66,-148.81,-148.2,-140.14,-133.67,-134.16,-153.69,-167.73,-180.67,-155.03,-112.55,-58.962,-45.289,-65.554,11.963,86.306,222.79,270.76,135.38,110.35,-598.28,-532.24,-11.597,-14.649,-14.649,-12.329,-9.3997,-9.3997,-13.794,-17.212,-18.921,-19.532,-21.851,-24.903,-24.171,-22.34,-22.584,-22.95,-26.612,-32.105,-38.087,-43.336,-46.388,-44.069,-43.58,-46.999,-48.097,-46.022,-45.045,-48.83,-53.468,-59.084,-64.943,-70.193,-74.831,-76.662
-77.273,-83.254,-91.8,-97.049,-100.83,-105.47,-112.06,-116.7,-120,-124.03,-125.25,-126.59,-131.11,-131.6,-123.78,-110.72,-108.04,-135.01,-158.94,-167.73,-154.79,-130.86,-118.9,-80.447,-19.044,57.741,119.02,149.54,130.38,353.89,282.11,-871.85,-14.527,-13.428,-12.94,-15.137,-16.846,-19.288,-18.311,-19.654,-22.95,-26.612,-25.269,-23.804,-27.345,-30.152,-29.176,-28.077,-30.519,-30.396,-28.199,-26.978,-27.1,-30.274,-35.157,-41.017,-42.848,-41.871,-41.993,-45.289,-47.975,-50.172,-51.027,-56.398,-66.408,-74.099
-80.325,-84.231,-87.405,-92.044,-100.59,-104.86,-104.86,-99.49,-100.22,-105.84,-115.6,-126.83,-133.3,-145.76,-169.68,-176.76,-175.91,-169.07,-172.98,-162.97,-130.62,-82.888,-30.519,1.4649,43.336,105.96,177.74,317.76,282.36,339.98,-293.34,-1346.1,-16.968,-15.748,-12.574,-11.231,-13.306,-19.776,-20.997,-17.212,-17.335,-15.748,-18.921,-24.659,-23.804,-19.288,-19.898,-25.025,-28.687,-24.659,-27.955,-40.162,-45.412,-39.918,-35.768,-46.51,-54.445,-57.009,-60.305,-63.234,-66.652,-70.681,-75.442,-83.743,-91.678,-92.288
-88.504,-88.26,-99.002,-109.26,-115.85,-113.53,-112.67,-120.37,-134.04,-141.48,-141.73,-141.12,-141.61,-152.1,-161.99,-173.83,-183.6,-189.09,-156.99,-151.01,-179.2,-183.48,-134.77,-79.592,-30.763,51.027,124.39,137.7,399.18,433.73,-99.368,-285.78,-10.498,-12.696,-16.114,-14.893,-16.236,-20.264,-20.508,-15.87,-16.968,-20.997,-22.095,-23.316,-24.293,-23.56,-25.025,-27.955,-28.809,-29.542,-30.763,-35.89,-41.261,-43.336,-45.289,-48.952,-50.417,-51.881,-54.567,-58.107,-64.211,-68.239,-72.756,-78.127,-83.377,-86.428
-94.852,-107.43,-114.75,-115.48,-122.2,-134.65,-146.37,-150.15,-153.2,-158.33,-166.63,-182.5,-196.42,-217.29,-231.21,-202.76,-178.23,-167.97,-180.18,-169.68,-154.91,-154.06,-126.71,-87.283,-30.152,218.51,325.57,211.55,364.88,103.15,-289.93,-782.49,-16.724,-25.636,-23.804,-17.335,-14.771,-16.602,-13.428,-13.794,-26.978,-36.378,-35.89,-29.908,-27.223,-28.077,-26.612,-28.443,-35.89,-41.627,-40.529,-34.303,-31.617,-38.331,-50.905,-66.286,-74.099,-80.691,-82.034,-82.034,-86.55,-88.504,-83.621,-84.475,-84.964,-86.673
-98.636,-111.21,-122.2,-131.72,-149.66,-169.19,-177.74,-169.32,-169.32,-168.1,-171.51,-156.87,-138.07,-125.98,-147.83,-228.89,-278.94,-247.57,-185.55,-168.34,-161.87,-124.39,-91.311,-52.126,77.029,139.9,265.88,436.29,249.64,76.296,-106.94,-968.41,-679.83,-416.27,-452.16,-316.78,-277.35,-207.65,-73.733,-23.316,-29.664,-67.995,-156.62,-171.51,-48.83,127.81,75.198,12.818,-9.6438,21.119,56.154,50.05,11.719,18.921,37.965,25.269,-11.841,-55.788,-68.361,-55.788,-52.492,-20.264,15.992,-12.574,-21.851,3.1739
8.301,10.498,20.264,38.209,57.375,67.263,72.39,78.127,71.291,64.699,46.388,26.734,11.597,2.4415,13.062,27.955,31.983,39.064,61.892,52.492,74.221,77.395,-0.36622,-84.841,-100.22,-92.288,-83.621,-100.71,-178.47,-193.98,-190.07,-345.71,-2.3194,-1.709,-1.0987,0.73244,6.7141,11.963,15.87,18.555,17.457,14.283,10.376,6.4699,5.4933,6.9582,6.9582,3.9064,5.2492,7.8127,5.8596,6.3478,6.2258,-0.12207,-3.6622,-4.3947,-7.3244,-8.179,-7.3244,-7.2024,-7.2024,-8.179,-6.3478,-6.2258,-7.3244,-7.2024
-8.6673,-9.5218,-9.7659,-9.1556,-10.01,-8.6673,-6.3478,-5.3713,-5.8596,-7.5686,-9.888,-0.4883,9.0335,3.9064,-2.9298,8.4231,14.161,16.968,26.124,46.51,57.131,60.793,40.529,31.373,23.804,-13.306,-26.002,-38.697,-60.793,-119.63,-303.84,-520.28,1.0987,7.6907,16.968,21.485,24.537,30.641,44.313,59.328,62.746,70.559,86.306,106.57,100.1,107.55,143.56,157.72,153.81,153.08,171.03,219.12,268.81,256.72,198.13,206.18,261.12,289.68,305.31,292.98,300.91,312.39,300.55,294.44,310.8,333.02
304.57,301.16,281.75,269.78,267.22,250.5,245.25,232.8,230.72,240,240.49,233.65,232.67,232.8,212.29,202.28,220.22,219.86,260.51,268.44,258.55,284.43,250.5,218.76,157.6,114.51,124.15,70.437,107.43,110.35,95.584,59.572,4.2726,12.452,18.433,25.636,26.734,24.903,24.415,22.706,19.898,18.555,21.729,26.612,32.716,35.157,35.524,37.233,38.331,41.383,39.43,36.988,39.918,45.167,48.341,48.219,49.196,49.806,44.923,39.674,33.204,29.42,30.885,31.739,29.908,28.199
28.809,27.711,18.067,10.01,8.179,10.376,12.329,-8.6673,-44.801,-55.422,-48.463,-40.773,-24.171,-28.809,-26.124,-41.383,-72.268,-108.28,-128.06,-145.27,-158.7,-179.08,-221.44,-271.49,-276.13,-271.61,-283.09,-274.54,-208.38,-215.34,-260.99,-395.03,158.57,154.42,221.93,312.75,352.43,350.23,305.06,233.65,206.06,225.35,236.09,199.47,207.53,230.96,242.68,228.03,204.72,208.01,218.51,233.16,245.61,232.67,224.25,223.15,215.34,187.38,193,195.2,191.17,187.38,189.09,191.53,206.67,203.99
201.79,199.35,210.94,223.64,227.18,166.14,116.21,102.18,106.33,117.92,108.04,94.729,91.678,87.771,77.273,75.442,58.107,65.065,71.78,61.892,88.992,83.499,66.286,9.1556,-15.992,-5.2492,-4.5167,-2.4415,-5.3713,-7.6907,-5.7375,-7.9348,-13.184,-14.649,-15.015,-14.405,-14.039,-10.865,-8.301,-7.5686,-5.005,-3.9064,-5.2492,-5.7375,-6.2258,-12.329,-14.283,-13.306,-13.794,-10.865,-9.2776,-10.01,-14.161,-20.386,-24.537,-26.002,-30.641,-38.087,-44.801,-50.661,-55.055,-58.351,-57.985,-55.544,-54.567,-54.445
-60.915,-66.774,-71.78,-72.756,-62.99,-55.3,-57.253,-50.905,-40.651,-31.007,-27.223,-31.007,-39.552,-46.632,-52.858,-63.112,-69.46,-41.871,-22.217,-9.1556,73.244,45.045,-126.1,-253.3,27.345,35.035,55.91,67.263,64.577,73.366,102.3,125.37,141.24,167.24,146.98,127.93,137.09,143.68,147.95,161.63,186.77,225.23,234.75,223.15,219.12,224.01,262.46,268.32,277.11,302.38,318.37,321.54,333.87,347.18,327.89,311.29,287.73,276.99,266.73,244.39,238.04,230.96,220.71,215.83,220.47,203.01
199.47,205.82,211.19,219.73,219.86,225.23,222.91,218.39,227.3,234.99,220.83,212.16,218.15,180.18,135.75,92.166,99.002,136.84,135.62,189.95,198,159.92,104.62,65.554,4.1505,1.3428,-4.0284,-9.888,-14.649,-12.818,-11.109,-14.283,-16.358,-19.532,-19.288,-16.358,-15.015,-9.0335,-5.4933,-4.0284,-6.4699,-12.574,-20.875,-31.739,-34.425,-31.251,-33.815,-37.599,-36.988,-37.965,-41.505,-41.749,-45.289,-50.539,-56.154,-58.962,-62.624,-68.85,-71.902,-71.291,-72.024,-72.024,-76.418,-85.818,-86.795,-87.161
-92.288,-94.485,-104.62,-119.63,-127.93,-134.53,-139.65,-130.74,-134.4,-154.91,-161.87,-158.57,-152.71,-152.59,-194.95,-209.36,-127.32,-96.561,-141.36,-145.15,-113.04,23.56,-3.296,-658.47,4.1505,-3.9064,-13.672,-17.945,-16.358,-13.55,-14.527,-19.898,-20.997,-15.137,-10.865,-13.55,-14.893,-16.114,-16.602,-18.921,-21.851,-25.147,-25.636,-36.256,-40.529,-43.947,-47.975,-56.764,-62.502,-65.798,-66.042,-69.46,-72.512,-74.709,-74.221,-69.338,-66.652,-64.699,-69.216,-79.592,-87.039,-100.96,-111.09,-109.74,-109.13,-103.27
-99.857,-112.55,-108.65,-94.607,-81.423,-69.704,-80.691,-78.127,-59.816,-42.482,-22.95,-20.753,-23.072,-8.4231,41.017,59.572,24.537,-67.263,37.111,176.64,222.79,-325.45,-650.65,-730.12,-15.381,-14.161,-14.893,-15.015,-13.916,-14.039,-8.5452,-3.5401,-6.8361,-11.841,-13.062,-13.672,-14.283,-16.358,-15.748,-18.189,-14.649,-9.2776,-12.574,-12.085,-13.55,-14.771,-13.55,-10.254,-13.306,-17.212,-16.236,-14.771,-18.677,-20.875,-22.217,-26.856,-31.739,-35.035,-35.768,-36.012,-34.913,-41.139,-49.928,-44.069,-44.313,-52.37
-64.089,-76.296,-85.696,-84.597,-78.616,-68.728,-66.774,-73.977,-84.964,-88.382,-94.974,-98.514,-89.358,-74.343,-48.219,-38.942,-49.318,-45.656,-32.105,-83.132,-145.76,-106.81,62.502,34.547,122.07,140.02,143.19,142.46,158.45,173.35,169.56,179.2,210.46,222.3,196.78,183.97,189.58,204.84,202.15,208.01,239.39,247.32,237.07,250.13,293.1,307.75,329.6,345.96,285.04,288.46,295.79,272.59,278.7,249.28,248.05,247.57,235.24,230.6,221.93,223.52,227.3,249.28,255.99,242.68,249.64,274.79
312.63,336.92,299.2,213.02,185.31,194.22,124.88,110.72,159.67,118.66,96.438,178.47,143.07,136.6,204.35,209.85,191.41,171.39,154.06,62.99,26.978,-0.97659,-100.71,-93.753,18.799,14.405,11.963,6.8361,0.97659,5.4933,15.625,22.828,34.181,38.087,37.965,29.298,20.753,19.776,11.719,1.2207,-2.3194,0.12207,9.6438,26.124,19.654,0.12207,-1.0987,3.4181,3.296,-11.353,-19.41,-20.264,-26.734,-35.524,-35.646,-36.5,-38.209,-37.477,-40.651,-45.045,-48.952,-49.928,-45.289,-48.097,-47.243,-42.116
-32.472,-21.241,-22.217,-13.794,19.776,51.881,59.572,49.562,61.037,66.652,69.338,66.53,60.793,71.78,89.236,81.912,49.806,59.816,119.75,110.72,31.129,3.296,77.151,193,-29.542,-27.589,-24.293,-15.503,0.24415,1.709,-10.743,-8.179,-11.231,-21.119,-40.895,-51.027,-58.84,-40.651,-46.144,-48.219,-43.947,-45.656,-46.388,-38.82,-31.983,-33.815,-37.965,-35.401,-27.833,-27.955,-31.739,-34.059,-31.007,-28.809,-34.669,-46.144,-32.96,-31.739,-38.575,-42.482,-49.196,-49.928,-49.074,-49.684,-52.736,-54.811
-59.938,-63.356,-68.972,-77.517,-88.137,-97.415,-91.189,-75.564,-44.557,-18.189,1.8311,19.532,16.236,-1.3428,-16.48,-22.828,-15.748,-20.508,-45.534,-66.897,-68.484,-35.279,46.754,-94.852,66.286,109.38,140.87,179.33,239.39,245.49,209.72,180.55,171.15,142.95,139.41,181.28,206.31,206.79,202.4,214.36,232.55,247.32,274.18,348.28,368.18,234.14,259.29,317.76,327.4,341.32,354.75,317.88,265.88,303.6,295.05,291.02,256.36,227.67,212.9,213.87,211.07,194.46,182.74,195.81,212.78,215.95
216.93,217.41,203.13,210.46,218.88,226.94,252.08,259.9,239.88,200.57,136.48,125.25,75.198,52.004,93.753,125.98,120.49,130.13,194.71,218.76,191.29,127.93,8.6673,-40.407,-5.1271,-12.574,-2.6856,-2.0753,-1.709,2.4415,4.7609,1.4649,-1.9532,-5.005,-8.301,-14.893,-20.631,-19.41,-21.973,-28.565,-31.739,-31.617,-31.617,-37.477,-41.505,-47.243,-41.261,-44.923,-54.445,-58.107,-58.473,-57.497,-59.938,-64.333,-69.216,-72.268,-68.117,-62.746,-56.764,-64.089,-76.785,-83.377,-81.179,-79.47,-80.203,-83.621
-86.428,-75.076,-71.413,-64.821,-63.478,-62.624,-57.497,-56.887,-52.736,-40.284,-30.03,-27.223,2.4415,49.684,57.985,4.2726,-5.1271,63.478,110.48,70.07,43.825,151.01,166.39,6.3478,-13.428,-15.87,-17.335,-16.236,-14.893,-13.916,-14.771,-16.602,-18.067,-11.475,-14.771,-15.87,-14.893,-23.072,-26.856,-23.194,-25.025,-30.152,-28.687,-23.438,-22.706,-25.88,-33.082,-37.721,-40.162,-42.726,-40.407,-40.04,-41.505,-46.388,-45.656,-47.731,-49.806,-54.079,-64.699,-69.948,-67.141,-64.089,-63.845,-60.427,-53.835,-55.788
-63.356,-68.361,-70.559,-71.902,-58.596,-51.027,-55.666,-72.634,-83.987,-74.343,-50.539,-20.631,-9.7659,-11.353,-30.152,-72.146,-60.427,-6.2258,14.161,38.82,86.673,173.96,38.331,-663.11,-16.48,-17.457,-8.5452,-13.428,-14.649,-5.005,-6.592,-18.311,-22.95,-18.311,-17.579,-18.311,-16.48,-17.457,-20.142,-21.607,-21.607,-24.903,-31.129,-32.594,-31.129,-31.617,-34.547,-40.895,-38.942,-44.435,-45.167,-44.069,-46.51,-48.952,-56.032,-53.102,-46.022,-43.58,-57.009,-65.554,-71.535,-64.089,-49.806,-48.952,-48.341,-17.823
-6.592,-22.217,-31.861,-42.97,-63.356,-69.704,-65.188,-63.967,-62.99,-80.081,-48.097,-108.77,-286.51,-273.57,-435.56,-562.64,-751,-927.76,-947.66,-860.13,-471.08,-578.02,-880.89,-745.02,11.475,9.6438,-30.274,-57.375,-51.515,-49.318,-50.539,-36.256,-12.085,-3.6622,-3.0519,-11.109,-23.927,-34.303,-32.96,-34.913,-39.552,-39.308,-40.529,-51.881,-52.858,-39.918,-44.069,-51.515,-53.224,-52.37,-51.881,-50.539,-46.632,-46.876,-44.801,-36.5,-39.674,-54.445,-51.149,-37.233,-30.763,-16.602,-12.696,-9.0335,9.3997,21.607
18.677,13.672,11.841,9.2776,10.254,31.617,53.713,50.172,17.212,-0.12207,16.724,17.701,1.3428,-8.301,-17.335,-48.708,-86.673,-108.89,-127.81,-7.4465,-165.53,-541.64,-649.56,-682.88,-896.15,-984.04,-742.09,-235.24,-641.13,-907.25,-975.01,-921.17,-509.05,-311.29,-251.59,177.62,340.46,197.88,-2.5636,-14.893,186.9,369.15,365.37,326.79,255.13,46.51,-104.13,-26.612,43.947,-20.508,-52.492,-27.345,-28.321,-68.117,-90.457,-70.681,-23.56,11.353,-0.4883,-29.176,-11.597,-19.166,-32.472,-35.401,-19.044,1.2207
8.9114,-0.61037,-14.039,-24.781,-20.264,-7.8127,-3.5401,-5.005,-10.62,-13.428,-11.719,-8.5452,-8.5452,-12.452,-15.503,-20.386,-24.415,-28.809,-33.57,-34.791,-34.425,-38.453,-46.022,-53.224,-57.863,-55.422,-63.967,-69.216,-69.46,-75.686,-69.948,-59.816,-55.177,-46.022,-43.825,-56.642,-58.962,-57.985,-66.286,-66.897,-63.967,-63.356,-62.258,-60.183,-73.611,-91.678,-98.88,-89.48,-85.452,-75.198,-91.556,-138.92,-144.05,-100.1,-65.554,-74.099,-106.2,-54.079,-12.085,-263.44,-10.743,-10.62,-11.963,-12.207,-14.039,-17.09
-16.358,-14.649,-16.48,-10.62,-15.992,-19.532,-17.335,-16.846,-16.114,-16.724,-16.114,-15.625,-19.044,-21.607,-23.316,-27.589,-30.763,-33.204,-36.256,-43.825,-49.196,-49.562,-54.567,-65.31,-71.535,-75.198,-80.325,-93.997,-102.05,-107.06,-114.26,-121.83,-123.05,-125.74,-136.84,-138.43,-141.24,-161.02,-168.34,-179.57,-185.55,-195.32,-208.38,-233.28,-243.17,-245.37,-241.58,-240.61,-245.37,-240.24,-231.7,-212.53,-166.39,-182.13,-192.02,-167,-90.091,-35.157,68.728,87.161,-7.2024,-10.865,-10.498,-10.62,-16.358,-23.438
-24.781,-21.729,-22.095,-26.612,-27.345,-21.973,-16.358,-12.94,-8.301,-11.841,-12.818,-11.963,-12.574,-17.212,-18.555,-18.311,-18.799,-18.555,-16.968,-18.311,-20.02,-21.363,-27.589,-35.157,-43.092,-49.562,-55.3,-60.915,-67.263,-74.831,-77.883,-83.743,-95.218,-105.59,-108.89,-112.8,-126.47,-136.23,-133.55,-126.71,-152.47,-173.47,-178.35,-190.44,-218.76,-264.9,-285.29,-302.99,-305.67,-308.11,-303.96,-256.6,-179.82,-156.25,-175.79,-196.66,-226.57,-158.45,-101.08,-115.36,-19.776,-0.61037,11.963,13.55,12.452,10.865
12.94,12.94,-1.2207,1.3428,13.306,17.09,20.875,28.932,34.059,28.932,20.508,13.062,8.179,8.301,8.5452,4.5167,3.1739,1.9532,-2.5636,-7.5686,-10.132,-17.701,-26.124,-33.57,-37.599,-38.087,-46.388,-56.398,-62.136,-75.442,-79.836,-82.644,-96.805,-106.69,-107.91,-109.62,-114.51,-116.34,-125.13,-137.21,-171.64,-223.76,-228.03,-252.2,-293.71,-305.8,-306.77,-285.04,-273.45,-256.11,-195.2,-197.15,-156.87,-59.206,4.5167,-37.233,-58.718,-108.89,-224.25,-188.36,29.786,35.279,53.957,71.657,68.972,53.346
45.778,38.209,22.095,5.005,-0.61037,1.9532,1.0987,-0.4883,2.3194,0.97659,-2.8077,-7.9348,-8.179,-8.6673,-12.452,-14.039,-15.992,-20.264,-17.579,-17.457,-20.631,-19.288,-15.259,-16.48,-19.776,-22.584,-25.513,-31.983,-40.162,-45.9,-48.219,-48.463,-51.515,-59.572,-70.681,-84.109,-90.945,-106.94,-130.99,-143.07,-133.06,-119.63,-117.31,-137.46,-141.85,-130.86,-138.07,-159.06,-224.25,-217.54,-228.77,-204.23,-152.84,-128.06,-190.31,-336.8,-301.03,-176.52,-110.48,-7.8127,-73.489,-93.631,-113.41,-120.12,-114.26,-114.99
-107.3,-87.771,-66.042,-45.534,-20.631,-6.3478,-3.1739,2.3194,19.532,50.417,57.497,87.039,105.35,110.23,137.09,162.11,181.65,193.61,200.93,203.13,213.75,221.2,209.97,192.39,189.95,202.4,191.9,145.39,118.41,115.6,95.828,81.545,92.776,114.51,130.38,126.96,72.024,5.7375,22.828,57.741,52.614,31.983,25.636,24.781,19.898,10.62,13.184,18.311,10.376,8.5452,7.8127,1.709,-0.24415,12.452,27.833,36.5,46.754,60.793,67.507,64.943,4.5167,9.5218,10.498,9.3997,6.9582,6.1037
5.4933,3.0519,2.3194,4.7609,4.3947,5.005,5.8596,7.9348,9.1556,10.01,9.6438,7.2024,2.8077,-4.3947,-0.73244,5.1271,-2.8077,-18.555,-30.519,-37.965,-39.674,-41.383,-45.045,-47.365,-47.975,-51.637,-55.788,-54.933,-54.079,-60.671,-63.601,-63.356,-65.31,-68.117,-63.112,-59.816,-56.52,-54.445,-51.515,-48.952,-62.746,-78.249,-86.673,-95.706,-107.43,-121.59,-139.41,-152.96,-164.56,-174.2,-186.53,-160.41,-142.83,-131.72,-128.3,-157.6,-132.08,-101.32,-120.12,-207.16,-11.353,-6.9582,-2.9298,-1.587,4.2726,10.498
15.015,15.992,13.672,14.649,14.527,10.132,5.3713,3.7843,2.8077,1.709,6.3478,19.654,27.955,21.119,13.672,9.6438,4.0284,-1.4649,-5.4933,-9.1556,-11.597,-12.452,-16.114,-19.776,-20.02,-22.095,-26.734,-33.815,-37.843,-37.111,-45.9,-58.351,-63.601,-69.46,-71.413,-65.432,-69.216,-83.743,-100.34,-93.997,-83.621,-102.05,-109.26,-116.58,-136.6,-163.46,-180.91,-187.51,-202.76,-213.39,-192.51,-144.17,-87.771,-88.26,-195.81,-184.94,-285.9,-282.6,68.85,-0.24415,-9.0335,-10.987,-7.6907,-4.0284,-1.4649,-4.6388
-2.8077,0.36622,-2.3194,-9.7659,-12.696,-10.865,-9.888,-13.794,-18.311,-17.335,-15.748,-18.433,-22.34,-23.804,-23.804,-20.631,-18.067,-19.044,-20.875,-23.438,-26.612,-27.833,-30.885,-34.791,-36.988,-37.721,-40.773,-46.022,-49.806,-47.609,-46.999,-49.806,-50.417,-47.365,-52.004,-65.92,-78.005,-77.273,-76.296,-82.888,-93.265,-107.43,-120.85,-111.33,-105.72,-126.71,-160.41,-169.56,-180.79,-175.79,-160.89,-164.56,-143.19,-103.15,-91.922,-125.49,-200.45,-199.47,-101.44,-259.77,-9.2776,-10.743,-13.428,-13.306,-11.109,-9.2776
-6.1037,-2.8077,-2.4415,-3.4181,-5.7375,-7.8127,-8.179,-8.9114,-10.254,-17.701,-23.072,-24.781,-27.955,-29.176,-28.932,-29.054,-29.42,-31.739,-39.674,-47.609,-52.98,-58.229,-62.99,-66.53,-73.855,-83.132,-85.208,-84.475,-83.132,-80.691,-83.499,-91.433,-87.405,-83.132,-102.79,-114.38,-119.75,-164.19,-190.19,-200.45,-204.11,-206.06,-208.01,-187.87,-169.44,-142.34,-126.96,-136.23,-121.59,-5.1271,-173.96,-25.758,-28.565,-27.955,-20.508,-17.457,-17.457,-17.701,-20.753,-22.584,-25.147,-27.467,-26.49,-23.194,-17.945,-12.696
-8.9114,-8.0569,-7.2024,-8.301,-12.94,-15.87,-15.748,-16.114,-17.823,-19.166,-18.799,-22.828,-22.584,-19.166,-20.508,-21.973,-21.607,-24.293,-26.246,-27.833,-34.303,-41.749,-39.43,-31.007,-33.326,-41.993,-46.999,-47.487,-42.97,-48.585,-60.305,-63.601,-76.418,-86.917,-107.79,-130.5,-160.16,-170.29,-158.45,-154.3,-152.71,-133.43,-99.124,-75.076,-70.559,-42.97,-110.35,-181.89,-44.069,-177.37,-500.38,-4.0284,-2.6856,-1.9532,3.1739,8.179,9.0335,9.2776,6.4699,2.3194,0.24415,-3.9064,-9.5218,-12.452,-16.724,-11.841
-4.0284,0.4883,7.5686,14.771,16.602,16.358,17.09,17.579,16.48,15.992,25.147,33.448,30.396,28.199,31.739,31.373,27.223,26.978,22.706,20.264,20.386,19.41,15.137,12.207,8.7893,-1.8311,-13.428,-24.903,-33.204,-36.988,-42.238,-45.167,-62.502,-100.96,-164.56,-199.71,-213.39,-225.23,-230.6,-219.49,-203.01,-182.38,-188.48,-181.4,-167.36,-139.16,-192.88,-81.79,-271.25,-584.86,-544.82,8.301,8.5452,10.865,12.452,10.132,2.1973,-4.0284,-9.3997,-1.709,11.109,14.283,18.799,17.579,19.41,22.462
19.166,13.184,5.8596,0.36622,-3.4181,-9.7659,-14.161,-14.649,-10.254,-9.3997,-9.7659,-3.0519,-1.3428,-2.8077,-0.12207,4.1505,3.7843,4.883,4.1505,3.6622,4.2726,7.3244,5.7375,-1.8311,-9.3997,-14.893,-20.508,-30.152,-46.876,-65.188,-69.948,-71.169,-81.912,-101.08,-115.36,-124.64,-161.87,-173.22,-163.7,-192.14,-205.57,-208.14,-198.74,-190.8,-164.31,-107.18,-71.657,-109.87,-320.2,-153.32,-269.91,0.85452,0.36622,0.61037,0.4883,-0.36622,1.709,3.1739,5.8596,7.0803,4.7609,4.7609,4.883,-0.24415,-9.6438,-14.161
-13.916,-15.992,-17.823,-16.358,-13.672,-13.55,-16.358,-16.602,-13.55,-12.818,-13.428,-14.405,-13.306,-10.498,-8.5452,-8.5452,-9.7659,-9.6438,-11.841,-10.987,-9.5218,-11.353,-7.4465,-5.1271,-6.8361,-12.207,-13.428,-8.4231,-8.5452,-11.231,-27.467,-50.539,-40.651,-5.4933,12.574,17.945,11.231,5.6154,1.8311,1.0987,-17.701,-20.997,-19.898,-43.458,-11.109,56.642,47.243,-35.401,-115.48,-144.17,-288.83,-3.9064,-5.2492,-8.301,-10.743,-10.865,-10.987,-11.231,-12.696,-12.574,-12.452,-13.55,-13.794,-15.137,-15.992,-15.992
-18.433,-17.579,-19.776,-24.415,-26.734,-26.856,-27.1,-28.809,-29.664,-28.809,-27.589,-27.711,-28.932,-30.152,-30.519,-31.373,-32.96,-33.204,-33.204,-33.204,-34.913,-40.284,-42.116,-42.604,-41.993,-45.045,-48.585,-48.219,-51.271,-64.577,-78.982,-88.382,-96.561,-101.08,-121.59,-157.72,-186.41,-155.28,-51.271,28.687,-0.97659,-50.295,-63.112,-39.064,-18.799,-42.116,-123.05,-57.497,-47.731,-62.014,-87.527,-23.072,-29.298,-22.95,-14.771,-7.6907,-7.2024,-5.9816,-7.3244,-10.865,-13.062,-16.48,-21.119,-20.753,-17.945,-17.09
-13.184,-8.301,-7.9348,-10.865,-10.498,-9.6438,-11.231,-9.2776,-7.8127,-11.841,-14.771,-13.428,-14.283,-17.945,-18.677,-15.992,-13.916,-14.893,-13.428,-11.475,-14.039,-16.846,-21.119,-24.781,-25.147,-28.809,-34.913,-37.599,-40.895,-46.144,-52.614,-70.925,-104.86,-129.52,-116.58,-28.443,22.95,-15.992,0.36622,37.721,41.871,61.159,90.091,91.678,105.23,31.007,-99.124,18.555,15.381,-222.42,-329.11,-511.37,-445.69,-331.06,-106.69,6.3478,8.4231,8.0569,8.7893,8.179,-1.2207,-8.6673,-12.207,-17.457,-16.724,-11.353
-6.9582,-0.73244,5.3713,4.5167,-3.6622,-13.306,-16.968,-17.945,-18.921,-20.142,-17.457,-13.794,-9.3997,-7.2024,-7.4465,-8.6673,-9.888,-11.109,-13.306,-13.184,-8.4231,-5.7375,-3.5401,-0.85452,0.61037,2.0753,6.2258,1.587,-6.9582,-15.137,-16.724,-16.724,-23.56,-24.537,-11.353,16.602,40.407,51.393,51.637,50.417,47.609,44.191,56.032,62.624,88.626,89.602,91.433,69.826,20.508,5.4933,-3.0519,-2.3194,47.975,70.07,13.184,0.24415,-2.3194,-6.592,-14.283,-18.799,-18.311,-18.799,-21.485,-20.02,-15.748,-17.579
-21.729,-23.194,-21.851,-26.002,-31.739,-34.669,-37.721,-41.993,-43.214,-38.453,-32.472,-34.547,-43.092,-41.383,-40.651,-44.435,-46.022,-45.9,-46.022,-47.609,-48.219,-49.074,-48.708,-44.679,-41.627,-44.191,-45.289,-34.059,-36.622,-46.144,-54.811,-60.183,-67.385,-68.972,-69.704,-66.408,-50.661,-43.458,-37.965,-21.363,-0.4883,17.335,74.709,24.659,-28.077,0,16.602,37.355,73.366,47.365,72.268,94.607,101.44,60.915,-55.91,-2.0753,-5.005,-5.4933,-4.6388,-4.7609,-3.0519,-1.4649,-0.61037,-0.73244,-2.5636,-6.592
-5.7375,-6.592,-8.9114,-10.865,-11.109,-8.7893,-7.2024,-7.4465,-8.4231,-4.3947,-2.3194,-3.7843,-0.24415,2.6856,13.916,8.9114,5.005,2.8077,5.005,4.6388,7.3244,14.039,17.335,15.137,18.677,20.875,23.804,26.49,23.804,14.039,4.0284,-3.4181,-9.888,-10.865,-10.376,-20.753,-28.687,-22.095,-25.269,6.1037,27.345,39.43,46.754,30.274,3.7843,-30.641,-59.328,-56.887,-35.401,-13.672,38.453,16.114,-87.649,-30.885,-71.902,17.335,16.846,12.574,9.6438,8.5452,6.2258,1.4649,-2.3194,-3.0519,-4.0284,-6.7141
-8.179,-10.376,-13.55,-15.137,-16.968,-16.358,-16.358,-15.625,-17.701,-20.997,-20.264,-18.067,-16.114,-8.9114,-6.3478,-7.5686,-6.9582,-5.4933,-6.3478,-10.498,-13.672,-16.358,-17.579,-17.335,-12.329,-7.8127,-4.0284,2.1973,9.7659,17.945,30.763,39.918,41.871,36.988,30.152,10.132,-15.748,-20.386,-9.1556,18.677,22.584,7.8127,3.7843,3.9064,4.2726,1.587,-14.039,17.457,5.6154,3.0519,48.219,75.93,18.067,-164.19,-206.55,2.1973,3.1739,2.9298,-0.12207,-0.97659,-5.8596,-6.9582,-4.3947,-4.6388,-6.7141,-7.4465
-5.7375,-5.005,-5.1271,-5.3713,-3.6622,-3.4181,-2.3194,-2.5636,-5.005,-5.005,0.12207,5.6154,6.9582,5.3713,1.8311,5.9816,12.329,13.062,13.916,15.137,14.405,12.574,8.6673,6.2258,5.6154,6.3478,7.0803,5.7375,6.3478,11.353,15.87,20.142,20.875,20.02,13.794,2.6856,-11.475,-24.049,-22.706,-14.649,-3.4181,-4.5167,2.1973,19.532,27.711,29.054,6.3478,-2.1973,-15.503,-41.505,-41.383,10.865,139.16,-84.719,-127.81,-16.968,-16.358,-16.114,-17.457,-21.119,-22.95,-25.147,-23.804,-28.687,-33.448,-25.025
-23.072,-30.396,-28.321,-23.194,-22.828,-25.147,-22.95,-21.851,-23.56,-20.142,-20.631,-19.532,-15.748,-11.963,-12.452,-14.649,-15.748,-13.428,-11.353,-13.672,-16.602,-10.987,-10.01,-17.09,-21.973,-20.631,-18.433,-18.799,-21.729,-22.34,-28.321,-38.575,-53.835,-69.704,-72.268,-67.507,-58.962,-28.199,10.743,40.895,74.587,127.93,53.957,-39.796,-78.372,-88.26,-37.965,31.495,15.503,-23.804,1.9532,83.987,156.01,163.58,95.462,-17.09,-17.945,-15.381,-15.503,-13.794,-8.5452,-3.296,-5.7375,-5.9816,-8.0569,-12.818
-15.748,-16.846,-16.48,-19.41,-20.142,-14.527,-8.301,-5.2492,-5.8596,-7.2024,-9.888,-11.597,-13.306,-13.794,-10.865,-7.4465,-6.8361,-8.9114,-9.1556,-3.5401,1.709,2.4415,4.5167,5.1271,3.9064,5.4933,10.01,15.137,18.555,20.264,21.241,27.833,24.293,19.288,10.376,-7.4465,-30.763,-27.223,-4.5167,21.241,45.778,40.162,65.554,86.062,99.857,99.368,46.022,10.62,17.701,26.49,77.151,-27.833,-9.5218,-20.142,-129.76,2.0753,6.3478,7.6907,4.5167,-0.73244,-5.6154,-5.3713,-5.3713,-7.3244,-8.6673,-5.6154
-0.36622,-0.61037,-1.709,-1.587,-5.005,-8.301,-8.7893,-10.743,-14.161,-17.09,-18.189,-19.41,-20.753,-21.363,-20.386,-21.241,-20.753,-21.485,-21.241,-18.677,-15.748,-16.48,-18.433,-13.916,-10.132,-12.452,-11.353,-12.452,-15.259,-13.55,-9.2776,-8.179,-11.963,-3.5401,17.701,22.828,5.1271,-17.579,-24.049,-32.96,-55.422,-66.897,-49.196,-31.007,-22.706,-17.823,-6.2258,-10.254,-96.927,-65.554,17.823,62.624,165.9,70.437,18.555,-12.329,-11.719,-10.498,-11.719,-12.94,-14.893,-9.7659,-6.4699,-8.6673,-6.7141,-7.3244
-11.719,-12.452,-11.109,-11.963,-12.329,-11.963,-10.254,-9.888,-9.5218,-10.254,-12.207,-14.161,-15.259,-14.771,-13.916,-12.207,-11.231,-12.696,-9.1556,-11.231,-19.166,-23.927,-31.983,-35.89,-32.96,-29.908,-16.846,8.301,27.833,11.353,-26.368,-41.627,-33.815,-23.072,-28.199,-49.928,-68.728,-61.037,-40.651,-5.8596,20.508,17.212,16.114,22.217,0.4883,-47.731,-94.485,-58.473,38.087,103.03,162.97,125.13,131.6,35.768,-159.79,-21.973,-29.298,-33.448,-29.542,-29.054,-27.589,-31.617,-28.932,-21.119,-18.433,-17.945
-6.8361,6.8361,1.2207,-8.9114,-18.189,-20.997,-20.997,-21.973,-21.241,-19.532,-18.189,-20.02,-22.706,-21.973,-25.391,-33.57,-36.988,-38.82,-44.069,-44.679,-39.552,-33.57,-24.171,-20.264,-22.828,-27.223,-35.157,-40.04,-38.82,-35.035,-22.828,-2.3194,11.963,26.124,37.599,46.632,33.204,22.462,11.963,12.207,15.137,13.184,-2.9298,-25.88,-49.684,-45.778,-19.166,-31.983,15.503,49.806,95.218,110.23,55.3,57.131,-23.927,-49.684,-35.157,-31.617,-19.654,7.4465,4.5167,-2.1973,-2.5636,-16.236,-29.42,-38.575
-38.087,-34.425,-26.49,-20.02,-14.039,-19.898,-29.176,-38.453,-42.97,-34.303,-30.763,-29.908,-26.734,-18.067,-11.475,-14.161,-16.48,-22.095,-27.589,-31.373,-28.809,-23.316,-19.044,-19.898,-21.851,-21.851,-18.067,-23.316,-28.077,-24.293,-20.142,-17.823,-15.87,-12.696,-8.4231,-6.2258,6.592,41.261,103.52,93.509,12.329,-6.3478,13.672,20.753,16.724,18.799,33.937,26.734,38.209,87.771,122.32,171.51,203.5,159.06,51.027,-0.61037,-0.4883,-3.4181,-7.8127,-11.963,-16.968,-23.438,-26.856,-25.758,-23.682,-18.433
-14.161,-12.452,-11.231,-10.01,-9.3997,-14.527,-18.311,-19.41,-15.748,-12.696,-10.498,-6.7141,-3.296,-1.0987,-0.85452,-1.0987,-5.6154,-12.818,-13.794,-11.963,-7.8127,-3.4181,1.587,7.5686,11.353,12.574,10.987,7.6907,4.6388,8.0569,20.875,44.923,67.019,74.221,69.094,56.764,46.144,40.773,35.524,36.256,53.713,46.388,48.83,42.848,17.701,2.0753,-45.412,-67.507,38.942,133.55,181.28,41.749,-82.156,-69.826,-178.59,1.3428,-3.4181,2.1973,-3.0519,-5.7375,-8.9114,-8.9114,8.6673,11.109,4.7609,6.7141
11.231,14.649,12.085,9.5218,10.987,11.353,10.01,11.109,10.132,4.3947,5.9816,4.3947,1.8311,-0.24415,1.4649,3.1739,1.709,-1.9532,0.24415,4.7609,6.592,7.8127,2.0753,-1.709,1.0987,4.5167,16.724,17.823,16.236,21.729,23.927,25.88,31.129,34.425,22.095,34.913,46.388,39.064,27.345,33.57,39.918,40.04,51.759,35.524,12.818,9.5218,-19.776,-166.63,-226.2,20.753,173.71,56.154,213.51,194.46,40.284,-21.973,-21.241,-19.898,-18.311,-18.921,-19.044,-13.916,-6.3478,-3.1739,-5.9816,-8.301
-8.9114,-10.132,-12.574,-12.818,-10.987,-10.987,-3.4181,-1.3428,-11.719,-14.161,-12.452,-8.7893,-4.2726,-0.97659,-0.24415,-3.6622,-0.12207,0.85452,-2.6856,-7.0803,-10.01,-10.987,-12.452,-10.376,-5.9816,6.1037,17.09,16.846,15.992,16.236,19.776,22.34,20.142,14.405,15.748,23.438,26.002,11.841,-3.1739,-12.329,-2.6856,-10.865,-17.945,-25.147,-21.851,-9.5218,-5.4933,-7.0803,13.184,55.177,9.6438,4.7609,-3.4181,-191.05,-221.93,-679.59,-802.39,-442.64,-274.18,-306.65,-250.74,-130.86,-16.724,-177.13,-296.15,-281.26
-194.46,-22.95,66.408,59.694,85.94,86.917,-25.025,-82.888,-41.871,36.256,89.724,99.49,78.127,17.823,-29.42,-68.117,-98.636,-117.92,-160.16,31.617,-25.636,-25.391,-24.659,-22.95,-18.555,-11.109,-13.428,-17.823,-26.246,-36.378,-42.604,-49.806,-71.169,-95.462,-92.044,-74.221,-62.136,-40.773,-31.251,-58.718,-107.67,-158.09,-193.85,-200.69,-188.73,-170.78,-172.12,-249.52,-312.27,-273.32,-17.212,238.65,-199.22,-27.1,-7.8127,2.3194,8.0569,1.2207,-9.0335,-18.067,-32.228,-40.162,-45.778,-53.224,-41.383,-29.054
-24.293,-15.381,-11.719,-19.288,-22.95,-15.503,-8.9114,-5.6154,-5.2492,-11.841,-21.241,-28.443,-36.378,-41.871,-39.674,-30.641,-21.973,-17.823,-16.48,-18.799,-19.288,-11.719,-4.2726,-6.4699,-2.0753,14.649,15.87,9.3997,4.2726,5.7375,15.87,19.776,-8.7893,-56.887,-89.602,-94.119,-85.452,-75.808,-78.86,-78.127,-109.74,-180.06,-242.68,-260.26,-260.14,-262.7,-227.91,-213.63,-208.14,-158.7,-8.9114,93.509,-235.24,-15.015,-20.386,-26.368,-20.997,-14.893,-24.293,-14.039,-12.452,-19.41,-8.7893,-9.2776,-10.254,-11.109
-10.376,-6.9582,-6.9582,-0.85452,4.0284,9.5218,5.6154,-6.1037,-15.015,-17.212,-18.067,-15.259,-14.283,-14.039,-24.049,-52.614,-37.965,-12.207,3.1739,-2.0753,-31.129,-23.316,-2.0753,8.0569,3.0519,0.4883,6.2258,-3.5401,-12.818,-23.927,-23.316,-24.903,-33.326,-46.754,-40.162,-42.238,-58.473,-60.915,-60.183,-88.626,-136.23,-173.71,-191.17,-168.58,-130.86,-131.84,-153.94,-199.71,-265.76,-261.12,-148.93,563.86,168.95,-10.132,-16.48,-24.171,-34.913,-35.157,-18.677,-14.405,-10.376,-10.498,-18.677,-20.386,-19.532,-16.846
-13.55,-14.893,-20.875,-30.03,-35.401,-38.331,-39.43,-36.744,-32.35,-29.054,-27.833,-31.617,-37.843,-38.453,-34.669,-33.204,-30.763,-28.321,-10.376,-5.8596,-22.828,-35.89,-38.82,-34.425,-31.495,-39.186,-47.121,-51.149,-52.858,-53.957,-61.892,-71.78,-78.616,-92.532,-127.57,-179.33,-171.03,-119.39,-101.08,-101.32,-112.06,-170.17,-215.95,-216.56,-184.09,-142.09,-67.263,44.923,72.146,62.014,429.09,699.24,-15.503,0.4883,-1.4649,-6.592,-13.306,-15.87,-13.916,-8.6673,-5.8596,-7.3244,-2.9298,-5.7375,-8.5452,-10.254
-15.992,-20.142,-21.119,-21.729,-22.462,-23.438,-21.729,-22.828,-21.363,-21.607,-23.682,-25.88,-27.711,-28.321,-30.763,-31.007,-31.495,-31.007,-29.542,-24.293,-26.734,-30.152,-31.983,-36.256,-35.401,-33.204,-32.594,-30.396,-26.246,-27.589,-36.866,-50.783,-61.403,-67.995,-64.943,-62.136,-71.169,-93.631,-109.62,-114.51,-124.15,-139.65,-140.14,-147.95,-167.36,-172,-134.04,-127.57,-148.32,-125,246.22,762.84,438.73,-27.711,-28.199,-23.194,-14.771,-9.7659,-0.4883,-4.883,-16.48,-19.41,-17.335,-17.09,-14.771,-13.184
-1.587,-10.743,-14.283,-11.353,-28.809,-41.871,-36.134,-40.284,-39.796,-33.815,-33.57,-38.575,-38.575,-51.271,-47.731,-33.937,-38.575,-45.778,-49.44,-43.092,-47.243,-52.614,-65.432,-84.353,-77.151,-77.029,-77.883,-82.522,-97.781,-119.75,-146.98,-149.3,-140.39,-115.73,-93.509,-101.2,-125.13,-151.74,-176.76,-189.58,-226.45,-244.03,-223.15,-214.97,-218.39,-107.67,68.361,74.953,-58.229,-125.61,397.72,383.07,-177.5,-42.848,-40.529,-22.095,-5.1271,-1.709,1.709,-3.4181,-12.207,-17.212,-41.749,-50.661,-49.928,-47.975
-41.505,-36.012,-30.641,-26.734,-31.007,-37.355,-41.383,-41.017,-50.661,-34.791,-8.0569,-7.0803,-1.2207,-1.9532,-0.4883,3.296,2.3194,-6.1037,-11.841,10.254,12.574,-13.794,9.5218,10.62,-8.179,-16.846,-30.763,-41.383,-40.407,-24.049,-19.654,-30.519,-46.144,-48.219,-42.116,-68.117,-97.415,-142.46,-180.18,-208.5,-181.4,-135.14,-93.142,-73.122,-82.766,-41.871,13.794,-22.095,-159.79,-292.12,469.99,574.24,-231.57,21.607,14.283,10.498,6.592,5.7375,-1.3428,-2.6856,-0.85452,0.24415,2.3194,-1.2207,-10.01,-17.701
-23.072,-25.269,-29.786,-33.815,-33.082,-33.082,-32.594,-34.303,-34.181,-33.937,-40.529,-50.295,-60.183,-66.774,-60.671,-53.224,-49.928,-48.708,-51.759,-47.975,-39.674,-36.378,-31.739,-31.495,-32.838,-32.594,-31.129,-31.007,-33.326,-33.082,-37.355,-42.848,-54.201,-70.925,-72.634,-77.883,-68.484,-51.393,-4.883,21.363,-22.95,-80.569,-124.39,-129.52,-101.32,-60.305,-37.843,-11.109,84.109,132.45,100.83,664.08,658.59,41.017,26.246,25.269,28.199,15.503,-14.527,-13.55,0.36622,20.142,34.059,27.589,11.109,-1.709
-15.015,-24.415,-21.485,-13.428,-6.4699,-2.9298,-9.2776,-9.6438,-1.4649,-7.5686,-12.085,-11.963,-18.067,-19.654,-12.452,4.3947,5.005,0,-14.039,-29.664,-30.885,-40.162,-42.848,-55.544,-49.562,-43.092,-36.866,-35.279,-39.796,-42.604,-37.111,-44.191,-54.567,-71.291,-94.363,-97.537,-85.452,-78.86,-91.678,-136.11,-195.07,-220.22,-181.77,-128.3,-117.68,-155.77,-216.07,-183.72,-113.53,-59.328,257.33,876.61,275.15,24.781,28.932,30.885,29.542,26.734,30.885,37.965,48.83,54.323,42.97,50.783,62.868,69.094
63.478,60.305,63.234,61.037,68.117,71.047,67.141,79.348,95.34,106.33,101.32,78.982,65.676,78.86,150.27,164.43,126.47,136.84,140.87,114.99,113.65,118.9,90.213,49.318,37.355,37.843,21.973,26.978,91.678,147.22,-61.037,-354.38,293.47,791.28,325.33,421.89,571.43,452.89,59.084,-291.51,-238.17,-66.53,113.53,182.38,192.14,128.3,-36.378,-140.02,-103.03,-34.425,-20.997,-121.95,279.06,-55.91,-43.336,-24.781,-5.8596,24.415,49.806,46.266,15.259,-10.132,-12.207,-5.2492,7.5686,24.537
23.804,7.0803,-2.6856,3.4181,13.428,14.771,11.841,9.6438,5.005,18.189,21.729,7.2024,0.4883,5.6154,18.921,38.697,51.515,50.295,44.557,42.36,39.064,35.157,41.017,55.055,66.774,75.076,85.086,98.392,108.28,112.19,112.8,116.46,123.78,148.93,183.84,218.76,184.94,115.24,76.785,99.734,168.83,179.45,114.26,24.781,-21.241,-20.997,2.8077,125.13,165.53,227.55,394.67,-88.992,-839.63,5.4933,0.24415,5.4933,17.945,23.804,23.316,21.363,21.119,25.88,23.072,13.916,12.574,18.555
16.48,7.8127,8.7893,17.701,22.34,17.09,11.475,18.799,20.264,14.649,19.044,31.129,37.721,38.087,35.279,33.082,33.937,39.674,49.928,61.037,69.948,74.221,74.221,65.31,62.136,86.184,127.08,133.92,87.771,62.868,111.33,153.81,138.07,115.6,93.997,104.62,161.26,206.06,194.46,116.82,67.751,87.161,128.18,146.98,146.73,171.76,118.05,97.781,240.49,408.7,313.97,-320.93,75.686,-15.87,-7.0803,4.2726,15.381,40.773,55.544,17.09,-9.3997,-13.672,-6.4699,18.067,46.022,57.985
51.515,33.937,20.02,14.405,15.503,22.095,29.786,38.942,37.477,35.524,50.539,52.736,41.871,34.181,33.082,36.866,47.975,57.497,68.239,73.611,69.338,69.826,73.366,86.306,106.81,116.95,118.29,134.4,150.88,137.21,133.79,145.76,151.62,162.97,198.61,212.16,190.44,158.57,125.61,87.649,78.249,121.22,146.73,173.47,194.1,192.27,109.38,74.221,246.1,159.79,-495.13,-193.12,-21.363,-24.049,-16.48,-8.4231,-1.0987,6.3478,3.1739,-4.2726,-3.5401,-2.0753,2.0753,11.963,22.095,25.147
21.119,17.09,17.09,10.376,17.09,16.846,14.771,20.997,14.283,10.376,15.137,23.438,32.228,35.279,36.866,39.552,40.162,43.58,45.045,43.458,49.196,60.183,72.756,61.403,49.44,63.845,88.748,88.382,80.569,82.766,103.15,131.96,138.31,115.97,104.01,127.08,158.21,163.34,134.4,127.69,168.46,195.81,194.95,138.07,129.52,142.7,205.21,258.43,222.05,-44.923,-447.65,29.664,40.651,61.647,25.636,-13.672,-19.41,-5.4933,9.0335,19.776,40.651,44.435,27.345,16.114,10.376,13.916
25.636,28.321,19.41,13.184,18.555,27.589,34.791,31.983,19.654,12.452,18.921,34.425,42.848,39.308,36.866,32.96,45.412,60.427,53.835,52.736,56.887,55.666,59.572,65.432,67.019,68.361,80.935,115.36,123.17,136.48,139.04,123.17,109.62,113.9,123.66,136.6,119.27,100.83,101.32,132.82,157.72,125,65.798,47.121,81.423,142.58,213.26,261.48,282.72,204.84,-110.23,-440.08,15.381,13.916,6.4699,-5.3713,-6.7141,3.296,13.306,13.916,9.888,8.9114,3.5401,-0.36622,4.2726,12.085
18.189,21.119,18.067,11.109,7.2024,5.7375,-4.5167,4.6388,20.142,17.09,11.475,16.602,18.799,19.166,22.095,24.293,33.57,43.336,39.796,34.547,41.017,43.947,32.35,26.49,41.993,59.572,64.577,65.31,73.244,92.166,140.75,154.91,124.27,112.8,115.12,134.65,153.32,139.9,110.6,101.93,113.16,114.26,96.805,92.044,118.78,157.35,151.25,151.01,210.33,184.94,-187.26,-617.94,36.744,48.341,50.905,14.161,1.2207,-7.4465,-14.283,5.9816,30.885,36.134,32.35,24.415,13.794,8.0569
7.4465,10.498,13.672,15.992,22.217,27.711,27.589,26.856,30.274,32.35,30.763,17.579,15.381,32.594,32.716,26.978,26.124,29.786,40.895,55.177,63.845,64.333,63.723,67.507,79.958,99.246,97.049,82.4,111.21,124.39,114.63,103.89,108.28,134.04,145.15,138.31,127.45,120.61,134.65,108.65,96.072,92.288,98.148,102.79,114.75,133.92,128.79,151.13,263.92,305.92,106.33,-452.04,-55.788,-58.229,-58.351,-46.754,-34.425,-24.415,-2.5636,14.893,33.326,70.925,114.26,100.1,48.952,2.5636
-25.147,-47.243,-44.557,-14.893,21.607,51.515,68.239,65.188,44.923,15.992,-5.4933,-15.992,-23.438,0,34.425,46.999,36.012,26.734,20.386,18.067,31.617,46.144,54.933,59.328,62.624,67.629,77.273,83.01,86.184,82.766,85.818,93.753,83.377,87.649,137.7,146.24,156.99,135.99,110.97,85.33,62.502,72.512,111.58,140.51,162.24,190.19,226.57,239.39,140.02,-121.71,-95.462,896.88,47.731,52.248,63.356,49.684,13.916,-5.005,16.846,39.552,99.124,124.39,80.569,38.453,76.785,36.012
-47.609,-54.567,-1.4649,34.791,28.443,-12.696,-69.46,-117.8,-142.34,-108.28,-15.381,107.18,232.43,138.43,-165.78,-350.96,-377.21,-199.22,2.8077,139.65,167.49,120,6.4699,-167.61,-254.16,-28.443,-71.535,-136.11,-132.82,-79.104,-26.124,-11.963,-36.5,-77.517,-68.606,-15.992,19.654,21.363,4.2726,-40.529,-88.26,-88.748,-41.383,33.448,98.27,182.38,227.79,174.57,-1.0987,-276.25,214.85,188.97,34.425,31.251,30.763,13.672,-6.1037,-15.259,-6.4699,29.786,48.952,38.331,22.217,12.329,19.288,34.791
36.622,18.921,7.9348,16.48,17.579,9.888,11.719,21.607,27.833,31.129,36.256,38.331,37.111,29.542,37.721,58.962,57.253,53.591,53.713,51.759,52.614,57.497,63.723,61.403,61.892,74.465,100.96,123.29,124.88,120.12,111.21,104.98,107.67,129.15,162.85,171.88,138.43,85.33,62.014,85.94,126.96,137.58,105.23,76.785,68.239,94.363,149.3,252.57,271.49,-81.057,-585.35,502.95,-132.08,-94.485,-61.281,-62.502,-86.306,-80.813,-44.679,5.4933,12.452,-45.289,-119.88,-136.11,-88.137,-31.373
-7.2024,-14.893,-34.059,-41.139,-28.565,-18.555,-11.109,-27.223,-52.858,-82.888,-109.99,-126.71,-145.27,-168.46,-198,-236.46,-254.65,-190.07,-115.85,-155.52,-169.44,-76.662,-22.462,-8.4231,13.306,-98.514,-154.55,-81.301,-96.561,-76.662,-55.055,-87.893,-129.76,-143.31,-125.25,-106.2,-91.433,-88.504,-79.958,-82.766,-125.98,-187.26,-207.53,-173.22,-120.24,-88.015,-7.8127,67.019,140.02,266.49,737.94,349.62,255.38,305.43,238.65,69.948,21.241,-70.193,-97.537,-26.978,-29.176,-156.13,-232.43,-166.63,-11.719,112.67
109.01,63.601,48.463,297.01,-88.26,-313.73,-408.7,-384.41,-205.45,-27.1,9.3997,-0.24415,-15.381,-38.209,-41.261,-68.239,-114.14,-127.08,-25.88,37.233,-4.3947,-40.162,-58.107,-82.766,-61.037,32.105,58.107,15.992,-47.731,-79.104,25.147,-29.42,-68.117,-42.726,-49.684,-41.383,-13.672,1.3428,14.527,34.303,42.238,12.452,-36.5,-91.067,-116.46,-49.684,82.278,211.8,171.15,457.29,455.46,-376.6,34.913,46.388,44.313,49.074,48.097,40.773,18.555,-1.587,-8.301,13.306,35.524,48.341,38.331,-6.7141
-32.838,-26.978,-23.438,-21.851,-3.1739,24.415,37.477,22.095,-12.452,-35.524,-34.425,-10.743,13.062,20.508,12.574,-4.0284,-16.602,-27.711,-21.973,-10.865,-13.916,-5.1271,2.3194,-2.9298,-11.719,-21.607,-23.072,-9.6438,4.2726,-1.709,-5.9816,2.4415,7.0803,11.353,18.677,10.743,-12.452,-37.599,-50.295,-40.529,-6.4699,34.547,88.382,102.3,97.293,81.668,41.261,-27.1,-171.51,-271.49,442.76,45.9,17.579,-7.3244,-26.246,-33.204,-19.532,-2.6856,15.015,35.89,37.965,6.1037,-24.415,-37.111,-41.627,-34.669
-7.2024,-1.0987,6.2258,16.236,2.4415,-10.01,-17.945,-22.828,-23.56,-24.537,-19.41,-7.6907,-0.12207,-0.73244,-13.306,-23.194,-24.049,-21.119,-18.067,-14.527,-13.55,-26.002,-24.781,0.4883,0,-5.005,-1.3428,-5.4933,-25.025,-39.308,-32.838,-7.3244,21.851,41.017,38.697,-3.1739,-62.136,-91.311,-100.83,-75.442,6.8361,108.16,178.47,230.35,260.14,217.78,70.07,-158.82,-437.27,-598.9,670.8,66.164,84.597,87.283,56.032,8.4231,-34.181,-67.507,-69.582,-47.975,-19.776,-3.9064,-0.73244,-6.2258,-15.015,-18.067
-15.015,-8.179,-5.2492,-9.3997,8.4231,0.12207,-3.9064,-10.254,-22.706,-19.532,-7.8127,-1.2207,-2.1973,-1.9532,2.8077,8.7893,7.3244,5.8596,4.5167,3.9064,5.1271,4.0284,3.1739,7.2024,19.044,24.049,15.748,22.95,12.329,8.7893,6.8361,-5.8596,-20.508,-28.077,-30.152,-29.542,-11.597,26.734,32.228,12.085,-10.132,-9.6438,41.139,118.66,174.93,153.2,56.032,-71.902,-196.05,302.87,484.76,11.597,11.231,9.7659,10.743,12.207,10.254,6.3478,6.1037,5.4933,-0.24415,-6.7141,-11.597,-11.353,-9.3997,-8.5452
3.0519,9.7659,7.3244,4.2726,-7.9348,-12.085,3.0519,30.519,-2.3194,21.485,20.875,16.48,18.677,12.574,6.1037,-0.12207,4.1505,12.574,18.433,22.706,16.236,16.968,4.7609,9.7659,10.254,-3.296,4.0284,15.992,10.376,38.331,36.378,12.94,-10.865,-23.804,-21.851,-22.95,-22.706,-11.719,25.269,71.291,100.34,104.5,102.54,85.696,21.851,-90.091,-199.1,-271.61,-157.11,607.2,621.72,26.612,15.137,15.748,18.921,12.452,1.8311,-5.7375,-12.452,-21.973,-23.56,-12.207,-11.963,2.6856,6.4699,3.6622
0.24415,-10.01,-15.748,-20.386,-28.809,-15.259,-16.48,-11.719,-1.9532,-2.3194,-2.6856,-7.4465,-12.94,-15.992,-8.7893,6.8361,5.2492,-1.3428,0,-14.039,-14.649,-11.353,-25.269,-28.932,16.968,24.171,21.973,9.1556,1.587,-16.602,-24.415,-17.09,-46.388,-60.427,-47.487,1.0987,43.092,97.903,132.69,125.86,88.992,51.881,14.527,-15.87,-30.641,-32.105,-83.254,-148.2,40.529,325.45,581.07,80.447,46.022,38.453,30.396,-14.527,-52.858,-66.408,-45.289,-33.082,-12.329,9.5218,18.067,32.228,30.396,18.067
10.498,-21.241,-34.913,-36.134,-27.711,-11.719,-0.24415,2.5636,0,-6.1037,-12.94,-12.085,-10.376,-3.296,2.9298,6.592,4.5167,6.3478,8.7893,-14.771,-15.137,-6.3478,-15.992,-18.555,0.24415,23.682,34.303,38.82,56.887,89.969,81.79,27.345,-7.5686,-16.846,-36.012,-74.343,-111.21,-88.992,10.01,97.293,141.61,135.14,130.99,128.06,89.724,-14.039,-155.64,-335.46,-498.55,246.1,757.23,2.0753,-3.296,-14.283,-0.12207,4.0284,3.1739,4.6388,-3.4181,-10.743,-17.212,-14.771,-13.672,-18.799,-23.072,-28.199
-36.622,-33.448,-23.438,-1.4649,18.189,31.861,38.087,5.6154,0.12207,-1.8311,-0.12207,1.8311,18.921,22.095,23.682,13.306,24.415,5.3713,-5.9816,-0.12207,-3.9064,-0.12207,-1.9532,-2.3194,1.4649,20.508,34.059,28.199,13.062,-2.3194,-34.913,-45.9,-41.871,-48.708,-48.341,-64.943,-101.69,-125.49,-60.06,44.801,132.45,146.37,69.704,6.8361,-41.261,-96.927,-160.16,-188.36,-6.1037,494.4,616.35,10.376,-7.6907,-24.781,-30.396,-36.134,-41.017,-34.303,-16.48,-1.3428,7.9348,9.0335,8.9114,3.5401,-4.883,-4.3947
-8.4231,-7.3244,5.1271,8.4231,24.659,23.927,15.87,5.8596,10.376,8.5452,21.729,24.659,18.311,8.4231,0.61037,5.1271,12.574,22.34,27.223,44.069,14.771,31.983,27.345,22.706,18.311,6.9582,-0.97659,3.6622,17.212,14.283,10.498,5.4933,6.7141,0.4883,-14.649,-17.701,18.189,30.152,31.739,26.246,4.7609,-30.03,-56.887,-69.704,-87.893,-119.27,-138.92,-133.18,-72.878,710.59,559.59,43.336,31.129,-2.5636,-25.88,-30.519,-28.809,-17.212,-3.5401,4.6388,6.2258,0.36622,-10.254,-19.532,-23.072,-13.55
1.587,6.8361,26.49,30.763,24.659,11.963,-6.2258,-14.039,-12.329,-4.6388,5.7375,6.1037,0,2.3194,-3.6622,-1.709,-0.36622,6.8361,14.283,14.771,9.5218,5.8596,-4.7609,-34.425,-49.196,-24.903,-20.631,-21.363,-21.241,-43.214,-62.502,-74.953,-54.811,-28.565,-4.2726,16.236,35.035,36.988,14.283,-23.438,-37.843,-35.279,-9.5218,14.649,47.731,46.632,1.2207,-55.422,216.68,820.83,597.31,35.89,43.092,45.045,39.796,9.1556,-7.0803,-26.368,-26.856,-15.748,2.0753,19.776,23.072,21.851,13.306,6.1037
-0.12207,-10.132,-24.537,-10.498,-3.9064,8.301,15.381,15.015,5.6154,-8.4231,-23.072,-36.5,-31.129,-21.851,0,17.823,24.537,20.875,5.7375,-15.748,-24.659,-20.753,-25.391,12.818,20.142,10.01,16.358,25.025,17.457,23.682,10.865,0.61037,-6.592,-13.062,-24.537,-50.295,-69.582,-84.109,-57.985,-13.794,-6.7141,34.303,72.878,97.903,65.31,-77.883,-291.88,-367.81,678.85,662.13,91.678,-236.46,-870.63,-1305.6,-463.03,242.07,316.05,-171.03,-617.21,-459.24,-153.57,51.027,147.83,101.57,-124.52,-120.12
