0.81759,0.824,0.81576,0.79562,0.80752,0.76998,0.78829,1.0904,1.1481,0.93478,1.0117,1.084,0.95492,0.9595,0.89084,0.65645,0.41383,0.28016,0.25636,0.20051,0.1941,0.18952,0.36714,0.63173,0.72512,0.47975,0.58138,1.5931,5.1225,7.394,6.2166,5.5876,5.5025,3.5414,2.2523,2.0646,0.69948,-0.54201,-0.84506,-0.38362,0.056764,0.40468,1.0492,2.9408,1.7872,1.5528,2.0252,2.1149,2.0655,1.7936,1.6718,1.5473,1.3321,1.2131,1.5693,1.8998,1.9886,1.9996,1.9291,1.7515,1.6425,1.3889,1.1911,1.0831,1.0337,1.0849
0.95309,0.94943,0.94394,0.91556,0.90823,0.88992,0.89908,0.91922,0.90365,0.91739,0.94302,0.92471,0.92746,0.90457,0.91372,0.86154,0.7709,0.65737,0.57863,0.5475,0.49348,0.44588,0.42116,0.44679,0.46876,0.37812,0.21607,-0.043031,-0.13276,0.16022,1.67,16.135,9.8825,9.9677,8.5614,6.0894,0.86337,-0.22523,-0.412,-0.87436,-1.2241,-1.0089,-0.79653,-0.58138,-0.42573,-0.34791,-0.16205,0.066836,0.69857,1.8284,4.0495,3.2136,2.9289,2.8767,3.0213,2.2724,1.7524,1.7167,1.6526,1.8824,1.8357,1.4786,1.4109,1.1371,0.31495,-0.18586
1.0034,0.99429,1.0236,0.9888,0.99429,1.0282,1.0456,1.0062,0.95401,0.95492,1.0428,1.0309,0.91098,0.83407,0.90274,0.94485,0.89541,0.82766,0.83499,0.83682,0.76998,0.62716,0.48708,0.41383,0.36439,0.36256,0.36897,0.36439,0.39003,0.30305,0.076907,0.10071,0.86795,9.4101,9.8468,9.2709,8.337,6.7293,3.6128,0.92288,-0.045778,-0.44954,-1.388,-1.4072,-1.3541,-0.92288,-0.51546,-0.16755,0.089724,0.43306,0.44679,0.58321,0.8121,1.1792,2.1744,4.2106,4.2976,4.4542,4.0349,3.8243,3.4004,2.8382,2.1149,1.2726,0.58779,-0.078738
1.0327,1.0474,1.0163,1.0163,1.0126,0.99429,0.965,0.8771,0.79196,0.74252,0.68117,0.67934,0.69124,0.73702,0.77273,0.69124,0.69948,0.69674,0.60976,0.54292,0.45045,0.39827,0.36805,0.26368,0.11536,0.0036622,-0.26185,-0.069582,0.49348,3.9232,10.783,10.103,10.55,7.7987,5.4695,2.2193,0.20234,-0.50539,-0.93204,-1.6425,-1.3468,-1.2113,-0.74068,-0.38179,-0.14466,0.021973,0.14924,0.29115,0.56215,1.7661,3.1751,5.1921,3.8005,3.9579,3.7886,3.3454,2.5489,2.1726,1.9437,1.2662,0.78646,0.49074,0.25636,0.06592,0.24537,0.89175
1.0767,1.0868,1.0355,1.0327,1.0639,1.062,1.0163,0.98605,1.0208,1.0987,1.1133,1.0584,1.0355,0.98514,0.93295,0.88443,0.81942,0.74252,0.71596,0.6299,0.54659,0.44313,0.31861,0.24079,0.20875,0.26276,0.13276,-0.15015,-0.085147,0.50813,5.9923,8.0331,7.9296,8.2611,7.2237,7.275,0.20508,-0.63448,-0.55391,-0.91556,-0.48891,-0.25178,-0.39003,-0.61617,-0.61251,-0.48799,-0.13733,0.34425,1.6041,3.0067,3.1742,2.7384,2.8135,2.3566,1.9913,1.4209,1.1637,1.8165,2.277,2.1406,1.6617,1.1554,1.0099,0.56764,0.52187,0.72604
0.94302,0.92288,0.92471,0.9064,0.89633,0.92837,0.87893,0.83956,0.84231,0.8359,0.79745,0.79012,0.75808,0.73244,0.72054,0.65737,0.63814,0.64821,0.60701,0.52095,0.42573,0.33967,0.28382,0.37996,0.34333,0.27192,0.23164,0.084231,-0.24262,-0.13825,0.5768,4.3736,15.056,10.694,10.11,8.3297,6.169,1.9364,-0.43214,-1.0776,-1.4045,-1.3944,-1.0025,-0.63265,-0.46602,-0.38453,-0.28657,-0.054018,0.084231,1.2149,2.483,4.6171,3.0049,2.7796,2.5013,2.3063,1.6269,1.4649,2.2578,2.2156,2.2111,1.7624,0.85055,0.69765,0.46327,0.27924
1.0199,1.0044,0.99155,1.0639,1.1106,1.0749,1.0071,1.0327,1.084,1.0923,1.0108,0.98788,1.0089,0.96957,0.89267,0.81851,0.78463,0.70315,0.62441,0.57863,0.49532,0.37812,0.26185,0.20875,0.16755,0.14832,0.12909,0.05768,-0.043947,0.045778,0.4825,5.2022,7.8445,10.235,9.7113,9.2032,0.34059,-0.76724,-0.4944,-0.76449,-0.50356,-0.55849,-0.30122,-0.24903,-0.31587,-0.4651,-0.37355,-0.15564,0.16114,0.9595,3.9653,3.8069,3.3152,2.9453,2.7613,2.2193,2.0435,1.6874,1.9126,1.5574,0.82675,0.94577,0.76907,0.36531,0.18952,0.11994
0.93387,0.99063,0.98788,0.99887,0.965,0.85879,0.86612,0.99887,0.98605,0.87619,0.87069,0.81484,0.72329,0.71505,0.79836,0.75259,0.66195,0.63082,0.63173,0.51637,0.39552,0.21424,0.099796,0.052187,0.0045778,0.042116,0.094302,0.094302,0.23713,0.7654,10.292,6.4766,4.8762,5.3102,4.3782,6.4071,0.68209,-2.1561,-1.4493,-0.46052,0.22797,1.7286,1.6736,0.28291,-0.54567,-0.30763,1.6526,1.7286,0.98697,1.6654,2.2587,2.32,2.0939,1.9227,1.5326,1.388,1.7698,1.9117,1.9144,1.5372,1.1692,1.0355,0.79836,0.65371,0.7709,1.333
0.81759,0.81484,0.83041,0.84414,0.87802,0.93478,0.89267,0.9064,0.94119,0.98972,0.83682,0.79104,0.73061,0.68484,0.61892,0.53194,0.52278,0.53011,0.55025,0.44038,0.21607,0.13276,0.15656,0.18128,0.141,0.17029,0.20325,0.21332,0.34516,1.0895,17.151,6.1809,5.8138,6.592,5.1857,8.3059,1.7505,-0.67019,0.84689,0.38728,0.05768,-0.18769,-0.62349,0.12452,-0.086978,0.66744,1.3321,1.5784,1.4759,1.4832,1.7194,1.9977,2.1314,2.1442,2.255,2.19,2.277,2.0875,1.9446,1.8384,1.7121,0.90915,0.58596,0.6592,0.81668,1.0089
1.0291,1.0144,1.0208,1.041,1.0419,1.0483,1.0108,0.97232,0.9595,1.0236,1.0218,0.96225,0.89175,0.83499,0.87069,0.85879,0.77639,0.67202,0.61159,0.61617,0.52553,0.38453,0.23896,0.15564,0.21424,0.3003,0.17212,0.12909,0.24262,0.26917,0.88534,9.1601,11.93,7.6595,8.8498,7.9287,7.0305,1.9593,-1.5125,-0.80935,0.19044,-0.63723,-0.16572,-0.50356,-0.55116,0.0412,0.40559,0.62166,1.1316,1.5775,1.9172,2.3118,2.5196,2.4656,2.7842,2.8465,2.5727,2.4812,2.3905,2.0801,1.2268,1.2058,1.2827,0.81851,0.71596,0.72787
0.79928,0.78646,0.76907,0.78646,0.81851,0.87069,0.79928,0.78372,0.75259,0.77822,0.70772,0.64272,0.61617,0.54476,0.49898,0.48616,0.46052,0.44221,0.34425,0.31495,0.34242,0.26917,0.24354,0.18769,0.20783,0.33052,0.32319,0.23347,0.35798,1.2305,17.76,5.2855,4.7581,5.2965,3.7007,5.8174,3.6668,-0.25727,0.56856,0.82858,0.32228,0.031129,0.13184,0.206,-0.25544,0.72146,1.7881,1.4859,0.98605,1.4704,1.9337,2.1607,2.1039,2.0655,2.2724,2.4198,2.0957,1.9684,1.8302,1.5381,1.1087,0.83316,1.2333,0.8826,1.3981,1.6288
0.89999,0.96225,0.9302,0.88351,0.87436,0.86703,0.86245,0.87527,0.81301,0.8478,0.92746,0.91556,0.86612,0.88443,0.90548,0.89633,0.79379,0.64547,0.57955,0.51088,0.35798,0.3058,0.17304,0.19776,0.18586,0.11444,0.11444,0.18036,0.40193,1.4017,5.7442,19.969,7.9946,8.3142,7.5716,7.1276,1.7716,-1.3642,-1.3367,0.65279,-0.25636,-0.36439,-0.73244,-0.44954,-0.13459,0.20508,0.25178,1.0566,1.9501,2.8071,3.3857,3.6302,3.0131,2.3997,2.4107,2.407,1.8384,2.4876,2.4894,1.5281,0.77822,0.82492,0.49348,0.31953,0.59511,1.0941
0.36164,0.347,0.36897,0.36164,0.3589,0.37538,0.35798,0.35066,0.33876,0.39735,0.347,0.28474,0.40742,0.43855,0.36714,0.39369,0.46052,0.54842,0.59511,0.58687,0.62532,0.76083,0.618,0.62258,0.72512,0.72237,0.53011,0.46419,0.55116,0.92837,1.7194,3.6348,3.0332,1.1133,3.9744,1.3898,2.0234,1.4621,2.3099,2.3063,2.9051,3.0717,3.4809,3.7153,3.9708,3.8151,3.6531,3.4471,3.1568,2.8465,2.6267,2.2202,1.7982,1.5482,1.4045,1.3807,1.3559,1.4356,1.6434,1.9025,2.0746,2.1314,2.1268,2.0499,2.0893,2.1113
0.32228,0.3122,0.3058,0.27741,0.28108,0.27558,0.27284,0.2591,0.23896,0.23347,0.23255,0.24079,0.23438,0.25269,0.24903,0.24079,0.21424,0.23072,0.22614,0.22523,0.24262,0.29756,0.33235,0.51363,0.51271,0.60884,0.49257,0.53652,0.63173,0.77364,0.5768,2.6853,2.5059,1.7441,5.9328,3.968,5.855,5.6545,6.1718,5.4878,4.3956,3.2914,2.4857,1.9062,1.5775,1.1362,0.84506,0.69216,0.66836,0.86062,1.1802,1.3715,1.6187,1.8458,2.1094,2.4491,2.504,2.8327,2.9206,2.9215,2.8877,2.6441,2.2852,2.147,1.8586,1.778
0.78738,0.7416,0.70864,0.66836,0.70315,0.71413,0.68117,0.70223,0.73519,0.63082,0.65371,0.64638,0.66195,0.63356,0.63082,0.65462,0.66378,0.69216,0.69582,0.70589,0.64455,0.67385,0.68117,0.65645,0.67476,0.65828,0.63265,0.63265,0.62441,0.46602,0.5182,0.43031,0.62258,0.41566,0.69308,0.63173,0.52828,0.73794,0.68484,0.66652,0.59694,0.56124,0.56764,0.46327,0.37263,0.38636,0.40376,0.40925,0.41841,0.48524,0.44862,0.42756,0.46785,0.43306,0.45137,0.45595,0.44496,0.47151,0.47334,0.49623,0.50996,0.49989,0.49348,0.4532,0.44862,0.41017
0.35066,0.3946,0.33509,0.347,0.3589,0.36073,0.33143,0.29206,0.30671,0.31404,0.2646,0.23438,0.21058,0.18586,0.16388,0.16114,0.14466,0.1529,0.14557,0.10987,0.088809,0.15381,0.2353,0.45503,0.68392,0.34608,0.40468,0.5182,0.58779,0.45961,0.35524,0.51271,1.5308,9.6362,1.3862,0.93112,3.3784,1.8494,2.2916,2.7366,3.2246,3.8417,3.5817,4.1694,4.0925,4.0147,3.8417,3.535,2.9243,2.4674,2.2083,1.8036,1.4978,1.2644,1.0794,1.0721,1.4283,1.5821,1.8128,2.0866,2.1296,2.2861,2.2568,2.0334,2.0518,1.9813
0.32228,0.33235,0.30763,0.29756,0.29756,0.26917,0.25178,0.23438,0.24812,0.2591,0.21882,0.1767,0.1648,0.18403,0.24903,0.20692,0.13001,0.12085,0.12268,0.16663,0.1886,0.26917,0.33784,0.58412,0.53285,0.47243,0.2765,0.22889,0.18769,0.42848,1.6343,5.2608,1.9391,1.3285,3.1715,1.8284,2.3154,2.1827,3.0625,3.5304,3.7638,3.6311,4.1374,4.2537,3.8948,3.654,3.2804,2.7082,2.3136,1.9401,1.6846,1.4777,1.2854,1.0456,1.2424,1.4447,1.6636,1.9089,2.1296,2.2541,2.3154,2.3127,2.028,1.9721,1.8394,1.8979
0.36531,0.36988,0.36348,0.36714,0.3589,0.33784,0.33052,0.33052,0.31678,0.28748,0.26826,0.25452,0.25086,0.25819,0.20966,0.14649,0.10346,0.10254,0.18494,0.21424,0.29481,0.39735,0.46693,0.52004,0.53377,0.53926,0.42207,0.33143,0.35066,1.8311,2.8776,4.8479,2.2477,2.1058,2.5681,1.2296,1.5061,2.5123,2.8245,3.3326,3.7565,3.4635,3.6604,3.7217,3.4489,3.3528,3.2072,3.0387,2.6981,2.3603,2.0609,1.778,1.6059,1.4951,1.3642,1.3898,1.5381,1.551,1.7139,1.9639,2.1039,2.0627,2.1735,2.1882,1.9785,1.9721
0.4413,0.42024,0.42756,0.44221,0.42116,0.45869,0.41658,0.39918,0.41841,0.43764,0.36622,0.32594,0.33692,0.33784,0.31495,0.25178,0.23713,0.25544,0.31495,0.28291,0.2884,0.34974,0.47792,0.59603,0.5887,0.477,0.47517,0.45412,0.32685,0.4239,4.5695,4.0449,1.7066,1.41,3.4068,2.0042,2.3905,3.0342,4.0156,3.8966,3.9799,3.7977,3.4571,3.3839,3.1028,2.7989,2.6203,2.2889,2.1113,1.9391,1.7524,1.5198,1.4548,1.5867,1.5784,1.7634,1.9089,1.9794,1.9739,2.0673,2.0682,2.1662,2.1863,1.973,2.0133,2.0399
0.36714,0.3882,0.36988,0.33601,0.36805,0.34883,0.36164,0.33509,0.3415,0.3534,0.36164,0.38179,0.42665,0.40468,0.42116,0.42665,0.47975,0.49257,0.5063,0.60244,0.5887,0.55116,0.60427,0.58687,0.67934,0.45045,0.47975,0.48433,0.40925,2.038,2.1397,1.3495,1.138,1.8183,3.415,4.8314,5.5556,6.3485,6.5261,5.9694,4.9797,3.8792,2.7906,1.605,1.0895,0.81301,0.53743,0.4358,0.56764,0.68484,1.1124,1.2845,1.4447,1.7359,1.9227,2.2907,2.3713,2.5526,2.7384,2.6991,2.7567,2.5608,2.1488,1.7835,1.4237,1.4246
0.32777,0.32594,0.30488,0.29664,0.28199,0.29572,0.26826,0.28199,0.25544,0.27558,0.25636,0.24812,0.26734,0.24354,0.23621,0.22065,0.18677,0.17304,0.1648,0.16205,0.16938,0.16663,0.11719,0.10804,0.09064,0.089724,0.07416,0.044862,-0.025636,0.023804,0.10987,0.28382,1.9465,9.508,-0.0045778,0.58596,0.87161,2.7082,4.0101,2.4354,2.5398,3.1797,2.5636,2.6423,3.199,2.8858,2.9463,2.8849,2.9893,2.9508,2.787,2.6579,2.4995,2.234,1.9364,1.8613,1.6132,1.5867,1.6599,1.6929,1.7551,1.6251,1.7295,1.7881,1.7588,1.9666
0.29664,0.27924,0.27192,0.25544,0.23347,0.22065,0.21882,0.23438,0.24537,0.16846,0.12085,0.15015,0.19227,0.25819,0.35432,0.34242,0.32319,0.3946,0.33418,0.20508,0.11902,0.18769,0.33509,5.7726,3.6906,2.4436,2.0023,1.7533,2.5883,1.7377,2.4445,3.3592,4.228,4.1108,4.3764,4.0193,3.9781,3.6265,3.3152,2.8675,2.5489,2.1259,1.8632,1.6617,1.3422,1.3953,1.3559,1.344,1.659,1.7661,1.9987,2.1332,2.1662,2.1644,2.2285,1.9904,1.9181,1.8815,1.8485,1.8265,1.9309,2.0005,1.9318,2.092,1.8421,1.7624
0.4706,0.45595,0.44954,0.44588,0.44679,0.43306,0.4358,0.41932,0.41658,0.43397,0.39644,0.39735,0.37538,0.34425,0.32685,0.29664,0.30854,0.31953,0.24171,0.21607,0.29298,0.45412,0.67934,0.67751,0.55391,0.42665,0.29664,0.2646,0.40101,0.84872,9.259,3.383,1.4896,1.3202,1.6123,1.9062,1.5363,2.5599,3.8856,4.2198,4.1438,4.6565,4.5888,3.9726,3.5908,3.3116,2.7119,2.3246,2.0151,1.7432,1.4356,1.1728,1.1728,1.2305,1.3266,1.4612,1.6919,1.9593,2.1635,2.2642,2.1992,2.2303,2.0454,2.0682,2.1534,2.0554
0.31312,0.33052,0.32136,0.29572,0.30213,0.3058,0.28748,0.28748,0.27924,0.25727,0.26185,0.2591,0.25086,0.22431,0.2179,0.206,0.21607,0.24171,0.23072,0.23713,0.28748,0.35066,0.33692,0.37446,0.412,0.3415,0.2472,0.18586,0.1767,0.3708,3.6787,2.8373,2.1296,1.041,3.1797,3.5057,3.4754,4.6886,5.3972,5.1244,5.0804,4.4075,3.8215,3.0222,2.4271,1.9813,1.5793,1.2607,1.1664,1.0437,0.95767,1.0584,1.2635,1.5793,1.8943,2.0371,2.3942,2.5663,2.6112,2.5965,2.4976,2.3191,2.1799,1.8833,1.6984,1.399
0.41108,0.39094,0.34333,0.33876,0.34883,0.33509,0.31953,0.30946,0.3122,0.31404,0.30854,0.29847,0.29298,0.32777,0.31129,0.26093,0.20234,0.16205,0.19684,0.25178,0.29481,0.30763,0.33326,0.29847,0.26551,0.38636,0.26185,0.41475,0.44679,2.5819,2.9572,4.478,2.027,1.5372,2.5114,2.1213,2.4427,3.0964,3.7913,3.8325,4.1575,3.9003,3.6705,3.1083,3.188,2.916,2.6734,2.385,2.1461,1.886,1.8448,1.5802,1.4795,1.4475,1.6004,1.7313,1.8522,1.9236,1.9895,2.1067,2.1891,2.1754,2.0655,1.9922,1.8732,1.7066
0.36714,0.3882,0.36988,0.33601,0.36805,0.34883,0.36164,0.33509,0.3415,0.3534,0.36164,0.38179,0.42665,0.40468,0.42116,0.42665,0.47975,0.49257,0.5063,0.60244,0.5887,0.55116,0.60427,0.58687,0.67934,0.45045,0.47975,0.48433,0.40925,2.038,2.1397,1.3495,1.138,1.8183,3.415,4.8314,5.5556,6.3485,6.5261,5.9694,4.9797,3.8792,2.7906,1.605,1.0895,0.81301,0.53743,0.4358,0.56764,0.68484,1.1124,1.2845,1.4447,1.7359,1.9227,2.2907,2.3713,2.5526,2.7384,2.6991,2.7567,2.5608,2.1488,1.7835,1.4237,1.4246
0.27833,0.25819,0.28474,0.26551,0.25086,0.24812,0.24537,0.2353,0.21332,0.22797,0.21699,0.17762,0.18494,0.1767,0.15473,0.15931,0.16846,0.16114,0.18311,0.16663,0.17396,0.1941,0.43855,0.54384,0.5237,0.38728,0.16846,0.087893,0.037538,0.16663,0.77822,11.908,0.94943,0.45961,1.128,2.2669,3.3738,2.9032,3.4736,3.6988,3.5524,3.8655,3.9241,4.0568,3.7959,3.5148,2.9334,2.4903,2.0774,1.5464,1.1353,1.1911,1.0996,1.2726,1.3651,1.6837,1.8256,1.9126,2.0243,2.0719,2.1598,2.201,2.2742,2.1461,1.9062,1.8229
0.30488,0.29664,0.28199,0.29572,0.26826,0.28199,0.25544,0.27558,0.25636,0.24812,0.26734,0.24354,0.23621,0.22065,0.18677,0.17304,0.1648,0.16205,0.16938,0.16663,0.11719,0.10804,0.09064,0.089724,0.07416,0.044862,-0.025636,0.023804,0.10987,0.28382,1.9465,9.508,-0.0045778,0.58596,0.87161,2.7082,4.0101,2.4354,2.5398,3.1797,2.5636,2.6423,3.199,2.8858,2.9463,2.8849,2.9893,2.9508,2.787,2.6579,2.4995,2.234,1.9364,1.8613,1.6132,1.5867,1.6599,1.6929,1.7551,1.6251,1.7295,1.7881,1.7588,1.9666,1.908,2.0545
0.34516,0.34883,0.35432,0.36073,0.34974,0.30946,0.30671,0.33326,0.31861,0.34516,0.25452,0.26002,0.24445,0.24354,0.22614,0.18586,0.16846,0.15839,0.19501,0.20508,0.25086,0.29939,0.34974,0.39369,0.43489,0.43764,0.38545,0.35157,0.3003,0.29572,0.79745,8.478,0.67202,0.45869,0.68209,2.9215,2.7879,1.952,3.9451,3.4407,3.5698,3.6457,3.8966,3.5533,3.5615,3.3876,3.199,2.9096,2.4821,1.9767,1.6489,1.496,1.4631,1.2644,1.5867,1.7158,1.8503,1.9254,1.7698,1.9575,1.8677,1.9922,2.0389,1.8989,2.0353,1.9822
0.35524,0.35798,0.35524,0.32411,0.31861,0.32594,0.34974,0.32594,0.31037,0.28932,0.30946,0.28016,0.30122,0.2765,0.2472,0.26276,0.22523,0.19044,0.1886,0.22248,0.19868,0.18952,0.20875,0.33967,0.42482,0.4358,0.4239,0.40101,0.40284,0.412,0.41749,0.41932,1.5143,10.562,0.26643,1.3907,1.4777,1.908,4.5173,2.808,4.2582,4.0559,4.2866,4.228,3.8636,3.6915,3.3821,3.0973,2.602,2.2028,1.8888,1.5546,1.3742,1.2397,1.2836,1.4603,1.7167,1.8833,1.9895,2.1003,2.0728,1.9492,2.1012,2.147,2.0252,1.9044
0.44771,0.43672,0.41566,0.39094,0.37629,0.37446,0.35798,0.33784,0.32136,0.3058,0.27558,0.28657,0.25086,0.27284,0.23438,0.18036,0.10254,0.081484,0.072329,0.097964,0.079653,0.13916,0.19044,0.26643,0.34516,0.40284,0.41658,0.36622,0.24995,0.12726,0.21241,1.3312,10.5,1.9959,1.4978,3.6265,2.5242,2.5718,3.0158,3.133,3.2612,2.8959,2.9023,2.9957,3.209,3.2237,2.9261,3.1275,3.0653,2.7879,2.602,2.2266,1.93,1.7826,1.6041,1.4191,1.4576,1.5665,1.6453,1.6709,1.6471,1.7698,1.9071,2.071,2.0811,2.0838
0.31587,0.31037,0.3058,0.30213,0.28016,0.29664,0.27924,0.27375,0.26093,0.23804,0.26368,0.26002,0.21973,0.21241,0.21332,0.19044,0.17487,0.17579,0.20508,0.23713,0.3058,0.33143,0.43031,0.44954,0.4706,0.477,0.53285,0.46052,0.45961,0.53377,0.37721,0.91464,2.1085,2.2422,0.73702,3.0461,1.8284,1.8531,2.9572,2.8959,3.3647,3.4672,3.936,4.0211,3.9048,3.806,3.6622,3.3949,2.9481,2.5214,2.1177,1.6746,1.4594,1.2735,1.204,1.3047,1.5821,1.6535,1.865,1.8274,1.8531,1.9666,2.0289,2.1085,2.1973,2.0939
0.35981,0.34608,0.34425,0.31678,0.33052,0.33601,0.33692,0.3177,0.29115,0.28016,0.25544,0.26368,0.27192,0.26368,0.23896,0.20142,0.19593,0.18311,0.17212,0.13733,0.16022,0.23804,0.28748,0.37629,0.42848,0.44954,0.45686,0.39277,0.28016,0.27192,0.4001,1.735,8.5705,2.5599,0.89724,3.9076,2.4738,2.0847,3.0598,3.0506,3.3473,3.122,3.3152,3.3592,3.3409,3.1697,3.1166,2.9865,2.819,2.613,2.3914,2.1397,1.8412,1.4145,1.5894,1.5986,1.6938,1.6773,1.7286,1.7762,1.8247,1.9309,1.9922,2.2156,2.2166,2.1177
0.28108,0.31129,0.33509,0.29847,0.26093,0.25544,0.25819,0.23255,0.206,0.1767,0.17762,0.16663,0.17853,0.17853,0.22248,0.31953,0.37812,0.38179,0.3534,0.37172,0.22889,0.062258,0.043947,0.025636,0.056764,0.42482,2.8419,4.5256,2.4665,1.4841,2.1543,1.7954,1.6965,2.4693,2.4482,2.9664,2.5993,2.678,2.852,3.3335,3.4791,3.4864,3.4837,3.3985,3.1898,2.9051,2.6679,2.1534,1.8723,1.4969,1.3935,1.3431,1.3431,1.4832,1.6224,1.583,1.7139,1.9153,2.0774,2.2971,2.3072,2.2495,2.0838,2.0527,2.0646,1.941
0.21699,0.21149,0.21149,0.20692,0.20692,0.18311,0.19135,0.19318,0.20325,0.20234,0.18769,0.17029,0.16205,0.15381,0.17853,0.16205,0.16297,0.18128,0.19684,0.2472,0.2765,0.3003,0.28382,0.31312,0.35066,0.30305,0.17396,0.088809,0.038453,-0.0045778,0.062258,0.52828,4.2381,2.4152,2.0307,2.092,2.3933,1.8229,1.8668,2.7073,2.9655,2.8867,2.8593,3.1211,3.3381,3.3363,3.1001,3.0854,3.0946,2.906,2.667,2.4216,2.2715,2.0325,1.6718,1.5912,1.6855,1.6544,1.735,1.8146,1.7624,1.7084,1.6929,1.6956,1.7853,1.8723
0.32594,0.34242,0.33692,0.34883,0.31953,0.31037,0.30213,0.32685,0.31953,0.29756,0.2765,0.28748,0.27924,0.29206,0.27833,0.26551,0.25178,0.23164,0.24262,0.21241,0.206,0.21058,0.17396,0.21882,0.33967,0.38545,0.47243,0.63082,0.57772,0.36714,0.18036,0.16114,0.19776,0.64089,2.8904,3.5688,2.353,1.952,1.876,1.4512,1.6425,1.8439,2.3273,3.3042,2.9829,3.3784,3.7391,3.957,4.0257,3.7236,3.6018,3.3235,2.96,2.5123,2.1955,1.8961,1.5784,1.3642,1.3175,1.3102,1.3999,1.5528,1.5867,1.756,1.9556,2.0417
0.20051,0.20325,0.19227,0.206,0.1941,0.19959,0.20325,0.18128,0.17853,0.1474,0.13733,0.13001,0.14557,0.12909,0.17579,0.21882,0.30488,0.37996,0.40651,0.36897,0.29206,0.14924,0.094302,0.10254,0.23804,0.54659,1.8925,5.7836,2.1076,1.7322,2.0838,1.7176,2.0389,2.2504,2.7238,3.8417,4.142,4.5613,5.0768,4.7087,4.4121,3.838,3.285,2.5654,2.0618,1.6636,1.3147,1.0318,0.99796,0.90915,0.92013,1.3257,1.5436,1.9364,2.1158,2.3621,2.3978,2.4509,2.4198,2.288,2.2825,1.9309,1.8567,1.7231,1.9794,1.9254
0.59694,0.62075,0.60335,0.62441,0.63173,0.5942,0.52919,0.48891,0.48433,0.51363,0.56307,0.58687,0.56215,0.41658,0.30488,0.271,0.24445,0.27284,0.29206,0.29664,0.34791,0.41475,0.40193,0.2765,0.13001,0.038453,-0.067751,-0.021973,0.22156,0.33235,1.42,4.5338,1.334,3.1166,1.1298,0.68667,0.61434,0.44588,-0.51271,-0.70223,-0.63356,-1.0025,-0.91189,-0.28382,-1.1545,-2.0481,-1.9437,-1.2397,-0.32411,-0.11902,-0.015564,0.4358,1.7341,1.2909,-0.038453,-0.2179,-0.4001,-0.80386,-0.40742,0.61434,1.4933,1.9254,1.0648,0.6061,0.37446,0.39827
1.1298,1.0089,0.95218,0.88717,0.82583,0.7535,0.66836,0.55483,0.53011,0.62166,0.63356,0.46876,0.25178,0.26734,0.33967,0.60793,0.71596,0.77548,0.77731,1.0923,1.7661,2.8941,4.7993,3.6219,1.9822,1.8549,1.6004,0.064089,-0.90091,-0.81942,-0.27924,-0.43764,-0.86886,-1.0593,-1.6764,-1.8394,-1.5033,-0.84048,-0.41292,-0.42024,-0.347,-0.43031,-0.38362,-0.34608,-0.62166,-0.93112,-0.92746,-0.80477,-0.82949,-1.0291,-1.0483,-0.53468,-0.19501,0.39644,1.3065,1.6105,0.85147,0.22523,-0.15015,-0.2591,-0.30488,-0.33326,-0.37629,-0.55483,-0.59328,-0.69308
0.95309,1.0254,1.2021,1.1957,1.0172,0.87619,0.70406,0.48982,0.40559,0.31404,0.27009,0.29756,0.28199,0.43397,0.68026,0.70315,0.40834,0.26093,0.31861,0.21058,0.30488,0.019227,0.0036622,0.32594,1.0025,2.2477,2.6011,2.8419,2.5855,3.1495,2.9417,1.605,0.44404,-0.52095,-0.75076,-0.76632,-0.94485,-1.0364,-2.0618,-2.1259,-1.9309,-0.91556,-0.52919,-0.28291,-0.2765,-0.013733,-0.31129,-0.40651,-0.54476,-0.72787,-0.81576,-0.78555,-0.6766,-0.65554,-0.85238,-0.85879,-0.75533,-0.44404,0.025636,-0.04944,0.23896,0.79653,0.94394,0.17945,-0.27284,-0.57131
1.0446,1.0053,0.96042,0.91098,0.89633,0.93478,0.91464,0.80203,0.60518,0.45228,0.29572,0.12635,0.080569,0.052187,0.067751,0.086062,0.13184,0.28932,0.46052,0.51271,0.49074,1.0877,2.3191,4.4203,2.9646,3.2887,1.3129,0.28932,-0.034791,-0.19684,-0.1767,-0.63356,-0.88534,-0.76632,-0.13916,-1.2012,-1.7057,-1.5354,-0.88443,-0.29298,-0.13276,-0.39186,-0.40742,0.044862,0.16205,0.47609,-0.15931,-0.56856,-0.83132,-0.79196,-0.48708,-0.27924,-0.33509,-0.37904,-0.20417,-0.2353,-0.347,-0.088809,0.095218,0.071413,-0.029298,-0.16297,-0.23896,-0.32228,-0.33143,-0.24537
0.78646,0.79104,0.77639,0.77364,0.71963,0.69674,0.68758,0.65462,0.63906,0.61342,0.58687,0.52919,0.50905,0.50996,0.49165,0.41475,0.32594,0.33967,0.3122,0.41749,0.40742,0.31404,0.34883,0.33967,0.1355,-0.19044,-0.65737,-0.13642,1.865,4.6757,8.8653,13.449,14.288,0.74984,0.78188,0.8414,0.80569,0.81118,0.76632,0.8066,0.81576,0.85421,0.83499,0.81484,0.82217,0.80203,0.8066,0.84964,0.83499,0.83956,0.85147,0.79196,0.83682,0.84506,0.86245,0.83865,0.81759,0.82125,0.84048,0.83773,0.83682,0.81027,0.82675,0.82034,0.84964,0.84964
0.82492,0.80935,0.79287,0.76632,0.78463,0.74435,0.759,0.76632,0.72787,0.71688,0.67751,0.6885,0.6354,0.58687,0.54933,0.52828,0.51729,0.41292,0.29939,0.2765,0.26002,0.26093,0.20875,0.07416,-0.073244,-0.36714,-0.65188,-0.59145,0.13642,1.5674,10.112,11.935,13.85,0.8121,0.80111,0.75991,0.75991,0.80569,0.82583,0.78188,0.78738,0.8002,0.85604,0.88717,0.92563,0.86612,0.8771,0.93844,0.97873,0.95035,0.92929,0.91189,0.93661,0.95401,0.93661,0.94302,0.91006,0.94028,0.98148,0.96408,0.95035,0.95401,0.95584,0.98605,1.0053,0.92471
0.89724,0.9183,0.95401,0.9357,0.89084,0.82583,0.81668,0.78188,0.73885,0.7123,0.66012,0.6061,0.6006,0.53285,0.4413,0.36164,0.32777,0.32228,0.33235,0.29939,0.2884,0.30854,0.39735,0.21058,0.095218,-0.071413,-0.33876,-0.60701,-0.46693,0.58687,5.4686,13.642,16.691,0.78921,0.77364,0.74068,0.75076,0.79928,0.79928,0.79012,0.77639,0.77639,0.79379,0.82308,0.79836,0.77364,0.77548,0.79745,0.81576,0.81484,0.82492,0.76632,0.80844,0.7947,0.86703,0.79196,0.77456,0.82583,0.83316,0.79287,0.80569,0.77364,0.82766,0.81759,0.80386,0.80111
0.8002,0.78921,0.78372,0.78372,0.74984,0.7297,0.69948,0.67568,0.64913,0.64821,0.58687,0.54018,0.49898,0.47517,0.45686,0.38636,0.29298,0.26917,0.28199,0.31312,0.28474,0.22797,0.22523,0.13092,-0.027467,-0.26551,-0.57955,-1.0135,-0.34791,0.60884,7.8353,15.633,16.994,0.71139,0.70315,0.76724,0.79196,0.77822,0.75625,0.72787,0.76266,0.7828,0.7709,0.78463,0.79562,0.69857,0.73885,0.76083,0.76632,0.73244,0.7242,0.74618,0.74709,0.71688,0.72237,0.72146,0.74801,0.71505,0.71871,0.73244,0.71413,0.73977,0.75259,0.73519,0.69582,0.70498
0.72604,0.73794,0.71963,0.74252,0.65554,0.69491,0.67019,0.69124,0.61983,0.60518,0.58412,0.54201,0.47243,0.41841,0.41017,0.42024,0.40559,0.40376,0.34242,0.29298,0.23804,0.19044,0.14649,-0.0036622,-0.32868,-0.82858,-0.88443,-0.36439,0.77364,1.4859,7.307,11.095,16.294,0.7654,0.75716,0.77364,0.7828,0.80935,0.80111,0.80477,0.80569,0.80203,0.81301,0.79012,0.80844,0.82308,0.84872,0.87252,0.85696,0.84506,0.84048,0.84689,0.87802,0.92105,0.88717,0.88717,0.90365,0.89175,0.90274,0.92288,0.91281,0.92837,0.92746,0.91189,0.90182,0.90915
0.90091,0.86428,0.86337,0.85971,0.84597,0.79562,0.75259,0.73428,0.71139,0.6592,0.58229,0.59511,0.58596,0.4706,0.40101,0.39644,0.50081,0.53743,0.43123,0.24445,0.18128,0.1822,0.13092,-0.010987,-0.14557,-0.24995,-0.52004,-0.93295,-0.50356,0.62258,7.7456,14.772,16.532,0.83956,0.80477,0.8359,0.80111,0.79562,0.82675,0.82308,0.80203,0.82949,0.824,0.84689,0.80203,0.81759,0.82217,0.79562,0.83865,0.82949,0.80477,0.824,0.81942,0.82217,0.82675,0.8652,0.78372,0.85238,0.82675,0.88443,0.82858,0.80294,0.82858,0.83041,0.81393,0.81301
0.78646,0.82858,0.80569,0.79562,0.76632,0.75076,0.73153,0.72237,0.68575,0.63082,0.61892,0.63173,0.62899,0.57772,0.43123,0.39735,0.37355,0.39094,0.35524,0.24171,0.24262,0.23438,0.16572,0.064089,-0.12452,-0.553,-0.95859,-0.69491,-0.31587,1.2754,6.9033,13.636,16.496,0.73519,0.70589,0.79562,0.72695,0.759,0.7535,0.80203,0.77639,0.7654,0.79287,0.83041,0.81301,0.78555,0.81576,0.86062,0.86978,0.82949,0.81484,0.85238,0.85971,0.83224,0.83316,0.85238,0.82034,0.82949,0.81576,0.80844,0.81942,0.79287,0.76083,0.82766,0.78463,0.75716
0.72512,0.77456,0.76724,0.75991,0.6885,0.70498,0.72329,0.70956,0.66286,0.64913,0.6418,0.6006,0.58596,0.4944,0.44771,0.42024,0.37721,0.33601,0.3882,0.31129,0.26185,0.14466,0.0412,-0.034791,-0.093387,-0.27009,-0.69308,-0.57222,-0.52461,0.94668,10.359,12.917,14.992,8.804,0.89908,0.89175,0.89358,0.89724,0.87344,0.90091,0.91556,0.91006,0.89908,0.89908,0.91647,0.92746,0.90548,0.89908,0.91647,0.92105,0.9238,0.91922,0.89084,0.965,0.93295,0.95676,0.92837,0.92196,0.92288,0.93295,0.91372,0.92471,0.91556,0.90182,0.94302,0.95492
0.92471,0.91006,0.92196,0.92563,0.90091,0.89267,0.87985,0.87893,0.81851,0.80203,0.78372,0.68117,0.68117,0.6473,0.66103,0.56764,0.46144,0.42207,0.4358,0.3946,0.27467,0.19318,0.13367,0.063173,-0.065004,-0.079653,-0.13184,-0.27192,-0.48433,-0.64638,0.6711,9.3295,13.302,15.338,0.80935,0.83407,0.81301,0.79836,0.77822,0.759,0.82217,0.78921,0.81484,0.78463,0.7535,0.7947,0.78738,0.78005,0.78463,0.80111,0.79287,0.79562,0.77731,0.79012,0.78738,0.82949,0.79196,0.76998,0.76998,0.75991,0.79653,0.77364,0.74526,0.7709,0.77181,0.76632
0.76449,0.76083,0.74801,0.7123,0.67202,0.68484,0.67751,0.69033,0.60884,0.57039,0.54842,0.52736,0.50264,0.46327,0.47426,0.5182,0.52736,0.45412,0.35981,0.27467,0.20875,0.15656,0.069582,-0.052187,-0.24812,-0.63814,-0.74709,-0.39552,0.24995,0.206,1.1664,10.639,9.9365,16.908,0.85879,0.76815,0.79287,0.86703,0.84323,0.80111,0.82308,0.83956,0.8826,0.84231,0.7947,0.81027,0.86795,0.83682,0.80935,0.79836,0.80569,0.82492,0.85238,0.87802,0.81027,0.81301,0.87252,0.87527,0.83041,0.84323,0.83682,0.83499,0.8121,0.81301,0.83499,0.85421
0.86337,0.83224,0.81484,0.81484,0.80935,0.7947,0.76815,0.74068,0.74343,0.6885,0.65645,0.56764,0.58504,0.60152,0.54567,0.44038,0.44038,0.45137,0.43123,0.38545,0.29664,0.27467,0.12635,0.039369,0.021058,-0.02472,-0.20142,-0.35615,-0.41017,-0.51729,-0.11261,0.070498,3.3033,30,0.7828,0.78188,0.80477,0.83041,0.81118,0.8002,0.81484,0.83041,0.8066,0.83224,0.82217,0.79379,0.81118,0.81393,0.79379,0.79836,0.80386,0.80386,0.82125,0.76266,0.78372,0.79196,0.80386,0.77914,0.759,0.77364,0.77456,0.75716,0.75808,0.75167,0.73977,0.75259
0.72695,0.71413,0.70498,0.69033,0.66378,0.65554,0.63173,0.63814,0.64364,0.65279,0.62899,0.58962,0.52095,0.55849,0.59877,0.55208,0.43123,0.35066,0.36622,0.40468,0.37172,0.21882,0.10712,0.00824,-0.07416,-0.32044,-0.63631,-0.84506,-0.55849,0.4001,0.52278,5.963,12.733,16.049,0.7828,0.80386,0.78463,0.83316,0.80569,0.81393,0.8066,0.79562,0.8002,0.81576,0.79287,0.78005,0.78738,0.7947,0.83316,0.74801,0.78738,0.77181,0.80111,0.81027,0.80569,0.83041,0.7947,0.76815,0.79928,0.77364,0.78005,0.79562,0.79653,0.76632,0.76815,0.76083
0.75808,0.75076,0.74984,0.72329,0.72054,0.69308,0.67934,0.62075,0.66836,0.67751,0.69399,0.56398,0.49898,0.51088,0.54933,0.57405,0.48982,0.33509,0.3534,0.39918,0.3058,0.17945,0.12177,0.084231,-0.0045778,-0.10712,-0.21332,-0.41658,-0.51637,-0.60518,-0.39369,0.21058,1.3614,30,0.84048,0.85696,0.86062,0.84872,0.85421,0.85055,0.81118,0.82675,0.86337,0.81851,0.80477,0.79745,0.78463,0.7828,0.78372,0.77548,0.76174,0.76724,0.78646,0.77456,0.74618,0.75167,0.72878,0.72146,0.71871,0.71596,0.73794,0.73794,0.6354,0.66836,0.69124,0.70132
0.64821,0.63631,0.72146,0.6885,0.59694,0.54384,0.61342,0.73702,0.65096,0.47334,0.3708,0.4239,0.53835,0.44496,0.27741,0.17396,0.026551,-0.12543,-0.12085,-0.13367,-0.18952,-0.32411,-0.32319,-0.20875,-0.11902,-0.20783,-0.36531,-0.40742,-0.18677,0.20875,-1.377,-3.4956,-10.392,-17.125,0.91464,0.92746,0.95218,0.9064,0.89175,0.9302,0.90915,0.87802,0.85055,0.85971,0.87436,0.9064,0.90915,0.89084,0.84964,0.84689,0.82308,0.84964,0.90091,0.889,0.8121,0.78188,0.74892,0.80386,0.81942,0.82675,0.79562,0.79104,0.7947,0.76998,0.73611,0.7242
0.73519,0.71596,0.70772,0.64913,0.58687,0.62075,0.7178,0.7178,0.57863,0.52553,0.53835,0.53468,0.5063,0.44038,0.34425,0.26551,0.26002,0.085147,-0.0824,-0.206,-0.27192,-0.052187,-0.39644,-0.11719,-0.17762,-0.24262,-0.27009,-0.32228,-0.41566,-0.20417,-0.44954,-2.0316,-7.1404,-19.754,0.9064,0.88717,0.89541,0.89724,0.93295,0.91098,0.86978,0.81942,0.8533,0.91098,0.889,0.8121,0.82125,0.82308,0.83132,0.82492,0.79836,0.80111,0.79836,0.78646,0.74526,0.75533,0.78829,0.80203,0.7654,0.74343,0.7178,0.71963,0.72512,0.76724,0.74618,0.69124
0.65188,0.65371,0.7004,0.75259,0.74984,0.66195,0.56398,0.59053,0.69216,0.7004,0.5356,0.40284,0.3296,0.32411,0.40559,0.36439,0.2298,0.1062,-0.00824,-0.12268,-0.077822,0.030213,-0.0073244,-0.1355,-0.26643,-0.37812,-0.33235,-0.21241,-0.22706,-0.347,-1.2937,-3.6952,-12.005,-30.001,0.95309,0.93295,0.94852,0.98514,0.99979,0.92563,0.8652,0.89816,0.97781,0.97964,0.89175,0.88534,0.89999,0.91556,0.90732,0.8652,0.86795,0.91006,0.91556,0.87069,0.84872,0.84964,0.8359,0.82492,0.8121,0.8002,0.79653,0.8478,0.81484,0.75716,0.70406,0.73153
0.76998,0.76998,0.77273,0.76174,0.70315,0.62807,0.65188,0.71505,0.69765,0.61983,0.5118,0.53194,0.57405,0.48341,0.33143,0.19868,0.10712,0.073244,0.060427,-0.010987,-0.063173,-0.11261,-0.14924,-0.19135,-0.22614,-0.23804,-0.17762,-0.19593,-0.27192,0.01648,-0.34516,-1.1875,-5.876,-17.692,0.97232,0.94668,0.95492,0.97232,0.96591,0.96774,0.94577,0.94668,0.94668,0.92746,0.90365,0.86795,0.87436,0.89084,0.89358,0.86337,0.82492,0.82583,0.83316,0.84689,0.81301,0.80477,0.79836,0.78188,0.76083,0.78921,0.82949,0.81118,0.75533,0.75808,0.759,0.76357
0.78188,0.79745,0.74984,0.68209,0.66652,0.71963,0.7828,0.71047,0.59053,0.49806,0.51546,0.69857,0.72237,0.52461,0.36256,0.2234,0.17762,0.15015,0.18494,0.17396,0.037538,-0.11719,-0.19135,-0.15656,-0.054018,-0.10254,-0.20508,-0.34608,-0.47609,-0.29206,0.11628,-1.1719,-5.4714,-16.952,0.8771,0.91647,0.90915,0.94119,0.94302,0.92105,0.92471,0.95584,0.99521,0.98972,0.97507,0.99887,1.0099,0.98239,1.0053,0.9714,0.98239,0.96683,0.90823,0.93478,0.9714,0.94577,0.91464,0.89267,0.91006,0.94852,0.98239,0.93936,0.89175,0.92105,0.89541,0.88626
0.87527,0.88168,0.85147,0.83682,0.74252,0.67293,0.69674,0.74892,0.72512,0.65645,0.58046,0.53377,0.50081,0.477,0.4651,0.44038,0.30305,0.17487,0.04944,-0.081484,-0.22706,-0.36256,-0.47243,-0.45778,-0.44221,-0.41658,-0.45228,-0.3827,-0.39918,-0.3177,-0.026551,-0.89908,-5.1454,-15.235,0.98972,1.0456,1.019,0.965,0.97964,1.0154,1.0978,1.084,1.0016,1.0501,1.0877,1.0566,1.0465,1.0566,1.0831,1.0767,1.0648,1.073,1.1106,1.0639,1.0199,0.98331,1.0126,1.0318,1.0172,0.99429,0.98331,0.97415,0.95859,0.95218,0.96042,0.97324
0.93387,0.8945,0.89084,0.83041,0.90182,0.95401,0.87893,0.79196,0.73061,0.73336,0.73519,0.74252,0.7178,0.64638,0.58321,0.4825,0.39827,0.32228,0.23164,0.073244,-0.16114,-0.24262,-0.21332,-0.13825,-0.20875,-0.33601,-0.50722,-0.47334,-0.5475,-0.37996,-0.57863,-1.1307,-7.1496,-30.001,0.88351,0.84414,0.83041,0.90365,0.9064,0.8945,0.86154,0.8826,0.89175,0.87985,0.88168,0.85879,0.85421,0.88443,0.91006,0.8533,0.84964,0.86612,0.87985,0.85055,0.82308,0.85147,0.8533,0.81851,0.80386,0.81942,0.81027,0.81942,0.77914,0.76266,0.73794,0.73519
0.73977,0.74892,0.70864,0.66195,0.66378,0.7242,0.73428,0.69491,0.61892,0.61434,0.62075,0.5594,0.51088,0.41841,0.33784,0.31953,0.27467,0.1648,0.046693,-0.029298,-0.068667,-0.10895,-0.13642,-0.088809,-0.022889,-0.1474,-0.43123,-0.58046,-0.65645,-0.28565,-0.88351,-2.7192,-10.194,-30.001,0.93204,0.92013,0.90457,0.91372,0.8771,0.85971,0.87436,0.90915,0.90091,0.88351,0.89084,0.87802,0.86795,0.91189,0.89175,0.83499,0.83132,0.86703,0.86154,0.88351,0.85055,0.83865,0.79104,0.78097,0.85788,0.84231,0.78738,0.76724,0.76724,0.77731,0.79287,0.7947
0.77364,0.73519,0.72329,0.73519,0.77731,0.77456,0.70681,0.64913,0.66378,0.7416,0.72054,0.63997,0.57497,0.5118,0.49348,0.42665,0.29664,0.099796,-0.071413,-0.058596,0.079653,0.11902,0.021058,-0.086978,-0.19227,-0.3122,-0.46693,-0.56673,-0.32136,-0.31953,-0.86337,-3.144,-13.341,-30.001,0.89175,0.86612,0.84689,0.87527,0.90732,0.8826,0.85238,0.8478,0.8478,0.86428,0.89633,0.88809,0.85604,0.84323,0.87344,0.88992,0.85696,0.824,0.80935,0.83316,0.84323,0.83773,0.80844,0.79287,0.76815,0.79104,0.80294,0.79653,0.77181,0.76174,0.76724,0.74892
0.71139,0.71413,0.69674,0.6885,0.68575,0.67385,0.64455,0.60701,0.63082,0.61434,0.57314,0.47884,0.39735,0.33509,0.35432,0.33418,0.24995,0.075076,0.043031,0.13459,0.033876,-0.097049,-0.093387,-0.034791,-0.15381,-0.34608,-0.55666,-0.57405,-0.54109,-0.49532,-1.7011,-3.8874,-12.776,-30.001,0.97873,0.94943,0.94028,0.91739,0.93295,0.99429,0.98056,0.91647,0.87985,0.90548,0.98697,0.99155,0.9238,0.87985,0.90548,0.95401,0.94485,0.91006,0.89999,0.91556,0.91922,0.92105,0.90548,0.86154,0.86428,0.86703,0.87802,0.8945,0.86978,0.82308,0.83499,0.85971
0.86154,0.83865,0.78188,0.78463,0.83773,0.82858,0.77639,0.73519,0.72237,0.72329,0.69399,0.65554,0.618,0.5475,0.47884,0.36348,0.28382,0.26002,0.26368,0.24537,0.17853,0.04944,-0.048524,-0.06592,-0.040284,-0.12177,-0.31129,-0.43214,-0.51637,-0.67934,-0.58596,-1.3349,-3.4104,-12.003,0.89084,0.88626,0.8826,0.92105,0.93295,0.90732,0.87985,0.87619,0.88168,0.88076,0.87893,0.86612,0.86612,0.8771,0.87802,0.82583,0.82583,0.82308,0.87069,0.8478,0.82675,0.8121,0.82217,0.82766,0.80294,0.82308,0.78555,0.79928,0.77639,0.80844,0.81851,0.759
0.74984,0.75991,0.77273,0.75533,0.75625,0.76357,0.73885,0.6711,0.61068,0.58504,0.56673,0.54292,0.48341,0.45137,0.4239,0.38636,0.30854,0.17762,0.10346,0.09888,0.042116,-0.088809,-0.2234,-0.2591,-0.22156,-0.29939,-0.36348,-0.4358,-0.41108,-0.53468,-1.3239,-4.0504,-12.874,-15.613,0.89084,0.80935,0.86703,0.87436,0.85513,0.83041,0.81759,0.85147,0.86703,0.83865,0.81393,0.79928,0.83132,0.85879,0.86703,0.7947,0.75991,0.73244,0.7297,0.80203,0.8121,0.79104,0.7123,0.67568,0.68758,0.73611,0.75167,0.75716,0.62441,0.58321,0.66744,0.77731
0.69857,0.59328,0.53468,0.57588,0.6885,0.68026,0.59786,0.49074,0.45869,0.49898,0.52553,0.47334,0.39186,0.30671,0.13459,-0.10346,-0.3003,-0.38087,-0.27375,-0.0412,0.20692,0.48616,0.29389,-0.027467,-0.25544,-0.27558,-0.34974,-0.4825,-0.3177,-0.48433,-2.1635,-5.4961,-14.325,-19.759,0.90915,0.87802,0.87069,0.86978,0.88443,0.94211,0.96957,0.90091,0.87893,0.87619,0.90548,0.89999,0.8945,0.87161,0.88809,0.92837,0.87985,0.86703,0.85696,0.83407,0.85788,0.87802,0.88076,0.83132,0.77548,0.73794,0.7123,0.82125,0.85238,0.77364,0.69033,0.66103
0.67385,0.7004,0.72054,0.69033,0.65371,0.56948,0.58321,0.66103,0.60701,0.55025,0.51454,0.45869,0.3946,0.28291,0.24628,0.23896,0.10529,-0.18586,-0.21149,-0.28199,-0.33052,-0.21607,0.3058,0.5237,-0.043031,-0.54476,-0.58321,-0.55483,0.066836,-0.43947,-1.4365,-5.4402,-14.511,0.67019,0.66652,0.71047,0.65462,0.65828,0.6061,0.56673,0.52644,0.52828,0.56581,0.49898,0.56673,0.64272,0.68209,0.70132,0.68941,0.61708,0.62166,0.57955,0.58779,0.59969,0.57588,0.59786,0.63265,0.6299,0.60244,0.58229,0.60884,0.57863,0.56673,0.55025,0.56032,0.56307
0.57955,0.64547,0.59511,0.49715,0.48982,0.52004,0.53652,0.53377,0.49715,0.49348,0.49806,0.48433,0.4706,0.46327,0.33052,0.28748,0.30671,0.30396,0.18952,0.1236,0.13642,-0.021973,-0.14832,-0.19318,-0.12909,-0.11353,-0.13825,-0.21699,0.37904,1.4063,4.8744,5.0548,9.5447,0.63173,0.61251,0.62532,0.59786,0.62716,0.62441,0.65096,0.66652,0.6766,0.65645,0.66744,0.67385,0.67293,0.70498,0.6766,0.67751,0.65737,0.72604,0.70223,0.69124,0.69948,0.68117,0.64272,0.62075,0.61892,0.6473,0.65645,0.59053,0.59969,0.65004,0.65828,0.60884,0.55666
0.53743,0.53102,0.54018,0.5356,0.49074,0.48982,0.5063,0.57039,0.57131,0.5237,0.45778,0.46327,0.48524,0.40193,0.38087,0.37904,0.37446,0.40468,0.26551,0.19593,0.27009,0.18952,-0.14649,-0.27375,0.16114,0.12452,-0.31129,-0.079653,1.6224,-0.29206,2.4088,3.7117,0.79745,0.7709,0.73611,0.7416,0.77822,0.78005,0.76174,0.71963,0.74526,0.77822,0.74618,0.73244,0.74526,0.73977,0.75808,0.72512,0.72329,0.72604,0.71688,0.73885,0.73702,0.74618,0.7242,0.72329,0.72878,0.72054,0.70589,0.72329,0.72695,0.76449,0.78005,0.77364,0.76449,0.76266
0.77273,0.77914,0.73794,0.69308,0.69948,0.73061,0.75167,0.69674,0.6354,0.60518,0.61892,0.70223,0.683,0.65645,0.49898,0.37172,0.36531,0.41017,0.39003,0.26826,0.12635,0.22706,0.17121,-0.23988,-0.5118,-0.28932,-0.21424,-0.38179,0.99979,0.2298,-1.3816,-0.086978,0.68484,0.68392,0.70498,0.69399,0.68575,0.68941,0.70956,0.70772,0.71139,0.69948,0.73061,0.71871,0.71596,0.69399,0.70315,0.72512,0.70681,0.72237,0.71047,0.70498,0.72512,0.72878,0.71871,0.70772,0.70681,0.73153,0.71688,0.71047,0.7297,0.73702,0.73611,0.7004,0.72054,0.73153
0.74068,0.72604,0.68758,0.66836,0.65828,0.6766,0.61159,0.55116,0.52278,0.55849,0.56307,0.52004,0.48982,0.50264,0.45045,0.51363,0.5237,0.52828,0.30305,0.28199,0.012818,-0.027467,0,-0.18128,-0.47334,-0.43764,-0.42756,-0.16114,1.1646,1.4951,2.7815,1.2983,0.79104,0.80569,0.79562,0.78646,0.8066,0.77456,0.77273,0.75442,0.80386,0.80203,0.77822,0.74801,0.72787,0.76357,0.78921,0.75716,0.73794,0.78463,0.83682,0.81759,0.84048,0.78555,0.76266,0.7416,0.76266,0.73702,0.69582,0.67019,0.7004,0.73336,0.74618,0.75625,0.77273,0.76174
0.73794,0.72146,0.72878,0.70589,0.64821,0.70589,0.7123,0.69399,0.6299,0.57863,0.59053,0.67019,0.63082,0.57863,0.54933,0.56124,0.53011,0.29847,0.17853,0.22523,0.13916,0.095218,-0.019227,-0.1648,-0.53011,-0.74252,-0.56398,-0.35798,-0.72787,0.081484,1.0401,0.31953,-0.54567,-1.876,0.81484,0.79379,0.82217,0.83224,0.82675,0.79012,0.79379,0.82217,0.82492,0.78921,0.759,0.76083,0.7654,0.75076,0.73611,0.76815,0.77456,0.76907,0.74618,0.74618,0.77914,0.7709,0.75259,0.71688,0.7297,0.77456,0.77548,0.75716,0.73428,0.7178,0.75259,0.76632
0.7535,0.70772,0.68667,0.69674,0.74801,0.75076,0.7123,0.66195,0.62807,0.62441,0.64547,0.63631,0.54292,0.48067,0.43672,0.44221,0.43306,0.39186,0.33967,0.24628,0.094302,0.11444,0.11536,0.0027467,-0.41475,-0.55116,-0.28474,-0.70315,-0.8359,1.6407,2.168,1.0456,0.72237,-3.2649,0.759,0.75076,0.73977,0.75167,0.73702,0.74435,0.74252,0.73428,0.72146,0.7178,0.71596,0.73244,0.71047,0.74343,0.73611,0.71047,0.71963,0.70223,0.69124,0.69491,0.69491,0.67202,0.6711,0.68392,0.69216,0.68667,0.65188,0.64913,0.67751,0.6766,0.67476,0.64364
0.63723,0.65279,0.65462,0.65096,0.63906,0.64821,0.62807,0.61525,0.5649,0.55208,0.53194,0.50813,0.45503,0.44771,0.45595,0.49257,0.43489,0.33784,0.24628,0.14374,0.15656,0.18494,0.18036,0.086978,-0.00824,-0.18311,-0.28199,-0.49715,-0.56398,-0.57314,-0.07416,0.53468,0.27924,-0.93295,0.81942,0.81118,0.82034,0.81759,0.80203,0.83316,0.85604,0.84872,0.82949,0.83682,0.83499,0.81301,0.81576,0.83224,0.8414,0.80203,0.78921,0.83224,0.82583,0.79745,0.79653,0.79928,0.80844,0.8002,0.80386,0.80111,0.81942,0.8359,0.83956,0.8121,0.79287,0.80935
0.82217,0.81301,0.78738,0.78738,0.81942,0.75259,0.65645,0.59877,0.60976,0.67843,0.66286,0.51637,0.44862,0.5594,0.60701,0.45778,0.35798,0.39644,0.33326,0.29206,0.17762,-0.088809,-0.24079,-0.21332,-0.1355,-0.23164,-0.39644,-0.1117,-0.15931,0.62716,0.70956,3.0818,-0.0824,-2.4189,0.74435,0.74068,0.72146,0.72329,0.72604,0.73611,0.72787,0.73702,0.75442,0.74984,0.759,0.72878,0.74892,0.76357,0.76357,0.75259,0.73153,0.73611,0.77273,0.80477,0.75991,0.76266,0.78463,0.81484,0.82583,0.80111,0.79379,0.82308,0.80386,0.77456,0.79012,0.77364
0.78372,0.7535,0.77822,0.72146,0.69948,0.72329,0.72329,0.65096,0.6006,0.59694,0.57955,0.57405,0.55574,0.5356,0.51088,0.57863,0.60152,0.54109,0.36988,0.20692,0.18769,0.15656,0.11261,0.076907,0.035707,-0.10071,-0.20234,-0.1822,-0.097049,0.052187,-0.0073244,0.20875,4.8634,11.863,6.2203,0.80111,0.7709,0.76998,0.77914,0.76815,0.77639,0.75625,0.7947,0.79196,0.75625,0.78097,0.76632,0.74068,0.74343,0.77364,0.74618,0.74984,0.77273,0.74801,0.74343,0.76998,0.7654,0.75259,0.72787,0.7535,0.76266,0.76083,0.75716,0.74618,0.71322,0.7297
0.7004,0.70772,0.7123,0.66195,0.65554,0.618,0.57588,0.57131,0.60884,0.57772,0.54018,0.50996,0.46236,0.40376,0.37446,0.3415,0.27741,0.2179,0.15748,0.069582,0.051271,0.048524,0.066836,0.073244,0.11444,0.13184,0.17396,0.12909,-0.038453,-0.06592,0.11261,0.6418,1.4411,5.4494,6.0894,0.82583,0.80752,0.85788,0.84597,0.81668,0.81759,0.83316,0.79836,0.79196,0.78829,0.80203,0.78829,0.76266,0.78555,0.7828,0.77822,0.80935,0.78921,0.78188,0.8002,0.81393,0.79562,0.78921,0.78829,0.73428,0.75442,0.78005,0.80203,0.78188,0.76266,0.75533
0.78188,0.78097,0.75259,0.7178,0.71413,0.7004,0.68209,0.6885,0.63356,0.56764,0.58412,0.60793,0.58962,0.55757,0.50996,0.39644,0.29206,0.25269,0.27741,0.25727,0.25269,0.1767,0.17212,0.25086,0.37996,0.27741,0.033876,-0.027467,-0.11353,-0.19501,-0.42573,-0.65554,-0.35432,1.1783,2.7192,0.80386,0.8359,0.8359,0.79012,0.78188,0.78829,0.76449,0.79104,0.79836,0.78738,0.79562,0.83316,0.76266,0.8414,0.80477,0.79745,0.8002,0.76907,0.77364,0.83682,0.8533,0.80477,0.70498,0.69491,0.86245,0.83682,0.79928,0.77181,0.77822,0.79836,0.77548
0.76815,0.71139,0.65645,0.70498,0.73061,0.72878,0.69857,0.66378,0.67293,0.68392,0.76266,0.69216,0.6061,0.54842,0.53194,0.48616,0.48067,0.47334,0.40742,0.28474,0.22431,0.2646,0.27558,0.16846,0.036622,0.00091556,0.0054933,-0.0027467,-0.12635,-0.3058,-0.39003,-0.28199,0.58962,3.1449,1.7212,1.4878,0.7709,-0.82583,-0.74526,2.7375,0.41383,-0.22156,-0.35615,-0.45686,-1.062,-0.45961,-0.56581,-0.5942,-0.35981,-0.19044,-0.079653,0.031129,0.076907,0.060427,0.14374,0.19501,0.37996,1.8851,4.6574,2.4885,1.605,0.8826,0.41383,1.2598,2.4253,1.258
0.30854,0.53377,0.5237,0.5118,0.5063,0.49898,0.5182,0.5594,0.53926,0.50172,0.49348,0.43947,0.38636,0.34974,0.33235,0.29298,0.27284,0.25819,0.20325,0.13367,0.07416,0.037538,0.054933,0.012818,-0.019227,-0.080569,-0.067751,-0.092471,0.037538,0.095218,-0.019227,-0.04944,1.8806,5.3056,0.74435,0.74618,0.74892,0.73794,0.74068,0.73061,0.74343,0.74526,0.74068,0.73885,0.71047,0.7297,0.73702,0.73519,0.71688,0.70589,0.70315,0.72787,0.73336,0.71413,0.71047,0.69308,0.71139,0.69765,0.70223,0.6885,0.70315,0.71139,0.70864,0.69399,0.68392,0.67934
0.68117,0.68209,0.66378,0.63448,0.64272,0.5887,0.59145,0.58046,0.54842,0.54109,0.51912,0.50172,0.48982,0.44221,0.40651,0.35249,0.30305,0.31495,0.27741,0.22614,0.11994,0.018311,-0.07416,-0.09064,-0.11902,-0.050356,-0.014649,0.12726,0.29481,0.22248,0.34974,0.79012,3.8453,2.1003,0.80203,0.80294,0.77914,0.80844,0.79012,0.79379,0.76632,0.79379,0.79928,0.79836,0.80935,0.7947,0.81393,0.79379,0.78372,0.7709,0.78188,0.77548,0.77914,0.75259,0.7709,0.80569,0.79012,0.79745,0.78555,0.77273,0.78646,0.77364,0.74984,0.74526,0.73794,0.74435
0.75533,0.73428,0.71688,0.73061,0.74892,0.74709,0.70681,0.69399,0.65004,0.63906,0.61159,0.57039,0.51271,0.48158,0.46327,0.46144,0.38728,0.34059,0.29298,0.25452,0.12818,0.044862,-0.0036622,-0.033876,-0.029298,-0.030213,-0.09064,-0.12543,-0.043031,0.23347,0.56764,0.66744,2.591,5.5574,0.8002,0.78646,0.76266,0.76815,0.75167,0.75716,0.7416,0.78463,0.81759,0.78646,0.75625,0.78829,0.80111,0.78829,0.78463,0.82217,0.84689,0.83224,0.80203,0.79562,0.81393,0.79745,0.83682,0.81484,0.83316,0.84231,0.84506,0.82949,0.80935,0.80111,0.79012,0.75625
0.73336,0.70406,0.67843,0.68758,0.70864,0.68392,0.70406,0.69857,0.66286,0.61342,0.59328,0.54201,0.52187,0.48982,0.46602,0.45412,0.41383,0.37263,0.26826,0.14466,0.075076,0.036622,0.0018311,-0.069582,-0.079653,-0.046693,0.075076,0.19959,0.34516,0.22248,0.91739,4.7179,3.3903,9.2242,0.80569,0.77364,0.79287,0.79104,0.7828,0.79562,0.80111,0.81484,0.78829,0.81301,0.79012,0.77639,0.79562,0.81484,0.79379,0.78555,0.77456,0.80477,0.80386,0.79287,0.79562,0.78646,0.74435,0.75716,0.74252,0.73519,0.74068,0.73061,0.74068,0.7297,0.7416,0.7297
0.70772,0.68575,0.67751,0.6711,0.67202,0.67202,0.68209,0.62899,0.60701,0.58779,0.57497,0.46052,0.42756,0.36073,0.37538,0.36988,0.36805,0.33235,0.24903,0.16205,0.080569,0.0045778,-0.044862,-0.083316,-0.15198,-0.15839,-0.10437,0.023804,0.206,0.6061,1.0584,1.4328,3.0699,7.8262,0.76357,0.76815,0.77273,0.7654,0.77639,0.76357,0.77731,0.78646,0.77731,0.79012,0.78921,0.77822,0.77639,0.76174,0.7654,0.77273,0.74801,0.78372,0.77181,0.76815,0.759,0.77456,0.75991,0.76907,0.77914,0.75625,0.7416,0.74618,0.74252,0.74709,0.76174,0.74252
0.69582,0.67202,0.69948,0.67293,0.6766,0.67293,0.68026,0.70864,0.68209,0.64272,0.59511,0.53011,0.4706,0.4294,0.44404,0.43397,0.40742,0.36622,0.28932,0.19868,0.15564,0.13276,0.07416,0.053102,0.012818,-0.10529,-0.15931,-0.17396,0.028382,0.30396,0.75259,1.2452,5.3606,-14.481,0.7535,0.75533,0.76724,0.7654,0.77364,0.74526,0.73885,0.77456,0.77548,0.76174,0.75167,0.76266,0.76357,0.72695,0.74068,0.74526,0.7416,0.7535,0.72878,0.72604,0.73336,0.72512,0.72237,0.7416,0.74526,0.72054,0.71963,0.70681,0.68392,0.68209,0.71047,0.71688
0.72237,0.67568,0.65279,0.6592,0.66561,0.64821,0.64272,0.64364,0.64089,0.59694,0.5649,0.51637,0.45503,0.45228,0.44771,0.4413,0.41383,0.33509,0.26002,0.21149,0.19501,0.16205,0.11078,0.04944,-0.051271,-0.13459,-0.17304,-0.12818,-0.053102,-0.13642,0.092471,0.84231,2.4592,-15.054,0.78188,0.81118,0.78097,0.77639,0.78646,0.7828,0.78921,0.79928,0.79012,0.79379,0.77914,0.78555,0.78097,0.77822,0.77822,0.76083,0.78005,0.73885,0.75076,0.75167,0.7654,0.7416,0.74252,0.74801,0.74252,0.73519,0.73061,0.71871,0.71322,0.71322,0.69948,0.72512
0.69765,0.66836,0.68941,0.68758,0.66652,0.65828,0.61892,0.61251,0.60884,0.62716,0.61708,0.61617,0.59236,0.56764,0.49806,0.49074,0.43489,0.412,0.37904,0.29206,0.23255,0.14191,0.086062,0.015564,-0.033876,-0.084231,-0.20417,-0.25178,-0.23896,-0.12543,0.40925,1.2708,3.0589,4.912,0.77822,0.78463,0.77181,0.7947,0.81484,0.77364,0.77364,0.77731,0.78738,0.81393,0.82217,0.80386,0.78372,0.78097,0.78646,0.78555,0.78005,0.76724,0.76724,0.78372,0.77456,0.76174,0.77181,0.77731,0.8002,0.79653,0.78555,0.80844,0.80477,0.78463,0.78188,0.73244
0.75076,0.7535,0.71871,0.7123,0.67293,0.66103,0.61251,0.63265,0.6006,0.58046,0.62441,0.57772,0.57772,0.54842,0.52828,0.44496,0.37172,0.31312,0.31587,0.28108,0.21607,0.16663,0.089724,0.000916,-0.064089,-0.13916,-0.12635,-0.141,-0.071413,0.12726,0.3534,0.96591,1.5583,-1.139,0.75076,0.74801,0.75076,0.75442,0.75533,0.74892,0.75076,0.73519,0.72329,0.74709,0.75076,0.75625,0.74068,0.73611,0.75076,0.73702,0.73702,0.74068,0.74618,0.73794,0.75076,0.75076,0.73153,0.73244,0.72146,0.70681,0.71139,0.71139,0.70315,0.70132,0.68758,0.68117
0.67019,0.65188,0.65828,0.66652,0.67843,0.67751,0.60884,0.60152,0.59969,0.5887,0.55666,0.49989,0.45137,0.41566,0.41292,0.3946,0.33509,0.27192,0.24812,0.2179,0.21424,0.15107,0.10804,0.085147,0.025636,-0.10071,-0.15107,-0.25819,-0.20325,0.20508,0.7123,0.64364,11.028,2.8584,0.74068,0.73794,0.76083,0.7416,0.76083,0.73336,0.72146,0.74892,0.7297,0.74068,0.7416,0.7416,0.73428,0.72604,0.71505,0.73611,0.74618,0.72146,0.72878,0.71688,0.71322,0.7123,0.69491,0.67019,0.68209,0.65096,0.67751,0.67293,0.70772,0.70315,0.68667,0.68026
0.6592,0.63997,0.63173,0.60427,0.57588,0.56673,0.53194,0.55116,0.57588,0.5768,0.53011,0.45961,0.46785,0.45869,0.4358,0.37629,0.31037,0.28748,0.28932,0.19135,0.087893,0.010071,-0.097049,-0.11719,-0.17853,-0.26002,-0.25727,-0.21699,-0.083316,0.047609,0.23164,2.1662,0.44862,0.8533,0.79104,0.7709,0.79104,0.78829,0.79012,0.78463,0.78646,0.78097,0.80844,0.80294,0.78829,0.77731,0.76998,0.76632,0.75716,0.80111,0.7535,0.78097,0.77822,0.83407,0.7828,0.78005,0.74892,0.76083,0.76449,0.78097,0.76998,0.73977,0.73153,0.72787,0.71596,0.71047
0.6885,0.71688,0.70589,0.68758,0.66836,0.65462,0.6473,0.61434,0.57497,0.54384,0.54292,0.55483,0.53835,0.53835,0.48067,0.4294,0.40468,0.37355,0.30122,0.21973,0.15015,0.10254,0.0054933,0.0036622,-0.092471,-0.20692,-0.32502,-0.44404,-0.46785,-0.1062,0.72878,7.2457,2.2514,0.96866,0.7004,0.68117,0.68484,0.69948,0.70864,0.73885,0.75167,0.70681,0.68026,0.71688,0.71322,0.683,0.66286,0.69308,0.68575,0.68484,0.63356,0.61983,0.6473,0.66286,0.67751,0.65004,0.6354,0.6418,0.64821,0.65828,0.64638,0.66561,0.67751,0.67568,0.66286,0.6885
0.7004,0.68941,0.69582,0.71871,0.69857,0.67843,0.69399,0.71322,0.70315,0.70772,0.67843,0.68941,0.67843,0.65828,0.61525,0.59694,0.54384,0.54567,0.54659,0.45228,0.32411,0.21607,0.12635,0.054018,-0.043031,-0.0824,-0.067751,0.059511,0.22797,0.9064,1.9913,3.1532,4.9303,7.4911,0.70406,0.70956,0.69857,0.70406,0.7123,0.71596,0.71596,0.70223,0.6885,0.73794,0.71047,0.7178,0.71688,0.73611,0.73244,0.75625,0.76449,0.75991,0.73153,0.73519,0.73244,0.72878,0.69765,0.76815,0.71413,0.74435,0.76083,0.73702,0.75167,0.76815,0.76083,0.74343
0.74068,0.75533,0.74526,0.77548,0.76266,0.7709,0.75442,0.74252,0.72146,0.69399,0.66836,0.6299,0.59511,0.57039,0.58779,0.54109,0.4239,0.38453,0.38545,0.3589,0.27375,0.1648,0.0412,-0.075991,-0.19227,-0.32228,-0.28382,-0.19684,-0.052187,0.2646,1.4365,2.244,3.7254,4.8808,0.70589,0.71963,0.683,0.7123,0.70132,0.68117,0.70223,0.70864,0.71047,0.72878,0.72146,0.71047,0.71322,0.70315,0.72787,0.72695,0.72237,0.73885,0.7416,0.70589,0.71505,0.73061,0.75442,0.74252,0.74068,0.75259,0.75076,0.72512,0.72604,0.74252,0.75533,0.73611
0.7416,0.73153,0.75442,0.73611,0.71963,0.70315,0.71139,0.68667,0.67751,0.69216,0.63356,0.62075,0.59145,0.5649,0.46144,0.39644,0.40468,0.42024,0.39003,0.26826,0.13001,-0.035707,-0.10987,-0.17579,-0.26185,-0.31037,-0.17121,0.012818,0.68758,1.9758,2.6139,3.654,4.5897,5.085,0.75991,0.75442,0.73244,0.7004,0.69124,0.69765,0.70956,0.76357,0.77364,0.78921,0.79745,0.78829,0.79012,0.77731,0.77273,0.74801,0.72146,0.72512,0.72512,0.73794,0.71139,0.73244,0.69124,0.72146,0.71322,0.74068,0.73153,0.7416,0.74068,0.73702,0.72054,0.71596
0.71413,0.7004,0.65554,0.69308,0.66012,0.68117,0.70132,0.65279,0.64638,0.63356,0.61617,0.60152,0.56673,0.54933,0.52828,0.52553,0.46052,0.42482,0.39003,0.31037,0.20234,0.064089,0.010987,-0.091556,-0.10437,-0.087893,-0.014649,0.11902,0.54384,1.4319,1.7881,2.6167,5.4439,7.9278,0.78646,0.78921,0.79287,0.79287,0.80203,0.79012,0.79104,0.79104,0.77822,0.78555,0.76357,0.8002,0.80844,0.79379,0.78738,0.8002,0.78646,0.78555,0.79653,0.77548,0.79379,0.8002,0.80935,0.78646,0.78921,0.7947,0.80569,0.80111,0.79745,0.79745,0.78463,0.77914
0.77456,0.77548,0.77914,0.77456,0.76815,0.78097,0.80111,0.80111,0.76449,0.71505,0.73061,0.72146,0.73153,0.7654,0.74801,0.68484,0.63082,0.56215,0.51546,0.45412,0.30396,0.18036,0.025636,-0.020142,-0.036622,-0.097049,-0.0412,0.027467,0.51912,1.0584,1.7286,3.3839,6.6442,9.6957,0.72604,0.74984,0.75442,0.73885,0.73885,0.73794,0.72512,0.7297,0.71047,0.70864,0.72604,0.69399,0.73428,0.69674,0.70772,0.70681,0.70864,0.73428,0.71139,0.72054,0.71139,0.70772,0.71505,0.71139,0.7004,0.68667,0.68941,0.69765,0.71047,0.68026,0.67476,0.69582
0.69674,0.7004,0.69857,0.69399,0.72512,0.71963,0.71139,0.68026,0.66378,0.63814,0.63448,0.59145,0.58321,0.58504,0.56307,0.53285,0.50172,0.46419,0.3946,0.33143,0.20508,0.073244,-0.058596,-0.10529,-0.09064,-0.038453,0.094302,0.18128,0.46693,1.0218,1.6242,2.8913,5.1573,0.75259,0.75991,0.74252,0.75808,0.76174,0.759,0.76266,0.76266,0.76724,0.77456,0.7828,0.77456,0.79379,0.78829,0.78646,0.78097,0.7828,0.79012,0.79287,0.79653,0.79287,0.81942,0.82034,0.80294,0.7709,0.78921,0.80294,0.81759,0.83682,0.81576,0.8121,0.80752,0.8066
0.81576,0.8002,0.79653,0.76632,0.76998,0.78738,0.77822,0.78921,0.76266,0.78555,0.8002,0.76724,0.73061,0.68667,0.63906,0.59511,0.53468,0.45412,0.38911,0.23438,0.1355,-0.019227,-0.14832,-0.18036,-0.18403,-0.033876,0.11536,0.38179,0.86062,1.529,3.0525,6.7321,0.82308,0.81301,0.82583,0.8359,0.78829,0.81301,0.78463,0.8002,0.81942,0.82949,0.83132,0.84231,0.81301,0.82217,0.82492,0.80935,0.81027,0.81851,0.82217,0.80935,0.81027,0.80569,0.79745,0.81118,0.80752,0.83407,0.82858,0.82308,0.81393,0.80477,0.82492,0.82217,0.84964,0.84689
0.84323,0.82217,0.81942,0.8121,0.81301,0.80203,0.77456,0.76907,0.73977,0.73794,0.72878,0.72512,0.6711,0.61525,0.58687,0.52919,0.48982,0.42299,0.30122,0.206,0.063173,-0.073244,-0.10804,-0.11902,-0.072329,0.013733,0.17487,0.66927,1.1234,2.0792,4.6254,8.446,0.61159,0.65645,0.60152,0.62075,0.62624,0.60701,0.60976,0.61434,0.62075,0.59969,0.60976,0.63265,0.61892,0.61708,0.63906,0.6299,0.61708,0.62258,0.63082,0.6354,0.65096,0.63631,0.6418,0.65554,0.63723,0.6418,0.67476,0.66652,0.69674,0.6473,0.64913,0.62441,0.67385,0.66652
0.64638,0.65371,0.67476,0.65279,0.61892,0.6006,0.61525,0.67019,0.68117,0.66012,0.62716,0.6061,0.5768,0.5768,0.55574,0.49074,0.44954,0.37996,0.25636,0.15107,0.051271,-0.033876,-0.11536,-0.12268,0.032044,0.25178,0.54384,0.90091,1.2745,2.1561,4.7417,9.4046,0.70223,0.71596,0.72146,0.71963,0.73428,0.71505,0.72237,0.71139,0.67934,0.64455,0.66012,0.67019,0.65737,0.63814,0.64455,0.65004,0.67385,0.67385,0.65188,0.66378,0.68117,0.66469,0.65828,0.66012,0.66378,0.68209,0.65371,0.64089,0.63997,0.64455,0.63265,0.62075,0.61708,0.62258
0.61983,0.61892,0.58779,0.57131,0.57405,0.57131,0.50722,0.46876,0.46602,0.45595,0.48158,0.45961,0.40284,0.40284,0.37629,0.38728,0.42573,0.36348,0.3177,0.25544,0.18494,0.27284,0.54842,0.64821,0.74984,0.63997,0.65645,0.24628,0.16938,0.44221,3.9442,9.8871,0.56215,0.55757,0.52644,0.55025,0.56032,0.56124,0.54567,0.53377,0.5594,0.56215,0.56124,0.53377,0.54567,0.5768,0.55574,0.5237,0.54018,0.57222,0.58229,0.55574,0.55025,0.56948,0.56215,0.56948,0.553,0.53835,0.5475,0.54384,0.56032,0.5118,0.50447,0.5118,0.52553,0.4706
0.4706,0.50722,0.48891,0.44221,0.41017,0.46693,0.44954,0.44771,0.4706,0.47243,0.43672,0.36531,0.42299,0.38545,0.41017,0.36988,0.34608,0.29939,0.35066,0.31678,0.16297,0.22065,0.18677,0.060427,0.39186,1.1087,0.81393,1.616,1.8979,3.0625,6.0555,7.6614,0.412,0.41749,0.43306,0.4294,0.42665,0.43672,0.43031,0.42299,0.412,0.4294,0.4294,0.43764,0.43855,0.42848,0.42573,0.43306,0.41932,0.40193,0.40101,0.40742,0.39552,0.38728,0.39644,0.39918,0.39094,0.37538,0.37721,0.38545,0.41108,0.38728,0.37629,0.38636,0.37629,0.38911
0.40834,0.39003,0.36805,0.34974,0.33052,0.30488,0.30946,0.32685,0.33143,0.32136,0.31404,0.30396,0.3003,0.2765,0.27558,0.28474,0.35981,0.32594,0.31953,0.28291,0.23896,0.18311,0.14924,0.12818,0.22797,2.0261,1.1975,1.0858,2.4088,5.5419,9.6298,9.9438,0.477,0.47334,0.48158,0.48158,0.46693,0.46785,0.45778,0.48067,0.49532,0.48433,0.47884,0.46968,0.46693,0.46602,0.44313,0.44038,0.46052,0.44221,0.44862,0.46144,0.42848,0.4294,0.43123,0.43397,0.43855,0.42573,0.412,0.40834,0.41749,0.41292,0.40925,0.39827,0.39369,0.40193
0.40651,0.38545,0.35981,0.36256,0.34791,0.35066,0.34333,0.31495,0.3003,0.26551,0.26643,0.26734,0.25636,0.19684,0.22614,0.27192,0.21149,0.17853,0.16663,0.17579,0.20325,0.12726,0.13092,0.14557,0.33601,0.91739,0.5594,1.2973,2.6533,1.1032,11.028,11.474,0.46785,0.47792,0.46327,0.45869,0.45778,0.45686,0.47151,0.46876,0.45778,0.45778,0.46144,0.46419,0.47243,0.45686,0.46327,0.47151,0.47243,0.4825,0.48616,0.47792,0.43764,0.43947,0.44862,0.45503,0.45228,0.45778,0.47426,0.45869,0.45228,0.46419,0.49074,0.47151,0.43489,0.43489
0.4239,0.41566,0.40284,0.41566,0.43672,0.41658,0.412,0.38087,0.40101,0.36439,0.32868,0.32044,0.32868,0.35157,0.35066,0.32594,0.27833,0.17945,0.24354,0.26276,0.24354,0.15839,0.092471,0.054933,0.11078,1.5024,2.049,1.3257,2.9252,3.5185,8.0413,12.535,0.44862,0.44862,0.45778,0.47334,0.47517,0.46602,0.45686,0.46419,0.46419,0.45137,0.4413,0.45412,0.46327,0.47243,0.45045,0.44038,0.4358,0.44954,0.4413,0.45412,0.44588,0.45045,0.44862,0.4413,0.44313,0.44221,0.44038,0.43855,0.41108,0.41383,0.41475,0.41292,0.40376,0.3882
0.3946,0.39827,0.39735,0.37538,0.36348,0.36256,0.35981,0.37538,0.36439,0.32594,0.3058,0.31037,0.24628,0.21516,0.20417,0.29847,0.28932,0.28291,0.18769,0.206,0.23896,0.30946,0.39369,0.26551,0.36714,0.73336,1.518,2.9087,1.615,6.5682,12.901,9.7223,0.47426,0.45412,0.44313,0.44954,0.45961,0.48982,0.48616,0.477,0.45412,0.45503,0.44679,0.43764,0.44313,0.43123,0.42116,0.44954,0.44313,0.4358,0.43764,0.4294,0.43214,0.43214,0.43855,0.43123,0.44313,0.45137,0.44771,0.44679,0.44679,0.45412,0.45595,0.4358,0.43397,0.43764
0.4532,0.4413,0.42573,0.42024,0.4239,0.39369,0.39735,0.39186,0.3708,0.34883,0.34608,0.34974,0.3058,0.28565,0.27558,0.25452,0.29664,0.32868,0.28108,0.27833,0.21516,0.21973,0.16572,0.11261,0.29481,0.75625,0.759,1.2699,1.6562,0.81759,6.3109,16.691,0.42116,0.43855,0.44221,0.44588,0.42573,0.43123,0.42848,0.44496,0.44862,0.42756,0.43764,0.44954,0.44588,0.43306,0.44038,0.4413,0.43855,0.43489,0.43947,0.45503,0.44771,0.43855,0.44038,0.42665,0.42848,0.40925,0.40834,0.40101,0.39918,0.41017,0.39827,0.39552,0.36805,0.36805
0.35249,0.34059,0.35798,0.33601,0.32777,0.32319,0.34608,0.32319,0.32411,0.33143,0.31861,0.32228,0.30488,0.30213,0.28565,0.2591,0.25452,0.2591,0.24354,0.24171,0.14374,0.056764,0.073244,0.19318,0.50813,0.824,1.0611,1.8064,2.0197,0.68758,10.753,10.459,0.43489,0.43947,0.46327,0.47334,0.47426,0.45778,0.43855,0.4413,0.44588,0.47517,0.45595,0.43489,0.41932,0.42756,0.42756,0.41658,0.41658,0.43489,0.44313,0.42024,0.38362,0.40284,0.44404,0.43672,0.40742,0.40651,0.40193,0.42024,0.41749,0.42024,0.43031,0.42207,0.41383,0.42299
0.44038,0.45869,0.45686,0.43764,0.45045,0.44496,0.46876,0.46236,0.45228,0.43214,0.3946,0.38545,0.42482,0.38087,0.35524,0.34333,0.31404,0.3708,0.38179,0.41566,0.29481,0.1529,-0.0064089,0.0073244,0.11078,0.58321,0.54018,3.3894,1.7396,2.0215,2.1653,13.914,0.42482,0.41932,0.39644,0.41292,0.42116,0.40284,0.39003,0.41292,0.43764,0.41108,0.40101,0.39003,0.39369,0.38728,0.41292,0.40193,0.39369,0.39094,0.41566,0.41017,0.37812,0.37904,0.39644,0.39735,0.40284,0.3882,0.40101,0.41749,0.39644,0.40284,0.39552,0.37263,0.38728,0.38728
0.36988,0.35066,0.37721,0.36622,0.35432,0.33235,0.33509,0.33052,0.32777,0.33418,0.33235,0.32777,0.27284,0.29572,0.29756,0.22156,0.26917,0.36988,0.39735,0.36622,0.3296,0.12268,0.079653,0.19227,1.1737,1.4447,3.155,1.7277,1.7093,3.6778,11.18,9.0439,0.34608,0.32228,0.31037,0.3296,0.30946,0.30763,0.32594,0.32594,0.30213,0.29206,0.25544,0.28382,0.30396,0.33235,0.32868,0.31129,0.29756,0.31312,0.29389,0.29756,0.35981,0.37172,0.38179,0.38362,0.36714,0.35432,0.33326,0.35432,0.34791,0.36439,0.39369,0.39186,0.40376,0.42756
0.4413,0.41383,0.39644,0.40193,0.36348,0.35707,0.34791,0.34883,0.31404,0.33235,0.31861,0.29847,0.29847,0.39369,0.56581,0.41932,0.28199,0.22614,0.22614,0.33601,0.18311,0.13825,-0.028382,0.86245,0.66561,2.667,2.7155,2.4784,2.136,1.1106,7.8838,9.5154,6.3347,7.3492,4.8222,2.9215,1.7524,0.96866,0.29572,0.11078,0.26002,0.34883,0.30671,0.30396,0.70223,1.1719,1.3001,1.6077,2.1717,2.9133,3.1916,3.7062,3.719,3.1422,2.8694,2.6798,2.1955,1.5372,1.1692,0.83956,0.48799,0.40925,0.78921,1.2561,1.7313,0.74709
0.72146,0.65096,0.6061,0.62166,0.68209,0.64272,0.60518,0.58779,0.57405,0.61617,0.58321,0.44038,0.27375,0.15931,0.0018311,-0.086978,-0.1886,-0.3177,-0.41108,-0.41658,-0.032044,0.44954,-0.0064089,-0.36622,0.035707,0.5356,0.99979,1.2021,1.1353,0.82675,1.832,3.3152,1.0822,1.0703,1.0428,1.0172,1.0144,1.0236,0.99338,1.0273,1.0282,1.0273,1.0245,0.98331,0.95676,0.98239,0.95859,0.90091,0.91281,0.98331,0.9357,0.95218,0.97507,0.92929,0.91556,0.91372,0.90915,0.89633,0.88351,0.87069,0.88717,0.86978,0.85604,0.87161,0.8771,0.889
0.86978,0.82766,0.80935,0.80294,0.7535,0.73519,0.73794,0.74892,0.78097,0.71871,0.58229,0.53285,0.51729,0.50722,0.39644,0.29023,0.1474,-0.060427,-0.075991,-0.15931,-0.22889,-0.13459,-0.063173,0.26826,1.1307,1.1344,0.77914,1.6224,2.1946,2.4821,3.2026,3.1523,1.68,1.6535,1.6654,1.6095,1.583,1.615,1.7029,1.7341,1.6718,1.7231,1.8485,1.9199,1.8137,1.7606,1.9913,2.2449,2.1735,2.0243,1.8329,1.7432,1.7515,1.7826,1.6782,1.7551,1.8897,1.7798,1.6562,1.572,1.6022,1.6315,1.496,1.4502,1.4896,1.583
1.4759,1.1765,0.92013,1.0282,1.1628,1.0611,0.93844,0.78005,0.72237,0.75808,0.87985,0.94119,0.81942,0.7709,0.70315,0.66927,0.72878,0.62807,0.56948,0.52278,0.42024,0.43855,0.23713,0.081484,0.013733,-0.22706,-0.28108,-0.66103,-0.72329,-0.6766,-0.88443,-1.3468,0.99612,0.97324,0.97598,1.008,1.0236,1.0025,0.97964,0.965,0.96133,0.9238,0.9302,0.89816,0.87985,0.87436,0.87436,0.87985,0.8478,0.86428,0.84323,0.78188,0.78188,0.74801,0.7242,0.69857,0.73428,0.75442,0.72146,0.7123,0.68758,0.63082,0.62166,0.61434,0.56948,0.51729
0.46968,0.41475,0.35066,0.28474,0.21516,0.2472,0.38728,0.42116,0.2179,0.033876,-0.021058,0.043947,0.15473,0.071413,0.092471,0.22065,0.2472,0.042116,-0.16755,-0.17853,-0.0045778,0.21973,0.32228,0.28199,0.26734,0.38545,0.60335,1.2415,1.4933,1.9968,2.7,5.3175,2.0472,2.0701,2.0042,1.9538,1.7551,1.6361,1.8384,1.7515,1.5693,1.4786,1.5455,1.4301,1.3266,1.2104,1.2964,1.3953,1.3495,1.2506,1.1161,1.0355,1.0465,1.0181,1.0181,1.0382,0.97598,0.81027,0.83499,0.84597,0.80294,0.75533,0.64638,0.56398,0.56215,0.5182
0.54109,0.4413,0.3122,0.27192,0.26917,0.10529,-0.21332,-0.44771,-0.47243,-0.34883,-0.29939,-0.32044,-0.40468,-0.44221,-0.48067,-0.49623,-0.59877,-0.59694,-0.64364,-0.79928,-0.70772,-0.49989,-0.39552,-0.56764,-0.60793,0.61892,0.59786,0.66652,0.64638,0.61983,0.62441,0.67293,0.65462,0.618,0.60793,0.59969,0.58504,0.59786,0.5942,0.58596,0.6006,0.61251,0.60244,0.5942,0.61617,0.5887,0.57588,0.57588,0.55757,0.5594,0.56398,0.5887,0.60427,0.57772,0.54567,0.58229,0.60244,0.60152,0.59603,0.59145,0.58962,0.56398,0.55208,0.56124,0.56307,0.60244
0.62807,0.59603,0.53468,0.50905,0.53194,0.54842,0.47151,0.39277,0.35157,0.35157,0.31861,0.21241,0.097049,0.10437,0.053102,-0.055849,-0.13092,-0.083316,0.16938,0.45778,1.3724,3.1019,2.2724,2.1094,1.5729,1.6691,1.7185,1.6846,1.6681,1.7698,1.7643,1.8751,1.8531,1.8925,1.9639,2.017,2.0939,2.1039,1.9593,1.7982,1.6691,1.6736,1.7194,1.7698,1.843,1.8732,1.9703,1.8778,1.7652,1.8073,1.6846,1.4905,1.4173,1.5116,1.4768,1.3193,1.1078,1.2085,1.4319,1.2131,0.91739,0.87802,0.87619,0.91464,0.99612,0.85055
0.683,0.58229,0.5649,0.62532,0.68209,0.72695,0.65004,0.56032,0.57955,0.56215,0.49165,0.39003,0.29023,0.028382,-0.12085,-0.16297,-0.43397,-0.79562,-1.0044,-0.71963,-0.36897,-0.24995,-0.53102,-0.9064,0.90915,0.85238,0.94302,0.93936,0.88076,0.9183,0.90915,0.92746,0.90182,0.91647,0.92013,0.93478,0.9064,0.9064,0.94211,0.97415,0.94211,0.96774,0.99063,0.92563,0.91556,0.92196,0.92105,0.90732,0.89267,0.91006,0.92746,0.94119,0.91098,0.93112,0.90365,0.90182,0.89633,0.88992,0.89999,0.88076,0.84231,0.89541,0.8771,0.84323,0.82675,0.83041
0.85788,0.86703,0.81942,0.75167,0.74892,0.74801,0.67568,0.66561,0.65828,0.59694,0.50539,0.43764,0.53652,0.50356,0.31312,0.068667,-0.18311,-0.097049,-0.13733,0.20508,0.29389,1.3669,4.6483,10.65,0.75625,0.73244,0.74984,0.76724,0.74709,0.81118,0.89999,0.86337,0.79562,0.77181,0.81118,0.81942,0.80477,0.8002,0.81393,0.79012,0.77181,0.7709,0.78829,0.74984,0.74068,0.78829,0.82492,0.86062,0.85604,0.84048,0.8359,0.83773,0.82492,0.80477,0.75259,0.74068,0.75259,0.8066,0.86062,0.86428,0.824,0.80844,0.81118,0.80569,0.82858,0.86978
0.81576,0.77273,0.7297,0.72787,0.75167,0.80294,0.74343,0.64913,0.69124,0.65096,0.53194,0.3882,0.26185,0.09888,-0.15839,-0.37446,-0.28382,-0.038453,0.77181,2.4226,4.7801,5.6362,3.0488,7.1551,0.74618,0.75533,0.7828,0.79104,0.77181,0.75533,0.75533,0.78921,0.80569,0.79745,0.78463,0.77639,0.7947,0.77822,0.75716,0.72512,0.77456,0.82034,0.81301,0.78829,0.7828,0.79379,0.78829,0.78555,0.76449,0.73153,0.75716,0.75259,0.75533,0.73702,0.759,0.76357,0.73519,0.69308,0.68484,0.70132,0.73794,0.70681,0.6592,0.67476,0.73428,0.73977
0.71047,0.66195,0.60701,0.5887,0.58138,0.55025,0.54384,0.5475,0.54384,0.5356,0.43489,0.34608,0.2765,0.2765,0.22523,0.16297,0.15931,0.17396,0.24537,0.38362,0.683,1.2836,1.5253,2.0435,1.7881,1.7093,1.7158,1.9428,2.049,2.0591,1.9767,1.8806,1.7698,1.7533,1.8082,1.973,1.9904,2.0389,2.0316,1.9172,1.8476,1.8467,1.6691,1.3514,1.2534,1.2854,1.345,1.5519,1.4447,1.4603,1.1069,1.0089,1.2827,1.3413,1.1509,0.92196,0.91372,0.97232,0.98697,0.965,0.93204,0.87344,0.87802,0.86337,0.7947,0.59969
0.37996,0.23713,0.11628,0.078738,0.30946,0.56124,0.17212,-0.25819,-0.4532,-0.62166,-0.85788,-0.91189,-0.95035,-0.87893,-0.759,-0.58046,-0.28565,-0.26002,-0.27009,-0.6006,-1.0263,-1.5217,-1.8622,-1.2378,1.0428,1.0318,1.0932,1.0776,0.965,0.89175,0.93295,0.86428,0.80935,0.78555,0.83041,0.88168,0.86886,0.96866,0.97232,0.89816,0.89267,0.75167,0.64364,0.75991,0.81393,0.71596,0.74801,0.80935,0.87527,0.78921,0.71505,0.79745,0.81759,0.7828,0.78555,0.79196,0.76632,0.78738,0.8121,0.84231,0.81484,0.78646,0.81301,0.79928,0.78005,0.81301
0.79653,0.77456,0.77731,0.67843,0.52828,0.4944,0.60518,0.58962,0.44588,0.27375,0.12726,0.026551,-0.011902,-0.05768,-0.23804,-0.15015,-0.048524,0.32136,1.0364,1.6755,1.7862,1.507,2.8684,3.5304,0.8121,0.65828,0.61251,0.66561,0.76083,0.79562,0.77548,0.77822,0.84414,0.90091,0.86612,0.76724,0.73244,0.80477,0.8414,0.82583,0.83956,0.85879,0.81484,0.82949,0.88626,0.9238,0.87161,0.86337,0.89175,0.93844,0.91739,0.86062,0.85238,0.93478,0.89999,0.79379,0.8478,0.93112,0.87619,0.85513,0.8533,0.82034,0.84231,0.87527,0.87619,0.84048
0.84872,0.86428,0.824,0.78463,0.80844,0.76357,0.70315,0.60427,0.57955,0.52187,0.50081,0.43672,0.34974,0.28565,0.23988,0.20325,0.21607,0.21882,0.25819,0.44496,0.74801,1.2772,2.1598,2.711,1.4008,1.4658,1.5629,1.6453,1.7716,1.9044,2.027,2.0225,2.0893,2.082,2.0444,1.9272,1.9044,1.8265,1.6022,1.4933,1.4896,1.4557,1.6269,1.9465,2.2816,2.103,1.8952,1.4585,1.3285,1.2488,1.1747,1.268,1.4805,1.539,1.0566,0.91739,0.94211,1.1692,1.2882,1.1353,0.92563,0.81851,0.78463,0.78005,0.78829,0.77181
0.70956,0.6592,0.64547,0.66836,0.72329,0.63082,0.61068,0.57131,0.5063,0.43947,0.24812,0.0036622,-0.30946,-0.57039,-0.66012,-0.68026,-0.72329,-0.76724,-0.65188,-0.55116,-0.49074,-0.60518,-1.0099,-1.3797,0.94211,0.88534,0.93295,0.97049,0.889,0.85696,0.90823,0.89358,0.85238,0.8826,0.89816,0.90091,0.88992,0.89816,0.95218,0.92746,0.86245,0.86428,0.92563,0.94668,0.89908,0.81484,0.92654,0.98514,0.91556,0.91006,0.91556,0.90365,0.97415,0.98514,0.91739,0.92746,0.96225,0.95126,1.0089,1.0529,1.0236,0.99246,1.0172,1.0099,0.97232,0.93387
0.94394,0.99521,0.94302,0.92196,0.9302,0.94119,0.91922,0.80203,0.77273,0.77181,0.7178,0.59969,0.46693,0.31037,0.19959,-0.00824,-0.12543,0.038453,0.16297,-0.030213,0.073244,1.0309,2.3402,6.017,0.98331,0.97781,0.95676,0.95035,0.96957,0.96957,0.96774,0.95492,0.92471,0.99796,0.98788,0.95767,1.0511,1.0273,0.93295,0.98422,0.99338,0.96408,0.96316,0.96866,1.0016,1.0218,1.0089,0.9888,0.99796,0.9888,0.98239,1.008,0.99063,0.98239,1.008,0.99612,0.98788,1.0538,1.0016,0.92654,0.93844,0.97781,0.94668,0.93936,0.99246,1.0227
0.98788,0.93387,0.89084,0.85879,0.84506,0.77914,0.76357,0.72237,0.64364,0.55025,0.49715,0.46327,0.24537,0.051271,-0.05768,-0.24812,0.11261,0.06592,-0.031129,-0.15656,0.13276,1.8613,9.7598,4.9687,0.87161,0.8771,0.99796,0.9714,0.88443,0.93478,0.96683,0.90182,0.87527,0.89816,0.89358,0.89633,0.92471,0.9238,0.89908,0.91098,0.92288,0.92746,0.88168,0.85971,0.86154,0.8771,0.84597,0.82217,0.87527,0.83865,0.79653,0.85055,0.85513,0.82583,0.75167,0.73702,0.80386,0.77548,0.67019,0.66012,0.70223,0.68117,0.62075,0.54292,0.52828,0.50722
0.42848,0.38636,0.40559,0.32502,0.26734,0.11811,0.062258,0.04944,0.16297,0.35707,0.77639,1.5784,2.5434,2.9911,2.5077,3.7739,4.4029,2.9875,1.2278,2.6551,3.7281,3.9671,-1.6334,-3.6045,0.58229,0.73885,1.0556,0.99796,0.824,0.73519,0.69674,0.74618,0.76998,0.79379,0.84872,0.8652,0.84872,0.82858,0.90732,0.91372,0.85879,0.85971,0.8826,0.83956,0.84231,0.93478,0.95218,0.93204,0.87069,0.85238,0.87161,0.91098,0.91647,0.86703,0.86245,0.92837,0.94485,0.89084,0.86154,0.8652,0.8826,0.88168,0.85147,0.82034,0.84872,0.88717
0.82949,0.683,0.62807,0.56398,0.49074,0.39094,0.29847,0.18952,0.044862,-0.02472,0.00091556,0.028382,0.10254,0.20417,0.28291,0.37629,0.4001,0.44679,0.78829,2.4418,3.9918,2.4436,2.494,3.9122,1.9309,4.4514,1.5326,3.2649,2.1561,1.128,0.67293,-1.1509,0.65737,2.4473,0.73061,0.96957,1.5143,1.6599,0.59969,0.29481,0.82949,0.93478,0.82949,0.56764,1.4649,1.2104,1.8696,2.2349,2.2715,1.9117,1.8531,1.9959,2.0042,1.7808,1.4475,1.2415,1.2076,1.4658,1.7313,1.7533,0.82034,0.85238,0.77181,0.70223,0.70132,0.79104
0.86795,0.88717,0.86245,0.75808,0.75991,0.81301,0.83956,0.80844,0.75533,0.73611,0.78005,0.79928,0.79104,0.77273,0.79562,0.78829,0.80386,0.77181,0.76724,0.74618,0.76357,0.79836,0.76174,0.70864,0.75533,0.79745,0.77364,0.74343,0.73611,0.6711,0.65004,0.6592,0.7178,0.75533,0.77364,0.74435,0.70681,0.69308,0.63906,0.61892,0.63448,0.62258,0.61892,0.57955,0.47792,0.37904,0.30763,0.29389,0.32411,0.24354,0.11444,-0.02472,-0.058596,0.11444,0.28199,0.38453,0.54384,1.2296,2.6771,8.7188,0.38728,0.3827,0.39644,0.41841,0.39369,0.38179
0.42299,0.43397,0.35981,0.45869,0.46236,0.43947,0.42299,0.412,0.40284,0.38087,0.37812,0.37355,0.33235,0.31587,0.34333,0.36164,0.347,0.34608,0.347,0.35249,0.33235,0.33692,0.36805,0.35615,0.34974,0.37446,0.40284,0.3827,0.3827,0.39918,0.43397,0.43855,0.47975,0.49715,0.45503,0.45412,0.4294,0.40284,0.34425,0.48982,0.47517,0.48708,0.45045,0.52095,0.47517,0.60793,0.53011,0.43397,0.58046,0.61159,0.56398,0.64547,0.87893,1.659,1.8476,3.2493,4.4102,4.0669,4.9623,6.4135,0.33052,0.30396,0.30763,0.31495,0.32685,0.3122
0.28108,0.28748,0.33876,0.36714,0.34333,0.32685,0.3003,0.31312,0.33143,0.33601,0.3058,0.31587,0.33418,0.34516,0.33692,0.31495,0.28474,0.28657,0.3177,0.29572,0.26093,0.25452,0.26643,0.26002,0.23255,0.21699,0.2298,0.24354,0.22156,0.206,0.21882,0.27192,0.27741,0.28382,0.29572,0.34883,0.34974,0.31495,0.17762,0.3003,0.35707,0.25819,0.1822,0.19044,0.13276,0.044862,0.21058,0.19135,0.24171,0.3534,0.58229,0.69948,1.204,1.7203,2.1241,2.0884,1.9465,2.775,4.4331,5.9868,0.57405,0.58046,0.56856,0.54659,0.52553,0.49623
0.42299,0.47243,0.52461,0.48616,0.55574,0.5356,0.50722,0.47792,0.46144,0.45412,0.44588,0.40101,0.38362,0.3827,0.38087,0.33143,0.31037,0.29481,0.26276,0.24171,0.21699,0.21699,0.1822,0.15198,0.15107,0.15839,0.16846,0.17121,0.19501,0.15473,0.12085,0.14008,0.14832,0.10712,0.12085,0.16297,0.2234,0.16572,0.141,0.084231,0.28474,0.19318,0.059511,0.062258,-0.014649,0.1474,0.13276,0.18769,0.76174,0.93387,2.4335,3.4498,3.9085,2.7705,2.7631,2.4281,2.1158,2.4088,2.7,2.5581,0.66836,0.53743,0.56764,0.54384,0.49074,0.41749
0.36714,0.36073,0.36439,0.33235,0.32044,0.34608,0.33235,0.3177,0.33052,0.33143,0.32044,0.28932,0.29664,0.29389,0.30671,0.30122,0.29664,0.28657,0.30671,0.28932,0.25544,0.23255,0.24445,0.22706,0.21882,0.22523,0.24262,0.23621,0.17762,0.17212,0.16938,0.14924,0.15839,0.11444,0.052187,0.018311,0.046693,0.17121,0.271,0.24537,0.20051,0.1886,0.19684,0.26368,0.24812,0.051271,-0.069582,0.30488,0.060427,-0.023804,-0.14374,0.24079,0.33509,1.4347,2.992,5.1619,2.8849,2.8098,1.4539,0.31037,2.2037,2.3502,2.4656,2.6514,2.5608,2.6038
2.6707,2.5526,2.4436,2.4345,2.2056,2.1763,2.1021,1.9959,1.6242,1.8989,1.6645,1.3926,1.5592,1.4173,1.4612,1.2845,1.1655,1.0593,0.99521,0.94485,0.89541,0.72787,0.6473,0.55574,0.49532,0.56032,0.58687,0.54567,0.49257,0.50539,0.48158,0.45686,0.48708,0.49898,0.58596,0.80111,1.0822,0.759,0.72695,0.66836,0.63173,0.6354,0.57863,0.51454,0.51363,0.46419,0.39552,0.43672,0.35798,0.30488,0.30488,0.33509,0.3827,0.44313,0.46144,0.45503,0.48708,0.52736,0.70681,0.82583,0.5594,0.56215,0.57955,0.57405,0.54384,0.50172
0.48158,0.4651,0.49348,0.53102,0.52461,0.50722,0.47884,0.49165,0.48616,0.4532,0.51363,0.52736,0.50081,0.45595,0.43214,0.48067,0.49165,0.45503,0.44313,0.40742,0.40193,0.42207,0.43397,0.4413,0.44313,0.40376,0.39552,0.42116,0.47243,0.48433,0.47151,0.43214,0.42299,0.4651,0.4651,0.41108,0.37812,0.42299,0.4651,0.4358,0.36073,0.36348,0.3534,0.31129,0.27558,0.24812,0.2353,0.13092,0.1529,0.31678,0.32502,0.27009,1.0181,2.1168,3.0287,3.7144,3.1486,3.187,1.6114,2.0866,0.81759,0.79012,0.74526,0.67934,0.60701,0.59786
0.57131,0.55849,0.57039,0.59603,0.61342,0.61617,0.65554,0.66927,0.6766,0.66012,0.64638,0.63906,0.6473,0.57588,0.49806,0.49806,0.49806,0.48524,0.46419,0.45137,0.44771,0.46785,0.46419,0.41932,0.39918,0.37721,0.33876,0.30305,0.28932,0.3122,0.31404,0.3058,0.37446,0.3827,0.33601,0.29298,0.38453,0.34059,0.23072,0.33418,0.48158,0.26276,0.14832,0.11536,0.13459,0.13733,0.18769,0.13092,0.052187,0.2591,0.61068,1.2763,1.5546,2.4509,3.7364,4.6748,0.83499,0.44038,1.7139,3.9982,0.4358,0.44771,0.46968,0.47517,0.46327,0.41932
0.41383,0.4413,0.43306,0.40651,0.38453,0.38545,0.42665,0.41017,0.38636,0.39094,0.41108,0.412,0.39644,0.38087,0.36256,0.39003,0.42116,0.40651,0.38911,0.39277,0.39827,0.38636,0.39186,0.36256,0.36439,0.36348,0.36439,0.34974,0.33143,0.34608,0.35798,0.29664,0.26917,0.27558,0.31587,0.30854,0.28108,0.25361,0.2646,0.31129,0.271,0.21149,0.19593,0.22431,0.20417,0.28199,0.18036,0.26917,0.28474,0.077822,0.25178,0.75808,1.0099,1.2497,1.55,3.2356,2.5562,2.9307,2.9023,0.31861,0.4944,0.47792,0.49165,0.49623,0.48616,0.49623
0.47975,0.47884,0.4651,0.4532,0.44862,0.4294,0.42207,0.41108,0.41017,0.43214,0.43031,0.44496,0.43123,0.41841,0.40376,0.35432,0.33692,0.33418,0.33418,0.3177,0.29298,0.30213,0.34974,0.39094,0.35524,0.2884,0.28016,0.29298,0.29939,0.29756,0.30671,0.30854,0.25819,0.28474,0.20417,0.1236,0.28932,0.32411,0.36805,0.32319,0.24262,0.23347,0.3122,0.64547,0.87344,1.4347,1.6846,3.1413,2.4189,2.1387,3.1285,0.61159,0.5942,0.59145,0.60518,0.62166,0.59603,0.58596,0.61068,0.62166,0.62899,0.62807,0.63906,0.64272,0.63631,0.63356
0.63265,0.62441,0.61251,0.59877,0.59786,0.56856,0.58779,0.60793,0.58687,0.58138,0.5942,0.5768,0.57772,0.55849,0.52736,0.52187,0.55391,0.52004,0.49806,0.51637,0.48891,0.40101,0.37355,0.43123,0.4413,0.42848,0.35981,0.3177,0.32228,0.3122,0.27833,0.26185,0.26185,0.17945,0.055849,0.26826,0.41566,0.30213,0.26185,0.40376,0.54018,0.64455,1.1014,1.1289,1.6352,2.0005,2.6963,2.2202,2.8501,0.26093,1.7277,0.79104,0.79562,0.7416,0.70772,0.65645,0.60976,0.59328,0.56764,0.57405,0.60335,0.618,0.64547,0.65462,0.63906,0.6473
0.64547,0.64089,0.60335,0.59603,0.57497,0.53743,0.5237,0.53743,0.53926,0.52461,0.48982,0.48158,0.47884,0.47975,0.47975,0.43306,0.36714,0.3058,0.25819,0.19684,0.17121,0.14374,0.18036,0.16205,0.15198,0.13276,0.088809,0.059511,0.021973,-0.06592,-0.084231,-0.1062,-0.09888,0.043031,-0.141,-0.18036,-0.10437,-0.025636,-0.058596,0.052187,0.029298,0.33326,0.67843,1.4054,1.2497,2.1122,2.9408,1.3147,-0.25636,-1.0556,-0.66469,0.75167,0.7654,0.7297,0.72146,0.7709,0.81668,0.80203,0.8414,0.83499,0.86612,0.85055,0.78921,0.74526,0.64547,0.59328
0.57405,0.55666,0.55574,0.54018,0.54567,0.60427,0.58321,0.5887,0.61525,0.61159,0.59328,0.59328,0.58138,0.53743,0.53102,0.50996,0.51088,0.51088,0.47884,0.4358,0.38453,0.41383,0.40651,0.35707,0.31861,0.27833,0.28199,0.30213,0.28199,0.20051,0.12452,0.046693,0.066836,0.063173,0.0027467,0.19593,0.22248,0.11078,0.28474,0.3058,0.36531,0.22523,0.35249,0.73061,0.90091,1.2149,1.3495,1.9153,3.4791,8.609,0.34425,0.88351,0.85879,0.87527,0.88443,0.86062,0.85696,0.82034,0.83956,0.84506,0.83407,0.82949,0.86612,0.89084,0.83682,0.83773
0.86154,0.85513,0.84597,0.85055,0.84506,0.84964,0.82125,0.80844,0.81027,0.82583,0.83041,0.81759,0.79745,0.8121,0.82583,0.82583,0.82034,0.79836,0.78921,0.79012,0.78921,0.77181,0.77822,0.78005,0.76998,0.71871,0.66744,0.66286,0.66195,0.66195,0.58229,0.37172,0.21149,0.20692,0.27192,0.23255,0.2353,0.24995,0.2884,0.41841,0.47426,0.54933,0.36622,0.10529,0.5182,1.3266,1.6773,1.4512,1.6224,2.7952,3.3226,0.92471,0.92196,0.89724,0.889,0.89267,0.89724,0.90365,0.87527,0.86337,0.88443,0.8826,0.88076,0.85971,0.87893,0.89541
0.8771,0.90182,0.92196,0.90274,0.88076,0.88992,0.91189,0.92837,0.89999,0.90365,0.92471,0.92837,0.91464,0.88809,0.88992,0.889,0.86428,0.87527,0.85879,0.87802,0.86886,0.82766,0.80203,0.7828,0.79012,0.78463,0.75259,0.77914,0.80844,0.8002,0.71688,0.68026,0.68484,0.7178,0.65004,0.49898,0.31861,0.21516,0.15564,0.09064,-0.069582,-0.050356,0.015564,0.32044,0.61983,0.71871,0.38545,0.33143,0.74435,3.1202,4.2738,0.90091,0.81576,0.79836,0.83865,0.88443,0.85879,0.86245,0.87985,0.88351,0.90823,0.89633,0.86978,0.88717,0.87802,0.89267
0.89541,0.90823,0.89724,0.89267,0.889,0.92013,0.89724,0.92196,0.94668,0.90274,0.8945,0.92013,0.92288,0.9238,0.89908,0.90091,0.92013,0.90182,0.90732,0.93478,0.94668,0.95218,0.94302,0.91372,0.92563,0.95035,0.90365,0.8771,0.85147,0.84323,0.85788,0.73885,0.477,0.39918,0.25636,0.28291,0.34059,0.13916,-0.13367,-0.30305,-0.16938,0.25178,0.48433,0.553,1.1765,1.7487,0.683,1.2314,3.6677,2.5938,3.9094,2.9115,1.6251,0.8826,1.1463,0.92746,0.93387,0.90365,0.95676,1.0163,0.98148,0.95309,0.965,0.89633,0.85238,0.85513
0.87802,0.88076,0.93478,0.98514,0.98972,0.95401,0.92837,0.97781,0.96225,0.94211,0.90457,0.92563,0.96683,0.9595,0.965,0.9476,0.93844,0.98056,0.96408,0.9064,0.91006,0.91556,0.86795,0.87619,0.84323,0.84964,0.87985,0.85421,0.77731,0.68117,0.66012,0.67476,0.59511,0.49806,0.40284,0.38636,0.43764,0.43672,0.40925,0.32502,0.27375,0.25819,0.24262,0.23713,0.14832,0.30488,0.4825,0.61159,0.63173,0.70772,0.79379,0.79836,0.9302,1.6233,2.2092,0.89724,0.8945,0.90548,0.86337,0.83316,0.85788,0.87527,0.8359,0.83132,0.8533,0.8826
0.85879,0.86154,0.9064,0.91922,0.9064,0.88717,0.9064,0.91098,0.86062,0.84414,0.92746,0.96957,0.91739,0.91556,0.95767,0.9302,0.92471,0.93936,0.96591,0.95126,0.91372,0.91556,0.8945,0.86795,0.87802,0.84597,0.81484,0.81851,0.92105,0.89541,0.87619,0.8533,0.8359,0.75625,0.64821,0.61251,0.5887,0.49532,0.40193,0.39552,0.42116,0.48708,0.477,0.26643,0.11078,0.09888,0.33235,0.33784,0.085147,0.17396,0.66561,1.1847,1.4777,1.7551,1.9071,0.95859,0.9183,0.91372,0.89816,0.88992,0.92563,0.91372,0.9183,0.94668,0.95035,0.92196
0.94302,0.95126,0.94394,0.92288,0.91281,0.91556,0.92654,0.9238,0.87069,0.89358,0.92654,0.87527,0.87893,0.87985,0.83865,0.88443,0.85879,0.824,0.83956,0.8002,0.78829,0.78555,0.7709,0.73977,0.7123,0.66927,0.66012,0.63173,0.57772,0.56856,0.52004,0.48524,0.36897,0.33143,0.4358,0.39644,0.24354,0.22797,0.13825,0.054933,0.063173,0.14008,0.27192,0.33509,0.30946,0.39003,0.28016,0.13367,0.27558,0.5649,1.6672,1.919,0.7654,1.3587,3.2548,0.9769,1.008,0.99246,0.97873,0.98148,1.0025,0.98239,0.95767,0.96774,0.96133,0.97781
0.99612,0.99338,0.98697,0.99063,0.97873,0.98422,0.99246,0.9888,0.98422,0.95218,0.93661,0.94852,0.90091,0.91464,0.93661,0.92563,0.89999,0.91006,0.94302,0.92563,0.90182,0.89267,0.89724,0.83682,0.81118,0.81301,0.80569,0.75991,0.70315,0.67202,0.67202,0.65004,0.64364,0.6473,0.66836,0.57497,0.41749,0.29389,0.20692,0.25452,0.29115,0.1886,0.18952,0.29481,0.29756,0.36164,0.35249,0.49532,1.1921,1.0959,0.48708,1.6626,3.1706,2.0719,2.4747,0.92196,0.94119,0.94028,0.95859,0.98972,0.95676,0.90457,0.92471,0.9238,0.91647,0.87161
0.86245,0.89724,0.9064,0.89816,0.8771,0.89541,0.89724,0.89084,0.85879,0.80752,0.81301,0.82492,0.82949,0.80844,0.72695,0.7178,0.76815,0.76907,0.7709,0.75991,0.76266,0.75808,0.74892,0.71139,0.68484,0.65004,0.6299,0.59969,0.56398,0.56764,0.59328,0.58229,0.55391,0.54109,0.51454,0.5063,0.44221,0.35066,0.28382,0.24995,0.27467,0.36073,0.092471,0.065004,0.21058,0.31678,0.33326,0.37355,0.49165,0.50996,0.61434,0.95859,1.9648,1.6919,1.5757,0.93295,0.96957,1.0254,1.019,0.98697,1.0108,0.99338,1.0071,1.0071,0.94211,1.0034
1.0538,1.0071,0.96774,1.0126,1.0529,1.019,1.0529,1.0511,1.0547,1.0547,1.0428,1.0419,1.0538,1.0446,1.0355,1.0318,1.0208,1.0419,1.0895,1.0263,0.9302,0.91922,0.93112,0.87252,0.81576,0.85147,0.89633,0.88992,0.85055,0.87619,0.84414,0.82034,0.72604,0.59694,0.49715,0.50813,0.42482,0.3882,0.40925,0.43214,0.477,0.78097,0.73794,0.58596,0.44679,0.47151,0.45045,0.22248,-0.091556,0.27192,-0.10712,-0.10804,1.6132,1.9611,2.7567,1.0309,1.0044,1.0382,0.99246,0.97415,0.95767,1.0163,1.0254,1.0227,1.0446,1.0428
1.0144,0.98972,1.0355,1.0034,0.94943,0.96133,0.99246,1.0099,1.0053,1.0181,1.008,1.0199,1.0117,0.99612,0.99612,0.99338,1.0309,0.99338,0.95126,0.95584,0.98239,0.96042,0.94943,0.93478,0.9064,0.85788,0.84872,0.83865,0.84231,0.81942,0.76266,0.76083,0.71596,0.67476,0.6299,0.55666,0.41841,0.31129,0.1941,0.14008,0.18128,0.025636,0.0412,0.054018,0.28108,0.54384,0.46144,0.35615,0.49257,1.2864,2.3228,0.96591,1.6068,2.5004,2.2861,0.96408,0.97964,1.0218,1.0465,1.0364,1.0016,1.0135,1.0245,1.0245,0.9769,0.93661
0.98514,0.99155,0.97507,0.99063,0.98148,0.95035,0.97049,0.99521,0.97415,0.95859,0.95035,0.95767,0.94119,0.92837,0.93204,0.93387,0.92654,0.91464,0.9064,0.90182,0.91922,0.91372,0.86154,0.85604,0.89084,0.86886,0.83865,0.82492,0.79379,0.73336,0.73702,0.7242,0.6885,0.61159,0.63173,0.66652,0.67293,0.61434,0.59053,0.55391,0.52004,0.50996,0.4358,0.40742,0.38453,0.41017,0.3827,0.36988,0.69216,0.17579,0.00091556,0.11811,1.2955,1.7771,1.9208,0.94485,0.94852,0.96408,0.96316,0.96225,0.91647,0.94852,0.98331,0.96133,1.0053,0.98788
0.96866,0.95676,0.97598,0.97781,0.965,0.96957,0.96133,0.98148,0.96683,0.99338,0.97964,0.97415,0.95492,0.965,0.94852,0.95767,0.94852,0.91006,0.96042,0.94028,0.85971,0.82583,0.74068,0.63631,0.62716,0.6885,0.71596,0.81027,1.0218,1.2076,0.99887,0.83682,0.81301,0.76174,0.77914,0.74801,0.57955,0.3882,0.27284,0.24262,0.28565,0.33326,0.39552,0.30488,0.15107,0.30488,0.15839,0.035707,-0.61983,-0.10529,0.62807,1.735,1.8146,2.5965,6.202,0.99521,0.91098,0.889,0.9302,0.99338,0.94943,0.85696,0.85879,0.91464,0.96957,0.9714
0.88351,0.88534,0.99887,1.0584,1.0227,0.9357,0.9064,0.93204,0.9064,0.88534,0.89175,0.91464,0.92746,0.92196,0.97873,1.0364,1.0071,1.0245,1.0218,0.95401,0.9357,0.95767,1.0254,1.0419,1.0392,1.0547,1.0236,0.99887,1.0227,1.0446,1.0108,0.94302,0.81851,0.68392,0.55025,0.49715,0.48982,0.51546,0.4706,0.42207,0.33052,0.24262,0.13916,0.10529,0.43123,0.14649,0.11078,-0.020142,-0.29847,-0.1474,0.27467,0.71413,3.1083,1.2754,1.5143,0.69033,0.70589,0.80935,0.95035,1.0913,1.0785,0.96957,0.93661,0.9595,0.99338,1.0053
0.97964,0.94577,0.93295,0.95492,0.96774,1.0135,1.0813,1.063,1.0126,1.0071,1.0327,1.0382,1.0034,1.0154,1.0474,1.0446,1.0382,1.0199,1.0382,1.0135,0.96866,0.96133,0.99887,0.98514,0.94119,0.93753,0.95584,0.91464,0.87252,0.87344,0.86337,0.81851,0.74068,0.6885,0.61068,0.5118,0.3882,0.2884,0.49806,0.6061,0.34974,0.16022,0.13092,0.15656,0.30488,-0.10071,-0.16114,0.064089,0.28657,0.40651,0.10987,0.29664,1.615,0.1236,3.1504,0.99521,0.98605,0.98422,0.96591,0.98239,0.94119,0.91006,0.87252,0.85696,0.8478,0.87161
0.90274,0.9357,0.94119,0.9595,1.0025,1.0263,0.99155,0.95767,0.92929,0.89816,0.86795,0.88534,0.91006,0.94394,0.96316,0.98788,1.0007,0.94668,0.94852,0.98056,0.95492,0.89816,0.87802,0.8945,0.8533,0.83956,0.80111,0.78097,0.71871,0.6354,0.56673,0.54659,0.51912,0.48616,0.48982,0.43397,0.37172,0.32594,0.34974,0.07416,-0.017396,-0.13092,0.015564,0.1236,0.1355,0.25544,0.41932,0.26093,0.22065,0.56673,1.41,1.6361,0.80203,0.89816,4.1227,1.1225,1.0401,1.0337,1.0712,1.0923,1.0968,1.0263,1.1014,1.117,1.0593,0.95218
1.0968,1.0758,0.95492,0.94852,1.0355,0.95218,0.95584,0.9888,0.95676,0.93387,0.99155,1.0291,0.98514,0.9595,0.92746,0.9302,0.94485,0.89816,0.86978,0.86062,0.9183,0.92746,0.90732,0.88626,0.87893,0.92929,0.91922,0.87161,0.79745,0.75533,0.73702,0.75808,0.7535,0.90365,0.53377,0.477,0.40376,0.36439,0.33052,0.36348,0.36805,0.38728,0.43489,0.3534,0.26551,0.32594,0.47334,0.3946,-0.16846,-0.092471,0.02472,-0.17304,1.8137,3.9726,2.4509,0.91464,0.89633,0.90915,0.94668,0.94211,0.91464,0.889,0.92563,0.9714,0.9595,0.9476
0.96042,0.965,0.95035,0.93387,0.92196,0.8945,0.97232,1.0327,0.9769,0.93112,0.90365,0.9238,0.93204,1.03,0.95859,0.92654,0.92013,0.9238,0.92837,0.889,0.85421,0.85147,0.81668,0.78188,0.759,0.80203,0.82583,0.82949,0.79745,0.76357,0.74892,0.77731,0.78738,0.71505,0.66469,0.60884,0.56124,0.48067,0.34425,0.17762,0.050356,-0.069582,-0.18311,-0.15748,-0.017396,0.097964,0.00824,0.14557,0.38728,0.95492,1.4054,1.4274,2.0957,3.2621,4.5796,3.8142,2.7375,2.9463,2.1937,0.74984,0.12635,0.93753,0.86154,0.37355,0.088809,0.2765
0.70132,0.44404,0.69948,1.6352,2.2083,2.2651,1.9785,1.7661,1.9218,2.3896,2.9536,2.7631,2.5452,2.1891,1.9245,1.7496,1.5784,1.951,1.2799,0.44954,0.89358,0.87436,0.86245,0.84048,0.824,0.82949,0.83956,0.83499,0.78463,0.74435,0.75259,0.77364,0.67751,0.58596,0.49623,0.47426,0.46968,0.45137,0.4294,0.44313,0.57863,0.6418,0.6061,0.50905,0.40559,0.48341,0.52644,0.58229,1.0446,1.6141,2.6395,5.7067,6.0949,1.0291,1.0456,1.095,1.1124,1.1179,1.1353,1.1032,1.0886,1.0776,1.0685,1.0904,1.0749,1.0657
1.0987,1.1582,1.1527,1.1261,1.0959,1.0712,1.0868,1.1069,1.1225,1.1325,1.127,1.1234,1.1023,1.0968,1.0968,1.095,1.1133,1.1216,1.1078,1.0923,1.0694,1.0382,0.99887,0.96957,0.9183,0.84231,0.79836,0.73794,0.68667,0.6592,0.73428,0.83499,0.81942,0.74068,0.66927,0.59969,0.49623,0.3122,0.12452,0.29664,0.3708,0.36714,0.36256,0.34059,0.79745,-0.21424,0.45595,0.9769,1.3129,2.2504,3.7602,6.18,6.4364,1.2946,1.269,1.2735,1.2827,1.2653,1.2873,1.2818,1.2598,1.2909,1.2571,1.2699,1.2635,1.258
1.2644,1.2497,1.2543,1.258,1.225,1.2561,1.2827,1.2754,1.2644,1.2415,1.2232,1.2314,1.2735,1.2973,1.2735,1.2268,1.2085,1.2268,1.2607,1.247,1.2305,1.2049,1.1179,1.0886,1.0822,1.1124,1.1252,1.0428,0.98239,0.92196,0.87527,0.83132,0.73519,0.66927,0.66927,0.65279,0.64913,0.62532,0.59694,0.62716,0.64089,0.5768,0.44679,0.28657,0.11444,0.21241,-0.036622,-0.083316,-0.57131,0.1355,2.7659,3.6961,7.9781,1.2928,1.2882,1.2644,1.2525,1.2598,1.2296,1.2479,1.2662,1.2561,1.2534,1.247,1.2296,1.2186
1.2506,1.2699,1.2662,1.2607,1.2461,1.2305,1.2397,1.2195,1.2333,1.2424,1.2772,1.269,1.2589,1.2497,1.2433,1.2378,1.2351,1.279,1.2983,1.2836,1.2433,1.236,1.2021,1.1994,1.1628,1.1527,1.1161,1.0547,1.0007,0.99704,0.99338,0.98239,1.0016,1.0016,0.90182,0.77364,0.75259,0.68758,0.69948,0.61708,0.53011,0.32777,0.3058,0.22797,-0.040284,-0.59786,-1.0794,-0.65554,0.70864,0.98514,2.4427,5.8184,8.923,1.3056,1.3184,1.333,1.3193,1.2964,1.2726,1.2845,1.3065,1.3349,1.3138,1.3056,1.3111,1.3047
1.2946,1.2891,1.2928,1.29,1.2928,1.2964,1.2992,1.3047,1.3138,1.2864,1.2854,1.279,1.2626,1.2662,1.2708,1.2598,1.2442,1.2479,1.2387,1.2397,1.2635,1.2827,1.2159,1.1728,1.1792,1.1728,1.1344,1.1261,1.1289,1.1252,1.1014,1.0584,0.97324,0.91647,0.90823,0.89633,0.83956,0.79104,0.68026,0.61708,0.50722,0.36164,0.27833,0.22431,0.13825,-0.19684,-0.1886,-0.2298,-0.44038,1.1664,1.8686,3.1852,7.5396,1.16,1.1756,1.1481,1.1628,1.1719,1.1911,1.2021,1.2113,1.2058,1.1866,1.1792,1.1682,1.1646
1.1985,1.2259,1.2049,1.1838,1.2076,1.2223,1.2058,1.2021,1.2296,1.2168,1.204,1.2085,1.2076,1.2012,1.1893,1.1609,1.1939,1.2021,1.1866,1.1765,1.1774,1.1792,1.16,1.1545,1.117,1.0959,1.1106,1.1509,1.128,1.0648,0.99155,0.92013,0.81576,0.74618,0.78463,0.86245,0.87619,0.76174,0.64913,0.57955,0.61892,0.18494,0.17853,-0.0027467,-0.37263,-0.61068,-0.42299,-0.038453,0.64455,2.1204,4.1319,7.1249,8.8983,1.1655,1.1637,1.139,1.1481,1.1673,1.1875,1.2259,1.2287,1.2314,1.2195,1.214,1.2003,1.1829
1.1682,1.1975,1.236,1.2314,1.2488,1.2754,1.29,1.2442,1.2598,1.3028,1.2754,1.2909,1.2918,1.3111,1.2854,1.2653,1.2671,1.2854,1.2094,1.1728,1.1509,1.1756,1.1344,1.1234,1.1261,1.0483,1.008,0.93753,0.89175,0.89908,0.965,0.96225,0.87985,0.8533,0.83682,0.82858,0.81851,0.76724,0.66286,0.56764,0.43672,0.25269,0.11536,-0.021973,-0.27192,-0.41383,-0.2646,-0.22523,-0.2298,1.7331,3.2731,6.1196,7.0498,1.2204,1.203,1.2049,1.1911,1.1948,1.1765,1.1902,1.1563,1.1737,1.2122,1.2314,1.2323,1.2342
1.2268,1.2223,1.2159,1.2113,1.1994,1.2305,1.2204,1.225,1.2333,1.2589,1.2662,1.2772,1.2616,1.2543,1.2534,1.2671,1.258,1.2754,1.2809,1.3367,1.2909,1.2708,1.2781,1.2726,1.2406,1.1985,1.1728,1.1307,1.1188,1.1097,1.1014,1.1252,1.0904,1.0739,1.0181,0.90915,0.81301,0.65279,0.61617,0.69948,0.73153,0.62258,0.5063,0.2234,0.027467,-0.16114,-0.46144,-0.5768,-0.70681,0.10071,2.0637,3.5505,6.7046,1.3276,1.2964,1.2644,1.2964,1.3065,1.2607,1.1563,1.0996,1.128,1.1994,1.2671,1.2635,1.2534
1.2268,1.1792,1.1527,1.1655,1.1966,1.1975,1.1747,1.2268,1.2323,1.2342,1.2488,1.2268,1.2085,1.2021,1.1884,1.2159,1.204,1.1966,1.1975,1.2314,1.2214,1.1994,1.1124,1.0089,1.0501,1.0639,1.0337,1.0117,1.0071,0.99887,1.0126,1.0254,1.0062,0.91739,0.81576,0.8066,0.8121,0.74435,0.69124,0.61068,0.53835,0.3827,0.2646,0.11628,0.042116,-0.35157,-0.3415,-0.6418,-0.8414,-0.39003,2.8758,3.8984,12.771,1.03,1.052,1.0437,1.0501,1.0318,1.0263,1.0144,1.0163,1.0364,0.99979,0.99887,0.97873,0.99155
1.0181,0.97781,0.9238,0.91098,0.89724,0.89541,0.83773,0.81759,0.89084,0.96866,0.94943,0.85788,0.72787,0.61251,0.51912,0.4651,0.4358,0.69399,0.84597,0.67476,0.36164,-0.010987,-0.32868,-0.5942,-0.62532,-0.7297,-0.89999,-1.128,-1.3651,-1.637,-1.8714,-3.0955,-2.2541,2.5883,-2.093,-2.2962,-1.7212,-1.1078,0.28474,-0.88717,0.17029,0.35157,0.39277,0.15198,-0.17121,-0.23072,-0.44679,-0.4413,-0.27375,-0.063173,0.34516,0.43672,-0.44038,1.2186,1.1618,1.0904,1.1014,1.1756,1.3028,1.4264,1.3926,1.3321,1.2699,1.2232,1.2406,1.2671
1.3019,1.3028,1.2735,1.2479,1.2506,1.2873,1.2799,1.2992,1.3367,1.2799,1.2772,1.2946,1.2561,1.1856,1.1701,1.1948,1.2497,1.2992,1.3111,1.3074,1.2891,1.2653,1.2159,1.1939,1.1939,1.1618,1.1408,1.095,1.0739,1.062,1.0181,0.97873,0.93661,0.83132,0.78005,0.81027,0.72237,0.62075,0.51088,0.33784,0.39918,0.4001,0.32777,0.16938,-0.13459,-0.31404,-0.84323,-1.1628,-1.0465,-1.6434,-1.7597,-2.103,-2.6862,1.4502,1.4301,1.4127,1.4274,1.4649,1.4878,1.5198,1.5171,1.5088,1.5098,1.4731,1.4411,1.4301
1.3926,1.3532,1.3532,1.3541,1.3129,1.3459,1.3303,1.2506,1.247,1.2506,1.2397,1.2534,1.2864,1.3092,1.3211,1.3074,1.2937,1.2873,1.2845,1.3001,1.3157,1.3312,1.3605,1.2928,1.203,1.1939,1.3147,1.3385,1.2653,1.1966,1.214,1.1939,1.0263,0.8826,0.82583,0.86245,0.82034,0.68392,0.49348,0.27467,0.078738,-0.10987,-0.24354,-0.29298,-0.25086,-0.59145,-0.73611,-1.127,-1.3504,-1.2461,-0.95676,-2.5526,-2.2394,0.9769,1.0099,1.1234,1.2488,1.334,1.4859,1.5189,1.442,1.2616,1.1325,1.1426,1.2635,1.3395
1.3871,1.4136,1.388,1.334,1.2845,1.2635,1.279,1.2461,1.2809,1.3038,1.2918,1.3569,1.377,1.3486,1.2882,1.2333,1.2369,1.269,1.2745,1.269,1.2378,1.2049,1.2104,1.1783,1.149,1.1289,1.1078,1.1023,1.041,0.96408,0.89267,0.92563,0.91098,0.81301,0.759,0.68667,0.56215,0.4358,0.28199,0.10804,-0.43306,-0.24445,-0.32228,-0.35798,-0.48708,-0.77181,-0.84872,-1.0877,-1.0575,-0.98056,-3.1367,-2.8886,1.3248,1.1399,1.0337,1.0529,1.1426,1.2918,1.3788,1.3578,1.3404,1.3211,1.2864,1.2488,1.2616,1.2488
1.2122,1.1692,1.1692,1.1765,1.149,1.1582,1.2415,1.2534,1.2223,1.1856,1.1472,1.1225,1.1289,1.1902,1.2488,1.2516,1.2223,1.1893,1.1847,1.1618,1.1133,1.117,1.1939,1.2424,1.2076,1.1875,1.1582,1.1133,1.0492,1.0034,0.93204,0.91281,0.92288,0.93844,0.84506,0.76266,0.58138,0.51729,0.5237,0.41658,0.25269,0.14557,-0.28199,-0.5768,-0.75076,-1.1838,-0.93295,-0.70132,-0.80111,-1.4548,-2.4152,-2.5443,1.4539,1.4438,1.3926,1.3587,1.3184,1.2653,1.2973,1.355,1.3569,1.3477,1.3953,1.355,1.3294,1.3157
1.3239,1.3321,1.3742,1.3504,1.3221,1.3285,1.3697,1.3761,1.3422,1.3083,1.2946,1.2827,1.3166,1.3239,1.3202,1.3019,1.2763,1.2433,1.3321,1.3688,1.3459,1.3047,1.2735,1.2369,1.1975,1.1646,1.1701,1.1737,1.1353,1.0428,0.98239,0.93204,0.91006,0.88351,0.83224,0.76907,0.64547,0.58687,0.56215,0.51454,0.43306,0.26276,-0.015564,-0.36164,-0.51271,-0.3177,-0.79196,-0.71505,-0.78463,-0.68392,-0.71139,-1.8586,1.2442,1.2351,1.2259,1.2195,1.1802,1.2012,1.2113,1.2223,1.2131,1.171,1.1243,1.0895,1.0794,1.0721
1.0868,1.1234,1.1499,1.1509,1.1472,1.1554,1.1582,1.1225,1.0987,1.1563,1.16,1.1591,1.16,1.1353,1.1307,1.1426,1.1737,1.2012,1.2333,1.2589,1.2717,1.2854,1.2745,1.2333,1.204,1.1765,1.1316,1.0675,1.063,1.0547,0.66927,0.89084,1.0126,0.89358,0.83407,0.71596,0.68941,0.66469,0.49532,0.32594,0.13825,-0.0091556,-0.19318,-0.36439,-0.6061,-0.93936,-0.99979,-0.91281,-0.72604,-1.4686,-1.5766,-2.9106,1.3532,1.4109,1.5006,1.5546,1.4667,1.3413,1.2497,1.2333,1.2891,1.3111,1.3587,1.3651,1.3413,1.3303
1.333,1.3321,1.3376,1.3559,1.3504,1.3486,1.3495,1.3541,1.3587,1.3862,1.3678,1.409,1.3862,1.3587,1.3468,1.3422,1.334,1.3129,1.2983,1.3047,1.3248,1.3266,1.3221,1.3376,1.3596,1.3623,1.3211,1.2781,1.247,1.1948,1.1051,1.0007,0.88992,0.86886,0.83682,0.74892,0.64089,0.59511,0.65828,0.50813,0.3122,0.1355,-0.042116,-0.24628,-0.35707,-0.6592,-0.99338,-1.1426,-0.78829,-1.1069,-0.92929,-2.2541,1.2159,1.1701,1.0785,0.96591,0.92105,0.87619,0.84414,0.88717,0.94302,1.0694,1.225,1.1325,1.42,1.3962
1.2708,1.1179,1.019,0.98605,1.0227,1.1124,1.2076,1.2955,1.3312,1.3477,1.2992,1.2296,1.1719,1.1866,1.2094,1.2635,1.2717,1.2589,1.2607,1.2241,1.2232,1.2342,1.2745,1.2626,1.2351,1.1948,1.1783,1.1362,1.1051,1.0566,0.99155,0.92471,0.82766,0.66103,0.62166,0.57039,0.58412,0.55025,0.50539,0.4294,0.21516,-0.067751,-0.17853,-0.22523,-0.36897,-0.49348,-0.86337,-0.9357,-1.1289,-1.822,-2.9307,-6.4492,0.86978,1.019,1.0739,1.128,0.8359,1.5482,1.2488,0.87527,0.86337,1.0501,1.3083,1.5537,1.4942,1.2928
1.0913,0.91556,0.81393,0.81851,0.91098,0.95401,1.0501,1.0117,0.73244,0.5649,0.55025,0.90091,1.7341,2.1827,1.616,1.2946,0.85971,0.34333,0.57772,0.78829,0.73702,0.92929,1.2232,1.4841,2.1873,1.6251,1.3788,0.77914,0.79836,0.94668,1.0181,1.0996,1.3825,1.5052,1.5281,1.5418,1.551,1.5079,1.5464,1.5574,1.4896,1.507,0.79653,0.7709,0.64089,0.46693,0.1236,0.38087,1.2397,2.3438,2.7522,3.8316,1.2983,1.3871,1.4008,1.3312,1.1856,1.1289,1.1307,1.1298,1.2113,1.2506,1.2598,1.2314,1.2305,1.2589
1.2818,1.3129,1.3569,1.3129,1.2772,1.2516,1.2488,1.2378,1.2342,1.2452,1.269,1.2735,1.2589,1.2827,1.2351,1.1911,1.2424,1.3047,1.3056,1.2543,1.2378,1.2149,1.1884,1.139,1.117,1.0886,1.0968,1.0923,1.0419,0.97415,0.93753,0.86337,0.71596,0.57222,0.53743,0.53377,0.52004,0.52095,0.60152,0.65004,0.49165,0.21058,-0.1117,-0.38545,-0.78555,-0.99521,-1.0657,-0.98972,-1.2671,-1.6471,-3.2997,1.8796,-0.67568,-0.62532,-0.53285,-0.44496,-0.32319,-0.27924,-0.17945,-0.15198,-0.22797,-0.28932,-0.30854,-0.37538,-0.37629,-0.38362
-0.38087,-0.35798,-0.39827,-0.33784,-0.27741,-0.21607,-0.19227,-0.14191,-0.048524,0.032044,0.033876,-0.071413,-0.075076,-0.086978,-0.054933,0.12452,0.037538,0.00824,0.17853,0.13276,0.023804,0.07416,0.13092,0.052187,1.3633,0.98972,0.77822,0.58687,0.57497,0.83682,1.0904,0.96866,0.89175,0.86428,0.9238,0.93204,0.88076,0.81118,0.79012,0.84231,0.82034,0.60793,0.45228,0.37263,0.63906,0.28291,0.073244,0.11536,0.60335,0.61342,1.8778,3.7355,0.54933,1.3047,1.3431,1.095,0.93387,0.50813,0.40101,0.31404,0.71322,0.82766,-0.086062,0.17762,-0.054933,0.16022
0.85513,0.75167,0.98148,2.179,1.2653,1.019,0.68484,0.30671,0.44954,0.78097,0.81576,0.66836,0.98605,0.9595,1.4557,0.99521,0.84414,0.68758,0.87161,1.1911,1.3303,1.3074,1.2442,1.062,0.96957,0.97781,1.0227,1.117,1.2772,1.5336,1.4493,1.3321,1.3431,1.2168,1.1399,1.1399,1.1719,1.1408,1.149,1.2671,1.3138,1.3459,1.312,0.93753,0.66469,0.53102,0.23896,0.68117,1.5766,3.4526,3.8453,3.2099,0.99246,1.0346,1.0666,1.1078,1.128,1.0685,1.0117,0.93753,0.87436,0.7654,0.9064,1.0703,1.2085,1.2003
1.0437,0.90732,0.87619,0.85788,0.86612,0.93478,1.0373,1.0767,1.0144,0.93295,0.91464,0.93478,0.9476,0.99155,1.0144,0.99979,0.95401,0.93936,0.9238,0.87985,0.89724,0.91739,0.91006,0.92013,0.91281,0.87252,0.8359,0.84689,0.86337,0.81851,0.75716,0.74252,0.71322,0.72695,0.70864,0.68484,0.6418,0.54842,0.48433,0.36988,0.19868,0.09888,0.10346,0.071413,0.12818,-0.099796,-0.0045778,0.4706,0.59236,0.96408,3.621,1.1097,1.128,1.0868,1.0199,0.92288,0.8771,0.85788,0.9302,1.0419,1.128,1.0776,1.0108,0.91556,0.86337,0.86245
0.85696,0.90274,0.96866,1.0108,1.0144,0.99155,0.99612,0.95767,0.90365,0.88351,0.89908,0.93936,0.95584,0.9595,0.94668,0.94394,0.95035,0.92837,0.9302,0.93387,0.91464,0.95126,0.98422,0.92746,0.93295,0.97232,1.0218,1.0282,0.99704,0.89084,0.78463,0.68941,0.70864,0.7416,0.88168,0.91922,0.88168,0.74252,0.51637,0.24445,0.038453,-0.20417,-0.22248,-0.39369,-0.44221,-0.29572,-0.94852,0.32777,0.81027,4.4633,3.8197,1.0337,1.1692,1.2516,1.2928,1.2928,1.2452,1.1591,1.0794,1.0941,1.1673,1.2351,1.2589,1.2214,1.1563,1.0804
1.0932,1.1151,1.1371,1.2177,1.2177,1.1966,1.2561,1.2488,1.2204,1.1756,1.1545,1.1591,1.1563,1.1646,1.1875,1.1737,1.1747,1.1655,1.1435,1.149,1.1243,1.1051,1.0529,1.0575,1.0657,1.1106,1.1316,1.0694,1.0868,1.0978,1.0703,1.0382,0.94943,0.82583,0.72878,0.6418,0.53652,0.50905,0.39003,0.19868,0.13092,0.059511,-0.14374,-0.22889,-0.18586,0.011902,0.27741,0.55391,1.7002,3.3985,1.6727,1.3092,1.2726,1.247,1.2296,1.2232,1.2452,1.2525,1.2946,1.3239,1.3367,1.3477,1.3276,1.2845,1.2552,1.2323
1.2452,1.2534,1.2799,1.2571,1.258,1.2735,1.1545,1.2589,1.1737,1.1847,1.182,1.2131,1.2195,1.2094,1.1536,1.1344,1.1353,1.1454,1.2168,1.1948,1.1536,1.1316,1.1234,1.0703,0.96042,0.97507,0.95218,1.0227,1.03,1.0199,0.96042,0.95309,0.88443,0.79653,0.68758,0.58962,0.42665,0.3415,0.18769,0.14008,0.15656,0.066836,-0.0027467,0.085147,0.20325,0.38362,0.29664,0.93661,1.6599,3.4938,3.3592,1.1023,1.095,1.0767,1.1133,1.1399,1.1353,1.1133,1.0758,1.0703,1.0685,1.0611,1.0465,1.0941,1.117,1.106
1.1335,1.1335,1.127,1.0968,1.0886,1.0556,1.0666,1.0987,1.0446,1.0666,1.0831,1.0858,1.0483,1.0291,1.0419,1.0154,1.0199,1.0511,1.0428,1.0428,1.0254,0.9888,0.9476,0.98605,0.98788,1.0263,1.073,1.0685,1.0254,1.0392,1.0703,0.93753,0.85238,0.74984,0.60884,0.39735,0.33601,0.16938,0.17121,0.17762,0.14283,0.12085,0.10529,0.12635,0.14557,0.36073,1.1609,1.4447,2.027,2.7952,5.6929,1.0584,1.1792,1.3422,1.3779,1.3678,1.2708,1.1609,1.1014,1.1106,1.1142,1.0895,1.1316,1.1838,1.2369,1.2397
1.2827,1.2497,1.1847,1.106,1.1042,1.1325,1.1463,1.1783,1.203,1.1921,1.1545,1.1563,1.1582,1.1582,1.1261,1.0959,1.1344,1.1975,1.1161,1.1005,1.106,1.1042,1.0584,1.0337,0.98514,0.98605,1.0245,1.0465,1.0694,1.0932,1.128,1.1225,1.0584,0.98972,0.9064,0.80477,0.59969,0.30854,0.32044,-0.15748,0.09888,-0.063173,-0.19501,-0.22889,0.0036622,0.014649,0.33052,0.93295,2.3246,5.1051,2.7961,1.203,1.1499,1.2003,1.1554,1.117,1.1509,1.1637,1.1701,1.1847,1.1591,1.1728,1.1994,1.2058,1.2003,1.1673
1.1344,1.127,1.1197,1.1097,1.1417,1.2397,1.2259,1.2287,1.1637,1.0968,1.0263,1.0685,1.0126,1.0373,1.1051,1.1115,1.0822,1.0337,1.041,1.008,0.99979,0.98605,0.97781,0.97964,0.99612,1.0327,1.03,1.0602,1.0703,1.0154,0.96133,0.93478,0.86978,0.77639,0.69948,0.61892,0.52095,0.41841,0.28474,0.21607,0.27741,0.2646,0.20966,0.16022,0.22156,0.34791,0.44954,0.66744,0.49532,1.6297,3.4809,1.3843,1.3761,1.3358,1.2854,1.3056,1.2387,1.2104,1.1975,1.2397,1.2378,1.2918,1.3074,1.312,1.2873,1.258
1.225,1.2058,1.1591,1.2067,1.2241,1.1673,1.1609,1.1509,1.1252,1.1509,1.1737,1.1866,1.2094,1.1875,1.1499,1.1298,1.1225,1.1426,1.1161,1.0575,1.0639,1.0813,1.0657,1.0657,1.0602,1.0089,0.95126,0.95309,0.90457,0.8121,0.78005,0.74709,0.72054,0.67568,0.63173,0.55849,0.553,0.48799,0.49257,0.48616,0.46693,0.50264,0.34059,0.2884,0.33326,0.56398,0.048524,0.86612,2.3402,4.2363,3.8096,1.312,1.3184,1.3147,1.2607,1.1838,1.1298,1.1151,1.1563,1.2323,1.2626,1.2708,1.2598,1.2168,1.1893,1.1353
1.0868,1.1307,1.1518,1.1875,1.2314,1.214,1.1637,1.1243,1.1115,1.0739,1.0584,1.0492,1.0639,1.0685,1.041,1.0556,1.0263,1.0117,1.0346,1.062,1.0675,1.0483,1.0327,0.95035,0.9357,0.86612,0.88351,0.92471,0.94852,0.95035,0.89816,0.8066,0.71413,0.59511,0.44221,0.33235,0.3708,0.52278,0.57955,0.44588,0.3177,0.26185,0.14649,-0.033876,-0.039369,-0.21332,0.66836,1.2296,2.1442,2.4308,5.5071,1.106,1.2607,1.3321,1.3614,1.3587,1.3028,1.1966,1.1042,1.0749,1.1042,1.1765,1.2131,1.2415,1.2323,1.2122
1.2177,1.1518,1.1325,1.1509,1.0886,1.1307,1.203,1.2296,1.2287,1.2122,1.1655,1.084,1.0199,1.0016,1.0575,1.1042,1.1911,1.2351,1.1893,1.0556,0.9595,0.91922,0.8771,0.97049,0.91464,0.86428,0.93661,0.87985,0.88534,0.86062,0.82949,0.77822,0.70864,0.65645,0.6354,0.55116,0.4706,0.28932,0.15748,0.054018,0.037538,-0.050356,-0.12268,-0.038453,0.11902,0.52553,0.77273,0.965,3.2832,3.0177,5.7341,4.9211,5.8586,0.40559,-2.3109,0.088809,1.3459,1.9648,-0.25727,-0.48616,-0.206,-0.43672,-0.12909,1.5427,0.47609,-0.58504
