-16.48,-15.625,-16.114,-16.48,-14.771,-14.893,-17.457,-18.921,-13.672,-11.719,-10.498,-13.916,-18.067,-19.166,-19.898,-17.823,-13.672,-7.0803,-6.1037,-4.3947,1.2207,-0.24415,-3.1739,5.9816,15.748,30.152,28.443,20.631,41.017,52.736,37.721,5.7375,-43.58,-115.97,-151.49,-87.039,51.881,44.069,79.714,124.15,73.977,-33.326,-86.795,-46.266,23.194,-10.01,-3.5401,0.36622,3.7843,12.329,20.02,22.95,12.94,8.6673,9.6438,5.005,7.6907,12.207,14.771,10.132,10.132,3.1739,-5.4933,-23.804,-33.326,-23.316
-12.696,-13.672,-15.137,-15.87,-15.259,-13.428,-14.527,-17.212,-16.236,-16.48,-19.044,-24.781,-25.513,-25.513,-26.246,-26.368,-24.415,-18.189,-9.2776,-3.5401,1.8311,5.005,3.296,2.0753,9.5218,15.87,21.363,11.963,-11.597,29.542,200.2,181.16,-251.84,-183.6,-31.861,46.999,2.4415,-48.097,75.686,266.61,177.37,-35.768,-137.21,-144.41,-129.03,-102.42,-62.502,-20.386,10.62,-58.84,67.385,-56.398,-46.388,-20.508,-15.259,-38.331,-31.251,-5.2492,18.677,7.9348,6.1037,-6.8361,-9.6438,16.48,29.786,-0.85452
-18.799,-19.654,-18.311,-18.555,-18.799,-18.921,-17.823,-17.823,-19.654,-23.072,-23.316,-20.875,-25.391,-24.903,-22.706,-21.363,-23.56,-26.856,-23.072,-10.987,-4.0284,-6.592,-10.01,-5.6154,-4.5167,-0.97659,-3.6622,-11.475,-8.0569,6.3478,13.672,78.005,285.65,205.08,-282.24,-168.71,-58.473,-44.679,-200.2,7.0803,294.81,337.05,259.41,35.157,-148.56,-153.94,-172.12,-204.84,-117.19,0.12207,12.818,28.199,71.413,114.75,119.63,57.741,-5.6154,-38.82,-60.305,-69.46,-73.366,-72.146,-26.49,41.627,63.845,20.875
-25.513,-26.368,-26.124,-24.049,-22.706,-23.682,-25.391,-22.095,-17.09,-11.597,-8.9114,-7.9348,-5.1271,-2.3194,-0.85452,2.5636,4.0284,4.3947,8.6673,11.231,10.865,22.95,38.942,40.895,30.885,37.355,77.883,146.12,300.55,406.63,-33.815,-232.18,-129.52,-45.778,-53.102,-132.45,-70.193,101.69,243.9,248.42,102.79,-32.716,-54.811,-35.524,-30.03,-39.43,-40.284,8.4231,48.952,90.579,134.28,-19.166,-74.343,-94.607,-66.897,-37.111,-35.524,-17.335,11.231,41.261,55.3,18.555,-3.7843,-15.503,-19.166,-1.3428
-31.251,-35.279,-37.233,-37.355,-40.162,-42.238,-41.139,-39.064,-38.82,-41.383,-44.191,-43.458,-40.895,-39.552,-35.768,-29.054,-29.786,-30.641,-26.612,-24.659,-25.636,-28.932,-25.269,-17.09,-5.005,3.1739,-2.5636,-30.274,-27.711,26.734,137.7,-19.776,-179.08,-217.05,-169.07,-18.555,14.161,-35.646,-30.885,56.276,197.03,223.64,140.63,12.94,-44.191,-13.062,25.513,41.261,-77.395,-29.42,-36.5,-65.554,-79.47,-41.993,11.841,32.472,24.659,15.748,10.254,-9.1556,-24.171,-32.716,-36.744,-31.251,-48.708,-60.183
-24.293,-24.659,-24.049,-24.659,-23.316,-21.119,-21.973,-25.269,-24.537,-20.386,-18.311,-19.654,-20.631,-21.363,-16.48,-15.992,-19.654,-17.823,-15.381,-17.335,-22.584,-29.786,-39.796,-42.116,-46.51,-44.435,-42.604,-42.36,-4.3947,94.485,183.84,208.01,87.161,-71.169,-134.28,-52.126,13.428,27.345,20.997,21.363,96.072,162.36,156.74,82.644,0.36622,-26.978,-23.194,-21.485,-53.102,-81.545,-0.24415,4.883,-23.194,-29.786,0.97659,33.937,36.378,31.495,9.5218,0.73244,-6.4699,-16.48,-22.462,-13.672,2.5636,8.7893
-22.34,-19.166,-20.997,-25.391,-25.391,-24.415,-24.415,-25.758,-28.321,-27.467,-27.955,-26.124,-23.438,-21.851,-19.166,-19.41,-19.776,-19.166,-20.264,-17.457,-10.01,-7.0803,-6.4699,-4.3947,2.5636,11.475,13.794,-7.3244,-84.231,-139.29,-118.41,59.328,92.532,-291.88,-165.53,40.651,42.36,-59.816,-26.246,150.76,342.78,361.22,246.83,118.66,65.188,43.214,11.475,-20.142,-54.933,-82.522,-51.271,-16.358,-45.289,-53.346,-43.58,-9.2776,-8.9114,-11.719,-10.254,-7.5686,-2.9298,5.2492,19.288,10.865,-7.9348,-42.97
-17.579,-19.044,-19.654,-19.044,-20.997,-23.804,-23.56,-28.687,-37.233,-43.092,-44.435,-44.923,-46.51,-37.233,-25.391,-21.851,-17.823,-10.254,-3.6622,-0.61037,3.296,12.818,24.781,31.251,28.932,25.636,31.983,30.641,-33.692,-67.141,50.417,38.331,40.04,-47.121,-189.46,-93.02,-66.286,93.875,98.758,98.514,117.07,92.166,11.353,-57.497,-130.25,-118.29,-39.308,45.656,-9.2776,-27.1,-13.062,0.61037,12.818,32.35,48.585,48.708,41.017,20.02,-2.5636,-25.758,-43.58,-51.637,-52.004,-44.923,-25.269,-2.1973
-13.672,-15.87,-15.748,-16.48,-18.677,-20.142,-20.997,-22.706,-22.462,-21.729,-21.729,-19.41,-16.846,-16.846,-16.968,-17.579,-17.09,-20.997,-23.316,-23.194,-18.311,-15.015,-13.55,-12.329,-7.5686,-19.166,-46.388,-63.234,-77.029,-52.736,-7.0803,-127.81,-145.27,-161.75,-202.15,-66.53,84.597,241.1,129.76,-2.1973,110.11,110.11,-46.388,-35.035,-27.711,37.721,60.06,23.438,-23.194,-40.651,-21.485,-17.579,6.3478,26.246,39.186,28.199,-9.6438,-36.622,-72.146,-86.673,-58.596,-31.617,-17.823,17.701,42.726,44.191
-4.2726,-4.7609,-3.296,-3.7843,-6.1037,-8.7893,-7.6907,-4.1505,-2.9298,-3.6622,-5.2492,-5.7375,-5.4933,-5.8596,-5.8596,-7.8127,-9.5218,-10.498,-13.184,-14.649,-15.992,-20.264,-27.223,-38.575,-34.669,-28.932,-29.42,-27.1,-25.269,-42.848,-63.112,-57.619,-80.569,-187.14,-218.27,-151.13,-48.097,245.37,112.92,-239.39,3.6622,11.475,4.0284,-3.296,25.513,26.856,11.719,9.1556,0.97659,0.36622,-13.306,-24.659,-29.664,-23.316,15.503,17.212,12.452,-3.4181,-10.743,-29.908,-49.684,-52.614,-32.105,-20.264,-17.212,-42.36
-18.555,-22.217,-31.007,-31.007,-21.241,-19.288,-19.898,-15.87,-10.132,-8.5452,-10.376,-13.428,-12.329,-9.3997,-8.301,-11.597,-19.044,-22.095,-25.513,-32.838,-33.57,-32.35,-40.407,-46.999,-33.57,-21.363,-20.264,-28.077,-78.982,-146.12,-39.064,-55.177,-10.254,-44.313,-93.387,-60.305,161.38,291.88,13.062,-73.244,56.276,92.044,-13.55,-48.219,-68.972,-30.152,26.612,37.111,-5.3713,-17.579,-6.1037,18.067,27.467,26.978,44.313,35.035,12.94,-11.353,-34.547,-40.895,-52.37,-36.134,-34.181,-37.355,-22.217,-10.254
-12.696,-14.039,-19.898,-25.758,-32.716,-39.552,-40.284,-41.017,-40.284,-41.139,-42.116,-41.505,-33.448,-34.547,-33.204,-33.448,-29.664,-27.1,-18.921,-11.597,-1.4649,9.1556,13.672,19.41,44.435,84.841,107.79,93.753,71.291,28.932,-71.169,-78.372,-82.644,-97.659,-114.87,2.3194,86.184,114.38,2.4415,57.131,12.696,3.4181,-21.973,-5.1271,-3.7843,1.4649,26.49,19.166,14.039,18.921,-10.987,-31.495,-0.24415,-27.833,-1.3428,12.818,-30.152,-38.331,-26.612,-26.49,-41.261,-26.612,-35.401,-30.03,-14.405,-14.771
-0.61037,-0.4883,0.85452,0.97659,0.97659,2.5636,2.8077,4.883,2.8077,3.0519,0,1.4649,7.8127,9.1556,4.3947,1.2207,1.587,4.1505,3.0519,2.8077,9.7659,14.405,10.254,12.207,21.119,20.386,5.4933,-2.5636,37.721,57.741,-6.9582,-50.539,28.077,118.41,260.38,181.04,121.83,27.955,-77.151,-94.852,-49.928,-65.798,-38.331,22.828,3.4181,-64.943,-84.109,-60.427,-17.457,-13.062,2.9298,34.669,33.57,20.631,16.724,16.236,8.5452,6.592,3.7843,-2.4415,-1.2207,2.4415,-8.4231,-19.654,-20.753,-21.851
-8.0569,-7.6907,-7.9348,-7.9348,-7.3244,-7.8127,-4.6388,-3.9064,-5.005,-3.0519,-3.6622,-6.3478,-0.12207,3.1739,0.61037,4.1505,6.8361,7.3244,8.301,8.4231,9.0335,8.5452,8.0569,9.7659,33.326,60.427,55.544,29.176,23.56,63.356,92.532,106.69,128.18,1.2207,36.622,27.711,80.813,97.903,63.845,20.508,-16.968,4.3947,6.592,-14.283,8.5452,1.4649,-24.171,-32.594,-18.921,-19.166,-15.87,-2.9298,-8.179,-20.875,-15.625,-1.0987,1.2207,-13.794,-29.542,-40.407,-51.515,-39.674,-21.119,-15.259,-7.5686,0.36622
-2.5636,4.1505,1.8311,-5.7375,-8.4231,-9.5218,-13.306,-16.968,-11.353,-9.888,-7.3244,-0.61037,1.4649,4.5167,12.574,16.846,11.109,-4.7609,-17.09,-13.428,-5.7375,-1.587,-2.8077,-2.4415,-6.9582,-11.963,-15.748,-21.485,-23.316,-21.363,14.039,78.616,64.211,-36.134,-98.758,-86.917,-59.206,-12.207,33.57,45.778,46.144,40.773,27.711,13.428,0.36622,0.85452,1.587,1.709,-2.0753,-8.4231,-8.179,-13.794,-18.433,-17.457,-18.189,-24.659,-27.711,-25.758,-20.508,-5.6154,10.01,18.189,25.391,30.152,30.641,20.631
-17.457,-13.672,-9.1556,-5.9816,-2.5636,-0.4883,1.2207,2.4415,0.4883,0.24415,2.1973,5.005,0.61037,-4.3947,-9.2776,-13.55,-17.09,-11.963,-3.9064,-1.3428,1.2207,1.3428,0.73244,-0.73244,15.748,1.2207,17.945,28.443,34.791,27.1,21.851,37.477,11.231,-82.888,-140.63,97.903,213.02,-31.617,-35.524,-47.853,-76.54,-63.601,-2.8077,55.788,-26.368,-78.494,-82.644,-87.283,-55.422,11.109,50.905,46.388,44.923,35.157,25.147,21.485,19.41,15.259,-0.12207,-4.0284,11.109,14.161,1.9532,-14.161,-19.776,-19.044
0.12207,-0.24415,-0.85452,-1.8311,0.4883,2.5636,3.9064,3.6622,7.0803,12.94,6.8361,4.5167,0.36622,-5.2492,-3.1739,-0.61037,0.24415,-4.3947,-12.574,-19.288,-19.044,-11.597,-5.005,3.296,15.625,11.353,3.6622,-1.9532,10.132,60.915,120.98,66.042,46.266,85.574,170.05,4.883,-25.636,5.4933,24.781,-64.821,-51.759,49.928,107.43,1.0987,-46.144,-67.019,-82.156,-50.539,5.7375,18.189,11.109,15.625,11.475,3.5401,4.6388,-2.1973,-5.2492,-0.24415,1.587,6.1037,9.3997,5.6154,-5.2492,-10.254,-9.888,-10.865
6.592,6.1037,6.9582,8.4231,8.7893,5.8596,3.296,1.8311,0.73244,0.61037,-1.709,-7.4465,-6.8361,-5.9816,-7.4465,-9.888,-16.846,-19.41,-19.898,-12.94,-9.5218,-10.254,-8.5452,-6.9582,1.4649,12.085,-6.8361,-19.776,-14.771,26.612,64.089,160.65,268.56,270.03,202.52,-36.988,-67.507,-32.838,-77.517,-103.64,-20.997,83.987,88.26,-14.039,-70.193,-95.584,-86.795,-35.401,13.916,27.833,20.508,13.794,0.97659,-3.1739,-1.2207,-7.6907,-8.5452,3.5401,5.1271,9.2776,19.898,20.508,10.987,3.5401,-3.1739,-22.217
0.97659,0.12207,1.4649,2.5636,2.8077,3.7843,1.3428,2.0753,5.3713,3.6622,0.24415,1.709,3.1739,5.1271,10.01,14.161,19.41,21.851,16.602,10.01,8.5452,11.719,13.306,4.0284,1.709,-3.7843,5.7375,-1.3428,5.6154,37.721,76.54,139.29,125.61,225.84,171.03,20.02,9.6438,-8.9114,-108.77,-72.268,39.552,70.193,-29.542,-87.039,-88.015,-72.634,-48.463,-1.9532,15.015,2.8077,7.3244,-0.4883,-15.992,-15.137,-3.1739,-6.592,-14.527,-5.6154,-0.12207,-5.2492,8.7893,24.537,9.888,5.7375,21.241,8.179
-3.296,-4.1505,-5.4933,-5.9816,-5.1271,-4.3947,-4.7609,-6.592,-6.7141,-5.4933,-7.8127,-10.62,-12.329,-12.696,-10.376,-10.132,-11.231,-14.161,0.61037,10.865,17.335,19.532,24.903,26.856,25.147,44.923,40.773,35.646,27.833,-33.204,-86.184,-87.527,-208.62,-292.12,-159.06,-56.276,-92.166,14.527,5.4933,-61.647,-99.979,-27.1,70.925,36.622,-11.475,-19.654,-3.9064,4.5167,-5.2492,-2.4415,16.48,21.363,17.945,17.823,5.4933,20.753,27.833,9.2776,-22.217,-29.664,-25.147,-2.5636,-2.1973,-21.851,-33.326,-32.594
-11.353,-5.4933,-7.0803,-12.085,-17.09,-18.921,-16.846,-14.649,-17.823,-19.166,-12.94,-8.5452,-6.9582,-10.865,-16.358,-14.405,-11.597,-10.743,-13.062,-15.381,-16.236,-15.992,-13.672,-9.888,-0.4883,11.963,20.142,26.856,35.768,54.323,70.559,84.353,108.89,-88.87,-101.32,-61.769,31.495,-10.254,-3.296,-46.876,-66.408,-83.621,-87.039,-99.734,-84.353,-52.126,-56.154,-23.56,-5.6154,-19.654,-26.124,-15.992,-14.527,-11.963,2.4415,8.6673,-4.3947,-13.062,-12.207,-0.36622,2.1973,-7.0803,-10.743,-5.8596,4.3947,10.376
-9.0335,-9.1556,-1.2207,3.296,4.1505,1.587,-0.36622,-2.1973,-6.8361,-11.719,-15.503,-17.09,-18.311,-19.898,-14.893,5.005,14.771,0.61037,-15.015,-18.555,0.4883,24.415,41.383,59.816,124.39,212.04,211.8,208.26,31.495,-143.68,-73.611,2.4415,-50.905,-39.308,47.609,76.296,-40.407,-75.076,-79.592,-81.301,-28.687,31.861,16.236,5.005,14.893,4.1505,-4.2726,-1.3428,-1.8311,-1.0987,0.36622,-11.231,-10.376,0,0.4883,-0.24415,7.3244,14.893,8.9114,-12.329,-34.303,-28.443,-26.612,-14.283,5.6154,26.612
-2.9298,-2.9298,-4.3947,-8.301,-9.5218,-2.0753,1.0987,-2.0753,-6.2258,-8.301,-8.0569,-10.743,-15.259,-13.672,-14.405,-16.236,-14.527,-14.161,-12.085,-13.184,-18.555,-18.433,-9.5218,9.2776,-3.1739,-16.358,-11.109,12.207,29.054,58.962,82.156,109.26,132.21,340.1,297.13,92.532,-42.726,7.6907,-28.321,-64.577,10.987,125.13,50.661,-97.781,-116.82,-66.042,-0.73244,28.077,32.472,26.49,21.973,4.1505,-8.7893,-8.7893,-14.649,-24.781,-15.381,-4.0284,4.6388,18.433,30.152,28.809,22.95,20.875,13.306,5.4933
4.3947,4.0284,-2.0753,-3.1739,-4.7609,-8.179,-10.376,-9.6438,-9.6438,-8.179,-4.883,-5.1271,-8.0569,-7.5686,-6.9582,-11.719,-12.574,-11.597,-17.212,-24.659,-22.34,-16.968,-18.311,-26.856,-32.472,-42.97,-43.825,-12.329,21.241,32.105,84.719,206.18,219,126.96,96.072,-102.18,-89.358,12.818,-10.376,-54.933,-58.107,-39.064,-0.24415,-29.542,-61.159,-4.0284,34.181,3.296,-2.5636,8.4231,2.4415,-12.696,-15.137,-10.865,-11.475,-14.527,-6.7141,-4.2726,-7.9348,-6.592,3.6622,14.893,2.9298,-7.5686,-1.0987,14.893
-5.8596,-5.005,-7.9348,-11.353,-13.916,-16.358,-18.311,-22.095,-22.34,-18.189,-14.893,-11.353,-8.5452,-6.1037,-6.7141,-9.888,-11.719,-12.085,-11.109,-5.005,6.9582,8.179,-6.1037,-10.254,-10.01,0.61037,12.452,41.749,19.532,16.724,140.75,174.93,112.8,100.96,-18.067,-134.65,-66.897,-23.194,-71.535,-72.268,3.4181,21.363,-48.708,-77.761,-68.117,-24.537,7.8127,20.264,28.443,20.631,15.503,1.8311,-5.6154,-5.6154,-3.6622,0.36622,0.97659,13.184,23.804,18.067,15.87,21.607,13.062,1.587,-0.85452,-7.3244
-3.296,-4.1505,-5.4933,-5.9816,-5.1271,-4.3947,-4.7609,-6.592,-6.7141,-5.4933,-7.8127,-10.62,-12.329,-12.696,-10.376,-10.132,-11.231,-14.161,0.61037,10.865,17.335,19.532,24.903,26.856,25.147,44.923,40.773,35.646,27.833,-33.204,-86.184,-87.527,-208.62,-292.12,-159.06,-56.276,-92.166,14.527,5.4933,-61.647,-99.979,-27.1,70.925,36.622,-11.475,-19.654,-3.9064,4.5167,-5.2492,-2.4415,16.48,21.363,17.945,17.823,5.4933,20.753,27.833,9.2776,-22.217,-29.664,-25.147,-2.5636,-2.1973,-21.851,-33.326,-32.594
-6.7141,-7.5686,-5.6154,-5.7375,-5.8596,-5.8596,-4.1505,-5.4933,-10.62,-8.7893,-8.179,-9.6438,-13.184,-13.794,-18.189,-20.631,-18.677,-18.311,-19.776,-22.95,-31.251,-33.815,-31.495,0.61037,35.157,23.072,33.57,44.313,44.313,62.258,104.98,-43.092,-191.66,-80.691,-42.604,-91.8,-131.11,-125.86,-77.151,-103.27,-143.07,-129.4,-62.136,-40.651,-32.35,-29.786,-25.758,-19.654,-14.527,-12.329,-7.6907,1.8311,5.7375,1.2207,4.7609,12.574,4.6388,-3.9064,0.85452,2.1973,-6.4699,-5.005,-8.0569,-12.085,-6.2258,-8.9114
-7.0803,-12.085,-17.09,-18.921,-16.846,-14.649,-17.823,-19.166,-12.94,-8.5452,-6.9582,-10.865,-16.358,-14.405,-11.597,-10.743,-13.062,-15.381,-16.236,-15.992,-13.672,-9.888,-0.4883,11.963,20.142,26.856,35.768,54.323,70.559,84.353,108.89,-88.87,-101.32,-61.769,31.495,-10.254,-3.296,-46.876,-66.408,-83.621,-87.039,-99.734,-84.353,-52.126,-56.154,-23.56,-5.6154,-19.654,-26.124,-15.992,-14.527,-11.963,2.4415,8.6673,-4.3947,-13.062,-12.207,-0.36622,2.1973,-7.0803,-10.743,-5.8596,4.3947,10.376,10.254,4.6388
-24.293,-23.56,-26.002,-26.856,-19.898,-15.259,-15.381,-16.602,-21.241,-21.851,-15.992,-14.893,-14.771,-16.358,-17.579,-18.311,-18.189,-14.283,-9.2776,-3.1739,2.1973,6.3478,6.3478,1.8311,-2.8077,-14.283,-9.3997,7.0803,22.706,37.721,65.798,-24.903,-142.34,-56.398,-128.06,-91.067,-41.261,-49.806,-79.348,-105.96,-116.09,-102.54,-55.177,-5.005,-13.672,-36.012,-26.978,2.5636,13.55,3.5401,-3.296,-2.4415,5.2492,6.3478,-8.4231,-14.039,-8.301,-12.329,-12.818,-3.0519,5.6154,2.4415,8.4231,23.316,22.095,15.625
-6.9582,-5.8596,-5.005,-5.2492,-5.6154,-6.2258,-4.7609,-6.4699,-8.4231,-8.179,-6.1037,-6.1037,-3.7843,-11.597,-13.184,-9.2776,-8.4231,-9.3997,-10.865,-14.405,-15.259,-10.376,-7.3244,-7.0803,-6.7141,7.6907,16.968,11.353,-3.9064,-2.0753,25.147,63.356,82.156,39.796,-71.902,101.69,142.34,17.823,-74.831,15.137,17.212,-81.179,-74.343,-17.09,-35.89,-40.284,-52.004,-40.04,-15.015,-1.587,-4.2726,-0.97659,5.3713,7.4465,2.8077,-3.5401,-7.9348,-2.9298,4.6388,-0.4883,-8.179,-6.3478,-8.6673,-6.592,4.2726,1.9532
-6.8361,-5.7375,-4.1505,-4.883,-4.883,-4.0284,-4.7609,-5.4933,-6.8361,-10.01,-9.7659,-12.329,-13.062,-10.743,-10.62,-7.5686,-5.6154,-4.5167,-8.0569,-13.916,-17.945,-23.194,-14.893,5.2492,32.716,52.98,38.942,6.7141,-21.241,1.2207,55.422,202.76,156.87,-154.55,-27.223,124.52,11.231,22.95,28.321,4.7609,-3.7843,-2.5636,-13.428,-32.594,-42.116,-55.055,-60.427,-39.552,-18.433,-3.6622,16.236,19.044,2.3194,9.5218,16.48,5.6154,-0.4883,1.2207,0,0,4.0284,4.2726,-2.4415,-0.36622,-2.6856,-9.5218
-11.353,-11.109,-9.7659,-8.9114,-7.0803,-7.3244,-8.4231,-9.1556,-10.254,-9.0335,-7.5686,-8.7893,-10.376,-11.841,-17.335,-18.311,-25.636,-28.077,-22.34,-19.044,-22.95,-23.194,-19.288,-14.649,-6.2258,1.8311,14.161,37.599,54.445,44.557,48.708,73.489,123.66,72.634,-8.4231,125.37,6.2258,-22.584,5.005,15.015,-37.965,-38.575,35.279,53.346,-20.997,-26.002,-36.378,-46.266,-16.602,19.41,15.015,0.24415,-7.6907,-9.888,-11.719,-7.8127,-0.12207,4.6388,3.7843,4.1505,-4.3947,-13.794,-8.301,3.0519,4.6388,-23.438
-11.353,-17.212,-21.119,-21.485,-19.288,-16.846,-15.137,-14.771,-14.161,-11.719,-13.428,-15.015,-15.381,-17.09,-21.119,-26.124,-31.373,-26.734,-12.452,-3.9064,-7.8127,-8.6673,-7.9348,-11.963,-20.997,-13.062,-0.73244,8.0569,3.9064,6.2258,47.121,127.81,114.26,27.833,-2.4415,94.485,2.6856,-41.261,5.4933,-27.955,-69.094,-67.263,-24.171,-33.937,-53.468,-39.186,-25.025,-19.898,-0.24415,11.719,18.921,16.236,3.296,6.7141,15.748,6.8361,5.9816,12.574,10.498,4.883,5.2492,11.963,7.6907,-4.7609,-15.625,-16.358
-8.301,-9.888,-14.039,-14.283,-13.794,-14.649,-19.044,-26.368,-31.373,-32.228,-26.368,-18.189,-15.625,-14.771,-15.259,-7.4465,3.9064,13.672,7.9348,-5.005,-13.916,-6.8361,13.55,19.166,19.532,61.647,100.59,64.943,12.818,-28.565,53.102,28.321,5.7375,1.3428,-14.527,-38.453,-48.708,-34.669,-26.856,-40.407,-57.619,-67.629,-43.58,-10.865,-3.9064,-11.231,1.0987,2.9298,14.283,18.799,10.376,9.1556,6.9582,0,-1.709,1.709,3.5401,2.8077,8.301,9.2776,-10.01,-30.03,-36.378,-38.82,-40.04,-36.866
-4.3947,-6.4699,-13.55,-17.457,-18.189,-19.654,-23.682,-28.687,-28.565,-24.049,-17.457,-17.212,-22.828,-25.269,-21.729,-23.804,-26.246,-27.467,-23.438,-14.161,-1.8311,-3.1739,-9.7659,-18.433,-29.664,-32.96,-17.579,6.3478,28.443,48.585,65.432,80.447,114.75,129.03,123.29,53.957,-36.5,-51.637,-11.109,9.6438,-8.301,-9.0335,9.1556,30.152,-0.85452,-30.396,-26.49,-31.861,-25.513,-2.9298,2.1973,5.4933,0,-11.963,-5.4933,12.329,6.4699,-0.61037,4.2726,6.3478,5.005,2.1973,-0.73244,0.12207,1.709,0.85452
-1.3428,-7.2024,-18.799,-19.654,-12.207,-2.5636,0.61037,-2.8077,-7.2024,-9.7659,-13.428,-18.433,-21.729,-22.95,-21.729,-18.433,-19.166,-22.95,-23.316,-18.799,-14.161,-14.649,-19.654,-20.386,-23.927,-28.077,-13.672,-2.5636,-15.137,-29.664,-32.105,-3.0519,32.716,56.032,106.33,147.59,126.22,130.99,143.56,57.619,-18.555,-16.724,17.823,-17.212,-34.181,-16.724,20.264,12.207,-55.666,-46.876,-45.412,-52.248,-27.467,17.09,22.217,7.9348,7.6907,14.771,9.7659,4.3947,5.8596,5.7375,2.0753,-5.3713,-18.677,-16.358
-22.584,-32.35,-39.674,-48.952,-57.985,-63.845,-54.079,-30.885,-12.818,-6.592,-5.2492,-3.7843,-7.4465,-10.498,-14.649,-17.945,-8.6673,3.296,2.9298,-23.56,-45.778,-42.604,-18.189,2.9298,1.2207,17.212,51.271,109.99,85.574,75.808,181.52,129.28,10.254,1.9532,27.711,-5.8596,-46.388,-5.005,37.721,-2.4415,-27.589,-43.458,-50.417,-22.34,23.927,27.223,13.672,4.2726,-6.8361,-13.916,-12.207,-12.207,-4.7609,0,-0.24415,0.97659,13.062,14.527,-15.381,-26.368,-7.9348,-20.02,-43.092,-31.739,-14.893,-6.8361
-41.017,-49.562,-55.91,-57.253,-54.933,-55.055,-59.572,-65.798,-68.239,-74.953,-81.179,-86.917,-110.11,-140.26,-161.5,-163.21,-140.14,-111.21,-96.683,-98.148,-108.16,-119.51,-127.08,-126.35,-126.47,-122.2,-110.23,-120.24,-180.55,-279.43,-336.44,-483.54,-495.74,-382.46,-350.47,-372.2,-425.43,-407.73,-434.46,-410.17,-18.189,237.19,208.87,173.83,116.09,-130.01,-369.88,-419.32,-343.39,-268.56,-164.07,14.771,71.291,-28.443,-96.683,17.701,72.512,18.067,-5.8596,59.328,30.03,-35.401,-32.35,23.927,91.556,128.67
-21.485,-30.152,-46.632,-53.102,-50.539,-43.825,-32.105,-22.828,-25.147,-45.534,-66.53,-84.964,-115.36,-181.77,-266.24,-280.89,-205.57,-153.08,-122.07,-94.852,-106.45,-183.6,-252.82,-222.66,-25.636,-14.893,-239.14,-413.34,-217.54,42.604,91.433,43.214,-12.94,-37.111,-31.983,-3.9064,58.107,30.03,-48.219,-113.77,-112.19,-36.988,54.689,106.81,93.387,31.007,-29.298,-59.45,-49.928,-8.7893,34.791,62.014,57.375,19.776,-24.171,-28.809,8.5452,27.345,29.176,37.233,41.627,29.298,-6.3478,-43.58,-48.708,-21.729
-51.515,-65.798,-63.478,-42.726,-31.983,-39.796,-57.497,-73.611,-99.734,-131.35,-121.83,-67.263,1.3428,31.251,20.875,25.025,52.614,58.229,28.932,-43.947,-130.13,-177.98,-173.59,-151.49,-102.18,-120.24,-269.54,-448.99,-492.32,-614.03,-691.55,-557.51,-357.8,-133.43,116.95,293.71,264.66,184.7,103.89,-0.24415,-22.706,-46.388,-75.564,-79.226,-62.502,-41.871,-28.809,-20.753,-33.937,-25.636,-18.067,-25.636,-9.2776,7.2024,15.015,12.574,-25.025,-43.092,-56.764,-93.265,-86.55,20.753,125.98,114.99,73.122,33.082
-70.07,-58.229,-53.835,-57.985,-60.183,-61.892,-56.764,-50.905,-47.243,-52.858,-77.761,-121.22,-166.26,-175.42,-139.41,-88.992,-71.657,-66.53,-73.244,-57.497,-6.1037,-63.356,-231.94,-311.29,-267.34,-281.5,-376.6,-477.43,-528.58,-329.97,-173.96,-131.6,54.811,232.31,298.35,236.09,120.49,-2.1973,-100.22,-152.35,-164.8,-99.49,37.843,164.43,206.31,151.98,71.413,-10.987,-31.739,-4.3947,18.311,19.41,9.888,10.62,29.054,54.567,46.51,35.768,41.139,31.739,-21.363,-21.485,19.166,24.781,-9.6438,-54.079
4.1505,3.9064,3.0519,3.9064,4.883,6.1037,7.3244,7.6907,8.179,7.6907,7.8127,6.8361,5.7375,4.2726,3.6622,-3.1739,-5.3713,1.3428,7.4465,4.2726,-2.8077,-4.6388,-5.6154,-4.3947,-6.9582,-37.233,-78.372,-38.575,110.23,-82.522,-5.3713,104.25,102.91,0.61037,1.4649,1.709,1.2207,0.4883,-0.4883,-0.4883,-0.4883,0.12207,-0.24415,-0.4883,-0.73244,0.36622,2.0753,2.9298,3.0519,2.9298,3.5401,4.3947,4.7609,5.8596,6.8361,5.8596,5.4933,6.1037,7.4465,7.6907,6.8361,6.3478,6.8361,7.8127,7.9348,7.2024
7.4465,6.2258,5.1271,4.1505,3.1739,3.9064,5.7375,6.2258,5.8596,5.3713,6.1037,6.1037,6.4699,8.301,13.184,16.968,18.677,19.41,20.02,20.142,17.09,17.212,13.428,-7.9348,-40.04,-69.46,-52.004,35.279,94.729,40.04,-120.73,-29.42,138.8,2.4415,2.8077,3.296,2.4415,1.9532,2.6856,3.7843,4.883,6.3478,5.8596,4.7609,5.7375,7.4465,7.9348,7.0803,6.2258,7.0803,8.301,7.5686,6.1037,5.4933,5.9816,4.3947,3.6622,2.4415,2.3194,2.5636,2.5636,2.8077,2.8077,2.1973,2.3194,1.9532
0.97659,2.1973,3.9064,3.4181,1.9532,0.4883,-0.12207,0.24415,0.73244,1.0987,2.1973,4.883,6.1037,7.4465,10.62,12.574,14.527,18.189,25.025,31.495,32.228,27.955,26.368,31.617,36.5,38.209,24.903,0.73244,-11.109,33.204,11.475,-36.256,9.3997,-2.4415,-1.709,-1.4649,-1.709,-1.0987,-0.12207,-0.61037,-1.587,-2.1973,-2.4415,-1.3428,-0.73244,-0.97659,-1.3428,-1.587,-1.709,-0.97659,-0.36622,-0.4883,-0.4883,0.4883,1.9532,1.4649,0.85452,1.3428,2.3194,2.4415,2.0753,2.0753,2.9298,3.7843,4.1505,3.5401
4.0284,4.1505,4.6388,5.1271,5.6154,5.8596,5.7375,5.7375,6.3478,6.8361,6.2258,5.7375,5.2492,7.5686,7.4465,8.5452,11.353,15.137,19.654,21.363,23.194,24.659,23.927,24.049,17.945,-8.5452,-44.923,-40.529,14.039,40.162,18.189,52.614,198,7.8127,7.6907,7.2024,7.3244,8.4231,8.4231,7.9348,8.179,8.0569,8.0569,7.5686,6.592,5.3713,4.0284,5.2492,6.592,5.3713,4.0284,2.8077,2.3194,2.4415,1.9532,1.3428,1.2207,1.9532,2.4415,2.0753,2.3194,2.6856,3.4181,4.2726,5.6154,5.8596
5.1271,4.883,5.4933,7.2024,8.7893,9.1556,11.109,12.818,12.818,14.893,14.649,15.259,17.09,18.677,21.119,20.631,17.823,16.968,20.02,31.617,42.238,41.383,36.378,27.955,-13.428,-77.639,-82.278,-14.161,55.177,60.305,-39.064,-2.1973,70.559,5.4933,4.883,5.3713,6.4699,7.4465,6.9582,6.9582,6.9582,7.4465,8.0569,8.5452,8.0569,8.0569,8.5452,9.2776,9.6438,11.109,12.085,11.353,12.574,12.452,11.353,11.475,11.719,12.574,13.184,13.184,12.207,11.597,11.719,11.597,11.231,11.353
11.231,11.353,11.109,11.353,12.574,13.428,13.55,13.794,15.503,16.602,16.358,14.649,14.283,16.114,22.706,29.542,30.274,26.856,27.1,33.57,44.801,54.567,35.646,19.166,13.306,-22.95,-65.554,-75.564,-54.201,-10.865,82.4,108.4,63.601,13.55,12.94,13.916,13.916,13.062,11.963,12.207,13.428,13.672,12.085,8.9114,6.9582,6.592,7.0803,7.0803,6.9582,7.2024,7.5686,8.301,9.6438,10.498,9.888,9.5218,10.62,9.888,8.9114,9.1556,8.4231,7.2024,5.8596,4.883,5.3713,5.3713
5.2492,5.3713,6.592,8.0569,7.9348,9.2776,10.987,11.963,12.207,10.62,11.109,12.085,12.452,11.475,12.207,10.132,12.452,17.579,13.184,10.254,7.9348,11.353,16.114,18.433,-0.73244,-28.809,-41.261,-66.286,-62.136,9.888,52.004,69.338,101.44,0.12207,0.36622,-0.4883,0.73244,0.24415,0.24415,0.85452,-1.4649,-2.5636,-1.709,-0.12207,-1.3428,-1.709,-0.73244,1.8311,4.1505,2.3194,1.3428,1.4649,2.0753,2.9298,3.0519,2.5636,2.1973,1.2207,1.2207,3.0519,4.883,5.7375,4.6388,6.1037,6.1037,3.9064
4.3947,4.2726,4.883,5.1271,4.883,6.1037,8.9114,10.865,9.2776,9.6438,14.893,18.677,19.898,19.288,21.241,25.269,28.809,30.519,30.152,29.42,27.589,30.763,33.815,29.42,10.376,-14.283,-24.049,-9.7659,14.649,70.559,105.47,91.922,201.54,222.42,0.73244,0.24415,0.85452,1.587,1.709,1.709,2.6856,3.0519,3.4181,4.0284,4.2726,4.2726,4.2726,4.3947,4.1505,3.9064,3.5401,3.296,3.6622,2.9298,2.8077,4.6388,3.1739,1.9532,2.5636,2.4415,2.5636,3.0519,3.7843,3.6622,3.4181,4.2726
3.6622,4.883,5.2492,5.3713,5.3713,6.3478,7.3244,7.6907,7.5686,8.0569,8.7893,8.7893,8.5452,9.888,12.696,12.818,12.94,15.259,17.457,18.921,22.95,30.274,32.228,31.373,35.035,36.988,15.748,8.4231,-22.584,-63.723,3.1739,55.788,27.1,156.74,-1.2207,-0.97659,0.24415,0.4883,0.24415,1.0987,1.709,1.9532,1.8311,1.4649,2.1973,3.1739,3.6622,3.296,3.5401,4.3947,4.3947,4.6388,5.6154,5.1271,5.4933,5.9816,5.005,4.3947,4.5167,4.7609,3.4181,2.1973,1.2207,0.61037,0.36622,-0.4883
-0.73244,0.4883,0.73244,-0.24415,-1.2207,-1.587,-2.1973,-3.9064,-4.7609,-6.4699,-6.3478,-4.6388,-3.5401,-1.9532,1.3428,6.2258,9.6438,12.574,17.579,20.997,24.415,29.176,36.622,36.134,6.2258,-52.248,-89.969,-89.602,-34.425,74.587,98.758,68.85,105.84,97.537,7.6907,6.1037,2.6856,0.73244,0.97659,1.4649,0.12207,-1.4649,-1.9532,-1.587,-1.709,-0.61037,1.3428,2.4415,2.4415,2.5636,3.6622,3.4181,2.6856,2.1973,1.587,0.12207,0,1.587,0.97659,-0.36622,-0.97659,-0.36622,-0.61037,-1.8311,-3.296,-3.4181
-2.1973,-2.6856,-3.296,-3.5401,-3.0519,-3.0519,-3.0519,-3.1739,-2.9298,-1.709,0.24415,2.1973,2.3194,3.1739,4.6388,6.9582,10.132,10.987,10.376,12.085,15.259,22.706,26.002,28.077,37.721,40.284,24.537,-21.363,-56.398,-58.473,8.9114,118.17,122.32,-66.042,7.3244,5.9816,5.1271,5.8596,6.592,6.8361,6.592,5.4933,5.1271,4.3947,3.9064,3.1739,2.6856,2.8077,2.3194,1.0987,0.61037,0.12207,-0.36622,-1.3428,-3.6622,-1.709,-1.2207,-1.0987,-1.709,-1.709,-1.709,-0.97659,-0.36622,1.2207,2.5636,3.4181
2.4415,3.296,5.005,7.6907,10.01,11.475,15.381,16.48,16.114,16.114,17.945,20.753,22.95,22.706,24.293,26.246,31.495,41.627,43.092,41.505,34.425,36.988,42.116,35.401,8.179,-31.861,-63.112,-47.365,34.059,89.358,49.196,-18.433,-70.193,66.774,0.97659,0.12207,-1.2207,-1.8311,-1.0987,-1.4649,-2.1973,-1.8311,-0.85452,-0.73244,-0.73244,-0.4883,0,1.2207,2.1973,3.5401,2.6856,2.5636,4.3947,3.7843,3.9064,3.9064,5.005,6.1037,6.592,5.8596,5.4933,6.3478,6.4699,5.6154,5.4933,5.6154
6.4699,7.2024,7.0803,6.9582,7.6907,8.179,7.9348,8.5452,10.62,14.283,14.527,11.231,10.743,12.696,18.799,18.189,14.039,12.696,19.898,24.171,23.438,19.044,19.166,16.602,10.254,10.132,15.137,5.6154,-0.24415,13.672,24.415,44.435,7.0803,-84.597,2.0753,2.0753,1.587,1.0987,0.97659,0.97659,0.24415,-0.4883,-0.36622,-0.73244,-2.0753,-2.1973,-2.1973,-0.85452,-0.12207,-0.24415,-0.24415,0,-0.36622,-0.85452,-0.97659,-1.9532,-2.3194,-3.5401,-4.5167,-5.3713,-5.4933,-6.1037,-5.4933,-4.883,-4.3947,-3.6622
-3.0519,-2.0753,-2.9298,-3.7843,-1.3428,2.9298,4.3947,0,-3.0519,-2.4415,2.0753,4.5167,-1.2207,-4.5167,-1.3428,9.2776,23.072,21.485,11.231,9.0335,16.602,24.903,25.269,12.452,-1.0987,-14.527,-23.072,-20.875,-14.649,-30.519,-55.91,-77.151,-141.12,-233.41,1.8311,1.9532,2.3194,2.4415,3.4181,2.8077,2.1973,1.9532,1.3428,0.97659,0.73244,0,-0.97659,-2.9298,-4.7609,-3.4181,-3.7843,-5.4933,-7.4465,-8.179,-6.9582,-6.4699,-6.8361,-7.2024,-8.0569,-8.5452,-8.5452,-7.2024,-6.592,-6.2258,-5.4933,-4.1505
-3.4181,-2.6856,-1.8311,-1.709,-2.3194,-2.3194,-3.5401,-6.592,-7.6907,-8.6673,-13.184,-15.381,-16.724,-19.654,-21.607,-22.217,-28.321,-28.687,-27.589,-26.49,-16.602,-0.97659,-3.9064,-24.049,-37.965,-37.965,-12.207,-3.0519,-17.335,-47.853,-70.315,-71.169,49.684,48.097,1.709,1.587,0.4883,0.4883,-0.73244,-1.4649,-0.73244,-0.61037,-0.85452,-1.8311,-1.9532,-2.3194,-2.6856,-2.8077,-2.5636,-3.1739,-3.6622,-4.7609,-4.6388,-3.7843,-4.5167,-5.1271,-4.5167,-3.296,-2.9298,-2.4415,-1.3428,-0.12207,0.73244,1.3428,1.8311,2.4415
1.9532,0.97659,0.24415,0.24415,-0.12207,-0.61037,-1.709,-1.9532,-1.4649,-1.2207,-2.3194,-3.7843,-2.1973,0.61037,0.24415,-1.8311,-5.2492,-8.9114,-7.8127,-6.592,-7.6907,-7.6907,-8.4231,-13.916,-20.508,-21.729,-12.696,-12.207,-4.883,25.758,23.316,-33.692,-112.19,-115.24,0.4883,0.61037,0.24415,0.36622,1.3428,1.4649,0.12207,0.36622,2.4415,2.5636,0.73244,-0.73244,0.12207,2.4415,1.9532,1.0987,1.587,1.9532,1.3428,0.36622,-0.24415,-1.3428,-2.5636,-2.8077,-2.8077,-3.1739,-3.5401,-4.0284,-3.6622,-4.5167,-4.7609,-3.5401
-2.4415,-3.296,-5.9816,-7.2024,-5.4933,-5.005,-4.7609,-3.6622,-3.5401,-4.7609,-4.6388,-5.6154,-7.2024,-10.254,-14.039,-14.649,-12.696,-8.6673,-8.9114,-13.184,-11.597,-5.9816,1.3428,8.6673,16.724,12.329,2.3194,1.9532,11.719,34.425,86.306,58.229,-21.119,-248.3,1.2207,0.12207,-1.4649,-0.85452,0.12207,0.4883,-0.4883,0,-0.36622,-0.73244,-0.73244,-0.61037,-0.4883,-0.24415,-0.36622,0.24415,0.97659,0.24415,-0.36622,0.12207,-0.24415,-1.4649,-3.6622,-4.3947,-4.2726,-4.6388,-4.2726,-3.9064,-3.6622,-2.0753,-2.0753,-1.9532
-1.8311,-1.0987,-0.12207,0.73244,2.0753,2.0753,1.8311,2.0753,2.9298,7.4465,13.794,11.231,8.301,7.0803,6.2258,7.9348,9.888,10.987,9.0335,4.7609,3.7843,13.306,33.448,44.435,36.988,20.997,11.109,2.0753,4.883,21.119,64.577,10.865,-40.651,-160.41,0.24415,-0.24415,-3.0519,-5.005,-4.5167,-2.5636,-2.8077,-4.5167,-5.7375,-5.8596,-6.4699,-6.1037,-5.1271,-3.6622,-4.883,-7.8127,-9.3997,-9.5218,-9.1556,-8.7893,-8.9114,-6.592,-4.2726,-4.883,-4.6388,-3.6622,-2.1973,-1.709,-1.709,-1.709,-0.12207,2.4415
4.6388,5.6154,6.1037,6.1037,6.592,9.888,13.428,14.527,12.818,11.353,10.865,10.498,8.9114,8.301,7.0803,4.3947,0.61037,-8.0569,-22.34,-41.749,-50.905,-43.947,-27.955,-12.574,-7.6907,-5.3713,-1.3428,5.1271,4.6388,8.5452,47.365,39.308,-31.251,-124.03,16.846,13.428,12.818,15.625,16.48,15.259,14.039,12.94,11.475,9.888,7.4465,6.9582,7.0803,7.0803,6.9582,7.5686,8.7893,8.5452,5.8596,4.0284,3.4181,3.6622,3.7843,3.5401,3.1739,2.1973,1.2207,0.97659,0,-0.61037,0.97659,2.3194
1.4649,0.12207,0.4883,4.2726,6.1037,4.3947,2.5636,3.4181,7.0803,10.01,11.963,12.818,12.696,14.283,14.649,14.039,13.428,15.992,21.119,27.589,33.326,41.627,38.575,13.062,-15.503,-46.999,-54.811,-28.932,10.743,73,114.99,93.387,63.234,48.952,6.2258,7.3244,7.9348,8.301,8.179,6.592,5.1271,5.9816,4.7609,3.7843,3.4181,3.1739,3.1739,2.6856,2.6856,2.8077,2.6856,2.3194,2.8077,3.4181,2.5636,2.3194,2.8077,3.6622,3.6622,3.4181,3.0519,3.4181,4.1505,4.5167,5.005,5.005
2.6856,-0.36622,-1.4649,-1.9532,-2.6856,-3.6622,-4.5167,-4.7609,-4.883,-4.883,-3.9064,-0.24415,0.73244,1.3428,1.3428,0.36622,-0.24415,-3.6622,-8.301,-7.6907,5.1271,14.161,4.5167,-7.2024,-8.9114,-7.9348,-2.0753,-5.4933,-31.495,-53.957,-59.084,-43.336,-81.301,-279.67,0.85452,-0.36622,-0.85452,-0.61037,0.24415,1.2207,1.8311,2.1973,2.6856,3.296,3.5401,3.6622,4.7609,4.883,4.883,4.883,5.6154,5.7375,4.7609,3.9064,3.1739,1.9532,1.8311,2.1973,1.8311,0.4883,-1.587,-3.1739,-2.5636,-2.0753,-2.5636,-4.0284
-5.005,-5.005,-6.2258,-7.9348,-8.9114,-10.132,-11.231,-8.6673,-6.592,-6.7141,-6.4699,-5.3713,-3.7843,-0.4883,3.296,1.8311,-4.5167,-12.818,-16.114,-14.405,-12.818,-8.0569,-2.9298,0.12207,-2.4415,-4.3947,1.709,-2.4415,5.6154,62.258,36.988,-114.75,-244.64,222.79,-3.4181,-3.9064,-4.3947,-4.1505,-3.9064,-3.9064,-3.5401,-3.1739,-3.1739,-2.5636,-1.709,-1.4649,-0.85452,-1.587,-1.3428,-0.73244,-0.61037,-0.61037,-0.73244,-0.97659,-1.2207,-0.73244,-0.24415,-0.24415,-0.12207,-0.24415,-0.12207,-0.73244,-1.4649,-1.8311,-1.587,-2.0753
-2.8077,-2.8077,-2.9298,-3.5401,-5.005,-6.592,-7.3244,-8.0569,-8.5452,-8.4231,-8.9114,-10.743,-13.306,-14.771,-15.992,-16.968,-17.457,-19.898,-24.903,-21.729,-17.212,-10.01,-8.179,-13.062,-9.7659,-2.8077,0.36622,13.794,14.527,-6.8361,-13.916,-32.228,-28.932,585.35,3.6622,2.1973,1.9532,3.0519,3.6622,2.6856,2.6856,3.6622,4.7609,5.3713,5.7375,6.4699,5.4933,4.6388,4.7609,4.0284,1.9532,0,-0.24415,0.24415,-0.61037,-1.4649,-1.9532,-0.85452,-0.4883,-2.3194,-2.8077,-1.8311,-0.73244,-1.4649,-2.0753,-2.0753
-2.0753,-1.709,-0.61037,0.36622,-0.12207,-1.709,-1.9532,-1.0987,-0.4883,-1.4649,-3.296,-3.296,-2.9298,-3.4181,-4.1505,-3.1739,-4.7609,-5.1271,-6.7141,-6.2258,-3.0519,2.6856,4.1505,1.709,-2.1973,3.296,13.306,21.119,26.49,34.669,58.229,66.652,-4.0284,-20.264,-1.709,-2.0753,-2.0753,-1.709,-1.587,-2.0753,-2.3194,-2.1973,-2.1973,-1.709,-1.9532,-2.5636,-2.8077,-2.6856,-3.1739,-3.296,-3.7843,-4.3947,-3.9064,-3.6622,-3.9064,-4.5167,-4.2726,-3.5401,-2.8077,-2.9298,-2.9298,-2.6856,-1.587,-1.3428,-1.587,-0.61037
0.61037,1.4649,1.9532,2.4415,2.3194,1.9532,1.8311,1.587,1.3428,2.0753,1.8311,0,-2.5636,-4.6388,-4.0284,-2.8077,0.12207,1.0987,1.587,11.719,19.532,23.194,21.241,17.579,8.9114,2.5636,3.6622,-2.9298,-14.283,16.968,15.137,-49.684,-4.883,529.31,-3.4181,-3.4181,-4.3947,-4.883,-4.0284,-4.5167,-6.2258,-7.0803,-6.3478,-4.6388,-4.5167,-4.6388,-4.7609,-4.1505,-3.6622,-4.1505,-3.0519,-2.0753,-1.3428,-1.0987,-1.709,-1.587,-0.4883,0,-0.85452,-2.6856,-3.9064,-3.6622,-3.296,-4.2726,-6.3478,-6.8361
-7.9348,-10.254,-11.597,-12.329,-13.306,-13.672,-14.893,-16.48,-15.503,-15.87,-17.579,-18.311,-22.095,-23.56,-24.537,-25.391,-19.166,-23.438,-51.881,-56.887,-42.97,-30.03,-17.457,-8.5452,-15.748,-16.724,-25.391,-57.375,-64.699,-41.017,-41.627,-86.795,-144.41,11.719,-2.0753,-1.9532,-1.587,-0.61037,0.24415,1.2207,2.1973,1.9532,2.9298,2.1973,1.587,1.4649,0.4883,0.4883,0.4883,0,0.12207,-0.12207,-0.36622,0.12207,1.2207,-1.2207,-2.0753,-2.0753,-1.2207,-0.61037,-0.61037,-3.5401,-5.4933,-5.3713,-3.9064,-3.1739
-3.6622,-5.1271,-5.4933,-5.9816,-6.2258,-5.6154,-3.6622,-4.0284,-6.2258,-7.8127,-6.3478,-1.3428,3.0519,3.5401,-2.9298,-10.62,-18.433,-13.55,1.9532,20.631,32.594,13.428,-24.537,-31.861,-8.5452,-0.97659,-9.7659,-7.6907,-9.1556,-57.863,-87.039,-124.27,-159.31,-12.696,-13.794,-15.015,-16.48,-16.602,-16.968,-20.753,-27.955,-31.251,-34.181,-39.186,-42.604,-43.58,-43.092,-40.284,-39.552,-46.51,-57.131,-62.746,-64.943,-67.873,-72.268,-75.564,-77.151,-77.517,-79.226,-80.447,-82.766,-85.574,-86.062,-86.673,-88.382,-91.433
-94.729,-96.561,-96.316,-96.316,-98.636,-103.15,-106.81,-106.94,-107.67,-110.97,-112.55,-111.7,-112.8,-119.51,-130.01,-136.97,-138.55,-147.34,-158.21,-167.97,-178.23,-181.77,-182.38,-190.31,-209.36,-219.49,-213.51,-196.91,-210.7,-238.04,-314.34,-405.77,-456.07,5.8596,9.3997,12.452,16.358,20.264,23.682,25.758,25.636,24.049,22.828,21.851,21.729,22.462,24.293,27.1,30.641,33.937,38.331,42.238,45.9,50.539,56.887,62.746,65.188,69.216,76.662,84.964,92.898,97.659,100.83,99.002,93.02,90.823
91.433,93.265,94.363,97.293,103.15,109.26,113.9,119.63,122.81,127.32,129.03,130.01,133.67,135.75,132.08,133.79,142.83,156.38,166.14,181.28,213.63,235.6,251.23,237.43,207.28,227.42,247.08,180.67,133.18,375.38,507.34,638.33,24.781,26.978,26.856,26.368,27.223,27.223,27.589,27.223,27.589,29.176,30.885,33.815,36.256,38.575,41.139,43.58,45.167,47.487,47.853,50.539,54.079,59.328,61.769,64.333,67.141,69.826,71.291,72.878,74.709,77.395,79.714,82.644,85.208,87.527
89.969,92.166,94.485,96.561,97.659,98.88,100.83,103.4,106.2,109.01,110.48,114.02,117.56,122.32,125.86,128.54,127.57,134.16,140.51,138.55,124.03,127.2,142.95,157.11,149.66,131.96,103.76,46.754,35.279,328.14,1055,770.53,16.48,17.212,18.555,18.189,19.166,20.631,21.241,22.462,23.804,25.636,28.199,28.932,29.664,30.03,31.861,34.059,34.791,36.866,39.43,41.505,46.632,49.196,52.004,56.52,64.089,71.902,76.785,81.423,86.795,92.044,97.293,100.96,105.11,109.99
115.24,118.66,120,120.98,121.71,122.07,120.73,121.95,126.22,131.35,133.92,135.62,138.07,132.94,131.35,136.6,140.87,135.14,137.46,159.67,194.59,227.55,256.97,277.11,297.25,319.47,352.31,354.99,350.84,502.09,762.96,789.57,20.264,23.072,26.612,30.641,31.251,31.495,33.448,36.256,39.918,43.58,45.656,46.266,47.731,50.905,54.323,55.91,57.253,59.816,61.281,64.333,69.094,72.878,73.977,75.93,79.592,82.522,85.086,89.724,93.875,96.194,99.246,102.05,105.96,108.65
108.77,107.18,108.52,109.13,109.38,110.84,109.74,110.35,111.82,112.06,114.87,122.56,129.15,133.06,134.65,138.07,145.39,159.67,172.25,178.72,183.23,195.81,200.08,203.99,222.42,253.55,203.25,155.03,110.97,79.104,351.94,849.88,911.65,531.39,27.223,28.443,29.176,30.519,31.617,32.105,33.204,33.082,34.791,37.599,41.139,43.214,44.679,45.534,47.487,49.806,50.905,50.417,49.562,50.05,52.736,54.689,56.154,57.985,61.037,63.845,65.432,65.92,67.019,68.484,69.216,69.216
70.315,72.512,74.221,77.883,82.4,85.94,88.748,93.142,98.88,106.45,116.46,125.86,132.08,137.09,146.98,158.45,165.04,175.42,191.66,203.25,215.22,241.34,267.71,281.38,282.72,281.87,292.25,281.38,266.73,257.33,379.53,688.86,741.23,598.53,16.48,18.677,20.142,21.119,20.753,20.264,21.363,23.316,24.659,25.758,27.1,28.077,29.908,31.739,34.059,37.233,39.796,41.993,44.313,47.487,50.172,51.271,53.102,55.666,58.473,59.45,60.305,61.769,64.699,66.286,67.507,68.972
71.413,74.221,77.761,82.522,86.673,92.41,98.392,104.86,114.02,124.27,134.65,146.98,158.33,168.83,181.04,196.17,210.82,222.05,230.84,231.57,236.34,252.2,269.78,275.52,271,249.52,225.84,209.97,174.93,130.74,138.8,226.33,421.89,403.7,11.719,9.7659,8.4231,7.6907,8.6673,10.987,11.597,9.1556,8.6673,10.987,14.893,16.724,16.968,18.067,21.485,22.95,23.682,25.758,28.443,30.641,33.204,35.279,36.378,38.209,41.505,44.557,46.754,48.341,50.661,54.079,57.985,60.183
63.478,66.774,68.117,71.169,75.32,78.616,79.47,82.766,91.433,101.93,107.67,111.21,122.2,140.26,158.09,171.88,189.21,215.09,242.68,267.34,291.63,303.6,296.76,296.52,308.97,300.18,241.22,212.78,171.03,193.12,423.6,849.64,841.94,822.78,-19.776,-21.241,-23.56,-25.636,-26.368,-26.49,-26.978,-27.345,-28.199,-28.809,-30.152,-31.129,-32.96,-35.401,-37.477,-39.552,-41.627,-42.726,-44.191,-46.022,-47.975,-51.027,-53.713,-55.3,-57.985,-61.769,-64.211,-66.53,-68.484,-69.46,-70.315,-72.39
-75.808,-78.86,-81.423,-83.01,-85.33,-90.335,-94.363,-95.95,-98.758,-103.27,-107.06,-109.26,-111.21,-114.02,-119.75,-128.06,-132.33,-136.6,-142.7,-142.58,-145.76,-147.95,-146.37,-145.76,-154.18,-164.56,-174.81,-182.38,-180.79,-177.86,-185.55,-272.59,-538.47,-746.85,-749.29,-17.823,-18.555,-18.677,-18.799,-18.799,-18.799,-17.823,-17.823,-18.067,-18.921,-20.02,-21.119,-22.217,-23.194,-24.049,-25.88,-27.833,-29.42,-30.519,-32.35,-35.035,-37.965,-39.918,-41.749,-44.435,-47.975,-51.149,-52.736,-56.398,-61.159,-66.286
-70.559,-74.221,-78.127,-81.79,-85.94,-88.748,-90.091,-91.8,-93.142,-92.532,-91.311,-90.701,-88.382,-86.673,-88.26,-94.241,-100.96,-108.28,-115.73,-125.49,-134.28,-146.61,-156.62,-165.9,-179.08,-196.66,-222.79,-240.85,-250.74,-279.55,-335.09,-404.55,-505.39,-878.57,-1124.5,-23.194,-24.293,-25.636,-26.856,-27.1,-27.467,-28.443,-30.152,-31.373,-30.763,-31.251,-33.448,-34.425,-34.425,-35.768,-38.209,-40.529,-43.336,-45.412,-48.219,-52.37,-55.666,-57.863,-60.671,-64.333,-66.897,-68.85,-72.146,-76.662,-80.447,-84.231
-87.527,-91.922,-96.683,-101.69,-105.84,-109.62,-114.02,-118.29,-121.1,-123.17,-125.86,-130.86,-133.67,-135.75,-138.8,-141.73,-139.53,-133.06,-131.47,-134.16,-136.48,-142.95,-151.49,-163.46,-179.69,-202.64,-226.94,-243.05,-261.85,-291.15,-338.02,-343.27,-321.54,-386.73,-652.97,-14.039,-16.48,-19.044,-21.485,-22.828,-24.049,-25.391,-26.002,-26.734,-27.955,-29.42,-30.519,-31.373,-32.96,-34.425,-35.157,-35.646,-37.355,-38.453,-38.942,-39.552,-40.284,-38.697,-34.425,-31.861,-33.082,-36.988,-41.383,-41.749,-41.261,-42.604
-45.778,-49.806,-52.858,-56.887,-64.211,-72.512,-80.935,-88.382,-95.218,-102.42,-110.11,-119.14,-125.98,-130.38,-137.21,-142.22,-148.56,-151.62,-157.35,-162.6,-170.05,-175.79,-188.24,-193.61,-197.27,-194.71,-192.27,-196.42,-208.14,-228.89,-275.15,-334.36,-397.47,-621.36,-860.87,-725.49,-796.17,-1013.8,-402.6,-61.647,10.62,153.08,458.14,786.89,942.29,824.12,437.39,118.17,-28.809,-59.938,-34.425,17.823,52.248,48.463,11.353,-67.019,-153.2,-231.09,-340.83,-356.82,-209.72,-114.51,-198.74,-217.66,-177.01,-216.8
-222.91,41.505,44.801,49.44,53.957,59.328,65.92,71.413,76.54,82.278,88.137,92.654,94.119,91.8,88.26,83.377,82.888,85.208,88.015,90.579,89.724,91.556,102.54,116.82,125.13,132.94,157.11,177.98,187.99,197.27,253.06,345.71,471.69,721.09,7.8127,7.5686,7.5686,7.6907,7.4465,7.0803,7.0803,7.5686,8.301,9.1556,9.1556,10.132,11.231,11.963,13.672,16.724,18.799,19.044,20.631,22.584,24.415,25.758,27.955,29.176,30.396,31.739,33.326,33.815,34.303,34.791,36.134,38.087
41.261,46.266,51.271,54.567,55.91,55.055,54.445,53.835,51.759,51.149,52.248,53.102,54.445,57.375,59.816,59.816,58.229,55.91,51.271,50.539,56.764,67.507,73.122,82.278,98.148,111.94,127.32,151.62,187.99,231.7,307.87,438.73,542.5,711.08,4.6388,5.1271,5.7375,6.4699,7.0803,8.301,9.7659,10.987,11.841,13.55,16.236,16.968,17.701,19.288,20.753,21.485,22.217,22.828,24.049,24.293,25.391,27.1,29.298,31.861,33.082,34.303,35.89,36.5,36.5,37.111,38.942,42.604
47.121,50.661,54.323,57.985,59.328,57.863,58.107,59.572,58.84,57.375,57.253,59.45,60.183,57.619,56.154,55.3,56.276,58.473,60.183,64.333,73.122,76.418,78.738,87.039,101.69,124.64,144.17,167.73,191.9,215.46,245.12,326.06,458.75,576.31,6.1037,7.4465,8.9114,10.254,11.597,12.329,12.329,11.963,12.085,10.62,10.254,10.62,9.7659,12.207,16.602,19.288,21.729,25.636,29.664,32.716,34.669,37.355,39.186,42.36,45.778,46.876,46.999,46.51,46.388,47.731,47.975,46.388
44.801,43.703,42.97,42.238,41.749,41.139,41.871,42.238,41.383,42.482,46.632,47.731,46.632,46.632,47.243,48.341,47.975,48.83,51.759,53.346,58.107,70.193,88.626,108.04,120.73,139.65,180.55,212.78,224.62,266.61,402.97,505.14,724.27,651.02,11.231,10.498,10.254,10.132,10.132,11.353,11.475,11.109,11.353,11.963,12.207,12.818,13.55,14.771,15.015,15.748,17.335,18.433,18.677,20.631,22.462,23.194,23.194,23.56,25.025,26.856,28.932,30.152,34.547,37.721,40.651,42.116
43.703,45.412,47.121,47.731,47.609,49.318,51.027,52.492,53.468,54.689,54.445,52.492,50.05,48.83,47.731,47.853,51.027,53.346,56.764,62.746,68.972,76.052,85.33,95.95,105.11,128.91,170.9,196.17,204.11,226.94,306.89,418.71,537.49,708.15,4.883,5.2492,5.7375,5.8596,7.2024,7.8127,7.2024,7.5686,9.7659,10.743,10.376,10.865,12.329,14.039,15.137,15.992,17.579,20.508,22.095,24.171,25.758,27.955,30.03,32.228,34.547,36.744,38.942,41.139,43.214,46.144,48.952,51.271
53.346,56.398,58.962,59.816,62.38,67.019,69.826,71.291,72.268,73.122,72.146,69.582,66.652,64.333,62.868,60.793,62.502,66.652,71.535,77.883,84.475,90.213,97.415,104.37,114.38,130.38,157.96,182.99,189.7,194.46,215.7,308.24,465.35,618.06,10.376,10.743,10.132,10.743,11.109,11.475,12.085,11.475,10.865,12.085,12.452,11.963,12.207,12.818,14.039,15.259,16.968,18.555,20.753,23.194,24.781,26.49,28.077,30.519,33.204,35.157,37.233,38.942,41.383,44.435,48.463,52.736
56.887,59.572,62.014,65.676,70.315,74.343,78.86,84.597,86.917,88.137,89.969,87.893,81.79,78.616,79.104,79.226,75.198,72.024,71.291,75.93,79.226,80.569,86.795,98.88,112.55,148.08,203.01,248.3,245.37,212.9,216.8,299.81,433.24,654.68,6.4699,8.5452,9.2776,10.132,10.743,11.231,12.329,12.818,13.428,13.55,13.428,14.039,15.259,16.602,17.457,18.311,19.41,20.753,23.194,24.781,26.002,29.054,33.448,35.646,37.111,37.965,41.139,45.167,47.853,51.027,54.567,58.473
61.403,65.432,69.216,71.535,73,74.099,75.076,76.296,77.151,77.395,78.127,79.226,80.935,84.353,85.94,84.597,80.691,76.54,74.587,76.174,78.982,82.522,91.922,106.33,120.73,147.22,190.92,246.96,288.46,292.98,269.78,266.61,422.86,602.68,1.4649,1.587,1.587,0.97659,1.8311,0.73244,0.4883,1.709,1.4649,3.0519,3.7843,3.5401,3.296,3.5401,2.9298,3.296,3.4181,3.5401,3.1739,3.1739,2.9298,3.296,4.2726,2.8077,1.587,2.0753,2.5636,2.0753,1.8311,2.0753,2.1973,55.788
56.276,57.985,61.525,65.554,68.85,70.925,72.268,73.366,71.902,71.902,73.122,74.953,76.785,78.494,80.813,80.813,77.883,74.709,77.273,82.034,86.795,93.387,103.89,110.84,118.78,131.35,135.01,137.46,137.33,151.01,198.98,333.99,484.76,461.2,7.2024,7.2024,7.8127,8.7893,9.6438,9.888,10.132,11.109,12.085,13.062,12.94,13.55,15.015,15.625,16.358,17.335,18.677,20.508,22.828,25.636,28.199,29.42,31.983,36.012,40.284,43.703,47.243,51.271,55.3,59.694,64.089,68.606
73.122,77.639,80.813,83.865,87.283,91.8,96.316,102.18,106.69,109.38,114.14,119.63,122.44,122.44,120.73,118.9,120,118.66,115.85,112.06,105.96,99.979,93.265,87.161,89.969,103.03,136.6,173.35,175.66,182.5,233.41,305.31,391.61,117.56,6.9582,7.4465,8.301,8.7893,9.3997,9.888,9.7659,10.01,10.132,10.865,11.353,12.329,13.916,15.503,17.09,18.921,20.264,20.508,21.851,23.56,25.636,27.1,28.932,31.251,33.326,34.547,35.524,38.087,40.04,43.336,46.388,51.271
58.229,64.089,68.606,74.831,80.935,85.696,90.579,96.316,102.42,109.01,114.26,120.24,123.42,121.95,115.6,111.33,112.06,113.16,111.58,110.23,110.72,114.26,123.91,140.87,170.78,214.12,262.34,278.45,243.9,231.7,331.31,440.57,97.537,-115.48,9.888,10.254,11.597,12.574,12.574,12.085,13.672,15.503,16.724,16.968,17.823,18.799,19.41,19.044,19.044,20.386,20.142,20.142,20.631,21.363,23.56,27.589,30.396,33.937,38.209,42.482,48.341,53.224,56.764,60.793,66.042,71.78
78.372,83.01,87.771,91.8,95.584,100.59,105.11,109.5,114.99,120.12,123.42,124.03,123.29,125.98,127.45,126.71,125.74,122.07,119.75,117.68,109.5,92.166,83.499,83.377,89.114,107.67,148.08,185.92,215.7,236.95,268.68,398.82,224.37,-55.788,-0.4883,0.12207,1.4649,2.5636,1.9532,0.12207,-1.587,-0.36622,1.3428,2.4415,3.1739,4.7609,5.7375,7.5686,8.6673,7.9348,5.9816,2.9298,2.0753,3.296,2.9298,1.8311,1.3428,0.73244,0.61037,-0.4883,-2.4415,-3.7843,-4.5167,-4.6388,-4.5167,-5.005
-5.3713,-4.6388,-4.6388,-4.6388,-3.7843,-1.8311,0.4883,-1.587,-1.4649,-0.97659,-1.587,-1.709,-1.2207,-1.2207,-3.5401,-5.1271,-5.005,-3.7843,-1.587,-0.24415,-5.005,-6.9582,-8.7893,-13.062,-19.776,-23.56,-15.748,-8.6673,-9.2776,-17.945,-32.472,-40.529,-40.651,-33.57,-0.24415,-0.97659,-1.8311,-2.3194,-1.587,-1.2207,-1.709,-2.8077,-2.8077,-3.296,-3.6622,-3.6622,-3.296,-2.9298,-2.4415,-2.3194,-2.3194,-2.4415,-2.4415,-1.9532,-1.3428,-0.4883,-1.0987,-1.3428,-1.2207,-0.97659,-0.85452,-0.24415,-0.24415,-0.97659,-1.3428,-1.587
-2.5636,-2.9298,-3.1739,-2.3194,-2.0753,-1.4649,-0.85452,-0.97659,-0.61037,0,-0.36622,-2.3194,-3.9064,-4.5167,-4.6388,-2.8077,1.9532,3.5401,5.9816,11.963,13.794,5.7375,0.4883,1.3428,5.7375,9.0335,6.3478,-3.0519,-3.1739,2.0753,-8.6673,-1.9532,-30.396,-51.881,-0.24415,-0.12207,-0.73244,0,0.24415,0.73244,1.2207,0.73244,-0.12207,-0.85452,-1.3428,-1.8311,-1.9532,-1.587,-1.587,-1.587,-1.709,-2.5636,-3.6622,-3.9064,-3.7843,-3.0519,-3.0519,-2.0753,-2.5636,-3.6622,-3.4181,-2.6856,-2.5636,-2.6856,-2.6856,-3.4181
-2.4415,-1.3428,-1.0987,-0.36622,-0.85452,-1.3428,-0.4883,-0.24415,-0.4883,-0.61037,-0.97659,-1.3428,0,1.4649,1.709,2.9298,4.5167,4.7609,6.8361,3.5401,-2.3194,-1.3428,1.2207,3.296,-4.883,-20.264,-19.654,-3.9064,5.4933,-4.6388,-2.0753,-1.2207,-7.5686,-45.534,1.2207,4.0284,2.5636,1.587,0.61037,-2.9298,-7.3244,-10.62,-13.184,-16.236,-17.945,-17.457,-16.48,-16.114,-15.503,-14.771,-15.137,-14.161,-13.672,-11.719,-10.132,-9.0335,-8.7893,-9.7659,-8.9114,-8.6673,-7.9348,-7.2024,-6.3478,-4.7609,-4.2726,-4.7609
-4.5167,-3.9064,-4.5167,-4.0284,-5.2492,-3.7843,-2.8077,-1.2207,-0.24415,0.36622,0.85452,2.1973,3.7843,4.7609,4.1505,6.4699,8.6673,7.8127,9.888,10.743,9.7659,6.1037,3.9064,8.4231,15.748,17.09,4.7609,-3.6622,-8.9114,-20.386,-35.157,-19.532,0.4883,-28.932,4.5167,3.1739,2.8077,2.6856,2.4415,1.709,0.85452,0.12207,-0.73244,-0.85452,-1.4649,-1.3428,-2.4415,-2.5636,-2.9298,-4.0284,-4.7609,-5.005,-5.3713,-5.7375,-5.7375,-6.3478,-6.592,-5.2492,-4.7609,-3.7843,-3.4181,-3.296,-3.6622,-4.1505,-4.5167,-4.3947
-3.9064,-3.296,-2.3194,-2.1973,-3.1739,-3.0519,-3.4181,-4.3947,-2.5636,-0.73244,-2.0753,-2.0753,0.12207,-0.36622,0.97659,2.9298,3.7843,5.8596,7.0803,7.6907,8.4231,10.743,8.4231,5.1271,3.7843,4.7609,3.9064,2.4415,4.5167,-4.5167,-9.3997,-5.3713,9.2776,-52.736,-1.4649,-0.73244,-0.61037,0,0.4883,0.24415,0.4883,1.587,2.3194,2.0753,1.587,0.85452,1.0987,0,-0.73244,-0.61037,-0.24415,-0.61037,-1.2207,-1.8311,-2.3194,-2.4415,-2.6856,-2.6856,-2.5636,-2.1973,-2.0753,-1.9532,-2.3194,-3.7843,-3.5401,-2.6856
-3.4181,-3.7843,-2.9298,-1.9532,-0.85452,0.24415,-0.24415,-0.85452,-0.4883,-0.61037,0.24415,0.85452,2.0753,2.9298,1.3428,-0.4883,-2.3194,-2.6856,-0.4883,2.8077,4.6388,5.1271,7.0803,7.6907,2.9298,2.3194,2.9298,-0.12207,-0.24415,-4.0284,-11.231,-6.592,14.405,-9.0335,-7.3244,-5.4933,-4.2726,-4.0284,-4.2726,-1.9532,-0.4883,0.4883,2.0753,2.1973,1.9532,2.4415,3.5401,4.2726,4.2726,4.5167,4.3947,4.1505,4.1505,4.0284,3.6622,3.1739,2.0753,0.61037,0.61037,1.709,1.587,2.0753,1.2207,-0.24415,-1.2207,0
1.4649,1.4649,1.0987,0.24415,-1.587,-1.4649,-0.4883,1.0987,3.7843,4.7609,5.4933,5.8596,6.3478,7.2024,7.9348,8.301,7.2024,4.6388,0.73244,-2.5636,-9.888,-20.753,-26.002,-28.565,-21.241,-9.5218,-5.005,-6.592,-13.55,-25.391,-35.768,-11.963,-0.73244,-1.2207,-0.61037,0.12207,0.73244,2.3194,3.5401,4.6388,5.8596,6.1037,6.3478,5.9816,5.005,3.7843,4.1505,4.883,5.2492,4.883,4.6388,4.1505,4.2726,5.3713,5.2492,3.1739,3.4181,2.9298,1.2207,0.12207,-0.24415,-0.4883,-0.4883,-0.61037,-0.73244,0.36622
-0.24415,-0.73244,0,1.3428,1.4649,1.2207,1.4649,2.1973,4.1505,5.1271,5.4933,4.883,3.5401,1.4649,2.0753,3.9064,3.9064,3.6622,5.2492,2.9298,-1.709,-2.6856,-0.61037,3.0519,3.1739,7.3244,10.254,4.1505,-7.4465,-25.513,-26.246,2.5636,-11.719,-10.62,-9.7659,-8.301,-8.6673,-9.1556,-9.2776,-10.132,-10.254,-7.8127,-5.9816,-5.4933,-6.3478,-6.592,-5.2492,-4.6388,-4.0284,-3.5401,-3.6622,-3.7843,-4.2726,-4.1505,-3.6622,-3.296,-3.6622,-4.0284,-4.1505,-4.2726,-4.2726,-4.7609,-4.883,-5.3713,-5.2492,-5.9816
-5.8596,-5.6154,-6.4699,-7.2024,-6.8361,-5.9816,-5.1271,-4.3947,-3.6622,-3.296,-3.5401,-2.4415,-0.85452,0.4883,1.4649,2.5636,3.4181,4.883,6.592,5.7375,2.6856,-0.61037,-4.7609,-5.6154,-0.12207,3.9064,7.2024,10.62,1.9532,-18.921,-15.992,6.9582,4.5167,2.5636,1.8311,1.8311,2.1973,1.2207,0.97659,1.587,1.3428,1.9532,1.587,1.3428,1.587,2.3194,2.1973,1.2207,2.9298,3.7843,4.0284,3.5401,3.5401,4.7609,5.4933,5.3713,5.6154,5.005,4.7609,4.3947,5.1271,6.2258,6.8361,5.8596,5.4933,4.883
3.7843,2.6856,1.9532,1.0987,0.85452,2.1973,2.1973,1.2207,-1.0987,-2.5636,-5.3713,-8.6673,-10.01,-11.719,-10.376,-12.574,-19.044,-21.973,-20.02,-21.607,-30.274,-44.313,-114.26,-193.61,-245.61,-331.06,-378.06,-372.45,-363.41,-260.99,-295.54,-272.23,0.73244,0,-1.2207,0.12207,0.73244,3.296,5.005,3.296,1.0987,1.4649,1.8311,1.709,2.4415,1.4649,0,-1.8311,-2.9298,-2.9298,-0.73244,-0.4883,-0.97659,-1.2207,-2.1973,-2.0753,-3.6622,-5.3713,-5.1271,-5.9816,-5.8596,-4.1505,1.0987,5.8596,2.6856,0
-0.61037,-4.883,-10.987,-15.992,-17.579,-14.527,-10.01,-5.4933,2.3194,1.3428,1.8311,6.3478,13.672,12.574,6.9582,11.597,20.264,18.677,19.654,19.898,26.49,35.157,0,-19.898,-120.24,-349.86,-402.6,-461.56,-363.41,-128.3,-132.33,-273.45,-6.8361,-3.4181,-0.4883,0.12207,-0.61037,-1.0987,-0.36622,0.36622,-0.73244,-2.5636,-1.587,0.97659,2.3194,3.1739,2.4415,1.709,1.0987,1.587,2.3194,3.0519,0.61037,-1.587,-1.0987,-1.8311,-2.5636,-3.0519,-2.4415,-1.0987,0.61037,0,0.97659,1.2207,0.61037,-1.709
-0.85452,0.97659,1.709,1.0987,-0.12207,0.85452,4.1505,3.1739,-0.24415,-5.005,-5.7375,-5.1271,0,2.8077,2.1973,-3.6622,-3.5401,13.062,31.129,24.903,6.3478,6.9582,-1.4649,-24.903,-114.63,-238.29,-160.89,-135.01,-206.18,-201.67,-203.38,-406.63,6.1037,6.2258,6.4699,6.2258,5.005,4.6388,3.9064,3.7843,2.4415,2.0753,1.9532,0.4883,0.12207,0.4883,0.73244,1.4649,3.0519,4.0284,2.6856,2.4415,4.883,6.7141,6.8361,6.9582,5.1271,2.6856,1.9532,5.1271,6.592,5.3713,4.2726,3.0519,3.6622,4.1505
3.296,2.8077,2.8077,1.8311,1.709,2.4415,3.5401,3.0519,2.4415,4.883,9.1556,11.353,11.597,10.865,10.376,7.5686,10.743,18.311,19.41,17.212,17.09,11.597,11.719,10.132,-134.04,-266.98,-363.9,-258.43,-131.6,-146.37,-81.545,-128.06,-0.73244,-0.73244,-1.0987,-2.0753,-1.4649,-1.709,-1.2207,-0.36622,0.4883,0.12207,0,-0.36622,0,-0.12207,-0.97659,-1.709,-2.6856,-2.3194,-1.587,-1.2207,-1.8311,-2.8077,-3.6622,-2.9298,-1.709,-0.61037,0.36622,2.9298,8.5452,7.5686,6.2258,10.01,12.696,13.184
10.498,9.1556,5.8596,1.709,-3.9064,-7.8127,-5.2492,2.8077,7.2024,9.888,14.527,15.87,12.329,8.5452,13.062,17.335,21.241,27.589,36.134,31.617,13.916,5.9816,16.358,30.152,27.467,-207.53,-339.85,-64.211,-112.06,-95.584,-207.16,-338.39,1.2207,1.0987,-0.4883,-0.97659,-0.36622,0,-0.61037,-2.6856,-5.7375,-5.7375,-5.2492,-5.7375,-5.1271,-4.883,-5.005,-4.2726,-3.4181,-3.6622,-4.1505,-2.6856,-1.8311,-0.85452,-0.24415,0.36622,1.3428,2.4415,3.4181,2.6856,1.3428,1.587,3.0519,1.3428,-2.3194,-3.5401
-1.8311,0.4883,1.587,0.24415,-1.9532,-3.6622,-4.6388,-4.1505,-3.7843,-3.4181,1.709,7.0803,10.62,11.841,16.48,9.5218,1.8311,9.1556,7.0803,-2.0753,-6.592,14.283,37.721,47.731,-32.594,-90.335,-26.612,31.495,-51.637,-161.75,-210.82,-473.77,2.3194,1.4649,1.0987,1.2207,1.4649,0.97659,-0.61037,-2.4415,-1.4649,0.12207,1.709,2.6856,2.6856,3.0519,2.4415,2.0753,2.1973,1.709,2.4415,3.1739,3.6622,0.12207,-0.36622,1.587,2.5636,1.4649,-1.2207,-2.3194,-1.9532,-0.97659,-0.97659,-1.4649,-0.4883,-0.61037
-0.97659,-0.4883,-1.3428,-3.9064,-3.9064,-0.97659,2.1973,0,-0.85452,1.2207,6.2258,9.2776,10.743,13.428,16.358,18.189,15.625,13.794,14.893,17.212,21.363,3.6622,-2.4415,-3.6622,-58.473,-231.94,-366.95,-83.377,32.594,-72.268,-106.33,-94.241,0.24415,1.2207,2.9298,2.8077,3.0519,3.7843,4.2726,4.6388,4.0284,2.9298,3.7843,5.4933,4.7609,3.1739,4.0284,5.4933,5.3713,2.9298,0.12207,-0.4883,1.8311,3.9064,2.1973,-0.24415,0.73244,4.0284,3.9064,2.3194,-0.24415,-0.24415,1.4649,1.4649,0.97659,1.0987
2.5636,1.2207,-2.3194,-3.9064,-2.8077,-3.0519,-3.0519,-3.4181,-2.5636,-3.7843,-2.3194,3.6622,8.301,12.207,14.771,14.649,23.804,26.002,18.799,0.4883,-24.781,-22.584,-2.0753,41.139,115.48,125,94.119,-12.574,-40.529,-72.268,-167.36,-72.268,-0.73244,-0.61037,0.12207,0.12207,-0.36622,-1.2207,1.3428,3.296,3.9064,4.883,2.6856,0.97659,3.5401,6.8361,7.4465,6.3478,7.5686,8.6673,6.8361,2.4415,0.24415,-0.61037,-1.4649,-5.6154,-6.8361,-4.7609,-5.4933,-7.0803,-9.7659,-9.6438,-7.8127,-7.5686,-11.353,-12.574
-11.475,-13.306,-14.039,-13.55,-11.353,-8.4231,-7.4465,-7.2024,-4.3947,-4.7609,-2.1973,1.587,2.8077,3.0519,7.8127,8.7893,2.6856,11.963,26.002,30.152,14.405,0.73244,7.9348,32.228,51.027,-17.701,-160.89,-221.08,-15.748,-159.31,-123.42,-71.169,2.8077,0.36622,0.4883,2.0753,2.3194,-0.85452,-1.587,-2.3194,-2.6856,-2.3194,-2.1973,-2.6856,-2.6856,-0.85452,0.4883,-1.4649,-2.9298,-3.6622,-3.9064,-4.5167,-3.9064,-2.4415,-0.85452,-1.709,-1.4649,0.61037,2.1973,1.587,-0.61037,-2.9298,-6.1037,-8.9114,-9.0335,-8.301
-7.5686,-5.4933,-2.1973,-1.2207,2.1973,5.2492,6.7141,6.592,5.6154,2.1973,7.8127,13.062,6.4699,2.3194,-6.7141,-11.475,-7.9348,-16.114,-9.0335,11.841,7.0803,2.5636,-9.7659,-89.114,-244.39,-368.79,-242.93,-48.463,-76.418,-192.14,-104.86,-269.17,-3.296,-4.2726,-6.2258,-7.9348,-6.4699,-5.8596,-3.6622,-3.1739,-1.4649,-0.73244,-0.36622,-0.73244,-2.0753,-1.587,-0.97659,-4.0284,-6.7141,-5.005,-2.8077,0.24415,5.2492,5.3713,4.3947,7.8127,10.132,14.649,10.498,3.9064,0.12207,-0.12207,-0.73244,-2.0753,-0.61037,0.97659
-1.4649,-3.5401,-2.8077,-4.2726,-10.987,-14.771,-21.119,-28.809,-31.861,-30.885,-25.147,-17.579,-16.602,-11.597,1.709,14.405,35.157,28.077,6.7141,0.24415,-24.903,-53.468,-69.338,-183.36,-149.78,-26.246,-11.597,-21.119,-143.56,-149.05,-190.92,-166.14,-95.828,103.4,4.7609,22.95,-58.107,-85.574,-61.647,-90.457,-94.974,-103.52,-65.554,-48.219,-44.435,-3.4181,-7.6907,1.3428,10.376,14.405,5.4933,-18.921,-6.1037,22.095,46.022,44.801,11.719,6.592,22.828,30.519,26.124,17.457,1.587,-16.48,-28.077,3.6622
2.0753,0.24415,-0.61037,-3.0519,-2.4415,2.5636,5.9816,-2.1973,-8.5452,-7.5686,-6.9582,-15.87,-19.898,-26.734,-38.697,-37.599,-10.987,-13.428,-12.207,-10.865,-16.48,-8.6673,-15.381,1.8311,22.217,14.283,15.503,50.417,27.833,-10.498,-4.0284,-2.0753,8.179,6.4699,5.8596,3.4181,2.4415,1.709,0.97659,1.3428,1.8311,1.9532,1.8311,0.97659,-0.61037,-1.2207,-0.12207,-0.4883,-0.73244,2.4415,3.296,4.1505,6.4699,7.3244,6.9582,7.0803,7.5686,7.9348,8.301,9.2776,10.376,10.01,11.109,13.062,14.405,15.259
13.672,13.428,15.259,15.625,14.649,13.794,12.085,10.743,9.7659,8.0569,6.8361,3.4181,2.5636,3.7843,-0.85452,1.2207,-2.5636,-11.353,-20.508,-31.129,-21.607,-21.363,-35.768,-9.3997,40.407,31.495,5.9816,10.132,31.373,24.171,-14.405,-47.731,1.709,1.587,2.0753,1.709,4.1505,8.4231,11.719,13.306,18.921,20.264,25.025,31.129,31.495,32.96,32.838,34.059,35.279,29.908,15.87,6.2258,2.5636,-5.9816,-10.987,-7.5686,-3.1739,-0.73244,4.7609,13.062,22.584,32.35,43.825,55.177,53.468,38.697
25.88,15.259,-14.649,-32.105,-21.607,-5.1271,-4.883,-17.457,-26.246,-25.88,-25.88,-24.537,-11.841,9.2776,12.574,12.94,18.311,37.355,32.716,4.5167,16.236,10.01,3.7843,38.942,32.228,63.723,109.5,87.771,80.325,86.795,59.938,33.082,1.4649,0,-2.1973,0,1.8311,1.709,3.1739,5.005,7.0803,7.9348,8.5452,10.254,11.963,11.353,9.0335,8.7893,7.3244,6.2258,5.1271,4.3947,4.6388,5.9816,8.179,10.865,14.527,15.259,14.161,14.649,10.498,6.592,7.6907,10.987,11.109,8.4231
6.7141,6.2258,5.8596,8.5452,15.259,24.049,25.758,24.293,22.828,23.316,20.875,18.799,22.95,25.391,31.007,30.152,22.706,24.415,29.176,11.597,13.428,13.55,1.9532,-3.6622,-3.4181,-0.36622,-4.3947,18.677,53.224,27.833,2.3194,5.8596,22.217,21.973,11.109,-4.883,-15.625,-21.119,-39.552,-65.92,-79.104,-93.509,-101.93,-100.96,-94.974,-63.723,-19.654,-18.921,-47.121,-46.999,-25.636,-15.625,-18.311,-16.846,-9.6438,-0.97659,-13.672,-35.035,-39.552,-33.326,-18.921,-8.179,6.3478,33.937,64.211,79.348
77.761,58.596,54.445,64.455,61.403,47.975,45.412,65.554,67.751,57.741,69.704,47.243,19.898,7.8127,-11.841,-19.898,-8.6673,15.137,34.791,54.201,45.289,33.082,8.301,-27.345,-58.107,6.1037,5.005,4.6388,1.8311,-0.61037,-0.61037,-0.24415,0.12207,1.3428,3.7843,5.9816,7.6907,8.5452,9.7659,10.743,9.888,8.4231,5.4933,5.005,8.5452,11.719,15.748,20.142,21.485,22.462,23.438,21.485,16.968,16.724,18.921,23.804,29.42,33.326,33.326,28.443,24.415,21.973,21.607,23.194,26.002,29.542
31.007,32.105,31.129,28.809,28.199,26.49,23.072,20.631,23.316,24.903,23.316,24.049,23.316,18.433,9.7659,4.883,7.0803,13.672,5.8596,6.9582,8.301,4.1505,-75.808,-130.01,6.7141,10.01,11.475,15.503,18.189,22.584,26.856,30.03,29.176,20.631,8.4231,3.5401,8.7893,12.696,7.2024,5.005,5.3713,11.353,16.114,17.457,15.137,9.5218,5.7375,2.4415,-9.6438,-20.264,-22.706,-15.748,-1.8311,21.119,38.209,37.843,35.646,44.801,44.801,22.95,28.565,29.908,16.236,3.4181,7.6907,2.8077
-2.4415,-2.9298,-0.73244,3.296,15.87,29.664,34.669,27.955,20.264,19.288,20.264,15.503,24.293,41.993,26.49,24.293,54.445,83.621,92.654,87.161,70.681,35.401,-12.818,-25.513,15.625,15.259,14.161,14.283,14.649,13.062,13.062,15.503,15.992,13.672,13.55,13.55,10.987,6.4699,1.0987,-0.36622,0.85452,2.4415,6.8361,10.743,9.5218,10.376,11.353,10.62,10.987,9.5218,6.2258,3.9064,3.6622,6.4699,6.9582,6.3478,7.8127,8.7893,9.7659,11.231,12.207,13.916,14.161,12.207,10.498,9.7659
9.1556,12.818,14.649,13.428,11.475,11.963,12.818,10.62,3.9064,4.2726,6.9582,2.8077,-14.527,-29.542,-30.152,-49.928,-52.004,-33.57,-17.09,-18.311,29.42,74.465,33.082,54.323,49.684,41.993,23.56,8.5452,1.709,-0.97659,-3.5401,-4.1505,0,5.7375,12.452,17.09,20.508,21.119,20.02,19.898,19.044,13.428,10.498,9.888,7.9348,7.9348,9.7659,10.62,5.9816,5.2492,6.8361,9.3997,10.254,12.818,18.433,23.804,27.711,30.519,30.641,30.152,32.594,30.274,22.095,17.701,19.166,15.381
12.207,11.719,9.1556,4.883,6.3478,7.8127,8.4231,6.9582,0,-5.3713,-11.597,-25.025,-29.908,-54.201,-93.997,-96.194,-48.708,12.452,64.577,-48.585,-65.554,69.826,-153.69,-62.136,9.1556,10.376,9.6438,9.7659,8.9114,7.2024,5.3713,5.005,5.3713,5.9816,6.4699,7.5686,8.0569,7.9348,9.2776,8.7893,8.7893,8.4231,5.6154,6.8361,7.8127,6.4699,5.005,4.7609,4.6388,5.9816,7.8127,9.0335,8.7893,8.7893,9.5218,9.6438,9.2776,9.0335,8.9114,9.5218,11.109,12.696,13.55,14.161,14.161,17.335
21.363,21.363,17.823,17.701,17.09,11.353,5.8596,2.5636,-2.1973,-15.137,-26.978,-33.204,-45.289,-62.258,-64.943,-41.261,-25.269,-22.095,-14.649,4.7609,17.457,13.916,2.8077,-127.08,26.124,26.978,18.677,10.376,5.3713,-7.0803,-20.02,-22.95,-27.223,-33.937,-43.214,-50.783,-46.754,-38.942,-34.425,-26.368,-9.7659,1.8311,18.799,34.425,43.458,46.999,64.455,105.23,124.39,109.87,47.487,13.55,-21.851,-52.126,-69.094,-81.79,-89.114,-81.912,-67.019,-23.804,14.405,36.622,67.751,70.437,48.952,38.575
40.529,41.749,62.502,82.278,101.57,149.05,114.02,77.273,67.385,19.776,25.025,75.686,79.226,90.945,88.87,67.141,33.082,-5.2492,-36.378,-52.37,-59.694,-99.368,-111.09,-67.507,-9.6438,-21.241,-8.7893,21.729,38.087,20.02,1.8311,14.893,-0.61037,-8.7893,-17.09,-26.978,-35.035,-36.012,-14.649,1.0987,-0.36622,-4.1505,-2.8077,-2.8077,6.1037,21.973,32.472,36.866,34.913,28.809,16.48,4.883,-5.005,-9.3997,-13.794,-15.259,-9.888,-4.7609,-0.85452,5.7375,16.602,21.973,18.555,14.771,12.574,5.2492
-6.3478,-15.748,-15.259,-9.6438,-12.94,-11.719,-17.823,-20.997,-24.293,-29.664,-26.734,-31.495,-53.346,-74.221,-42.238,-26.734,2.6856,17.945,0.85452,20.142,25.269,-4.7609,16.846,25.513,-28.565,-30.885,-24.903,-25.269,-29.054,-20.631,-13.306,-8.9114,-5.3713,-3.6622,-5.4933,-6.1037,-14.893,-20.02,-25.758,-31.617,-31.007,-33.692,-32.594,-28.199,-23.072,-16.48,-11.109,-8.4231,-7.0803,-5.1271,-4.2726,-3.9064,-4.5167,-3.7843,-1.0987,1.3428,4.6388,6.2258,8.7893,11.353,12.452,12.085,11.109,11.475,11.109,12.329
15.992,16.358,16.114,15.625,16.236,10.987,6.2258,5.4933,5.7375,6.2258,9.6438,9.3997,12.574,12.94,9.5218,9.3997,4.883,0.85452,-1.2207,22.217,47.609,59.084,65.92,67.507,8.0569,7.8127,7.8127,17.579,27.345,25.88,12.329,-0.61037,-10.01,-10.865,-6.7141,-0.24415,-0.36622,-4.5167,-9.2776,-8.179,-1.587,0.12207,-12.207,-27.1,-31.251,-51.637,1.0987,30.03,24.903,18.067,12.94,21.363,34.669,57.253,69.826,51.759,3.5401,-34.791,-34.181,-7.3244,13.428,12.452,5.6154,-0.97659,11.109,28.932
32.838,24.903,5.3713,-5.4933,0.61037,15.625,28.443,32.716,34.669,24.659,30.03,18.799,-3.296,-20.875,-19.654,18.677,3.6622,-2.8077,8.301,24.781,39.796,37.477,17.701,28.077,-40.162,-34.791,-18.311,-6.9582,-6.3478,-1.2207,0.36622,-4.0284,-7.4465,-11.841,-13.55,-14.039,-9.888,-4.5167,0.97659,6.9582,9.0335,6.8361,6.592,4.7609,-0.12207,-5.2492,-4.883,-2.6856,-2.6856,1.709,4.1505,5.2492,5.9816,6.7141,4.7609,1.709,1.8311,2.5636,4.0284,5.9816,10.01,14.039,16.724,18.799,18.677,12.452
8.6673,10.865,5.2492,3.7843,2.6856,4.6388,8.9114,12.452,12.696,15.87,14.893,11.109,14.283,21.607,9.3997,1.9532,-4.6388,4.7609,-4.5167,6.4699,72.268,139.41,183.84,121.34,11.597,11.109,8.179,4.5167,0,-3.5401,-3.4181,-1.0987,-0.4883,0.36622,-1.0987,-0.12207,2.5636,2.6856,2.0753,2.5636,3.0519,2.6856,1.9532,2.1973,2.8077,4.883,6.1037,5.8596,5.2492,3.7843,2.0753,2.0753,2.8077,3.0519,3.6622,0.73244,0,-0.24415,-3.7843,-5.8596,-5.2492,-4.5167,-4.0284,-3.296,-3.1739,-4.5167
-6.4699,-6.2258,-6.8361,-6.9582,-1.587,-0.4883,0.73244,7.4465,13.794,12.818,13.916,22.34,26.978,11.963,-19.898,-20.02,-13.306,-26.734,-23.682,-0.97659,80.081,100.96,55.544,26.124,36.378,59.816,66.774,54.201,36.866,25.269,10.254,-6.8361,-15.87,-13.672,-8.0569,0.85452,8.9114,17.335,23.438,23.682,21.241,17.09,10.498,4.6388,0.85452,-0.85452,-2.6856,-0.4883,4.2726,6.8361,8.0569,9.888,10.01,11.109,11.963,9.6438,7.0803,11.475,13.672,11.719,5.9816,3.0519,-0.24415,-6.592,-20.386,-22.217
-16.968,-30.396,-43.336,-35.89,-30.03,-22.217,-7.8127,-8.9114,-12.085,4.2726,20.875,38.331,33.448,-19.41,-62.746,-124.64,-123.66,-73.122,-75.686,-185.55,-72.268,-21.119,16.114,211.92,23.56,24.171,13.062,13.306,18.677,20.02,15.625,2.6856,-8.9114,-12.207,-13.062,-5.7375,9.0335,15.748,18.799,19.288,15.137,10.254,4.2726,-1.3428,-6.8361,-9.0335,-10.743,-7.2024,-2.8077,3.6622,10.498,13.55,14.527,14.649,13.794,12.696,10.865,9.2776,8.301,6.2258,7.5686,10.743,10.62,11.353,14.771,17.823
16.236,14.405,15.137,6.9582,10.743,0.12207,-5.4933,-5.1271,-8.4231,-11.963,0.12207,-0.24415,-8.4231,-5.9816,-6.3478,-2.6856,17.823,37.599,32.716,-39.43,-34.791,-43.58,-122.32,5.1271,-23.927,-143.93,-349.38,-132.82,57.863,91.922,117.31,201.79,305.43,63.601,15.87,40.04,48.097,35.401,18.189,29.42,28.809,45.9,60.915,66.408,41.871,22.95,7.6907,-5.8596,6.3478,24.537,29.908,20.997,15.87,12.452,13.062,11.231,11.841,8.6673,1.2207,-0.36622,9.888,-8.4231,-21.729,-34.303,-40.407,-33.204
-12.085,5.005,17.945,24.415,21.851,12.818,2.9298,-2.6856,-7.6907,-9.888,-8.6673,-6.592,-5.8596,-2.9298,0.12207,0.97659,2.5636,1.3428,-3.1739,-3.1739,-5.005,-7.6907,-7.8127,-5.3713,-5.2492,-6.4699,-4.2726,0.12207,-1.8311,-1.9532,0.97659,1.587,1.2207,1.587,3.0519,0.97659,1.2207,6.9582,12.207,13.55,12.818,11.963,10.62,5.7375,1.9532,0.36622,-4.5167,-5.3713,-10.254,-18.677,-9.0335,-4.2726,0.4883,-22.95,-46.632,-23.316,20.264,48.952,55.422,111.58,2.1973,2.0753,2.0753,1.2207,2.4415,4.2726
7.5686,3.1739,-2.6856,-1.9532,3.1739,5.3713,6.2258,5.9816,5.005,6.7141,8.4231,8.301,7.6907,8.4231,8.0569,9.0335,11.353,13.184,13.062,13.55,15.137,14.283,11.841,9.7659,11.231,14.161,15.748,14.649,12.696,12.329,12.574,12.818,13.55,15.381,12.085,14.893,19.044,17.945,15.381,18.677,16.48,17.701,17.09,10.62,17.457,26.002,30.152,31.373,41.261,57.741,57.863,45.534,7.0803,-9.0335,37.843,57.253,-39.552,-185.55,-181.28,-117.92,16.846,16.48,15.748,12.696,7.4465,4.5167
1.3428,-1.0987,-0.97659,0.97659,-0.97659,-3.4181,-5.4933,-7.5686,-10.132,-8.4231,-7.2024,-8.5452,-7.2024,-4.7609,-4.0284,-2.9298,0.24415,1.8311,2.5636,3.296,4.7609,4.7609,6.2258,7.9348,9.0335,9.1556,11.109,14.649,14.893,16.724,18.433,21.729,24.537,28.565,32.96,30.641,25.025,28.199,32.105,29.664,21.363,15.748,13.916,16.724,23.56,28.687,26.246,16.968,14.527,19.044,16.968,13.184,-1.587,-121.46,-105.35,-64.333,3.4181,61.037,30.763,-96.072,24.415,25.269,26.978,28.809,29.176,28.687
25.391,27.345,35.401,39.674,44.313,44.679,39.674,32.472,28.932,29.054,27.467,24.537,20.997,19.532,18.799,21.119,24.293,19.776,15.381,19.044,21.607,18.433,17.701,18.067,16.48,12.207,9.2776,8.5452,6.8361,4.883,2.4415,-5.005,-7.2024,-4.2726,3.4181,4.5167,0.61037,0.12207,-11.719,-16.114,2.3194,13.062,15.503,15.015,33.937,28.687,26.49,15.137,20.142,0.4883,-58.962,-31.617,-69.46,-118.78,-106.08,-19.044,99.857,81.179,-30.396,-138.07,-39.552,-26.856,-23.927,-24.293,-17.09,-7.4465
-6.7141,-9.5218,-7.6907,-8.301,-7.2024,-1.8311,0.36622,2.6856,7.3244,11.597,13.794,16.846,17.212,16.236,13.794,12.574,10.62,8.6673,8.5452,8.9114,9.0335,7.6907,6.1037,4.1505,3.0519,3.296,3.9064,6.1037,8.179,12.207,10.743,8.9114,11.963,13.184,8.179,5.4933,10.987,26.734,39.674,28.077,29.664,45.412,39.064,35.401,34.425,39.308,35.768,45.9,65.31,61.769,28.809,12.452,5.4933,-19.654,-42.604,-69.948,-165.41,-46.876,210.33,178.59,0.24415,13.428,8.6673,-6.9582,-0.61037,24.415
19.044,12.818,16.48,17.945,10.376,3.4181,-16.724,-36.744,-42.36,-32.35,-10.132,26.612,16.48,7.2024,17.579,40.773,41.261,31.617,31.129,30.885,38.087,37.477,13.55,-9.3997,-16.968,2.0753,10.01,16.358,35.035,40.895,41.383,42.848,54.323,63.112,67.019,55.788,57.863,86.428,93.142,70.193,66.53,88.26,107.55,118.41,134.77,143.19,147.83,146.12,146.86,143.56,137.21,134.53,132.69,125.61,117.31,111.09,110.11,103.4,89.969,61.647,8.5452,12.207,14.649,15.259,17.701,18.189
12.574,7.9348,8.5452,11.353,12.696,11.353,10.743,10.743,9.7659,10.743,11.597,9.888,10.865,9.7659,10.132,10.376,12.207,17.823,20.02,18.067,17.335,17.457,15.015,11.841,8.6673,6.8361,4.0284,0.61037,-1.2207,0.97659,1.709,-0.4883,-0.24415,7.0803,12.329,13.55,17.701,17.701,17.09,12.818,5.9816,7.5686,22.34,33.57,31.617,37.843,57.497,67.995,63.356,73.366,72.146,24.659,36.988,27.711,-25.147,-125.49,-176.89,-11.841,310.07,275.64,8.4231,6.7141,5.1271,5.9816,9.5218,11.719
11.475,10.62,9.2776,5.9816,3.5401,2.8077,2.5636,2.5636,3.4181,5.2492,7.0803,4.3947,3.9064,5.4933,4.7609,1.4649,-0.24415,0.73244,-1.3428,-5.7375,-7.6907,-5.4933,-5.8596,-8.179,-6.9582,-4.5167,-3.0519,-0.24415,5.1271,9.3997,14.161,24.781,32.96,30.274,21.607,33.326,40.529,35.279,20.875,40.162,61.647,61.769,56.154,53.468,57.863,60.915,72.024,82.644,82.766,60.915,46.022,76.052,11.109,-108.04,-199.84,-378.43,-106.33,286.87,324.11,103.03,-13.184,-12.696,-13.672,-12.94,-12.452,-13.184
-12.818,-11.231,-8.7893,-5.3713,-3.0519,-0.85452,0.73244,1.9532,2.9298,3.4181,4.2726,5.4933,8.9114,12.085,15.381,20.02,23.316,22.34,19.898,17.457,17.945,18.433,16.724,15.259,16.114,18.799,20.631,19.776,21.241,26.612,27.223,25.88,28.077,26.368,24.659,27.955,31.739,24.903,21.485,27.833,32.105,32.472,29.298,19.41,15.381,26.978,47.243,62.136,65.676,55.177,28.809,14.283,21.485,14.283,-38.82,-119.75,-249.03,-263.92,-95.34,189.46,-0.24415,-0.73244,0.36622,2.1973,4.2726,5.8596
5.8596,5.005,2.9298,1.0987,-0.97659,-0.97659,-0.61037,2.8077,6.8361,6.592,12.085,14.893,16.602,17.457,17.09,15.87,16.114,16.968,16.602,15.137,12.696,9.888,11.231,11.719,11.597,13.672,26.49,40.162,53.468,69.948,87.039,83.132,64.211,56.398,49.928,36.012,11.231,16.602,28.443,29.908,31.007,24.171,16.358,0.36622,14.283,29.42,9.5218,-92.776,-206.43,-136.11,-106.2,4.7609,4.6388,6.592,6.592,6.8361,4.2726,-0.4883,-3.296,-6.3478,-9.6438,-12.94,-14.161,-13.062,-11.963,-12.818
-13.306,-13.672,-14.405,-14.771,-14.649,-13.672,-11.841,-10.987,-11.475,-10.254,-10.62,-12.207,-9.888,-6.592,-4.3947,-0.36622,4.5167,4.7609,4.6388,7.3244,3.7843,1.2207,7.4465,13.794,22.34,33.692,39.186,43.092,54.689,41.749,35.768,28.321,11.841,8.6673,9.888,22.095,18.189,9.888,0.85452,-9.7659,-2.4415,12.085,37.233,33.448,15.137,-24.537,-190.07,-213.02,-101.32,-120.24,10.376,1.3428,3.1739,4.7609,5.3713,5.3713,6.7141,7.8127,7.5686,7.2024,5.2492,3.4181,3.1739,2.4415,4.2726,6.3478
6.9582,7.3244,6.7141,4.0284,1.8311,-1.2207,-3.4181,-4.5167,-5.6154,-6.3478,-0.12207,-8.9114,-19.898,-19.654,-13.428,-10.62,-6.8361,-3.5401,-6.4699,-6.8361,-5.8596,-3.296,-1.9532,1.4649,4.883,9.3997,11.963,12.329,16.724,23.438,28.321,26.246,25.147,29.298,28.565,41.261,55.788,43.58,31.373,40.407,26.978,11.719,11.475,51.027,53.835,-36.866,-117.44,60.427,73.122,-98.392,-103.15,-18.555,-6.4699,3.5401,7.9348,7.5686,7.0803,3.6622,-1.9532,-10.254,-16.968,-18.311,-17.945,-16.968,-15.137,-11.719
-6.592,-1.709,3.4181,10.498,13.916,15.015,14.405,11.597,7.5686,4.6388,2.0753,-1.0987,-1.587,0.61037,2.6856,3.6622,4.7609,8.179,11.963,9.2776,2.8077,1.0987,3.0519,4.2726,5.6154,8.9114,8.4231,7.3244,11.597,18.433,31.861,37.233,44.801,60.915,67.995,60.183,49.806,54.323,50.905,32.838,11.353,-21.729,-42.238,-35.157,3.296,18.921,-0.12207,-89.602,-229.38,-146.37,11.597,4.5167,4.6388,4.2726,5.005,5.6154,6.8361,6.9582,7.8127,8.9114,9.5218,9.6438,9.6438,7.9348,5.6154,5.1271
5.4933,6.8361,9.1556,11.475,14.405,16.846,18.433,19.898,21.363,22.217,23.56,25.758,28.443,31.617,34.913,38.331,43.703,48.952,52.004,56.52,62.014,64.821,67.873,69.46,68.239,65.188,55.3,49.318,48.83,47.365,42.848,44.923,30.885,13.428,24.781,50.295,41.993,28.199,19.654,20.631,26.612,45.045,87.039,89.358,113.77,201.42,270.64,334.97,340.95,326.79,303.6,2.8077,4.1505,5.3713,6.3478,6.2258,5.4933,5.1271,4.7609,5.1271,5.6154,6.3478,7.4465,8.0569,9.7659,10.987
11.719,14.161,15.503,16.48,16.968,17.457,18.677,20.997,23.316,25.636,27.833,29.908,32.96,35.768,38.453,40.651,42.482,44.191,45.412,46.144,48.097,49.074,48.708,47.609,46.999,46.754,46.266,46.754,44.923,43.825,42.848,44.069,38.209,26.368,20.875,12.574,-8.179,-16.48,-25.025,-24.659,-23.56,16.48,55.666,94.974,165.9,217.66,239.51,292.49,412.12,544.21,601.83,18.677,23.927,22.95,18.067,14.161,12.94,12.329,11.963,17.823,21.363,23.682,28.321,34.547,40.162,43.947
47.975,53.591,58.473,61.892,64.821,65.188,63.967,65.676,66.53,66.164,67.263,69.582,70.559,71.169,70.925,70.803,72.146,73.244,73.977,74.099,74.099,75.564,77.395,79.592,80.935,80.813,77.639,72.146,65.798,56.52,48.097,38.331,20.508,6.592,-0.36622,-2.0753,1.3428,-6.9582,-16.114,-15.137,0.36622,40.04,45.289,81.301,122.2,126.96,184.09,324.72,366.95,502.95,494.4,525.77,475.48,477.55,396.37,-29.176,-27.467,-22.584,-13.916,-2.5636,6.9582,15.625,20.997,20.264,16.602,11.109
5.2492,1.2207,-0.24415,0.85452,4.883,10.376,16.846,22.217,25.391,26.246,25.636,24.293,22.706,19.898,18.189,16.602,15.137,13.794,11.963,10.987,10.987,9.5218,6.2258,1.587,-1.9532,-6.592,-9.0335,-14.527,-17.09,-17.457,-20.631,-26.856,-28.443,-27.955,-24.049,-23.072,-30.519,-37.599,-39.796,-42.604,-30.885,-17.212,-5.7375,17.579,25.636,4.3947,-6.7141,12.207,46.022,96.683,155.89,210.7,292.61,343.39,382.95,0.12207,2.6856,6.8361,10.498,13.062,15.748,18.799,21.851,22.462,23.316,24.903
26.002,26.978,26.49,26.856,27.589,28.199,28.321,28.932,27.833,26.49,24.171,21.607,18.067,14.649,13.184,11.475,10.62,11.841,12.085,9.6438,9.2776,9.6438,9.6438,9.3997,12.207,16.968,19.288,26.246,27.345,26.856,22.217,13.428,5.6154,-5.7375,-26.002,-41.993,-49.562,-52.736,-63.478,-64.089,-63.601,-63.478,-42.848,-23.316,-8.5452,-6.1037,26.978,100.96,155.89,177.98,209.72,254.77,341.32,391.25,514.18,-4.3947,-4.3947,-6.2258,-6.592,-6.2258,-6.9582,-7.2024,-6.9582,-7.3244,-6.9582,-6.8361
-6.592,-5.2492,-3.9064,-2.0753,-0.4883,-0.24415,-0.24415,-0.12207,-1.709,-3.1739,-3.9064,-6.2258,-7.0803,-6.3478,-9.6438,-8.9114,-10.01,-12.452,-14.893,-17.212,-19.288,-20.875,-22.095,-25.391,-27.711,-30.274,-31.983,-31.129,-29.542,-31.129,-34.425,-38.575,-42.482,-45.534,-48.219,-48.708,-50.539,-32.96,-26.368,-11.963,-4.1505,4.6388,9.888,7.3244,3.7843,15.381,50.783,119.39,170.54,190.56,244.88,302.74,367.56,437.51,449.23,4.1505,5.7375,6.1037,5.3713,5.9816,7.6907,8.0569,8.301,9.3997,11.475,12.574
15.625,19.044,21.241,22.706,22.828,22.828,22.95,23.316,23.072,21.485,19.41,16.968,15.748,18.799,23.804,27.1,29.664,30.396,30.03,29.542,28.565,26.49,24.293,22.95,22.828,21.363,15.992,11.109,6.7141,3.0519,0.85452,-1.2207,-1.709,-5.4933,-10.865,-16.846,-23.316,-26.978,-38.942,-48.219,-44.801,-39.552,-23.194,-9.3997,-20.875,1.0987,48.585,108.28,127.57,189.09,311.17,468.76,578.39,509.41,493.42,-2.5636,0.12207,3.6622,6.2258,8.5452,7.8127,4.883,4.3947,4.883,5.7375,6.4699
8.6673,9.888,10.62,11.841,13.672,15.381,15.259,15.381,15.015,12.452,9.6438,5.005,0.73244,-2.3194,-6.1037,-9.2776,-11.841,-17.09,-18.433,-16.358,-16.236,-18.677,-22.217,-24.537,-26.49,-27.1,-29.908,-31.617,-32.96,-31.495,-26.124,-21.363,-18.433,-19.166,-26.734,-39.674,-54.323,-63.601,-64.699,-53.713,-37.355,-12.574,7.0803,38.087,57.985,87.893,131.96,176.64,201.06,184.45,193.24,243.66,311.04,347.91,444.72,10.376,14.161,16.358,18.433,19.654,20.142,18.189,16.358,16.114,14.283,13.916
13.916,12.329,11.475,12.574,12.818,11.475,8.301,5.8596,4.3947,3.296,0.61037,-0.73244,-4.0284,-8.5452,-10.865,-10.01,-8.9114,-9.6438,-8.6673,-8.301,-5.6154,0.36622,6.2258,13.794,23.438,32.594,39.552,42.36,42.604,41.261,36.866,25.513,17.579,10.376,3.5401,-18.067,-34.913,-45.045,-49.318,-45.656,-35.89,-39.186,-21.607,-8.301,13.062,41.749,73.733,151.98,208.01,233.53,283.58,302.62,337.29,418.96,662.98,2.5636,1.3428,-0.97659,-2.3194,-4.0284,-5.2492,-5.9816,-7.6907,-6.1037,-2.6856,-0.85452
-0.12207,3.4181,7.5686,10.01,13.062,16.968,20.508,23.804,25.269,26.246,26.734,26.612,27.1,27.467,26.002,26.002,27.589,28.932,28.687,29.054,30.396,31.495,31.983,30.641,28.199,25.636,22.095,18.433,13.428,5.7375,-3.7843,-10.743,-21.729,-28.565,-31.739,-42.116,-48.83,-49.074,-47.121,-43.458,-27.1,0.36622,18.189,38.697,53.957,53.957,57.131,86.062,89.724,99.612,213.63,299.08,391.25,414.56,441.66,-4.5167,-3.296,-2.3194,-1.709,-0.73244,0.85452,2.0753,3.0519,5.8596,8.301,9.3997
10.62,9.888,11.353,13.428,14.893,15.992,18.067,18.189,18.189,17.823,16.846,14.527,13.916,13.916,14.039,13.184,12.574,12.818,12.94,12.818,14.649,15.87,14.771,14.771,14.771,12.329,8.9114,8.5452,6.7141,1.709,-0.4883,-5.1271,-12.085,-15.748,-14.161,-17.09,-30.519,-41.749,-39.796,-38.087,-33.937,-24.903,-9.888,14.893,39.186,67.141,102.05,130.74,178.59,274.3,344.98,368.18,430.07,469.13,613.3,19.532,18.189,16.236,15.87,16.236,14.405,15.137,16.236,16.114,18.677,19.654
19.288,19.532,20.631,21.363,21.973,23.316,24.781,25.391,26.734,27.955,29.664,31.129,33.448,34.791,36.012,37.721,39.43,40.162,38.697,31.373,23.438,18.677,10.498,2.6856,-4.1505,-4.2726,-3.9064,-0.85452,10.132,12.329,2.8077,-8.6673,-14.771,-15.137,-4.3947,3.4181,1.0987,3.296,-4.1505,-13.306,-19.044,-24.537,-33.57,-17.335,18.799,34.547,77.273,159.06,214,300.3,418.96,473.65,502.33,705.95,710.35,22.217,24.415,26.002,25.758,25.513,27.223,26.124,21.241,17.457,12.452,6.1037
5.1271,5.6154,4.1505,5.8596,10.01,9.0335,6.7141,4.883,5.6154,7.4465,10.376,13.916,18.067,24.415,27.833,23.438,19.776,17.945,15.748,17.335,22.217,23.56,22.706,26.978,27.955,30.763,35.035,33.326,26.612,17.701,2.9298,3.1739,-3.5401,-16.48,-25.391,-23.682,-37.843,-35.401,-34.303,-24.293,-13.428,-8.9114,-4.1505,4.0284,9.1556,23.194,87.283,165.53,226.94,241.83,274.06,300.42,390.15,482.56,672.99,23.316,16.724,11.353,15.137,21.485,20.142,21.485,26.246,24.049,20.508,23.438
28.932,29.908,27.467,23.438,18.799,15.137,10.865,9.1556,10.254,14.283,20.142,22.95,24.293,28.443,31.495,33.204,37.843,39.674,39.552,41.139,42.116,45.167,46.999,45.534,43.214,40.773,36.134,31.373,26.734,20.508,15.015,8.9114,3.1739,-3.1739,-21.485,-36.988,-55.3,-64.333,-53.468,-40.895,-68.484,-73.244,-54.811,-8.7893,31.739,57.863,95.096,109.38,178.23,248.54,277.72,324.84,399.67,502.46,796.53,9.7659,15.503,18.921,17.579,13.306,12.696,14.405,12.818,10.743,8.301,5.4933
0.85452,-2.9298,-4.5167,-5.6154,-4.883,-2.5636,-0.85452,-0.36622,0.4883,-0.36622,-2.4415,-3.4181,-3.0519,-3.4181,-5.1271,-5.8596,-5.005,-2.1973,0.4883,4.7609,10.498,12.818,13.184,11.231,6.3478,1.0987,-8.0569,-15.87,-21.729,-29.298,-35.035,-42.604,-46.999,-55.91,-64.333,-70.437,-75.076,-60.183,-60.671,-57.253,-47.487,-31.373,-12.085,7.8127,35.279,86.673,147.95,230.23,315.81,357.55,425.67,461.81,471.69,459.61,649.8,21.729,23.927,23.072,16.724,9.1556,4.3947,-5.3713,-19.288,-21.607,-23.316,-27.467
-20.997,-6.592,8.4231,23.438,29.542,29.664,27.711,25.391,18.189,13.306,9.6438,9.0335,10.987,11.353,11.475,9.3997,7.3244,2.9298,-0.61037,-2.4415,-2.8077,-6.592,-14.039,-22.34,-29.054,-30.152,-30.519,-30.885,-28.809,-26.246,-26.49,-27.833,-30.152,-36.866,-55.177,-67.873,-93.387,-96.927,-97.171,-92.776,-68.117,-32.35,-1.9532,23.682,52.004,69.216,98.636,158.7,287.97,421.16,471.69,461.44,464.74,569.96,707.54,-0.36622,0.24415,2.9298,8.301,11.109,12.94,12.085,11.231,12.452,15.259,15.748
12.574,9.5218,6.8361,4.5167,2.9298,0.85452,-3.296,-5.1271,-5.8596,-4.3947,-3.4181,-4.883,-6.1037,-2.0753,-3.6622,-10.987,-15.259,-19.288,-24.049,-28.077,-30.641,-31.495,-31.007,-28.565,-25.025,-21.607,-18.677,-16.846,-16.114,-16.358,-19.41,-24.293,-28.565,-33.815,-37.721,-40.895,-39.796,-38.087,-38.453,-39.43,-36.5,-53.591,-86.673,-96.316,-123.29,-148.69,-149.3,-140.87,-185.92,-244.39,-308.6,-450.58,-554.7,-670.8,-704.98,-632.22,-512.1,-389.54,-389.9,-454.24,-411.15,-236.82,-126.59,-213.26,-143.8,-90.579
-98.514,-80.203,-5.005,17.579,-29.664,-54.079,-83.01,-89.846,-65.92,-79.958,-39.552,-30.519,-9.7659,15.137,34.913,45.289,44.435,4.6388,9.888,40.651,-11.597,-7.8127,-3.6622,1.709,6.1037,9.3997,12.085,12.207,12.329,13.916,14.405,17.212,19.654,18.799,15.259,12.696,11.963,8.7893,-5.7375,-22.34,-21.485,-14.283,-24.293,-34.547,-30.763,-18.921,-5.6154,-7.4465,-7.5686,22.706,40.773,27.345,-8.4231,6.2258,7.6907,5.005,2.0753,1.709,4.3947,7.0803,9.0335,9.2776,9.3997,7.2024,5.6154,7.4465
8.7893,8.5452,6.592,4.5167,2.1973,1.587,0.85452,0,-1.3428,-3.0519,-3.9064,-5.005,-5.1271,-4.7609,-3.1739,-0.85452,0.61037,0.97659,-0.97659,-2.4415,-2.5636,-2.0753,-1.2207,-1.0987,0,4.5167,6.9582,9.0335,12.085,15.748,17.335,17.701,18.799,18.311,12.085,-0.24415,-6.2258,-15.87,-21.607,-19.41,-10.62,-9.1556,-19.776,-29.664,-42.482,-56.887,-61.769,-56.764,-55.666,-32.716,-26.124,-3.0519,3.9064,-5.9816,-4.1505,-3.9064,-4.5167,-4.883,-6.2258,-4.7609,-4.2726,-2.0753,0.4883,2.0753,1.8311,2.6856
2.0753,1.709,-1.3428,-2.3194,-0.97659,0.97659,2.4415,3.5401,4.1505,4.5167,3.7843,2.5636,0.73244,-0.73244,-1.4649,-3.4181,-5.2492,-6.1037,-5.7375,-2.3194,-1.2207,2.1973,3.7843,6.7141,10.01,12.696,14.161,14.649,11.841,5.7375,1.4649,-2.9298,-6.9582,-8.301,-7.2024,-3.5401,-7.0803,-7.9348,-8.0569,-2.1973,1.2207,-1.587,-7.4465,-14.283,-15.87,-24.415,-40.04,-42.848,-62.624,-38.942,67.263,69.46,31.861,1.9532,-1.2207,-3.4181,-3.5401,-2.0753,0.85452,3.1739,5.7375,7.3244,6.7141,6.1037,5.9816,6.592
8.0569,9.6438,10.865,11.963,12.574,11.353,9.3997,6.7141,4.5167,3.296,2.6856,2.5636,2.5636,2.3194,1.709,0.97659,1.2207,1.2207,3.6622,5.9816,8.301,9.888,10.743,10.865,10.865,10.254,9.888,7.6907,5.7375,5.1271,7.0803,7.6907,6.8361,2.8077,1.3428,-1.9532,-2.1973,1.8311,5.6154,-0.24415,-5.1271,-12.574,-16.48,-19.532,-10.743,-17.945,-60.305,-67.507,42.726,81.301,44.557,24.171,-95.462,-3.7843,-3.4181,-3.6622,-4.2726,-5.1271,-6.9582,-7.5686,-7.2024,-7.8127,-6.592,-4.883,-3.1739,-1.4649
-1.0987,-1.0987,-1.2207,-0.73244,-0.24415,0.12207,1.0987,2.8077,5.6154,8.5452,10.865,11.963,12.085,12.207,12.207,12.329,12.818,14.039,15.381,17.335,17.212,15.137,12.207,10.498,8.7893,6.9582,5.8596,6.1037,7.0803,6.7141,5.9816,3.9064,-3.4181,-4.0284,-5.1271,-4.6388,-3.0519,-4.7609,-10.376,-16.358,-22.095,-23.56,-15.015,-3.9064,-3.0519,-1.0987,-7.9348,-32.594,-59.328,-45.289,2.5636,3.4181,-11.963,0.4883,1.0987,0.73244,1.2207,1.709,-0.12207,-0.73244,-0.97659,-0.61037,0.97659,3.1739,4.2726,4.3947
3.4181,3.296,2.5636,0.36622,1.3428,0.4883,0.97659,2.3194,1.2207,0.4883,-0.24415,-2.0753,-2.9298,-2.5636,-3.296,-2.5636,-2.6856,-2.8077,-4.7609,-6.2258,-3.5401,-0.61037,2.5636,5.005,4.1505,2.3194,0.24415,-1.4649,-4.0284,-8.6673,-16.236,-18.433,-25.88,-28.932,-29.908,-27.955,-25.147,-24.049,-20.997,-15.259,-17.579,-21.851,-19.166,-10.01,-27.345,-35.401,-3.4181,3.296,53.102,83.254,51.271,29.786,2.3194,-7.6907,-3.6622,-1.4649,-1.3428,-3.6622,-6.8361,-9.1556,-10.254,-9.2776,-6.8361,-5.2492,-4.3947,-3.6622
-3.4181,-4.0284,-4.1505,-4.2726,-3.296,-3.296,-4.3947,-5.2492,-7.9348,-6.3478,-6.8361,-6.3478,-7.6907,-9.1556,-10.01,-10.498,-11.109,-11.231,-10.132,-12.818,-7.3244,-5.6154,-4.2726,-2.4415,0.24415,5.3713,8.301,9.2776,11.475,11.109,7.9348,3.296,0.24415,-5.8596,-10.865,-15.87,-20.631,-24.659,-26.246,-22.095,-15.381,-9.5218,-3.5401,-6.9582,-7.9348,-7.0803,-2.0753,-16.968,-2.1973,41.017,58.351,60.549,146.49,1.709,0.61037,-0.36622,-0.73244,0.73244,3.5401,5.6154,7.4465,8.0569,7.6907,6.592,5.1271,2.9298
1.4649,0,-0.73244,-0.73244,-1.0987,-1.9532,-3.4181,-5.6154,-7.6907,-8.6673,-9.5218,-9.1556,-8.179,-5.6154,-5.005,-4.0284,-3.1739,-2.5636,-1.0987,1.587,4.883,7.0803,10.132,11.963,11.597,11.597,11.841,12.207,14.771,19.532,23.927,27.833,25.758,17.212,5.1271,-8.301,-11.719,-15.137,-16.724,-15.015,-12.085,-5.2492,3.5401,2.4415,-1.4649,-9.2776,-36.622,-71.535,-57.131,27.711,69.704,16.602,-37.721,10.376,15.137,19.776,23.927,29.298,34.425,38.575,38.82,34.181,31.007,28.199,25.391,23.072
19.654,14.405,9.888,6.3478,4.0284,2.4415,2.4415,1.8311,0.4883,-0.24415,-0.73244,-4.1505,-6.7141,-7.9348,-8.301,-3.5401,-2.0753,-0.24415,-1.587,-3.7843,-5.1271,-5.9816,-5.3713,-3.4181,-6.8361,-5.8596,0,0.36622,0.24415,1.0987,0.85452,-0.73244,-1.587,-0.73244,-1.3428,-5.3713,-6.8361,-4.0284,-1.2207,1.8311,5.8596,7.3244,2.5636,-9.5218,-19.532,-2.8077,4.1505,-32.716,-60.793,-20.142,29.908,-15.748,-13.428,1.587,1.587,0.73244,0.4883,0.4883,1.587,2.6856,3.6622,3.4181,5.1271,4.3947,2.9298,2.9298
5.2492,4.0284,2.0753,2.1973,2.8077,1.3428,0.97659,-4.1505,-10.743,-11.475,-9.0335,-2.6856,3.5401,7.2024,1.4649,4.5167,12.696,17.945,16.602,10.743,3.296,18.433,38.087,52.004,68.484,83.01,102.3,150.27,165.04,92.288,20.997,-113.77,-421.77,-386.61,-65.188,154.18,224.01,144.78,-105.72,-165.04,-53.835,0,-30.03,-33.815,-15.992,0.85452,-12.574,5.005,34.547,31.739,41.749,104.01,-53.102,1.3428,10.254,11.475,9.3997,8.179,9.7659,9.1556,7.5686,6.7141,6.592,6.2258,5.8596,5.3713
2.8077,-0.85452,-3.1739,-4.5167,-5.3713,-7.2024,-8.301,-8.0569,-8.4231,-8.4231,-7.9348,-8.0569,-8.179,-9.1556,-8.6673,-7.2024,-5.7375,-4.1505,-3.5401,-2.8077,-2.8077,-1.9532,-1.9532,-2.3194,-3.9064,-5.3713,-6.1037,-6.2258,-3.4181,-0.61037,2.1973,3.4181,3.4181,1.3428,-7.8127,-14.039,-11.231,-14.527,-9.1556,-0.85452,15.503,20.264,16.724,26.124,40.162,46.754,35.646,13.306,0.73244,16.358,81.057,167.73,120.73,9.6438,4.1505,-0.24415,-1.8311,-2.0753,-2.5636,-3.5401,-4.0284,-3.9064,-2.9298,-2.3194,-1.709,-1.2207
-1.0987,-0.4883,0.97659,2.9298,3.9064,4.2726,2.3194,1.4649,2.1973,2.6856,3.4181,3.1739,3.4181,4.1505,2.6856,-0.73244,-4.3947,-6.7141,-7.8127,-8.5452,-9.3997,-10.132,-10.62,-11.231,-11.109,-11.231,-12.085,-14.283,-15.748,-17.09,-14.771,-15.625,-13.062,-13.428,-14.283,-16.846,-2.8077,12.329,19.166,10.62,11.353,26.49,36.256,50.172,56.276,45.534,25.025,-1.4649,-8.0569,36.256,133.79,247.08,36.378,-13.306,-13.184,-7.9348,-2.3194,2.1973,3.7843,3.5401,3.296,1.2207,0.4883,2.4415,1.9532,-0.4883
-0.4883,1.587,1.709,-0.61037,-2.9298,-4.6388,-6.592,-6.9582,-8.0569,-9.0335,-8.5452,-7.8127,-7.9348,-8.5452,-9.5218,-9.6438,-9.7659,-8.9114,-8.4231,-9.0335,-10.498,-11.475,-9.888,-8.301,-7.5686,-8.301,-7.8127,-6.8361,-8.179,-12.207,-12.207,-10.498,-10.743,-15.381,-20.264,-17.823,-12.574,5.4933,19.166,12.452,15.625,33.57,43.58,35.89,21.363,29.054,53.713,118.66,198.49,148.44,-98.27,-306.53,3.9064,11.475,19.41,22.462,20.02,16.602,11.719,6.592,3.6622,5.4933,9.2776,11.719,11.597,9.0335
5.9816,5.005,4.3947,2.6856,0.61037,-0.73244,0,-0.97659,-2.5636,-1.9532,-0.36622,-0.12207,-0.36622,-0.85452,-1.2207,-1.4649,-2.3194,-3.296,-3.9064,-4.0284,-2.3194,1.3428,4.0284,-1.9532,-7.3244,-9.888,-6.1037,-2.4415,-2.5636,0.12207,1.709,1.3428,1.8311,3.4181,6.1037,8.301,12.818,21.485,25.758,32.228,38.087,42.726,40.407,57.497,88.992,100.1,91.311,75.686,111.21,133.06,-25.88,-300.3,-2.6856,-2.6856,-2.3194,-3.9064,-7.3244,-9.0335,-9.7659,-10.498,-8.6673,-5.6154,-4.3947,-5.3713,-10.01,-12.329
-12.574,-11.841,-11.231,-9.7659,-8.5452,-7.5686,-6.9582,-6.8361,-6.9582,-6.592,-5.7375,-4.7609,-5.9816,-8.5452,-9.6438,-11.719,-11.963,-12.696,-13.428,-13.306,-15.015,-17.823,-19.166,-19.898,-21.119,-21.241,-20.508,-18.555,-15.503,-13.184,-9.888,-4.883,1.2207,3.296,4.1505,4.883,3.7843,-2.1973,-6.7141,-5.2492,11.475,44.557,71.535,84.964,80.447,70.315,82.034,114.14,153.69,193.49,134.04,-157.72,8.179,10.254,9.3997,5.9816,3.7843,3.1739,3.0519,3.4181,3.9064,6.4699,7.4465,7.2024,7.9348,8.0569
8.301,7.4465,7.2024,5.8596,4.883,1.587,0.73244,0.12207,-2.0753,-1.9532,-0.97659,-2.5636,-4.3947,-5.8596,-8.0569,-9.2776,-8.7893,-9.0335,-9.7659,-9.888,-8.6673,-6.592,-5.8596,-8.0569,-10.865,-14.283,-17.701,-20.264,-19.288,-14.771,-6.3478,-0.97659,0.24415,0.73244,1.0987,0.97659,3.1739,9.3997,16.846,27.833,37.111,44.679,41.139,31.617,43.092,95.34,139.53,138.55,139.77,154.42,26.612,-280.53,7.2024,7.2024,5.2492,2.4415,1.3428,-1.0987,-0.61037,-0.4883,-2.5636,-4.883,-5.8596,-7.3244,-8.179,-9.0335
-9.0335,-9.3997,-10.132,-10.376,-9.6438,-9.0335,-8.5452,-8.179,-8.179,-9.0335,-9.0335,-9.5218,-10.498,-9.3997,-8.4231,-8.0569,-7.9348,-9.0335,-10.987,-12.329,-11.597,-8.179,-4.6388,-3.296,-4.883,-7.5686,-10.376,-10.743,-6.7141,-3.0519,-2.1973,1.709,7.5686,13.184,14.893,16.602,22.095,33.937,36.988,39.796,44.679,47.731,48.708,46.388,41.139,41.505,63.478,90.335,86.428,163.58,207.16,-88.015,-15.503,-16.236,-17.579,-11.841,-7.3244,-6.3478,-5.9816,-6.7141,-7.8127,-8.7893,-9.3997,-9.888,-8.9114,-5.6154
-2.5636,-0.73244,0.85452,1.2207,0.12207,-3.1739,-6.592,-9.3997,-11.963,-12.818,-14.283,-12.94,-12.818,-12.329,-11.963,-12.329,-12.818,-13.062,-14.405,-15.87,-15.503,-14.161,-14.527,-17.945,-22.217,-23.804,-22.462,-16.358,-11.231,-4.3947,1.4649,7.5686,8.5452,3.6622,0,-11.109,-13.55,-5.4933,-1.9532,1.9532,9.3997,18.433,36.012,47.609,58.718,75.564,114.51,138.68,93.265,37.843,-34.913,-68.239,-5.9816,-10.743,-12.452,-13.184,-12.94,-10.254,-22.34,-34.303,-47.121,-51.515,-51.881,-42.238,-31.617,-27.711
-30.152,-35.157,-37.477,-40.04,-33.57,-30.763,-21.729,-15.992,-11.231,-2.9298,6.9582,23.072,40.895,18.067,-36.012,-48.463,-42.97,-47.731,-51.149,-28.565,-6.592,8.6673,20.753,27.589,21.851,19.41,-16.846,-16.236,12.085,26.246,34.425,46.51,56.032,52.126,44.679,38.087,25.513,11.719,-2.9298,-7.6907,-15.015,-24.659,-28.932,-30.274,-26.124,-23.438,-18.189,1.0987,15.137,25.025,61.647,53.835,-16.968,-14.893,-10.01,-8.0569,-8.179,-9.0335,-9.0335,-5.9816,-2.1973,0.85452,1.709,1.4649,1.4649,0.4883
-2.1973,-4.3947,-3.9064,-2.0753,-2.3194,-3.6622,-5.9816,-8.179,-10.132,-10.62,-9.888,-9.1556,-7.8127,-8.7893,-9.2776,-6.4699,-4.6388,-2.6856,-2.9298,-4.6388,-4.7609,-4.5167,-4.5167,-5.4933,-5.005,-4.0284,-3.0519,-3.4181,-6.3478,-6.8361,-1.587,5.8596,4.5167,-0.12207,-0.85452,-0.36622,-0.4883,-7.3244,-3.0519,14.893,24.415,39.186,60.427,76.296,78.616,55.177,33.692,68.606,187.75,222.17,-151.25,-573.38,60.915,46.388,10.743,-8.9114,-7.6907,-14.161,-16.114,-1.9532,-7.4465,-31.007,-52.248,-63.967,-73.855,-85.086
-90.579,-81.057,-66.897,-63.112,-73,-90.823,-90.823,-68.361,-34.181,18.311,81.423,108.65,107.18,94.241,74.831,40.773,-17.335,-35.89,-18.555,-27.955,-48.341,-50.661,-38.82,-27.955,-24.781,-24.659,-5.9816,-5.6154,-23.072,-57.741,-64.577,-65.188,-62.746,-67.629,-73.366,-66.286,-63.356,-61.769,-68.361,-75.808,-72.878,-73.855,-78.982,-76.052,-78.127,-92.654,-77.517,-69.094,-66.164,-64.211,-50.05,-29.908,-207.4,-122.07,-104.98,-190.56,-139.16,-65.92,-19.288,1.3428,4.0284,-4.6388,-28.565,-6.7141,46.144,75.32
89.236,93.387,79.836,98.148,53.591,27.467,14.039,-10.132,12.574,44.435,20.02,-1.8311,-22.828,-3.7843,1.0987,36.744,37.355,33.692,37.843,19.898,6.3478,3.6622,-4.0284,-8.301,3.6622,15.87,23.682,27.223,24.415,16.846,10.498,-3.296,-17.212,-31.861,-40.284,-45.656,-51.393,-55.3,-52.004,-41.871,-32.472,-23.316,-20.02,-26.978,-31.007,-23.804,-7.9348,0.36622,-5.4933,20.631,32.35,20.386,-17.945,-22.584,-26.368,-30.519,-35.768,-38.087,-36.744,-34.425,-31.007,-24.293,-20.875,-19.654,-13.306,-0.97659
1.2207,1.709,1.3428,-2.5636,-10.01,-20.753,-38.697,-52.492,-56.154,-59.938,-55.544,-53.713,-49.44,-45.534,-47.121,-52.37,-56.276,-57.253,-58.351,-55.422,-51.759,-47.975,-44.069,-43.825,-42.238,-38.209,-36.622,-39.796,-40.773,-53.591,-64.333,-72.024,-78.616,-79.348,-73.244,-65.676,-57.375,-49.562,-48.463,-51.515,-60.549,-75.076,-92.654,-114.14,-141.73,-168.71,-199.22,-218.51,-258.92,-305.06,-209.23,-34.059,-24.781,-14.527,-4.3947,3.5401,4.1505,4.5167,4.1505,1.9532,-0.85452,-5.8596,-14.405,-22.34,-28.199,-37.477
-42.97,-44.679,-44.313,-38.087,-31.861,-32.228,-34.425,-38.453,-42.848,-46.51,-47.243,-46.51,-47.243,-48.585,-51.881,-57.131,-62.502,-67.507,-72.146,-74.587,-74.831,-73.611,-74.343,-75.32,-73.733,-67.385,-63.112,-56.887,-53.835,-60.183,-71.657,-84.475,-91.433,-98.025,-101.81,-103.76,-102.3,-104.25,-102.18,-94.607,-99.979,-125.25,-175.18,-218.76,-208.99,-198.25,-227.67,-247.08,-281.5,-315.32,-198.74,18.189,10.743,2.1973,-0.61037,0.36622,2.3194,0.73244,1.709,-3.0519,-12.696,-23.438,-30.763,-32.35,-29.176,-22.95
-18.067,-14.283,-11.719,-11.109,-13.794,-19.288,-24.781,-30.274,-36.256,-39.918,-43.214,-43.947,-43.58,-43.947,-45.045,-46.632,-48.341,-50.661,-52.492,-54.201,-55.788,-57.741,-60.793,-66.042,-70.437,-73.855,-75.93,-76.296,-77.517,-74.953,-71.169,-66.286,-59.938,-50.295,-39.552,-34.059,-34.669,-42.36,-28.565,-25.147,-23.927,-21.973,-40.895,-66.897,-89.969,-126.35,-175.66,-214.97,-242.81,-250.62,-349.99,5.005,4.0284,1.8311,0.24415,-0.4883,-2.1973,-4.2726,-5.6154,-8.301,-12.329,-15.87,-20.264,-25.025,-30.885,-36.256
-42.238,-44.679,-43.703,-41.749,-39.308,-41.017,-29.298,-34.669,-50.295,-52.126,-55.3,-55.788,-57.253,-58.718,-60.06,-62.258,-63.356,-64.577,-63.845,-62.868,-67.873,-69.704,-69.338,-72.512,-76.296,-87.527,-91.433,-93.02,-94.485,-92.898,-89.846,-79.958,-73.366,-62.258,-54.201,-45.9,-37.965,-31.983,-30.519,-34.669,-41.017,-70.925,-115.6,-150.64,-181.04,-216.07,-258.31,-318.37,-353.89,-381.97,-577.41,23.682,11.353,-2.9298,-8.179,-8.6673,-5.9816,-0.36622,1.587,-0.4883,-9.888,-21.607,-35.768,-48.952,-58.351,-60.427
-58.962,-53.468,-47.121,-41.993,-38.331,-43.825,-45.534,-47.853,-50.417,-50.905,-50.417,-50.661,-51.515,-51.271,-48.219,-49.318,-51.271,-53.835,-55.177,-50.661,-53.957,-58.84,-60.915,-58.596,-68.728,-74.343,-84.719,-98.514,-108.4,-108.65,-100.96,-86.428,-70.193,-59.45,-53.224,-42.116,-35.401,-52.492,-64.333,-85.818,-108.4,-128.18,-145.02,-156.38,-169.32,-196.17,-241.95,-332.41,-378.19,-459.61,-490.01,-8.6673,-4.5167,-6.592,-18.189,-33.815,-46.51,-53.224,-49.44,-41.749,-35.157,-27.223,-23.316,-23.56,-27.955,-29.664
-37.233,-42.36,-43.092,-44.435,-45.167,-48.341,-51.393,-54.323,-55.177,-53.224,-51.515,-51.027,-52.858,-53.591,-54.567,-54.079,-53.102,-55.666,-58.84,-65.676,-73.122,-78.494,-89.114,-95.95,-101.81,-105.96,-111.7,-114.87,-115.36,-112.06,-108.04,-100.22,-91.556,-82.766,-74.587,-65.92,-58.84,-59.084,-71.047,-76.907,-96.927,-143.93,-185.43,-196.91,-191.41,-207.28,-256.6,-320.81,-375.26,-296.64,-501.24,5.6154,1.3428,0.4883,0.4883,1.0987,1.2207,-0.4883,-3.5401,-9.2776,-17.701,-24.537,-31.983,-41.871,-50.05,-54.689
-57.375,-59.45,-60.06,-58.962,-55.91,-51.149,-46.999,-47.975,-51.515,-55.788,-58.718,-61.037,-64.577,-67.141,-69.216,-73,-71.902,-77.761,-80.081,-81.912,-82.034,-83.01,-82.888,-81.912,-79.714,-77.151,-75.808,-73.489,-73,-67.385,-55.544,-39.186,-19.166,-3.9064,2.3194,15.015,20.02,8.4231,-18.921,-36.5,-55.91,-81.423,-125,-180.06,-241.1,-290.66,-333.26,-387.83,-431.65,-389.42,-360,-7.2024,-15.259,-21.973,-22.584,-20.508,-16.602,-12.329,-9.6438,-9.3997,-11.963,-14.893,-19.044,-23.194,-25.513,-23.804
-30.763,-37.965,-43.092,-46.754,-50.783,-52.37,-52.004,-52.004,-50.539,-52.37,-55.91,-60.06,-66.042,-72.146,-78.249,-81.79,-82.4,-81.912,-85.452,-83.499,-88.626,-88.748,-88.015,-84.353,-82.034,-78.127,-74.343,-72.756,-65.554,-55.91,-43.336,-33.204,-26.002,-22.095,-15.015,-7.5686,-11.353,-7.8127,-22.584,-36.5,-53.835,-86.55,-129.89,-176.89,-233.28,-267.59,-297.37,-367.93,-430.31,-364.02,-342.66,26.002,34.181,30.03,17.457,6.7141,-1.0987,-5.005,-5.7375,-3.6622,-3.296,-8.6673,-18.311,-28.443,-35.89,-41.749
-43.092,-43.825,-44.191,-44.313,-46.51,-49.684,-55.91,-60.549,-61.647,-60.427,-55.422,-48.097,-41.505,-38.453,-38.331,-41.993,-46.632,-51.393,-55.666,-60.915,-65.92,-68.728,-69.704,-70.925,-65.554,-54.079,-47.365,-40.162,-31.617,-23.316,-11.963,-8.301,-10.498,-25.025,-38.209,-48.341,-42.238,-40.651,-51.149,-72.268,-103.15,-131.72,-166.51,-191.66,-216.19,-271.86,-374.28,-447.65,-396.13,-370.37,-605.61,-27.955,-16.602,-4.883,7.2024,17.701,20.875,22.34,17.823,7.9348,-1.4649,-7.8127,-8.179,-6.3478,-4.2726,-5.2492
-7.5686,-9.888,-9.888,-11.963,-12.329,-11.841,-7.5686,-5.7375,-10.254,-18.189,-27.955,-36.378,-43.825,-45.534,-44.679,-41.871,-40.407,-44.557,-53.835,-67.019,-80.813,-84.841,-70.681,-64.455,-69.948,-47.609,-25.636,-32.472,-37.721,-30.152,-22.34,-12.207,-0.24415,9.0335,12.329,8.7893,-23.316,-48.585,-80.203,-124.39,-185.06,-253.91,-315.2,-333.38,-328.01,-354.75,-432.87,-457.53,-263.31,-452.53,-706.93,-555.93,-530.41,-473.4,-375.38,-401.26,-164.31,-80.813,-84.475,4.7609,72.146,50.172,-24.659,-134.65,-205.82,-257.21
