1.8671,1.8483,1.7823,1.6954,1.6425,1.6632,1.7044,1.6967,1.7011,1.6692,1.7371,1.7928,1.8776,1.9805,2.0667,2.1624,2.2672,2.3436,2.4199,2.4855,2.5078,2.4766,2.4636,2.5413,2.6558,2.8322,2.8617,2.7246,2.6128,2.4823,2.3241,2.1667,2.0117,1.8517,1.7451,1.6577,1.7079,1.7641,1.7468,1.7305,1.7417,1.786,1.8202,1.8311,1.8306,1.8561,1.8908,1.9084,1.9123,1.8976,1.882,1.8722,1.8724,1.8937,1.9061,1.8631,1.8489,1.8542,1.8651,1.8803,1.8709,1.8796,1.897,1.8883,1.9004,1.6826
1.7444,1.7947,1.8362,1.7347,1.6523,1.6235,1.6597,1.7099,1.7702,1.8459,2.119,2.4905,2.6725,2.7395,2.9358,2.9859,2.9978,2.8674,2.7184,2.5149,2.4341,2.3792,2.3757,2.3357,2.3451,2.3154,2.3081,2.2447,2.1755,2.0679,1.8829,1.8643,1.7987,1.7561,1.7106,1.7221,1.7503,1.7742,1.7883,1.8304,1.8572,1.8887,1.9126,1.8943,1.8962,1.8913,1.8398,1.8222,1.7705,1.7337,1.6954,1.6336,1.532,1.4369,1.402,1.3568,1.3503,1.3524,1.4037,1.4835,1.5738,1.67,1.7625,1.8276,1.8707,1.8841
1.8745,1.8703,1.8631,1.8267,1.8092,1.7855,1.7687,1.7981,1.8197,1.8298,1.8731,1.8479,1.9253,1.8784,1.857,1.8273,1.7999,1.7427,1.76,1.7789,1.8192,1.8803,1.9862,2.0999,2.2526,2.5146,2.7064,2.7315,2.9247,3.0146,2.9661,2.7217,2.4093,2.2072,2.093,2.0885,2.1182,2.1461,2.1287,2.0933,2.1129,2.0866,2.0867,2.0517,2.029,2.002,1.9694,1.9128,1.9013,1.8926,1.905,1.9054,1.898,1.879,1.8224,1.7992,1.7472,1.7149,1.683,1.6667,1.6321,1.5751,1.5274,1.4655,1.4313,1.8572
1.8627,1.8905,1.9108,1.9336,1.9615,1.9832,1.9825,1.952,1.9176,1.899,1.8713,1.8333,1.7907,1.7632,1.7556,1.743,1.7579,1.7792,1.7499,1.7046,1.7153,1.7232,1.7787,1.8085,1.877,2.035,2.2386,2.4377,2.6369,2.7313,2.8167,2.8663,2.8064,2.5935,2.3197,2.1811,2.0951,2.0899,2.1459,2.1232,2.1963,2.2558,2.2328,2.206,2.1716,2.0871,2.0144,1.9444,1.9499,1.9384,1.9165,1.9811,1.9789,2,1.9699,1.9297,1.9164,1.8817,1.8612,1.8443,1.8374,1.8189,1.7898,1.6867,1.7127,1.8678
1.7795,1.7524,1.7337,1.7462,1.7176,1.7772,1.8824,1.905,1.8614,1.8745,1.9437,1.9118,1.8275,1.9387,2.0226,1.9242,1.8365,1.7944,1.7777,1.7376,1.7784,1.752,1.7583,1.9524,2.1121,2.3541,2.6478,2.6968,2.6882,2.7789,2.8723,2.7109,2.5102,2.3322,2.235,2.1713,2.1343,2.081,2.0987,2.1763,2.2141,2.2102,2.2021,2.1436,2.1161,2.0188,1.9766,1.9664,1.9576,1.9341,1.9123,1.8721,1.841,1.8064,1.8103,1.7857,1.7791,1.7716,1.7429,1.7506,1.7697,1.8026,1.8207,1.816,1.8242,1.8808
1.8958,1.9155,1.9538,1.9432,1.9401,1.9326,1.9176,1.8909,1.8674,1.8656,1.8864,1.8712,1.8475,1.8132,1.7348,1.5845,1.7037,1.8398,1.8407,1.8444,1.8256,1.9307,1.768,1.7049,1.6688,1.7254,1.825,1.862,1.9032,2.1745,2.4455,2.7082,2.7617,2.7937,2.9685,3.08,2.9863,2.7617,2.4833,2.3974,2.3817,2.387,2.4087,2.4175,2.4562,2.4312,2.3579,2.3328,2.2012,2.0954,1.991,1.9504,1.9268,1.8703,1.8517,1.8095,1.7695,1.7342,1.6607,1.6329,1.6077,1.6099,1.5843,1.4769,1.4134,1.9244
1.9335,1.9287,1.9052,1.8952,1.8803,1.8792,1.8681,1.8638,1.8575,1.8418,1.868,1.8772,1.8623,1.8574,1.7787,1.8205,1.7742,1.7585,1.711,1.7001,1.7324,1.7649,1.8118,1.8539,1.9634,2.0889,2.2532,2.3521,2.479,2.5807,2.6815,2.8333,2.8022,2.6776,2.4992,2.292,2.1394,2.1121,2.1591,2.1551,2.1623,2.1111,2.0674,2.0308,2.0652,2.0717,2.0933,2.0711,2.0347,2.0181,2.019,2.042,2.0388,2.0347,2.0385,1.9958,1.9191,1.8559,1.8099,1.784,1.7259,1.6857,1.6404,1.6659,1.6239,1.9217
1.917,1.9105,1.8917,1.8776,1.8638,1.858,1.8831,1.8844,1.8913,1.8471,1.8599,1.833,1.8341,1.8194,1.8297,1.8115,1.803,1.7688,1.7477,1.7305,1.7336,1.7622,1.7812,1.7977,1.8372,1.9034,2.1289,2.2961,2.4433,2.5351,2.698,2.8413,2.8875,2.8178,2.5969,2.4325,2.334,2.2983,2.3006,2.2811,2.2215,2.1949,2.1772,2.1278,2.0863,2.0844,2.1114,2.1544,2.1446,2.0782,1.9987,1.9426,1.9211,1.8707,1.8962,1.8728,1.8634,1.7957,1.7748,1.7761,1.7792,1.7298,1.6921,1.6669,1.6527,1.9503
1.9696,1.973,1.9593,1.9704,1.8926,1.8934,1.8008,1.8115,1.8435,1.792,1.7956,1.7901,1.745,1.7368,1.7752,1.8401,1.8283,1.9326,2.0816,2.0415,1.959,1.9194,1.8805,1.7869,1.7473,1.7165,1.8426,2.058,2.2657,2.5318,2.8863,3.0132,2.8816,2.6157,2.453,2.3587,2.1685,2.1519,2.1891,2.2523,2.1835,2.1791,2.2044,2.1878,2.2017,2.1989,2.1185,2.0613,2.0475,1.958,1.9566,1.9578,1.9547,1.9771,1.9355,1.9576,2.0118,2.0482,1.9821,1.9394,1.8439,1.806,1.7601,1.7211,1.7253,1.8896
1.91,1.9001,1.8904,1.8718,1.8773,1.8747,1.8738,1.8733,1.8792,1.8675,1.8536,1.8388,1.8286,1.7987,1.8294,1.8771,1.8937,1.8145,1.7495,1.7279,1.674,1.6288,1.5986,1.6486,1.7737,1.7954,1.9728,2.2856,2.7784,3.1064,3.1729,3.1743,2.8672,2.7383,2.5532,2.3921,2.3122,2.2861,2.2915,2.2631,2.2006,2.1587,2.1532,2.1422,2.1202,2.16,2.1638,2.1422,2.1094,2.063,1.9751,1.9556,1.9335,1.8929,1.8397,1.7914,1.8085,1.7838,1.772,1.7052,1.6404,1.6198,1.6516,1.6433,1.5867,1.9072
1.8843,1.8765,1.8572,1.8522,1.8381,1.8445,1.842,1.8736,1.8632,1.8462,1.8484,1.8178,1.8168,1.7895,1.7835,1.767,1.7543,1.7642,1.7768,1.8078,1.8165,1.8479,1.8545,1.9324,1.9975,2.1278,2.301,2.5232,2.6002,2.7017,2.8265,2.833,2.7405,2.5467,2.3085,2.1208,2.0589,2.0588,2.0556,2.0939,2.1559,2.1993,2.2049,2.2774,2.3431,2.3805,2.3815,2.3632,2.2817,2.2387,2.1589,2.0583,2.0002,1.9225,1.8019,1.6806,1.6233,1.5838,1.5595,1.5401,1.5218,1.5076,1.4844,1.4371,1.4643,1.8842
1.8593,1.8572,1.826,1.7891,1.7561,1.8258,1.859,1.8327,1.8372,1.84,1.8527,1.8731,1.882,1.842,1.8291,1.8089,1.7813,1.8135,1.8661,1.781,1.772,1.6954,1.7182,1.7404,1.9138,2.0913,2.3501,2.4921,2.6618,2.8744,3.0678,2.9693,2.7002,2.3892,2.2321,2.1901,2.2566,2.3603,2.3114,2.2905,2.261,2.2343,2.1645,2.0998,2.0592,2.0189,1.9508,1.9061,1.8938,1.8539,1.8139,1.814,1.834,1.8624,1.8697,1.8726,1.8549,1.8593,1.8617,1.8919,1.9118,1.9034,1.8799,1.834,1.7635,1.8425
1.8627,1.9008,1.8877,1.887,1.9158,1.9264,1.9141,1.9213,1.913,1.8879,1.8643,1.8505,1.8087,1.7856,1.7955,1.7554,1.7979,1.7444,1.7843,1.7505,1.7295,1.7105,1.6776,1.6467,1.6884,1.7171,1.7581,1.8295,1.995,2.2272,2.4972,2.706,2.8631,2.91,2.8543,2.7887,2.7218,2.5928,2.3615,2.1969,2.2034,2.1502,2.2071,2.1935,2.2171,2.223,2.2638,2.2753,2.2822,2.2242,2.1921,2.1171,2.0455,1.9704,1.9188,1.8307,1.7832,1.7466,1.7321,1.7428,1.7604,1.7557,1.7549,1.7565,1.7588,1.8985
1.8897,1.89,1.8896,1.8778,1.8699,1.855,1.8373,1.8332,1.8258,1.8447,1.8437,1.8204,1.7757,1.7899,1.7857,1.8172,1.8124,1.8139,1.7857,1.7472,1.7289,1.724,1.8078,1.8904,1.9755,2.0426,2.3059,2.5344,2.6682,2.6557,2.7793,2.7774,2.6939,2.5519,2.3342,2.237,2.2313,2.2709,2.3163,2.3088,2.2713,2.1936,2.1749,2.1533,2.0694,2.0317,2.0076,1.9895,1.969,1.984,2.0012,1.9988,1.9744,1.8968,1.868,1.8558,1.8238,1.7947,1.7225,1.6883,1.7012,1.7096,1.723,1.7492,1.749,1.8876
1.898,1.8952,1.894,1.8777,1.862,1.8651,1.8387,1.8278,1.8315,1.8471,1.8484,1.8477,1.8345,1.8236,1.8777,1.8497,1.8415,1.7896,1.7626,1.7846,1.7761,1.7716,1.7707,1.8323,1.8852,1.9751,2.2623,2.4691,2.5936,2.5493,2.631,2.7535,2.8809,2.6907,2.5093,2.3263,2.1954,2.202,2.1482,2.1591,2.2062,2.2362,2.2324,2.2041,2.1895,2.1815,2.1376,2.1048,2.0269,1.9657,1.9266,1.902,1.8893,1.8031,1.7995,1.8088,1.825,1.8114,1.7594,1.694,1.6648,1.6714,1.6862,1.6568,1.6243,1.9092
1.9087,1.8996,1.8863,1.867,1.8456,1.8473,1.833,1.8253,1.8431,1.8429,1.8523,1.8503,1.8521,1.8366,1.8153,1.8094,1.7859,1.7717,1.7827,1.7975,1.8493,1.8949,1.9435,1.9415,2.0234,2.0115,2.077,2.1466,2.2549,2.3338,2.4729,2.73,2.8646,2.8555,2.6608,2.4364,2.1833,2.077,2.0916,2.1136,2.1104,2.0912,2.0573,2.0376,2.0575,2.0448,2.023,2.0221,1.9951,1.9726,1.9696,1.9845,2.0197,2.0292,2.0188,1.9518,1.9328,1.9059,1.8826,1.8434,1.8208,1.806,1.7696,1.7471,1.6622,1.9132
1.9041,1.8732,1.886,1.8865,1.8869,1.8901,1.9012,1.8971,1.8707,1.8813,1.8635,1.8668,1.8635,1.8421,1.8271,1.7999,1.7898,1.8068,1.8115,1.8308,1.8199,1.7782,1.7804,1.7121,1.8227,1.846,1.9056,1.9807,2.1835,2.4112,2.5416,2.6157,2.7135,2.7975,2.7035,2.4946,2.3525,2.2188,2.1425,2.1677,2.1906,2.2162,2.1802,2.1837,2.2243,2.2282,2.2081,2.1812,2.1295,2.1251,2.0747,2.11,2.1263,2.0495,2.0185,1.9856,1.9707,1.9497,1.8976,1.8799,1.8509,1.8566,1.8387,1.8017,1.7647,1.8568
1.8577,1.8609,1.8109,1.8462,1.8488,1.8344,1.8471,1.8576,1.8251,1.8212,1.8297,1.8153,1.7992,1.8031,1.8066,1.7972,1.8048,1.7705,1.8467,1.8185,1.8089,1.8343,1.8931,2.008,2.1559,2.2451,2.3088,2.4158,2.6034,2.6886,2.7729,2.6804,2.4998,2.2785,2.1915,2.2057,2.2132,2.2294,2.2394,2.2164,2.1999,2.2058,2.1753,2.1552,2.1214,2.1401,2.0815,2.0634,2.0152,2.0066,1.9851,1.9589,1.9179,1.8905,1.8669,1.8579,1.8358,1.8552,1.8359,1.8388,1.8095,1.7603,1.7104,1.699,1.6559,1.9237
1.8818,1.871,1.9109,1.8558,1.8585,1.8384,1.8339,1.8192,1.827,1.7853,1.786,1.8029,1.817,1.8111,1.8092,1.8032,1.7873,1.7748,1.7897,1.739,1.7293,1.7156,1.7293,1.8682,2.0522,2.2464,2.3059,2.4242,2.7449,2.932,2.9673,2.8943,2.6467,2.4228,2.3164,2.2424,2.2636,2.3078,2.3202,2.2944,2.2578,2.2241,2.1908,2.1932,2.2094,2.2334,2.2075,2.1409,2.0832,2.05,2.0117,1.9623,1.9083,1.8455,1.8415,1.8133,1.8362,1.812,1.8312,1.7886,1.7878,1.7742,1.7391,1.6728,1.6089,1.8776
1.8715,1.9191,1.8636,1.8478,1.8608,1.8803,1.8829,1.8774,1.8926,1.8978,1.8907,1.8855,1.8518,1.8318,1.8112,1.7919,1.7958,1.7653,1.7264,1.6912,1.6895,1.7494,1.8035,1.837,1.9034,1.9706,2.056,2.206,2.4302,2.6682,2.7697,2.8201,2.7319,2.616,2.4479,2.2852,2.2529,2.2867,2.2736,2.3064,2.3368,2.3139,2.3313,2.3189,2.2953,2.2857,2.2355,2.1622,2.1144,2.0732,2.0249,1.9898,1.9517,1.9363,1.8813,1.8853,1.8509,1.8631,1.8429,1.7707,1.7132,1.642,1.5908,1.5561,1.5178,1.8959
1.8964,1.9038,1.9029,1.9039,1.8932,1.8919,1.8778,1.8594,1.8546,1.7969,1.8581,1.796,1.759,1.7273,1.7432,1.7656,1.7648,1.7582,1.7247,1.7245,1.7812,1.8441,2.0233,2.1834,2.2361,2.3434,2.4271,2.4892,2.581,2.7098,2.7236,2.6717,2.5352,2.2841,2.2177,2.2241,2.1577,2.2305,2.2615,2.2352,2.2294,2.1847,2.1853,2.153,2.1094,2.0533,2.0408,2.0284,2.0623,2.0974,2.1019,2.0719,2.0232,1.9583,1.8998,1.8151,1.7552,1.7322,1.725,1.7399,1.7138,1.6655,1.6627,1.6135,1.5126,1.467
1.3904,1.3572,1.3585,1.3525,1.3662,1.4192,1.4837,1.5798,1.6672,1.757,1.8076,1.8783,1.8655,1.8788,1.9012,1.9419,1.9445,1.9022,1.8542,1.8091,1.8316,1.8278,1.8394,1.9198,1.9366,1.9005,1.8778,1.8736,1.8754,1.89,1.8904,1.8902,1.9054,1.9029,1.91,1.9222,1.8817,1.8795,1.8981,1.8905,1.9007,1.9076,1.8832,1.8795,1.8874,1.8885,1.9011,1.933,1.9107,1.9111,1.8797,1.9437,1.9348,1.9132,1.9024,1.9103,1.9339,1.889,1.8918,1.8961,1.8681,1.8189,1.8151,1.8809,1.9249,1.9274
1.922,1.9063,1.9595,1.9323,1.8948,1.9065,1.8821,1.8819,1.9371,1.8952,1.8751,1.9372,1.9378,1.9847,1.9502,1.8884,1.8051,1.8165,1.8552,1.8798,1.8207,1.8171,1.8316,1.8465,1.8725,1.8826,1.9115,1.8747,1.8,1.8249,1.855,1.883,1.8843,1.8089,1.7445,1.7215,1.7368,1.7513,1.6643,1.6199,1.6364,1.5793,1.4322,1.1828,0.99639,1.0935,1.2332,1.2991,1.3273,1.434,1.9625,1.9616,1.9574,1.9432,1.9584,1.9672,1.9499,1.9803,1.9764,1.9883,1.9966,2.0187,2.0424,2.1147,2.1507,2.2023
2.3018,2.3637,2.3476,2.3118,2.2777,2.2381,2.2478,2.2092,2.1613,2.132,2.0768,1.97,2.0366,2.0553,2.1929,2.2547,1.7125,1.7565,1.8203,1.8568,1.8826,1.8797,1.9068,1.9678,1.9641,1.9024,1.9265,1.9238,1.9692,1.8896,1.9528,1.9574,1.8857,1.926,1.9641,1.9604,1.9379,1.9776,1.9872,1.9956,1.9797,1.9887,1.9529,1.9099,1.9003,1.8857,1.8778,1.8652,1.8508,1.8675,1.8983,1.8363,1.8828,1.9162,1.8885,1.9086,1.9144,1.9271,1.9066,1.8865,1.8828,1.8767,1.8753,1.8347,1.8434,1.8521
1.8505,1.8576,1.8296,1.8234,1.8399,1.8302,1.8392,1.811,1.8515,1.8851,1.9083,2.0277,2.167,2.2853,2.4165,2.4714,2.4453,1.8706,1.841,1.8385,1.8372,1.8282,1.8005,1.8112,1.8148,1.824,1.7494,1.6943,1.6176,1.5674,1.6286,1.6976,1.7174,1.7177,1.6815,1.6258,1.5803,1.5917,1.5983,1.6625,1.6388,1.7076,1.7751,1.8279,1.8519,1.8905,1.9197,1.8999,1.7803,1.705,1.7353,1.7015,1.7369,1.7583,1.8021,1.8692,1.9478,1.9962,2.0271,2.0631,2.1281,2.1264,2.111,2.0973,2.1278,2.1204
2.168,2.2181,2.2297,2.2044,2.1951,2.1915,2.1732,2.1732,2.1714,2.1217,2.0737,2.0329,2.0314,2.0622,2.1629,2.2587,2.29,1.8989,1.8927,1.8701,1.8207,1.8033,1.8704,1.9511,1.954,1.985,1.9932,1.9547,1.953,1.9609,1.9402,1.9121,1.9118,1.8684,1.8545,1.8563,1.8801,1.8739,1.8622,1.8689,1.8942,1.9083,1.936,1.9417,1.9029,1.8779,1.9109,1.9031,1.8995,1.8854,1.8772,1.8713,1.8786,1.8988,1.8894,1.8905,1.8948,1.8922,1.8923,1.8443,1.833,1.8866,1.8222,1.7528,1.8044,1.8872
1.8975,1.8913,1.8809,1.8779,1.8505,1.8692,1.8785,1.8621,1.8574,1.8215,1.8044,1.9372,2.1508,2.2995,2.4658,2.5539,2.6517,1.884,1.9334,1.9141,1.8724,1.9002,1.8502,1.8139,1.7578,1.7037,1.6436,1.6431,1.6129,1.5476,1.4709,1.3769,1.3873,1.4498,1.5442,1.5481,1.491,1.4869,1.5553,1.5821,1.6567,1.7557,1.8859,1.9608,1.9997,2.0086,1.9933,2.0514,2.0678,2.0553,2.056,2.0433,2.004,1.9805,1.9836,1.9431,1.9676,2.0075,2.0036,2.0004,2.009,2.0626,2.0356,2.0442,2.077,2.0754
2.0728,2.0462,2.0026,2.0272,2.0618,2.0866,2.1008,2.1293,2.1299,2.1342,2.1375,2.0646,2.096,2.1491,2.2347,2.3549,2.3887,1.766,1.7536,1.8258,1.8874,1.9875,1.9869,1.9887,2.0387,2.0693,2.0916,2.0513,2.0044,2.0035,2.0055,1.9757,1.9642,1.9255,1.9022,1.8521,1.8251,1.8497,1.82,1.8257,1.8222,1.8798,1.894,1.9269,1.9241,1.9129,1.8846,1.8857,1.9141,1.9061,1.862,1.8735,1.8745,1.8657,1.8694,1.8848,1.8822,1.8817,1.8754,1.9016,1.858,1.8407,1.9156,1.9908,1.8293,1.93
1.8603,1.8627,1.905,1.8944,1.7864,1.774,1.8353,1.7768,1.7772,1.8535,1.923,2.0093,2.1568,2.1128,2.1768,2.2067,2.3716,1.8899,1.8894,1.9088,1.9044,1.8658,1.9183,1.9724,1.9809,1.9351,1.8554,1.6403,1.566,1.5961,1.5755,1.4644,1.448,1.3736,1.3454,1.4429,1.5124,1.5531,1.466,1.3105,1.3919,1.5791,1.658,1.6325,1.7112,1.8522,1.9344,1.9768,1.988,2.0406,2.0573,2.0749,2.0834,2.0838,2.0831,2.0788,2.1223,2.1141,2.1325,2.1394,2.1645,2.1616,2.1194,2.0869,2.0832,2.068
2.056,2.0519,2.0738,2.0826,2.1193,2.1436,2.1647,2.1728,2.1686,2.1686,2.1326,2.1036,2.0866,2.049,2.1154,2.2438,2.2907,1.9713,1.9689,1.9584,1.9567,1.9522,1.9438,1.9265,1.9269,1.9071,1.9167,1.8951,1.9089,1.8764,1.9028,1.9078,1.9137,1.9065,1.9013,1.8973,1.9034,1.884,1.8924,1.9017,1.8977,1.8658,1.8796,1.893,1.9006,1.9117,1.9429,1.9347,1.8974,1.9233,1.8622,1.7728,1.7741,1.8373,1.8676,1.8736,1.8692,1.8714,1.8555,1.8427,1.8415,1.8394,1.8429,1.8741,1.8721,1.8577
1.8613,1.8824,1.8847,1.8622,1.7981,1.784,1.8465,1.9166,2.0994,2.2254,2.3342,2.4485,2.4821,2.4512,2.4346,2.5374,2.61,1.8103,1.7252,1.6662,1.5967,1.5876,1.6339,1.669,1.7106,1.6899,1.594,1.614,1.5512,1.5594,1.5603,1.5742,1.5571,1.6352,1.7149,1.7512,1.8152,1.8116,1.8164,1.8591,1.8709,1.8918,1.9056,1.8853,1.8919,1.9373,1.9631,1.9584,1.9831,1.9625,1.9977,1.9857,2.0212,2.0393,1.9953,1.9766,2.0003,2.019,2.0169,2.0326,2.0189,2.0213,2.0376,2.0757,2.0487,2.084
2.1068,2.1308,2.1094,2.1148,2.1618,2.1923,2.1897,2.2051,2.1846,2.1671,2.1221,2.0678,2.0604,2.1086,2.1575,2.2056,1.9799,1.9584,1.948,1.9481,1.9544,1.954,1.9449,1.9483,1.9186,1.9241,1.9157,1.9077,1.9019,1.8826,1.8787,1.8713,1.8773,1.8748,1.8806,1.8962,1.9037,1.9046,1.9237,1.9185,1.8888,1.8973,1.9129,1.9063,1.903,1.8893,1.887,1.8835,1.8897,1.892,1.8932,1.8844,1.8737,1.8557,1.8755,1.8577,1.8972,1.9046,1.8987,1.8913,1.8875,1.8927,1.8658,1.8269,1.8966,1.9536
1.9604,1.9584,1.905,1.8375,1.7524,1.6956,1.7748,1.8719,2.046,2.1797,2.3361,2.4516,2.4489,2.5222,2.6768,2.7843,1.9025,1.8749,1.8487,1.8747,1.8671,1.8523,1.863,1.848,1.8685,1.837,1.7994,1.7347,1.6344,1.5221,1.4864,1.4753,1.428,1.3851,1.3729,1.3957,1.435,1.5151,1.5986,1.6043,1.6828,1.8106,1.874,1.9161,1.9806,1.9732,1.9578,1.9012,1.8985,1.9122,1.9301,1.9414,1.937,1.9338,1.9445,1.9435,1.9762,2.0357,2.06,2.069,2.0615,2.1001,2.1525,2.1814,2.1288,2.0872
2.0883,2.1578,2.1651,2.185,2.1732,2.1463,2.1533,2.1764,2.1911,2.167,2.1184,2.0738,2.0808,2.1237,2.2227,2.3237,1.7893,1.8332,1.9188,1.9165,1.8994,1.9239,1.9377,1.9277,1.9604,1.9914,1.9921,1.9948,2.0033,1.9904,1.972,1.9609,1.969,1.9138,1.8762,1.8476,1.8905,1.8695,1.8796,1.8621,1.8773,1.8862,1.8951,1.9081,1.9069,1.8847,1.8927,1.8661,1.8623,1.876,1.8689,1.8836,1.894,1.8906,1.8894,1.8829,1.8975,1.88,1.8861,1.8829,1.8983,1.9001,1.8926,1.9061,1.903,1.907
1.8843,1.8259,1.7946,1.7948,1.8178,1.9486,2.0551,2.1875,2.2638,2.2986,2.3387,2.337,2.3665,2.4498,2.5447,2.5667,1.83,1.7857,1.7848,1.7853,1.7702,1.7908,1.791,1.7614,1.7525,1.7286,1.7171,1.715,1.7087,1.6849,1.6849,1.585,1.5942,1.6235,1.6306,1.6092,1.557,1.5945,1.6328,1.6917,1.7856,1.7841,1.7581,1.7707,1.7917,1.8346,1.8324,1.8281,1.8383,1.9048,1.9111,1.9213,1.9514,1.9461,1.9717,1.9783,1.9586,1.9789,1.9846,1.9978,2.0518,2.0687,2.082,2.11,2.1115,2.1141
2.1153,2.1345,2.1543,2.1257,2.169,2.1834,2.1756,2.179,2.173,2.2222,2.2162,2.1687,2.1354,2.1991,2.3638,2.4228,2.3972,2.319,2.1193,1.9635,1.8434,1.854,1.7701,1.7302,1.7308,1.7385,1.7569,1.8061,1.8673,1.8888,1.8705,1.9181,2.0011,2.0073,1.9833,1.975,1.9781,1.9553,1.9472,1.9785,1.9429,1.9109,1.872,1.8985,1.8856,1.8957,1.8682,1.8614,1.8848,1.8986,1.9187,1.9095,1.8817,1.876,1.9204,1.903,1.8749,1.8447,1.8398,1.8748,1.8902,1.9002,1.9454,1.9582,1.9525,1.9538
1.9341,1.9022,1.8574,1.8508,1.8494,1.8309,1.8423,1.8552,1.8594,1.8692,1.9084,1.924,1.9039,1.9021,1.8816,1.8566,1.8283,1.8092,1.8126,1.8117,1.796,1.7218,1.6699,1.8055,2.0051,2.1309,2.3006,2.4479,2.5973,2.613,1.9429,1.8403,1.723,1.7883,1.7447,1.7101,1.6757,1.6516,1.6428,1.6526,1.6774,1.7544,1.763,1.7755,1.7435,1.727,1.6898,1.723,1.7007,1.6533,1.6017,1.6403,1.6716,1.7028,1.7138,1.7507,1.7669,1.8179,1.8333,1.8548,1.8445,1.8253,1.8328,1.8666,1.8594,1.8945
1.9268,1.9296,1.9257,1.9236,1.9157,1.9372,1.9538,1.9536,1.9599,1.9588,1.9688,1.9957,2.0257,2.0437,2.017,2.0318,2.0651,2.1176,2.1529,2.1665,2.2013,2.2117,2.2289,2.2384,2.2134,2.152,2.1484,2.1882,2.3008,2.416,2.3595,2.3085,2.1606,2.0162,1.9172,1.8331,1.8278,1.7905,1.7715,1.7864,1.7652,1.7939,1.8105,1.8328,1.8959,1.9502,1.9555,1.9836,2.0155,2.0254,2.002,2.0293,2.0293,2.0197,2.0132,1.9633,1.9164,1.8627,1.8848,1.8608,1.8476,1.8354,1.8644,1.8751,1.893,1.9001
1.9258,1.9177,1.9218,1.9199,1.9028,1.9032,1.8879,1.883,1.9032,1.881,1.8798,1.8828,1.8925,1.8637,1.916,1.9039,1.8552,1.8635,1.8827,1.872,1.8898,1.8726,1.8563,1.8783,1.8638,1.8511,1.8441,1.8419,1.872,1.8748,1.915,1.9305,1.9483,1.9229,1.868,1.7727,1.8555,2.0648,2.1759,2.2993,2.3992,2.4382,2.4534,2.4798,2.5305,2.6453,1.7301,1.7684,1.8189,1.8457,1.8103,1.7477,1.6925,1.6863,1.6505,1.6275,1.6498,1.6626,1.6151,1.6867,1.7598,1.77,1.7506,1.7834,1.754,1.7498
1.7811,1.8437,1.8253,1.7774,1.7922,1.806,1.8507,1.8828,1.8543,1.8499,1.8629,1.9446,1.996,2.0121,1.9774,1.9875,1.995,1.965,1.9618,1.9327,1.8781,1.8735,1.8779,1.9339,1.969,1.9709,1.9951,1.9802,2.0042,2.0322,2.0509,2.0833,2.1137,2.1726,2.2,2.2016,2.2221,2.2409,2.2089,2.2234,2.1906,2.1525,2.084,2.0967,2.1568,2.2271,2.2439,1.9139,1.8765,1.8659,1.863,1.8585,1.8468,1.8683,1.8965,1.8973,1.8849,1.9046,1.952,1.9437,1.9142,1.9131,1.916,1.9052,1.9005,1.8898
1.8817,1.8691,1.8604,1.8541,1.8633,1.8833,1.8868,1.8931,1.9091,1.9024,1.9233,1.9361,1.9049,1.9076,1.961,1.921,1.9515,1.901,1.8629,1.8452,1.8805,1.8967,1.8886,1.9209,1.8782,1.8762,1.9011,1.8667,1.8587,1.866,1.8816,1.8721,1.8586,1.8411,1.7382,1.6893,1.6953,1.83,2.0593,2.1875,2.3035,2.3854,2.3797,2.4187,2.4535,2.5408,2.6337,1.8921,1.9042,1.9019,1.9064,1.9611,2.0043,2.0179,1.9406,1.8305,1.7473,1.7415,1.6145,1.6019,1.6124,1.5581,1.525,1.4605,1.4463,1.4335
1.4223,1.415,1.4333,1.443,1.4537,1.4385,1.5001,1.6837,1.7945,1.8287,1.8175,1.8984,2.0232,2.094,2.0763,2.0851,2.0851,2.0729,2.0669,2.0686,2.0488,2.0341,2.0166,2.0071,1.9983,2.0334,2.0674,2.0829,2.0965,2.0801,2.0877,2.0652,2.0777,2.118,2.1426,2.1585,2.1638,2.2514,2.2559,2.2736,2.2863,2.2326,2.1686,2.1387,2.1571,2.2457,2.3541,1.8387,1.8374,1.8337,1.8216,1.8092,1.8597,1.8274,1.8731,1.882,1.9111,1.9249,1.9248,1.9205,1.9236,1.9289,1.916,1.9124,1.8948,1.8956
1.9024,1.8993,1.8844,1.8846,1.8935,1.9018,1.9022,1.8966,1.913,1.881,1.923,1.9431,1.9121,1.895,1.8113,1.7991,1.8619,1.8984,1.8671,1.863,1.8653,1.8655,1.8871,1.865,1.8452,1.8556,1.8575,1.8449,1.8379,1.8451,1.8614,1.8482,1.8383,1.887,1.8793,1.8413,1.7926,1.7816,1.9795,2.1281,2.306,2.4318,2.452,2.3493,2.3602,2.5238,2.6273,1.9079,1.9131,1.9822,1.9013,1.9223,1.883,1.7079,1.6232,1.5435,1.449,1.4261,1.4226,1.4061,1.3586,1.3553,1.4006,1.432,1.5253,1.5984
1.6306,1.6826,1.8134,1.9202,1.9812,1.9434,1.912,1.9013,1.9305,1.9017,1.9768,2.0093,2.0081,2.0037,2.0215,2.0253,2.0511,1.994,1.9912,2.0203,2.0303,2.0734,2.104,2.1531,2.1564,2.1201,2.0948,2.0634,2.0296,2.0102,2.0221,2.0513,2.0289,2.0728,2.0535,2.1025,2.1271,2.133,2.1245,2.129,2.0703,2.0481,2.0462,2.1149,2.1841,2.2531,2.2899,1.9638,1.9835,1.9761,1.9849,2.0014,2.0325,2.0276,2.0019,1.9977,1.9736,1.9355,1.9375,1.9238,1.9243,1.8911,1.8847,1.8751,1.8734,1.8749
1.8903,1.8957,1.8928,1.8957,1.891,1.8953,1.894,1.8987,1.9041,1.9008,1.8984,1.9153,1.9152,1.9156,1.9065,1.8642,1.8407,1.8719,1.8536,1.8692,1.8904,1.9008,1.8716,1.8624,1.873,1.8326,1.8321,1.8385,1.8401,1.8399,1.8845,1.8483,1.8159,1.8079,1.7756,1.7516,1.8187,1.973,2.1087,2.1983,2.3072,2.4088,2.4265,2.3959,2.4653,2.5779,2.6428,1.843,1.8259,1.7792,1.7297,1.6191,1.5478,1.4932,1.5347,1.6107,1.6867,1.6808,1.6404,1.6504,1.5961,1.6473,1.6609,1.7264,1.78,1.9011
1.9622,2.0227,2.0504,2.0123,1.9579,1.9303,1.9059,1.8706,1.8247,1.792,1.7876,1.7847,1.7778,1.7933,1.8347,1.8579,1.8536,1.9303,1.9683,2.0108,2.0199,2.0283,2.0344,2.0128,1.9916,1.9855,1.9938,1.9609,1.9948,2.0133,2.0334,2.0706,2.0947,2.1125,2.1331,2.1688,2.1929,2.2303,2.2372,2.0707,2.0618,2.0259,2.0081,1.9705,1.9302,1.8793,1.8602,1.8274,1.8193,1.8143,1.8533,1.8694,1.8915,1.8903,1.8794,1.8929,1.9362,1.9449,1.9154,1.9046,1.8904,1.8936,1.8777,1.8872,1.8796,1.8953
1.8777,1.8861,1.888,1.8954,1.8918,1.908,1.9068,1.9131,1.9174,1.8861,1.8722,1.854,1.893,1.893,1.8899,1.8729,1.877,1.8803,1.849,1.8545,1.8645,1.8716,1.8954,1.892,1.8811,1.8475,1.8616,1.8418,1.8417,1.9247,2.0161,2.1681,2.3059,2.3864,2.4237,2.4009,2.4506,2.5054,2.6007,1.8883,1.8586,1.8592,1.8229,1.7988,1.8125,1.8105,1.7886,1.8883,1.8526,1.8221,1.7588,1.6796,1.6069,1.5388,1.4697,1.4192,1.4305,1.5005,1.5599,1.5712,1.5819,1.5954,1.6196,1.66,1.7411,1.8156
1.8055,1.8067,1.8506,1.8389,1.8025,1.8235,1.8077,1.8747,1.9267,1.9474,1.9738,1.9584,1.9876,1.9879,1.982,2.0028,2.0055,2.0468,2.0728,2.1081,2.1402,2.1164,2.1233,2.1215,2.1122,2.2169,2.194,2.1682,2.18,2.228,2.236,2.2257,2.1883,2.1806,2.137,2.1456,2.1846,2.2499,2.2966,1.853,1.8774,1.8745,1.8636,1.8829,1.8854,1.8883,1.9155,1.9168,1.9138,1.9047,1.8919,1.8951,1.8904,1.8897,1.8891,1.8782,1.9027,1.9103,1.8835,1.8667,1.8367,1.8978,1.9011,1.9019,1.884,1.8775
1.878,1.8875,1.8863,1.8926,1.8954,1.8831,1.9099,1.9036,1.9079,1.9062,1.8841,1.8986,1.9164,1.8882,1.8729,1.8424,1.8721,1.8867,1.8636,1.8412,1.8604,1.8798,1.9073,1.9216,1.8968,1.8809,1.8025,1.7731,1.8357,1.9795,2.1194,2.2637,2.3545,2.4094,2.4068,2.3984,2.4439,2.5854,2.5924,2.0022,2.0013,1.981,1.9867,1.9349,1.9549,1.9127,1.8999,1.8768,1.8649,1.8575,1.8632,1.8684,1.8833,1.892,1.8857,1.905,1.9076,1.9086,1.9077,1.913,1.9015,1.8919,1.8865,1.9034,1.8834,1.8855
1.9057,1.892,1.8873,1.8976,1.9032,1.8967,1.9103,1.9212,1.9303,1.9231,1.8765,1.8554,1.8482,1.8423,1.8749,1.8694,1.868,1.8828,1.8428,1.8528,1.869,1.9388,1.9175,1.9382,1.9446,1.9152,1.9042,1.8776,1.8879,1.7911,1.8398,1.8928,2.0466,2.2303,2.3601,2.3517,2.3525,2.4348,2.47,1.9362,1.8817,1.8875,1.8372,1.8299,1.8097,1.8156,1.7105,1.7415,1.7187,1.6844,1.6025,1.5377,1.4941,1.4504,1.4784,1.4842,1.4951,1.5482,1.5036,1.5099,1.6386,1.7172,1.6978,1.7224,1.8183,1.8957
1.8927,1.8764,1.8906,1.9427,1.9842,1.9891,1.9913,2.0076,2.0662,2.0422,2.0307,1.9787,1.9954,1.9899,2.0065,2.0075,2.0157,2.0578,2.0778,2.0601,2.0404,2.0419,2.0404,2.0161,2.0182,2.1206,2.1167,2.1163,2.101,2.1413,2.1472,2.1914,2.1763,2.1479,2.0817,2.0691,2.0746,2.1723,2.2522,1.9416,1.95,1.9197,1.9058,1.9047,1.8906,1.8751,1.8718,1.8745,1.8872,1.8836,1.8908,1.9147,1.9292,1.9169,1.9104,1.9062,1.8915,1.8548,1.9293,1.9114,1.8776,1.8746,1.8744,1.8714,1.8972,1.8957
1.9099,1.9076,1.8761,1.9074,1.913,1.9111,1.8964,1.8768,1.8717,1.8981,1.8207,1.8401,1.8225,1.8919,1.9047,1.8796,1.8736,1.8467,1.8416,1.8708,1.8979,1.9039,1.9023,1.8887,1.9,1.8937,1.859,1.8091,1.6853,1.695,1.8967,2.0795,2.1576,2.2595,2.3337,2.3483,2.4154,2.4584,2.6011,1.8831,1.9058,1.9046,1.9241,1.8998,1.8307,1.9594,1.9089,1.9117,1.852,1.7364,1.5963,1.4851,1.365,1.2626,1.2137,1.3427,1.3917,1.4555,1.5923,1.7314,1.7187,1.6599,1.6909,1.8006,1.8517,1.7365
1.8976,1.8371,1.938,1.9527,1.9467,1.9705,1.9752,2.0305,2.0867,2.1035,2.0762,2.034,1.9904,1.9663,1.9712,1.9718,1.992,2.0251,2.0676,2.0385,1.99,1.9661,2.0266,2.0246,2.0407,2.0601,2.0943,2.1046,2.0884,2.1214,2.1217,2.1583,2.1629,2.1631,2.1684,2.1601,2.1855,2.2532,2.298,1.885,1.8876,1.8981,1.9161,1.8964,1.9063,1.9051,1.9173,1.8741,1.9244,1.9133,1.9066,1.8961,1.8953,1.8931,1.9005,1.9064,1.9027,1.9125,1.8775,1.9021,1.897,1.8939,1.9037,1.9156,1.8998,1.9064
1.8923,1.9129,1.8477,1.932,1.899,1.8823,1.8684,1.8729,1.878,1.878,1.87,1.8708,1.8877,1.8324,1.8781,1.8929,1.8835,1.8804,1.9032,1.8772,1.8424,1.834,1.8888,1.8482,1.9055,1.8561,1.8289,1.7587,1.731,1.7718,1.9749,2.1539,2.2863,2.4361,2.4558,2.4579,2.4616,2.5241,2.602,1.6944,1.7089,1.7276,1.7535,1.6962,1.7424,1.7794,1.8017,1.7935,1.7543,1.7416,1.7033,1.6412,1.5935,1.5722,1.5422,1.6738,1.6801,1.6586,1.667,1.7128,1.7519,1.7509,1.747,1.7967,1.7627,1.8502
1.872,1.8839,1.8962,1.9119,1.9367,1.9166,1.9498,2.0039,2.0382,1.9822,2.015,1.981,1.9687,1.9765,1.951,1.958,1.9876,1.9681,1.9582,1.9119,1.9028,1.9425,1.9783,1.9969,2.0331,2.0684,2.0651,2.1053,2.1245,2.1315,2.1711,2.2054,2.2438,2.1781,2.1227,2.1255,2.1896,2.3146,2.3868,1.8931,1.9099,1.8999,1.8863,1.8575,1.9469,1.9103,1.8972,1.8954,1.9048,1.9141,1.9032,1.9076,1.9042,1.9011,1.8889,1.8968,1.8877,1.8908,1.8957,1.9125,1.908,1.9067,1.8847,1.8881,1.8471,1.9381
1.9021,1.8978,1.8841,1.877,1.8888,1.8995,1.8748,1.8636,1.8846,1.8379,1.8488,1.8742,1.8908,1.8663,1.8654,1.8629,1.8865,1.8579,1.8041,1.7604,1.8092,1.7931,1.7885,1.7926,1.8051,1.8353,1.7919,1.7464,1.8387,1.9944,2.0377,2.2068,2.4425,2.4954,2.4943,2.4678,2.4707,2.5878,2.6216,1.7524,1.7127,1.691,1.6461,1.5748,1.5666,1.5932,1.4626,1.6365,1.6191,1.6663,1.7338,1.7522,1.7686,1.8039,1.8255,1.8116,1.7865,1.7978,1.7702,1.7672,1.795,1.7911,1.7948,1.8046,1.8488,1.8549
1.8676,1.7924,1.8938,1.8626,1.9164,1.9392,1.9366,1.9373,1.9288,1.9262,1.9289,1.9259,1.9391,1.9046,1.9276,1.966,2.0003,2.0224,2.0216,2.0077,2.0154,1.9979,2.0205,2.0723,2.0873,2.136,2.1708,2.2019,2.2022,2.2087,2.2117,2.2011,2.185,2.1763,2.1525,2.155,2.2102,2.2755,2.2948,1.9454,1.9329,1.9051,1.9053,1.8829,1.8878,1.8793,1.8851,1.8973,1.9008,1.8967,1.892,1.8961,1.8948,1.8758,1.8586,1.95,1.9055,1.9025,1.8941,1.8967,1.8983,1.9034,1.9033,1.9154,1.9156,1.877
1.915,1.8948,1.9024,1.8981,1.9052,1.9124,1.9191,1.9109,1.8872,1.868,1.9767,1.9467,1.9407,1.9077,1.8851,1.8769,1.8731,1.8504,1.8133,1.7837,1.732,1.74,1.7776,1.7986,1.8194,1.7677,1.7168,1.7512,1.7079,1.8098,1.9407,2.1082,2.2582,2.3574,2.3709,2.3695,2.4185,2.5023,2.5606,1.8533,1.8366,1.9149,1.874,1.876,1.8603,1.8392,1.8424,1.8168,1.8274,1.7356,1.6801,1.6167,1.5426,1.4449,1.3799,1.4208,1.426,1.426,1.5034,1.666,1.6992,1.5911,1.6626,1.6771,1.7478,1.7126
1.7212,1.764,1.8484,1.9447,1.9417,1.9348,1.9437,1.9524,1.9512,1.947,1.9514,2.0009,2.0376,2.0749,2.0678,2.0485,2.045,2.1175,2.0994,2.1208,2.1165,2.1244,2.1163,2.1493,2.2055,2.2165,2.1743,2.1853,2.2294,2.2599,2.2726,2.244,2.1923,2.1672,2.1576,2.1568,2.1484,2.2021,1.917,1.8915,1.8967,1.867,1.8718,1.8731,1.867,1.8083,1.9318,1.9197,1.9156,1.9123,1.9048,1.9044,1.9122,1.9023,1.9048,1.9034,1.8859,1.8972,1.8942,1.9065,1.9,1.9029,1.9059,1.9035,1.9008,1.8978
1.8419,1.9323,1.8908,1.8348,1.8232,1.8528,1.9059,1.8842,1.8822,1.8851,1.9073,1.8906,1.8967,1.8866,1.8619,1.8354,1.8253,1.8346,1.8339,1.813,1.8287,1.7496,1.8362,1.827,1.7788,1.7505,1.756,1.8214,1.9626,2.0512,2.1645,2.2939,2.4016,2.4709,2.5046,2.5526,2.6402,2.6857,1.7039,1.6843,1.6662,1.6588,1.5705,1.5951,1.6839,1.7098,1.7284,1.7601,1.7532,1.7121,1.6993,1.7361,1.7544,1.7325,1.7815,1.9266,1.9362,1.9649,1.8929,1.8491,1.8312,1.8209,1.7626,1.6968,1.763,1.7281
1.7515,1.7421,1.7888,1.8225,1.8729,1.8728,1.9409,1.9614,1.9607,1.9329,1.9139,1.9258,1.9411,1.9828,2.024,2.0476,2.0361,2.0283,2.0271,2.0787,2.0451,2.0457,2.0912,2.1236,2.1215,2.1327,2.1355,2.1499,2.1886,2.2118,2.2145,2.2068,2.1788,2.1116,2.1595,2.2397,2.289,2.3224,1.9395,1.9401,1.9077,1.8958,1.8777,1.8744,1.876,1.8691,1.8333,1.8828,1.8812,1.8889,1.9082,1.9102,1.9026,1.8965,1.9101,1.8947,1.8861,1.8795,1.9291,1.9047,1.9017,1.8898,1.9254,1.9373,1.8678,1.8708
1.864,1.8736,1.8537,1.8867,1.8844,1.9163,1.911,1.9085,1.9129,1.9149,1.9273,1.8932,1.9039,1.8884,1.8586,1.8396,1.816,1.853,1.8605,1.8585,1.8659,1.8745,1.8679,1.8687,1.8513,1.8373,1.8357,1.7906,1.7814,1.7436,1.7135,1.742,1.8741,1.9381,2.0556,2.2315,2.3366,2.3654,1.9232,1.912,1.882,1.8089,1.7656,1.7373,1.6867,1.6685,1.6365,1.6353,1.6111,1.6312,1.6703,1.6263,1.678,1.7134,1.7727,1.8011,1.7772,1.7316,1.708,1.6975,1.673,1.7014,1.7493,1.7616,1.8037,1.8264
1.8819,1.8949,1.8436,1.8398,1.8813,1.9107,1.8994,2.0105,1.9885,1.9924,2.0026,1.9771,2.0171,2.0339,2.0405,2.0069,2.0021,2.0271,1.9965,2.0404,2.0386,2.0235,2.0212,2.0266,2.0668,2.0839,2.1166,2.2022,2.1484,2.2457,2.222,2.2072,2.1636,2.1508,2.2067,2.2927,2.3545,2.3617,1.9042,1.9119,1.9103,1.8977,1.9003,1.9046,1.9187,1.9024,1.8876,1.8803,1.886,1.8948,1.9058,1.8853,1.899,1.9041,1.9248,1.9535,1.8609,1.9403,1.8938,1.9083,1.8795,1.8971,1.8894,1.8901,1.8888,1.8964
1.9084,1.8776,1.9141,1.9208,1.9237,1.9208,1.8926,1.8741,1.8346,1.8583,1.8703,1.7882,1.8974,1.8612,1.8837,1.8784,1.8726,1.8656,1.8527,1.852,1.8929,1.9258,1.8569,1.8747,1.8709,1.8044,1.7393,1.8721,2.061,2.0935,2.2115,2.3446,2.3586,2.3337,2.3647,2.4299,2.5544,1.8947,1.8799,1.87,1.8618,1.8439,1.8055,1.8679,1.8649,1.8183,1.7483,1.6825,1.6397,1.5758,1.5928,1.5746,1.6259,1.5546,1.6793,1.5588,1.5705,1.6646,1.7296,1.7249,1.7365,1.7479,1.7143,1.816,1.8366,1.8136
1.7922,1.7741,1.7452,1.7487,1.7004,1.728,1.7317,1.6993,1.7654,1.8216,1.867,1.9689,1.9952,2.0214,2.032,2.0359,2.0495,2.0366,2.1079,2.1377,2.1151,2.1066,2.0971,2.1232,2.1319,2.1993,2.212,2.2201,2.2519,2.2124,2.2435,2.1938,2.1704,2.183,2.2186,2.3542,1.9035,1.8992,1.922,1.9155,1.9164,1.8982,1.8973,1.9117,1.9152,1.9032,1.8709,1.8872,1.8923,1.8941,1.9043,1.8912,1.9114,1.9002,1.9,1.8896,1.8608,1.9214,1.9223,1.9059,1.8953,1.9037,1.9141,1.9393,1.8885,1.8912
1.8749,1.8315,1.8934,1.9006,1.9117,1.9142,1.8654,1.8623,1.8654,1.8671,1.8183,1.8844,1.9221,1.8624,1.8295,1.7923,1.7435,1.768,1.792,1.8217,1.7822,1.7934,1.7468,1.7034,1.7185,1.7551,1.9033,2.1038,2.2076,2.3481,2.3713,2.3563,2.3259,2.4433,2.5762,2.6691,1.8723,1.8661,1.8537,1.8156,1.81,1.7964,1.7633,1.7464,1.7347,1.6852,1.6016,1.5623,1.5502,1.4818,1.6759,1.6798,1.7852,1.747,1.7357,1.7314,1.7365,1.6679,1.6718,1.6815,1.6987,1.7005,1.7609,1.8206,1.8334,1.8362
1.8675,1.8862,1.9448,1.9317,1.9859,1.9661,1.972,1.9863,1.9972,1.9437,1.9175,1.9522,2.0176,2.0652,2.0708,2.0561,2.0327,2.0354,2.0057,2.0113,2.0024,1.9972,2.0068,2.0593,2.1045,2.1467,2.1796,2.2084,2.238,2.2137,2.1375,2.0857,2.0719,2.1172,2.2474,2.3567,1.8693,1.8846,1.9059,1.9176,1.93,1.932,1.9015,1.9359,1.9157,1.9132,1.9116,1.8957,1.8843,1.886,1.8843,1.8732,1.8426,1.9372,1.9227,1.8935,1.9053,1.9039,1.9108,1.908,1.9045,1.9055,1.9164,1.8916,1.8916,1.8905
1.8912,1.8862,1.8906,1.8827,1.8678,1.868,1.8866,1.8294,1.9409,1.9179,1.8743,1.8909,1.9152,1.9053,1.9002,1.9004,1.881,1.8716,1.8335,1.825,1.8087,1.8056,1.8088,1.8065,1.8164,1.8039,1.7838,1.7678,1.726,1.7324,1.7534,1.8629,2.0204,2.2534,2.4138,2.4769,1.8223,1.7714,1.7676,1.7476,1.7247,1.6887,1.6833,1.6514,1.6077,1.5843,1.5977,1.5471,1.7438,1.7625,1.7574,1.6858,1.6713,1.7041,1.7225,1.7211,1.7591,1.8299,1.8583,1.8671,1.8713,1.8662,1.8649,1.8799,1.9042,1.8849
1.8313,1.7775,1.8161,1.8056,1.7971,1.8486,1.8945,1.8783,1.8626,1.9046,1.9284,1.9596,1.9746,2.0093,1.9959,2.0415,2.0546,2.0758,2.0615,2.0745,2.0924,2.11,2.0875,2.1646,2.1443,2.167,2.2291,2.2793,2.2971,2.2549,2.2288,2.2103,2.2415,2.313,2.3762,2.3873,1.8731,1.8844,1.905,1.8713,1.9162,1.9063,1.8905,1.8955,1.8954,1.891,1.8922,1.9014,1.8828,1.8712,1.8749,1.938,1.9084,1.895,1.8835,1.8575,1.8809,1.8862,1.8913,1.9049,1.9166,1.9042,1.9167,1.9002,1.8949,1.9189
1.9098,1.8999,1.8925,1.9047,1.8268,1.894,1.8885,1.8804,1.8739,1.8739,1.8858,1.8962,1.9044,1.9018,1.9044,1.8971,1.8608,1.8776,1.8598,1.8381,1.8444,1.8371,1.8033,1.8189,1.8291,1.7761,1.776,1.7293,1.6579,1.7058,1.8739,2.0171,2.2153,2.3826,2.4857,2.5248,1.7142,1.6612,1.6934,1.688,1.6265,1.5897,1.5845,1.6826,1.6997,1.7641,1.7931,1.8029,1.7038,1.7124,1.6884,1.6906,1.6896,1.7451,1.8001,1.8405,1.8714,1.8403,1.8683,1.8812,1.8943,1.9008,1.8655,1.8862,1.9172,1.9114
1.9026,1.905,1.8879,1.8402,1.8989,1.8465,1.872,1.8372,1.8591,1.8496,1.8611,1.9079,1.9634,1.9961,2.0248,2.0455,2.0943,2.1205,2.1588,2.1704,2.1717,2.1854,2.1665,2.1688,2.1741,2.2259,2.245,2.2533,2.2494,2.223,2.1678,2.1219,2.1064,2.1611,2.231,1.9625,1.9986,1.9954,2.0276,2.0165,2.0301,2.0107,1.9883,1.9861,1.9687,1.9119,1.8988,1.8615,1.8793,1.7526,1.9043,1.8577,1.8684,1.8745,1.8753,1.8948,1.8986,1.9001,1.9087,1.859,1.9268,1.9043,1.905,1.9104,1.8947,1.9015
1.8875,1.896,1.8794,1.8818,1.9065,1.967,1.8829,1.8686,1.8443,1.824,1.8517,1.8842,1.8579,1.846,1.8784,1.8802,1.8859,1.8767,1.8722,1.8715,1.852,1.8059,1.8316,1.8558,1.7913,1.8127,1.8256,1.787,1.8309,1.9877,2.1422,2.3091,2.4234,2.4306,2.5129,1.8879,1.8879,1.9016,1.8496,1.8325,1.7907,1.7481,1.6806,1.6158,1.574,1.4911,1.4617,1.5345,1.456,1.6341,1.6453,1.8073,1.8879,1.8614,1.8024,1.7926,1.7879,1.7442,1.6916,1.7159,1.7976,1.811,1.8082,1.8103,1.8496,1.8822
1.8683,1.8823,1.8755,1.9486,1.9041,1.8989,1.9142,1.8844,1.8913,1.8933,1.9346,1.95,1.95,1.9529,1.9689,1.9497,1.9244,1.9509,1.9951,2.0385,2.076,2.1303,2.1681,2.1776,2.2479,2.2603,2.2582,2.2837,2.2836,2.2641,2.2134,2.2677,2.3475,2.4457,2.4505,1.9081,1.93,1.9394,1.8832,1.95,1.9266,1.9081,1.9062,1.8936,1.8811,1.8827,1.874,1.8778,1.8431,1.9691,1.91,1.9106,1.8818,1.9058,1.905,1.9079,1.9051,1.8903,1.9181,1.8401,1.9082,1.8876,1.8964,1.8903,1.9196,1.9154
1.9109,1.8967,1.8513,1.7653,1.9257,1.8642,1.8703,1.8706,1.8648,1.8889,1.8826,1.877,1.8729,1.8922,1.8592,1.8869,1.8689,1.8771,1.8405,1.84,1.8382,1.8282,1.8267,1.7916,1.757,1.8277,1.8181,1.7961,1.7933,1.734,1.876,2.0487,2.1701,2.338,2.479,1.8538,1.9786,1.9301,1.9072,1.9,1.8986,1.9001,1.8993,1.9048,1.8999,1.9075,1.8669,1.9036,1.9008,1.9021,1.9076,1.9182,1.8986,1.894,1.9015,1.8587,1.8133,1.9735,1.9331,1.9154,1.8942,1.9115,1.9045,1.8995,1.9088,1.8931
1.8859,1.8543,1.8674,1.8744,1.9043,1.9275,1.8835,1.8685,1.9036,1.8917,1.8593,1.8439,1.8892,1.8606,1.7839,1.7544,1.7393,1.7778,1.7668,1.7769,1.7639,1.7541,1.7564,1.7093,1.6814,1.8033,1.9991,2.0953,2.2547,2.3886,2.4203,2.4378,2.459,2.5949,2.7415,1.8641,1.8945,1.8972,1.8827,1.876,1.8707,1.8397,1.7968,1.7226,1.6805,1.5017,1.5365,1.3913,1.3695,1.3577,1.4339,1.548,1.6143,1.6812,1.6159,1.6111,1.7709,1.8408,1.8216,1.7949,1.8787,1.902,1.8859,1.8933,1.8882,1.8809
1.9298,2.0004,2.0045,2.0028,2.0032,1.9691,1.9493,1.9289,1.9192,1.9223,1.9329,1.9873,2.0061,2.0044,1.9627,1.9584,2.0318,2.0745,2.1304,2.1414,2.1031,2.1515,2.1517,2.1944,2.204,2.2041,2.169,2.1588,2.1889,2.2073,2.2101,2.196,2.2296,2.274,2.3727,1.902,1.9016,1.8905,1.9031,1.91,1.8669,1.9086,1.8998,1.9016,1.9009,1.9033,1.9193,1.9178,1.9095,1.8657,1.8804,1.9475,1.8967,1.8924,1.897,1.8839,1.887,1.9032,1.8972,1.9181,1.8962,1.9061,1.9097,1.9005,1.8854,1.9067
1.9127,1.8957,1.8983,1.8781,1.8188,1.9951,1.9022,1.8741,1.8436,1.8766,1.8721,1.8838,1.885,1.881,1.8809,1.8621,1.8777,1.8906,1.8641,1.8474,1.8726,1.8388,1.814,1.8516,1.76,1.7435,1.8007,1.7678,1.6801,1.7027,1.7957,1.9743,2.1956,2.3202,2.5072,1.8282,1.7891,1.8556,1.8741,1.86,1.8592,1.8323,1.9056,1.9078,1.9271,1.9418,1.9144,1.9402,1.9153,1.9268,1.8949,1.8997,1.7767,1.9661,1.8863,1.8985,1.8647,1.8613,1.8905,1.8925,1.9169,1.908,1.9185,1.8884,1.9298,1.9316
1.8914,1.8635,1.8684,1.8657,1.8383,1.9016,1.8738,1.8593,1.8855,1.8919,1.889,1.8229,1.849,1.9054,1.8272,1.7843,1.7705,1.7534,1.7099,1.6762,1.7667,1.7717,1.6851,1.6728,1.6441,1.8873,1.989,2.0688,2.2785,2.4697,2.557,2.6194,2.6576,2.7431,2.8881,2.845,2.7195,2.5917,2.4721,2.4157,2.3916,2.3713,2.3316,2.2714,2.26,2.2636,2.2133,2.1392,2.1678,2.0805,2.1178,2.1568,2.1365,2.091,2.0259,1.9175,1.8297,1.7888,1.7234,1.6407,1.5303,1.4529,1.4302,1.4323,1.3914,1.4144
1.4418,1.9011,1.8644,1.8715,1.9118,1.8667,1.854,1.8528,1.9015,1.8985,1.8469,1.8747,1.8846,1.8764,1.8795,1.9125,1.9833,2.0317,1.9901,1.9439,1.9024,1.8697,1.8491,1.7995,1.78,1.7857,1.8517,2.0906,2.5703,3.2041,3.0937,3.1513,3.3766,3.4739,1.8851,1.8913,1.9091,1.884,1.8779,1.876,1.8723,1.8563,1.8694,1.8372,1.8265,1.8156,1.8267,1.7975,1.7638,1.7453,1.7003,1.6701,1.6428,1.5789,1.4978,1.3881,1.4261,1.3885,1.3949,1.5044,1.4487,1.493,1.6165,1.6579,1.7411,1.7787
1.8371,1.9129,1.9663,1.973,1.9823,1.9647,1.9405,1.9519,1.9829,1.9834,1.9895,1.9433,1.9375,1.9253,1.9097,1.9405,1.9511,1.955,1.9228,1.883,1.8846,1.9317,1.9247,1.9156,1.9153,1.9639,2.0977,2.2484,2.4878,2.9862,3.0665,2.908,3.1114,3.2732,1.8965,1.8965,1.8634,1.8853,1.8857,1.8951,1.8557,1.8711,1.8533,1.8364,1.863,1.8364,1.8106,1.8023,1.7779,1.733,1.7184,1.6866,1.6254,1.5081,1.493,1.4519,1.4672,1.7206,1.3907,1.5168,1.4786,1.4804,1.5582,1.693,1.7748,1.828
1.8915,1.8718,1.9031,1.908,1.9158,1.929,1.93,1.9705,1.9348,1.95,1.9514,1.949,1.9262,1.9209,1.9126,1.8905,1.8851,1.8855,1.8866,1.913,1.9146,1.8967,1.8963,1.913,1.9195,1.9338,2.0132,2.2327,2.5763,3.0112,3.1608,3.1312,3.4448,3.6574,1.8826,1.8824,1.893,1.8777,1.8718,1.8814,1.8812,1.8895,1.8836,1.8454,1.8862,1.8671,1.8585,1.8286,1.824,1.7995,1.765,1.7615,1.752,1.7338,1.6545,1.5879,1.5334,1.5145,1.3661,1.3395,1.3416,1.3931,1.4874,1.4934,1.5108,1.5807
1.6568,1.6946,1.7629,1.8268,1.8666,1.9111,1.9457,1.9552,1.9475,1.9655,1.9661,1.9336,1.932,1.9204,1.9734,1.9981,1.9952,1.9985,1.9972,2.0128,2.0057,2.0197,2.0119,2.0062,2.0369,2.0402,2.0974,2.2491,2.4877,2.8766,2.9502,2.8034,2.9617,3.1108,1.9076,1.9042,1.8886,1.836,1.8708,1.8847,1.8615,1.8387,1.8388,1.8485,1.8426,1.8328,1.826,1.7893,1.7791,1.7254,1.6988,1.6709,1.6013,1.5448,1.5349,1.5277,1.4559,1.4591,1.453,1.4682,1.4768,1.4782,1.5095,1.5932,1.6429,1.7
1.7672,1.8295,1.8204,1.8457,1.9242,1.9416,1.9145,1.9515,2.0169,2.0407,2.0311,2.0086,2.0176,1.9842,1.9872,1.9934,1.9998,2.0274,1.9998,2.0109,2.0016,1.9651,1.9195,1.8717,1.8455,1.8595,1.9397,2.105,2.4344,2.8702,2.9525,2.9665,3.2584,3.412,1.9035,1.9082,1.9055,1.8765,1.8983,1.9108,1.9295,1.8908,1.9041,1.9058,1.8855,1.8939,1.8713,1.8387,1.8477,1.794,1.7873,1.7372,1.7021,1.6991,1.6885,1.629,1.5594,1.5085,1.3619,1.2766,1.2506,1.2127,1.338,1.4972,1.522,1.5121
1.5876,1.7257,1.8233,1.8323,1.9361,1.938,1.9449,1.9751,1.9746,1.975,1.9871,2.0004,2.0007,1.9935,2.0192,2.021,2.0157,2.0038,1.9906,1.9932,2.0039,1.974,1.9418,1.9271,1.9004,1.9061,2.0004,2.2015,2.4004,2.733,2.9674,2.8744,3.0038,3.2304,1.9095,1.8937,1.9084,1.9015,1.9128,1.9094,1.8982,1.9029,1.9031,1.8886,1.8949,1.908,1.9018,1.8999,1.902,1.8993,1.8895,1.8985,1.9095,1.9104,1.8962,1.9276,1.9183,1.9072,1.8963,1.9077,1.8996,1.898,1.9081,1.9009,1.8909,1.9058
1.9122,1.8956,1.8735,1.885,1.8725,1.8153,1.7429,1.7488,1.8527,1.9163,1.8861,1.891,1.8975,1.9039,1.8351,1.8531,1.8434,1.859,1.8288,1.8053,1.765,1.7336,1.7434,1.8261,1.8757,1.9241,2.0093,2.0843,2.1768,2.2371,2.5549,2.8735,3.0432,3.2112,1.896,1.9043,1.8903,1.8954,1.9051,1.9081,1.8811,1.8626,1.8784,1.8705,1.8515,1.8506,1.8277,1.8364,1.8195,1.7738,1.7452,1.7188,1.6477,1.6086,1.5681,1.4806,1.4619,1.3264,1.3145,1.3277,1.4983,1.5027,1.5334,1.599,1.6302,1.6849
1.7764,1.84,1.8379,1.8981,1.9463,1.9426,1.9355,1.9589,1.9708,1.9803,1.9906,1.9749,1.9602,1.9714,2.0083,2.0409,2.0273,1.9804,1.9351,1.9549,1.9656,1.9507,1.9309,1.8943,1.8971,1.9375,2.0566,2.1953,2.4629,2.9385,3.083,2.9912,3.1212,3.2175,1.8579,1.8603,1.8717,1.8431,1.8386,1.8424,1.8246,1.7962,1.7959,1.8174,1.7709,1.7252,1.7099,1.8546,1.7006,1.6573,1.7022,1.6931,1.6909,1.6546,1.6709,1.6566,1.6416,1.6606,1.6583,1.6354,1.645,1.6828,1.7191,1.767,1.7851,1.78
1.8211,1.8659,1.8772,1.9067,1.9215,1.9351,1.9012,1.8833,1.9392,1.9925,1.9976,1.9835,1.9762,1.9678,1.9417,1.9376,1.9232,1.922,1.8927,1.871,1.8978,1.9246,1.9091,1.8694,1.8598,1.8679,1.8994,2.0497,2.2713,2.64,2.9296,2.8456,2.9911,3.2215,1.8751,1.9011,1.8959,1.896,1.879,1.8505,1.8545,1.8547,1.8603,1.8196,1.8013,1.7785,1.7734,1.7311,1.7016,1.6715,1.6025,1.5414,1.5448,1.5514,1.4552,1.4477,1.4627,1.4728,1.4976,1.542,1.5716,1.6287,1.6854,1.7133,1.7756,1.8661
1.8851,1.901,1.9487,1.9401,1.925,1.9385,1.9708,2.0029,1.9629,1.9673,1.9893,2.0018,2.0266,2.0131,2.0095,2.0024,2.0006,1.992,2.0021,1.9727,1.9549,1.9314,1.924,1.965,1.9797,1.9975,2.1156,2.2911,2.5361,2.9025,2.9033,2.8725,3.0649,3.1053,1.9025,1.9059,1.8826,1.8818,1.8896,1.8877,1.8751,1.8414,1.841,1.8386,1.8133,1.7776,1.7785,1.7549,1.7192,1.6909,1.6397,1.5854,1.5551,1.4963,1.4284,1.413,1.4496,1.5155,1.5263,1.5216,1.5383,1.6311,1.7013,1.7113,1.7906,1.8598
1.896,1.9432,1.9925,1.961,1.9446,1.9479,1.9658,1.983,1.9983,2.0277,2.0272,2.0127,1.973,1.9905,2.0034,1.9956,1.962,1.9418,1.9249,1.9423,1.944,1.92,1.917,1.8834,1.8639,1.8921,1.9629,2.1632,2.4385,2.9105,3.0038,2.8492,3.0803,3.2809,1.9042,1.9083,1.9203,1.9157,1.906,1.8964,1.8997,1.9074,1.9105,1.9005,1.9071,1.8884,1.9064,1.9014,1.9182,1.8957,1.8936,1.9239,1.9226,1.8951,1.9023,1.9048,1.9065,1.8997,1.918,1.8974,1.9124,1.9155,1.9183,1.9115,1.9188,1.918
1.9056,1.8976,1.8787,1.8668,1.8634,1.8472,1.8187,1.7822,1.7539,1.8471,1.8423,1.8997,1.8623,1.8626,1.934,1.9081,1.8727,1.8682,1.8606,1.8492,1.8533,1.8149,1.7707,1.7975,1.8628,1.9542,2.0552,2.104,2.1122,2.2376,2.5714,2.8251,2.9739,3.0428,1.9011,1.9044,1.889,1.8957,1.916,1.9176,1.8872,1.8365,1.8799,1.8482,1.8223,1.8293,1.8189,1.8012,1.7706,1.7374,1.7529,1.7309,1.6747,1.6264,1.5403,1.4403,1.3495,1.2519,1.2372,1.3314,1.4144,1.4825,1.586,1.5453,1.5984,1.7717
1.8228,1.8272,1.8641,1.8904,1.9376,1.9663,1.9972,2.0144,2.0372,2.0379,2.0794,2.087,2.0429,2.0208,2.0064,2.0266,2.0159,2.0392,2.041,2.0357,2.0293,2.0213,2.0172,2.011,1.9629,1.954,2.0218,2.2254,2.5773,3.0447,3.0997,2.9328,3.0781,3.1372,1.8905,1.8999,1.8765,1.8519,1.8358,1.8201,1.8168,1.8395,1.8221,1.8259,1.796,1.7642,1.7276,1.7232,1.6847,1.6129,1.5785,1.5545,1.5344,1.4909,1.5004,1.5106,1.5996,1.5911,1.58,1.5969,1.6546,1.7299,1.8002,1.8077,1.8323,1.8832
1.8878,1.8924,1.9479,1.9197,1.9435,1.9337,1.9486,1.9794,1.9542,1.9427,1.9789,1.9955,2.0012,1.976,1.9964,2.022,2.0259,1.9913,1.9746,1.9433,1.9249,1.8718,1.8449,1.8026,1.8503,1.8901,1.9959,2.2047,2.6393,3.0021,2.9049,2.9826,3.2118,3.2457,1.9184,1.9046,1.8744,1.8919,1.8793,1.8838,1.8731,1.8854,1.8941,1.8742,1.8392,1.8292,1.816,1.7944,1.7867,1.781,1.7399,1.6478,1.675,1.5882,1.4904,1.4338,1.399,1.3635,1.337,1.3615,1.3799,1.4492,1.5457,1.6389,1.7141,1.7747
1.8733,1.8772,1.9139,1.912,1.935,1.9862,2.003,1.9828,2.0142,2.0119,2.0047,2.0311,2.0342,2.0174,2.0282,2.0067,2.079,2.088,2.0641,2.013,1.955,1.955,1.9158,1.8765,1.8646,1.8428,1.9047,2.0649,2.3712,2.7444,2.8118,2.7549,2.9257,3.0711,1.8735,1.8925,1.8909,1.8976,1.8814,1.881,1.8635,1.8328,1.8292,1.7735,1.8015,1.776,1.7611,1.727,1.688,1.643,1.5818,1.5334,1.4548,1.4189,1.4387,1.509,1.5691,1.5714,1.5622,1.5826,1.636,1.7634,1.8071,1.8524,1.8754,1.8919
1.941,1.9556,1.9328,1.9671,2.0378,2.0822,2.0759,2.0727,2.0196,1.9955,1.9843,1.996,2.0041,1.9605,1.911,1.896,1.9232,1.9482,1.9076,1.8512,1.8355,1.804,1.7259,1.6468,1.6338,1.6994,1.8331,2.0282,2.3462,2.8572,3.0363,2.9697,3.3039,3.5884,1.9006,1.9152,1.9176,1.9155,1.8856,1.933,1.9253,1.8815,1.8593,1.8193,1.8215,1.8199,1.8144,1.8351,1.8354,1.7644,1.7512,1.731,1.6882,1.6284,1.5584,1.4588,1.3281,1.3622,1.3981,1.413,1.4413,1.4373,1.407,1.4384,1.482,1.616
1.686,1.7398,1.8809,1.9788,1.9935,1.9804,1.9956,2.0104,2.0153,2.0349,2.0264,2.0025,2.0034,2.0326,2.0358,2.0305,2.012,2.0103,2.0213,2.0231,2.0297,2.0091,2.0035,2.005,2.0096,2.0144,2.095,2.241,2.5622,2.848,2.7791,2.7807,2.9897,3.0919,1.8594,1.8453,1.8158,1.8272,1.9329,1.8325,1.8308,1.876,1.9436,1.9272,1.8627,1.8221,1.7355,1.6472,1.6074,1.5666,1.492,1.3975,1.3419,1.346,1.4033,1.4725,1.5372,1.558,1.6677,1.7405,1.7309,1.7128,1.7964,2.0066,1.9594,1.9472
1.9904,2.0543,2.0183,1.9722,2.0074,2.0875,2.0515,1.9902,1.9862,2.0265,2.0597,2.0905,2.1011,2.1128,2.1215,2.1181,2.1011,2.0737,2.0397,2.0468,1.9932,1.939,1.9544,1.9163,1.9166,1.924,1.99,2.1709,2.5097,2.7943,2.7611,2.7456,2.907,3.0035,1.9333,1.917,1.9294,1.9019,1.9158,1.9061,1.8518,1.8403,1.8445,1.8357,1.8196,1.7942,1.7228,1.6711,1.6789,1.6962,1.6874,1.6096,1.5514,1.5353,1.4328,1.4184,1.3503,1.2689,1.3237,1.5423,1.6526,1.5713,1.5711,1.6624,1.7204,1.8202
1.8195,1.9293,1.9637,1.9496,2.0329,2.0452,2.0377,2.0156,1.9885,1.9683,1.9911,2.0484,2.0892,2.0774,2.0647,2.0758,2.1517,2.1088,2.1065,2.1101,2.0983,2.0389,1.977,1.9757,1.9935,1.9944,2.0851,2.245,2.6634,3.1184,3.0802,2.9956,3.1517,3.2035,1.8228,1.7743,1.7169,1.749,1.76,1.7273,1.6446,1.5672,1.5484,1.5506,1.6109,1.5826,1.6257,1.6468,1.6557,1.7167,1.8474,1.826,1.7826,1.8404,1.9945,1.9861,1.8878,1.932,2.0553,2.0593,2.0771,2.1458,2.125,2.0244,2.0755,1.9956
1.9243,2.0023,1.9708,1.9153,1.8127,1.7093,1.6852,1.7313,1.864,1.8037,1.6226,1.5769,1.7021,1.6367,1.7997,1.7417,1.8369,1.9185,1.8215,1.8627,1.887,1.8028,1.8902,1.9236,1.9141,1.9961,2.1028,2.2248,2.4501,2.9918,3.3311,2.9758,3.2845,3.6772,1.866,1.8719,1.8988,1.8927,1.8739,1.889,1.8688,1.8676,1.8004,1.769,1.8017,1.7767,1.677,1.6479,1.5942,1.5486,1.493,1.429,1.3657,1.2448,1.3314,1.4581,1.4474,1.4682,1.5408,1.6327,1.636,1.7682,1.8029,1.8456,1.8944,2.0348
1.8955,2.0288,2.1488,2.0891,2.0114,2.1468,2.1728,2.231,2.1905,2.1399,2.2178,2.1325,2.1534,2.1654,2.2331,2.2046,2.0717,2.0824,1.8287,2.0614,1.9601,1.7965,1.7669,1.9809,1.8836,1.8657,1.9941,2.2377,2.5014,2.7437,2.5494,2.6713,2.7865,2.9148,1.8747,1.9209,1.9232,1.897,1.9207,1.889,1.888,1.8991,1.8965,1.8792,1.8816,1.8791,1.8818,1.889,1.8875,1.8824,1.865,1.8176,1.7456,1.6998,1.6459,1.5882,1.523,1.4558,1.3766,1.2959,1.2731,1.204,1.1389,1.1954,1.3249,1.3933
1.4163,1.5452,1.676,1.8896,1.93,1.9368,1.9671,2.0074,2.092,2.1243,2.1054,2.1471,2.1423,2.1194,2.1475,2.1485,2.146,2.1609,2.1543,2.1154,2.1224,2.1553,2.0718,2.0479,2.045,2.0423,2.1133,2.226,2.4122,2.6967,2.735,2.682,2.8336,2.9571,1.8269,1.8311,1.819,1.7973,1.8252,1.8095,1.8402,1.7901,1.7266,1.7677,1.7873,1.7795,1.7483,1.719,1.7033,1.7103,1.6748,1.7409,1.773,1.7073,1.6583,1.65,1.7012,1.6939,1.684,1.7217,1.7458,1.7594,1.728,1.7294,1.7813,1.774
1.787,1.8262,1.8725,1.9305,1.9769,1.9735,2.0403,2.0587,1.8792,1.8348,1.8986,1.9984,1.9665,1.9343,1.9684,1.967,2.0081,1.9755,2.0399,1.9838,1.9882,1.9622,1.9418,1.9663,2.031,2.0564,2.1878,2.494,2.7612,2.7072,2.6754,2.8358,2.8996,2.9337,1.8115,1.8638,1.8944,1.8386,1.8359,1.7894,1.8613,1.8684,1.7779,1.8009,1.7966,1.7938,1.8127,1.7672,1.752,1.728,1.7056,1.7106,1.6567,1.6134,1.6013,1.6023,1.5837,1.5904,1.5964,1.6071,1.561,1.585,1.6932,1.7205,1.7686,1.7648
1.8769,1.9215,1.9118,1.9338,2.008,2.0388,1.9632,1.9451,1.9475,2.001,1.9959,2.0367,2.0438,2.0468,2.0724,2.0695,2.047,2.0389,2.0155,1.9819,1.9887,1.9486,1.9159,1.9142,1.8914,1.8722,1.9453,2.2007,2.4071,2.5629,2.6403,2.6834,2.8227,2.9309,1.8932,1.8762,1.8727,1.8424,1.868,1.8517,1.8569,1.8782,1.8318,1.8143,1.7806,1.7809,1.7459,1.7003,1.6293,1.547,1.4761,1.4238,1.3708,1.3364,1.3578,1.4193,1.554,1.6413,1.5825,1.602,1.6629,1.7026,1.8319,1.855,1.8268,1.9487
1.9976,1.9922,2.0477,2.0818,2.0715,2.0708,2.0554,2.0388,1.9986,2.0223,2.0611,2.0791,2.0607,2.0615,1.9828,2.0137,2.05,2.0015,1.9558,1.9468,1.8886,1.7791,1.7481,1.7058,1.8231,1.8392,2.0045,2.2195,2.5816,2.8062,2.767,2.8498,3.1414,3.2389,1.7096,1.7891,1.8397,1.8039,1.8226,1.7956,1.7317,1.6856,1.632,1.6201,1.5951,1.5235,1.4756,1.4962,1.4686,1.5203,1.5141,1.6003,1.7242,1.8101,1.7604,1.7795,1.8588,1.8855,1.9016,1.9265,1.926,1.9339,1.9643,1.9671,2.0586,2.0722
2.024,1.9845,2.0839,2.1445,2.2157,2.1082,2.0978,2.0987,2.0148,2.09,2.0135,2.0133,2.0399,1.9801,1.9052,1.9014,1.8616,1.8187,1.7877,1.7421,1.7043,1.6395,1.5798,1.563,1.5779,1.6531,1.8426,2.1531,2.6315,3.2788,3.1468,3.1658,3.5374,3.5994,1.8772,1.8783,1.8652,1.8553,1.794,1.8042,1.8304,1.7485,1.7122,1.6902,1.6058,1.567,1.5229,1.4719,1.4056,1.375,1.3611,1.4632,1.5711,1.5997,1.6194,1.6695,1.735,1.8099,1.8936,1.9285,1.9443,2.002,2.0311,1.9628,1.9576,1.9577
1.974,2.0229,1.9584,2.0182,2.0505,2.0646,2.0672,2.0482,2.0091,2.0039,2.0006,2.0176,1.9974,2.03,2.0139,1.9893,1.9872,1.9891,1.9349,1.9152,1.8638,1.8567,1.8149,1.8213,1.849,1.9216,1.9839,2.1688,2.5858,2.9278,2.8181,2.8395,3.1025,3.147,1.9019,1.9205,1.9005,1.8954,1.9219,1.915,1.9087,1.914,1.9117,1.8881,1.9099,1.9031,1.9009,1.8984,1.8978,1.9171,1.9154,1.9105,1.9091,1.92,1.9069,1.9069,1.9041,1.8995,1.9109,1.928,1.9162,1.8915,1.8932,1.927,1.8868,1.881
1.8938,1.8928,1.8907,1.8873,1.8686,1.817,1.8854,1.8916,1.8816,1.8698,1.8568,1.8786,1.8981,1.8635,1.8311,1.8532,1.8408,1.8656,1.8702,1.8411,1.8083,1.7463,1.7956,1.8193,1.8019,1.7792,1.7702,1.7816,2.0183,2.1762,2.1148,2.4819,2.6679,2.9413,1.9086,1.9074,1.8998,1.9209,1.8914,1.8958,1.9048,1.926,1.9414,1.9185,1.9004,1.8466,1.793,1.7537,1.7317,1.6736,1.6121,1.5914,1.5366,1.4831,1.3915,1.2396,1.2057,1.2116,1.3447,1.4023,1.5234,1.5479,1.5531,1.6842,1.8356,1.8009
1.7957,1.8693,1.9437,2.0094,2.0038,1.9959,2.0645,2.0907,2.077,2.1264,2.1021,2.105,2.1168,2.1522,2.1309,2.1069,2.095,2.0946,2.1399,2.0844,2.0701,2.0376,1.9783,1.969,1.9586,1.9623,2.0199,2.1058,2.3464,2.5882,2.63,2.6746,2.8052,1.9097,1.8869,1.9105,1.9068,1.9018,1.9045,1.9108,1.8747,1.9096,1.9095,1.9076,1.9197,1.9235,1.9219,1.9111,1.905,1.9135,1.9136,1.9081,1.8919,1.8911,1.8778,1.8788,1.9416,1.9251,1.9003,1.9142,1.9005,1.9038,1.9088,1.8928,1.8837,1.8899
1.9037,1.8509,1.8782,1.8834,1.8717,1.8621,1.8312,1.8072,1.7887,1.7344,1.6979,1.8054,1.9219,1.9351,1.862,1.8628,1.8565,1.9114,1.8967,1.8508,1.9034,1.9357,1.9228,1.9279,2.0081,2.0537,2.0302,2.1042,2.2343,2.5743,2.8756,3.0061,3.0529,1.9338,1.8785,1.8753,1.8948,1.837,1.8642,1.8887,1.8922,1.8845,1.8714,1.8153,1.7677,1.7605,1.7511,1.7343,1.6656,1.6044,1.5225,1.4398,1.4109,1.424,1.4455,1.529,1.5738,1.5498,1.5361,1.6087,1.7085,1.7551,1.819,1.779,1.823,1.8475
1.8843,1.949,1.984,2.0015,1.9622,1.8936,1.9372,1.9166,1.892,1.8894,1.9243,1.9183,1.9083,1.9597,1.974,1.975,2.0319,2.0194,2.0228,2.02,1.9976,1.9578,1.9286,1.9146,1.9301,2.088,2.3107,2.679,2.9002,2.8503,2.8961,3.1188,3.1619,1.8937,1.8988,1.8837,1.8309,1.9025,2.0045,1.8289,1.8196,1.8019,1.7687,1.706,1.6751,1.6656,1.6745,1.6533,1.5766,1.5681,1.3685,1.3299,1.401,1.5121,1.6584,1.6001,1.3644,1.4542,1.7636,1.8652,1.7138,1.8419,2.0233,1.9456,1.9677,2.0097
2.049,1.9839,1.9816,2.1989,2.094,2.0678,2.0039,2.0467,2.0701,2.0299,2.0244,2.0697,2.1026,2.0758,2.0819,2.0443,1.9986,1.9595,1.8966,1.8479,1.788,1.7436,1.6981,1.6795,1.7069,1.8113,2.0344,2.5576,3.0485,2.9915,2.9959,3.3457,3.4328,1.912,1.9259,1.9131,1.904,1.8816,1.9181,1.8994,1.889,1.9171,1.9228,1.9068,1.9216,1.9219,1.893,1.9032,1.9005,1.903,1.9031,1.9216,1.9074,1.9093,1.9061,1.8983,1.9005,1.9059,1.9032,1.8983,1.8929,1.9093,1.8907,1.9106,1.895,1.8774
1.9202,1.885,1.8825,1.8896,1.8878,1.878,1.8597,1.8791,1.8307,1.8186,1.8374,1.8241,1.8243,1.9004,1.9156,1.894,1.8824,1.8608,1.8344,1.8654,1.874,1.8499,1.8385,1.872,1.9984,2.2208,2.2356,2.0584,2.1316,2.3758,2.7151,2.9297,3.0626,1.9052,1.8967,1.8437,1.8322,1.8053,1.7789,1.7468,1.713,1.7978,1.8688,1.8452,1.8181,1.7839,1.7402,1.7317,1.6982,1.6646,1.5707,1.4916,1.4532,1.4491,1.6225,1.753,1.4043,1.3616,1.3746,1.4165,1.4458,1.4992,1.739,1.7774,1.7955,1.8714
1.9391,2.0108,2.0733,2.0218,2.0996,2.1927,2.1396,2.0682,2.1773,2.1178,2.0864,2.0395,2.0335,2.1011,2.1025,2.0268,2.0964,1.9308,2.0036,1.9835,1.9076,1.8108,1.7827,1.8291,1.9071,2.009,2.1963,2.5143,2.9428,3.0538,2.9576,3.1684,3.3837,1.834,1.8767,1.9155,1.9109,1.9259,1.91,1.902,1.8777,1.8509,1.8095,1.7735,1.8091,1.8569,1.8428,1.817,1.7889,1.7453,1.6967,1.6515,1.5568,1.5173,1.4504,1.3683,1.3207,1.2143,1.2758,1.4456,1.6032,1.5678,1.535,1.6358,1.7065,1.78
1.8577,1.9329,1.9254,1.9247,2.0026,2.0539,2.083,2.1386,2.1442,2.0997,2.0573,2.0556,2.0426,2.049,2.062,2.0238,1.9872,1.9983,2.0015,2.013,1.9846,1.9361,1.9228,1.9601,2.0568,2.1772,2.3715,2.7999,2.9161,2.7381,2.8103,3.0078,3.0613,1.8773,1.8194,1.8783,1.8748,1.8849,1.9083,1.8539,1.8791,1.9096,1.8582,1.8058,1.7941,1.7796,1.7588,1.7557,1.7081,1.6623,1.6218,1.5669,1.4625,1.3574,1.2725,1.227,1.2639,1.4036,1.4971,1.5041,1.535,1.6049,1.6364,1.6728,1.782,1.8957
1.9911,2.0421,2.0994,2.0769,2.0768,2.0851,2.0745,2.0861,2.0709,2.0801,2.0999,2.141,2.1599,2.1523,2.236,2.1319,2.0846,2.0668,1.985,1.9624,1.97,1.9508,1.837,1.8572,1.8247,1.9293,2.1348,2.4432,2.7569,2.9445,2.9411,3.0316,3.1369,1.8604,1.7993,1.8112,1.8014,1.7524,1.7896,1.9317,1.9394,1.832,1.8068,1.9029,1.9814,1.9293,1.9035,1.818,1.7978,1.7659,1.674,1.5903,1.5597,1.4855,1.4962,1.4505,1.5447,1.5756,1.6527,1.7835,1.8551,1.8296,1.7265,1.8386,1.9014,1.9072
1.8465,1.8312,1.99,2.1245,2.0027,1.9907,1.9811,1.9838,2.0608,2.1133,2.0492,1.9946,2.0625,2.0719,1.9668,2.0356,2.0498,2.0405,1.9749,1.9179,1.9151,1.8859,1.8503,1.8184,1.8624,1.9781,2.1575,2.5662,3.1224,3.1333,3.0893,3.3477,3.374,1.891,1.9032,1.8795,1.8945,1.8896,1.8709,1.8374,1.9464,1.8474,1.8014,1.8558,1.8038,1.8437,1.8574,1.8311,1.8168,1.787,1.6831,1.7038,1.7151,1.6143,1.5436,1.5139,1.3701,1.3003,1.2119,1.1987,1.1134,1.3718,1.4123,1.7282,1.5258,1.5352
1.5837,1.9211,1.9889,1.9826,1.9802,2.04,2.0977,2.19,2.1934,2.1952,2.2103,2.1808,2.1476,2.1431,2.1477,2.1623,2.1641,2.1316,2.0823,2.0356,2.0178,1.9768,1.9105,1.8547,1.813,1.8708,1.9948,2.2259,2.5472,2.8398,2.7778,2.9239,3.1548,3.1744,1.9093,1.8961,1.8902,1.906,1.9206,1.905,1.8984,1.9098,1.8648,1.8887,1.9069,1.8876,1.8798,1.8729,1.8748,1.8829,1.8715,1.8446,1.8149,1.8136,1.7379,1.6749,1.6349,1.5113,1.3106,1.2447,1.1427,0.99582,0.9953,1.1364,1.344,1.5243
1.6052,1.5775,1.789,2.0254,2.0082,2.0543,2.195,2.2471,2.1387,2.0608,2.0579,2.017,1.9921,1.9726,1.9829,1.9911,1.9746,1.9647,1.9287,1.9502,1.9618,1.8658,1.8212,1.8119,1.7643,1.7822,1.8889,2.0687,2.4742,3.0944,3.1062,3.3277,3.9435,3.9817,2.4525,2.5234,2.4179,2.2107,1.9741,1.771,1.6315,1.5668,1.5451,1.5838,1.6305,1.7087,1.8339,1.9204,1.9962,2.069,2.0937,2.0911,2.0724,2.03,1.9658,1.9171,1.8504,1.8106,1.8107,1.8401,1.8545,1.8601,1.9437,1.9337,1.925,1.9591
1.9726,1.9627,1.9455,1.8901,1.8997,1.8912,1.8902,1.8808,1.8642,1.8581,1.8705,1.8754,2.0699,2.0543,2.0715,2.0155,1.9822,2.0348,2.0356,2.0771,1.9995,1.9463,2.0111,1.9789,1.9635,1.8943,1.9978,1.9392,2.0143,1.906,1.9674,2.0296,1.9482,1.8675,1.9643,1.9612,1.9579,1.9697,1.9124,1.9671,2.1919,2.4129,2.5014,2.5604,2.6168,1.6782,1.6457,1.6507,1.6836,1.6536,1.6437,1.6481,1.7531,1.8036,1.8603,1.818,1.8137,1.8435,1.8645,1.8731,1.8633,1.8804,1.9122,1.9422,1.9366,1.9648
2.0019,2.0344,2.0352,2.0362,2.0099,2.0354,2.0555,2.0767,2.0597,2.0392,2.0423,1.9817,1.987,1.9943,2.0196,2.0496,2.1024,2.0452,2.0736,2.0652,2.0651,2.0223,2.0614,2.0278,2.0339,2.0238,1.9877,1.9733,1.9515,1.9808,1.9586,2.0134,2.121,2.2155,2.3107,2.3184,2.2159,2.1522,2.2015,2.1884,2.1313,2.1124,2.106,2.0982,2.1141,1.7552,1.731,1.7144,1.7239,1.7406,1.7672,1.7146,1.6696,1.6664,1.7448,1.7514,1.7844,1.7904,1.7729,1.7613,1.7731,1.7882,1.8034,1.8755,1.8948,1.8562
1.8051,1.8226,1.8716,1.9075,1.9254,1.9076,1.8943,1.9672,2.0035,2.0343,1.9901,1.953,2.0011,2.0248,2.142,2.0273,2.0492,2.1473,2.1141,2.0816,2.074,2.0823,2.1512,2.1096,2.1449,2.1436,2.1199,2.0958,2.0931,2.0553,1.9909,1.9985,1.936,1.898,1.9982,2.1222,2.2053,2.1918,2.1554,2.1142,2.1482,2.1621,2.1441,2.1994,2.2119,1.6643,1.6651,1.6601,1.6872,1.7108,2.024,1.8496,1.7872,1.86,1.8797,1.9629,1.9222,1.8447,1.8013,1.7631,1.7513,1.8054,1.8418,1.7989,1.7802,1.7436
1.7284,1.7847,1.9432,1.9759,1.9247,1.9172,1.904,1.8595,1.8541,1.9065,2.0445,2.1083,2.1092,2.063,2.0169,2.0042,2.0554,2.0927,2.0575,2.0231,1.9966,1.9478,2.0044,2.012,2.0224,1.9986,2.0262,2.0779,2.1127,2.1479,2.1235,2.1015,2.1,2.0618,2.0376,2.033,2.0553,2.0006,2.0429,1.9802,1.9904,2.0698,2.1826,2.2679,2.307,1.8558,1.8347,1.7857,1.7311,1.7386,1.755,1.7215,1.6967,1.6992,1.7093,1.674,1.7062,1.699,1.71,1.6683,1.6433,1.6293,1.6204,1.6093,1.6004,1.642
1.6273,1.6601,1.6652,1.7005,1.7215,1.7076,1.7014,1.7444,1.8427,1.8477,1.8228,1.794,1.8306,1.8466,1.9807,1.9529,1.8406,1.8807,1.874,1.9702,2.0523,2.0816,2.0559,2.05,2.0506,2.0805,2.143,2.1686,2.1588,2.1352,2.1329,2.098,2.1401,2.1407,2.1585,2.1591,2.1273,2.1126,2.1075,2.1264,2.0523,2.1395,2.1908,2.3205,2.3845,1.6847,1.6473,1.6203,1.6327,1.6734,1.6265,1.6195,1.606,1.5507,1.539,1.5735,1.5631,1.5462,1.5738,1.6038,1.6631,1.5838,1.6372,1.6987,1.7219,1.7845
1.7734,1.8074,1.8603,1.9159,1.9552,1.9671,1.9027,1.9307,1.9543,1.9774,1.9942,2.1357,2.1074,2.1178,2.2167,2.1703,2.2063,2.2029,2.1759,2.1733,2.2078,2.1893,2.1191,2.0799,2.0574,2.1165,2.0806,2.0321,2.0079,2.002,1.9936,1.9839,1.9061,1.8612,1.8459,1.9382,2.0032,2.1608,2.25,2.2555,2.2306,2.1734,2.2606,2.2838,2.2632,1.7438,1.7622,1.7658,1.7165,1.6649,1.5802,1.6004,1.6288,1.6538,1.7012,1.6735,1.6398,1.7438,1.7431,1.7867,1.7781,1.7867,1.794,1.8283,1.9105,1.9537
1.9131,1.8427,1.8506,1.9243,1.942,1.9426,1.9817,1.9555,1.9307,1.9185,1.9896,2.053,2.053,2.0173,1.9435,2.0379,2.0018,2.0721,2.0986,2.0379,2.0394,2.0782,2.0665,2.043,2.0541,2.0262,1.9635,1.9867,2.0135,2.0315,1.9922,2.0027,1.9924,1.9739,1.894,1.8844,1.8366,1.9106,2.1594,2.3355,2.5014,2.4933,2.4217,2.3525,2.3454,1.7327,1.7665,1.7594,1.7972,1.8243,1.8126,1.7828,1.7939,1.8329,1.8449,1.8534,1.8619,1.8208,1.861,1.9373,1.9815,1.9103,1.9878,1.9621,1.9973,1.8971
1.8707,1.9155,2.0502,2.0749,2.032,1.997,2.0208,2.0353,2.0839,2.055,2.1873,2.0552,1.9195,1.8985,1.9249,1.9876,2.0635,1.9938,2.0209,2.0609,2.0194,2.0139,2.1494,2.0702,2.0336,1.9541,1.96,2.039,2.0303,1.963,1.9196,1.9308,1.9135,1.86,1.857,1.8273,1.9267,2.0316,2.1757,2.3343,2.3569,2.3145,2.344,2.3932,2.3878,1.8085,1.7953,1.8479,1.9087,1.9404,1.8829,1.8982,1.9097,1.94,1.9346,1.9143,1.9335,1.9469,1.9133,1.9452,1.9511,1.9865,1.9147,1.9173,1.9397,1.9719
2.0404,2.1037,2.1272,2.108,2.075,1.9872,1.992,2.0429,2.0431,2.1366,2.0195,2.0262,1.953,2.0302,2.0655,2.0934,1.9895,1.9746,1.9437,1.9777,2.0202,1.997,1.9327,1.9566,1.9838,1.9592,1.9149,2.008,1.9775,1.8909,1.825,1.7921,1.9292,2.0525,2.1907,2.0793,2.0816,2.0292,2.1309,2.156,2.1857,2.1996,2.196,2.2715,2.2813,2.2785,1.8011,1.7577,1.7589,1.7705,1.7881,1.5876,1.8741,1.823,1.8387,1.8581,1.9138,1.9261,1.9705,1.7637,1.8809,1.9524,1.9506,2.0594,2.0581,2.0492
1.9258,1.9822,2.0854,2.084,2.1151,2.1561,2.1514,2.0562,2.053,2.0793,2.1056,2.0761,2.0337,2.085,2.0553,2.0343,2.0522,2.0302,2.0302,2.0555,2.0665,2.0437,2.0472,2.0662,1.9339,1.9847,2.0408,1.9502,1.9545,1.9631,1.9651,1.8644,1.8983,1.9265,1.8442,1.8216,1.8705,2.0108,2.1304,2.2309,2.1867,2.171,2.1928,2.1858,2.1873,2.164,1.7283,1.7342,1.7771,1.768,1.7713,1.7985,1.7973,1.8668,1.91,1.83,1.8527,1.8078,1.8468,1.8646,1.9181,1.9469,1.9315,1.97,1.995,2.0069
1.9679,1.9153,1.9777,1.979,2.06,2.0035,1.9917,2.0117,2.0212,2.0224,1.9816,1.9805,1.953,1.9889,1.9717,1.9643,1.9837,1.9483,2.0336,2.0861,2.1161,2.1032,2.1338,2.0896,2.0474,2.0252,1.9932,1.9958,2.0056,2.0127,1.9806,1.9305,1.9276,1.9217,1.9238,1.8681,1.8611,1.9286,1.9791,2.0916,2.1961,2.2427,2.1902,2.1259,2.1275,2.2738,2.0059,1.9049,1.8693,1.8076,1.8508,1.9633,2.01,2.021,2.0074,1.9925,1.9341,2.0556,2.0762,2.1291,2.0798,2.0365,1.9724,2.0196,2.0332,1.9873
1.9763,2.0128,2.0122,1.9761,2.0297,2.0447,2.037,2.0078,2.0057,1.9721,1.9217,1.9777,1.9841,1.9652,1.9265,1.9096,1.8868,2.0122,2.1505,1.9964,1.9886,2.0082,1.9401,1.9182,1.9675,2.001,1.9527,1.8105,1.9232,1.8476,1.9411,1.961,1.9681,2.1082,2.238,2.2899,2.2591,2.27,2.1596,2.1567,2.1162,1.9399,1.9909,2.0927,2.0762,2.0982,1.724,1.7393,1.7171,1.6623,1.6044,1.6569,1.7033,1.7051,1.6854,1.6689,1.7039,1.7844,1.8251,1.7941,1.8259,1.8673,1.921,1.8955,1.9372,1.9828
1.9358,1.9709,2.026,2.0619,2.0724,2.0301,2.0147,2.0217,2.0154,2.0377,2.0622,2.097,2.069,2.0899,2.067,2.1316,2.1222,2.117,2.107,2.0629,2.0841,2.0518,2.0115,2.0474,2.0817,2.0798,2.0328,2.0108,2.1111,2.0263,1.979,1.8987,1.9185,1.9157,1.8755,1.8615,1.8624,1.9914,2.1057,2.154,2.1901,2.1705,2.1348,2.1803,2.2376,2.2661,1.8487,1.8692,1.8456,1.8512,1.8145,1.7982,1.8344,1.8409,1.8516,1.9017,1.8903,1.8619,1.8859,1.9566,1.9592,1.883,1.8707,1.9373,1.9727,2.035
2.0604,2.0666,2.0695,2.101,2.0296,2.113,2.0051,2.0135,2.0531,1.9679,1.9809,2.0104,2.0366,2.0189,2.0768,2.061,2.0187,2.1164,2.148,2.1519,2.115,2.0174,1.9897,1.93,2.0312,2.0015,1.9617,1.9357,1.9891,1.9464,1.8334,1.85,1.8665,1.7786,1.7774,1.8572,1.8831,1.9244,2.0937,2.21,2.234,2.2885,2.2222,2.1789,2.224,2.2123,1.8227,1.8109,1.8639,1.8877,1.9018,1.8986,1.9288,1.9577,1.9965,1.978,1.9433,1.8965,1.9917,2.0235,2.0188,2.058,2.0907,2.0789,2.048,2.0675
2.0778,2.1163,2.1043,2.0336,2.036,2.0532,1.9946,2.03,2.0243,2.0088,2.0386,2.0353,2.0555,2.0369,2.0557,2.0427,2.0702,2.1068,2.1499,2.1139,2.1014,2.0442,1.9589,1.9302,1.9227,1.9614,2.0123,1.9343,1.9088,1.9155,1.8478,1.7665,1.8016,1.7608,1.8414,2.0079,2.1241,2.2893,2.3912,2.3495,2.2904,2.3783,2.4113,2.4174,2.4408,2.4584,1.9974,1.9819,1.9829,1.9738,1.9904,1.9966,1.9277,1.9577,1.9498,1.9341,1.92,1.9365,1.9178,1.923,1.8999,1.9029,1.8503,1.8645,1.8599,1.8324
1.8229,1.8287,1.8021,1.7752,1.7482,1.7303,1.7729,1.8088,1.7582,1.7135,1.73,1.7698,1.7909,1.8029,1.7305,1.7102,1.7743,1.8092,1.7492,1.6638,1.6346,1.6847,1.7006,1.7181,1.7478,1.7423,1.7459,1.7715,1.809,1.7845,1.6894,1.7599,1.775,1.8122,1.8957,1.9087,1.9295,1.8657,1.6831,1.6421,1.5608,1.8368,1.9973,2.0687,2.0488,2.0478,1.8827,1.8185,1.8133,1.8218,1.834,1.8256,1.8221,1.8029,1.7844,1.7969,1.8374,1.8822,1.9175,1.9094,1.8989,1.9433,1.9213,1.921,1.9082,1.9662
1.8708,1.9035,1.8876,1.909,1.9881,2.0148,1.9941,2.0031,1.9809,1.96,2.0059,1.962,2.0048,2.0145,2.0289,2.0331,2.0284,2.0386,2.0852,2.0822,2.0326,2.0036,1.9881,1.9845,1.9709,1.9757,1.9502,1.9712,2.0465,2.0678,1.9884,1.9683,2.0117,1.9224,1.9024,1.898,1.9369,2.036,2.0632,2.2068,2.2987,2.3447,2.3096,2.2847,2.3311,2.401,1.8506,1.7977,1.8459,1.8671,1.8822,1.8847,1.8487,1.865,1.8369,1.8956,1.8825,1.8926,1.8498,1.8451,1.9218,1.9188,1.9752,1.9872,1.9945,1.9636
1.9706,2.0095,2.0071,2.05,2.0702,2.0143,2.0079,1.9913,1.9641,1.9914,2.0355,2.0735,2.1338,2.1713,2.145,2.1641,2.1394,2.1092,2.1076,2.2488,2.0769,2.047,1.9846,1.9239,1.8709,1.9104,1.9339,1.9571,1.8468,1.8464,1.8309,1.8509,1.8538,1.8173,1.769,1.8276,1.8908,2.0989,2.2432,2.3223,2.3017,2.354,2.3433,2.3514,2.3709,2.4463,2.0227,1.9465,1.9759,1.9549,1.9786,2.0032,1.9678,1.9568,1.951,1.9406,1.9123,1.9991,1.9772,1.9447,1.8483,1.8643,1.8913,1.8696,1.8555,1.8629
1.8664,1.8338,1.8421,1.8382,1.8331,1.8418,1.8817,1.8957,1.8261,1.8442,1.8411,1.77,1.744,1.7658,1.7277,1.6298,1.6442,1.654,1.6824,1.7192,1.7282,1.743,1.7696,1.7597,1.7408,1.7526,1.7431,1.7479,1.7003,1.761,1.7589,1.7521,1.7235,1.7503,1.7451,1.8392,1.8478,1.8527,1.8976,1.8882,1.8724,1.8922,1.8319,1.8989,1.972,2.0461,1.6297,1.689,1.7802,1.8817,1.8379,1.716,1.7299,1.6979,1.6934,1.7462,1.7251,1.6535,1.8118,1.773,1.847,1.8202,1.8891,1.8433,1.8865,1.9638
1.989,1.9714,1.9969,1.9996,1.9733,1.9549,2.0204,2.0394,1.9928,1.9465,2.001,2.0668,2.0658,2.1371,2.0391,2.0076,2.0546,2.0529,1.9594,1.9777,1.9465,1.9825,1.9373,1.9214,1.8779,1.996,2.0971,2.0852,2.0101,2.0238,1.9853,1.9567,1.8685,1.8519,1.878,1.8857,1.8515,1.9546,2.1862,2.4124,2.4266,2.3382,2.3657,2.3211,2.3627,2.3474,1.7474,1.7523,1.7599,1.8327,1.8832,1.861,1.8688,1.8769,1.8882,1.8885,1.9179,2.0282,1.9681,1.9327,1.9232,1.8725,1.8921,1.9605,1.9607,2.0301
2.0148,2.029,2.0504,2.0433,2.0632,2.0661,2.0457,2.04,2.0262,2.013,2.0218,2.0299,2.0146,2.0111,1.946,1.9441,1.9717,1.9842,1.9629,1.9954,1.9963,1.9544,1.9438,1.9149,1.9228,1.8517,1.9413,1.8642,1.8898,1.8784,1.8692,1.9159,1.9193,1.9351,1.8995,1.8932,1.8517,1.901,2.0317,2.0886,2.2028,2.3388,2.383,2.364,2.3656,2.4586,1.9,1.9396,2.001,1.9454,1.9401,1.952,1.9327,1.9966,1.9331,1.9738,1.908,1.8917,1.888,1.9078,1.9531,1.9904,2.0048,2.0272,1.9328,1.9321
1.9577,1.9804,1.9737,1.9928,2.0197,2.0149,2.0453,2.0532,2.0764,2.14,2.1455,2.041,1.9455,2.0866,2.1742,1.9971,2.0816,2.0909,1.988,1.9945,1.9561,1.9374,1.9875,1.9884,1.921,1.9197,1.9471,1.8719,1.86,1.8503,1.8271,1.8146,1.9096,2.0537,2.1383,2.2455,2.3709,2.2278,2.1907,2.112,1.9785,1.9956,2.0776,2.0495,2.0717,2.1498,1.8149,1.8277,1.8697,1.8925,1.8671,1.8786,1.8128,1.7889,1.9026,1.9532,1.871,1.9114,1.9567,2.0167,2.0001,1.9136,1.8856,1.941,1.8918,1.9633
1.9596,2.0593,1.9501,1.9788,2.0013,1.9779,1.9519,2.0152,1.9806,1.9884,1.9672,2.059,1.9667,1.9969,2.0211,2.0556,1.8909,2.0002,1.9422,1.9279,1.9336,2.0308,1.9953,1.9314,1.9588,1.91,1.9384,1.9223,1.956,2.0074,2.0114,1.915,1.9426,2.006,2.1119,2.2428,2.284,2.1871,2.2953,2.2302,2.2192,2.2611,2.2405,2.18,2.1764,2.1824,1.8313,1.886,1.9196,1.9244,1.966,1.9448,1.9702,2.0942,2.081,2.0305,1.9903,1.9683,1.9402,2.0013,2.0027,2.0374,2.0532,2.0126,1.9783,1.9771
2.0305,1.974,2.0536,2.0158,2.027,1.9971,1.9919,2.0078,2.0448,2.0401,2.0387,2.0553,2.1448,2.0598,2.0487,2.11,2.0732,2.0287,1.9967,1.9788,1.9667,1.9588,1.9497,1.9227,1.8858,1.8579,1.8622,1.8693,1.7777,1.8512,1.8916,1.893,1.9263,1.8877,1.9115,1.9976,2.1287,2.2908,2.3544,2.3239,2.2588,2.3286,2.4018,2.4042,2.4705,2.5681,1.902,1.9108,1.9163,1.9091,1.9063,1.9182,1.9029,1.8903,1.9012,1.9069,1.9151,1.9266,1.9478,1.9514,1.946,1.9312,1.9195,1.9198,1.8997,1.8717
1.8712,1.8695,1.8424,1.8333,1.8147,1.8153,1.8435,1.8668,1.8729,1.8846,1.8723,1.8609,1.8761,1.8856,1.8717,1.8816,1.849,1.7911,1.7912,1.8389,1.8624,1.8045,1.8509,1.9232,1.9463,1.9194,1.8639,1.8677,1.8793,1.8837,1.8382,1.7846,1.6918,1.7547,1.8838,1.9177,1.7514,1.7031,1.7947,1.7783,1.7859,1.8543,1.9133,1.9579,1.9932,2.0498,1.9998,1.993,2.1041,2.1328,2.0334,1.9352,1.9609,2.0569,2.035,2.0347,2.0354,2.011,2.029,2.0171,2.0145,2.0444,2.007,1.9706,1.9753,2.031
2.0499,2.1151,1.9713,2.059,2.0642,2.1377,2.2004,2.1473,2.0891,2.1095,2.0831,2.0302,2.0654,2.1207,2.0084,2.0005,2.0175,1.9974,1.9883,1.9993,1.9928,1.9639,1.9482,1.9168,1.8808,1.8928,1.9247,1.982,2.0554,2.1547,2.1608,2.1844,2.0468,2.0932,2.0632,1.9486,1.9242,1.8898,1.8208,1.8759,1.9533,1.9507,1.969,1.9721,1.9817,2.0345,2.0288,1.9322,1.9114,1.9638,1.9582,1.9283,1.9136,1.9074,1.8778,1.8935,1.9,1.868,1.8274,1.843,1.8103,1.7657,1.7551,1.7678,1.7628,1.7831
1.788,1.761,1.8302,1.8159,1.7724,1.7134,1.6865,1.681,1.6796,1.6047,1.5835,1.511,1.6884,1.5801,1.6786,1.6714,1.7732,1.7651,1.807,1.7786,1.7816,1.8641,1.9088,1.9171,1.9023,1.8809,1.9151,1.8948,1.9119,1.9005,1.8825,1.8621,1.8572,1.8656,1.8761,1.864,1.7861,1.8916,1.9407,1.9084,1.9259,1.8992,1.931,1.8989,1.9231,2.0346,2.0716,1.9236,1.9615,1.9706,1.9955,1.9996,1.9852,1.959,1.9629,1.9811,1.9953,1.9755,1.9865,2.0371,1.9634,1.9596,1.9153,1.9502,1.9726,1.9598
2.0319,2.1172,2.1166,2.1205,2.0988,2.0678,2.0919,2.0445,2.009,2.0331,2.0038,1.9615,1.9739,1.984,1.9326,1.9637,1.9605,1.9392,1.9249,1.9363,1.9282,1.9393,1.9601,1.8811,1.9324,1.8959,1.8337,1.8895,1.9337,1.9858,2.1314,2.2004,2.1754,2.0815,2.1021,2.0588,2.018,2.0684,2.0402,1.9546,1.9392,1.9329,1.9368,1.9704,2.0011,2.0129,2.0376,1.87,1.888,1.8771,1.8912,1.9017,1.8894,1.8954,1.9052,1.8595,1.8953,1.8848,1.9179,1.8889,1.8679,1.8741,1.8978,1.8945,1.8481,1.8879
1.9026,1.9062,1.8702,1.8649,1.8851,1.9171,1.9447,1.9169,1.8521,1.8632,1.8926,1.8723,1.9013,1.9121,1.8943,1.917,1.9166,1.8875,1.8918,1.8947,1.9404,1.9135,1.8931,1.8764,1.8792,1.9116,1.8946,1.8949,1.8815,1.9314,1.9059,1.9024,1.8787,1.9315,1.8861,1.8564,1.8663,1.8591,1.8779,1.7534,1.7641,1.7351,1.744,1.7197,1.8141,1.9047,2.0778,1.992,1.9973,1.9421,1.9291,1.9799,2.0157,2.019,2.0091,2.0532,2.0573,2.0201,1.9329,1.9411,2.0213,2.0489,2.0967,2.0761,2.0608,2.0167
1.9519,1.999,2.0117,2.0052,2.034,2.0649,2.0869,2.0012,2.0432,2.1156,2.143,2.1485,2.1355,2.0201,1.9527,1.9822,1.9888,2.1108,2.1178,2.081,1.9674,2.0074,2.0074,1.9493,1.8899,1.8258,1.7321,1.7216,1.6246,1.726,1.7675,1.8262,1.863,1.8898,1.9309,2.1581,2.2935,2.1994,2.0999,1.9784,2.0262,2.1074,2.061,2.0533,2.1512,1.9636,2.1313,1.9655,2.0701,1.9547,1.9924,2.016,1.9578,1.9026,1.8568,1.7918,1.7901,1.7183,1.6443,1.7454,1.7271,1.8208,1.8327,1.8323,1.8649,1.8724
1.9482,1.9802,1.9891,1.914,1.9467,1.9131,1.8609,1.793,1.8398,1.9044,1.9194,1.898,1.8772,1.8995,2.1542,2.1293,2.0998,2.0658,1.9925,1.9312,1.9971,2.0456,2.073,1.9557,1.9131,2.0235,2.0111,2.0903,2.2346,2.2041,2.2267,2.2093,2.2197,2.2278,2.1836,2.194,2.1573,2.1518,2.1108,2.0503,2.1334,2.2242,2.3281,2.3153,2.4299,2.536,2.5817,1.9458,1.9502,1.993,1.9484,1.9585,1.9312,1.9379,1.9077,1.9007,1.907,1.8926,1.8948,1.8898,1.8985,1.8932,1.9171,1.9022,1.9213,1.9262
1.9419,1.9333,1.9248,1.9084,1.8968,1.8911,1.9067,1.9002,1.9064,1.9048,1.9138,1.9098,1.8962,1.867,1.8014,1.7685,1.7164,1.874,1.9209,1.9873,1.9917,1.9458,1.8569,1.8364,1.8738,1.8961,1.9122,1.97,1.9549,1.9618,1.9123,1.8506,1.7905,1.7621,1.8326,2.0605,2.1106,2.0415,2.127,2.2588,2.2948,2.2875,2.3585,2.4145,2.4713,2.7114,2.7357,1.9119,1.9048,1.931,1.8637,1.8088,1.7324,1.6596,1.5923,1.5528,1.5087,1.4254,1.3565,1.2674,1.1744,1.0993,1.1178,1.2121,1.3359,1.4976
1.5962,1.7071,1.8781,1.9999,2.1085,2.0613,2.1019,2.1282,2.1181,2.0963,2.0226,2.0206,1.9978,1.9635,1.9504,1.8655,1.9135,1.9331,1.9166,1.9752,2.0035,1.9646,1.9607,2.0088,2.0396,2.0584,2.0861,2.1133,2.1124,2.1104,2.1178,2.1158,2.1194,2.1078,2.0668,2.0794,2.0401,2.0614,2.1129,2.0483,2.1083,2.2948,2.4003,2.5231,2.5555,2.5894,2.7198,1.9741,2.0167,2.015,2.0142,1.984,1.9318,1.8977,1.8738,1.8727,1.8642,1.8423,1.8374,1.8828,1.8949,1.893,1.8918,1.9594,1.97,1.9621
1.9503,1.9439,1.9311,1.9234,1.8977,1.8871,1.8849,1.8731,1.8669,1.8851,1.8988,1.9085,1.9213,1.9358,1.9367,1.9277,1.919,1.8962,1.8644,1.7994,1.7775,1.785,1.774,1.8013,1.8073,1.7872,1.7455,1.8346,1.8649,1.9266,1.9378,1.9881,2.0485,2.0334,1.995,1.8813,1.9063,1.9134,1.9195,1.9101,1.8352,1.9325,2.1049,2.0922,2.1391,2.366,2.5241,1.8759,1.8478,1.8395,1.83,1.8506,1.8356,1.7883,1.7492,1.7377,1.6798,1.605,1.6079,1.5668,1.5328,1.5984,1.6259,1.6196,1.5922,1.6286
1.7594,1.7385,1.698,1.7266,1.7303,1.6888,1.6989,1.6686,1.6733,1.6621,1.6954,1.7037,1.6854,1.6958,1.8469,1.8344,1.8781,1.8662,1.9088,1.9702,1.9306,1.9351,2.0357,2.0033,2.0084,2.0327,2.0537,2.0948,2.2018,2.1482,2.0963,2.1683,2.158,2.1979,2.222,2.2263,2.167,2.0844,2.0015,1.9837,1.9698,2.2415,2.357,2.4242,2.6094,3.1452,3.2923,1.9985,1.9273,1.8938,1.8634,1.8188,1.7697,1.7505,1.7673,1.8054,1.8295,1.8506,1.8856,1.9247,1.9748,1.9467,1.9718,1.9533,1.9797,1.9545
1.9257,1.9174,1.9063,1.8935,1.9017,1.8899,1.8833,1.8971,1.8989,1.913,1.9161,1.9131,1.9133,1.9173,1.9063,1.9011,1.9168,1.9019,1.8971,1.8803,1.7947,1.7254,1.7301,1.7225,1.7252,1.7352,1.8405,1.9144,1.9328,1.9446,1.9233,2.0031,2.0269,1.9619,2.0339,2.0564,2.0072,1.964,1.7712,1.74,1.8263,1.8741,1.9632,2.0804,2.139,2.3442,2.5244,1.5865,1.5271,1.4764,1.4608,1.4818,1.453,1.4889,1.5101,1.533,1.646,1.8181,1.8712,1.7995,1.8911,2.0002,2.0734,2.0268,1.997,1.8837
1.8712,1.8821,1.9099,1.8958,1.8842,1.8578,1.9069,1.9227,1.9341,1.9619,1.9658,1.9333,1.9981,1.9947,1.9826,2.0321,2.075,2.1582,2.1817,2.1479,2.1817,2.1534,2.157,2.086,2.117,2.0661,1.9911,1.9571,2.0031,1.9994,2.0144,1.9708,1.9776,1.9215,1.9655,2.0083,1.9899,1.9567,1.9965,2.0003,2.2132,2.4123,2.4529,2.5076,2.7186,3.0007,2.971,1.4584,1.3671,1.3143,1.2799,1.27,1.3479,1.501,1.6632,1.6872,1.5863,1.6126,1.7219,1.8505,1.8547,1.7593,1.8256,1.935,1.9446,1.9511
1.9378,1.9132,1.9375,1.9633,1.9948,1.9983,1.9894,1.9311,1.9259,1.9103,1.9237,1.9478,2.0014,2.0394,2.168,2.1554,2.1489,2.1571,2.2118,2.1917,2.2079,2.1481,2.1834,2.1427,2.1326,2.0867,2.0641,2.1153,2.132,2.1229,2.1137,2.0778,2.1015,2.0695,2.0337,1.959,1.9258,1.8621,1.8552,2.0163,2.2061,2.3741,2.5308,2.6041,2.7962,2.8369,2.9007,1.6951,1.6674,1.5607,1.5198,1.4453,1.3802,1.3334,1.3379,1.3545,1.2663,1.2475,1.3396,1.5299,1.6199,1.6641,1.6834,1.8747,1.9184,1.7975
1.804,1.8096,1.9101,1.9905,1.9716,1.9081,1.9309,1.9336,1.8798,1.9316,1.9324,2.0097,2.0879,2.1133,2.1384,2.1201,2.0427,2.039,2.0257,2.0666,2.0055,2.023,2.0933,2.0425,2.0412,2.0907,2.1289,2.1433,2.1361,2.2438,2.2139,2.244,2.2535,2.2045,2.1676,2.1781,2.0373,2.0719,1.992,2.0093,2.227,2.3952,2.6288,2.6601,2.7685,2.8998,2.9425,1.6051,1.5823,1.614,1.5799,1.5436,1.5069,1.4572,1.4141,1.4343,1.4778,1.5097,1.5214,1.5219,1.582,1.6289,1.7713,1.7226,1.721,1.7901
1.7999,1.859,1.9565,1.9443,1.9336,1.953,1.9599,2.0379,1.9613,1.9924,1.9821,1.9863,1.9763,2.0075,1.9852,2.0132,2.0737,2.0727,2.0625,2.1635,2.1271,2.1497,2.1113,2.0886,2.2029,2.1188,2.1322,2.1425,2.1409,2.1443,2.098,2.0855,2.0788,2.0111,2.0049,2.0523,2.0208,1.9456,1.9709,1.9836,1.997,2.208,2.3837,2.5125,2.5829,2.7833,2.8925,1.8138,1.8469,1.8415,1.8019,1.7984,1.7757,1.7326,1.6801,1.6485,1.6429,1.5858,1.5568,1.5249,1.5204,1.5735,1.5878,1.6432,1.6672,1.7197
1.7493,1.7852,1.8267,1.933,1.9271,1.9031,1.9078,1.93,1.8839,2.0032,1.9995,2.0029,1.9363,1.9927,2.024,2.0725,2.0786,2.0673,1.9688,2.0717,2.1347,2.0373,2.0952,2.1725,2.1314,2.2055,2.158,2.1415,2.1561,2.1269,2.2044,2.2192,2.1901,2.1462,2.1784,2.1443,2.1442,2.0611,2.0718,2.2421,2.3927,2.4634,2.5518,2.6314,2.7111,2.7624,2.7467,1.8233,1.7981,1.7805,1.7304,1.7044,1.6932,1.6541,1.594,1.5144,1.481,1.4657,1.3977,1.4218,1.4596,1.4989,1.5296,1.5238,1.5627,1.5482
1.5867,1.6259,1.6598,1.7441,1.7977,1.7959,1.7824,1.827,1.916,2.0063,2.102,2.0434,2.0676,2.0245,2.0099,2.1135,2.0336,2.0275,2.0348,2.0546,2.0236,1.9622,2.0001,2.0631,2.1032,2.1117,2.0956,2.1481,2.1794,2.147,2.207,2.1835,2.1722,2.1211,2.0595,2.0263,2.012,2.0034,1.8737,1.8471,2.0058,2.3377,2.7085,2.7454,3.0415,3.2194,3.2785,1.8621,1.7859,1.7393,1.7089,1.697,1.6606,1.6084,1.59,1.5749,1.5216,1.4204,1.3219,1.3578,1.338,1.3513,1.43,1.5522,1.5756,1.5122
1.5861,1.6374,1.7898,1.783,1.7421,1.7509,1.7787,1.845,1.8994,1.9379,1.9768,1.9705,1.9996,2.0423,2.0295,2.0354,2.0276,2.0414,2.0177,2.049,2.0384,2.0347,1.9995,2.0439,2.1503,2.1815,2.1309,2.1248,2.1664,2.207,2.193,2.2091,2.2176,2.242,2.155,2.1488,2.1729,2.1663,2.0848,2.0309,2.1804,2.4144,2.5231,2.5974,2.7345,3.0095,3.1891,1.5767,1.565,1.455,1.5649,1.4625,1.4661,1.445,1.3973,1.3801,1.4045,1.5327,1.6159,1.652,1.7243,1.7776,1.7945,1.7893,1.895,1.9123
2.0065,2.0948,2.0795,2.0486,2.0552,2.0374,2.0455,2.08,2.0484,2.0934,2.1681,2.0635,2.0283,2.0119,2.0511,2.0454,2.0347,2.0613,2.0776,2.1165,2.0869,2.1718,2.1393,2.0595,2.0025,2.058,2.1379,2.1306,2.0929,2.03,2.0028,2.078,2.0707,2.0596,2.2614,2.431,2.6021,2.79,2.9448,3.104,3.238,1.8687,1.838,1.8061,1.7804,1.7291,1.6957,1.6653,1.5857,1.4906,1.3823,1.3074,1.2654,1.2688,1.24,1.1966,1.3662,1.401,1.4095,1.5562,1.6745,1.7207,1.7357,1.7628,1.8235,1.8252
1.8566,1.9121,2.0195,2.074,2.092,2.0737,2.0242,2.1224,2.0907,2.074,2.0933,2.0516,2.0961,2.1121,2.1397,2.1207,2.1457,2.1457,2.1639,2.1682,2.1643,2.1653,2.1926,2.1046,2.0823,2.0505,2.0813,2.0808,2.0663,2.0884,2.0379,2.091,2.0508,2.0327,2.1307,2.352,2.6011,2.7597,2.8381,2.9456,3.1466,1.9336,1.911,1.8701,1.8281,1.7832,1.7522,1.6642,1.6179,1.5488,1.5359,1.5499,1.5228,1.4119,1.3197,1.2982,1.2989,1.3486,1.4331,1.446,1.542,1.7184,1.7065,1.6473,1.6904,1.8943
1.9695,1.9076,1.9179,1.9513,1.8959,1.8878,1.8962,1.8958,1.864,1.9114,1.89,1.921,1.9583,2.0364,2.0619,2.0331,2.0095,2.007,2.0357,2.1669,2.2058,2.2427,2.1631,2.2199,2.234,2.1455,2.171,2.1718,2.0971,2.092,2.099,2.0784,2.042,1.9952,2.1625,2.4179,2.4589,2.6539,2.9415,3.2562,3.4312,1.9558,1.9504,1.9222,1.8848,1.8737,1.8846,1.8622,1.8219,1.7227,1.6617,1.6018,1.5557,1.5029,1.4227,1.3935,1.3288,1.2238,1.183,1.1695,1.2366,1.2828,1.3556,1.36,1.4389,1.5546
1.6659,1.7339,1.7113,1.8056,1.9011,1.9645,1.974,2.0798,2.1145,2.1469,2.0674,2.0809,2.0858,2.1521,2.2088,2.2074,2.1397,2.1022,2.1677,2.1311,2.1206,2.0729,2.1534,2.1207,2.1896,2.1628,2.1528,2.1629,2.164,2.1073,2.1193,2.0532,2.1083,2.0762,2.1176,2.263,2.6007,2.8352,2.8754,3.1303,3.5914,1.894,1.8847,1.8866,1.8473,1.7767,1.7196,1.6837,1.6406,1.5813,1.4928,1.3967,1.4097,1.3967,1.3145,1.1852,1.164,1.248,1.3139,1.3846,1.4507,1.5292,1.483,1.4855,1.5971,1.73
1.7859,1.8427,1.9566,2.0704,2.043,2.0869,2.1266,2.0782,2.0803,2.0806,2.0948,2.0577,2.0599,2.0826,2.1522,2.1122,2.0924,2.1637,2.235,2.2239,2.2164,2.2078,2.2588,2.2968,2.2794,2.2075,2.1427,2.1348,2.0743,2.1267,2.0999,2.0976,2.1001,2.1168,2.3477,2.6374,2.8474,2.9539,3.0669,3.2941,3.2774,1.9078,1.8788,1.9071,1.9171,1.9224,1.9254,1.8919,1.863,1.8205,1.7256,1.6903,1.6454,1.5624,1.4795,1.4274,1.329,1.2453,1.16,1.0858,1.0905,1.1935,1.2864,1.2616,1.3558,1.4729
1.5473,1.6591,1.7277,1.6967,1.8027,2.0044,1.9581,2.0191,2.073,2.0732,2.0822,2.0839,2.1836,2.1814,2.2341,2.2049,2.1873,2.2457,2.1967,2.2393,2.2417,2.2247,2.2436,2.2905,2.3024,2.2345,2.223,2.2253,2.2174,2.1887,2.2398,2.1713,2.1847,2.1172,2.111,2.416,2.482,2.5455,2.9034,3.2127,3.2107,1.7403,1.7038,1.7108,1.7261,1.7062,1.6152,1.6027,1.5872,1.5809,1.5124,1.4625,1.48,1.4423,1.4226,1.4854,1.4881,1.4663,1.4548,1.5199,1.4723,1.5553,1.6949,1.6363,1.647,1.6682
1.7397,1.7412,1.8421,1.8638,1.9914,1.9794,1.9757,2.0562,2.0655,2.0689,2.0373,2.0432,2.1205,2.1622,2.1257,2.1493,2.2507,2.2402,2.372,2.3845,2.2955,2.2388,2.3464,2.3413,2.3148,2.2857,2.2043,2.188,2.1628,2.0872,1.9982,1.9766,1.8913,1.8798,2.0416,2.2714,2.5767,2.6125,2.7243,2.9452,3.2063,2.022,1.8677,1.6807,1.6241,1.575,1.5827,1.8544,1.975,1.9281,1.7498,1.4966,1.2287,1.0823,1.0116,1,0.91435,0.93177,1.0606,1.2541,1.4729,1.7139,1.8248,1.7034,1.8662,1.8729
1.9381,1.9083,2.0004,2.0484,2.0282,1.9113,1.895,1.9627,1.9833,2.0279,2.0682,2.0938,2.0956,2.1813,2.2496,2.3211,2.2976,2.396,2.4171,2.3566,2.3628,2.358,2.3187,2.1998,2.2068,2.2548,2.2004,2.0986,1.9974,1.9492,1.9009,1.882,1.9181,1.9671,2.1476,2.4654,2.9202,2.9675,3.0631,3.2245,3.4216,1.9253,1.9128,1.8369,1.8113,1.7712,1.7568,1.7315,1.6076,1.5143,1.4605,1.4058,1.3478,1.3013,1.2664,1.2074,1.279,1.3525,1.335,1.4251,1.5929,1.6155,1.6419,1.6893,1.7896,1.8609
1.8577,1.7881,1.8382,1.9671,2.008,1.9909,2.0192,2.0126,2.0511,2.1411,2.173,2.1694,2.148,2.1903,2.1854,2.2438,2.2427,2.2129,2.2294,2.31,2.2668,2.2087,2.2653,2.1679,2.1415,2.1651,2.1302,2.096,2.1269,2.1306,2.0805,2.057,2.1787,2.3211,2.516,2.6231,2.7744,2.7778,2.8402,2.8642,2.861,1.84,1.8541,1.8453,1.8448,1.8043,1.7117,1.639,1.5309,1.497,1.4036,1.343,1.303,1.3407,1.3359,1.2969,1.3203,1.4163,1.4962,1.488,1.4709,1.5614,1.6218,1.633,1.7803,1.9073
1.9308,1.9205,1.9836,2.0371,2.0246,2.0695,2.0854,2.067,2.09,2.1561,2.1323,2.1134,2.0516,2.0464,2.1106,2.1498,2.1703,2.1717,2.1828,2.1429,2.1749,2.1577,2.1233,2.0803,2.0833,2.0827,2.0884,2.1291,2.1501,2.0973,2.0774,2.1203,2.1403,2.245,2.4608,2.6575,2.6689,2.6687,2.8895,3.0496,3.1424,1.9041,1.8554,1.8313,1.7502,1.6998,1.6408,1.5964,1.545,1.5036,1.4625,1.408,1.3461,1.2916,1.2042,1.223,1.4053,1.457,1.4402,1.3934,1.4667,1.664,1.6791,1.7025,1.657,1.7514
1.8848,1.9812,1.9129,2.0153,2.1015,2.1489,2.1503,2.1274,2.1065,2.0751,2.0626,2.0177,2.0263,1.9887,2.0301,1.9971,2.1295,2.2155,2.246,2.3117,2.2217,2.2259,2.2373,2.2338,2.2303,2.1923,2.1636,2.1605,2.1525,2.0621,2.0538,2.0138,2.0519,2.1754,2.3857,2.5472,2.6485,2.6737,2.7904,2.8132,2.9204,1.6796,1.6582,1.6207,1.6074,1.6213,1.6671,1.638,1.6676,1.7691,1.8212,1.8009,1.8141,1.8608,1.7941,1.7766,1.6859,1.7421,1.7722,1.7012,1.6253,1.5801,1.5941,1.6154,1.6441,1.7175
1.7204,1.6804,1.7324,1.8418,1.8475,1.8428,1.8891,1.9,1.8738,1.9206,1.9505,1.9572,1.9854,1.9357,1.9373,2.0543,2.0792,2.1549,2.158,2.1126,2.1956,2.1496,2.1481,2.1578,2.155,2.1769,2.1446,2.078,2.0401,2.0488,2.0079,1.9373,1.941,2.0329,2.1934,2.3611,2.7663,2.9913,3.0636,3.3837,3.6276,1.8198,1.8515,1.859,1.8285,1.8074,1.7855,1.7591,1.7073,1.6538,1.6079,1.5716,1.5124,1.4429,1.4062,1.3503,1.3662,1.4311,1.4343,1.4289,1.5115,1.613,1.6034,1.6385,1.7809,1.7114
1.6945,1.8075,1.8712,1.9361,1.888,1.8961,1.8696,1.8856,1.9716,1.9865,1.994,1.9064,2.0203,2.0777,2.1082,2.0999,2.0441,2.0551,2.0847,2.1527,2.212,2.21,2.2227,2.2284,2.2317,2.2185,2.1475,2.0774,2.0192,2.0416,2.0461,2.0518,2.0094,2.0175,2.0524,2.4232,2.5823,2.8023,2.9962,3.1532,3.2569,1.951,1.9059,1.8341,1.7919,1.7398,1.6795,1.6039,1.5065,1.4066,1.3487,1.3101,1.2759,1.2769,1.2927,1.3322,1.4906,1.5639,1.5325,1.6358,1.7531,1.7888,1.7446,1.7865,1.767,1.8271
1.8222,1.7387,1.7311,1.8072,1.8745,1.9248,1.9101,1.9781,1.9974,2.0094,2.0679,2.1186,2.163,2.0989,2.1666,2.1782,2.1521,2.1647,2.1352,2.1151,2.164,2.1738,2.1739,2.1887,2.1467,2.1383,2.1937,2.1482,2.1918,2.2213,2.1469,2.1486,2.1474,2.1271,2.3402,2.4867,2.5308,2.7284,2.8314,2.9995,3.0237,1.9479,1.9896,1.9751,1.938,1.9024,1.8827,1.825,1.7781,1.6746,1.5481,1.5435,1.4769,1.4309,1.4626,1.482,1.4662,1.3833,1.3294,1.3657,1.4696,1.4686,1.4167,1.5751,1.5216,1.5223
1.5798,1.6391,1.6458,1.7193,1.6599,1.7655,1.8553,1.8335,1.994,2.001,2.0505,2.0998,2.1314,2.1824,2.1921,2.1831,2.2252,2.1971,2.1443,2.151,2.1996,2.2224,2.1997,2.1897,2.2372,2.1485,2.1772,2.1691,2.0882,2.0545,2.1009,2.0721,2.0589,2.0502,2.1007,2.3576,2.6482,2.7942,3.0065,3.2999,3.4096,1.8924,1.912,1.9447,1.9449,1.9088,1.823,1.7232,1.6565,1.6089,1.5497,1.4271,1.3261,1.2311,1.0696,0.99146,0.87148,0.83133,0.87082,1.0378,1.3176,1.5341,1.3847,1.6754,1.8584,2.0272
2.0575,2.0262,2.0456,2.1695,2.1154,2.1177,2.1861,2.2397,2.3121,2.2904,2.3506,2.3238,2.3186,2.2538,2.31,2.2654,2.2957,2.2858,2.3076,2.3105,2.1969,2.2016,2.2235,2.2577,2.1722,2.1378,2.1033,2.0264,1.9772,1.97,1.9298,1.9834,2.0101,2.026,2.2041,2.4236,2.5278,2.5964,2.7569,2.9279,2.9539,1.8775,1.8624,1.8873,1.8934,1.9006,1.9023,1.9048,1.8929,1.8541,1.7698,1.725,1.7264,1.6829,1.6296,1.5774,1.4916,1.4407,1.2988,1.1267,0.97383,0.92062,0.98848,1.1206,1.4348,1.4488
1.3754,1.5226,1.8252,1.9419,1.8048,1.7236,1.8991,1.9886,2.0545,2.0898,2.1165,2.1797,2.1668,2.209,2.2041,2.2563,2.2428,2.255,2.2535,2.2822,2.2404,2.197,2.2675,2.3352,2.373,2.4245,2.5607,2.472,2.3811,2.2098,2.1061,2.1292,2.0513,1.9952,1.8974,1.9105,2.1332,2.3331,2.5189,2.8903,3.3849,1.7747,1.7359,1.6143,1.5372,1.4918,1.394,1.2847,1.1787,1.1524,1.1201,1.1047,1.1964,1.3662,1.476,1.5359,1.5126,1.5917,1.714,1.8328,2.028,2.032,2.0118,2.0666,2.0548,2.1083
2.065,2.1455,2.1306,2.1086,2.098,2.0876,2.1016,2.0754,2.1266,2.1023,2.0419,2.0013,2.0359,2.0251,2.0574,2.0543,2.0182,1.9602,1.9622,2.0296,2.0262,1.9389,1.987,1.9625,2.1031,2.1943,2.185,2.2048,2.1981,2.2491,2.2543,2.2866,2.2091,2.1023,2.2424,2.4668,2.6454,2.7256,2.8919,3.0276,3.0374,1.8342,1.8617,1.9162,1.9436,1.9582,1.9258,1.9005,1.8999,1.8946,1.8718,1.8791,1.8834,1.9021,1.9407,1.8941,1.768,1.6524,1.6165,1.5291,1.4119,1.2616,1.1046,0.94927,0.82288,0.69253
0.64259,0.74733,0.93029,1.1209,1.3163,1.5293,1.6736,1.9421,1.9774,1.9016,2.1421,2.212,2.3321,2.4411,2.4087,2.362,2.3257,2.3275,2.4142,2.3426,2.3779,2.3323,2.3041,2.2528,2.2454,2.2504,2.227,2.2176,2.1749,2.174,2.1359,2.1064,2.0843,2.0342,2.1649,2.4071,2.5076,2.6351,2.9328,3.1298,3.136,1.8451,1.8905,1.9315,1.8942,1.8021,1.705,1.6805,1.6782,1.6568,1.5509,1.4661,1.453,1.395,1.3184,1.2603,1.1622,1.2058,1.2464,1.274,1.3977,1.4991,1.4981,1.5746,1.6946,1.8536
2.0106,2.0255,2.0526,2.0518,2.0648,2.0235,2.0578,2.0908,2.0433,2.052,2.1077,2.1091,2.0911,2.2094,2.1909,2.1735,2.1138,2.1694,2.1783,2.1993,2.1458,2.153,2.165,2.0509,2.0923,2.0961,2.11,2.1036,2.0934,2.1383,2.1335,2.094,2.1229,2.0849,2.1077,2.3659,2.5055,2.5068,2.6409,2.8779,2.9467,1.9159,1.9243,1.9022,1.8829,1.8819,1.8681,1.8078,1.762,1.706,1.6351,1.5827,1.5405,1.463,1.3749,1.2801,1.1838,1.0603,0.98991,0.96377,1.0277,1.2164,1.3109,1.4073,1.5265,1.6922
1.8187,1.9182,2.057,2.1044,2.0743,2.0523,2.198,2.2292,2.1766,2.1942,2.2019,2.2166,2.2071,2.1789,2.2682,2.3033,2.3299,2.2974,2.3405,2.3271,2.2899,2.2512,2.2574,2.261,2.2057,2.1629,2.0909,2.0671,2.0492,2.0025,1.9951,1.9858,1.9874,1.8502,1.9261,1.9524,2.1791,2.3628,2.6051,2.9035,3.2509,1.8253,1.7596,1.7502,1.6833,1.5557,1.4529,1.3548,1.3419,1.3334,1.2657,1.1147,0.98617,0.91728,1.0179,1.2548,1.4122,1.4984,1.6593,1.7502,1.9194,2.0397,2.09,2.1454,2.1571,2.1709
2.2447,2.1939,2.1844,2.097,2.2036,2.2429,2.1687,2.115,2.1407,2.1748,2.2211,2.1399,2.2273,2.2872,2.2591,2.2938,2.2902,2.2465,2.2153,2.2723,2.2483,2.1938,2.106,2.001,1.9729,1.9011,1.8616,1.9082,1.8992,1.8775,1.8266,1.8843,1.8692,1.9837,2.1933,2.4079,2.5134,2.6502,2.799,2.8994,2.9518,1.8865,1.8926,1.8577,1.8626,1.902,1.9431,1.9403,1.9303,1.9552,1.9345,1.9264,1.8815,1.915,1.9084,1.8511,1.9481,1.9883,1.9393,1.9477,1.9501,1.9352,1.9146,1.8869,1.8789,1.859
1.8976,1.9462,1.8395,1.7513,1.5895,1.6922,1.8078,2.0576,2.0178,2.1893,2.2611,2.1548,2.1283,2.0493,1.8548,1.5782,1.5846,1.6952,1.8206,1.7449,1.6529,1.7406,1.9642,2.0462,2.1925,2.5852,2.7519,2.8136,2.9156,2.7734,2.4761,2.4936,2.668,2.3566,2.2356,2.4218,2.5954,2.678,2.3439,2.8963,3.2029,1.9296,1.9133,1.9009,1.9013,1.8939,1.8761,1.7988,1.7135,1.6397,1.5702,1.4769,1.3789,1.2955,1.1844,1.0079,0.81759,0.78421,0.8321,0.91554,1.0825,1.3219,1.4359,1.6107,1.9511,1.9988
1.9705,2.1061,2.188,2.3067,2.3313,2.3189,2.2934,2.2387,2.2086,2.285,2.2063,2.1913,2.231,2.2354,2.2534,2.2153,2.1609,2.1475,2.1691,2.1651,2.198,2.1636,2.1354,2.0644,2.0613,2.0416,2.0843,2.0781,2.0286,2.0627,2.1241,2.1287,2.0726,2.1008,2.2963,2.5638,2.72,2.7124,2.913,3.0444,3.0012,1.9084,1.9292,1.8563,1.7871,1.7232,1.6676,1.6303,1.5738,1.4927,1.4646,1.4474,1.4714,1.4429,1.326,1.1843,1.2081,1.3264,1.4973,1.6283,1.637,1.6176,1.619,1.751,1.8932,1.9752
1.905,1.8489,1.9252,2.0551,2.046,1.9845,1.9857,2.0548,2.0369,1.9745,1.9975,2.0452,2.075,2.0578,2.0638,2.0752,2.0421,2.0518,2.0979,2.1075,2.0719,2.0877,2.119,2.0992,2.1112,2.0778,2.1093,2.2014,2.15,2.1207,2.1029,2.0335,2.0686,2.0742,2.1672,2.3941,2.7079,2.8269,2.9977,3.2358,3.217,3.0575,2.8284,2.4975,2.1257,1.7993,1.5643,1.4209,1.332,1.2635,1.168,1.2826,1.4293,1.5862,1.8409,1.9426,2.2044,2.3047,2.3394,2.2465,2.1276,1.9505,1.8564,1.7486,1.6648,1.6516
