-1.8091,-1.7762,-1.7121,-1.6288,-1.572,-1.583,-1.6169,-1.6123,-1.6095,-1.5729,-1.6343,-1.6663,-1.724,-1.8009,-1.8577,-1.9172,-1.9886,-2.0454,-2.0957,-2.1525,-2.1799,-2.179,-2.1937,-2.4088,-2.5617,-2.7677,-2.8172,-2.6972,-2.5956,-2.4766,-2.3173,-2.1488,-1.9886,-1.8201,-1.7121,-1.6123,-1.6489,-1.6984,-1.6782,-1.6746,-1.6819,-1.7167,-1.7469,-1.7478,-1.756,-1.7844,-1.822,-1.843,-1.8467,-1.8302,-1.8155,-1.8101,-1.8082,-1.8403,-1.854,-1.8183,-1.8,-1.8091,-1.8201,-1.8311,-1.8229,-1.8394,-1.854,-1.8513,-1.8577,-1.5116
-1.5354,-1.5766,-1.6269,-1.5317,-1.4805,-1.485,-1.5308,-1.5867,-1.6892,-1.8064,-2.1131,-2.4903,-2.6414,-2.6588,-2.7906,-2.7567,-2.6981,-2.5361,-2.3823,-2.1955,-2.1122,-2.0499,-2.0426,-2.0014,-1.9877,-1.9648,-1.9703,-1.9456,-1.908,-1.8421,-1.6681,-1.6865,-1.6535,-1.637,-1.5867,-1.5949,-1.6242,-1.6608,-1.6874,-1.7441,-1.7872,-1.821,-1.854,-1.8467,-1.8577,-1.8586,-1.8265,-1.8055,-1.7652,-1.7304,-1.6947,-1.6334,-1.5308,-1.4338,-1.3944,-1.3431,-1.3312,-1.3266,-1.3623,-1.4274,-1.4942,-1.5693,-1.6453,-1.6956,-1.7194,-1.7789
-1.7624,-1.7524,-1.7368,-1.7066,-1.6855,-1.6599,-1.6343,-1.6626,-1.6791,-1.6993,-1.746,-1.6993,-1.789,-1.7405,-1.7322,-1.6993,-1.6773,-1.6132,-1.6334,-1.6581,-1.7103,-1.8009,-1.9391,-2.0609,-2.2092,-2.4894,-2.7,-2.7128,-2.8483,-2.9023,-2.8611,-2.6212,-2.3063,-2.093,-1.9611,-1.9611,-2.017,-2.0545,-2.0435,-2.0087,-2.0463,-2.0151,-2.0252,-1.995,-1.9868,-1.9694,-1.941,-1.8879,-1.8833,-1.8723,-1.887,-1.8915,-1.8879,-1.8751,-1.8201,-1.7982,-1.7469,-1.7139,-1.6819,-1.6645,-1.626,-1.5638,-1.5116,-1.4402,-1.399,-1.7441
-1.7496,-1.789,-1.8137,-1.8403,-1.8595,-1.8943,-1.8925,-1.8622,-1.8201,-1.8027,-1.7734,-1.7322,-1.6846,-1.6581,-1.6471,-1.6398,-1.6553,-1.6498,-1.615,-1.5574,-1.5418,-1.5528,-1.6306,-1.6855,-1.7835,-1.9803,-2.2028,-2.4152,-2.6267,-2.7284,-2.7769,-2.7915,-2.7256,-2.5095,-2.2147,-2.0536,-1.9684,-1.9556,-2.0124,-1.9941,-2.0618,-2.1149,-2.1076,-2.0884,-2.0783,-2.0142,-1.9465,-1.8934,-1.897,-1.9108,-1.8806,-1.9355,-1.9382,-1.9584,-1.9318,-1.8998,-1.8915,-1.8677,-1.8485,-1.8339,-1.8293,-1.8146,-1.7881,-1.6846,-1.7093,-1.7505
-1.6114,-1.5299,-1.485,-1.4896,-1.4228,-1.485,-1.6379,-1.6929,-1.6608,-1.6929,-1.7991,-1.7771,-1.7496,-1.8998,-2.0014,-1.887,-1.7725,-1.7176,-1.7222,-1.6791,-1.7359,-1.7112,-1.7249,-1.9446,-2.1113,-2.3539,-2.6405,-2.6505,-2.5617,-2.6139,-2.6762,-2.4986,-2.277,-2.0701,-1.9694,-1.9245,-1.876,-1.8119,-1.8577,-1.9144,-1.9529,-1.9501,-1.9666,-1.9446,-1.9492,-1.8668,-1.8366,-1.8357,-1.8384,-1.8357,-1.8274,-1.7963,-1.7734,-1.7524,-1.7624,-1.7423,-1.746,-1.7478,-1.7249,-1.7368,-1.7606,-1.7963,-1.8183,-1.8155,-1.8238,-1.821
-1.8311,-1.8531,-1.8925,-1.886,-1.8888,-1.8824,-1.8641,-1.8339,-1.8119,-1.8082,-1.8256,-1.7972,-1.7515,-1.6947,-1.5629,-1.2909,-1.4631,-1.6086,-1.6288,-1.659,-1.7313,-1.8842,-1.7203,-1.6315,-1.5445,-1.5702,-1.6984,-1.7954,-1.8778,-2.169,-2.4427,-2.7073,-2.7467,-2.6771,-2.7393,-2.7815,-2.7247,-2.5196,-2.1964,-2.1049,-2.0627,-2.0563,-2.1003,-2.1635,-2.2239,-2.212,-2.1278,-2.1314,-2.0518,-1.9657,-1.8677,-1.8586,-1.8522,-1.8101,-1.7927,-1.7533,-1.7194,-1.6874,-1.6279,-1.6132,-1.5949,-1.6031,-1.583,-1.4768,-1.4109,-1.8018
-1.8192,-1.822,-1.8046,-1.7982,-1.7899,-1.7917,-1.7853,-1.7798,-1.7771,-1.7661,-1.7899,-1.7982,-1.7862,-1.7716,-1.6645,-1.7038,-1.6416,-1.6059,-1.5336,-1.5134,-1.5326,-1.5885,-1.6544,-1.7359,-1.8513,-2.0023,-2.1717,-2.2861,-2.4271,-2.5727,-2.6798,-2.8236,-2.7824,-2.6432,-2.4674,-2.2413,-2.0746,-2.038,-2.0902,-2.1122,-2.1332,-2.0856,-2.0545,-2.0206,-2.0573,-2.0627,-2.0856,-2.0682,-2.0325,-2.0161,-2.017,-2.0389,-2.0353,-2.0325,-2.0362,-1.9941,-1.9172,-1.8522,-1.8036,-1.7762,-1.7158,-1.6736,-1.6251,-1.6388,-1.5885,-1.7927
-1.7908,-1.778,-1.7661,-1.7542,-1.7386,-1.7322,-1.7679,-1.7643,-1.756,-1.6919,-1.7038,-1.6654,-1.6636,-1.6489,-1.67,-1.6471,-1.6233,-1.5784,-1.561,-1.5564,-1.5619,-1.5976,-1.6388,-1.6764,-1.7093,-1.8293,-2.0792,-2.2559,-2.4372,-2.5278,-2.646,-2.7421,-2.7503,-2.6688,-2.4262,-2.2312,-2.1058,-2.1021,-2.1342,-2.125,-2.0811,-2.0582,-2.0454,-2.0005,-1.9657,-1.9602,-1.9922,-2.0444,-2.0454,-1.9941,-1.9318,-1.8842,-1.854,-1.8265,-1.8522,-1.843,-1.8348,-1.7725,-1.757,-1.7615,-1.7689,-1.7258,-1.6892,-1.6645,-1.648,-1.9355
-1.9538,-1.9584,-1.9456,-1.962,-1.8842,-1.8842,-1.7862,-1.8036,-1.8302,-1.7762,-1.7762,-1.7707,-1.7222,-1.7084,-1.7432,-1.8036,-1.7954,-1.9089,-2.0582,-2.0051,-1.9364,-1.9025,-1.8577,-1.7615,-1.7286,-1.7048,-1.8375,-2.0527,-2.2605,-2.4839,-2.7082,-2.7815,-2.6093,-2.3154,-2.1891,-2.0765,-1.9126,-1.8091,-1.8604,-1.9263,-1.8806,-1.8943,-1.9218,-1.9071,-1.9355,-1.9391,-1.8769,-1.8375,-1.8494,-1.778,-1.7743,-1.8073,-1.8247,-1.854,-1.8458,-1.8265,-1.887,-1.9483,-1.8732,-1.8403,-1.7743,-1.7597,-1.7359,-1.7057,-1.7194,-1.7982
-1.7972,-1.8101,-1.7972,-1.7762,-1.7808,-1.7771,-1.7588,-1.7377,-1.7194,-1.6819,-1.6544,-1.6205,-1.6068,-1.6059,-1.6507,-1.7249,-1.7542,-1.6828,-1.6343,-1.6196,-1.5766,-1.5143,-1.453,-1.5125,-1.6507,-1.7423,-1.9611,-2.2825,-2.7357,-2.982,-2.9893,-2.9316,-2.5416,-2.3997,-2.2092,-2.0454,-1.9749,-2.0087,-2.0362,-1.9895,-1.9437,-1.9355,-1.9419,-1.93,-1.9263,-1.9437,-1.9575,-1.951,-1.9639,-1.9282,-1.8567,-1.8577,-1.8522,-1.8247,-1.7634,-1.7295,-1.7505,-1.746,-1.7341,-1.6773,-1.6205,-1.6132,-1.6498,-1.6425,-1.5857,-1.7707
-1.7515,-1.7524,-1.7368,-1.7258,-1.713,-1.7222,-1.7231,-1.745,-1.7258,-1.7084,-1.6993,-1.6746,-1.6672,-1.6306,-1.616,-1.5912,-1.6004,-1.6068,-1.6224,-1.6608,-1.6608,-1.6919,-1.7185,-1.8293,-1.9391,-2.0783,-2.2633,-2.505,-2.5993,-2.6817,-2.7631,-2.7174,-2.6194,-2.4107,-2.1479,-1.9373,-1.886,-1.8943,-1.9071,-1.9446,-1.9987,-2.0554,-2.0618,-2.1332,-2.2019,-2.2495,-2.2697,-2.266,-2.1918,-2.1598,-2.0957,-1.9922,-1.9465,-1.8796,-1.7689,-1.6617,-1.6123,-1.5766,-1.5583,-1.54,-1.5217,-1.5052,-1.4786,-1.4283,-1.4475,-1.6562
-1.6205,-1.6187,-1.5931,-1.5601,-1.518,-1.6178,-1.6489,-1.6379,-1.6498,-1.6681,-1.6819,-1.7112,-1.724,-1.6919,-1.6874,-1.6736,-1.6233,-1.659,-1.6892,-1.5885,-1.5839,-1.5262,-1.5793,-1.6196,-1.8247,-2.0362,-2.3154,-2.4857,-2.6395,-2.8062,-2.9618,-2.8538,-2.5608,-2.2221,-2.0454,-1.9803,-2.0252,-2.1598,-2.1195,-2.1177,-2.1049,-2.0939,-2.0225,-1.9675,-1.9172,-1.9245,-1.8476,-1.8265,-1.8183,-1.7789,-1.7322,-1.7469,-1.7808,-1.8174,-1.832,-1.8467,-1.8357,-1.8439,-1.8494,-1.8778,-1.9062,-1.8989,-1.8778,-1.8329,-1.7624,-1.6599
-1.6828,-1.7277,-1.7139,-1.7222,-1.7624,-1.7881,-1.7808,-1.789,-1.7798,-1.7643,-1.7322,-1.7267,-1.6782,-1.6517,-1.6645,-1.6526,-1.6919,-1.6553,-1.7084,-1.691,-1.6764,-1.6672,-1.6251,-1.583,-1.6324,-1.6736,-1.7322,-1.8155,-1.9868,-2.2211,-2.494,-2.689,-2.7815,-2.7659,-2.6386,-2.5425,-2.4226,-2.255,-2.006,-1.8366,-1.821,-1.7862,-1.8137,-1.8549,-1.8567,-1.8796,-1.9172,-1.9318,-1.952,-1.9382,-1.9309,-1.8915,-1.8494,-1.7945,-1.7478,-1.6974,-1.6681,-1.6498,-1.6462,-1.6617,-1.6791,-1.6865,-1.7011,-1.7185,-1.7295,-1.7927
-1.7853,-1.7826,-1.7753,-1.757,-1.7423,-1.7121,-1.6874,-1.6773,-1.6782,-1.6855,-1.6736,-1.637,-1.6077,-1.6205,-1.5976,-1.6288,-1.6224,-1.616,-1.5931,-1.561,-1.5702,-1.5784,-1.6507,-1.7542,-1.8806,-1.9886,-2.2788,-2.5178,-2.6652,-2.6395,-2.7201,-2.6835,-2.581,-2.4189,-2.179,-2.0609,-2.071,-2.1241,-2.1873,-2.1717,-2.1708,-2.0893,-2.0829,-2.0627,-1.9868,-1.9593,-1.941,-1.9263,-1.9098,-1.9272,-1.9556,-1.9483,-1.9291,-1.8577,-1.8403,-1.8357,-1.8055,-1.7798,-1.7093,-1.6764,-1.6929,-1.7038,-1.7194,-1.746,-1.745,-1.7826
-1.7872,-1.7881,-1.7835,-1.7634,-1.7405,-1.7341,-1.7093,-1.6919,-1.6782,-1.6919,-1.6993,-1.6919,-1.67,-1.6636,-1.7103,-1.68,-1.6782,-1.6233,-1.5903,-1.6269,-1.6031,-1.6059,-1.6352,-1.7029,-1.7954,-1.9218,-2.244,-2.4555,-2.5901,-2.5278,-2.5507,-2.6212,-2.7201,-2.5141,-2.3081,-2.1168,-1.984,-2.0023,-1.963,-1.9803,-2.0389,-2.0765,-2.0692,-2.0417,-2.0362,-2.0325,-2.0014,-1.9803,-1.9236,-1.8732,-1.8412,-1.8247,-1.8339,-1.7588,-1.7734,-1.7798,-1.7945,-1.7844,-1.7377,-1.6782,-1.6535,-1.6654,-1.6819,-1.6535,-1.6233,-1.7579
-1.7597,-1.7533,-1.7414,-1.7222,-1.7002,-1.691,-1.6828,-1.6755,-1.6919,-1.6855,-1.6974,-1.7002,-1.6956,-1.6883,-1.6654,-1.6562,-1.6379,-1.6269,-1.6407,-1.6654,-1.7185,-1.7689,-1.8265,-1.8677,-1.952,-1.9474,-2.0115,-2.1012,-2.2211,-2.3228,-2.4683,-2.6945,-2.8098,-2.7924,-2.5846,-2.3447,-2.093,-1.984,-2.0115,-2.0536,-2.0527,-2.0417,-2.0151,-1.9987,-2.0243,-2.0106,-1.9977,-2.0096,-1.9831,-1.963,-1.9556,-1.9721,-2.0069,-2.0234,-2.0142,-1.9501,-1.9318,-1.9053,-1.8824,-1.843,-1.8201,-1.8036,-1.767,-1.7441,-1.659,-1.8192
-1.8036,-1.7689,-1.7762,-1.7725,-1.7798,-1.7826,-1.7862,-1.7826,-1.7505,-1.7579,-1.7405,-1.7441,-1.7304,-1.7002,-1.6819,-1.6489,-1.6334,-1.6352,-1.6343,-1.6434,-1.6407,-1.5903,-1.5793,-1.5143,-1.6553,-1.7002,-1.7872,-1.9007,-2.1241,-2.3777,-2.5278,-2.5874,-2.6698,-2.7155,-2.5983,-2.374,-2.2257,-2.0801,-1.9968,-2.0353,-2.0664,-2.1049,-2.0737,-2.0756,-2.1186,-2.1241,-2.1003,-2.0774,-2.0426,-2.0518,-1.9996,-2.0426,-2.0463,-1.9822,-1.962,-1.9382,-1.9282,-1.9108,-1.8659,-1.8513,-1.8293,-1.8421,-1.8302,-1.7945,-1.7624,-1.7194
-1.7167,-1.724,-1.6636,-1.6984,-1.7002,-1.6828,-1.6984,-1.702,-1.6636,-1.6599,-1.6617,-1.6434,-1.6379,-1.6544,-1.6626,-1.6636,-1.6736,-1.6553,-1.7258,-1.7176,-1.7414,-1.789,-1.8567,-1.9703,-2.1268,-2.234,-2.3081,-2.3988,-2.5361,-2.581,-2.6377,-2.5196,-2.32,-2.0902,-2.0023,-2.0243,-2.0334,-2.0618,-2.082,-2.0774,-2.0692,-2.0792,-2.0527,-2.0298,-2.0234,-2.0435,-1.9895,-1.9712,-1.9272,-1.9309,-1.9135,-1.8989,-1.865,-1.8375,-1.821,-1.8155,-1.7945,-1.811,-1.8027,-1.8146,-1.7927,-1.7496,-1.7057,-1.6974,-1.6553,-1.8348
-1.8009,-1.7908,-1.8366,-1.7817,-1.7899,-1.7679,-1.7551,-1.7331,-1.7368,-1.7002,-1.6956,-1.7002,-1.7048,-1.6865,-1.6883,-1.6691,-1.6517,-1.6306,-1.6343,-1.5629,-1.5702,-1.5537,-1.5802,-1.7405,-1.9657,-2.1937,-2.3026,-2.3933,-2.6414,-2.7604,-2.776,-2.6991,-2.4445,-2.19,-2.0609,-2.0115,-2.0261,-2.0692,-2.0875,-2.0838,-2.0664,-2.0215,-1.9996,-1.9996,-2.0161,-2.0536,-2.049,-1.9968,-1.9446,-1.9199,-1.8915,-1.8668,-1.8256,-1.7789,-1.7643,-1.7533,-1.7872,-1.7707,-1.8,-1.7716,-1.7762,-1.7643,-1.7322,-1.67,-1.6086,-1.8146
-1.8256,-1.8577,-1.8155,-1.8055,-1.822,-1.8421,-1.8467,-1.8384,-1.8531,-1.8567,-1.8467,-1.8384,-1.7991,-1.7661,-1.756,-1.7313,-1.7167,-1.6791,-1.6462,-1.6187,-1.6324,-1.7103,-1.7771,-1.8247,-1.8998,-1.9703,-2.0554,-2.2019,-2.4189,-2.6121,-2.667,-2.6533,-2.504,-2.3539,-2.1772,-2.0014,-1.9749,-1.9977,-1.9941,-2.0646,-2.0966,-2.0435,-2.0701,-2.0536,-2.0554,-2.0637,-2.0353,-1.9822,-1.9593,-1.9382,-1.9071,-1.8595,-1.8375,-1.8274,-1.7853,-1.8119,-1.7853,-1.8082,-1.7817,-1.7121,-1.6599,-1.6068,-1.5656,-1.5445,-1.5116,-1.832
-1.8329,-1.8348,-1.8366,-1.8394,-1.8284,-1.822,-1.8055,-1.7725,-1.7505,-1.6791,-1.7341,-1.6617,-1.6306,-1.5857,-1.5958,-1.6169,-1.6059,-1.6123,-1.5922,-1.6169,-1.6901,-1.7716,-1.9767,-2.157,-2.2211,-2.3338,-2.4134,-2.4665,-2.5169,-2.6002,-2.5965,-2.5306,-2.375,-2.1039,-1.9895,-1.9977,-1.9648,-2.0728,-2.1012,-2.0682,-2.071,-2.0133,-2.0325,-2.028,-2.0023,-1.963,-1.951,-1.9428,-1.9611,-1.9932,-2.0042,-1.9803,-1.9456,-1.8979,-1.8494,-1.7743,-1.7231,-1.7029,-1.6993,-1.7176,-1.7002,-1.659,-1.659,-1.6095,-1.5125,-1.4667
-1.388,-1.3541,-1.3523,-1.3385,-1.3468,-1.388,-1.4393,-1.5189,-1.5693,-1.6581,-1.6984,-1.756,-1.7304,-1.7313,-1.735,-1.7423,-1.7487,-1.6929,-1.6086,-1.551,-1.5967,-1.5839,-1.5995,-1.6883,-1.7167,-1.6837,-1.6736,-1.6828,-1.6938,-1.7148,-1.7148,-1.7158,-1.7313,-1.7185,-1.7304,-1.7267,-1.7038,-1.7038,-1.7322,-1.7249,-1.7386,-1.745,-1.7194,-1.7185,-1.7112,-1.7249,-1.7368,-1.7661,-1.7524,-1.724,-1.7176,-1.7771,-1.7798,-1.7533,-1.7423,-1.7524,-1.7789,-1.7322,-1.745,-1.7368,-1.7011,-1.6443,-1.6196,-1.6681,-1.713,-1.7496
-1.7524,-1.7743,-1.8238,-1.7927,-1.7414,-1.7432,-1.7176,-1.7277,-1.7286,-1.7066,-1.691,-1.7505,-1.7634,-1.8357,-1.8018,-1.7423,-1.6544,-1.6718,-1.6965,-1.7093,-1.6196,-1.6105,-1.637,-1.6434,-1.67,-1.6947,-1.7295,-1.681,-1.6169,-1.6526,-1.7103,-1.756,-1.7634,-1.6892,-1.6315,-1.6453,-1.6654,-1.6874,-1.5931,-1.5601,-1.5931,-1.5326,-1.4008,-1.1646,-0.99338,-1.0923,-1.2305,-1.2964,-1.3184,-1.4182,-1.9098,-1.8979,-1.8989,-1.8824,-1.8998,-1.908,-1.8934,-1.9346,-1.9016,-1.9327,-1.9364,-1.9428,-1.9639,-2.0188,-2.0435,-2.0939
-2.1946,-2.2742,-2.2486,-2.2037,-2.1699,-2.1369,-2.1488,-2.103,-2.0637,-2.0499,-1.9996,-1.9181,-2.0042,-2.0417,-2.1909,-2.2541,-1.5043,-1.5033,-1.5162,-1.5061,-1.5207,-1.5262,-1.5317,-1.5427,-1.5308,-1.4823,-1.5061,-1.5189,-1.5134,-1.5033,-1.5802,-1.5546,-1.55,-1.6214,-1.648,-1.6407,-1.6361,-1.6791,-1.6883,-1.6874,-1.659,-1.659,-1.6407,-1.6086,-1.594,-1.5848,-1.5775,-1.5729,-1.5784,-1.6022,-1.6141,-1.6132,-1.6498,-1.6819,-1.6645,-1.7011,-1.7103,-1.7341,-1.6965,-1.6572,-1.6526,-1.6498,-1.6407,-1.6132,-1.6242,-1.637
-1.6334,-1.637,-1.6187,-1.6068,-1.6398,-1.6388,-1.648,-1.6645,-1.6993,-1.757,-1.821,-1.9721,-2.1332,-2.2642,-2.4024,-2.4656,-2.4445,-1.5912,-1.572,-1.5839,-1.6068,-1.5912,-1.5729,-1.6132,-1.6306,-1.6361,-1.5903,-1.5574,-1.4914,-1.5052,-1.5848,-1.6581,-1.6819,-1.6819,-1.6553,-1.6004,-1.5656,-1.5857,-1.5903,-1.6535,-1.6324,-1.7011,-1.7652,-1.8165,-1.8467,-1.8851,-1.9135,-1.8915,-1.7753,-1.7002,-1.724,-1.6919,-1.7277,-1.7405,-1.7844,-1.8531,-1.9337,-1.9803,-2.0042,-2.0353,-2.1039,-2.093,-2.0856,-2.0655,-2.0911,-2.0811
-2.1223,-2.1708,-2.1754,-2.158,-2.1479,-2.1406,-2.1223,-2.1232,-2.1259,-2.0673,-2.0261,-1.9959,-2.006,-2.0518,-2.1497,-2.2275,-2.2651,-1.7542,-1.7222,-1.6782,-1.615,-1.6251,-1.6581,-1.7515,-1.7322,-1.7084,-1.713,-1.6691,-1.6425,-1.6242,-1.5848,-1.5619,-1.5445,-1.4997,-1.4557,-1.4512,-1.4649,-1.4649,-1.4594,-1.4612,-1.4942,-1.5189,-1.5757,-1.5748,-1.5482,-1.5601,-1.5729,-1.5647,-1.5748,-1.5766,-1.5775,-1.5784,-1.5876,-1.6031,-1.605,-1.6141,-1.6251,-1.6141,-1.6315,-1.6004,-1.5491,-1.4924,-1.4356,-1.4191,-1.4621,-1.4969
-1.5043,-1.5207,-1.5143,-1.5308,-1.5262,-1.5574,-1.594,-1.6013,-1.6132,-1.6105,-1.67,-1.8577,-2.0966,-2.2669,-2.4454,-2.5434,-2.646,-1.54,-1.5528,-1.5409,-1.5207,-1.5271,-1.4997,-1.4878,-1.4621,-1.4383,-1.4127,-1.4356,-1.4228,-1.3999,-1.3486,-1.2891,-1.3257,-1.3852,-1.4795,-1.4823,-1.4393,-1.4566,-1.5317,-1.5574,-1.6343,-1.7386,-1.8668,-1.9501,-1.9895,-2.0042,-1.9913,-2.0435,-2.0591,-2.0472,-2.0481,-2.0362,-1.9977,-1.9739,-1.9758,-1.9318,-1.9556,-2.0014,-1.9932,-1.9886,-1.9941,-2.0417,-2.0078,-2.0151,-2.0545,-2.0454
-2.0463,-2.0243,-1.9749,-2.006,-2.0417,-2.06,-2.0719,-2.0985,-2.0966,-2.1021,-2.1104,-2.0435,-2.0829,-2.147,-2.2294,-2.3484,-2.3832,-1.5802,-1.5766,-1.6315,-1.6956,-1.7872,-1.7689,-1.7771,-1.778,-1.832,-1.8375,-1.7689,-1.7203,-1.7222,-1.7103,-1.6764,-1.6416,-1.615,-1.6068,-1.5619,-1.5491,-1.5738,-1.5738,-1.5821,-1.5885,-1.6517,-1.6709,-1.6974,-1.7057,-1.6608,-1.6626,-1.6709,-1.7002,-1.6947,-1.6517,-1.6727,-1.6608,-1.6544,-1.6608,-1.6782,-1.681,-1.6865,-1.6865,-1.6956,-1.6727,-1.6453,-1.6727,-1.6471,-1.6453,-1.6306
-1.6855,-1.6709,-1.7185,-1.7331,-1.6462,-1.6352,-1.6315,-1.6572,-1.6865,-1.778,-1.8705,-1.963,-2.1268,-2.1122,-2.1754,-2.2056,-2.3704,-1.5281,-1.5345,-1.5445,-1.5354,-1.5088,-1.5674,-1.55,-1.5262,-1.453,-1.3733,-1.2726,-1.2571,-1.3138,-1.3157,-1.2909,-1.3038,-1.2763,-1.3056,-1.4072,-1.4786,-1.5098,-1.4393,-1.3019,-1.3724,-1.5619,-1.6434,-1.6214,-1.6947,-1.8375,-1.9254,-1.9684,-1.9849,-2.0362,-2.049,-2.0646,-2.071,-2.0737,-2.0746,-2.0682,-2.1104,-2.0994,-2.1149,-2.1259,-2.1424,-2.1323,-2.0966,-2.0655,-2.0609,-2.0454
-2.0344,-2.017,-2.0307,-2.0472,-2.0838,-2.1049,-2.1314,-2.1433,-2.1378,-2.1451,-2.1104,-2.0783,-2.0673,-2.0344,-2.1085,-2.234,-2.2687,-1.6572,-1.6443,-1.6443,-1.6306,-1.6132,-1.5958,-1.5848,-1.5784,-1.5693,-1.5775,-1.5766,-1.5601,-1.5665,-1.5775,-1.5812,-1.5821,-1.6013,-1.6141,-1.6178,-1.626,-1.6086,-1.6169,-1.6214,-1.616,-1.5986,-1.6187,-1.6398,-1.648,-1.6617,-1.6837,-1.681,-1.659,-1.6187,-1.5574,-1.442,-1.474,-1.5336,-1.5775,-1.6196,-1.6269,-1.6251,-1.6077,-1.5958,-1.616,-1.6269,-1.6434,-1.6663,-1.6736,-1.6672
-1.648,-1.648,-1.6489,-1.626,-1.5702,-1.6022,-1.7222,-1.8293,-2.0435,-2.1928,-2.3191,-2.44,-2.4821,-2.4454,-2.4079,-2.4702,-2.5233,-1.5372,-1.464,-1.4484,-1.4209,-1.4393,-1.4951,-1.5281,-1.5757,-1.5711,-1.4951,-1.55,-1.496,-1.5226,-1.5326,-1.5537,-1.55,-1.6324,-1.7084,-1.745,-1.8082,-1.8046,-1.8119,-1.8439,-1.8632,-1.8796,-1.8897,-1.8723,-1.8796,-1.9236,-1.9456,-1.9364,-1.9611,-1.9428,-1.9785,-1.9684,-2.0032,-2.0197,-1.9694,-1.9474,-1.9767,-1.9913,-1.9822,-1.9968,-1.9868,-1.9712,-1.9913,-2.0344,-1.9932,-2.0316
-2.0545,-2.0811,-2.0618,-2.0655,-2.1094,-2.1442,-2.1433,-2.1625,-2.1406,-2.1204,-2.0765,-2.0243,-2.028,-2.092,-2.1552,-2.1973,-1.6846,-1.6489,-1.6746,-1.6581,-1.6608,-1.6535,-1.6572,-1.6599,-1.637,-1.6544,-1.6553,-1.6581,-1.659,-1.6443,-1.6453,-1.6471,-1.6572,-1.6654,-1.6663,-1.6782,-1.6773,-1.6874,-1.7066,-1.7048,-1.6782,-1.6993,-1.6901,-1.6846,-1.681,-1.6828,-1.6819,-1.6782,-1.6837,-1.6892,-1.681,-1.6645,-1.6535,-1.6022,-1.5793,-1.5647,-1.6169,-1.626,-1.6077,-1.5931,-1.6004,-1.5922,-1.5702,-1.5317,-1.5848,-1.6288
-1.6352,-1.6334,-1.5949,-1.5244,-1.4823,-1.5143,-1.6736,-1.8137,-2.0014,-2.1616,-2.3292,-2.45,-2.429,-2.4601,-2.5782,-2.6423,-1.6654,-1.6617,-1.6489,-1.6746,-1.6974,-1.6938,-1.6956,-1.7029,-1.7304,-1.6828,-1.6306,-1.5665,-1.4713,-1.3752,-1.3633,-1.3614,-1.3495,-1.3367,-1.3358,-1.3697,-1.4173,-1.5043,-1.5912,-1.5912,-1.6791,-1.7972,-1.8622,-1.9071,-1.973,-1.9721,-1.9575,-1.897,-1.8897,-1.8998,-1.9089,-1.9236,-1.9199,-1.9208,-1.9236,-1.9208,-1.9501,-2.0032,-2.0316,-2.0371,-2.027,-2.0618,-2.114,-2.1442,-2.0939,-2.0554
-2.0508,-2.1204,-2.1259,-2.1451,-2.1323,-2.1067,-2.1149,-2.1323,-2.1451,-2.1186,-2.0765,-2.0316,-2.0527,-2.1085,-2.2202,-2.3154,-1.594,-1.6205,-1.7084,-1.7029,-1.6837,-1.7093,-1.7057,-1.6984,-1.7286,-1.7533,-1.7441,-1.7423,-1.7386,-1.7194,-1.7029,-1.7167,-1.7093,-1.6626,-1.6178,-1.6315,-1.6608,-1.6205,-1.6398,-1.6398,-1.6617,-1.6672,-1.6892,-1.7075,-1.7002,-1.6846,-1.6837,-1.6654,-1.659,-1.6553,-1.6526,-1.6663,-1.6736,-1.6709,-1.6681,-1.6517,-1.6334,-1.6187,-1.626,-1.6105,-1.6086,-1.6077,-1.6123,-1.6269,-1.6196,-1.6141
-1.6077,-1.5748,-1.5821,-1.6352,-1.724,-1.8833,-2.0179,-2.168,-2.2559,-2.2962,-2.3383,-2.3228,-2.3026,-2.3594,-2.4088,-2.4216,-1.5052,-1.4914,-1.5152,-1.5226,-1.5363,-1.5729,-1.5949,-1.5793,-1.5839,-1.5821,-1.5812,-1.5958,-1.5967,-1.6086,-1.6059,-1.5152,-1.561,-1.5986,-1.6086,-1.5857,-1.539,-1.5793,-1.6187,-1.6837,-1.7725,-1.7707,-1.746,-1.7542,-1.7734,-1.811,-1.8082,-1.8073,-1.811,-1.8686,-1.8659,-1.8741,-1.887,-1.9007,-1.9282,-1.9245,-1.9007,-1.9117,-1.9236,-1.9346,-1.9831,-2.0069,-2.006,-2.0481,-2.0499,-2.0554
-2.0618,-2.0774,-2.0875,-2.0682,-2.0957,-2.1158,-2.1012,-2.1232,-2.1021,-2.168,-2.1589,-2.1113,-2.0893,-2.1726,-2.3548,-2.4162,-2.3942,-2.3164,-2.1158,-1.9492,-1.8073,-1.778,-1.6828,-1.6068,-1.5876,-1.5821,-1.5757,-1.5976,-1.648,-1.6736,-1.6636,-1.7038,-1.7982,-1.7881,-1.7954,-1.7835,-1.757,-1.7441,-1.7478,-1.7808,-1.746,-1.6993,-1.6562,-1.6837,-1.6791,-1.6892,-1.6608,-1.6599,-1.68,-1.7011,-1.7258,-1.724,-1.691,-1.7029,-1.7231,-1.6938,-1.68,-1.6425,-1.6425,-1.6965,-1.7194,-1.7386,-1.7908,-1.8119,-1.8201,-1.8146
-1.7963,-1.7716,-1.7341,-1.724,-1.7222,-1.7048,-1.7203,-1.7341,-1.7313,-1.7606,-1.7917,-1.8165,-1.7927,-1.8027,-1.7716,-1.7322,-1.6819,-1.6489,-1.6251,-1.6123,-1.5967,-1.5381,-1.5574,-1.7533,-1.9803,-2.1149,-2.2944,-2.4473,-2.5947,-2.5819,-1.4594,-1.3623,-1.3459,-1.4676,-1.4246,-1.4429,-1.4457,-1.4539,-1.4667,-1.4978,-1.5455,-1.6416,-1.6535,-1.6782,-1.6581,-1.6535,-1.6334,-1.68,-1.6636,-1.6187,-1.5812,-1.6288,-1.6636,-1.6938,-1.7084,-1.7405,-1.7597,-1.8119,-1.8201,-1.8403,-1.8284,-1.8119,-1.8165,-1.854,-1.8485,-1.876
-1.9135,-1.9181,-1.9117,-1.9025,-1.8888,-1.908,-1.9254,-1.9263,-1.9291,-1.9337,-1.9483,-1.9611,-1.9977,-2.0142,-1.9813,-1.9932,-2.028,-2.0783,-2.1122,-2.1259,-2.168,-2.1763,-2.1873,-2.1973,-2.169,-2.1104,-2.1232,-2.1754,-2.2953,-2.3997,-2.3457,-2.2889,-2.1369,-1.9721,-1.8732,-1.746,-1.7176,-1.6498,-1.6242,-1.6141,-1.583,-1.6031,-1.6013,-1.637,-1.6874,-1.7203,-1.7121,-1.7313,-1.746,-1.7295,-1.7066,-1.7304,-1.7313,-1.724,-1.7158,-1.6727,-1.616,-1.5821,-1.6086,-1.5711,-1.583,-1.572,-1.6068,-1.6233,-1.6416,-1.6535
-1.6837,-1.681,-1.6874,-1.6846,-1.67,-1.6736,-1.6572,-1.6572,-1.6709,-1.6544,-1.6599,-1.6654,-1.6636,-1.6718,-1.691,-1.6562,-1.5949,-1.6013,-1.6288,-1.6233,-1.6453,-1.6178,-1.615,-1.6379,-1.637,-1.6352,-1.6251,-1.6251,-1.6434,-1.6471,-1.6636,-1.6608,-1.6755,-1.6517,-1.6214,-1.5949,-1.7716,-2.0032,-2.1415,-2.2834,-2.385,-2.4335,-2.4528,-2.4702,-2.4821,-2.5608,-1.5363,-1.5995,-1.637,-1.6517,-1.637,-1.6022,-1.5793,-1.5949,-1.5638,-1.5574,-1.5922,-1.6031,-1.572,-1.6562,-1.7313,-1.757,-1.7414,-1.7771,-1.7478,-1.7423
-1.7716,-1.8339,-1.8174,-1.7615,-1.7753,-1.7881,-1.8265,-1.8567,-1.8201,-1.8137,-1.8256,-1.8989,-1.951,-1.9712,-1.941,-1.9291,-1.9565,-1.9227,-1.9034,-1.8714,-1.8229,-1.811,-1.8274,-1.876,-1.9098,-1.9144,-1.9465,-1.93,-1.9437,-1.962,-1.9813,-2.017,-2.049,-2.0957,-2.1223,-2.1314,-2.1607,-2.147,-2.1387,-2.1525,-2.1168,-2.0792,-2.0252,-2.0646,-2.1488,-2.223,-2.2404,-1.6324,-1.5995,-1.5894,-1.6013,-1.5793,-1.5839,-1.615,-1.6489,-1.648,-1.6398,-1.67,-1.7249,-1.6947,-1.6919,-1.6965,-1.6938,-1.6901,-1.6865,-1.6718
-1.6517,-1.615,-1.6068,-1.6013,-1.6233,-1.6343,-1.6471,-1.6517,-1.6782,-1.6919,-1.7267,-1.7405,-1.7167,-1.7515,-1.8,-1.7597,-1.7945,-1.7661,-1.7158,-1.6837,-1.7139,-1.7267,-1.68,-1.7121,-1.6837,-1.681,-1.7103,-1.6782,-1.6736,-1.6709,-1.6874,-1.681,-1.6572,-1.6251,-1.5784,-1.5729,-1.6315,-1.8137,-2.0536,-2.1863,-2.3017,-2.3814,-2.3548,-2.3475,-2.3154,-2.3594,-2.3997,-1.6095,-1.6205,-1.6169,-1.6233,-1.6553,-1.6672,-1.6269,-1.5281,-1.442,-1.4173,-1.4374,-1.3578,-1.4191,-1.4274,-1.4017,-1.4072,-1.3706,-1.3871,-1.3926
-1.3916,-1.3935,-1.42,-1.4347,-1.4484,-1.4356,-1.4859,-1.6663,-1.7817,-1.822,-1.8128,-1.8897,-2.0005,-2.071,-2.0527,-2.0408,-2.0563,-2.0408,-2.0261,-2.0243,-2.0014,-1.9712,-1.9529,-1.9465,-1.9318,-1.9565,-2.0069,-2.0243,-2.0289,-2.0014,-2.0133,-1.9932,-2.0115,-2.038,-2.0673,-2.0811,-2.1049,-2.1598,-2.19,-2.2056,-2.2092,-2.1516,-2.0994,-2.0893,-2.1442,-2.244,-2.3466,-1.5683,-1.5729,-1.5766,-1.572,-1.5784,-1.6077,-1.6306,-1.6517,-1.6608,-1.7002,-1.724,-1.7249,-1.7148,-1.7222,-1.7267,-1.7167,-1.7121,-1.6883,-1.6974
-1.7011,-1.6993,-1.6892,-1.6929,-1.6993,-1.7038,-1.7093,-1.7121,-1.7075,-1.7112,-1.7304,-1.7524,-1.7158,-1.6709,-1.5574,-1.5262,-1.594,-1.6507,-1.626,-1.6462,-1.648,-1.6434,-1.6636,-1.6297,-1.616,-1.6453,-1.6608,-1.6599,-1.6727,-1.6901,-1.68,-1.6965,-1.6819,-1.6956,-1.6965,-1.6727,-1.6626,-1.7185,-1.9538,-2.1241,-2.3026,-2.4271,-2.4482,-2.3319,-2.3045,-2.4061,-2.4693,-1.5464,-1.551,-1.5922,-1.5006,-1.4731,-1.442,-1.2726,-1.2708,-1.2506,-1.2076,-1.2397,-1.2662,-1.2616,-1.2387,-1.2836,-1.3559,-1.4072,-1.5043,-1.583
-1.6214,-1.6764,-1.8027,-1.908,-1.9675,-1.9327,-1.9053,-1.8925,-1.9208,-1.8961,-1.963,-1.9922,-1.9922,-1.9868,-2.0023,-2.0042,-2.0298,-1.9675,-1.9556,-1.9813,-1.9922,-2.0362,-2.0618,-2.1021,-2.103,-2.0756,-2.0499,-2.0206,-1.995,-1.9565,-1.9913,-2.0197,-2.0005,-2.0362,-2.0188,-2.071,-2.092,-2.0966,-2.093,-2.0975,-2.038,-2.0197,-2.0234,-2.1067,-2.1818,-2.2422,-2.266,-1.6626,-1.6663,-1.6535,-1.6819,-1.7103,-1.7295,-1.7112,-1.702,-1.7011,-1.6663,-1.6288,-1.6297,-1.6242,-1.6077,-1.6068,-1.5986,-1.6031,-1.6013,-1.6114
-1.6279,-1.6407,-1.6407,-1.6471,-1.6517,-1.6553,-1.6572,-1.6681,-1.6819,-1.6746,-1.6855,-1.7194,-1.6819,-1.6837,-1.6041,-1.5326,-1.5116,-1.5665,-1.5702,-1.6123,-1.6434,-1.6654,-1.6434,-1.6398,-1.6645,-1.6471,-1.6626,-1.6773,-1.6819,-1.7038,-1.7597,-1.7194,-1.691,-1.68,-1.6507,-1.6736,-1.7771,-1.9419,-2.1003,-2.1973,-2.3063,-2.4079,-2.4198,-2.3713,-2.3923,-2.4711,-2.5141,-1.5748,-1.5793,-1.5693,-1.5409,-1.4603,-1.42,-1.4081,-1.4649,-1.5372,-1.626,-1.6425,-1.6114,-1.6224,-1.5812,-1.6379,-1.6462,-1.7176,-1.7698,-1.8906
-1.9501,-2.0133,-2.0417,-2.006,-1.9538,-1.9272,-1.9025,-1.8677,-1.821,-1.7872,-1.7798,-1.7753,-1.7689,-1.7817,-1.8229,-1.8476,-1.843,-1.8998,-1.951,-1.9904,-1.9877,-2.0032,-2.0023,-1.984,-1.963,-1.9547,-1.9648,-1.9227,-1.9593,-1.9831,-1.9987,-2.0362,-2.0627,-2.0829,-2.1012,-2.1351,-2.1525,-2.1891,-2.212,-1.7606,-1.735,-1.7002,-1.6791,-1.6416,-1.6077,-1.5629,-1.5482,-1.5308,-1.5217,-1.5262,-1.5546,-1.5775,-1.594,-1.5958,-1.5885,-1.6269,-1.6462,-1.6517,-1.637,-1.6297,-1.6242,-1.6114,-1.6141,-1.6269,-1.626,-1.6434
-1.6407,-1.6453,-1.659,-1.659,-1.6764,-1.6874,-1.6947,-1.7011,-1.7075,-1.7002,-1.6855,-1.6892,-1.6974,-1.6691,-1.6855,-1.6828,-1.6846,-1.6855,-1.6462,-1.6535,-1.6736,-1.6681,-1.6837,-1.6727,-1.6663,-1.6462,-1.6837,-1.7084,-1.7597,-1.8833,-1.9932,-2.157,-2.3035,-2.3859,-2.418,-2.3777,-2.385,-2.4143,-2.4757,-1.6251,-1.6031,-1.6105,-1.5885,-1.5839,-1.6013,-1.5922,-1.6022,-1.6974,-1.6407,-1.626,-1.5839,-1.5189,-1.4548,-1.4219,-1.3999,-1.3651,-1.3999,-1.475,-1.5271,-1.5464,-1.5665,-1.583,-1.6095,-1.6535,-1.7331,-1.8064
-1.7963,-1.8018,-1.8439,-1.8348,-1.7991,-1.8119,-1.7872,-1.854,-1.8897,-1.9263,-1.9474,-1.9309,-1.951,-1.9538,-1.9446,-1.9602,-1.9474,-1.9968,-2.0316,-2.0518,-2.0838,-2.0554,-2.0673,-2.0719,-2.0499,-2.169,-2.1387,-2.1076,-2.1204,-2.1717,-2.1781,-2.1735,-2.1424,-2.1287,-2.0902,-2.1113,-2.1735,-2.2449,-2.2898,-1.5665,-1.5766,-1.5766,-1.5903,-1.6086,-1.6141,-1.6233,-1.6526,-1.6471,-1.6471,-1.6462,-1.6315,-1.6407,-1.6434,-1.6517,-1.6517,-1.6398,-1.6599,-1.6755,-1.648,-1.6041,-1.6086,-1.6572,-1.6324,-1.6498,-1.6489,-1.6407
-1.6453,-1.6626,-1.6617,-1.681,-1.681,-1.6791,-1.7176,-1.7231,-1.7405,-1.7423,-1.7212,-1.7414,-1.7634,-1.7478,-1.7112,-1.7158,-1.724,-1.6929,-1.6965,-1.6736,-1.6773,-1.681,-1.7048,-1.7011,-1.681,-1.6617,-1.6114,-1.6343,-1.757,-1.9437,-2.0957,-2.2449,-2.3402,-2.4042,-2.3969,-2.3594,-2.3768,-2.4656,-2.4775,-1.7396,-1.7167,-1.6938,-1.6709,-1.6736,-1.6572,-1.5976,-1.5821,-1.5821,-1.5857,-1.5683,-1.5784,-1.5894,-1.6077,-1.6013,-1.6123,-1.6279,-1.6425,-1.6462,-1.6562,-1.6581,-1.6507,-1.6535,-1.6471,-1.6462,-1.6279,-1.6498
-1.6617,-1.6443,-1.659,-1.6764,-1.6819,-1.6865,-1.7029,-1.7103,-1.7267,-1.7103,-1.6645,-1.648,-1.6361,-1.6224,-1.6123,-1.594,-1.5802,-1.5949,-1.5647,-1.5537,-1.5711,-1.6077,-1.5638,-1.5958,-1.55,-1.5299,-1.5198,-1.4878,-1.5217,-1.5088,-1.6132,-1.7927,-1.9712,-2.19,-2.3328,-2.3374,-2.3484,-2.429,-2.44,-1.6233,-1.5885,-1.5867,-1.5555,-1.5656,-1.5766,-1.5748,-1.5043,-1.5601,-1.5043,-1.4969,-1.4466,-1.4072,-1.3816,-1.3779,-1.4182,-1.4374,-1.4576,-1.5125,-1.4658,-1.5033,-1.6324,-1.7084,-1.6919,-1.7176,-1.8128,-1.8906
-1.8833,-1.8668,-1.8842,-1.9391,-1.9822,-1.9776,-1.9758,-1.9959,-2.0545,-2.028,-2.0188,-1.9639,-1.9822,-1.973,-1.9858,-1.9849,-1.9922,-2.0289,-2.0481,-2.0243,-2.006,-2.0161,-2.0115,-1.9959,-1.9785,-2.0875,-2.0847,-2.0774,-2.0646,-2.1003,-2.1085,-2.1479,-2.1406,-2.1049,-2.0499,-2.0444,-2.0637,-2.168,-2.2431,-1.6041,-1.6132,-1.5839,-1.5867,-1.5867,-1.5848,-1.5802,-1.5656,-1.5711,-1.5958,-1.5995,-1.6031,-1.6343,-1.6425,-1.6388,-1.6425,-1.6526,-1.6205,-1.6297,-1.6636,-1.6269,-1.6187,-1.6334,-1.6251,-1.6224,-1.6453,-1.6526
-1.6581,-1.6489,-1.6251,-1.6617,-1.6617,-1.6672,-1.6562,-1.6297,-1.5629,-1.5134,-1.4566,-1.4795,-1.5116,-1.5409,-1.5418,-1.5629,-1.5619,-1.5336,-1.5381,-1.5867,-1.6187,-1.6187,-1.6233,-1.6251,-1.6224,-1.6077,-1.5967,-1.5583,-1.518,-1.6077,-1.8558,-2.0563,-2.147,-2.2578,-2.3328,-2.3392,-2.375,-2.3731,-2.4802,-1.6086,-1.6279,-1.6352,-1.6535,-1.616,-1.572,-1.6901,-1.5784,-1.5793,-1.4997,-1.3697,-1.2653,-1.2067,-1.1444,-1.1078,-1.1032,-1.269,-1.3294,-1.4209,-1.5656,-1.7112,-1.702,-1.6544,-1.6883,-1.7917,-1.8394,-1.7286
-1.886,-1.832,-1.9272,-1.9309,-1.9291,-1.952,-1.9565,-2.0078,-2.0682,-2.0783,-2.0554,-2.0106,-1.9657,-1.9364,-1.9309,-1.9346,-1.9565,-1.9922,-2.0334,-1.9996,-1.9721,-1.9153,-1.9913,-1.9813,-1.9941,-2.0151,-2.0444,-2.0582,-2.0362,-2.0664,-2.0719,-2.1076,-2.1149,-2.1149,-2.1186,-2.1131,-2.1561,-2.2477,-2.2935,-1.6379,-1.6407,-1.6526,-1.6645,-1.6517,-1.6663,-1.6617,-1.6553,-1.6654,-1.681,-1.6617,-1.6617,-1.6755,-1.6736,-1.6681,-1.6764,-1.68,-1.6791,-1.6782,-1.6599,-1.6755,-1.67,-1.6663,-1.68,-1.6846,-1.6681,-1.6837
-1.6755,-1.6581,-1.6544,-1.6974,-1.6581,-1.6617,-1.6581,-1.6343,-1.6334,-1.6315,-1.6105,-1.5931,-1.5802,-1.5345,-1.5738,-1.5665,-1.5757,-1.5748,-1.5857,-1.5574,-1.5326,-1.5372,-1.5564,-1.5455,-1.5528,-1.529,-1.5564,-1.507,-1.5455,-1.6736,-1.9172,-2.1332,-2.2761,-2.4308,-2.4537,-2.4509,-2.4299,-2.4555,-2.5105,-1.4365,-1.4795,-1.5116,-1.561,-1.5244,-1.5812,-1.6242,-1.6562,-1.6544,-1.6407,-1.648,-1.6178,-1.5647,-1.5345,-1.5271,-1.5162,-1.6626,-1.6544,-1.6489,-1.6617,-1.7075,-1.7441,-1.7432,-1.7405,-1.789,-1.7551,-1.8412
-1.8622,-1.8696,-1.8815,-1.8943,-1.9163,-1.8952,-1.9218,-1.9721,-2.0087,-1.9529,-1.9675,-1.9575,-1.9337,-1.9373,-1.9071,-1.919,-1.9446,-1.9254,-1.9172,-1.8668,-1.8595,-1.8952,-1.9227,-1.9382,-1.9749,-2.0014,-2.0069,-2.0371,-2.0508,-2.06,-2.114,-2.1012,-2.1708,-2.1067,-2.0481,-2.0746,-2.1763,-2.3045,-2.375,-1.5748,-1.6022,-1.5857,-1.5665,-1.5967,-1.6343,-1.6013,-1.6187,-1.6269,-1.6288,-1.6352,-1.6269,-1.6388,-1.626,-1.6224,-1.6251,-1.6324,-1.6352,-1.6407,-1.6434,-1.6544,-1.6517,-1.6535,-1.6434,-1.6205,-1.6324,-1.6865
-1.637,-1.6471,-1.6379,-1.6123,-1.6123,-1.6178,-1.5729,-1.5354,-1.5235,-1.464,-1.475,-1.5043,-1.5418,-1.5418,-1.5528,-1.5683,-1.615,-1.5967,-1.5418,-1.5372,-1.5857,-1.5812,-1.6022,-1.6306,-1.6443,-1.6608,-1.6169,-1.5986,-1.7377,-1.9364,-2.0151,-2.1873,-2.4326,-2.4912,-2.4931,-2.4601,-2.4372,-2.5141,-2.5205,-1.4805,-1.4786,-1.4649,-1.4365,-1.4054,-1.4118,-1.431,-1.3468,-1.5436,-1.5308,-1.6123,-1.6846,-1.7121,-1.7405,-1.7835,-1.8046,-1.7963,-1.7762,-1.7872,-1.7624,-1.7597,-1.7826,-1.7789,-1.7853,-1.7936,-1.8348,-1.8412
-1.8439,-1.7753,-1.865,-1.8476,-1.8888,-1.9025,-1.9025,-1.8998,-1.8915,-1.886,-1.8851,-1.8668,-1.8659,-1.8284,-1.8531,-1.8897,-1.9245,-1.9428,-1.9456,-1.9391,-1.941,-1.9153,-1.9666,-1.9611,-2.0124,-2.0536,-2.0737,-2.1049,-2.1094,-2.1259,-2.1314,-2.1232,-2.1049,-2.0939,-2.0866,-2.1049,-2.1982,-2.2706,-2.288,-1.6544,-1.6361,-1.6196,-1.626,-1.6031,-1.6077,-1.6132,-1.6334,-1.6434,-1.6489,-1.6453,-1.6471,-1.6498,-1.6562,-1.6169,-1.6279,-1.7093,-1.6626,-1.6819,-1.6791,-1.6736,-1.6773,-1.6819,-1.6828,-1.6892,-1.6883,-1.6581
-1.6938,-1.68,-1.6901,-1.6837,-1.691,-1.6956,-1.6984,-1.6892,-1.6297,-1.6233,-1.6297,-1.5812,-1.6059,-1.5757,-1.551,-1.5564,-1.5583,-1.5473,-1.5217,-1.5052,-1.5015,-1.5354,-1.5848,-1.6233,-1.6462,-1.6251,-1.5986,-1.6462,-1.6617,-1.7862,-1.9391,-2.1058,-2.2578,-2.3502,-2.353,-2.3338,-2.3392,-2.3841,-2.4207,-1.529,-1.5528,-1.5931,-1.5455,-1.5592,-1.5363,-1.5052,-1.5235,-1.5015,-1.5317,-1.4438,-1.4228,-1.3926,-1.3623,-1.3166,-1.3129,-1.3834,-1.3916,-1.4164,-1.4997,-1.6544,-1.6764,-1.5839,-1.6507,-1.6709,-1.7359,-1.6974
-1.7029,-1.7377,-1.8183,-1.9218,-1.9245,-1.9016,-1.9098,-1.9272,-1.9263,-1.8979,-1.9108,-1.9538,-1.9831,-2.0032,-1.9932,-1.9941,-1.9584,-2.0325,-2.0215,-2.038,-2.0325,-2.0454,-2.038,-2.0527,-2.1021,-2.1241,-2.0692,-2.0994,-2.1332,-2.1561,-2.1699,-2.147,-2.0966,-2.0719,-2.0637,-2.0939,-2.1195,-2.1955,-1.6636,-1.6471,-1.6425,-1.6242,-1.6343,-1.6416,-1.6169,-1.6187,-1.7002,-1.6626,-1.6846,-1.6993,-1.6828,-1.6828,-1.6929,-1.6883,-1.691,-1.6755,-1.659,-1.6782,-1.6773,-1.6883,-1.6837,-1.6828,-1.6828,-1.6947,-1.6947,-1.6718
-1.6672,-1.7249,-1.6334,-1.5766,-1.5574,-1.5729,-1.6306,-1.626,-1.637,-1.6379,-1.6498,-1.6443,-1.6535,-1.6526,-1.6324,-1.6187,-1.615,-1.6279,-1.6398,-1.6361,-1.6251,-1.5995,-1.6681,-1.6535,-1.6398,-1.6306,-1.6645,-1.778,-1.9382,-2.0435,-2.1644,-2.2935,-2.3933,-2.4546,-2.4628,-2.4674,-2.4967,-2.5077,-1.4374,-1.4447,-1.4667,-1.4841,-1.4228,-1.5244,-1.6013,-1.6462,-1.6746,-1.713,-1.7158,-1.6828,-1.6855,-1.7258,-1.7386,-1.7267,-1.7762,-1.919,-1.9282,-1.9529,-1.8787,-1.8384,-1.8165,-1.8027,-1.7432,-1.6755,-1.713,-1.6938
-1.7103,-1.6901,-1.7286,-1.7606,-1.7972,-1.8,-1.8723,-1.886,-1.876,-1.8366,-1.8055,-1.821,-1.8265,-1.8632,-1.9108,-1.9245,-1.908,-1.8998,-1.9144,-1.9007,-1.9208,-1.919,-1.9666,-1.9959,-1.9886,-1.995,-1.9968,-2.028,-2.0463,-2.0875,-2.0911,-2.0783,-2.0454,-1.9987,-2.0856,-2.2184,-2.2834,-2.3209,-1.7341,-1.7469,-1.7112,-1.7057,-1.691,-1.6883,-1.6874,-1.6929,-1.6599,-1.7148,-1.7139,-1.7286,-1.7423,-1.7524,-1.7423,-1.7396,-1.757,-1.7396,-1.7176,-1.7093,-1.7661,-1.7496,-1.7597,-1.7405,-1.7826,-1.8,-1.7313,-1.7341
-1.7267,-1.7286,-1.7075,-1.7368,-1.7368,-1.7707,-1.7679,-1.7707,-1.7853,-1.789,-1.8027,-1.767,-1.7899,-1.7377,-1.7121,-1.7093,-1.6837,-1.7075,-1.7139,-1.6993,-1.6819,-1.6993,-1.6929,-1.7011,-1.6791,-1.6865,-1.6718,-1.6517,-1.6434,-1.6068,-1.6123,-1.6929,-1.8458,-1.9318,-2.0554,-2.2303,-2.3255,-2.3429,-1.6855,-1.6819,-1.6489,-1.5867,-1.5574,-1.5491,-1.5207,-1.5271,-1.5189,-1.5271,-1.5198,-1.5711,-1.6224,-1.6013,-1.6617,-1.691,-1.7643,-1.7881,-1.7679,-1.7267,-1.7048,-1.6919,-1.6626,-1.6865,-1.7286,-1.746,-1.7817,-1.8027
-1.8531,-1.8641,-1.8155,-1.7936,-1.8357,-1.8677,-1.8503,-1.952,-1.9501,-1.9346,-1.9291,-1.9062,-1.9254,-1.9419,-1.9474,-1.9272,-1.9218,-1.9355,-1.9007,-1.9483,-1.9465,-1.9263,-1.9254,-1.9401,-1.9721,-1.995,-2.027,-2.0975,-2.0527,-2.1671,-2.1259,-2.1195,-2.0884,-2.0866,-2.168,-2.2724,-2.3365,-2.3466,-1.6388,-1.6636,-1.67,-1.6572,-1.6626,-1.6773,-1.6901,-1.6782,-1.6709,-1.6636,-1.6709,-1.6865,-1.7011,-1.6883,-1.6984,-1.7048,-1.7222,-1.7212,-1.6892,-1.7158,-1.6535,-1.6819,-1.6608,-1.6764,-1.6626,-1.6581,-1.6572,-1.6691
-1.6709,-1.6681,-1.7038,-1.7112,-1.7103,-1.7231,-1.6984,-1.6388,-1.6059,-1.6379,-1.6041,-1.5665,-1.6617,-1.6095,-1.6746,-1.6819,-1.6599,-1.6544,-1.6462,-1.6407,-1.6553,-1.6462,-1.583,-1.6095,-1.6086,-1.5757,-1.5857,-1.7817,-2.0133,-2.0646,-2.1992,-2.3328,-2.3557,-2.3237,-2.3246,-2.3383,-2.4097,-1.572,-1.5592,-1.5592,-1.5574,-1.5409,-1.5116,-1.5857,-1.5839,-1.5546,-1.4988,-1.4667,-1.4365,-1.4127,-1.4621,-1.4566,-1.518,-1.5006,-1.6068,-1.4978,-1.5235,-1.6013,-1.6654,-1.6709,-1.6984,-1.7176,-1.6929,-1.7954,-1.8128,-1.7881
-1.7679,-1.7505,-1.7331,-1.7341,-1.691,-1.7212,-1.7231,-1.6929,-1.7533,-1.8064,-1.8485,-1.9501,-1.9785,-2.0087,-2.017,-2.0142,-2.0225,-2.0133,-2.0774,-2.103,-2.0765,-2.071,-2.0527,-2.0774,-2.0847,-2.147,-2.157,-2.157,-2.2074,-2.1369,-2.1891,-2.1433,-2.1204,-2.136,-2.1891,-2.3347,-1.6581,-1.6507,-1.6663,-1.6782,-1.6865,-1.68,-1.6773,-1.6919,-1.6947,-1.6837,-1.6645,-1.68,-1.6984,-1.6974,-1.7103,-1.7048,-1.713,-1.7158,-1.7231,-1.6846,-1.7011,-1.7331,-1.7212,-1.7368,-1.7258,-1.7203,-1.7441,-1.757,-1.6892,-1.6453
-1.5949,-1.551,-1.6022,-1.6315,-1.6572,-1.6581,-1.6443,-1.6626,-1.6819,-1.6874,-1.6535,-1.7048,-1.7505,-1.7121,-1.6892,-1.6581,-1.6233,-1.659,-1.6883,-1.7066,-1.6654,-1.6471,-1.615,-1.5867,-1.6224,-1.7231,-1.8915,-2.0948,-2.2065,-2.3466,-2.3704,-2.3347,-2.2889,-2.3676,-2.4299,-2.4921,-1.539,-1.5528,-1.5491,-1.5363,-1.5455,-1.55,-1.54,-1.539,-1.5336,-1.4887,-1.4383,-1.431,-1.4301,-1.4164,-1.6279,-1.6251,-1.7469,-1.7038,-1.6984,-1.6956,-1.6974,-1.6352,-1.6434,-1.6645,-1.6819,-1.6892,-1.7524,-1.8146,-1.8293,-1.8339
-1.8659,-1.8824,-1.9355,-1.9218,-1.9584,-1.9538,-1.9565,-1.9666,-1.9739,-1.9163,-1.886,-1.9163,-1.973,-2.0197,-2.027,-2.017,-2.0023,-2.006,-1.9694,-1.9758,-1.963,-1.9547,-1.9611,-2.0106,-2.0719,-2.0646,-2.1241,-2.1598,-2.1891,-2.1662,-2.093,-2.0399,-2.0344,-2.0966,-2.2385,-2.3447,-1.6279,-1.6407,-1.6746,-1.6837,-1.691,-1.6974,-1.6736,-1.713,-1.6974,-1.6919,-1.691,-1.6727,-1.6773,-1.681,-1.6846,-1.67,-1.6361,-1.702,-1.724,-1.7093,-1.7185,-1.7148,-1.7212,-1.7341,-1.7212,-1.7322,-1.7414,-1.7139,-1.7158,-1.7093
-1.7203,-1.724,-1.7084,-1.6956,-1.6709,-1.6718,-1.6691,-1.6626,-1.7066,-1.6507,-1.6224,-1.6407,-1.6498,-1.6453,-1.637,-1.6315,-1.6288,-1.6297,-1.6132,-1.6251,-1.6416,-1.648,-1.6526,-1.659,-1.68,-1.67,-1.6572,-1.6361,-1.6306,-1.637,-1.7075,-1.8485,-2.0179,-2.2532,-2.4116,-2.4738,-1.4393,-1.4264,-1.4612,-1.4557,-1.453,-1.4548,-1.4731,-1.4557,-1.4475,-1.4686,-1.5052,-1.4969,-1.702,-1.7002,-1.7158,-1.6617,-1.6636,-1.6993,-1.7203,-1.7185,-1.756,-1.821,-1.8467,-1.8549,-1.8613,-1.8567,-1.8558,-1.8732,-1.8952,-1.8723
-1.8192,-1.7707,-1.7817,-1.7835,-1.7725,-1.8155,-1.8522,-1.8265,-1.8,-1.8412,-1.865,-1.8824,-1.9117,-1.9593,-1.9456,-1.9822,-1.973,-1.9767,-1.9813,-1.9803,-1.9996,-2.0179,-2.0151,-2.0261,-2.0399,-2.071,-2.1223,-2.1781,-2.1845,-2.1525,-2.1232,-2.1314,-2.1873,-2.2926,-2.364,-2.3795,-1.6178,-1.6214,-1.648,-1.6242,-1.6581,-1.6535,-1.6498,-1.6453,-1.6535,-1.6471,-1.6663,-1.6691,-1.6507,-1.6022,-1.6297,-1.7112,-1.6791,-1.6865,-1.6526,-1.6453,-1.6681,-1.6746,-1.6764,-1.6965,-1.6865,-1.6892,-1.6984,-1.6938,-1.6938,-1.7066
-1.6965,-1.7011,-1.6993,-1.6865,-1.6196,-1.6663,-1.6672,-1.6755,-1.6645,-1.6535,-1.6608,-1.6626,-1.6599,-1.6425,-1.6443,-1.6205,-1.5958,-1.6214,-1.6169,-1.6141,-1.6205,-1.6059,-1.594,-1.616,-1.5995,-1.5922,-1.5738,-1.583,-1.5775,-1.6709,-1.8567,-2.0133,-2.2129,-2.3814,-2.4802,-2.5004,-1.4429,-1.4063,-1.4566,-1.4667,-1.4493,-1.4631,-1.4997,-1.6205,-1.6315,-1.7057,-1.7478,-1.7606,-1.6691,-1.6947,-1.6608,-1.6791,-1.6755,-1.7313,-1.7853,-1.8265,-1.8604,-1.8339,-1.8595,-1.8714,-1.8842,-1.8897,-1.8549,-1.8705,-1.8961,-1.8879
-1.8815,-1.8787,-1.8613,-1.8155,-1.8558,-1.8155,-1.8265,-1.7853,-1.8064,-1.7798,-1.7954,-1.8412,-1.8806,-1.9199,-1.951,-1.9739,-2.0115,-2.0371,-2.0573,-2.0627,-2.0673,-2.0701,-2.0591,-2.0627,-2.0783,-2.0911,-2.1406,-2.1415,-2.147,-2.1149,-2.0682,-2.0362,-2.0426,-2.1287,-2.2221,-1.7798,-1.7972,-1.7743,-1.7817,-1.7679,-1.7624,-1.7624,-1.7368,-1.7167,-1.6938,-1.6498,-1.6416,-1.626,-1.5922,-1.551,-1.6608,-1.6205,-1.6636,-1.6572,-1.6617,-1.6855,-1.7066,-1.7167,-1.7231,-1.6828,-1.7487,-1.7258,-1.7203,-1.7286,-1.713,-1.7286
-1.7112,-1.7203,-1.7112,-1.6828,-1.7185,-1.7872,-1.7029,-1.6919,-1.626,-1.583,-1.6205,-1.6352,-1.6123,-1.6041,-1.6205,-1.6453,-1.648,-1.6361,-1.6434,-1.6288,-1.5995,-1.5683,-1.6013,-1.6205,-1.5894,-1.6334,-1.6947,-1.7158,-1.8036,-1.9721,-2.1351,-2.3045,-2.4162,-2.4226,-2.4711,-1.5381,-1.5189,-1.4969,-1.4393,-1.4255,-1.4045,-1.3935,-1.3669,-1.3431,-1.3349,-1.3138,-1.3514,-1.4319,-1.3916,-1.5931,-1.6059,-1.7881,-1.8641,-1.8302,-1.7826,-1.7808,-1.7771,-1.7267,-1.6855,-1.7093,-1.7945,-1.8091,-1.8064,-1.8073,-1.8458,-1.8787
-1.8632,-1.876,-1.8696,-1.9144,-1.8842,-1.8751,-1.8806,-1.8494,-1.8412,-1.8421,-1.8769,-1.897,-1.8915,-1.8851,-1.897,-1.8741,-1.8549,-1.8751,-1.9062,-1.9556,-1.9904,-2.0362,-2.0801,-2.1122,-2.1287,-2.1744,-2.1671,-2.1937,-2.1955,-2.1635,-2.1259,-2.1918,-2.3209,-2.4326,-2.4445,-1.6526,-1.68,-1.6865,-1.6279,-1.7038,-1.6746,-1.67,-1.6599,-1.6443,-1.6398,-1.6407,-1.6352,-1.6361,-1.5839,-1.7139,-1.6535,-1.6901,-1.6462,-1.6645,-1.6654,-1.6709,-1.659,-1.6526,-1.6791,-1.594,-1.6654,-1.6471,-1.6562,-1.6526,-1.6709,-1.6718
-1.6718,-1.6471,-1.5748,-1.5601,-1.6324,-1.5647,-1.5949,-1.5766,-1.5665,-1.5857,-1.5867,-1.5711,-1.5766,-1.6196,-1.594,-1.616,-1.6205,-1.6334,-1.6187,-1.6269,-1.626,-1.6407,-1.6434,-1.6132,-1.6214,-1.6233,-1.659,-1.659,-1.6553,-1.6315,-1.8311,-2.0298,-2.1607,-2.3338,-2.4729,-1.7066,-1.7872,-1.735,-1.7487,-1.7231,-1.7331,-1.7304,-1.7249,-1.7322,-1.7304,-1.735,-1.691,-1.7286,-1.7286,-1.7267,-1.7286,-1.7231,-1.7084,-1.7112,-1.7185,-1.6746,-1.6855,-1.7771,-1.7487,-1.7542,-1.7295,-1.7469,-1.746,-1.7469,-1.7533,-1.735
-1.7194,-1.6746,-1.68,-1.6874,-1.7048,-1.7148,-1.6334,-1.6352,-1.6562,-1.6544,-1.6379,-1.6434,-1.6581,-1.6617,-1.6233,-1.6068,-1.6105,-1.6617,-1.6691,-1.6865,-1.681,-1.6718,-1.6984,-1.6581,-1.6654,-1.8009,-1.9987,-2.0939,-2.2523,-2.3786,-2.4015,-2.3859,-2.3777,-2.4638,-2.5315,-1.5885,-1.6205,-1.6242,-1.6141,-1.6251,-1.6269,-1.5922,-1.5629,-1.496,-1.4328,-1.3184,-1.3852,-1.2662,-1.3056,-1.3312,-1.4154,-1.5308,-1.5931,-1.6608,-1.5958,-1.605,-1.7624,-1.8311,-1.8146,-1.789,-1.8714,-1.8952,-1.8787,-1.8824,-1.8714,-1.865
-1.8851,-1.962,-1.9703,-1.9565,-1.9565,-1.9135,-1.8815,-1.8549,-1.8439,-1.821,-1.8201,-1.8824,-1.9098,-1.8998,-1.8632,-1.8549,-1.9254,-1.962,-2.0142,-2.0188,-1.9868,-1.9721,-2.0206,-2.0472,-2.0655,-2.0637,-2.0289,-2.0289,-2.06,-2.082,-2.0728,-2.0856,-2.1708,-2.2523,-2.3685,-1.7093,-1.7185,-1.7048,-1.713,-1.7222,-1.68,-1.724,-1.7148,-1.7176,-1.7139,-1.7148,-1.7359,-1.735,-1.7295,-1.6663,-1.6846,-1.746,-1.7112,-1.7075,-1.7112,-1.6965,-1.7029,-1.7148,-1.7057,-1.7203,-1.6938,-1.7103,-1.7103,-1.7066,-1.7029,-1.7029
-1.7011,-1.6974,-1.7029,-1.6691,-1.6883,-1.7936,-1.7066,-1.6892,-1.6361,-1.6553,-1.6306,-1.637,-1.6095,-1.5903,-1.5793,-1.5455,-1.5766,-1.5848,-1.5647,-1.561,-1.5812,-1.5601,-1.5619,-1.583,-1.5198,-1.5217,-1.5418,-1.55,-1.5345,-1.6068,-1.7524,-1.9584,-2.1827,-2.3173,-2.505,-1.5207,-1.4978,-1.5564,-1.55,-1.5354,-1.55,-1.5464,-1.6214,-1.6141,-1.6205,-1.6416,-1.6214,-1.6251,-1.6214,-1.6306,-1.615,-1.6086,-1.561,-1.6919,-1.615,-1.6535,-1.6334,-1.6205,-1.6498,-1.6746,-1.6974,-1.6965,-1.7048,-1.6855,-1.7203,-1.745
-1.6901,-1.6306,-1.6343,-1.5922,-1.5372,-1.5931,-1.5922,-1.6169,-1.6526,-1.6865,-1.6892,-1.6233,-1.6773,-1.7267,-1.6572,-1.626,-1.6334,-1.6498,-1.5876,-1.5592,-1.6718,-1.6846,-1.637,-1.6141,-1.6224,-1.8778,-1.9868,-2.0664,-2.2687,-2.4564,-2.5159,-2.5187,-2.4445,-2.4958,-2.5745,-2.5022,-2.3859,-2.3118,-2.2523,-2.2065,-2.1653,-2.157,-2.1213,-2.06,-2.0527,-2.0801,-2.0362,-1.9803,-1.9776,-1.9245,-1.9675,-2.0078,-2.0096,-1.9794,-1.9492,-1.8622,-1.7817,-1.7432,-1.6764,-1.6068,-1.4988,-1.4255,-1.4063,-1.409,-1.3825,-1.4127
-1.4411,-1.7917,-1.7689,-1.7606,-1.7908,-1.7377,-1.7231,-1.7212,-1.7643,-1.7679,-1.7167,-1.7277,-1.7093,-1.7057,-1.6746,-1.7066,-1.7917,-1.8467,-1.789,-1.7286,-1.7048,-1.6837,-1.6562,-1.5958,-1.5592,-1.5848,-1.681,-1.9675,-2.4683,-3.1678,-3.0827,-3.1394,-3.3647,-3.47,-1.6727,-1.6837,-1.691,-1.6727,-1.6681,-1.6727,-1.68,-1.6645,-1.6855,-1.6581,-1.6517,-1.6581,-1.6663,-1.6498,-1.6178,-1.6178,-1.5885,-1.5674,-1.5418,-1.5015,-1.4319,-1.3404,-1.4026,-1.3761,-1.3907,-1.5006,-1.4466,-1.4869,-1.6141,-1.6471,-1.7295,-1.7579
-1.821,-1.8906,-1.9364,-1.9428,-1.9547,-1.9346,-1.8952,-1.8934,-1.9163,-1.9163,-1.93,-1.8815,-1.8677,-1.8503,-1.8274,-1.8476,-1.8577,-1.8613,-1.8284,-1.7954,-1.7908,-1.821,-1.7972,-1.7771,-1.8009,-1.8686,-2.0225,-2.1937,-2.4592,-2.982,-3.0607,-2.9014,-3.1046,-3.2548,-1.659,-1.6617,-1.637,-1.6727,-1.6608,-1.6764,-1.648,-1.6727,-1.659,-1.6535,-1.6755,-1.6645,-1.6416,-1.6425,-1.6169,-1.583,-1.5812,-1.5629,-1.5162,-1.4182,-1.4383,-1.4127,-1.4429,-1.6929,-1.3752,-1.5079,-1.475,-1.4795,-1.5564,-1.691,-1.7716,-1.821
-1.8787,-1.8577,-1.8851,-1.8815,-1.8879,-1.8943,-1.8815,-1.9098,-1.8604,-1.8787,-1.8824,-1.8806,-1.8467,-1.8439,-1.8284,-1.7927,-1.7817,-1.7872,-1.789,-1.7991,-1.7927,-1.7679,-1.7551,-1.7679,-1.7881,-1.8,-1.886,-2.147,-2.5278,-2.9994,-3.1532,-3.1239,-3.4388,-3.6457,-1.6645,-1.6709,-1.6828,-1.6746,-1.6681,-1.6819,-1.6855,-1.6865,-1.6837,-1.6636,-1.6865,-1.6828,-1.6855,-1.6581,-1.6581,-1.6453,-1.6169,-1.6224,-1.6251,-1.6187,-1.5363,-1.4933,-1.4594,-1.453,-1.3257,-1.3147,-1.3303,-1.388,-1.4859,-1.4924,-1.5088,-1.5775
-1.6507,-1.6819,-1.7432,-1.8055,-1.8421,-1.8842,-1.9163,-1.9245,-1.9034,-1.9227,-1.9227,-1.887,-1.8751,-1.8494,-1.8925,-1.9153,-1.9254,-1.9291,-1.9181,-1.9282,-1.9108,-1.9153,-1.9098,-1.9034,-1.9382,-1.9547,-2.0389,-2.2028,-2.4702,-2.873,-2.9426,-2.7943,-2.9527,-3.0863,-1.6791,-1.6645,-1.6507,-1.6315,-1.6526,-1.6755,-1.659,-1.6388,-1.6517,-1.6617,-1.6691,-1.6636,-1.6636,-1.637,-1.6315,-1.5912,-1.5766,-1.5564,-1.5061,-1.4695,-1.485,-1.4924,-1.4237,-1.4347,-1.4411,-1.4621,-1.4731,-1.4759,-1.507,-1.5903,-1.6398,-1.6947
-1.7588,-1.822,-1.8091,-1.832,-1.9117,-1.9254,-1.8998,-1.9181,-1.9703,-1.9977,-1.984,-1.9666,-1.9666,-1.9309,-1.9282,-1.9163,-1.9163,-1.9401,-1.9126,-1.9218,-1.9025,-1.8604,-1.811,-1.7615,-1.7377,-1.7743,-1.876,-2.0573,-2.4125,-2.8657,-2.9444,-2.9545,-3.2438,-3.3894,-1.6425,-1.6498,-1.6489,-1.6279,-1.6599,-1.6498,-1.6645,-1.6361,-1.6608,-1.6498,-1.6379,-1.6425,-1.6214,-1.6031,-1.6196,-1.572,-1.5738,-1.5455,-1.5152,-1.5271,-1.5345,-1.4869,-1.4356,-1.3962,-1.2836,-1.2378,-1.2268,-1.2021,-1.3349,-1.4942,-1.5152,-1.5052
-1.5857,-1.724,-1.8183,-1.8274,-1.9291,-1.9327,-1.9364,-1.9648,-1.9575,-1.9529,-1.9575,-1.9666,-1.9648,-1.9575,-1.973,-1.9712,-1.9666,-1.9382,-1.9291,-1.9263,-1.919,-1.8888,-1.8577,-1.843,-1.8265,-1.8329,-1.9272,-2.158,-2.3676,-2.7192,-2.9637,-2.8703,-2.9975,-3.2228,-1.8101,-1.7927,-1.8082,-1.8,-1.8091,-1.8091,-1.7963,-1.8,-1.7972,-1.7881,-1.7936,-1.8036,-1.7954,-1.7972,-1.7936,-1.7972,-1.7826,-1.7936,-1.8018,-1.8036,-1.789,-1.8238,-1.811,-1.8046,-1.7936,-1.8082,-1.7982,-1.7954,-1.8055,-1.7899,-1.7908,-1.8046
-1.8073,-1.7881,-1.7707,-1.778,-1.7698,-1.7048,-1.6288,-1.6297,-1.7148,-1.7606,-1.7148,-1.7277,-1.7414,-1.756,-1.7112,-1.7185,-1.7203,-1.7386,-1.724,-1.7011,-1.6736,-1.6654,-1.6828,-1.7597,-1.8183,-1.8732,-1.9739,-2.0682,-2.1763,-2.1992,-2.4107,-2.6899,-2.9334,-3.1101,-1.702,-1.7093,-1.7011,-1.7066,-1.713,-1.7158,-1.6892,-1.6791,-1.6929,-1.6819,-1.6645,-1.6736,-1.6654,-1.6773,-1.6599,-1.616,-1.6013,-1.5894,-1.5345,-1.5098,-1.4731,-1.4072,-1.4081,-1.2873,-1.2918,-1.3211,-1.4924,-1.5006,-1.5326,-1.5986,-1.6288,-1.6773
-1.7634,-1.8229,-1.822,-1.8824,-1.9272,-1.9144,-1.9044,-1.93,-1.9355,-1.9373,-1.9565,-1.9373,-1.9117,-1.9144,-1.941,-1.9776,-1.9675,-1.9208,-1.8696,-1.8796,-1.887,-1.8558,-1.8311,-1.8055,-1.8119,-1.865,-2.0014,-2.1552,-2.4363,-2.9344,-3.0781,-2.982,-3.1147,-3.2063,-1.6572,-1.6663,-1.6828,-1.6562,-1.6599,-1.659,-1.6526,-1.6407,-1.6489,-1.6746,-1.6489,-1.6233,-1.616,-1.7679,-1.6343,-1.6114,-1.6645,-1.6617,-1.6645,-1.6425,-1.6636,-1.6517,-1.6379,-1.6581,-1.6562,-1.6306,-1.6388,-1.6727,-1.7048,-1.7487,-1.7624,-1.746
-1.7844,-1.8366,-1.843,-1.8705,-1.886,-1.8943,-1.854,-1.8384,-1.8925,-1.9346,-1.9309,-1.9144,-1.9034,-1.9007,-1.8723,-1.8577,-1.8366,-1.8329,-1.8027,-1.7789,-1.7954,-1.8183,-1.8046,-1.7689,-1.757,-1.767,-1.8192,-1.9904,-2.2239,-2.624,-2.9243,-2.8355,-2.9847,-3.2145,-1.6663,-1.681,-1.68,-1.6819,-1.6755,-1.6517,-1.6636,-1.67,-1.67,-1.6352,-1.6297,-1.6233,-1.6251,-1.6004,-1.5775,-1.5638,-1.5125,-1.4722,-1.496,-1.5171,-1.4383,-1.4383,-1.4557,-1.4695,-1.4969,-1.5409,-1.5711,-1.6269,-1.6819,-1.7066,-1.7615,-1.8448
-1.8632,-1.8796,-1.9254,-1.9071,-1.8796,-1.8833,-1.8979,-1.9355,-1.8979,-1.8879,-1.8952,-1.8998,-1.9227,-1.9236,-1.8979,-1.8705,-1.8659,-1.8458,-1.8467,-1.8293,-1.7972,-1.7725,-1.7469,-1.7991,-1.8357,-1.8714,-2.0133,-2.2111,-2.4903,-2.8867,-2.8959,-2.8703,-3.0644,-3.101,-1.6929,-1.6947,-1.6791,-1.6819,-1.691,-1.6947,-1.6837,-1.6562,-1.6663,-1.6663,-1.6553,-1.6205,-1.6315,-1.6214,-1.605,-1.5775,-1.5455,-1.5088,-1.4924,-1.4557,-1.4035,-1.3981,-1.4447,-1.5125,-1.5244,-1.5198,-1.5372,-1.6288,-1.6938,-1.7002,-1.7652,-1.8329
-1.8586,-1.8989,-1.9492,-1.9208,-1.897,-1.8934,-1.908,-1.9163,-1.9245,-1.9529,-1.9474,-1.9318,-1.8915,-1.8925,-1.8943,-1.8833,-1.8567,-1.832,-1.8064,-1.8146,-1.8055,-1.7771,-1.7826,-1.7597,-1.7469,-1.767,-1.8732,-2.0975,-2.4024,-2.9014,-3.0003,-2.8455,-3.079,-3.2749,-1.8366,-1.8366,-1.8467,-1.8421,-1.8329,-1.8247,-1.8311,-1.8375,-1.8384,-1.8284,-1.8329,-1.8192,-1.832,-1.8357,-1.8421,-1.8284,-1.8256,-1.8549,-1.8485,-1.8229,-1.8284,-1.8311,-1.8339,-1.8229,-1.8448,-1.8155,-1.8412,-1.8421,-1.843,-1.8394,-1.8476,-1.8439
-1.8348,-1.8274,-1.8036,-1.7917,-1.7917,-1.7771,-1.746,-1.7084,-1.6608,-1.7304,-1.7286,-1.7753,-1.7359,-1.7377,-1.8128,-1.7789,-1.7624,-1.7606,-1.7487,-1.7423,-1.757,-1.7231,-1.681,-1.7167,-1.7991,-1.9117,-2.0215,-2.0911,-2.1113,-2.1461,-2.2559,-2.5196,-2.8016,-2.8785,-1.6681,-1.6654,-1.6553,-1.6572,-1.6654,-1.6636,-1.6416,-1.6013,-1.659,-1.6205,-1.605,-1.6224,-1.6123,-1.6041,-1.5812,-1.5693,-1.5958,-1.5821,-1.5464,-1.5116,-1.4402,-1.3669,-1.3047,-1.2369,-1.2369,-1.3285,-1.4127,-1.4795,-1.5766,-1.5198,-1.5656,-1.7295
-1.7734,-1.7707,-1.8046,-1.8329,-1.8769,-1.9062,-1.93,-1.9401,-1.9437,-1.9401,-1.9703,-1.9822,-1.9373,-1.9108,-1.8952,-1.9025,-1.8925,-1.9108,-1.9071,-1.9053,-1.9053,-1.8632,-1.8558,-1.8549,-1.8165,-1.8101,-1.9016,-2.136,-2.5251,-3.0332,-3.0964,-2.9298,-3.0763,-3.1367,-1.691,-1.6919,-1.6654,-1.6462,-1.6425,-1.6306,-1.6416,-1.6764,-1.6489,-1.6663,-1.6489,-1.6242,-1.6059,-1.6114,-1.5894,-1.5299,-1.5207,-1.5152,-1.5143,-1.4832,-1.4988,-1.5098,-1.5986,-1.5894,-1.5775,-1.5912,-1.6352,-1.7148,-1.778,-1.7798,-1.8064,-1.8567
-1.8595,-1.8549,-1.9108,-1.8769,-1.8952,-1.8787,-1.887,-1.9318,-1.9007,-1.8787,-1.8979,-1.9089,-1.9153,-1.887,-1.8998,-1.9163,-1.9108,-1.8751,-1.8513,-1.8018,-1.7908,-1.7386,-1.7011,-1.6736,-1.7286,-1.7899,-1.9117,-2.1451,-2.6212,-2.9994,-2.9023,-2.9783,-3.2081,-3.2383,-1.7267,-1.7002,-1.6828,-1.7048,-1.6956,-1.7038,-1.691,-1.7029,-1.7121,-1.6901,-1.6654,-1.6553,-1.6498,-1.637,-1.637,-1.6398,-1.6196,-1.5574,-1.5867,-1.5052,-1.4301,-1.3962,-1.3724,-1.3495,-1.3303,-1.3559,-1.3761,-1.4484,-1.5445,-1.637,-1.713,-1.7734
-1.8714,-1.8741,-1.9053,-1.8979,-1.9098,-1.9675,-1.9868,-1.9584,-1.9822,-1.9813,-1.973,-1.9932,-1.9904,-1.9575,-1.9758,-1.9364,-2.0032,-2.0078,-1.9739,-1.9291,-1.8686,-1.8595,-1.8183,-1.7844,-1.7716,-1.767,-1.8595,-2.0334,-2.363,-2.7412,-2.7989,-2.7375,-2.9096,-3.0488,-1.6672,-1.6865,-1.6828,-1.6819,-1.6681,-1.6709,-1.6544,-1.6416,-1.6388,-1.5857,-1.6269,-1.6068,-1.5995,-1.5812,-1.5592,-1.5217,-1.4896,-1.4704,-1.4191,-1.4072,-1.4365,-1.5061,-1.5683,-1.5711,-1.5619,-1.5775,-1.6233,-1.746,-1.8009,-1.8458,-1.8677,-1.8851
-1.9254,-1.9401,-1.9135,-1.9364,-2.0005,-2.0417,-2.0334,-2.027,-1.9739,-1.941,-1.9227,-1.9218,-1.9272,-1.8906,-1.8467,-1.8155,-1.8329,-1.8503,-1.8091,-1.7533,-1.7432,-1.7112,-1.6233,-1.5528,-1.5409,-1.6196,-1.7798,-1.9913,-2.3209,-2.8529,-3.0323,-2.9591,-3.2933,-3.5734,-1.6819,-1.6974,-1.702,-1.7103,-1.6626,-1.7176,-1.7002,-1.6581,-1.648,-1.6224,-1.6388,-1.6352,-1.6288,-1.6507,-1.6453,-1.6031,-1.6086,-1.6013,-1.5519,-1.5152,-1.4621,-1.3944,-1.2946,-1.334,-1.3889,-1.4118,-1.4411,-1.4365,-1.4063,-1.4356,-1.4713,-1.5976
-1.67,-1.7231,-1.8586,-1.9547,-1.9721,-1.9575,-1.9639,-1.9703,-1.9593,-1.9803,-1.9749,-1.941,-1.9236,-1.9474,-1.951,-1.9355,-1.9181,-1.9144,-1.908,-1.8979,-1.9034,-1.8796,-1.8787,-1.8641,-1.8696,-1.8952,-2.0124,-2.1863,-2.5388,-2.8437,-2.7778,-2.7796,-2.9884,-3.0818,-1.7844,-1.7386,-1.7377,-1.7743,-1.8686,-1.7597,-1.7789,-1.8329,-1.9044,-1.8833,-1.8091,-1.767,-1.6919,-1.6004,-1.5702,-1.539,-1.4759,-1.3871,-1.3376,-1.345,-1.399,-1.4658,-1.529,-1.5427,-1.6434,-1.7121,-1.7011,-1.6681,-1.7432,-1.9172,-1.8888,-1.8732
-1.9172,-1.9785,-1.93,-1.8741,-1.8989,-1.9538,-1.9062,-1.8384,-1.8201,-1.8577,-1.8696,-1.8897,-1.886,-1.8842,-1.908,-1.8915,-1.8796,-1.8439,-1.8018,-1.7936,-1.7505,-1.7203,-1.7286,-1.7057,-1.7368,-1.756,-1.8229,-2.0389,-2.4216,-2.7586,-2.7448,-2.7329,-2.9014,-3.0012,-1.7771,-1.7762,-1.7689,-1.7194,-1.7304,-1.7222,-1.691,-1.6984,-1.7139,-1.6919,-1.7066,-1.6581,-1.5922,-1.5427,-1.5537,-1.594,-1.5976,-1.5482,-1.5116,-1.5116,-1.4109,-1.4035,-1.344,-1.2662,-1.3184,-1.5326,-1.6398,-1.5528,-1.5317,-1.615,-1.6791,-1.7725
-1.7679,-1.8668,-1.8897,-1.8796,-1.9501,-1.9529,-1.9446,-1.9245,-1.8897,-1.8458,-1.8604,-1.9007,-1.9208,-1.9016,-1.887,-1.9053,-1.93,-1.9007,-1.9117,-1.9153,-1.8925,-1.8329,-1.7771,-1.7698,-1.7972,-1.8366,-1.9465,-2.1305,-2.5983,-3.1037,-3.0708,-2.9948,-3.1513,-3.198,-1.7203,-1.6691,-1.6407,-1.681,-1.702,-1.6819,-1.583,-1.5336,-1.5262,-1.5363,-1.5958,-1.5738,-1.6205,-1.6416,-1.6535,-1.7158,-1.8439,-1.821,-1.7661,-1.8137,-1.9684,-1.9501,-1.8485,-1.8888,-1.9886,-2.006,-2.017,-2.0783,-2.0518,-1.9437,-1.9849,-1.9053
-1.8274,-1.9062,-1.8796,-1.8265,-1.7185,-1.5967,-1.5802,-1.6041,-1.7222,-1.6892,-1.518,-1.4283,-1.561,-1.5024,-1.6334,-1.5802,-1.6764,-1.7679,-1.6434,-1.7222,-1.7158,-1.6187,-1.7148,-1.7331,-1.7258,-1.8293,-1.9446,-2.0966,-2.3521,-2.9682,-3.3262,-2.9737,-3.2823,-3.676,-1.6984,-1.7002,-1.6947,-1.6984,-1.702,-1.7313,-1.7231,-1.6993,-1.6681,-1.6572,-1.6974,-1.6691,-1.5793,-1.5619,-1.5198,-1.4951,-1.4585,-1.4127,-1.3514,-1.2342,-1.3285,-1.4566,-1.4447,-1.4667,-1.5345,-1.6178,-1.6178,-1.7341,-1.7643,-1.7881,-1.8366,-1.9721
-1.8375,-1.9547,-2.0655,-1.9959,-1.9236,-2.0215,-2.0371,-2.0856,-2.0444,-1.9813,-2.0518,-1.9675,-1.9758,-1.9648,-2.0142,-2.0234,-1.9163,-1.8796,-1.6169,-1.8577,-1.7817,-1.6077,-1.5903,-1.8137,-1.7551,-1.7496,-1.8906,-2.1598,-2.4656,-2.732,-2.548,-2.6707,-2.7851,-2.9069,-1.6929,-1.7368,-1.7368,-1.7002,-1.7249,-1.6993,-1.702,-1.7249,-1.7167,-1.7002,-1.7093,-1.7066,-1.7093,-1.7194,-1.7139,-1.6993,-1.6828,-1.6434,-1.5876,-1.5583,-1.5134,-1.4603,-1.4008,-1.345,-1.2818,-1.2287,-1.2232,-1.1756,-1.1307,-1.1948,-1.3248,-1.3926
-1.41,-1.5336,-1.6654,-1.886,-1.9218,-1.9089,-1.9254,-1.952,-2.0307,-2.06,-2.0472,-2.0847,-2.0737,-2.0417,-2.0481,-2.028,-2.0353,-2.0472,-2.0353,-1.973,-1.9758,-1.9831,-1.9208,-1.9089,-1.9089,-1.9272,-2.0234,-2.1561,-2.3841,-2.6936,-2.7348,-2.6798,-2.8272,-2.9435,-1.7194,-1.7249,-1.7304,-1.7176,-1.7469,-1.756,-1.7771,-1.735,-1.6819,-1.7277,-1.756,-1.7515,-1.7286,-1.7002,-1.6929,-1.7029,-1.6681,-1.7368,-1.7707,-1.7048,-1.6535,-1.6398,-1.6883,-1.6791,-1.6608,-1.68,-1.6984,-1.7038,-1.6718,-1.6617,-1.7057,-1.702
-1.7048,-1.746,-1.746,-1.7634,-1.8375,-1.8934,-1.9639,-1.9739,-1.7881,-1.7286,-1.7679,-1.8915,-1.8741,-1.8265,-1.832,-1.8558,-1.8751,-1.8256,-1.8769,-1.8311,-1.8494,-1.8165,-1.7927,-1.8064,-1.8677,-1.9391,-2.1076,-2.4363,-2.7403,-2.6945,-2.6679,-2.8309,-2.8996,-2.9215,-1.7029,-1.7771,-1.811,-1.7542,-1.7698,-1.7368,-1.7963,-1.8128,-1.7331,-1.7634,-1.7551,-1.7615,-1.7872,-1.7441,-1.7286,-1.7002,-1.6901,-1.6984,-1.6489,-1.6041,-1.594,-1.5958,-1.5802,-1.5839,-1.5876,-1.5958,-1.5455,-1.5665,-1.6709,-1.6956,-1.7368,-1.735
-1.8439,-1.8796,-1.8796,-1.8989,-1.9694,-1.9785,-1.897,-1.8705,-1.854,-1.9044,-1.8998,-1.9437,-1.9492,-1.9437,-1.9584,-1.9382,-1.9181,-1.9044,-1.8769,-1.8348,-1.8448,-1.8064,-1.767,-1.7798,-1.7771,-1.7624,-1.8595,-2.1442,-2.375,-2.5526,-2.635,-2.6798,-2.8217,-2.9279,-1.7295,-1.6974,-1.6947,-1.6837,-1.6929,-1.67,-1.7057,-1.7139,-1.7038,-1.6865,-1.6846,-1.6746,-1.6663,-1.6288,-1.5519,-1.4951,-1.4118,-1.3852,-1.3486,-1.312,-1.3468,-1.4136,-1.5482,-1.6379,-1.5802,-1.5894,-1.6526,-1.6956,-1.822,-1.8366,-1.8073,-1.9181
-1.9492,-1.9346,-1.9886,-2.0069,-1.9913,-1.9895,-1.9666,-1.9391,-1.8842,-1.8961,-1.9272,-1.951,-1.9208,-1.9181,-1.8549,-1.8906,-1.9199,-1.8806,-1.8366,-1.822,-1.7725,-1.6672,-1.6233,-1.5894,-1.7029,-1.7386,-1.9272,-2.1644,-2.569,-2.8043,-2.7659,-2.8492,-3.1394,-3.2255,-1.5894,-1.6681,-1.7313,-1.7194,-1.7624,-1.7478,-1.6874,-1.6379,-1.5922,-1.5867,-1.5693,-1.5033,-1.4649,-1.4924,-1.4676,-1.5143,-1.5088,-1.5949,-1.7112,-1.7817,-1.7148,-1.7212,-1.7862,-1.8046,-1.8137,-1.8421,-1.8485,-1.8339,-1.8632,-1.8604,-1.9401,-1.963
-1.9108,-1.8494,-1.9199,-1.9794,-2.0655,-1.9556,-1.9446,-1.9355,-1.8375,-1.9044,-1.8448,-1.8567,-1.8622,-1.7982,-1.7331,-1.7295,-1.6883,-1.6562,-1.6169,-1.5802,-1.5473,-1.4924,-1.4283,-1.4173,-1.4393,-1.5271,-1.7615,-2.1012,-2.6121,-3.2749,-3.144,-3.1651,-3.5368,-3.5871,-1.6773,-1.6736,-1.67,-1.6599,-1.616,-1.6315,-1.6507,-1.5812,-1.5656,-1.55,-1.4795,-1.4585,-1.4365,-1.41,-1.3651,-1.3569,-1.3578,-1.4631,-1.5711,-1.5986,-1.6169,-1.6507,-1.7029,-1.7734,-1.8458,-1.8787,-1.876,-1.9309,-1.9529,-1.8842,-1.8824,-1.8796
-1.8824,-1.8943,-1.8558,-1.8851,-1.9199,-1.9428,-1.9337,-1.9144,-1.8705,-1.8531,-1.8494,-1.865,-1.8403,-1.8577,-1.8394,-1.8027,-1.8055,-1.8091,-1.7634,-1.7396,-1.7103,-1.6956,-1.6562,-1.6617,-1.6837,-1.756,-1.8714,-2.0939,-2.5709,-2.9225,-2.8162,-2.8364,-3.0982,-3.1404,-1.811,-1.8311,-1.8073,-1.8036,-1.8302,-1.822,-1.8146,-1.8229,-1.8183,-1.7899,-1.8238,-1.8119,-1.8101,-1.8036,-1.8064,-1.8201,-1.8155,-1.8146,-1.8174,-1.8284,-1.8146,-1.8119,-1.811,-1.8128,-1.8155,-1.843,-1.8174,-1.7936,-1.7954,-1.8329,-1.7881,-1.7817
-1.7927,-1.7835,-1.7817,-1.7817,-1.7588,-1.6974,-1.7743,-1.7835,-1.7679,-1.7615,-1.7505,-1.7734,-1.7899,-1.7487,-1.7185,-1.7405,-1.7194,-1.7441,-1.7542,-1.7222,-1.7084,-1.6553,-1.691,-1.7359,-1.7478,-1.7368,-1.7203,-1.7478,-2.0151,-2.1735,-2.114,-2.439,-2.5654,-2.7888,-1.68,-1.6828,-1.6755,-1.7002,-1.6626,-1.6782,-1.6828,-1.6901,-1.6919,-1.6746,-1.6498,-1.6095,-1.5638,-1.5281,-1.5061,-1.4795,-1.4438,-1.4356,-1.4008,-1.3587,-1.2845,-1.1701,-1.1838,-1.2058,-1.3431,-1.4017,-1.5207,-1.5464,-1.5473,-1.6782,-1.822,-1.7835
-1.7679,-1.8439,-1.9034,-1.973,-1.962,-1.951,-2.0133,-2.0252,-2.0106,-2.0417,-2.0106,-1.9932,-2.0014,-2.0399,-2.0096,-1.9739,-1.9648,-1.9575,-2.006,-1.9364,-1.9208,-1.8897,-1.8375,-1.8256,-1.8284,-1.8632,-1.9446,-2.0554,-2.331,-2.5874,-2.6295,-2.6734,-2.8025,-1.8549,-1.832,-1.8577,-1.8558,-1.8476,-1.8494,-1.8586,-1.8192,-1.8586,-1.8577,-1.8549,-1.8641,-1.8641,-1.8641,-1.8567,-1.8513,-1.8586,-1.8577,-1.8531,-1.8394,-1.8339,-1.8256,-1.8229,-1.8833,-1.8668,-1.8458,-1.8558,-1.8421,-1.8494,-1.8513,-1.8357,-1.8265,-1.8311
-1.8439,-1.7853,-1.8201,-1.821,-1.8046,-1.7908,-1.757,-1.735,-1.735,-1.6746,-1.6123,-1.7011,-1.8009,-1.8284,-1.7542,-1.7487,-1.7414,-1.8073,-1.8009,-1.7689,-1.8293,-1.8705,-1.8513,-1.8705,-1.963,-2.0307,-2.027,-2.0673,-2.1259,-2.2907,-2.5333,-2.7247,-2.8263,-1.7112,-1.6883,-1.6837,-1.7057,-1.6746,-1.6919,-1.7167,-1.7222,-1.713,-1.6956,-1.6453,-1.6169,-1.6004,-1.5958,-1.5802,-1.5253,-1.4869,-1.4301,-1.3614,-1.355,-1.3889,-1.4246,-1.5107,-1.5491,-1.5354,-1.5299,-1.605,-1.7002,-1.745,-1.811,-1.7716,-1.8128,-1.8366
-1.8641,-1.9227,-1.9501,-1.9712,-1.9337,-1.854,-1.8925,-1.8741,-1.8329,-1.8073,-1.8412,-1.8293,-1.8101,-1.8622,-1.876,-1.8769,-1.9227,-1.9034,-1.9089,-1.9007,-1.876,-1.8274,-1.8027,-1.8018,-1.8366,-2.0124,-2.2578,-2.6643,-2.8977,-2.8455,-2.895,-3.1147,-3.1431,-1.7075,-1.7194,-1.7203,-1.6837,-1.7386,-1.8366,-1.6883,-1.6929,-1.6645,-1.6242,-1.5592,-1.5336,-1.5555,-1.5976,-1.5894,-1.5409,-1.5519,-1.366,-1.3285,-1.3999,-1.5088,-1.6507,-1.5894,-1.3587,-1.4521,-1.7478,-1.8339,-1.6691,-1.7835,-1.9721,-1.9153,-1.9419,-1.9858
-1.9886,-1.93,-1.9236,-2.1195,-2.006,-1.9895,-1.9199,-1.9382,-1.9437,-1.9181,-1.9108,-1.9337,-1.9547,-1.9391,-1.9529,-1.9034,-1.8485,-1.8046,-1.7496,-1.6956,-1.6507,-1.6086,-1.5638,-1.5546,-1.5949,-1.7066,-1.9593,-2.5315,-3.0461,-2.9893,-2.9948,-3.3454,-3.426,-1.8394,-1.854,-1.8375,-1.8247,-1.811,-1.8467,-1.8238,-1.8137,-1.8421,-1.843,-1.8274,-1.8458,-1.8467,-1.8119,-1.8348,-1.832,-1.8311,-1.8293,-1.8421,-1.832,-1.8293,-1.8302,-1.8265,-1.8256,-1.8265,-1.8238,-1.8238,-1.8146,-1.8274,-1.8201,-1.8265,-1.811,-1.7963
-1.8384,-1.8009,-1.7982,-1.8027,-1.8046,-1.789,-1.7771,-1.7881,-1.7267,-1.7267,-1.7478,-1.735,-1.7203,-1.789,-1.8036,-1.7991,-1.7927,-1.7689,-1.7542,-1.7698,-1.7698,-1.7505,-1.756,-1.7835,-1.9053,-2.1516,-2.1964,-2.0563,-2.1067,-2.2275,-2.4409,-2.7137,-2.9252,-1.7139,-1.7066,-1.6608,-1.6324,-1.6279,-1.6068,-1.6068,-1.5848,-1.6398,-1.7212,-1.713,-1.6929,-1.6398,-1.605,-1.626,-1.6279,-1.6114,-1.5317,-1.464,-1.431,-1.4301,-1.616,-1.7496,-1.4017,-1.355,-1.3495,-1.377,-1.4173,-1.4695,-1.6947,-1.7167,-1.7158,-1.7945
-1.8394,-1.9117,-1.9364,-1.8998,-1.984,-2.0087,-1.9666,-1.9382,-2.0334,-1.941,-1.9135,-1.8503,-1.8458,-1.8879,-1.854,-1.8073,-1.8329,-1.6892,-1.7835,-1.7698,-1.6947,-1.6315,-1.5903,-1.6279,-1.7057,-1.8091,-2.0371,-2.4033,-2.8932,-3.0305,-2.9389,-3.1504,-3.3793,-1.6315,-1.6773,-1.7048,-1.7295,-1.7304,-1.7286,-1.702,-1.6599,-1.67,-1.616,-1.5857,-1.6343,-1.6956,-1.68,-1.6672,-1.6535,-1.6242,-1.5949,-1.551,-1.4832,-1.4566,-1.4136,-1.3514,-1.3047,-1.2085,-1.2699,-1.442,-1.6013,-1.5619,-1.5189,-1.6013,-1.6663,-1.7359
-1.7991,-1.8696,-1.8632,-1.8586,-1.9318,-1.9749,-1.9886,-2.0298,-2.0399,-1.9895,-1.9492,-1.9483,-1.9272,-1.93,-1.9456,-1.8943,-1.8604,-1.8577,-1.8641,-1.8595,-1.8247,-1.7853,-1.7862,-1.8348,-1.9547,-2.1058,-2.3246,-2.7879,-2.9106,-2.7348,-2.8098,-3.0067,-3.0424,-1.7286,-1.6581,-1.7121,-1.713,-1.7194,-1.724,-1.7112,-1.6984,-1.7093,-1.67,-1.6288,-1.6453,-1.6407,-1.6068,-1.6031,-1.5647,-1.5583,-1.5436,-1.4978,-1.4017,-1.3276,-1.258,-1.2259,-1.2626,-1.4017,-1.4896,-1.4878,-1.5125,-1.594,-1.6095,-1.6388,-1.7295,-1.8302
-1.9108,-1.9684,-2.0142,-1.9858,-1.9776,-1.9492,-1.9382,-1.9391,-1.9181,-1.897,-1.9117,-1.9492,-1.9904,-1.9895,-2.0472,-1.973,-1.9172,-1.8833,-1.8165,-1.8064,-1.7963,-1.7615,-1.6755,-1.6819,-1.6636,-1.7963,-2.0298,-2.3878,-2.7439,-2.9398,-2.9389,-3.0296,-3.1321,-1.8558,-1.7853,-1.7963,-1.7917,-1.7441,-1.7844,-1.9218,-1.9291,-1.8229,-1.7908,-1.8833,-1.9547,-1.9053,-1.8961,-1.8174,-1.7972,-1.7643,-1.6736,-1.5857,-1.5345,-1.4557,-1.4548,-1.4118,-1.4859,-1.5326,-1.615,-1.7295,-1.7945,-1.7643,-1.6617,-1.7432,-1.7725,-1.7423
-1.724,-1.7359,-1.8833,-1.9776,-1.8586,-1.8513,-1.822,-1.8146,-1.8696,-1.9282,-1.8659,-1.8,-1.8531,-1.8577,-1.7679,-1.8165,-1.8384,-1.8284,-1.7762,-1.7286,-1.7066,-1.6828,-1.6608,-1.6388,-1.7084,-1.8458,-2.0737,-2.5214,-3.1184,-3.1321,-3.0882,-3.3464,-3.3729,-1.6507,-1.6553,-1.6398,-1.6535,-1.6334,-1.6214,-1.5894,-1.6791,-1.6031,-1.5748,-1.6425,-1.5976,-1.6434,-1.6654,-1.6517,-1.6453,-1.6251,-1.5455,-1.5885,-1.6013,-1.4988,-1.4457,-1.4328,-1.3102,-1.2735,-1.204,-1.1921,-1.0941,-1.3422,-1.4035,-1.7084,-1.4924,-1.4814
-1.5436,-1.8778,-1.9391,-1.9263,-1.9263,-1.984,-2.0179,-2.0875,-2.1049,-2.1058,-2.1158,-2.0847,-2.0261,-1.9913,-1.9913,-1.9913,-2.0042,-1.9831,-1.9355,-1.8824,-1.8467,-1.7936,-1.7432,-1.7011,-1.6755,-1.7579,-1.8989,-2.1598,-2.5251,-2.8355,-2.776,-2.9234,-3.1541,-3.1669,-1.7304,-1.7148,-1.6993,-1.7203,-1.7396,-1.7249,-1.7249,-1.7341,-1.6855,-1.7185,-1.7386,-1.7176,-1.7185,-1.7093,-1.713,-1.7231,-1.7139,-1.7002,-1.6718,-1.67,-1.5995,-1.551,-1.507,-1.3999,-1.2342,-1.1719,-1.0959,-0.97598,-0.98972,-1.1344,-1.3413,-1.5189
-1.6022,-1.5766,-1.7862,-2.0234,-1.9968,-2.0353,-2.169,-2.2211,-2.1149,-2.0334,-2.0206,-1.9694,-1.9218,-1.8961,-1.8925,-1.897,-1.8888,-1.8806,-1.8394,-1.8531,-1.8522,-1.7505,-1.7029,-1.6855,-1.6535,-1.6773,-1.8137,-2.017,-2.4601,-3.0918,-3.0854,-3.3097,-3.9268,-3.9497,-2.2514,-2.288,-2.1717,-1.9913,-1.7826,-1.6022,-1.4621,-1.4154,-1.3981,-1.4246,-1.4676,-1.5574,-1.6819,-1.7579,-1.8274,-1.8998,-1.9263,-1.9199,-1.8989,-1.8503,-1.7798,-1.7396,-1.6782,-1.6617,-1.6562,-1.6773,-1.68,-1.6947,-1.7844,-1.7716,-1.7597,-1.7945
-1.8119,-1.7936,-1.7789,-1.7203,-1.7487,-1.7368,-1.7386,-1.7194,-1.6938,-1.6956,-1.7176,-1.7249,-1.5308,-1.5372,-1.6068,-1.5564,-1.5088,-1.4859,-1.4008,-1.4978,-1.4631,-1.3981,-1.4328,-1.3761,-1.344,-1.3312,-1.496,-1.4338,-1.344,-1.3047,-1.442,-1.4649,-1.3733,-1.3541,-1.496,-1.5162,-1.5326,-1.4722,-1.4237,-1.5152,-1.8174,-2.1149,-2.2623,-2.3777,-2.4674,-1.6269,-1.572,-1.5564,-1.5629,-1.5033,-1.4466,-1.4731,-1.5363,-1.6022,-1.6489,-1.5757,-1.5336,-1.5235,-1.5226,-1.5418,-1.551,-1.5564,-1.5107,-1.5125,-1.5033,-1.4978
-1.5381,-1.5455,-1.5152,-1.551,-1.5052,-1.4466,-1.464,-1.4457,-1.4411,-1.475,-1.4621,-1.3916,-1.3797,-1.399,-1.3862,-1.4255,-1.474,-1.4502,-1.4383,-1.4191,-1.4402,-1.4274,-1.4686,-1.4173,-1.4283,-1.4795,-1.453,-1.4447,-1.4237,-1.4621,-1.4667,-1.4768,-1.6004,-1.7853,-1.9364,-2.0261,-1.962,-1.9337,-2.0362,-2.06,-2.0325,-2.027,-2.0682,-2.0682,-2.0975,-1.7469,-1.7139,-1.6865,-1.6865,-1.691,-1.7148,-1.68,-1.6004,-1.5748,-1.6132,-1.6526,-1.6782,-1.6691,-1.615,-1.5931,-1.6059,-1.5995,-1.6086,-1.637,-1.6691,-1.5986
-1.5143,-1.496,-1.529,-1.5473,-1.5848,-1.5839,-1.5711,-1.539,-1.5226,-1.5491,-1.5217,-1.5043,-1.5445,-1.5683,-1.5702,-1.54,-1.5455,-1.6077,-1.5464,-1.5079,-1.4933,-1.4997,-1.5784,-1.55,-1.5436,-1.5308,-1.5171,-1.5217,-1.5363,-1.529,-1.4722,-1.4896,-1.4786,-1.4347,-1.5189,-1.7093,-1.8567,-1.8934,-1.8824,-1.8879,-1.9858,-2.0225,-2.0353,-2.1076,-2.157,-1.659,-1.6471,-1.6388,-1.6572,-1.6526,-1.9611,-1.7927,-1.7093,-1.7542,-1.7652,-1.8394,-1.8064,-1.7313,-1.6617,-1.5738,-1.5537,-1.6041,-1.6306,-1.5757,-1.5445,-1.5052
-1.4393,-1.4292,-1.5638,-1.5821,-1.5455,-1.507,-1.5198,-1.5171,-1.4154,-1.3944,-1.4566,-1.5079,-1.5564,-1.5583,-1.4447,-1.3871,-1.4182,-1.4594,-1.431,-1.3816,-1.3266,-1.2598,-1.301,-1.3211,-1.3202,-1.3157,-1.355,-1.388,-1.3953,-1.4182,-1.4219,-1.4557,-1.4338,-1.3834,-1.4026,-1.4576,-1.4301,-1.4566,-1.442,-1.4438,-1.5244,-1.5885,-1.7441,-1.8842,-1.9831,-1.8274,-1.8073,-1.7606,-1.7167,-1.7066,-1.7405,-1.7057,-1.6874,-1.6956,-1.7029,-1.6718,-1.7038,-1.6965,-1.7093,-1.6681,-1.6425,-1.6233,-1.6123,-1.5986,-1.5821,-1.6196
-1.5894,-1.6178,-1.6141,-1.6288,-1.6498,-1.626,-1.5958,-1.5894,-1.7075,-1.7029,-1.6709,-1.6645,-1.6343,-1.6242,-1.7432,-1.7231,-1.6242,-1.6224,-1.5629,-1.539,-1.6572,-1.7341,-1.6929,-1.6846,-1.6352,-1.6919,-1.713,-1.7103,-1.6654,-1.626,-1.6343,-1.6013,-1.6398,-1.6718,-1.7093,-1.7304,-1.691,-1.6746,-1.6517,-1.7121,-1.6938,-1.7038,-1.8696,-1.9941,-2.1039,-1.6654,-1.6352,-1.6169,-1.6187,-1.6672,-1.6214,-1.6187,-1.6059,-1.5473,-1.5271,-1.5592,-1.5491,-1.5125,-1.5345,-1.5629,-1.6214,-1.5345,-1.5665,-1.6031,-1.6132,-1.6764
-1.6489,-1.5885,-1.6507,-1.7002,-1.7075,-1.7295,-1.6388,-1.5986,-1.6041,-1.5922,-1.6462,-1.7139,-1.7029,-1.7093,-1.7771,-1.7258,-1.7725,-1.7606,-1.6691,-1.6434,-1.6755,-1.6892,-1.6388,-1.5171,-1.4942,-1.6013,-1.5775,-1.5473,-1.55,-1.5088,-1.507,-1.518,-1.4347,-1.4164,-1.4118,-1.5152,-1.6608,-1.8668,-1.9913,-2.0161,-1.9877,-2.0179,-2.1131,-2.1717,-2.2056,-1.7432,-1.7615,-1.7634,-1.713,-1.6572,-1.5583,-1.5619,-1.5986,-1.5967,-1.6462,-1.615,-1.5629,-1.6471,-1.6224,-1.6727,-1.6581,-1.6645,-1.6306,-1.6214,-1.6846,-1.7066
-1.6828,-1.594,-1.5647,-1.5976,-1.5912,-1.6086,-1.637,-1.6214,-1.5601,-1.5217,-1.5033,-1.5564,-1.5674,-1.551,-1.5281,-1.5043,-1.4402,-1.4768,-1.626,-1.5784,-1.464,-1.4447,-1.4621,-1.5171,-1.5033,-1.3916,-1.3532,-1.3669,-1.4008,-1.4502,-1.4209,-1.4072,-1.4695,-1.4988,-1.4228,-1.3916,-1.4026,-1.4649,-1.7322,-1.9886,-2.1287,-2.1625,-2.1369,-2.1781,-2.2056,-1.6553,-1.6535,-1.637,-1.6462,-1.6746,-1.6727,-1.6187,-1.5949,-1.6324,-1.5903,-1.6279,-1.6654,-1.5372,-1.4914,-1.5564,-1.5857,-1.6068,-1.6691,-1.5848,-1.5958,-1.4878
-1.4246,-1.4539,-1.5821,-1.5629,-1.4557,-1.4695,-1.3843,-1.366,-1.4933,-1.4832,-1.5931,-1.4585,-1.3294,-1.2992,-1.258,-1.3413,-1.3944,-1.3266,-1.3596,-1.3404,-1.2159,-1.2671,-1.4154,-1.4045,-1.2497,-1.1994,-1.3395,-1.3651,-1.3605,-1.3614,-1.3193,-1.3239,-1.2928,-1.279,-1.2891,-1.3157,-1.4237,-1.5949,-1.7917,-1.9703,-2.0692,-2.0618,-2.1204,-2.2523,-2.2852,-1.6498,-1.6242,-1.5912,-1.6572,-1.659,-1.6681,-1.6617,-1.6214,-1.6471,-1.6233,-1.6004,-1.6059,-1.5766,-1.5995,-1.6288,-1.5702,-1.5601,-1.5455,-1.5207,-1.4823,-1.5336
-1.5326,-1.5903,-1.6334,-1.5711,-1.4713,-1.4557,-1.4631,-1.4658,-1.5281,-1.5976,-1.5262,-1.3962,-1.3459,-1.4512,-1.5052,-1.539,-1.475,-1.4109,-1.3852,-1.453,-1.4777,-1.4988,-1.4521,-1.5107,-1.5006,-1.4548,-1.4841,-1.5647,-1.5519,-1.4603,-1.4264,-1.4264,-1.6123,-1.8247,-1.9675,-1.876,-1.897,-1.8897,-2.0179,-2.092,-2.1415,-2.1625,-2.1744,-2.2559,-2.2687,-2.2678,-1.5775,-1.5043,-1.4686,-1.4356,-1.4264,-1.1994,-1.4759,-1.4136,-1.3559,-1.333,-1.3724,-1.4017,-1.1289,-1.4347,-1.344,-1.301,-1.2964,-1.4173,-1.4319,-1.3962
-1.3138,-1.3193,-1.2809,-1.268,-1.3248,-1.3431,-1.3157,-1.3221,-1.2937,-1.2818,-1.312,-1.2717,-1.2635,-1.2589,-1.214,-1.1966,-1.1893,-1.2397,-1.2626,-1.247,-1.258,-1.3001,-1.2094,-1.1097,-1.1618,-1.2973,-1.3541,-1.3706,-1.3166,-1.2735,-1.3019,-1.2973,-1.3697,-1.3907,-1.3111,-1.3257,-1.3202,-1.4878,-1.7533,-1.9025,-1.9355,-1.9474,-2.0252,-2.0573,-2.1058,-2.1195,-1.4319,-1.4347,-1.4814,-1.4896,-1.4722,-1.453,-1.4686,-1.4713,-1.5107,-1.4832,-1.4466,-1.3752,-1.3376,-1.3523,-1.3807,-1.4035,-1.3981,-1.4063,-1.388,-1.3495
-1.3157,-1.3276,-1.3404,-1.2735,-1.247,-1.3697,-1.3147,-1.2745,-1.3312,-1.3065,-1.1975,-1.193,-1.2241,-1.247,-1.2626,-1.2534,-1.214,-1.1856,-1.2452,-1.2571,-1.2333,-1.2461,-1.3175,-1.2845,-1.2763,-1.2827,-1.2369,-1.29,-1.3358,-1.3596,-1.3056,-1.2497,-1.2992,-1.3175,-1.2433,-1.2452,-1.3065,-1.3468,-1.4402,-1.6242,-1.8165,-1.9153,-1.8961,-1.9117,-1.9575,-2.1323,-1.6361,-1.5592,-1.475,-1.3074,-1.29,-1.4475,-1.4997,-1.4869,-1.4841,-1.3807,-1.3349,-1.4319,-1.4612,-1.4978,-1.4438,-1.41,-1.3495,-1.3395,-1.3111,-1.312
-1.3358,-1.3047,-1.279,-1.2598,-1.3074,-1.3376,-1.3367,-1.3221,-1.2497,-1.2278,-1.1856,-1.2552,-1.2827,-1.3019,-1.2598,-1.1966,-1.1527,-1.2296,-1.345,-1.3623,-1.3596,-1.3486,-1.2918,-1.2937,-1.3459,-1.4035,-1.3706,-1.3321,-1.2662,-1.3166,-1.4429,-1.4603,-1.4548,-1.6883,-1.8824,-1.984,-1.9886,-2.0408,-1.9694,-2.0307,-2.0325,-1.8824,-1.9593,-2.0637,-2.0627,-2.0939,-1.6956,-1.702,-1.6645,-1.5986,-1.5198,-1.5299,-1.5656,-1.6086,-1.5784,-1.5098,-1.4997,-1.5619,-1.6031,-1.5519,-1.5436,-1.5848,-1.6517,-1.5958,-1.594,-1.659
-1.5912,-1.5381,-1.5976,-1.6132,-1.5986,-1.539,-1.5134,-1.539,-1.5226,-1.4859,-1.5171,-1.5491,-1.5217,-1.5043,-1.5024,-1.5226,-1.453,-1.5445,-1.4978,-1.4969,-1.5226,-1.4933,-1.4402,-1.4136,-1.4338,-1.4365,-1.4054,-1.4164,-1.4493,-1.4805,-1.4512,-1.3724,-1.4466,-1.442,-1.4045,-1.4383,-1.4136,-1.5592,-1.7258,-1.8265,-1.8824,-1.9117,-1.9337,-2.0325,-2.1085,-2.1616,-1.5207,-1.5125,-1.4786,-1.4814,-1.4173,-1.4173,-1.4173,-1.3889,-1.4136,-1.3797,-1.2992,-1.269,-1.2845,-1.3257,-1.3092,-1.2772,-1.3239,-1.2479,-1.1902,-1.3019
-1.3468,-1.3193,-1.2525,-1.2571,-1.2369,-1.2104,-1.2497,-1.2506,-1.2131,-1.1435,-1.1426,-1.139,-1.1847,-1.1875,-1.1692,-1.127,-1.149,-1.2076,-1.2827,-1.3596,-1.3504,-1.2662,-1.1966,-1.1097,-1.204,-1.2799,-1.2809,-1.2735,-1.2946,-1.2461,-1.2314,-1.2763,-1.2809,-1.2369,-1.2607,-1.3697,-1.3788,-1.5354,-1.7432,-1.8384,-1.9355,-2.0472,-2.0353,-2.027,-2.1131,-2.1305,-1.6269,-1.6105,-1.6626,-1.6169,-1.539,-1.5336,-1.5244,-1.5372,-1.5766,-1.4805,-1.3935,-1.3514,-1.3788,-1.4347,-1.409,-1.4035,-1.4621,-1.4219,-1.3633,-1.3413
-1.344,-1.3642,-1.3083,-1.3752,-1.2937,-1.2085,-1.225,-1.2571,-1.2259,-1.2323,-1.1875,-1.1591,-1.1316,-1.149,-1.138,-1.1325,-1.16,-1.2287,-1.2561,-1.2598,-1.3102,-1.2214,-1.1243,-1.1325,-1.171,-1.2561,-1.2873,-1.2387,-1.2104,-1.2067,-1.1994,-1.2204,-1.1417,-1.1298,-1.2589,-1.4905,-1.7048,-1.9337,-2.1241,-2.1278,-2.1223,-2.2578,-2.3063,-2.3777,-2.4299,-2.4546,-1.3422,-1.3486,-1.4017,-1.4008,-1.464,-1.496,-1.4145,-1.3981,-1.4292,-1.4557,-1.4502,-1.475,-1.507,-1.5088,-1.5125,-1.5308,-1.5528,-1.5958,-1.5729,-1.5738
-1.6022,-1.6224,-1.6141,-1.6077,-1.5958,-1.5894,-1.6352,-1.6938,-1.6581,-1.615,-1.6507,-1.7103,-1.735,-1.756,-1.7002,-1.68,-1.7487,-1.7917,-1.7368,-1.6544,-1.6269,-1.681,-1.6965,-1.7158,-1.7469,-1.7414,-1.7423,-1.7698,-1.8064,-1.7835,-1.6846,-1.7524,-1.7652,-1.8018,-1.8879,-1.9044,-1.9208,-1.8549,-1.6645,-1.6041,-1.42,-1.7469,-1.9327,-2.0316,-2.0234,-2.0344,-1.6764,-1.6022,-1.5482,-1.529,-1.5317,-1.5445,-1.5052,-1.4759,-1.4292,-1.3825,-1.3706,-1.4072,-1.4466,-1.3935,-1.3797,-1.4356,-1.3724,-1.3431,-1.3834,-1.3495
-1.3138,-1.3028,-1.258,-1.2085,-1.3129,-1.3367,-1.2726,-1.2763,-1.3102,-1.2708,-1.2113,-1.2186,-1.2278,-1.2131,-1.2799,-1.2644,-1.225,-1.2195,-1.2378,-1.203,-1.1737,-1.1884,-1.203,-1.2232,-1.1847,-1.1692,-1.2259,-1.3276,-1.3276,-1.3028,-1.3285,-1.3944,-1.3688,-1.2497,-1.2369,-1.2626,-1.3514,-1.4438,-1.5647,-1.7331,-1.8659,-1.9785,-2.0032,-2.038,-2.1461,-2.2376,-1.5061,-1.409,-1.4292,-1.4502,-1.5088,-1.4896,-1.4164,-1.3395,-1.3102,-1.3138,-1.3413,-1.3834,-1.2918,-1.2626,-1.2937,-1.333,-1.3715,-1.3385,-1.3385,-1.3312
-1.2452,-1.1765,-1.2195,-1.2726,-1.2891,-1.3202,-1.3083,-1.2159,-1.1637,-1.1783,-1.1811,-1.2204,-1.2955,-1.2763,-1.1985,-1.1792,-1.1664,-1.1866,-1.2433,-1.2626,-1.333,-1.2012,-1.149,-1.1737,-1.1939,-1.2149,-1.2461,-1.2955,-1.2204,-1.1875,-1.1838,-1.2268,-1.279,-1.3138,-1.2589,-1.2717,-1.4035,-1.6828,-1.9364,-2.0692,-2.1058,-2.2102,-2.2633,-2.309,-2.3539,-2.4445,-1.3605,-1.2992,-1.3092,-1.2946,-1.3349,-1.3752,-1.3367,-1.3669,-1.3541,-1.3404,-1.4008,-1.5052,-1.5024,-1.5015,-1.4438,-1.4676,-1.5043,-1.5116,-1.4832,-1.5006
-1.5784,-1.5931,-1.572,-1.605,-1.6169,-1.637,-1.6828,-1.7103,-1.6993,-1.7093,-1.7212,-1.6727,-1.6562,-1.6764,-1.6599,-1.5912,-1.616,-1.6315,-1.6553,-1.6874,-1.7057,-1.7176,-1.7524,-1.7478,-1.7322,-1.7487,-1.7405,-1.745,-1.6929,-1.756,-1.7496,-1.7386,-1.7038,-1.7249,-1.7167,-1.8119,-1.8128,-1.8247,-1.8714,-1.8641,-1.8439,-1.8668,-1.8101,-1.8696,-1.9428,-2.0225,-1.4933,-1.5427,-1.6526,-1.7267,-1.6535,-1.5445,-1.5647,-1.464,-1.4502,-1.5088,-1.4814,-1.3779,-1.5171,-1.4338,-1.4795,-1.4402,-1.4548,-1.442,-1.4777,-1.561
-1.464,-1.4466,-1.5372,-1.5381,-1.4814,-1.4383,-1.4667,-1.4686,-1.4457,-1.4136,-1.4026,-1.442,-1.4731,-1.4548,-1.4978,-1.4649,-1.496,-1.4869,-1.4576,-1.4869,-1.4136,-1.3852,-1.3852,-1.3797,-1.3788,-1.4429,-1.5409,-1.5336,-1.4374,-1.4246,-1.399,-1.4182,-1.3147,-1.3184,-1.4017,-1.4722,-1.4164,-1.5363,-1.8165,-2.0856,-2.1232,-2.1598,-2.201,-2.2047,-2.277,-2.2834,-1.5601,-1.5711,-1.5629,-1.6132,-1.6535,-1.6041,-1.5903,-1.6013,-1.5931,-1.5867,-1.6031,-1.6773,-1.5967,-1.5363,-1.561,-1.5381,-1.4969,-1.5226,-1.518,-1.5967
-1.6004,-1.5931,-1.5729,-1.5217,-1.55,-1.551,-1.5455,-1.5665,-1.5693,-1.561,-1.5116,-1.4969,-1.4695,-1.4951,-1.453,-1.4228,-1.4209,-1.4347,-1.4402,-1.4594,-1.4274,-1.3697,-1.3614,-1.3761,-1.3559,-1.3495,-1.3871,-1.3147,-1.345,-1.3422,-1.3834,-1.4383,-1.4164,-1.4548,-1.4109,-1.4731,-1.4072,-1.4914,-1.6599,-1.7899,-1.9373,-2.1534,-2.2266,-2.2266,-2.2889,-2.4024,-1.5235,-1.4924,-1.5647,-1.5152,-1.4704,-1.4805,-1.4237,-1.3816,-1.4109,-1.3834,-1.2946,-1.3807,-1.3422,-1.2378,-1.2488,-1.3193,-1.3202,-1.3248,-1.3321,-1.2717
-1.2452,-1.2342,-1.2296,-1.2571,-1.2616,-1.1985,-1.1966,-1.1774,-1.2278,-1.2763,-1.2232,-1.1371,-1.0904,-1.1701,-1.2763,-1.3514,-1.355,-1.333,-1.2323,-1.139,-1.1179,-1.203,-1.2983,-1.3157,-1.2754,-1.2616,-1.2964,-1.2085,-1.2607,-1.2946,-1.3175,-1.2964,-1.3742,-1.572,-1.757,-1.9272,-2.082,-2.0051,-1.9785,-1.9501,-1.8851,-1.9318,-2.071,-2.0417,-2.0701,-2.1479,-1.594,-1.5244,-1.6105,-1.6462,-1.5766,-1.4988,-1.4942,-1.4521,-1.5693,-1.6288,-1.4594,-1.4136,-1.4832,-1.5528,-1.5702,-1.5152,-1.5079,-1.4274,-1.334,-1.3834
-1.4191,-1.5098,-1.3797,-1.355,-1.3486,-1.3422,-1.3862,-1.4612,-1.3376,-1.2104,-1.3358,-1.4475,-1.2983,-1.3614,-1.3395,-1.2973,-1.2342,-1.3889,-1.2378,-1.2067,-1.2973,-1.3862,-1.377,-1.3157,-1.3385,-1.2992,-1.3523,-1.3422,-1.3385,-1.3797,-1.4182,-1.3688,-1.388,-1.4841,-1.648,-1.865,-1.9135,-1.9309,-2.0875,-2.0746,-2.1067,-2.1589,-2.1644,-2.147,-2.1561,-2.168,-1.3779,-1.3358,-1.3889,-1.4154,-1.3532,-1.2369,-1.2772,-1.3596,-1.3312,-1.3028,-1.2506,-1.1573,-1.1234,-1.1948,-1.16,-1.149,-1.1628,-1.1499,-1.1335,-1.1133
-1.0813,-1.0593,-1.1124,-1.1069,-1.1325,-1.0263,-1.0373,-1.0401,-1.0282,-1.0501,-1.0868,-1.1042,-1.117,-1.0483,-1.0767,-1.138,-1.1454,-1.1216,-1.1087,-1.1371,-1.1234,-1.127,-1.1353,-1.1261,-1.1234,-1.1234,-1.1563,-1.149,-1.1737,-1.1563,-1.1307,-1.2809,-1.3623,-1.2763,-1.2726,-1.3907,-1.6214,-1.8934,-2.0518,-2.0627,-2.0362,-2.1964,-2.3237,-2.3585,-2.4574,-2.5654,-1.8998,-1.9071,-1.9117,-1.9053,-1.9025,-1.9144,-1.8989,-1.8879,-1.8961,-1.9034,-1.9117,-1.9227,-1.9428,-1.9465,-1.9419,-1.9282,-1.9153,-1.9172,-1.8961,-1.8686
-1.8677,-1.8659,-1.8375,-1.8302,-1.8137,-1.8119,-1.8421,-1.8668,-1.8714,-1.8824,-1.8714,-1.8595,-1.8723,-1.8778,-1.8586,-1.8595,-1.8302,-1.7661,-1.7487,-1.7917,-1.8146,-1.7615,-1.8155,-1.8879,-1.9172,-1.897,-1.8485,-1.8558,-1.8677,-1.8787,-1.8348,-1.7817,-1.6901,-1.7524,-1.8806,-1.908,-1.7505,-1.6984,-1.7881,-1.7771,-1.7817,-1.8513,-1.9108,-1.9575,-1.9895,-2.0389,-1.475,-1.4228,-1.4704,-1.5198,-1.4182,-1.312,-1.3413,-1.3724,-1.3321,-1.3239,-1.3276,-1.2626,-1.2314,-1.2589,-1.2918,-1.2506,-1.1664,-1.1408,-1.1527,-1.1692
-1.1545,-1.193,-1.2076,-1.1051,-1.0538,-1.1948,-1.269,-1.2149,-1.1939,-1.2259,-1.2049,-1.1664,-1.204,-1.1948,-1.1618,-1.2067,-1.1994,-1.1939,-1.204,-1.247,-1.2452,-1.2268,-1.2323,-1.2369,-1.2543,-1.2726,-1.3138,-1.4017,-1.4942,-1.6462,-1.7707,-1.7661,-1.7112,-1.8329,-1.8256,-1.7231,-1.757,-1.7588,-1.7231,-1.8091,-1.9016,-1.9144,-1.9501,-1.9529,-1.9694,-2.028,-2.0252,-1.3898,-1.409,-1.4978,-1.5079,-1.5098,-1.5226,-1.54,-1.54,-1.5619,-1.5903,-1.6059,-1.5766,-1.6279,-1.6022,-1.5555,-1.5848,-1.6224,-1.6288,-1.6636
-1.6984,-1.68,-1.7661,-1.756,-1.7158,-1.6626,-1.6425,-1.6489,-1.6755,-1.6004,-1.5812,-1.5079,-1.6865,-1.5775,-1.6718,-1.659,-1.7606,-1.7505,-1.7945,-1.7643,-1.7707,-1.8513,-1.8989,-1.9117,-1.8934,-1.8723,-1.9053,-1.8879,-1.9062,-1.8934,-1.8732,-1.8513,-1.8448,-1.8503,-1.8622,-1.8476,-1.7762,-1.876,-1.9172,-1.8906,-1.9135,-1.8824,-1.9135,-1.8842,-1.9071,-2.0151,-2.0508,-1.1444,-1.1463,-1.1472,-1.16,-1.149,-1.1032,-1.0822,-1.0685,-1.052,-1.0346,-1.0401,-1.0291,-1.0099,-1.0776,-0.91098,-0.88809,-1.0062,-1.0337,-1.0327
-1.0025,-1.0135,-1.0163,-1.0355,-1.0511,-1.0346,-1.0794,-1.0639,-1.0703,-1.1014,-1.0923,-1.0877,-1.0978,-1.0758,-1.0666,-1.1142,-1.1216,-1.1444,-1.1875,-1.1371,-1.1655,-1.2159,-1.2296,-1.2442,-1.1829,-1.2058,-1.258,-1.2946,-1.3193,-1.3971,-1.6105,-1.7762,-1.811,-1.8128,-1.8677,-1.8339,-1.8494,-1.9144,-1.9098,-1.8714,-1.8888,-1.9098,-1.9245,-1.9657,-2.0005,-2.0106,-2.0353,-1.8668,-1.8851,-1.8741,-1.8879,-1.8989,-1.887,-1.8915,-1.9034,-1.854,-1.8934,-1.8824,-1.9163,-1.886,-1.865,-1.8714,-1.8961,-1.8934,-1.8476,-1.887
-1.9016,-1.9053,-1.8686,-1.8641,-1.8842,-1.9163,-1.9437,-1.9163,-1.8513,-1.8613,-1.8915,-1.8714,-1.8998,-1.9108,-1.8906,-1.9135,-1.9135,-1.8714,-1.8888,-1.8879,-1.9355,-1.9062,-1.8851,-1.8677,-1.8714,-1.9062,-1.8897,-1.8897,-1.876,-1.9282,-1.8979,-1.8989,-1.876,-1.9282,-1.8806,-1.8494,-1.865,-1.8567,-1.8769,-1.7533,-1.7634,-1.7341,-1.7432,-1.7194,-1.8128,-1.9034,-2.0637,-1.4136,-1.4283,-1.3578,-1.2964,-1.258,-1.2973,-1.3358,-1.2626,-1.3065,-1.333,-1.2506,-1.1646,-1.1655,-1.2314,-1.2323,-1.2177,-1.225,-1.2598,-1.204
-1.1563,-1.1536,-1.182,-1.2003,-1.2534,-1.2333,-1.1133,-1.1097,-1.1536,-1.2333,-1.2928,-1.3038,-1.3074,-1.2177,-1.1646,-1.214,-1.3092,-1.3862,-1.4017,-1.2809,-1.1875,-1.2406,-1.2781,-1.2387,-1.2305,-1.2287,-1.182,-1.1756,-1.1646,-1.2342,-1.2717,-1.3395,-1.4383,-1.3797,-1.4566,-1.7716,-1.9071,-1.8476,-1.8394,-1.7936,-1.8751,-1.9895,-2.0042,-1.9959,-2.1168,-1.9337,-2.1213,-1.9648,-2.0646,-1.9501,-1.9877,-2.0042,-1.9474,-1.8842,-1.811,-1.7322,-1.7258,-1.659,-1.6123,-1.6746,-1.6773,-1.7707,-1.7734,-1.7743,-1.8064,-1.8146
-1.8833,-1.9172,-1.9282,-1.8632,-1.8806,-1.8567,-1.8009,-1.7286,-1.7679,-1.8274,-1.8641,-1.8549,-1.8458,-1.203,-1.9355,-1.9135,-1.8632,-1.8082,-1.6727,-1.6993,-1.7808,-1.8256,-1.8384,-1.6993,-1.6279,-1.7194,-1.7002,-1.7743,-1.8961,-1.8549,-1.8934,-1.8686,-1.8787,-1.8998,-1.822,-1.8613,-1.8394,-1.8824,-1.8384,-1.8137,-1.9401,-2.0527,-2.2092,-2.2193,-2.3695,-2.504,-2.5681,-1.8448,-1.8485,-1.8806,-1.8485,-1.8458,-1.8293,-1.8247,-1.7872,-1.789,-1.8055,-1.7972,-1.8091,-1.8046,-1.8183,-1.821,-1.8403,-1.8339,-1.8503,-1.8513
-1.8705,-1.8622,-1.8558,-1.8375,-1.8293,-1.8293,-1.843,-1.8375,-1.8403,-1.8366,-1.8476,-1.8394,-1.8302,-1.8018,-1.7368,-1.7029,-1.6352,-1.7972,-1.7982,-1.7972,-1.7844,-1.7487,-1.7011,-1.6938,-1.7176,-1.7396,-1.7835,-1.8394,-1.8384,-1.8439,-1.8165,-1.7817,-1.7515,-1.7331,-1.8183,-2.0563,-2.1104,-2.038,-2.1131,-2.234,-2.244,-2.2037,-2.1809,-2.1067,-2.0435,-2.3109,-2.4033,-1.7817,-1.7835,-1.7771,-1.7057,-1.6617,-1.5922,-1.5409,-1.4869,-1.4539,-1.4164,-1.3514,-1.2992,-1.2232,-1.1518,-1.0868,-1.1161,-1.2094,-1.3312,-1.4905
-1.5802,-1.6691,-1.8302,-1.9364,-2.0463,-1.9968,-2.017,-2.049,-2.0106,-1.9858,-1.9071,-1.8925,-1.8604,-1.811,-1.811,-1.7121,-1.7588,-1.7533,-1.7084,-1.7753,-1.8064,-1.7817,-1.7341,-1.7386,-1.7762,-1.7881,-1.8018,-1.8329,-1.8036,-1.7945,-1.811,-1.8293,-1.8256,-1.843,-1.7725,-1.7917,-1.7222,-1.767,-1.8036,-1.7661,-1.8879,-2.0994,-2.212,-2.3347,-2.3969,-2.4729,-2.646,-1.8604,-1.9016,-1.8989,-1.8897,-1.8577,-1.811,-1.7789,-1.756,-1.7496,-1.7441,-1.7249,-1.7304,-1.7679,-1.7881,-1.7826,-1.7954,-1.8622,-1.8723,-1.8659
-1.8494,-1.8448,-1.8329,-1.8192,-1.7945,-1.7808,-1.7817,-1.7689,-1.7698,-1.7899,-1.8064,-1.811,-1.8183,-1.8366,-1.8339,-1.8256,-1.8091,-1.789,-1.7496,-1.6782,-1.6269,-1.6077,-1.5958,-1.6004,-1.6013,-1.5967,-1.5455,-1.6471,-1.6828,-1.7624,-1.7963,-1.8567,-1.9163,-1.9135,-1.8943,-1.8274,-1.8513,-1.8806,-1.9044,-1.8751,-1.8165,-1.9282,-2.1049,-2.0774,-2.1122,-2.3392,-2.4619,-1.8155,-1.7908,-1.7798,-1.7689,-1.7936,-1.7753,-1.7304,-1.7011,-1.6947,-1.6416,-1.5812,-1.5894,-1.5564,-1.5253,-1.5949,-1.6233,-1.6196,-1.5903,-1.6132
-1.7405,-1.7167,-1.659,-1.6663,-1.6544,-1.6086,-1.6059,-1.5564,-1.5482,-1.5381,-1.5564,-1.5674,-1.5381,-1.5299,-1.691,-1.659,-1.702,-1.7103,-1.745,-1.7917,-1.7331,-1.7313,-1.7954,-1.757,-1.7515,-1.7808,-1.7542,-1.7835,-1.8613,-1.8229,-1.7908,-1.8229,-1.8146,-1.8339,-1.8467,-1.9007,-1.8366,-1.7377,-1.6645,-1.6892,-1.7277,-2.093,-2.2248,-2.3164,-2.5352,-3.0827,-3.2237,-1.8577,-1.789,-1.7542,-1.7158,-1.67,-1.6343,-1.6269,-1.6517,-1.6736,-1.6974,-1.7167,-1.7588,-1.8055,-1.8274,-1.821,-1.8366,-1.8274,-1.8577,-1.821
-1.8018,-1.7954,-1.789,-1.7808,-1.7899,-1.7771,-1.7734,-1.7872,-1.789,-1.8046,-1.8073,-1.8018,-1.7991,-1.7936,-1.7963,-1.7927,-1.8046,-1.8,-1.7908,-1.7771,-1.6819,-1.5931,-1.6077,-1.6068,-1.5922,-1.5317,-1.615,-1.7029,-1.7158,-1.7295,-1.681,-1.8046,-1.8485,-1.8046,-1.8952,-1.9089,-1.8952,-1.8806,-1.7093,-1.6974,-1.8046,-1.8677,-1.962,-2.0783,-2.1332,-2.3218,-2.4894,-1.5619,-1.5125,-1.4631,-1.4566,-1.4805,-1.4521,-1.4869,-1.507,-1.529,-1.6315,-1.8064,-1.8613,-1.7853,-1.8577,-1.9474,-2.006,-1.951,-1.9071,-1.8046
-1.7862,-1.7716,-1.767,-1.7515,-1.7139,-1.6993,-1.7295,-1.7304,-1.724,-1.7469,-1.757,-1.7093,-1.7698,-1.7927,-1.7533,-1.7716,-1.757,-1.8329,-1.8778,-1.8357,-1.8558,-1.7853,-1.7817,-1.6746,-1.7038,-1.7359,-1.6489,-1.5958,-1.6251,-1.616,-1.6562,-1.6123,-1.5894,-1.5418,-1.5638,-1.5812,-1.5995,-1.6004,-1.6736,-1.7112,-1.9218,-2.1387,-2.233,-2.3484,-2.5883,-2.8986,-2.9179,-1.4118,-1.3404,-1.3056,-1.279,-1.2699,-1.3431,-1.4951,-1.6608,-1.6855,-1.583,-1.6013,-1.7002,-1.8018,-1.821,-1.6846,-1.7057,-1.8027,-1.7844,-1.7515
-1.724,-1.7112,-1.7048,-1.691,-1.6773,-1.6553,-1.6425,-1.5198,-1.5226,-1.4676,-1.4631,-1.4292,-1.4154,-1.4136,-1.4942,-1.5024,-1.5409,-1.5464,-1.5683,-1.5381,-1.5473,-1.5226,-1.5354,-1.4823,-1.496,-1.4566,-1.475,-1.5189,-1.5976,-1.5821,-1.6105,-1.5876,-1.637,-1.6004,-1.6214,-1.5473,-1.4997,-1.4649,-1.475,-1.7066,-1.9437,-2.1662,-2.3933,-2.4921,-2.7238,-2.7924,-2.8813,-1.5555,-1.5235,-1.4328,-1.4017,-1.3468,-1.3019,-1.2873,-1.3166,-1.3404,-1.2552,-1.2442,-1.333,-1.5171,-1.6077,-1.6297,-1.6169,-1.7808,-1.8302,-1.7066
-1.6636,-1.6453,-1.7322,-1.8046,-1.7679,-1.6572,-1.6434,-1.6343,-1.5683,-1.6297,-1.6059,-1.6544,-1.7524,-1.702,-1.6718,-1.6746,-1.5949,-1.5564,-1.5601,-1.5775,-1.4924,-1.4649,-1.4859,-1.4805,-1.464,-1.5418,-1.5931,-1.5418,-1.572,-1.6526,-1.6306,-1.6874,-1.7075,-1.6874,-1.6727,-1.648,-1.5812,-1.6379,-1.594,-1.6425,-1.876,-2.092,-2.4033,-2.4583,-2.6313,-2.8144,-2.8941,-1.5143,-1.5134,-1.5601,-1.5317,-1.5061,-1.4832,-1.4383,-1.41,-1.431,-1.4731,-1.5061,-1.5134,-1.5116,-1.5601,-1.5885,-1.7148,-1.6517,-1.6407,-1.6965
-1.6709,-1.7066,-1.8046,-1.7927,-1.7524,-1.7689,-1.7423,-1.8046,-1.7295,-1.7551,-1.7103,-1.6517,-1.6269,-1.6489,-1.6233,-1.6306,-1.6489,-1.6141,-1.551,-1.5903,-1.5857,-1.6123,-1.5711,-1.5198,-1.6626,-1.6086,-1.5647,-1.5519,-1.5482,-1.6169,-1.6077,-1.6187,-1.5665,-1.5189,-1.5583,-1.5949,-1.539,-1.5207,-1.5793,-1.5665,-1.6251,-1.8531,-2.0765,-2.3035,-2.4418,-2.6963,-2.8346,-1.8055,-1.843,-1.8403,-1.8018,-1.7982,-1.7753,-1.7313,-1.6755,-1.6425,-1.6343,-1.5683,-1.5326,-1.4942,-1.4805,-1.5152,-1.5107,-1.5464,-1.5629,-1.6059
-1.6105,-1.6462,-1.6434,-1.7222,-1.7112,-1.6535,-1.6288,-1.6398,-1.5546,-1.6626,-1.6398,-1.6352,-1.5683,-1.6095,-1.5876,-1.5848,-1.6123,-1.5409,-1.4896,-1.5473,-1.5867,-1.5372,-1.5711,-1.5912,-1.561,-1.6169,-1.5821,-1.5555,-1.5711,-1.5876,-1.6901,-1.7139,-1.702,-1.6865,-1.7148,-1.6892,-1.6901,-1.6507,-1.6681,-1.8384,-2.049,-2.2394,-2.3896,-2.5288,-2.646,-2.7348,-2.7412,-1.7286,-1.7075,-1.691,-1.6407,-1.6315,-1.6224,-1.5967,-1.5482,-1.4878,-1.4658,-1.4521,-1.3916,-1.4209,-1.4594,-1.4978,-1.5253,-1.5152,-1.5473,-1.5281
-1.55,-1.5766,-1.5976,-1.6489,-1.6865,-1.6837,-1.6691,-1.6865,-1.735,-1.7872,-1.8622,-1.7808,-1.8082,-1.7597,-1.7002,-1.8064,-1.6956,-1.659,-1.6718,-1.702,-1.68,-1.6114,-1.5894,-1.6068,-1.6425,-1.6874,-1.6562,-1.6572,-1.6727,-1.6883,-1.7753,-1.746,-1.756,-1.6819,-1.6398,-1.5986,-1.5839,-1.5729,-1.4795,-1.4823,-1.7222,-2.125,-2.5407,-2.6542,-2.9582,-3.1632,-3.2511,-1.7139,-1.6462,-1.616,-1.5912,-1.583,-1.55,-1.5116,-1.5162,-1.5116,-1.4731,-1.3816,-1.301,-1.3504,-1.333,-1.3486,-1.4228,-1.54,-1.5619,-1.4878
-1.5372,-1.5564,-1.6892,-1.67,-1.6288,-1.6242,-1.6324,-1.6791,-1.6837,-1.7011,-1.7212,-1.6947,-1.7222,-1.7643,-1.7643,-1.7386,-1.735,-1.7359,-1.6773,-1.6425,-1.6187,-1.6379,-1.5912,-1.5647,-1.5711,-1.6123,-1.5958,-1.605,-1.6251,-1.6077,-1.5656,-1.5656,-1.5564,-1.5857,-1.5784,-1.6224,-1.6581,-1.6553,-1.6059,-1.6022,-1.7762,-2.0115,-2.2129,-2.4033,-2.5736,-2.8748,-3.1056,-1.5381,-1.5455,-1.4438,-1.5583,-1.4603,-1.4658,-1.4438,-1.3871,-1.3614,-1.3623,-1.4649,-1.529,-1.5656,-1.6224,-1.6681,-1.6736,-1.6562,-1.7368,-1.7194
-1.7808,-1.8467,-1.8064,-1.7478,-1.7377,-1.6782,-1.6636,-1.6645,-1.6187,-1.5976,-1.7203,-1.6425,-1.5876,-1.5418,-1.5436,-1.5079,-1.5162,-1.5748,-1.5729,-1.5885,-1.5564,-1.6178,-1.5922,-1.4759,-1.409,-1.4988,-1.6178,-1.6068,-1.551,-1.4786,-1.4768,-1.5894,-1.6654,-1.6974,-1.9117,-2.1598,-2.4326,-2.6926,-2.8822,-3.0689,-3.231,-1.7377,-1.6901,-1.6617,-1.6425,-1.6031,-1.5748,-1.5629,-1.5052,-1.4182,-1.3321,-1.2735,-1.2415,-1.2516,-1.2342,-1.1957,-1.3633,-1.3971,-1.3981,-1.5281,-1.6434,-1.6828,-1.6846,-1.702,-1.7295,-1.6929
-1.7093,-1.7341,-1.8036,-1.8073,-1.7991,-1.7698,-1.7075,-1.8073,-1.7478,-1.7322,-1.7286,-1.6608,-1.6828,-1.6343,-1.6114,-1.6095,-1.6782,-1.6324,-1.5894,-1.5619,-1.5647,-1.5949,-1.5857,-1.5583,-1.5592,-1.5107,-1.5601,-1.551,-1.5116,-1.518,-1.5098,-1.551,-1.572,-1.5894,-1.7634,-2.0087,-2.3356,-2.5782,-2.7073,-2.8538,-3.0882,-1.8192,-1.7927,-1.7469,-1.7048,-1.6572,-1.6214,-1.5464,-1.5079,-1.4631,-1.4658,-1.4859,-1.4768,-1.3669,-1.2946,-1.2873,-1.2983,-1.3477,-1.4274,-1.4356,-1.5107,-1.6736,-1.6617,-1.5738,-1.5409,-1.757
-1.8329,-1.7432,-1.7432,-1.7597,-1.691,-1.6855,-1.681,-1.6599,-1.5757,-1.5976,-1.6095,-1.6269,-1.6828,-1.7414,-1.7606,-1.7331,-1.6251,-1.572,-1.5839,-1.6324,-1.7121,-1.7579,-1.6773,-1.7038,-1.7002,-1.6242,-1.6233,-1.6343,-1.6004,-1.6626,-1.7286,-1.7277,-1.6462,-1.5436,-1.7862,-2.0627,-2.2147,-2.4683,-2.8254,-3.1477,-3.3711,-1.8577,-1.8503,-1.8201,-1.7908,-1.7771,-1.7734,-1.7405,-1.6883,-1.6059,-1.5308,-1.4869,-1.4658,-1.409,-1.3605,-1.3504,-1.2864,-1.2049,-1.1783,-1.1692,-1.2323,-1.2616,-1.3175,-1.312,-1.3321,-1.431
-1.5519,-1.6233,-1.5757,-1.6736,-1.7075,-1.7734,-1.7331,-1.8073,-1.8384,-1.8394,-1.7881,-1.7615,-1.7331,-1.7762,-1.8165,-1.7798,-1.7057,-1.6846,-1.6654,-1.6242,-1.6343,-1.5638,-1.5729,-1.4805,-1.5949,-1.6297,-1.5812,-1.6022,-1.6581,-1.6114,-1.6169,-1.5958,-1.6462,-1.6837,-1.7286,-1.9565,-2.3182,-2.6661,-2.754,-3.0415,-3.5423,-1.7441,-1.7341,-1.7203,-1.6736,-1.5931,-1.5482,-1.518,-1.4878,-1.4466,-1.3733,-1.3129,-1.3486,-1.3523,-1.2708,-1.1692,-1.1628,-1.2442,-1.3065,-1.3633,-1.4173,-1.4878,-1.4081,-1.3797,-1.464,-1.5885
-1.6114,-1.659,-1.7158,-1.8604,-1.8274,-1.8284,-1.8531,-1.7835,-1.7359,-1.7212,-1.6865,-1.6617,-1.615,-1.5876,-1.6123,-1.5848,-1.5473,-1.6123,-1.6718,-1.6764,-1.6361,-1.6086,-1.6141,-1.7139,-1.7222,-1.6654,-1.6022,-1.5317,-1.4978,-1.5665,-1.5281,-1.5711,-1.6453,-1.6846,-1.952,-2.331,-2.6579,-2.7934,-2.9179,-3.1962,-3.2356,-1.8073,-1.7808,-1.8027,-1.8091,-1.8036,-1.8091,-1.7634,-1.735,-1.6901,-1.5949,-1.5702,-1.5281,-1.4557,-1.388,-1.366,-1.279,-1.2168,-1.1481,-1.0831,-1.0831,-1.1802,-1.2735,-1.236,-1.2964,-1.4109
-1.4795,-1.5793,-1.6453,-1.5784,-1.6691,-1.8503,-1.7661,-1.8064,-1.8522,-1.8467,-1.822,-1.8137,-1.8705,-1.8082,-1.8604,-1.7881,-1.778,-1.7945,-1.7542,-1.7423,-1.7661,-1.7267,-1.6773,-1.7295,-1.8018,-1.6791,-1.7194,-1.7524,-1.7377,-1.7386,-1.7615,-1.7377,-1.7579,-1.691,-1.7212,-2.0847,-2.1735,-2.3804,-2.7924,-3.1074,-3.1651,-1.6471,-1.616,-1.6279,-1.648,-1.6269,-1.551,-1.5574,-1.5555,-1.561,-1.4978,-1.4585,-1.4777,-1.442,-1.42,-1.4823,-1.4759,-1.4493,-1.4164,-1.4795,-1.4173,-1.4759,-1.5821,-1.5088,-1.5061,-1.5235
-1.5931,-1.5748,-1.6471,-1.6599,-1.7771,-1.7194,-1.7286,-1.7743,-1.7725,-1.7405,-1.6324,-1.6169,-1.6572,-1.7029,-1.6306,-1.6681,-1.7487,-1.7478,-1.7844,-1.7679,-1.6691,-1.6874,-1.7698,-1.7661,-1.7725,-1.7075,-1.7148,-1.745,-1.7579,-1.7002,-1.5821,-1.5574,-1.5125,-1.5244,-1.7789,-2.0801,-2.4491,-2.5581,-2.6963,-2.9344,-3.2054,-1.9456,-1.767,-1.518,-1.3715,-1.2635,-1.2745,-1.6352,-1.8339,-1.7743,-1.6214,-1.42,-1.1902,-1.0566,-0.99521,-0.99338,-0.90732,-0.93112,-1.0593,-1.2497,-1.4557,-1.6974,-1.8,-1.6626,-1.8073,-1.8036
-1.8247,-1.7698,-1.8384,-1.8439,-1.8137,-1.6938,-1.6187,-1.6407,-1.6434,-1.6599,-1.6901,-1.7066,-1.68,-1.67,-1.7396,-1.7267,-1.7295,-1.7295,-1.7908,-1.7515,-1.7515,-1.6837,-1.464,-1.3102,-1.366,-1.5107,-1.4942,-1.4154,-1.3862,-1.355,-1.3166,-1.3312,-1.3843,-1.409,-1.6041,-2.0161,-2.6222,-2.7723,-2.9041,-3.0863,-3.3592,-1.8357,-1.8311,-1.7615,-1.7496,-1.7011,-1.6782,-1.6388,-1.5262,-1.464,-1.4319,-1.3862,-1.3312,-1.2928,-1.2626,-1.2049,-1.2735,-1.3413,-1.3083,-1.3633,-1.5262,-1.55,-1.5738,-1.594,-1.6691,-1.735
-1.6938,-1.5821,-1.6498,-1.7881,-1.7762,-1.7396,-1.7524,-1.756,-1.7148,-1.7487,-1.746,-1.7286,-1.6901,-1.7194,-1.7103,-1.7313,-1.702,-1.6691,-1.6691,-1.6874,-1.6105,-1.5226,-1.5995,-1.5546,-1.5546,-1.5702,-1.5986,-1.5583,-1.5574,-1.5967,-1.5738,-1.5619,-1.6205,-1.7972,-2.0344,-2.2623,-2.5471,-2.6066,-2.7238,-2.8172,-2.8538,-1.7679,-1.7716,-1.7597,-1.7597,-1.7185,-1.626,-1.572,-1.4795,-1.453,-1.3706,-1.3248,-1.2928,-1.3385,-1.3349,-1.2964,-1.3065,-1.3889,-1.4676,-1.4658,-1.4255,-1.5116,-1.5665,-1.5647,-1.6865,-1.7689
-1.7853,-1.7277,-1.7615,-1.8274,-1.8256,-1.8284,-1.7982,-1.7478,-1.756,-1.8183,-1.7808,-1.7469,-1.6672,-1.6626,-1.681,-1.7084,-1.6901,-1.713,-1.7029,-1.6553,-1.6462,-1.6324,-1.6297,-1.6095,-1.5748,-1.5839,-1.615,-1.6718,-1.7148,-1.6507,-1.6068,-1.6755,-1.7386,-1.9098,-2.136,-2.4198,-2.5196,-2.5782,-2.83,-3.0186,-3.1376,-1.7551,-1.7057,-1.6773,-1.6004,-1.5464,-1.496,-1.4814,-1.4383,-1.4191,-1.3999,-1.3596,-1.3175,-1.2754,-1.2003,-1.2204,-1.3944,-1.4466,-1.4283,-1.3688,-1.3916,-1.5784,-1.6059,-1.626,-1.5555,-1.6517
-1.7405,-1.8329,-1.7496,-1.8009,-1.8998,-1.9272,-1.8897,-1.8485,-1.7734,-1.713,-1.7295,-1.6718,-1.6544,-1.6059,-1.5949,-1.5326,-1.6388,-1.6947,-1.746,-1.7661,-1.6746,-1.6672,-1.7158,-1.7496,-1.7286,-1.6599,-1.6132,-1.6553,-1.6297,-1.5683,-1.5729,-1.5464,-1.5949,-1.8256,-2.0811,-2.2935,-2.5031,-2.5929,-2.732,-2.797,-2.9124,-1.6114,-1.5867,-1.551,-1.5674,-1.5958,-1.6443,-1.6169,-1.6608,-1.767,-1.8183,-1.7972,-1.8073,-1.8503,-1.7789,-1.7588,-1.6498,-1.6993,-1.7295,-1.6663,-1.5903,-1.5308,-1.5317,-1.5629,-1.5647,-1.6269
-1.6187,-1.5784,-1.6269,-1.7103,-1.691,-1.6636,-1.7103,-1.7258,-1.6572,-1.6626,-1.659,-1.6517,-1.6791,-1.5848,-1.5683,-1.6782,-1.6626,-1.7158,-1.7103,-1.7066,-1.7826,-1.6938,-1.6874,-1.6974,-1.6929,-1.6901,-1.6544,-1.615,-1.616,-1.6691,-1.6425,-1.5766,-1.6123,-1.7148,-1.9108,-2.1378,-2.5864,-2.8867,-2.9994,-3.3326,-3.5972,-1.7112,-1.7258,-1.7304,-1.7066,-1.691,-1.6718,-1.6572,-1.6086,-1.5665,-1.5436,-1.5189,-1.4686,-1.4209,-1.3962,-1.3413,-1.3651,-1.4292,-1.4338,-1.4219,-1.4951,-1.5958,-1.5885,-1.616,-1.7396,-1.6709
-1.6352,-1.7441,-1.7963,-1.8421,-1.7725,-1.7661,-1.7322,-1.7322,-1.7917,-1.7679,-1.7396,-1.6773,-1.7936,-1.7972,-1.8412,-1.8018,-1.7231,-1.7331,-1.7496,-1.7972,-1.8311,-1.7588,-1.7432,-1.7496,-1.7716,-1.7689,-1.7048,-1.6388,-1.6233,-1.6691,-1.6892,-1.6398,-1.6416,-1.6443,-1.811,-2.2065,-2.4253,-2.7009,-2.9389,-3.0873,-3.2136,-1.8339,-1.7954,-1.7139,-1.6599,-1.6114,-1.5656,-1.4988,-1.4191,-1.3431,-1.2992,-1.2763,-1.2653,-1.2735,-1.29,-1.3211,-1.4841,-1.561,-1.5253,-1.6214,-1.7212,-1.7258,-1.6736,-1.6672,-1.6214,-1.67
-1.6837,-1.5885,-1.5619,-1.5986,-1.6507,-1.6865,-1.6388,-1.6956,-1.7002,-1.6947,-1.7331,-1.767,-1.7743,-1.6645,-1.7634,-1.7212,-1.6974,-1.7002,-1.7212,-1.6901,-1.7158,-1.6645,-1.6224,-1.6132,-1.5812,-1.5766,-1.6343,-1.6526,-1.746,-1.7386,-1.6782,-1.6755,-1.6791,-1.7368,-2.0234,-2.212,-2.3695,-2.5983,-2.7448,-2.9234,-2.9948,-1.8815,-1.9144,-1.897,-1.8613,-1.821,-1.7972,-1.7258,-1.6746,-1.5693,-1.4704,-1.4438,-1.3926,-1.3724,-1.4182,-1.4447,-1.4411,-1.3678,-1.3285,-1.3596,-1.4612,-1.4658,-1.4017,-1.54,-1.4786,-1.4493
-1.5043,-1.5793,-1.5482,-1.615,-1.5455,-1.5949,-1.6361,-1.583,-1.7359,-1.6947,-1.7423,-1.8348,-1.8064,-1.7936,-1.789,-1.7908,-1.811,-1.7057,-1.6965,-1.6608,-1.6736,-1.7011,-1.6672,-1.5601,-1.5537,-1.5198,-1.5903,-1.6141,-1.5931,-1.5711,-1.6086,-1.5903,-1.5674,-1.6462,-1.7386,-2.0106,-2.3173,-2.5599,-2.8419,-3.1358,-3.2868,-1.7634,-1.7872,-1.8128,-1.8073,-1.7579,-1.6791,-1.5885,-1.539,-1.4878,-1.4274,-1.3294,-1.2369,-1.1692,-1.0181,-0.96683,-0.86245,-0.82766,-0.86886,-1.0245,-1.3019,-1.5207,-1.3587,-1.6178,-1.7322,-1.8915
-1.8961,-1.8394,-1.8824,-1.9785,-1.919,-1.8476,-1.9016,-1.9071,-1.9181,-1.8769,-1.9803,-1.9117,-1.9172,-1.8247,-1.757,-1.691,-1.7222,-1.713,-1.7808,-1.8403,-1.7185,-1.6718,-1.6791,-1.5821,-1.5152,-1.4557,-1.5455,-1.5528,-1.4832,-1.5134,-1.4978,-1.5555,-1.5885,-1.6361,-1.8696,-2.1314,-2.331,-2.4747,-2.6579,-2.8574,-2.9225,-1.7743,-1.7524,-1.7753,-1.7707,-1.7771,-1.7853,-1.7862,-1.7624,-1.7194,-1.6462,-1.6041,-1.6004,-1.5564,-1.4942,-1.4539,-1.3981,-1.3706,-1.2488,-1.0978,-0.9595,-0.91922,-0.95492,-1.0566,-1.3678,-1.4045
-1.3001,-1.3587,-1.6178,-1.7963,-1.68,-1.5665,-1.6791,-1.7478,-1.7963,-1.8567,-1.8787,-1.9034,-1.9318,-1.9446,-1.8952,-1.8961,-1.8183,-1.767,-1.7423,-1.7945,-1.6919,-1.6965,-1.7396,-1.789,-1.8119,-1.8082,-1.9987,-1.9291,-1.8046,-1.5702,-1.5235,-1.6196,-1.6288,-1.616,-1.5748,-1.6205,-1.9108,-2.233,-2.461,-2.8465,-3.3656,-1.6553,-1.583,-1.4658,-1.409,-1.3953,-1.3083,-1.2168,-1.1444,-1.1335,-1.1142,-1.1032,-1.1783,-1.3321,-1.4383,-1.5033,-1.4676,-1.5125,-1.5894,-1.7121,-1.8448,-1.8979,-1.8183,-1.7862,-1.8229,-1.865
-1.7844,-1.854,-1.8448,-1.7844,-1.7368,-1.7222,-1.6636,-1.6279,-1.6736,-1.6279,-1.5482,-1.5125,-1.54,-1.4914,-1.5061,-1.5061,-1.4978,-1.4869,-1.4438,-1.4805,-1.5024,-1.4283,-1.4219,-1.3459,-1.4438,-1.54,-1.5345,-1.485,-1.5235,-1.6544,-1.7158,-1.7689,-1.7277,-1.6791,-1.8476,-2.0939,-2.3878,-2.5608,-2.7659,-2.9472,-2.9994,-1.7167,-1.7505,-1.8201,-1.8357,-1.8375,-1.8027,-1.7817,-1.7808,-1.7835,-1.7652,-1.7661,-1.7743,-1.7853,-1.8027,-1.7386,-1.615,-1.5162,-1.4722,-1.3981,-1.3184,-1.193,-1.0501,-0.91647,-0.7947,-0.67293
-0.64089,-0.74435,-0.91556,-1.0932,-1.2699,-1.4457,-1.5629,-1.8467,-1.8412,-1.7075,-1.9538,-2.006,-2.0884,-2.1397,-2.0673,-2.0325,-2.0472,-2.0014,-2.0289,-2.0032,-1.9831,-1.9117,-1.9062,-1.8824,-1.821,-1.843,-1.8183,-1.8448,-1.7954,-1.8201,-1.7982,-1.7835,-1.7661,-1.7386,-1.9437,-2.233,-2.3942,-2.5315,-2.8867,-3.09,-3.1294,-1.7551,-1.7908,-1.8091,-1.7689,-1.6874,-1.6031,-1.5903,-1.5958,-1.5802,-1.4832,-1.4182,-1.4118,-1.3697,-1.2955,-1.2488,-1.1609,-1.203,-1.2387,-1.2497,-1.3404,-1.4173,-1.4045,-1.4438,-1.5363,-1.6462
-1.7945,-1.8366,-1.8741,-1.8421,-1.8467,-1.8046,-1.7817,-1.7908,-1.7258,-1.6947,-1.756,-1.7762,-1.6947,-1.7615,-1.7377,-1.7121,-1.6599,-1.6947,-1.713,-1.7844,-1.7286,-1.6892,-1.6654,-1.6068,-1.6324,-1.6324,-1.6507,-1.6791,-1.6791,-1.7295,-1.7194,-1.702,-1.7698,-1.7304,-1.8394,-2.1397,-2.353,-2.4235,-2.5938,-2.8483,-2.9371,-1.8458,-1.843,-1.822,-1.8073,-1.8036,-1.7716,-1.7057,-1.6517,-1.5867,-1.5354,-1.5015,-1.464,-1.3981,-1.3285,-1.2452,-1.1609,-1.0492,-0.98697,-0.94852,-0.99429,-1.1637,-1.2543,-1.3175,-1.4017,-1.5473
-1.6663,-1.7579,-1.8137,-1.8531,-1.7844,-1.7368,-1.8531,-1.876,-1.7908,-1.7789,-1.778,-1.746,-1.7139,-1.6663,-1.6874,-1.6929,-1.6599,-1.6727,-1.6691,-1.6855,-1.6828,-1.6031,-1.6095,-1.637,-1.5812,-1.5748,-1.5299,-1.5326,-1.5445,-1.4814,-1.4878,-1.485,-1.474,-1.4274,-1.5189,-1.6443,-1.8806,-2.1287,-2.4729,-2.8071,-3.1596,-1.6453,-1.5839,-1.5656,-1.507,-1.4017,-1.3211,-1.2534,-1.2653,-1.2726,-1.2012,-1.0593,-0.965,-0.91464,-1.0108,-1.2168,-1.3797,-1.4292,-1.5857,-1.6617,-1.7972,-1.8906,-1.9263,-1.9932,-1.9767,-1.9602
-2.0408,-1.9611,-1.9364,-1.8,-1.8723,-1.9272,-1.8064,-1.7515,-1.7817,-1.7881,-1.8091,-1.7295,-1.7505,-1.7615,-1.6755,-1.7194,-1.7249,-1.7093,-1.7011,-1.7267,-1.7524,-1.6892,-1.5116,-1.4539,-1.4814,-1.453,-1.4136,-1.4869,-1.5143,-1.561,-1.5354,-1.5967,-1.626,-1.7707,-2.027,-2.3136,-2.4729,-2.6295,-2.787,-2.895,-2.9518,-1.7505,-1.7588,-1.7231,-1.7249,-1.735,-1.7817,-1.7936,-1.7835,-1.7927,-1.7487,-1.7432,-1.7167,-1.7615,-1.7432,-1.6929,-1.8146,-1.8732,-1.8192,-1.822,-1.8293,-1.811,-1.7954,-1.7734,-1.7652,-1.757
-1.8018,-1.8394,-1.7194,-1.6443,-1.496,-1.5665,-1.6379,-1.8375,-1.8256,-1.9538,-1.9721,-1.8503,-1.8082,-1.7048,-1.5647,-1.2607,-1.279,-1.5317,-1.68,-1.6507,-1.5922,-1.7322,-1.9593,-2.0042,-2.103,-2.5141,-2.6048,-2.6057,-2.5526,-2.2852,-1.7194,-1.8613,-2.3988,-2.0957,-1.8705,-2.0133,-2.1451,-2.2321,-1.7313,-2.3017,-2.689,-1.8558,-1.8412,-1.821,-1.832,-1.8155,-1.7798,-1.6947,-1.6114,-1.5372,-1.4686,-1.3724,-1.2937,-1.2223,-1.1252,-0.97049,-0.80294,-0.77456,-0.80935,-0.88626,-1.0337,-1.2882,-1.3953,-1.5198,-1.8421,-1.8943
-1.8357,-1.9556,-1.9959,-2.071,-2.0637,-2.0508,-2.0115,-1.9565,-1.8806,-1.9135,-1.8302,-1.8174,-1.745,-1.7551,-1.7707,-1.7432,-1.7176,-1.6892,-1.691,-1.6334,-1.5848,-1.5912,-1.5363,-1.4805,-1.4539,-1.4475,-1.4823,-1.4896,-1.5162,-1.5784,-1.6041,-1.5821,-1.6132,-1.6837,-1.9254,-2.2312,-2.4766,-2.5324,-2.7659,-2.9215,-2.938,-1.7652,-1.7624,-1.7002,-1.6343,-1.5775,-1.5317,-1.5033,-1.4676,-1.4109,-1.388,-1.3944,-1.4109,-1.3926,-1.2973,-1.1792,-1.204,-1.3065,-1.4621,-1.5812,-1.5867,-1.5574,-1.507,-1.5537,-1.691,-1.735
-1.691,-1.6196,-1.6746,-1.7789,-1.821,-1.7231,-1.7148,-1.7551,-1.7762,-1.6901,-1.6865,-1.7112,-1.7258,-1.6581,-1.6617,-1.6617,-1.6315,-1.5821,-1.6022,-1.6086,-1.5967,-1.6443,-1.7011,-1.5967,-1.5436,-1.4997,-1.551,-1.6782,-1.6416,-1.6425,-1.615,-1.5674,-1.6471,-1.6984,-1.8155,-2.1094,-2.4976,-2.711,-2.8904,-3.1422,-3.1651,-3.036,-2.8245,-2.483,-2.0911,-1.7661,-1.5381,-1.377,-1.279,-1.2049,-1.1252,-1.1893,-1.3486,-1.4686,-1.6791,-1.778,-1.9703,-2.0371,-2.0582,-1.9611,-1.843,-1.6855,-1.615,-1.5189,-1.4429,-1.4292
