-1.3428,3.5401,7.9348,8.301,9.888,10.498,11.597,14.161,16.724,17.335,13.672,9.888,10.987,16.358,24.293,28.443,37.965,46.144,45.412,38.82,29.054,18.799,4.0284,1.3428,1.4649,-10.01,-23.804,-26.856,-24.781,-21.729,-17.701,-12.818,-3.296,2.0753,6.1037,14.039,19.532,21.729,21.851,17.212,10.254,3.0519,-1.3428,-2.4415,-5.4933,-6.4699,-7.5686,-9.7659,-11.475,-13.672,-13.672,-20.508,-14.893,-11.597,-15.259,-16.846,-13.794,-11.841,-10.62,-9.0335,-7.5686,-6.8361,-7.2024,-8.6673,-6.592,-41.017
-48.341,-51.149,-54.567,-56.154,-51.393,-44.191,-34.059,-19.532,2.1973,26.002,38.82,47.365,38.209,26.124,27.223,37.599,36.012,38.82,41.139,31.373,23.438,22.95,24.781,26.612,31.129,36.866,38.087,36.012,31.861,27.833,23.194,19.41,15.137,11.963,6.8361,1.587,-5.2492,-16.602,-30.396,-41.749,-48.219,-49.318,-48.952,-49.196,-46.999,-48.585,-44.191,-33.204,-30.519,-31.861,-31.739,-31.007,-27.345,-19.654,-11.475,-6.1037,-2.4415,-0.4883,-2.6856,-8.179,-10.376,-10.01,-6.2258,0,4.3947,0
-2.1973,-3.7843,-6.3478,-9.888,-13.184,-16.48,-20.142,-23.438,-26.002,-26.002,-29.908,-25.88,-21.363,-26.978,-33.692,-36.5,-38.942,-39.552,-39.552,-39.43,-37.233,-34.181,-32.35,-26.856,-9.1556,6.2258,11.841,14.527,11.963,12.452,13.672,18.555,26.734,30.641,32.228,28.809,22.828,17.701,14.161,7.8127,0.73244,4.883,9.2776,8.0569,5.4933,3.7843,4.883,6.1037,4.0284,0.97659,-3.5401,-9.0335,-13.55,-16.968,-21.241,-24.659,-27.589,-29.298,-30.885,-30.519,-27.345,-22.217,-18.799,-17.457,-14.283,-22.584
-25.636,-29.176,-30.03,-29.42,-28.565,-26.856,-24.537,-24.049,-22.95,-21.119,-18.677,-14.649,-11.963,-12.329,-14.405,-17.457,-21.485,-22.34,-17.579,-18.067,-18.799,-16.602,-15.503,-20.264,-21.851,-12.574,1.9532,24.659,37.843,32.472,28.565,32.105,33.937,33.57,31.861,25.147,24.171,25.391,20.997,13.55,1.9532,-7.8127,-13.672,-10.62,-2.0753,8.4231,18.067,20.875,19.654,12.818,15.015,17.09,7.3244,-1.9532,-7.8127,-14.771,-17.579,-18.921,-21.119,-23.438,-26.002,-25.88,-24.293,-21.119,-15.137,0.12207
-1.709,-3.1739,-5.6154,-7.5686,-6.1037,-4.1505,-1.4649,1.709,1.587,-3.296,0.97659,11.109,15.381,20.02,14.283,1.4649,-11.841,-19.776,-23.56,-26.246,-22.95,-14.771,-1.9532,10.132,23.194,32.472,17.09,4.6388,2.9298,18.433,39.552,49.318,44.191,30.641,20.142,15.137,14.161,11.841,-0.4883,-2.8077,0.36622,-2.5636,-5.2492,-2.8077,2.1973,7.2024,9.2776,10.987,11.353,6.4699,1.4649,-2.4415,-5.6154,-7.8127,-8.9114,-7.3244,-3.9064,0.85452,6.3478,10.132,11.109,10.376,9.5218,9.0335,8.0569,-3.7843
-3.1739,-2.4415,-1.9532,-1.587,-0.36622,0,-0.4883,-2.8077,-6.3478,-9.888,-13.062,-15.259,-15.503,-15.381,-13.062,-7.3244,-3.4181,4.7609,8.7893,14.527,17.212,14.039,9.5218,5.4933,3.5401,8.5452,10.743,14.893,18.067,14.649,10.01,11.475,18.921,23.316,22.828,19.41,16.358,19.654,24.537,25.88,28.565,26.002,16.48,6.8361,1.3428,-5.9816,-8.4231,-9.2776,-17.579,-22.462,-25.88,-28.321,-26.246,-28.321,-31.129,-32.105,-29.664,-25.513,-20.997,-15.381,-9.888,-4.883,0.24415,8.7893,20.875,0.12207
0,1.0987,1.9532,2.6856,2.4415,0.73244,-1.9532,-3.5401,-3.1739,-3.0519,-3.7843,-4.0284,-4.883,-12.94,-10.865,-8.9114,-20.142,-25.758,-24.659,-21.851,-15.87,-7.8127,-2.0753,0.85452,1.0987,3.4181,7.5686,15.748,17.945,19.532,16.114,19.532,22.828,23.804,22.217,16.114,9.0335,4.883,1.2207,-0.97659,-3.6622,-3.296,-4.3947,1.709,4.7609,-0.24415,-11.109,-22.706,-32.35,-38.209,-39.918,-38.82,-36.378,-32.228,-25.636,-15.992,-8.0569,-3.6622,0.61037,4.883,8.301,11.841,17.701,26.002,32.96,-15.87
-16.114,-16.724,-15.748,-15.625,-17.09,-17.823,-19.166,-19.654,-19.776,-20.631,-20.508,-20.875,-22.095,-21.119,-13.794,-6.592,-0.4883,3.0519,4.7609,6.2258,4.1505,6.2258,8.301,7.4465,15.015,31.251,49.44,55.91,55.788,38.697,18.189,-0.61037,-4.883,-0.61037,7.8127,12.818,10.376,9.1556,7.9348,-0.4883,-11.353,-17.823,-18.433,-16.114,-9.888,-0.97659,7.0803,11.231,7.4465,1.3428,-2.9298,-4.3947,-7.5686,-8.4231,1.0987,5.3713,3.6622,5.2492,6.3478,6.4699,8.0569,8.5452,7.6907,8.6673,9.6438,5.3713
7.8127,4.2726,-3.1739,-9.0335,-14.771,-14.527,-14.893,-20.142,-25.636,-21.485,-15.992,-15.259,-11.841,-5.7375,3.1739,19.532,27.711,33.448,33.692,23.194,9.3997,3.296,-5.005,-5.9816,-5.1271,0.97659,10.254,19.654,23.316,16.48,4.1505,-3.4181,-13.306,-26.246,-33.204,-28.321,-22.95,-10.498,-14.405,-21.729,-22.462,-22.462,-14.649,-5.005,0.61037,-2.1973,0.73244,5.9816,10.743,10.254,2.8077,-3.296,1.8311,5.6154,6.7141,9.7659,3.296,-6.7141,-11.353,-17.945,-25.758,-31.739,-30.274,-34.059,-30.274,-9.6438
-13.672,-7.0803,-6.2258,-8.6673,-8.7893,-11.475,-13.428,-17.212,-21.363,-26.612,-32.35,-36.378,-38.087,-37.233,-33.082,-28.443,-22.217,-16.846,-10.132,-6.1037,-3.5401,5.6154,9.6438,18.433,42.848,72.268,90.945,95.584,112.06,113.04,92.654,65.065,44.435,23.56,16.602,20.631,21.241,11.719,-5.005,-20.02,-30.519,-30.152,-21.729,-15.503,-8.9114,-2.9298,0,1.0987,1.0987,1.4649,-0.24415,-0.73244,-2.0753,-2.9298,-8.7893,-11.597,-0.36622,2.6856,1.4649,3.296,2.4415,0.85452,-0.12207,-1.4649,-2.8077,-5.4933
-7.0803,-7.0803,-8.179,-8.9114,-9.5218,-9.6438,-10.254,-11.841,-14.405,-17.457,-17.09,-16.846,-17.579,-21.119,-24.293,-23.804,-24.171,-24.293,-21.973,-21.607,-20.508,-16.236,-5.6154,0.4883,11.353,34.913,52.736,58.962,55.788,45.656,38.087,41.627,53.835,63.967,67.507,62.258,47.975,41.261,45.9,47.365,45.534,40.407,33.326,29.908,30.763,28.443,24.903,23.804,26.124,28.321,19.166,19.41,18.189,6.7141,-4.883,-18.799,-30.152,-36.988,-40.162,-38.82,-36.256,-34.181,-32.35,-27.833,-23.682,5.3713
9.1556,9.3997,9.1556,9.3997,9.2776,10.743,9.1556,7.9348,6.4699,4.7609,3.1739,0.73244,-0.85452,-1.4649,-3.296,-4.0284,-3.0519,-1.587,-7.4465,-4.7609,1.3428,-1.9532,-2.4415,-0.97659,4.5167,12.452,12.207,5.7375,-3.9064,-0.73244,3.7843,8.301,16.358,13.184,7.3244,2.1973,-2.5636,-11.719,-12.085,-17.823,-21.607,-21.607,-15.625,-9.1556,0.4883,0.36622,12.207,23.682,22.34,24.537,22.462,18.677,10.743,3.4181,-2.3194,-6.3478,-7.8127,-6.9582,-3.7843,-3.7843,-6.2258,-7.2024,-8.301,-10.865,-13.55,-15.259
-14.893,-15.137,-15.015,-12.94,-15.625,-19.776,-24.659,-27.345,-27.589,-26.124,-22.584,-17.335,-13.794,-10.865,-9.888,-9.2776,-11.597,-7.0803,5.005,5.6154,1.9532,-1.587,-7.2024,-10.62,-11.231,-9.2776,-3.5401,7.4465,23.316,43.458,58.107,61.769,40.04,29.542,30.763,32.35,41.139,53.224,55.422,49.684,40.651,38.209,33.326,25.513,26.734,31.983,26.612,21.485,18.433,11.597,6.2258,3.1739,1.587,-1.709,-2.3194,-0.73244,0,2.4415,4.1505,2.6856,-2.9298,-10.743,-17.823,-21.607,-20.631,4.2726
3.4181,1.8311,1.0987,3.1739,7.0803,9.5218,7.8127,4.1505,0.36622,-6.7141,-14.283,-18.311,-26.002,-33.692,-31.251,-32.716,-37.355,-38.575,-38.942,-38.942,-35.646,-32.105,-26.734,-15.381,2.4415,13.062,21.729,26.368,23.927,8.6673,-2.8077,-9.1556,1.587,14.649,25.391,29.664,25.88,18.433,11.231,3.6622,-3.5401,1.4649,3.4181,-3.4181,-9.2776,-16.724,-23.194,-26.368,-25.513,-21.363,-15.381,-7.6907,1.8311,8.6673,10.254,7.9348,6.8361,6.2258,8.4231,14.405,21.851,26.49,29.42,30.152,28.321,8.9114
6.7141,2.9298,-1.9532,-5.2492,-5.7375,-5.8596,-6.4699,-6.7141,-6.592,-6.8361,-5.6154,-3.296,-8.0569,-8.4231,-1.9532,-4.1505,-9.3997,-11.841,-10.498,-8.9114,-9.2776,-8.4231,-8.301,-4.7609,8.0569,21.363,36.866,42.238,30.152,17.212,19.166,18.189,25.025,35.89,45.656,47.365,39.796,27.345,22.34,15.992,8.179,14.039,14.527,11.109,9.888,8.4231,8.7893,3.4181,-4.3947,-8.4231,-13.55,-16.48,-15.87,-11.475,-2.1973,-1.587,-5.3713,-7.3244,-6.1037,-5.9816,-7.4465,-8.6673,-7.3244,-8.6673,-10.132,-2.3194
-3.7843,-5.1271,-6.9582,-7.4465,-6.4699,-4.6388,-2.9298,-3.5401,-5.6154,-8.0569,-7.9348,-6.9582,-7.5686,-8.6673,-10.987,-14.405,-17.212,-19.532,-22.217,-22.34,-20.508,-18.677,-14.893,-13.184,-15.137,-7.2024,3.7843,13.55,13.55,6.1037,-8.0569,-22.584,-22.95,-14.405,-0.24415,11.719,18.799,15.015,5.6154,2.4415,3.5401,2.8077,-0.61037,-3.296,-7.0803,-8.179,-8.6673,-11.353,-11.719,-10.743,-9.888,-8.301,4.1505,5.1271,-0.24415,-1.2207,-0.73244,1.0987,4.1505,6.8361,7.8127,9.3997,12.574,16.846,19.532,6.1037
4.5167,2.9298,2.8077,3.296,2.9298,1.9532,0.97659,0.85452,1.8311,4.5167,4.883,4.2726,2.9298,1.9532,3.7843,5.6154,5.005,3.296,0.73244,-1.3428,-3.0519,-7.2024,-17.945,-15.992,-9.2776,-12.207,-11.231,-3.9064,-0.85452,1.9532,-2.4415,-18.677,-28.077,-23.804,-1.709,23.804,46.632,54.689,48.097,33.57,17.335,5.2492,0.24415,1.0987,6.7141,10.254,11.597,8.179,2.6856,-9.1556,-6.4699,-5.7375,-15.137,-15.625,-15.625,-14.039,-12.085,-11.841,-13.062,-13.428,-12.574,-11.109,-9.7659,-3.6622,3.9064,-7.6907
-6.9582,-6.3478,-6.9582,-6.9582,-8.6673,-9.3997,-10.376,-11.963,-13.184,-14.405,-18.921,-23.194,-27.345,-29.786,-29.786,-27.589,-31.739,-24.903,-14.161,-14.649,-14.283,-13.428,-12.085,-4.6388,-1.2207,5.8596,4.5167,-8.0569,-21.851,-26.978,-29.054,-16.114,-0.73244,10.987,15.015,12.452,3.9064,-7.4465,-14.649,-19.288,-19.898,-16.358,-10.987,-11.719,-9.3997,0.24415,-1.0987,-3.9064,-4.5167,-7.4465,-6.7141,-3.5401,-0.61037,1.709,2.1973,2.9298,6.2258,10.498,20.02,27.955,32.35,32.472,31.861,30.03,28.565,-11.109
-16.846,-18.677,-10.254,-10.865,-13.55,-14.771,-15.503,-15.87,-16.236,-17.823,-19.776,-22.34,-23.438,-23.072,-21.363,-15.992,-12.818,-10.498,-9.0335,-9.6438,-9.2776,-7.0803,-0.36622,16.602,28.321,46.266,59.816,35.768,-5.7375,-23.194,-31.007,-27.833,-11.963,3.7843,17.09,21.363,15.381,0.85452,-14.283,-23.072,-27.589,-29.054,-22.828,-13.184,-3.7843,0.36622,-1.709,-5.8596,-8.7893,-10.376,-12.696,-14.893,-12.085,-5.7375,-3.7843,-4.2726,6.1037,8.179,9.0335,16.846,24.049,27.1,27.589,26.49,24.415,9.0335
7.2024,2.5636,8.0569,11.841,10.254,9.7659,8.4231,7.4465,7.6907,8.179,8.7893,9.5218,8.7893,6.9582,5.6154,7.6907,11.719,19.898,28.687,33.082,31.129,25.636,18.677,12.696,4.2726,-0.73244,-0.4883,-10.254,-28.199,-20.264,-13.184,-14.771,-9.1556,1.0987,15.381,26.856,29.298,25.758,26.368,26.734,22.34,17.945,16.724,12.085,8.0569,5.8596,3.0519,0.73244,-2.0753,-6.1037,-8.0569,-13.062,-19.776,-30.274,-39.674,-51.881,-48.097,-45.045,-49.44,-50.172,-54.201,-58.596,-60.305,-60.183,-57.375,4.3947
5.7375,6.1037,5.3713,5.8596,6.592,6.592,5.6154,5.7375,-2.4415,-3.296,-1.2207,-12.329,-20.753,-24.537,-26.612,-26.124,-25.758,-24.415,-21.241,-15.015,-7.2024,-0.61037,7.0803,13.55,23.56,23.072,12.574,1.0987,-1.587,4.6388,15.381,29.664,43.703,50.295,43.092,21.729,15.381,12.329,2.6856,-0.36622,-0.85452,2.1973,3.9064,1.587,1.4649,7.2024,12.818,17.212,19.41,14.161,7.0803,-6.1037,-18.555,-27.589,-35.768,-43.825,-49.684,-51.149,-49.684,-46.144,-38.942,-29.908,-28.687,-14.161,-2.6856,-1.709
0.36622,-0.61037,-2.6856,-2.8077,-5.9816,-13.55,-20.02,-22.706,-19.044,-10.01,2.0753,11.597,21.485,35.646,51.515,60.549,69.338,73.244,78.982,83.499,84.231,86.55,76.418,65.676,69.338,63.601,53.835,46.388,36.5,26.002,15.87,7.4465,0.61037,-5.7375,-11.109,-14.039,-15.259,-13.672,-15.259,-15.503,-14.283,-11.963,-8.179,-4.2726,1.4649,5.9816,7.3244,8.7893,9.5218,3.296,7.5686,15.625,15.137,12.818,10.62,10.987,9.5218,7.5686,3.5401,-2.0753,-6.8361,-7.9348,-3.0519,3.0519,6.1037,6.2258
5.4933,3.4181,-1.9532,-10.987,-19.044,-21.851,-22.584,-22.584,-21.485,-23.927,-20.508,-8.5452,-5.8596,-2.8077,0.36622,1.709,3.1739,2.9298,-1.587,-11.719,-21.729,-27.223,-35.768,-43.458,-52.492,-61.159,-67.507,-75.564,-79.958,-79.348,-77.151,-73.733,-70.315,-64.211,-55.666,-46.144,-39.918,-31.251,-21.241,-12.574,0.85452,8.7893,15.748,23.927,33.937,36.866,24.293,10.498,5.005,7.2024,-5.6154,4.7609,16.846,23.927,29.42,26.734,27.1,26.002,20.264,18.311,24.049,22.217,16.846,15.015,18.433,18.555
11.963,5.9816,2.5636,1.4649,-1.4649,-6.3478,-9.888,-11.353,-12.696,-11.475,-6.592,0.85452,5.4933,4.2726,1.9532,1.0987,5.3713,20.997,33.937,40.284,41.871,39.308,33.57,26.246,18.433,11.719,5.4933,1.2207,-1.3428,-11.109,-12.574,-12.085,-15.381,-20.264,-22.34,-22.584,-22.584,-21.851,-21.119,-18.311,-16.724,-11.963,-8.7893,-7.8127,-7.9348,-8.179,-8.5452,-8.301,-7.3244,-6.1037,-3.296,-9.1556,-10.254,-4.1505,-4.7609,-5.2492,-6.1037,-6.4699,-6.2258,-5.8596,-6.2258,-3.5401,0.24415,3.9064,8.9114,10.865
10.865,9.6438,8.7893,7.4465,6.8361,7.4465,5.4933,-2.5636,-4.2726,-4.3947,-7.3244,-14.771,-20.997,-22.828,-19.898,-16.48,-14.039,1.9532,2.1973,0.36622,-2.0753,-4.6388,-6.3478,-8.301,-8.9114,-5.9816,-8.9114,-10.132,-4.1505,-1.2207,-3.6622,-6.2258,-6.4699,-6.2258,-6.592,-11.353,-20.508,-25.147,-26.734,-23.927,-20.997,-18.921,-18.311,-13.55,-6.9582,-4.6388,-3.6622,-3.7843,-3.7843,-7.0803,-4.0284,-5.7375,1.8311,10.865,16.724,14.283,7.3244,1.9532,-3.0519,-9.0335,-14.771,-18.067,-17.945,-18.189,-18.433,-16.358
-12.696,-6.592,-3.6622,-1.709,0.4883,-5.005,-3.296,4.2726,6.2258,8.4231,11.109,12.94,14.527,14.893,14.893,17.579,16.846,21.485,11.353,6.2258,-0.61037,-9.2776,-18.067,-13.794,-3.0519,-0.61037,-2.4415,-8.179,-13.672,-17.579,-19.532,-20.508,-18.433,-17.212,-14.405,-13.672,-13.672,-13.062,-12.818,-11.841,-10.743,-9.888,-8.5452,-7.8127,-7.2024,-12.94,-12.574,-5.8596,-5.7375,-7.6907,-8.6673,-10.132,-10.865,-10.254,-9.2776,-8.5452,-7.3244,-7.9348,-8.0569,-9.3997,-11.353,-17.335,-23.438,-16.968,-18.311,-22.584
-21.119,-15.625,-11.719,-5.8596,6.2258,15.381,19.41,22.095,23.804,23.316,19.288,11.597,5.2492,8.0569,10.987,3.9064,-4.5167,-2.8077,-1.2207,-2.5636,-5.6154,-2.8077,-5.3713,-10.254,-14.161,-19.044,-22.706,-24.903,-26.002,-28.565,-31.739,-35.401,-35.89,-33.326,-29.42,-25.269,-20.997,-19.288,-16.358,-11.719,-10.498,-7.5686,-4.3947,-5.005,-6.4699,2.8077,6.9582,5.1271,4.883,3.0519,0.12207,-3.296,-8.179,-12.207,-13.916,-15.137,-9.888,-6.1037,-6.8361,-8.7893,-10.132,-12.207,-12.818,-14.649,-14.771,-12.696
-6.7141,-3.296,-4.2726,0.61037,6.7141,4.883,4.2726,5.4933,8.6673,12.207,11.841,11.353,9.0335,4.3947,4.2726,3.7843,0.24415,7.3244,5.005,13.916,15.259,14.283,10.743,5.3713,-0.85452,-6.2258,-11.353,-15.015,-17.212,-15.381,-12.818,-11.353,-10.865,-10.865,-12.574,-11.475,-11.109,-10.743,-8.4231,-4.7609,-6.7141,-10.62,-6.592,-8.4231,-10.01,-11.719,-13.306,-14.039,-12.452,-10.62,-9.0335,-7.8127,-9.2776,-8.0569,-7.6907,-6.9582,-5.2492,-4.0284,-3.6622,-4.883,-4.0284,-3.0519,-2.3194,2.4415,4.1505,5.4933
10.132,11.475,8.6673,9.3997,11.841,10.865,9.5218,9.1556,7.4465,2.0753,-3.9064,-7.6907,-12.207,-6.3478,-4.7609,-7.8127,-17.335,1.0987,0.73244,1.709,0.4883,-5.2492,-12.452,-13.062,-9.2776,-6.9582,-2.9298,2.9298,6.1037,-0.73244,-6.1037,0.4883,10.62,10.01,10.376,13.916,8.7893,1.9532,-10.743,-12.452,-11.231,-13.916,-14.039,-11.109,-17.823,-14.405,-8.301,-10.865,-8.5452,-7.4465,-10.01,-11.719,-11.719,-10.498,-8.9114,-10.987,-11.231,-13.306,-16.48,-7.6907,-14.771,-11.353,-10.132,-8.6673,-7.0803,-7.5686
-9.1556,-14.039,-12.085,0.97659,7.5686,9.6438,12.818,13.428,13.306,12.329,9.888,8.179,7.6907,6.7141,9.2776,12.329,15.992,-1.709,-6.8361,-11.353,-14.893,-17.457,-18.433,-18.433,-16.968,-15.992,-13.916,-10.62,-6.1037,-8.6673,-7.4465,0.4883,2.6856,1.0987,0.61037,-0.73244,-3.1739,-4.3947,-4.5167,-4.0284,-2.3194,-1.4649,-0.97659,-0.4883,-1.2207,-2.3194,-3.4181,-5.005,-3.7843,-3.9064,-8.5452,-11.231,-12.207,-6.4699,2.3194,4.5167,5.4933,4.0284,1.9532,1.0987,1.4649,2.8077,4.883,6.3478,7.5686,8.7893
9.2776,11.109,15.259,21.485,24.659,25.758,24.537,17.335,6.9582,-1.3428,-3.4181,-8.179,-15.87,-22.584,-25.147,-23.072,-20.875,19.044,20.142,18.067,17.212,16.968,17.212,18.067,18.921,20.386,20.508,19.898,17.457,15.259,12.207,11.109,8.6673,5.005,-2.0753,-6.8361,-8.4231,-8.5452,-13.062,-16.236,-11.963,-14.161,-15.992,-10.01,-13.428,-15.748,-20.508,-21.485,-16.358,-14.405,-13.428,-12.818,-11.109,-7.6907,-7.0803,-11.963,-15.503,-17.457,-17.457,-15.015,-10.62,-8.6673,-6.1037,2.6856,3.4181,-3.6622
-6.2258,-5.7375,-5.6154,-3.0519,-2.5636,-3.1739,-3.6622,-1.0987,0.73244,1.3428,1.8311,3.1739,2.1973,-1.4649,-5.6154,-4.1505,-22.217,-20.875,-24.171,-22.95,-14.405,-11.109,-11.353,-11.963,-11.231,-10.254,-9.2776,-7.8127,-6.4699,-6.8361,-6.2258,-6.1037,-6.592,-7.4465,-8.301,-7.4465,-6.4699,-5.4933,-4.883,-4.1505,-3.1739,-8.301,-6.8361,-0.73244,-1.2207,-3.1739,-4.2726,-5.8596,-7.0803,-6.4699,-5.6154,-5.4933,-5.4933,-4.2726,-4.0284,-4.883,-4.1505,-4.6388,-2.9298,1.2207,5.8596,5.8596,4.0284,0.12207,-5.7375,-1.9532
4.7609,9.888,12.085,11.963,10.62,9.3997,3.6622,-3.1739,-6.4699,-9.0335,-13.672,-14.893,-18.433,-30.763,-42.482,-45.9,7.2024,8.179,10.254,14.039,12.696,13.916,19.654,19.166,17.701,16.358,15.748,14.283,13.306,11.719,10.865,7.9348,8.0569,9.3997,11.597,13.062,13.184,14.649,16.846,15.015,14.527,8.9114,-1.9532,-17.701,-18.921,-15.381,-15.503,-14.405,-14.893,-12.085,-7.9348,-5.2492,-4.883,-6.3478,-9.7659,-11.597,-13.672,-14.527,-14.283,-12.085,-11.719,-12.452,-13.916,-10.376,-8.4231,-9.6438
-15.503,-15.015,-10.498,-13.306,-13.062,-10.376,-9.3997,-10.62,-10.132,-6.4699,-2.9298,-1.4649,0.24415,-0.4883,-1.3428,-0.24415,10.254,9.3997,7.0803,7.4465,9.3997,9.7659,12.818,13.428,15.137,13.184,7.5686,0.24415,-6.2258,-9.7659,-13.428,-14.527,-14.283,-12.94,-11.597,-16.48,-14.649,-7.9348,-10.498,-10.132,-10.254,-9.888,-9.1556,-8.179,-6.7141,-4.7609,-5.005,-6.1037,-7.2024,-8.5452,-9.7659,-9.2776,-8.179,-6.8361,-5.8596,-5.3713,-3.1739,-3.7843,-4.883,2.4415,7.6907,9.7659,9.7659,9.6438,9.7659,8.4231
6.1037,3.6622,2.9298,1.0987,-1.587,-1.8311,1.0987,3.5401,-5.4933,-20.631,-37.111,-39.43,-28.687,-15.748,-20.631,-24.415,11.353,3.5401,-3.7843,-10.01,-15.87,-20.386,-22.828,-22.584,-20.142,-19.898,-21.119,-20.875,-20.631,-25.758,-23.194,-22.34,-24.537,-27.955,-31.373,-33.448,-35.157,-32.716,-28.199,-27.345,-24.659,-21.729,-20.875,-19.654,-15.259,-7.9348,0.36622,7.2024,10.254,9.3997,10.01,9.2776,10.62,18.311,18.555,14.527,8.7893,11.109,11.353,13.062,18.799,19.654,20.386,21.485,21.973,21.485
17.212,11.231,7.4465,0,-5.2492,-9.2776,-11.597,-11.109,-12.574,-12.329,-4.3947,-6.3478,-5.6154,-5.2492,-4.7609,-5.7375,-6.1037,-1.3428,1.8311,10.743,16.724,17.335,12.085,6.3478,1.709,-5.3713,-12.696,-20.997,-30.274,-38.697,-54.445,-63.112,-68.239,-66.164,-65.31,-64.455,-61.892,-58.596,-53.591,-49.928,-47.121,-44.313,-43.092,-36.378,-32.472,-30.152,-26.368,-21.851,-20.142,-15.87,-10.01,-4.5167,1.3428,0.36622,7.6907,12.207,10.987,14.039,13.55,15.748,16.48,17.335,16.724,17.09,19.044,22.95
24.659,23.194,21.851,19.898,20.142,20.875,20.142,18.799,20.264,14.039,11.719,15.625,14.161,11.841,10.987,11.963,18.067,24.903,35.157,48.708,54.811,58.84,56.52,51.881,44.313,41.261,41.505,34.913,23.072,8.9114,1.2207,4.0284,0.36622,3.9064,6.7141,0.73244,-5.3713,-10.376,-13.672,-13.062,-11.109,-8.7893,-6.8361,-5.8596,-4.7609,-4.0284,-4.3947,-3.296,-2.5636,-1.709,-1.0987,-1.709,-3.1739,-2.5636,-4.5167,-8.301,-6.2258,-9.888,-13.428,-16.114,-15.259,-13.672,-12.94,-11.841,-14.893,-15.137
-11.963,-10.132,-9.6438,-11.597,-17.945,-15.015,-15.015,-17.701,-19.166,-14.283,-9.7659,-7.5686,-2.6856,8.9114,10.132,6.7141,5.1271,5.4933,4.3947,3.296,2.6856,-0.61037,-3.6622,-0.12207,5.4933,9.5218,10.62,7.8127,1.3428,-0.61037,0.97659,-1.3428,-4.7609,-6.2258,-12.085,-10.498,-1.0987,-0.36622,-3.9064,-5.2492,-6.1037,-3.6622,0,4.1505,4.1505,4.7609,4.0284,1.709,-1.4649,-4.1505,-5.9816,-7.4465,-8.7893,-8.9114,-9.0335,-7.4465,-7.9348,-11.231,-6.9582,-0.4883,-0.61037,-0.61037,-1.0987,-2.3194,-2.1973,-1.4649
0.61037,0,0.73244,0.4883,0.85452,0.24415,0,0.4883,0,0.36622,-0.36622,-0.61037,1.0987,-3.296,0,5.8596,5.2492,0.36622,-0.4883,3.296,6.8361,8.7893,9.7659,10.865,9.888,9.888,7.6907,5.6154,4.5167,3.9064,3.5401,4.6388,7.0803,10.254,14.893,16.724,13.062,17.457,23.072,25.636,23.56,17.823,10.62,3.1739,-1.3428,-4.5167,-21.241,-22.34,-22.217,-20.264,-19.288,-18.311,-17.579,-17.09,-15.87,-15.87,-15.992,-14.527,-18.311,-18.799,-10.498,-11.109,-14.405,-18.433,-21.607,-22.462
-23.682,-23.682,-22.584,-22.706,-20.264,-14.527,-13.794,-11.475,-11.109,-10.62,-9.0335,-5.005,-4.2726,-1.709,0.24415,-0.97659,6.592,11.963,8.0569,6.2258,8.179,11.109,12.94,11.597,11.353,7.0803,7.3244,4.0284,-0.36622,-1.709,-2.8077,-4.6388,-4.5167,-8.301,-13.306,-19.532,-16.968,-19.288,-17.945,-14.527,-14.527,-15.381,-14.771,-15.259,-15.625,-13.184,-6.2258,1.3428,1.709,0.85452,-0.12207,-1.4649,-2.1973,-3.296,-3.4181,-3.1739,-6.7141,-8.0569,-5.8596,-1.4649,-4.0284,-4.2726,-5.2492,-5.4933,-4.6388,-3.6622
-2.5636,-4.0284,-2.1973,-1.587,-1.2207,-1.9532,-2.3194,-2.1973,-1.4649,-0.4883,0.24415,2.4415,0.85452,-1.8311,3.4181,7.9348,4.7609,-1.3428,-5.005,-8.301,-11.353,-11.597,-7.2024,-2.1973,2.5636,3.4181,7.4465,8.7893,8.9114,6.2258,5.3713,4.1505,5.6154,7.2024,6.4699,0.61037,5.1271,4.0284,2.0753,7.5686,11.353,4.6388,-2.4415,-0.73244,2.4415,-2.1973,-6.3478,2.6856,3.6622,4.5167,3.9064,3.1739,2.5636,3.5401,5.7375,8.179,8.4231,10.62,7.0803,5.1271,9.6438,9.0335,6.2258,3.9064,0.85452,-0.61037
0.4883,4.0284,5.7375,4.1505,1.587,0.4883,0.4883,-2.9298,-8.6673,-11.841,-10.62,-10.132,-10.376,-11.109,-10.62,-11.475,-3.7843,-4.2726,-8.5452,-14.771,-15.015,-14.039,-15.381,-16.602,-14.405,-14.161,-11.597,-5.6154,-1.4649,-0.12207,-0.4883,-1.709,1.4649,1.0987,-3.296,-4.2726,-1.4649,-8.179,-1.3428,4.0284,5.005,6.9582,12.94,14.649,13.672,10.987,16.968,-10.987,-12.329,-13.428,-14.161,-12.94,-10.132,-16.114,-13.184,-7.8127,-7.0803,-7.3244,-7.3244,-7.0803,-6.592,-5.6154,-3.7843,-1.9532,-1.709,-1.0987
-1.0987,-2.1973,-3.296,-3.9064,-3.9064,-3.1739,-3.4181,-3.296,-0.61037,-5.6154,-4.6388,-1.2207,-0.4883,-3.9064,-11.719,-18.555,-18.921,-14.405,-9.1556,-3.0519,0.36622,0.4883,-1.9532,-4.883,-6.7141,-5.8596,-3.296,-2.1973,-1.2207,-2.3194,1.2207,-1.0987,-0.61037,3.9064,6.8361,6.9582,9.0335,8.9114,4.6388,1.8311,4.0284,0.12207,-9.2776,-19.166,-22.217,-26.368,-30.152,-4.1505,-5.3713,-9.3997,-7.2024,-9.6438,-6.8361,-10.62,-15.381,-19.044,-22.217,-25.636,-26.368,-25.391,-23.804,-19.776,-16.846,-17.823,-18.311,-19.898
-19.166,-19.288,-21.851,-24.537,-25.391,-16.236,-16.724,-22.34,-20.875,-17.823,-16.358,-10.865,-7.9348,-5.3713,-2.9298,-3.5401,-4.0284,-3.7843,-18.555,-14.161,-18.067,-13.062,-7.5686,-2.4415,1.9532,7.4465,9.3997,10.743,10.498,4.7609,5.2492,7.9348,10.01,5.6154,5.8596,4.5167,4.6388,2.9298,1.3428,-0.24415,-4.7609,-4.2726,-8.0569,-12.574,-16.846,-12.818,-8.0569,13.794,6.592,-0.61037,-6.4699,-10.01,-11.963,-13.306,-13.916,-13.184,-10.376,-13.55,-13.306,-11.109,-7.5686,-10.498,-10.254,-12.207,-12.818,-12.574
-10.987,-8.179,-7.9348,-7.0803,-8.179,-9.1556,-10.498,-10.376,-9.1556,-8.5452,-7.4465,-6.7141,-3.0519,-7.0803,-9.888,-7.6907,-2.8077,-2.4415,-0.36622,-0.4883,-0.85452,-1.4649,-2.6856,-3.296,-4.0284,-3.4181,-4.7609,-8.4231,-10.01,-8.301,-9.6438,-7.2024,-3.4181,6.4699,13.184,13.306,10.132,18.067,23.316,31.861,32.35,23.682,16.114,9.5218,5.2492,-3.9064,-15.625,-2.9298,-0.97659,-0.24415,-0.73244,-1.4649,-0.24415,1.9532,0.61037,-0.97659,-0.12207,0.36622,-2.0753,-2.6856,-5.4933,-3.5401,0.61037,0.61037,-0.61037,1.0987
1.9532,2.3194,3.0519,2.9298,4.1505,4.5167,5.1271,5.3713,4.883,1.709,-0.85452,-2.4415,-5.4933,-7.9348,-9.3997,-4.6388,-6.7141,-12.696,-11.231,-11.353,-12.207,-13.428,-13.916,-13.916,-14.161,-13.672,-13.306,-13.916,-11.109,-10.376,-11.353,-12.207,-10.376,-9.5218,-9.2776,-8.7893,-8.9114,-8.4231,-6.592,-8.4231,-13.062,-14.039,-13.55,-15.137,-12.94,-11.231,-9.2776,-8.5452,-7.5686,-7.3244,-7.3244,-8.0569,-7.9348,-6.9582,-4.3947,-10.132,-5.1271,0.12207,-1.9532,-3.0519,-4.6388,-4.883,-3.6622,-2.9298,-2.1973,-0.85452
-1.709,-0.36622,-0.61037,0.61037,0.73244,1.4649,2.1973,3.6622,4.0284,5.2492,6.3478,-1.2207,0.97659,7.5686,6.7141,5.8596,5.8596,3.296,4.7609,8.5452,8.179,13.306,21.851,24.293,23.316,25.147,25.025,25.636,27.467,29.298,27.345,16.358,7.0803,-0.97659,5.005,5.7375,-4.1505,-14.039,-16.846,-1.0987,-0.73244,-1.587,-3.296,-4.6388,-4.7609,-3.6622,-7.8127,-3.7843,-1.8311,-3.7843,-4.0284,-4.2726,-3.6622,-1.587,1.709,5.3713,7.8127,10.498,12.329,13.062,15.137,12.696,9.7659,9.888,7.2024,3.296
-0.12207,-2.4415,-6.592,-5.6154,-6.8361,-8.6673,-8.7893,-6.4699,-6.4699,-0.97659,-9.888,-9.3997,-9.7659,-5.2492,-6.3478,-9.5218,-3.7843,-3.0519,-5.3713,-3.0519,-1.2207,-1.8311,3.5401,6.9582,5.2492,4.3947,5.005,-0.61037,-7.4465,-6.1037,-4.0284,-1.9532,-3.0519,-5.8596,0.12207,2.5636,3.1739,0.97659,2.9298,-9.2776,-5.1271,-2.5636,-3.4181,-4.3947,-5.8596,-6.2258,-5.1271,-4.0284,-3.1739,-3.6622,-2.5636,-2.9298,-4.1505,-5.2492,-5.8596,-5.1271,-4.0284,-3.1739,-0.85452,-3.5401,-7.4465,-3.9064,1.4649,-0.73244,0.12207,-2.4415
-4.3947,-4.6388,-3.5401,-2.3194,-1.0987,-1.3428,-0.73244,-0.24415,0,1.0987,1.709,2.6856,3.1739,4.1505,5.8596,-0.61037,-0.36622,2.1973,1.2207,0.73244,-2.8077,0.61037,8.5452,16.48,22.706,25.269,22.095,23.072,20.508,19.898,21.363,21.851,19.41,15.503,12.207,8.179,-0.97659,-17.212,-14.405,5.9816,2.5636,0.4883,2.3194,-6.592,-1.9532,1.709,2.3194,0,-3.296,-7.5686,-10.132,-11.475,-12.207,-11.353,-10.376,-8.301,-7.8127,-7.9348,-7.9348,-7.4465,-7.2024,-7.3244,-6.592,-4.3947,-6.4699,-7.8127
-3.5401,-1.0987,-3.296,-3.4181,-4.883,-5.005,-4.1505,-4.1505,-3.7843,-5.2492,-6.4699,-5.9816,-5.3713,-6.592,-6.4699,-5.8596,-1.4649,-0.12207,4.5167,8.5452,8.0569,10.62,13.672,13.428,13.428,15.503,19.166,19.41,16.724,15.87,17.09,14.405,11.231,13.916,15.015,18.677,13.306,-2.1973,-17.701,7.4465,8.9114,10.254,10.498,10.743,10.376,12.329,9.2776,8.9114,13.55,11.231,10.254,6.9582,4.3947,2.1973,-1.2207,-3.6622,-7.0803,-9.7659,-11.475,-10.254,-9.888,-11.963,-13.55,-15.748,-15.259,-16.724
-11.597,-14.405,-14.771,-7.4465,-7.2024,-6.7141,-4.2726,-0.97659,4.883,-0.97659,2.4415,-2.9298,-0.36622,0.97659,7.0803,3.1739,-1.2207,-3.5401,-2.8077,-5.3713,-4.6388,-5.1271,-2.1973,-3.0519,-11.231,-8.7893,-9.7659,-15.381,-20.508,-19.654,-19.288,-15.992,-10.254,-8.5452,-2.6856,-5.4933,-5.2492,-9.7659,-6.592,-2.3194,-2.0753,-1.709,-2.4415,-2.4415,-2.3194,-2.1973,-4.2726,-3.9064,-4.5167,-4.2726,-6.1037,-5.6154,-5.005,-4.0284,-3.9064,-2.6856,-0.24415,-5.8596,-1.4649,3.4181,1.0987,-0.12207,-2.5636,-3.7843,-3.4181,-2.9298
-1.9532,-0.97659,-1.0987,-1.4649,-0.73244,-1.4649,-0.73244,0.4883,-2.1973,-6.3478,-6.4699,1.4649,-2.4415,-0.97659,4.5167,7.4465,5.8596,1.2207,-0.24415,1.3428,2.4415,3.0519,7.0803,10.987,16.236,18.433,18.677,19.41,19.166,21.363,21.973,22.706,17.945,5.4933,-3.296,0.61037,0.12207,-7.5686,-12.574,9.2776,7.9348,7.2024,7.3244,9.7659,4.883,8.179,10.376,7.5686,5.7375,3.0519,-0.36622,-3.6622,-5.9816,-8.5452,-13.916,-16.846,-17.212,-16.358,-14.771,-8.5452,-0.73244,3.0519,2.1973,-3.5401,-7.3244,-11.841
-6.1037,-13.428,-11.109,-14.405,-9.6438,-6.9582,-2.4415,-1.9532,-4.2726,-11.719,-11.231,-12.329,-10.498,-9.3997,-8.0569,-5.7375,-3.4181,-0.4883,-1.9532,2.8077,7.4465,5.3713,12.94,16.358,16.968,5.005,2.8077,-2.3194,-2.5636,-0.97659,-1.9532,3.6622,4.883,5.4933,4.0284,4.1505,3.5401,0.73244,-3.296,0.4883,-0.73244,-1.3428,-1.4649,-1.8311,-2.6856,-3.0519,-0.4883,-7.3244,-2.9298,0.97659,2.0753,-0.61037,-1.8311,-3.7843,-4.2726,-3.7843,-2.9298,-1.4649,-1.709,-0.97659,-0.61037,-0.73244,-0.61037,-0.12207,0.4883,0.61037
0.4883,3.296,-3.5401,0,2.3194,2.0753,-0.85452,-3.1739,-5.005,-3.9064,-2.5636,0.97659,4.2726,4.883,8.179,8.4231,10.498,12.574,13.916,14.771,12.818,10.62,10.987,6.2258,10.01,13.916,16.846,19.288,22.095,20.02,17.579,19.41,23.438,20.753,7.5686,9.0335,10.987,7.8127,-0.24415,-4.883,-7.8127,-9.5218,-10.987,-12.818,-12.452,-10.254,-7.9348,-5.005,-3.1739,-2.5636,-3.5401,-3.4181,-4.0284,-3.7843,-5.005,-6.8361,-1.9532,-4.2726,-2.9298,-8.5452,-9.5218,-11.353,-12.452,-13.062,-12.696,-12.329
-13.794,-11.353,-9.0335,-8.5452,-7.8127,-7.5686,-4.883,-4.2726,-2.9298,-5.7375,-8.9114,-4.6388,-5.3713,-6.8361,-7.6907,-5.8596,-9.5218,-10.743,-11.963,-10.987,-9.7659,-5.7375,-0.12207,2.9298,6.3478,8.179,8.301,6.592,5.1271,2.0753,5.005,-1.8311,6.8361,3.1739,2.5636,-3.9064,-4.883,-6.7141,-2.4415,-3.0519,-2.9298,-2.6856,-0.4883,-8.5452,-4.5167,-1.2207,-2.8077,-3.4181,-4.883,-6.3478,-7.3244,-6.592,-4.7609,-2.9298,-2.3194,-2.4415,-1.9532,-2.6856,-3.296,-3.7843,-3.4181,-3.5401,-3.296,-0.4883,-6.8361,-2.6856
0.61037,-0.4883,-1.709,-4.0284,-5.7375,-6.1037,-6.2258,-7.6907,-6.8361,-6.3478,-2.8077,1.9532,6.1037,11.109,15.381,16.968,15.503,13.55,13.672,5.9816,5.7375,7.4465,6.2258,6.9582,6.7141,8.179,12.574,15.259,17.579,15.381,11.231,13.062,9.888,7.2024,2.8077,7.4465,12.574,10.865,3.0519,-10.376,-12.329,-14.771,-16.602,-16.602,-15.015,-11.719,-14.405,-11.597,-5.3713,-6.3478,-6.592,-6.592,-7.5686,-8.5452,-11.841,-13.184,-16.236,-13.794,-16.358,-19.776,-23.56,-23.56,-22.95,-22.095,-21.119,-19.41
-18.067,-12.329,-14.161,-4.2726,-1.2207,-2.9298,-2.5636,-2.1973,-0.97659,1.8311,2.9298,0.12207,3.5401,6.8361,11.475,12.207,11.597,11.231,10.498,10.254,10.62,10.254,11.963,-2.1973,3.0519,-1.9532,-1.587,-10.498,-10.498,-12.696,-13.55,-10.01,-12.329,-6.592,-4.0284,-6.3478,-10.743,-12.207,-0.12207,3.296,2.9298,2.9298,2.9298,0.61037,-0.12207,-1.8311,-2.8077,-3.9064,-3.9064,-3.296,-2.1973,-1.3428,0.24415,1.3428,-3.4181,0.36622,3.296,0.73244,0.36622,-1.3428,-0.85452,0.24415,1.0987,1.9532,2.1973,1.2207
1.709,2.3194,2.6856,1.3428,1.4649,1.4649,1.8311,0.97659,-9.1556,-6.1037,-7.3244,-8.6673,-5.8596,0.85452,10.865,16.968,20.875,21.607,21.485,17.945,16.114,13.306,9.5218,7.0803,5.3713,4.5167,7.3244,10.01,11.841,3.5401,3.4181,4.1505,5.9816,9.0335,6.7141,-0.4883,-13.184,-20.142,-22.217,5.8596,3.5401,9.2776,8.5452,7.3244,6.4699,6.8361,9.2776,11.231,12.207,11.841,10.62,8.7893,5.3713,-0.12207,-7.4465,-15.748,-21.973,-25.269,-27.467,-26.734,-27.223,-33.57,-21.485,-19.288,-15.87,-12.696
-10.132,-18.311,-7.8127,-11.353,-13.794,-17.701,-12.818,-11.475,-6.3478,2.5636,13.428,9.5218,7.8127,0,-8.5452,-16.114,-23.438,-15.503,-11.109,-5.3713,-7.4465,0.36622,11.597,18.555,22.584,21.119,22.34,23.682,20.386,19.166,12.574,10.132,9.6438,7.9348,4.2726,-1.587,-6.592,-9.888,7.9348,7.6907,6.3478,5.3713,4.1505,3.5401,6.2258,-1.587,2.6856,4.3947,3.7843,2.3194,1.0987,-0.61037,-0.36622,0.61037,2.1973,2.9298,3.7843,4.0284,3.7843,2.6856,2.5636,1.9532,2.1973,2.0753,2.3194,4.6388
-2.3194,0.61037,-1.0987,-3.6622,-9.7659,-12.207,-10.254,-4.883,1.2207,7.4465,11.597,10.743,8.179,6.2258,7.2024,9.7659,12.94,12.94,13.916,14.283,18.067,15.625,23.072,29.664,31.617,31.739,34.181,32.35,30.274,26.612,24.537,25.025,24.049,22.462,16.236,3.9064,-7.5686,-12.574,-15.87,-18.311,-21.241,-22.095,-22.828,-26.246,-24.537,-26.856,-28.932,-30.03,-32.105,-32.35,-31.007,-30.274,-31.617,-29.908,-26.612,-23.438,-26.124,-21.119,-26.002,-18.677,-19.166,-17.457,-16.846,-14.161,-14.039,-16.114
-12.452,-18.311,-19.532,-17.212,-11.719,0.36622,4.883,1.3428,4.0284,-3.1739,-1.8311,3.4181,3.6622,6.9582,13.794,15.137,17.335,16.236,18.921,8.0569,20.508,19.288,24.415,18.677,16.48,14.649,12.94,14.283,13.184,18.555,16.236,12.452,7.6907,6.1037,3.9064,1.2207,-2.9298,-1.4649,-5.7375,-8.0569,-7.4465,-7.2024,-6.3478,-5.9816,-5.9816,-5.3713,-6.3478,-4.2726,-3.296,-4.5167,-3.9064,-3.1739,-3.9064,-5.005,-4.7609,-3.6622,-3.6622,-9.6438,-4.2726,-1.8311,-3.7843,-4.0284,-5.4933,-6.4699,-9.2776,-11.109
-11.841,-12.207,-12.085,-8.0569,-7.2024,-5.4933,-2.3194,-1.4649,-1.4649,-2.0753,-2.3194,-4.883,-13.062,-9.6438,-8.301,-8.9114,-4.3947,5.6154,10.498,13.062,11.597,4.5167,-2.9298,0.61037,1.709,6.2258,7.0803,9.888,17.335,17.701,12.574,10.987,12.574,5.7375,11.353,14.039,12.085,10.132,-6.2258,-2.9298,-1.4649,-1.587,-1.3428,0.24415,0.36622,1.8311,4.3947,7.8127,10.865,14.771,18.555,14.161,12.818,17.09,7.4465,6.1037,-0.85452,1.587,0,-4.5167,-4.0284,-4.2726,3.7843,11.231,11.841,12.94
13.672,13.672,10.376,9.1556,7.2024,7.0803,2.4415,0.61037,1.9532,-1.4649,0.36622,-2.8077,-1.8311,-7.3244,-7.2024,-3.1739,-3.296,0.36622,0.4883,1.3428,0.73244,1.4649,0.4883,-2.0753,-4.5167,-7.9348,-10.254,-15.503,-23.927,-22.217,-23.438,-27.467,-30.641,-29.908,-31.373,-31.373,-21.851,-5.005,-1.587,-1.0987,-2.0753,-3.7843,-5.4933,-6.3478,-6.1037,-5.7375,-5.005,-4.6388,-6.1037,-7.2024,-8.179,-7.8127,-8.0569,-7.8127,-7.9348,-5.2492,-11.841,-8.179,-6.1037,-3.6622,-5.7375,-7.0803,-8.9114,-8.7893,-8.4231,-6.9582
-4.2726,-3.9064,-1.9532,-2.0753,-1.8311,-3.6622,-3.296,-6.1037,-9.1556,-11.475,-8.301,-12.085,-6.7141,-3.4181,1.3428,2.8077,1.3428,-1.3428,-2.1973,0.36622,3.7843,9.6438,12.207,16.114,19.166,23.438,28.565,28.932,26.368,24.049,21.729,23.682,12.574,9.3997,-2.9298,-19.532,-31.861,7.9348,10.01,12.452,15.87,20.386,24.903,31.007,35.401,38.697,41.017,42.116,42.726,42.482,40.773,36.5,32.96,17.701,14.771,10.62,7.5686,4.7609,5.8596,6.592,4.0284,0.24415,-1.709,-2.8077,2.0753,4.883
3.0519,-8.7893,-18.799,-26.734,-32.716,-39.43,-45.778,-51.881,-62.38,-62.136,-63.967,-62.99,-64.821,-61.159,-63.112,-56.52,-53.957,-52.248,-48.585,-46.022,-43.58,-41.017,-37.477,-34.425,-32.472,-27.833,-24.415,-17.945,-5.3713,-7.3244,5.6154,11.353,17.701,20.508,30.519,34.181,-4.0284,-1.9532,1.3428,-0.97659,0,-1.3428,-2.0753,-3.4181,-3.9064,-3.1739,-3.9064,-3.0519,-2.6856,-3.1739,-2.6856,-1.8311,-1.3428,-0.61037,0.12207,2.8077,-5.1271,-1.8311,1.2207,-1.4649,-3.1739,-5.1271,-5.9816,-5.005,-7.6907,-12.329
-6.3478,3.0519,10.132,12.329,10.498,5.7375,-0.24415,-5.1271,-8.179,-7.2024,-4.883,-4.6388,-0.4883,-2.9298,-4.2726,-2.5636,-0.12207,0.36622,-1.709,-1.0987,3.296,8.9114,12.207,16.236,14.771,12.207,10.132,9.6438,7.2024,2.3194,0.36622,-11.109,-20.997,-27.1,-28.809,-22.462,-19.776,-26.002,-30.396,-35.279,-35.646,-36.012,-34.425,-32.228,-29.786,-28.321,-27.223,-25.025,-22.462,-24.049,-18.677,-13.062,-10.62,-6.4699,-3.5401,-1.2207,-0.85452,-1.3428,-1.9532,-5.4933,-6.1037,-4.7609,0,0.36622,2.6856,3.5401
1.587,2.5636,5.6154,5.2492,-3.1739,-5.4933,-8.301,-0.24415,-2.6856,5.7375,6.8361,6.592,10.865,10.376,15.381,13.55,12.085,12.818,15.87,17.701,15.503,17.945,20.142,23.56,23.072,8.9114,20.508,15.625,15.137,3.1739,-1.8311,-8.4231,-13.916,-18.799,-23.072,-18.799,-1.2207,-3.6622,-1.587,-1.3428,-0.85452,-1.0987,-2.1973,-0.61037,-0.73244,-0.61037,-0.24415,1.587,0.97659,0.97659,1.3428,2.3194,-0.85452,-3.4181,-0.61037,0.12207,-1.0987,-2.1973,-1.9532,-3.0519,-3.4181,-3.296,-3.1739,-3.6622,-2.5636,-1.3428
-2.1973,-2.5636,-3.9064,-5.9816,-6.1037,-4.2726,-1.2207,-6.592,-1.587,2.6856,2.1973,0.73244,-2.5636,-2.0753,-1.9532,-1.587,0.12207,2.6856,2.3194,3.9064,4.7609,4.0284,4.1505,5.6154,5.9816,8.0569,13.916,19.654,15.137,22.828,23.804,17.335,10.62,5.4933,-0.36622,-4.3947,-14.405,-18.799,-20.142,-22.706,-24.537,-26.002,-25.025,-23.194,-19.166,-14.649,-11.719,-14.649,-13.794,-10.62,-18.311,-21.851,-23.804,-22.95,-21.485,-15.992,-12.207,-13.306,-11.353,-9.2776,-6.3478,-5.2492,-4.5167,-5.1271,-4.6388,-3.296
-5.6154,-3.9064,-19.288,-15.381,-22.34,-23.194,-29.908,-31.251,-25.391,-20.875,-14.405,-12.574,-7.2024,-5.1271,2.4415,8.0569,9.888,13.184,9.888,18.433,24.171,23.927,29.786,19.776,37.599,37.355,42.116,33.815,28.687,29.664,27.223,26.002,26.612,24.415,22.706,22.706,-5.8596,-5.7375,-4.7609,-3.296,-0.4883,1.4649,1.709,2.5636,3.1739,3.0519,2.0753,2.4415,2.4415,2.8077,-3.7843,0.97659,0,-1.2207,-1.8311,-1.587,-2.3194,-2.4415,-1.9532,-0.85452,-1.8311,-1.709,0.73244,0,0.12207,0.4883
-1.2207,-2.0753,-2.6856,-1.3428,-5.3713,-4.883,-0.97659,-2.1973,-2.1973,0.12207,3.1739,6.2258,7.9348,8.6673,9.0335,8.179,7.3244,7.2024,5.2492,3.4181,2.1973,1.3428,2.5636,1.587,7.9348,6.1037,18.433,23.56,23.804,20.631,15.381,10.132,12.452,9.2776,5.7375,-4.7609,1.9532,-0.73244,-1.4649,1.3428,2.3194,-0.12207,-2.0753,-4.0284,-4.2726,-3.0519,-0.85452,0.97659,-0.24415,-0.61037,3.5401,-3.4181,-9.1556,-15.137,-16.358,-19.288,-20.875,-21.485,-19.532,-16.968,-15.137,-12.207,-11.841,-7.0803,-5.3713,-7.0803
-7.8127,-11.475,-11.719,-18.555,-20.753,-20.997,-19.166,-22.95,-21.485,-15.87,-13.672,-15.748,-21.241,-18.433,-16.358,-13.306,-11.475,-7.5686,-7.2024,-6.3478,-10.62,-8.6673,-2.1973,3.6622,7.3244,9.3997,22.34,21.973,28.932,23.072,24.781,24.659,24.049,23.682,27.1,6.3478,10.498,9.6438,13.184,15.015,10.865,7.0803,5.1271,0.12207,-2.6856,-5.2492,-5.6154,-6.3478,-5.6154,-16.602,-12.696,-10.01,-9.6438,-9.0335,-10.132,-8.6673,-9.3997,-9.5218,-9.5218,-9.3997,-7.5686,-6.7141,-7.2024,-7.0803,-6.7141,-7.4465
-7.9348,-6.7141,-4.883,-5.3713,-12.085,-9.2776,-10.132,-15.625,-20.631,-23.804,-22.828,-24.049,-23.56,-24.537,-21.973,-17.09,-15.503,-14.283,-14.039,-10.498,-10.376,-6.4699,-4.2726,-1.8311,-5.005,-2.0753,5.6154,11.719,15.015,19.654,23.194,27.467,34.913,40.407,31.739,2.8077,3.7843,5.7375,5.6154,7.5686,7.2024,7.0803,5.4933,5.005,5.4933,7.6907,10.865,14.649,13.916,17.823,25.025,22.95,15.625,13.184,11.841,14.039,8.4231,6.1037,-2.5636,-7.5686,-12.452,-13.794,-15.625,-15.259,-10.254,-7.5686
-2.0753,-10.987,-3.5401,-13.184,-4.2726,-11.597,-14.771,-23.194,-24.659,-21.241,-22.34,-23.927,-34.303,-37.111,-35.035,-25.758,-11.841,-3.7843,2.9298,1.709,-0.4883,-0.73244,-2.3194,-4.2726,-17.212,-4.883,-10.01,-2.1973,-14.771,-17.335,-16.48,-17.457,-19.166,-23.316,-6.1037,-11.231,-9.1556,-7.2024,-6.8361,-4.3947,-2.8077,-2.3194,-1.9532,-1.8311,-2.5636,-2.8077,-1.9532,-1.0987,-4.3947,-6.3478,-2.9298,-4.1505,-4.883,-4.6388,-3.7843,-3.0519,-2.5636,-2.0753,-2.0753,-1.9532,-1.3428,-0.12207,-0.97659,-1.4649,-2.4415,-4.1505
-2.9298,-1.2207,-1.4649,-10.865,-6.9582,-5.4933,-1.709,0.73244,5.005,4.5167,4.883,4.5167,2.3194,0.97659,-2.6856,-2.4415,0,1.9532,3.7843,3.9064,3.1739,3.0519,1.709,2.1973,-3.0519,7.2024,9.6438,10.376,13.062,16.968,18.799,11.719,6.7141,3.7843,3.6622,-3.7843,-1.2207,1.0987,1.3428,-0.36622,-0.36622,-0.85452,-1.4649,-1.3428,-1.3428,-1.3428,-2.4415,-0.85452,-0.36622,-0.73244,-0.85452,-0.73244,-1.3428,0.24415,0,1.587,-5.6154,2.0753,1.2207,0.73244,-2.1973,-1.9532,-2.0753,-2.0753,-2.4415,-3.0519
-2.8077,-3.4181,-0.36622,0.73244,0,2.0753,5.3713,7.9348,9.0335,7.4465,5.3713,-1.587,0.73244,-1.9532,-3.9064,-6.8361,-7.2024,-7.9348,-7.9348,-7.9348,-7.5686,-7.2024,-4.3947,2.6856,9.1556,14.405,13.794,11.353,12.818,12.696,26.49,22.95,21.851,13.184,-6.4699,9.5218,10.254,10.376,10.865,11.475,12.329,12.574,12.207,11.597,9.888,1.709,0.97659,1.709,-4.5167,-9.888,-15.87,-18.921,-16.724,-15.137,-12.452,-9.6438,-7.9348,-9.7659,-14.405,-16.724,-19.288,-18.799,-18.555,-21.241,-22.217,-20.508
-28.687,-18.921,-16.968,-21.729,-30.641,-34.791,-32.472,-31.495,-28.443,-26.124,-15.259,-9.0335,-5.4933,-4.1505,-2.3194,-3.7843,-4.7609,-8.7893,-7.3244,-3.4181,2.6856,-10.132,0.85452,-3.6622,0.4883,-1.587,-1.2207,8.4231,12.574,13.062,17.945,20.753,16.724,10.743,7.9348,-0.12207,0.85452,0.73244,1.0987,1.4649,0.12207,1.2207,1.2207,1.4649,1.709,0.85452,0.24415,0.73244,1.587,2.1973,-4.0284,1.8311,0.24415,-0.61037,-1.8311,-1.587,-1.587,-0.4883,0.24415,0.4883,0,-0.61037,0.97659,-0.24415,0,-0.73244
-1.587,-1.587,-1.9532,-0.12207,-7.8127,-2.6856,-3.9064,-4.5167,-7.8127,-5.2492,-3.5401,-2.1973,-2.4415,-1.587,-0.24415,-2.3194,-1.587,-1.2207,-0.97659,1.8311,2.8077,1.3428,0.12207,2.6856,4.6388,9.0335,18.433,20.142,21.241,22.95,14.527,14.527,16.724,19.532,21.607,-15.381,-19.898,-20.508,-19.288,-14.405,-13.306,-14.161,-12.329,-9.888,-9.1556,-7.3244,-3.7843,-0.24415,0.85452,4.6388,6.2258,9.2776,2.1973,3.4181,3.6622,3.0519,1.587,0.73244,1.2207,1.8311,2.5636,4.0284,4.883,5.2492,7.0803,7.0803
6.4699,6.7141,4.7609,-9.7659,-8.0569,0.12207,7.2024,6.4699,8.4231,1.9532,-2.5636,-4.2726,-1.587,0.12207,1.0987,0.4883,-6.3478,-9.2776,-14.771,-13.672,-9.888,-7.2024,-1.9532,1.4649,6.4699,6.7141,1.4649,0.97659,9.1556,19.898,16.236,11.353,-2.1973,-13.428,-13.062,-10.987,-6.2258,2.4415,5.4933,8.9114,11.109,9.0335,11.597,16.48,19.898,20.875,18.555,19.532,4.6388,0.4883,-7.5686,-15.748,-21.729,-15.259,-6.592,-7.4465,-5.7375,-8.0569,-10.865,-10.01,-8.0569,-9.6438,-9.7659,-10.62,-13.55,-18.921
-20.02,4.0284,-0.85452,5.3713,9.6438,20.631,37.233,52.004,56.887,63.723,69.094,64.211,55.177,47.731,39.674,40.773,37.599,16.114,3.5401,14.893,28.077,36.5,47.609,60.305,72.878,83.499,84.719,82.766,74.709,74.953,66.042,25.269,20.264,4.7609,-0.73244,-1.2207,-4.5167,-7.8127,-8.7893,-5.6154,-4.883,-5.9816,-7.2024,-8.9114,-13.306,-17.823,-16.724,-20.753,-19.532,-21.729,-24.659,-26.002,-23.927,-23.194,-22.706,-23.438,-28.321,-27.345,-30.274,-31.861,-19.288,-22.34,-12.329,-18.189,-18.799,-14.039
-1.4649,-8.301,-11.109,-10.498,-11.109,-19.532,-27.223,-26.734,-19.41,-5.8596,6.2258,5.2492,2.9298,7.4465,5.9816,12.329,15.87,14.161,9.2776,6.592,6.592,6.9582,5.6154,3.0519,3.296,10.743,23.438,32.105,39.43,45.289,43.703,42.116,27.223,-12.207,4.6388,5.1271,2.4415,4.2726,11.719,7.6907,5.2492,3.296,0.24415,-2.5636,-1.2207,0.36622,0.85452,0.61037,-3.1739,-8.7893,-7.3244,-7.6907,-6.1037,-4.3947,-10.498,-9.2776,-6.8361,0.97659,-0.73244,-8.5452,1.0987,-0.36622,-2.3194,-4.883,-5.3713,-5.3713
-5.7375,-11.109,-14.527,-8.5452,2.9298,6.4699,-2.4415,-7.3244,-9.6438,-7.9348,-5.6154,-2.5636,2.5636,8.301,6.4699,-0.97659,4.0284,9.6438,5.1271,-4.6388,-9.888,-4.2726,4.5167,9.0335,8.6673,5.2492,2.9298,-2.4415,-6.3478,-8.9114,-27.1,-26.978,-8.301,-32.228,-4.0284,-4.5167,-5.2492,-6.592,-7.4465,-8.4231,-10.498,-10.987,-11.353,-12.452,-9.7659,-6.1037,-12.207,-14.283,-16.358,-20.508,-21.241,-18.189,-15.748,-15.748,-16.358,-19.166,-11.597,-10.132,-11.475,-9.3997,-8.5452,-9.3997,-6.7141,-4.0284,-2.4415,-3.6622
-8.301,-11.475,-10.62,-9.6438,-4.2726,2.0753,4.883,0.97659,-1.9532,5.2492,18.311,13.672,4.883,-1.0987,-1.587,1.587,-0.61037,-3.5401,1.9532,10.132,4.5167,1.587,5.1271,7.8127,12.818,18.799,19.166,10.987,2.5636,0.36622,0.4883,6.9582,8.179,-4.6388,-2.3194,-1.2207,-2.0753,-4.3947,-0.24415,2.8077,-1.3428,-2.6856,-6.592,-10.132,-11.109,-9.2776,-9.888,-12.94,-15.381,-19.41,-19.166,-15.381,-14.649,-13.916,-15.381,-16.846,-9.7659,-10.498,-12.818,-15.748,-18.799,-19.044,-14.893,-14.405,-18.555,-20.02
-20.264,-19.532,-15.381,-6.4699,-8.6673,-10.01,-11.109,-17.823,-18.067,-14.527,-7.8127,0.36622,3.6622,5.7375,5.8596,9.1556,11.475,16.724,22.584,25.513,27.1,27.1,24.903,27.589,34.181,35.157,31.983,26.856,23.804,33.204,38.697,39.918,34.669,10.376,-0.85452,-1.9532,-1.0987,-3.1739,-2.4415,4.883,0,-1.3428,-4.883,-7.9348,-10.376,-8.5452,-7.8127,-8.9114,-9.7659,-14.283,-14.893,-16.846,-17.09,-18.921,-21.485,-24.293,-27.711,-25.513,-23.316,-24.781,-20.875,-12.085,-9.0335,-11.841,-8.5452,-10.987
-15.503,-10.62,-5.8596,-7.2024,-5.1271,-3.0519,-15.137,-23.194,-26.246,-20.631,-15.137,-3.6622,9.6438,15.87,17.09,26.368,33.57,34.059,25.269,10.254,0.24415,3.9064,13.306,20.508,26.002,30.885,30.885,22.828,12.818,15.503,16.48,18.067,16.48,-1.0987,-4.6388,-2.9298,-3.1739,-2.0753,-2.8077,-2.6856,-2.4415,-1.8311,-1.4649,-1.4649,-2.4415,-2.8077,-1.4649,-2.0753,-2.6856,-4.3947,-4.3947,-2.6856,4.5167,1.4649,1.8311,-2.5636,-6.8361,-8.301,-5.9816,-2.9298,-0.24415,0.85452,0.12207,-0.4883,-0.73244,2.6856
1.709,2.8077,1.0987,-1.2207,-1.4649,-1.8311,-2.3194,-8.301,-15.381,-14.893,-8.179,-8.9114,-15.625,-15.259,-8.6673,-4.5167,-3.7843,-10.62,-9.6438,-2.4415,0.85452,-1.2207,-3.0519,-0.73244,-2.4415,4.3947,-2.1973,-16.846,-18.311,-21.851,-28.077,-30.763,-26.856,13.428,-0.24415,-2.6856,-3.4181,-0.24415,1.3428,0.24415,-4.0284,-7.4465,-5.8596,-7.2024,-6.7141,-8.6673,-10.01,-10.132,-9.1556,-9.3997,-9.3997,-8.9114,-8.179,-8.179,-8.0569,-8.9114,-9.5218,-7.5686,-6.7141,-6.1037,-3.1739,8.179,2.1973,-6.3478,-12.574,-16.358
-17.09,-14.893,-11.353,-10.865,-17.701,-16.48,-9.888,-5.4933,-9.5218,-1.3428,9.6438,9.2776,9.0335,10.498,11.719,14.527,15.503,12.574,7.9348,-2.5636,-12.452,-9.3997,7.9348,27.467,37.477,27.223,19.166,20.02,25.88,38.087,41.017,31.007,13.916,3.5401,2.9298,2.6856,1.8311,1.3428,1.0987,1.4649,1.2207,-2.8077,-3.9064,5.005,0.12207,-9.5218,-12.329,-19.776,-20.02,-21.363,-17.335,-13.306,-7.3244,-12.696,-12.452,-16.602,-21.363,-13.55,-7.4465,-7.0803,-6.2258,-4.1505,-4.2726,-5.3713,-8.301,-12.207
-13.916,-8.9114,-8.9114,-10.865,-7.5686,-7.5686,-8.9114,-1.587,5.9816,5.2492,5.7375,4.7609,4.7609,7.6907,9.7659,10.62,11.841,11.719,10.498,19.532,19.288,14.527,17.945,23.072,23.072,23.072,26.002,26.124,24.781,33.815,36.744,26.978,18.189,13.794,-2.6856,1.0987,2.8077,2.3194,-1.3428,-7.4465,-8.301,-6.9582,-4.883,-4.1505,-5.3713,-7.4465,-9.0335,-10.498,-10.376,-9.1556,-13.184,-17.823,-19.654,-18.921,-18.433,-9.3997,-6.1037,-2.0753,-5.6154,2.0753,3.5401,-3.1739,-4.883,-12.452,-19.41,-19.288
-14.039,-12.696,-8.4231,-7.4465,-8.301,-11.963,-10.132,-4.2726,-2.1973,-5.4933,-4.2726,2.4415,11.841,13.062,7.9348,1.8311,6.592,14.283,11.597,5.7375,1.9532,-4.5167,-4.1505,6.2258,17.212,12.94,9.7659,11.597,12.94,17.945,18.921,11.353,-0.61037,-19.166,3.5401,-1.0987,-4.2726,-1.587,0.24415,-0.12207,-0.73244,-4.3947,-5.2492,-5.005,-5.9816,-6.4699,-7.9348,-10.01,-12.329,-10.254,-13.916,-17.945,-22.462,-19.288,-11.719,-7.4465,-2.5636,4.6388,10.376,14.771,13.672,3.4181,0.61037,-12.207,-21.729,-22.95
-33.082,-35.646,-24.049,-11.109,-4.1505,1.587,4.2726,4.5167,-0.12207,0.97659,8.0569,9.6438,7.5686,3.7843,3.7843,5.7375,7.3244,11.841,15.625,17.579,23.194,29.786,27.1,15.503,7.6907,10.743,18.555,26.368,22.34,25.513,33.57,26.856,13.184,-7.2024,-2.6856,-1.8311,-2.5636,-2.6856,-2.5636,-1.2207,-0.12207,-1.2207,-2.0753,-1.8311,-1.587,-2.5636,-5.005,-2.6856,4.6388,1.2207,2.8077,0.36622,-3.9064,-5.4933,-5.005,-1.2207,0.97659,1.2207,0.85452,-1.4649,-3.1739,-1.8311,-1.709,-1.3428,-1.9532,-2.6856
-3.7843,-2.5636,-2.1973,-4.6388,-10.743,-24.659,-41.627,-44.557,-39.674,-27.589,-10.254,7.4465,3.6622,4.883,10.254,4.0284,-5.3713,-3.296,4.0284,7.5686,12.696,20.753,21.973,27.589,30.885,17.335,1.0987,-14.771,-15.992,8.9114,28.932,35.279,34.425,18.189,-4.6388,-7.2024,-5.6154,-0.4883,0.85452,-1.0987,-5.4933,-8.301,-4.7609,-5.7375,-7.4465,-9.2776,-11.353,-15.015,-15.748,-16.236,-16.114,-15.259,-16.724,-20.386,-22.34,-21.973,-26.368,-23.927,-23.072,-13.794,-2.9298,-3.7843,0.12207,1.3428,-2.0753,-2.0753
-5.1271,-9.0335,-8.0569,-5.2492,-3.7843,2.6856,-1.709,-10.254,-10.254,0.24415,10.132,21.119,30.03,28.443,21.973,20.264,20.264,18.799,14.893,9.2776,1.709,0.61037,6.4699,4.7609,-3.4181,2.9298,13.428,19.288,25.513,40.162,43.092,33.815,20.02,18.555,-0.36622,-2.1973,-3.4181,-1.3428,0.12207,-1.2207,-2.9298,-4.1505,-5.3713,-0.61037,-0.36622,-2.6856,-2.4415,-4.7609,-7.0803,-9.888,-12.207,-10.62,-11.475,-8.4231,-9.0335,-10.865,-12.574,-4.1505,4.3947,1.4649,1.9532,2.9298,-6.9582,-8.9114,-10.01,-14.771
-17.212,-14.405,-10.01,-8.7893,-8.301,-7.5686,-5.6154,-1.3428,-5.7375,-9.3997,-10.62,-5.7375,5.6154,10.376,5.2492,-1.587,-8.6673,-11.597,-11.597,-7.4465,-1.587,6.3478,13.184,16.114,19.166,14.283,15.87,23.927,24.659,23.438,10.376,-8.0569,-3.4181,-13.306,-3.6622,-3.1739,-2.3194,-3.1739,-5.005,-5.9816,-5.7375,-5.6154,-5.2492,-5.2492,-6.8361,-7.5686,-9.7659,-10.254,-11.231,-11.963,-11.109,-15.748,-8.5452,-6.3478,-14.893,-12.696,-13.916,-20.631,-22.217,-17.09,-11.475,-11.963,-12.94,-12.452,-20.997,-26.368
-23.927,-25.636,-33.57,-33.082,-24.781,-16.724,-11.231,-7.0803,-7.4465,-8.9114,-8.5452,-1.9532,5.7375,4.7609,-1.2207,0.24415,12.818,14.771,21.363,29.298,27.467,23.804,24.537,25.269,24.049,24.049,21.241,23.316,26.246,24.171,24.781,27.711,24.781,17.212,-4.7609,-1.8311,-4.7609,-6.7141,-3.1739,-1.2207,-3.6622,-7.9348,-11.597,-15.015,-13.306,-14.893,-16.968,-18.677,-22.462,-24.903,-25.147,-21.851,-17.212,-15.259,-10.865,-4.883,1.0987,5.2492,2.3194,-0.12207,-2.3194,-2.3194,9.1556,7.4465,5.6154,6.2258
0.24415,-3.5401,-2.4415,0.36622,3.296,4.6388,-0.12207,-5.6154,-6.3478,-6.8361,-3.7843,2.1973,10.743,15.381,11.841,13.916,13.306,15.381,12.085,12.329,15.992,11.719,5.8596,6.1037,12.818,22.462,18.189,5.2492,8.0569,31.617,52.37,57.741,58.351,33.815,-0.24415,2.6856,1.8311,-1.8311,-5.7375,-1.587,-2.0753,-2.1973,-6.2258,-10.132,-11.109,-10.987,-10.132,-9.6438,-10.987,-15.137,-18.677,-22.34,-21.851,-24.537,-29.664,-33.692,-40.895,-33.692,-22.462,-24.293,-16.724,-10.743,-12.085,-15.015,-18.555,-16.236
-16.236,-21.851,-15.137,-10.987,-6.4699,-9.2776,-10.987,-9.7659,-4.7609,10.62,19.41,14.771,16.48,21.119,18.555,14.649,9.2776,4.883,6.1037,7.2024,10.132,15.87,8.7893,7.6907,10.865,8.4231,10.132,16.236,24.659,26.978,22.095,23.072,24.293,1.2207,-17.579,-16.358,-21.363,-25.636,-26.246,-25.269,-28.687,-34.059,-34.059,-26.734,-16.846,-12.574,-15.015,-20.508,-20.631,-16.846,-11.231,-1.8311,0.24415,-0.97659,2.3194,4.7609,1.2207,-5.6154,-3.7843,-0.4883,3.7843,2.6856,-3.0519,-10.376,3.9064,8.7893
11.597,6.592,4.6388,-2.3194,-4.0284,4.0284,13.184,15.381,13.672,9.888,14.039,10.01,-0.97659,-6.8361,-5.2492,0.24415,3.0519,1.4649,-2.9298,-5.9816,-5.8596,-3.7843,0,1.2207,-0.97659,-3.296,3.1739,8.0569,8.5452,21.241,22.095,5.4933,-1.9532,-1.709,3.0519,9.0335,14.893,17.945,18.555,12.94,5.4933,0.97659,-5.9816,-10.743,-14.039,-17.09,-16.358,-14.527,-10.498,-4.1505,3.1739,3.7843,-0.97659,-10.01,-12.696,-15.87,-16.602,-13.184,-13.916,-7.8127,0.85452,2.9298,-8.0569,-12.818,-13.794,-18.311
-21.241,-21.119,-14.649,-2.4415,2.5636,9.1556,13.306,12.696,12.452,13.428,13.672,10.376,11.597,16.602,15.87,13.184,14.283,22.584,15.259,8.179,0.61037,-4.0284,-8.6673,-12.94,-10.865,-7.6907,-3.0519,6.4699,6.3478,11.109,8.7893,-15.748,-34.913,-26.124,-21.363,-25.758,-30.03,-30.885,-27.833,-19.654,-15.259,-15.748,-18.311,-18.555,-13.916,-4.1505,3.7843,5.6154,-4.6388,-10.743,-3.6622,0.24415,-2.5636,-0.85452,2.5636,2.5636,0.85452,-1.0987,-1.0987,6.9582,4.0284,-1.4649,-2.4415,3.1739,5.3713,6.3478
6.4699,1.587,-2.1973,0.97659,-0.85452,-4.5167,-6.2258,-6.2258,-1.4649,1.2207,2.1973,4.3947,5.7375,3.7843,-4.0284,-10.743,-12.085,-13.794,-19.41,-23.927,-27.467,-21.973,-20.264,-17.212,-12.818,-12.94,-19.654,-18.677,-11.597,-4.6388,-11.597,-10.743,-16.968,-3.5401,-7.2024,-4.0284,-1.9532,-4.2726,-7.5686,-10.987,-13.916,-14.649,-15.381,-15.259,-16.48,-17.212,-16.968,-13.306,-10.865,-15.137,-20.997,-23.072,-21.607,-13.794,-10.498,-6.3478,5.4933,17.212,13.55,7.3244,-1.709,-13.184,-15.87,-17.457,-9.6438,-5.8596
-10.62,-15.381,-12.329,-6.9582,-1.587,0.73244,3.7843,3.9064,1.587,4.5167,0.61037,-7.0803,-15.87,-18.677,-11.353,-2.8077,-5.8596,-13.306,-10.498,-4.7609,5.8596,7.6907,6.1037,5.7375,10.376,15.137,20.631,24.171,22.34,14.893,4.1505,-6.1037,-17.823,-33.692,-6.1037,-4.5167,-6.8361,-10.01,-7.4465,-5.005,-5.005,-5.3713,-6.592,-9.0335,-7.0803,-7.4465,-6.1037,-5.7375,-7.4465,-8.7893,-8.7893,-10.498,-13.916,-17.457,-18.555,-16.724,-16.114,-17.212,-19.532,-20.264,-8.301,-9.3997,-12.207,-13.428,-19.532,-22.95
-19.166,-2.5636,3.9064,6.592,0.73244,-16.602,-18.799,-8.0569,-4.6388,-9.1556,-13.428,-12.452,-3.0519,6.1037,9.2776,13.184,19.532,18.189,10.01,5.2492,2.4415,1.4649,10.62,6.9582,9.5218,12.085,11.109,14.649,22.095,25.636,20.631,11.109,2.0753,-5.9816,-22.34,-26.368,-27.1,-25.636,-29.664,-28.077,-28.687,-32.228,-37.599,-41.749,-40.04,-35.768,-32.716,-31.617,-31.983,-30.763,-22.828,-11.475,-4.2726,3.6622,13.184,18.677,14.771,7.2024,3.6622,-0.4883,-2.6856,0.73244,3.0519,-2.3194,-8.5452,-6.2258
-1.709,-1.709,-3.9064,0.24415,11.841,20.997,12.207,12.329,16.602,0.97659,-7.4465,7.3244,13.794,8.5452,6.9582,4.1505,-0.24415,-1.587,-4.2726,-6.4699,-6.8361,-4.1505,-5.3713,-13.062,-21.241,-23.927,-18.799,-9.7659,0.85452,-1.8311,-0.24415,16.358,12.085,-3.4181,31.495,41.627,42.482,50.417,57.253,56.154,61.525,60.183,46.754,39.674,33.937,29.176,28.077,29.664,29.664,23.56,18.189,17.701,16.48,18.433,11.963,2.0753,-2.6856,-5.7375,-4.5167,-10.376,-23.316,-33.204,-36.744,-31.373,-32.716,-42.238
-47.243,-34.669,-35.157,-39.064,-38.087,-35.035,-33.57,-35.646,-36.5,-23.316,-13.062,-14.405,-18.799,-15.992,-16.358,-21.241,-24.293,-17.945,-8.5452,-14.649,-31.129,-47.853,-57.863,-58.229,-49.318,-45.289,-39.308,-29.664,-20.753,-3.4181,2.3194,-6.7141,1.709,13.55,-10.987,-10.254,-4.1505,-0.12207,-1.0987,-4.7609,-8.179,-13.184,-14.161,-15.381,-15.992,-17.335,-22.584,-29.908,-32.228,-32.594,-33.815,-34.547,-36.622,-37.965,-37.599,-32.96,-29.42,-14.893,-6.9582,-8.6673,-20.508,-24.171,-24.659,-21.851,-16.724,-14.649
-8.9114,1.3428,4.5167,7.8127,12.329,8.179,-1.8311,0.36622,7.9348,12.818,10.62,4.6388,5.7375,0.97659,-2.0753,3.296,6.8361,12.452,9.888,-3.4181,-4.7609,-4.0284,-8.4231,-5.1271,-3.5401,-1.9532,-4.1505,0.24415,2.3194,4.7609,3.5401,-5.7375,-8.6673,-15.992,-27.833,-25.391,-31.007,-32.594,-24.659,-14.039,-13.428,-25.636,-39.186,-42.116,-42.482,-35.89,-20.875,-7.3244,-6.2258,3.0519,11.719,-1.587,-9.888,-15.137,-16.236,-22.34,-18.921,-17.823,-19.166,-18.677,-18.189,-17.945,-15.259,-7.0803,-6.3478,-9.3997
-14.649,-16.114,-14.405,-14.283,-14.161,-9.0335,-6.592,-7.5686,-5.4933,-6.592,0.73244,-1.2207,-2.9298,-4.1505,-6.1037,-7.5686,-5.4933,-4.0284,-4.6388,-1.3428,7.3244,12.574,16.724,18.067,20.631,24.293,26.856,32.594,39.796,34.059,13.916,-3.0519,-21.607,-21.729,-6.2258,-6.1037,-7.4465,-6.9582,-11.231,-9.5218,-1.2207,-11.109,-11.231,-16.48,-25.636,-26.978,-24.659,-20.508,-21.363,-20.753,-19.044,-15.992,-18.555,-18.189,-10.01,-6.1037,-10.498,-5.1271,-1.8311,-13.306,-21.851,-16.846,-11.841,-8.301,-5.4933,-3.1739
-7.9348,-6.592,-1.9532,-10.987,-7.8127,-4.2726,-1.709,4.2726,5.1271,4.1505,5.005,3.7843,-1.2207,-0.24415,1.587,-0.4883,-3.5401,-7.5686,-8.0569,-4.883,0.4883,0.24415,-1.3428,0.36622,0.61037,3.296,8.179,18.311,29.42,29.054,33.815,25.391,2.3194,-26.978,2.9298,-4.2726,-6.3478,-6.4699,-4.6388,-0.4883,1.709,1.0987,0.36622,-1.4649,-0.4883,0.73244,0.61037,0.97659,1.0987,0.24415,0.4883,1.2207,-1.0987,-0.97659,-0.97659,-4.5167,-8.0569,-8.9114,-1.709,5.3713,4.3947,5.3713,-2.1973,-9.0335,-8.7893,-4.5167
-1.2207,-0.12207,-0.36622,-2.0753,-4.3947,-0.73244,1.0987,0.12207,3.4181,6.8361,11.475,14.405,15.748,16.358,14.161,6.592,-0.4883,-1.4649,2.9298,12.696,16.602,34.303,43.947,47.853,53.346,47.853,46.022,41.871,32.96,15.259,0.85452,4.1505,-28.565,-5.2492,-2.1973,-0.85452,-1.3428,-0.36622,-2.5636,-3.296,-1.4649,-2.0753,-2.1973,-4.883,-8.4231,-11.719,-15.748,-17.212,-16.602,-18.677,-20.142,-20.264,-19.654,-23.56,-27.345,-27.223,-18.799,-10.254,-5.4933,-3.4181,-3.5401,0,0.12207,1.587,0.4883,-0.61037
-5.1271,-13.306,-21.851,-11.963,-5.8596,-9.5218,-14.527,-11.719,-4.5167,-3.0519,-2.6856,-0.97659,1.2207,-2.5636,-13.184,-15.503,-15.625,-15.015,-7.9348,-12.207,-11.841,-6.7141,-8.179,-10.498,-8.301,-3.4181,-2.0753,-6.7141,0.97659,1.4649,-5.8596,-4.2726,3.5401,-6.592,-6.9582,-3.6622,-2.0753,-1.3428,-1.2207,-3.7843,-6.4699,-3.0519,-2.5636,-4.2726,-2.0753,-1.0987,-1.3428,-1.3428,-0.24415,-0.97659,-3.0519,-3.0519,-4.2726,-5.005,-5.4933,-1.709,5.7375,-2.1973,-6.8361,-4.6388,-4.1505,-4.2726,-3.296,-2.0753,0.12207,-0.24415
-3.0519,-4.0284,0.4883,0.36622,-1.2207,-1.709,-3.6622,-8.6673,-19.654,-38.942,-44.435,-9.5218,23.804,6.3478,3.6622,18.677,12.696,12.696,7.6907,4.6388,8.9114,11.353,15.381,17.701,5.3713,-21.241,-52.858,-57.863,-37.721,-23.316,-11.353,6.8361,37.965,-17.701,-19.898,-11.963,-9.0335,-12.574,-6.3478,-4.1505,-3.9064,2.5636,6.1037,3.7843,10.865,14.039,7.6907,6.9582,9.1556,15.259,22.95,31.983,39.796,43.458,44.435,42.482,51.759,65.31,75.808,80.447,77.761,80.569,71.657,64.455,42.726,22.34
14.527,26.612,38.331,43.825,43.58,33.937,31.129,32.594,30.519,25.147,22.095,24.293,25.758,20.997,19.776,26.49,31.495,31.739,36.134,36.256,31.373,31.373,29.786,24.293,18.555,5.7375,4.3947,12.452,5.9816,1.0987,9.3997,13.55,-4.2726,-0.4883,0.61037,2.0753,-0.36622,8.4231,7.9348,-5.1271,-2.0753,-4.7609,-6.8361,-4.3947,-3.7843,-7.0803,-7.9348,-3.296,-12.329,-9.3997,2.1973,10.743,-6.9582,-16.846,-13.062,-0.4883,-1.9532,-2.8077,10.865,21.607,26.856,5.7375,-18.433,-25.025,-26.49,-21.729
-24.293,-22.828,-13.062,-5.005,9.6438,11.353,-0.36622,-7.9348,-13.184,-6.4699,-2.9298,2.4415,7.2024,1.0987,-7.8127,-8.5452,-5.7375,-4.3947,-2.3194,-0.4883,-2.4415,-10.254,-15.137,-12.207,-9.2776,-6.592,-11.475,-14.039,-13.428,-22.095,-11.231,25.391,20.997,-4.1505,-0.61037,5.4933,3.9064,7.0803,1.709,-2.8077,-5.1271,-3.1739,-0.61037,-0.36622,-0.73244,-2.0753,-4.0284,-2.3194,-2.4415,-0.61037,1.587,0.97659,1.8311,1.709,0.97659,0.12207,-1.709,-2.5636,-0.97659,-1.3428,-2.6856,-5.005,-1.8311,5.2492,1.4649,1.587
-4.7609,-12.207,-12.818,-8.7893,-8.9114,-9.3997,-7.3244,-10.376,-18.311,-19.288,-27.467,-50.661,-49.318,-23.56,-7.4465,-11.109,-11.719,-6.592,0.97659,10.987,16.602,15.992,13.428,8.7893,10.987,8.9114,-12.818,-25.269,-23.927,-27.833,-15.625,4.7609,10.376,16.968,11.841,0.12207,4.2726,-2.0753,1.587,0.73244,0.97659,10.01,5.8596,-1.8311,-5.2492,-8.5452,-12.94,-11.109,-10.132,-10.132,-13.062,-20.631,-25.513,-21.851,-26.246,-30.396,-13.55,-9.888,-12.329,-12.94,-13.916,-13.062,-17.335,-20.142,-28.077,-18.799
-6.9582,-9.2776,3.1739,17.701,12.085,16.236,9.2776,-4.3947,-12.574,-6.592,-2.5636,-4.883,-2.4415,1.0987,2.4415,7.2024,7.0803,5.3713,-3.4181,-12.574,-10.865,-8.5452,-12.207,-13.916,-11.719,-12.696,-9.2776,1.0987,13.55,22.34,15.87,11.353,7.3244,-4.7609,-4.883,-2.4415,-1.0987,-0.97659,-2.0753,0.73244,0.24415,-1.4649,-1.9532,-3.296,-4.5167,-6.592,-8.179,-8.0569,-9.6438,-12.574,-14.527,-17.212,-21.851,-21.973,-21.729,-28.199,-21.729,-14.527,-13.794,-20.508,-22.217,-7.5686,7.8127,5.9816,-7.9348,-16.724
-25.636,-28.932,-37.233,-32.472,-24.293,-16.724,-12.329,-5.3713,9.0335,25.025,29.908,21.729,8.7893,5.8596,10.498,12.452,12.574,20.997,28.321,11.841,5.005,10.132,11.841,7.4465,5.005,7.2024,9.1556,10.62,18.799,14.405,11.231,24.049,26.734,-2.3194,-3.5401,-6.2258,-6.592,-4.6388,-4.7609,-5.3713,-3.0519,-2.0753,-2.9298,-2.1973,-1.709,1.0987,2.3194,-6.3478,-15.015,-24.781,-30.274,-29.786,-25.636,-24.781,-24.903,-29.786,-32.105,-30.519,-20.875,-7.3244,1.4649,2.3194,-6.4699,-13.062,-13.184,-17.701
-21.119,-10.376,-9.5218,1.587,5.1271,-1.4649,-5.4933,13.306,29.786,20.753,19.044,21.607,17.945,15.748,20.875,25.025,21.729,13.428,8.301,3.4181,-6.7141,-16.48,-19.776,-13.55,-4.0284,-1.587,-3.5401,5.2492,24.049,28.199,34.059,36.988,35.768,-2.4415,13.184,6.7141,-3.5401,-6.1037,-12.818,0.61037,1.587,-6.2258,-4.883,-12.696,-24.415,-18.433,-13.794,-11.231,-5.8596,-2.8077,7.3244,6.8361,2.1973,-0.4883,2.5636,5.3713,5.9816,1.9532,1.2207,4.6388,11.353,13.306,4.6388,-12.329,-19.776,-14.893
-2.8077,-5.9816,-22.095,-17.457,-5.1271,-4.7609,-3.0519,6.7141,14.649,14.527,1.4649,-11.109,-22.828,-30.274,-32.716,-31.861,-27.833,-26.734,-25.147,-21.485,-21.485,-24.293,-22.706,-17.945,-13.428,-7.5686,-5.3713,4.1505,31.007,24.903,18.921,38.697,53.346,-1.0987,-1.2207,-2.0753,-3.4181,-2.3194,-4.2726,-1.709,7.3244,-7.3244,-9.2776,-9.5218,-13.672,-9.1556,-5.6154,-5.3713,-6.8361,-9.6438,-13.672,-9.5218,-8.0569,-10.01,-11.109,-15.137,-19.288,-20.875,-25.025,-32.105,-28.565,-32.472,8.5452,15.015,11.109,1.709
-12.94,-8.4231,-5.6154,-11.353,-7.6907,-25.391,-32.594,-30.519,-16.968,-9.888,-4.6388,0,-3.296,-1.709,1.709,10.132,15.748,21.973,16.846,7.9348,1.9532,-0.4883,-3.6622,-9.3997,-10.01,-8.5452,-9.5218,-8.5452,0.61037,6.9582,4.3947,0,10.865,1.709,-21.607,-25.513,-25.025,-22.706,-22.584,-24.415,-27.589,-31.861,-29.664,-29.786,-30.274,-29.664,-29.542,-30.641,-32.472,-32.716,-32.594,-32.35,-34.059,-36.5,-39.186,-37.477,-41.383,-47.487,-36.5,-36.5,-45.045,-39.43,-25.513,-14.039,-5.1271,6.4699
14.649,5.005,-17.823,-5.8596,10.376,-0.73244,-14.283,-7.8127,4.2726,4.5167,5.6154,4.6388,-0.85452,-4.0284,0.85452,10.254,14.161,13.916,8.6673,-0.61037,-0.61037,-0.4883,3.4181,3.6622,-2.0753,-10.987,-15.625,-9.2776,-2.9298,4.883,0.85452,-1.709,6.2258,5.4933,16.114,13.916,8.179,-6.3478,-12.207,-14.771,-16.846,-16.48,-17.09,-18.189,-22.217,-28.199,-29.908,-26.612,-19.776,-14.771,-11.475,-10.132,-10.987,-10.498,-12.818,-13.306,-12.94,-11.475,2.1973,10.01,7.6907,8.4231,8.6673,6.8361,-0.73244,-4.3947
-5.8596,-5.6154,-4.0284,-5.9816,-6.9582,-6.2258,-7.0803,-7.2024,-11.231,-14.405,-14.527,-10.01,-21.119,-8.4231,1.3428,6.3478,8.7893,4.6388,3.6622,-5.3713,-23.072,-27.223,-18.799,-9.1556,-11.109,-6.4699,37.721,85.208,51.637,22.095,34.303,49.318,43.092,43.458,44.069,44.801,36.866,32.716,39.43,41.017,59.572,50.172,24.049,13.916,17.823,-18.433,-17.457,-16.358,-13.306,-7.0803,-6.592,-4.2726,7.0803,2.3194,-6.7141,-3.4181,6.7141,11.353,6.9582,-3.7843,-22.34,-33.57,-22.217,-6.592,2.8077,-2.9298
-11.231,-9.1556,3.4181,2.0753,-7.3244,-9.5218,-3.7843,-0.73244,-5.9816,-16.114,-14.527,-7.2024,-4.1505,-2.4415,2.4415,4.7609,1.0987,7.2024,17.701,19.044,5.9816,-1.4649,2.4415,12.452,7.8127,-0.73244,5.1271,2.0753,-2.4415,-12.94,-21.851,-21.485,-9.1556,-5.7375,-6.2258,0.36622,12.94,24.537,22.462,22.462,27.1,29.054,32.35,37.965,43.58,-3.9064,-14.283,-19.166,-20.508,-25.636,-26.49,-24.659,-22.95,-19.654,-28.565,-9.5218,-18.555,-34.181,-26.124,-13.55,-9.0335,-15.015,-18.921,-19.776,-14.771,-13.916
-3.296,7.5686,14.039,14.405,14.771,12.574,5.6154,1.3428,3.9064,-0.12207,-2.1973,-3.296,-1.2207,4.2726,0.85452,8.5452,10.743,4.1505,8.5452,14.649,22.217,25.513,20.142,7.0803,-2.3194,-4.2726,-8.0569,-5.7375,0.61037,10.132,25.147,32.96,26.002,11.841,8.301,0.12207,-15.015,-10.01,2.1973,6.592,2.0753,3.296,19.288,20.875,24.171,19.288,4.5167,-2.1973,-2.4415,-1.2207,0.24415,-5.005,0.73244,2.4415,-3.7843,-2.0753,0.97659,3.5401,2.1973,-2.0753,-11.475,-28.809,-33.937,-19.41,-4.2726,-3.296
-11.841,-15.381,-8.0569,-1.2207,0.24415,-8.7893,-16.724,-11.597,-7.8127,-25.269,-38.942,-33.937,-23.072,-14.771,1.0987,24.537,21.729,9.888,10.865,8.5452,-1.0987,0.12207,0.61037,-4.7609,-3.0519,8.0569,21.241,31.861,42.604,47.243,34.913,7.8127,-16.114,-24.415,-29.908,-28.565,-13.55,18.189,28.443,24.659,14.039,-8.5452,-18.189,-19.898,-17.823,2.5636,3.6622,4.0284,5.7375,2.6856,6.8361,0.36622,-6.3478,-5.6154,-1.9532,-4.2726,-10.498,-10.743,-12.574,-14.649,-16.602,-17.212,-18.189,-19.41,-22.706,-21.241
-26.124,-22.217,-10.865,-6.7141,-2.5636,0.73244,5.2492,8.7893,7.8127,0.4883,2.4415,4.3947,2.9298,8.5452,-4.1505,-11.353,-10.498,-7.5686,-4.0284,-3.6622,7.8127,4.2726,-3.0519,-3.7843,1.8311,-5.6154,-17.579,-16.48,-11.475,-10.498,-6.7141,0,6.4699,4.883,-1.2207,-7.5686,-14.771,-15.992,-13.794,-11.353,-7.2024,3.1739,8.9114,-5.8596,-3.1739,-5.4933,-4.3947,-1.2207,-0.85452,8.179,3.1739,0.4883,-2.9298,-5.9816,-2.3194,0,2.8077,2.4415,5.9816,6.7141,13.062,14.283,22.217,23.804,21.485,11.841
1.9532,-1.0987,0.97659,-6.4699,-12.329,-18.799,-24.049,-27.711,-23.804,-25.636,-25.513,-11.353,24.171,23.56,1.3428,2.5636,-12.085,-14.039,8.5452,11.353,-9.6438,-12.207,7.8127,30.152,34.181,29.42,20.875,15.87,17.945,19.288,20.875,9.0335,-4.1505,-8.4231,-5.4933,-4.7609,-7.8127,-18.067,-20.997,-12.085,-3.5401,2.0753,-0.36622,2.6856,2.8077,2.6856,-1.709,-3.6622,-7.0803,-14.649,-15.87,-9.5218,-1.3428,6.9582,1.4649,-14.649,-19.532,-27.1,-20.264,-16.602,-9.2776,-1.2207,1.709,9.1556,8.5452,7.4465
3.1739,3.5401,9.0335,3.4181,-6.7141,-16.114,-14.283,-10.987,-10.62,-6.1037,-10.62,-17.335,-14.893,-1.9532,6.8361,3.1739,16.602,7.0803,-15.992,-26.124,-10.987,2.3194,-0.85452,-5.1271,10.743,34.547,36.378,29.298,27.223,33.204,33.57,33.326,34.059,20.875,10.498,7.5686,-0.36622,-17.823,-21.851,-29.054,-31.495,-12.696,3.5401,13.794,13.062,-1.3428,-0.36622,-3.0519,1.0987,7.8127,7.6907,8.6673,11.597,6.2258,-1.9532,2.3194,2.8077,7.0803,16.114,11.353,-1.2207,2.1973,-3.296,-9.6438,-13.428,-20.264
-10.865,0.12207,-3.7843,-9.5218,-1.4649,3.296,8.7893,16.236,10.987,-3.4181,-4.0284,11.719,14.527,8.301,4.2726,2.8077,0,2.9298,19.776,38.697,56.764,60.427,33.692,27.1,28.321,20.875,-1.709,-26.49,-20.386,-19.288,-28.443,-29.054,-29.786,-41.017,-49.684,-53.835,-44.435,-17.945,3.1739,5.7375,-9.2776,-17.335,-1.9532,0.85452,-12.207,-15.748,-10.132,-3.0519,7.8127,7.5686,4.7609,-8.179,-6.1037,-10.132,-20.875,-27.1,-33.815,-25.147,-9.3997,-4.0284,0.85452,-0.12207,4.3947,8.5452,0.24415,-10.743
-31.129,-36.012,-30.763,-13.916,1.4649,6.2258,-4.3947,-5.8596,-0.36622,2.3194,-1.587,-9.1556,-7.4465,-5.7375,-10.743,-19.166,-16.724,-2.9298,8.9114,10.376,12.085,9.3997,5.4933,15.259,14.527,8.0569,5.005,-12.085,-13.55,-0.85452,14.649,28.199,36.988,25.269,11.475,7.6907,-0.85452,-5.3713,-11.109,-13.55,-14.283,-4.0284,13.184,18.555,13.184,17.823,-11.109,-15.625,-25.391,-27.345,-32.105,-21.729,-43.092,-26.368,-2.5636,-17.579,-41.505,-47.731,97.049,213.26,-16.968,-13.916,13.062,2.9298,5.7375,1.9532
1.709,-7.9348,-32.716,-48.952,-38.453,-10.254,15.992,12.818,0.97659,12.085,28.687,19.41,5.005,-4.1505,-17.335,-24.781,-21.485,-20.264,-12.574,6.9582,25.391,20.753,25.88,50.539,51.149,11.231,-29.42,-37.965,-30.641,-8.5452,14.161,18.555,9.6438,25.88,46.876,54.079,42.97,21.485,-0.4883,-25.391,-15.259,5.3713,27.833,32.35,12.452,-3.0519,-1.0987,-3.1739,-8.301,-8.7893,-3.9064,2.5636,3.4181,-3.9064,-8.5452,-5.7375,-5.3713,-5.7375,-10.254,-13.916,-17.579,-17.457,-14.161,-6.2258,4.0284,11.231
11.597,8.5452,-1.4649,-8.179,-20.508,-21.119,-14.771,-12.452,-7.0803,-9.0335,-5.4933,15.503,26.734,12.207,-1.709,-7.3244,1.4649,10.498,13.184,8.6673,7.0803,0.73244,3.1739,6.1037,-1.4649,-7.3244,-5.3713,0.85452,3.5401,1.4649,-3.0519,-10.498,-16.846,-12.452,-12.329,-3.4181,14.405,19.532,26.856,21.607,12.818,17.579,24.537,21.973,15.992,10.987,-9.1556,-9.7659,-4.5167,10.743,11.353,7.5686,-0.12207,-5.1271,-7.9348,-7.2024,-2.5636,-7.6907,-19.166,-20.02,-7.9348,0.85452,4.2726,7.5686,12.329,8.9114
0,-11.231,-10.376,-0.4883,2.9298,10.865,14.893,7.0803,2.5636,7.8127,24.293,26.49,31.861,28.932,15.015,9.3997,2.0753,-3.7843,-12.329,-28.321,-37.477,-20.508,-0.85452,7.0803,11.841,20.264,11.963,9.0335,16.724,25.025,5.9816,0.61037,2.4415,-3.4181,-21.241,-20.508,-8.179,7.0803,35.157,46.999,46.632,35.524,14.527,-3.296,-0.73244,-5.2492,7.8127,2.1973,7.4465,15.87,24.659,28.077,21.973,0.97659,-4.0284,7.5686,16.602,11.719,8.6673,14.283,10.498,7.8127,0,-4.7609,-9.1556,-10.865
-8.179,-6.8361,-10.987,-22.95,-13.55,2.3194,6.4699,-1.8311,-13.672,-12.696,-15.625,-24.293,-18.067,-2.1973,-4.5167,-5.4933,9.7659,10.132,1.3428,5.005,-0.12207,-7.5686,-7.8127,-0.36622,14.527,26.734,28.199,26.856,15.625,24.049,15.137,2.0753,0.4883,-13.55,-18.677,-20.508,-21.851,-18.311,-30.641,-32.594,-14.161,7.0803,13.306,10.254,9.6438,14.893,15.137,11.231,11.719,12.696,17.335,24.415,17.09,6.592,3.4181,7.6907,10.132,-4.1505,-22.584,-15.625,-1.709,0.4883,-8.179,-3.4181,2.4415,-20.875
-51.759,-57.863,-32.96,-9.7659,-9.6438,-21.607,4.6388,17.212,3.5401,-15.625,-37.721,-31.617,-9.5218,-2.5636,-6.7141,-0.24415,-5.005,-16.968,-14.649,-13.916,-9.1556,-5.8596,4.3947,5.4933,8.9114,9.7659,-2.4415,-9.888,-7.8127,-4.1505,-2.6856,12.574,13.672,7.8127,7.4465,22.095,29.298,8.5452,-13.062,-11.231,11.231,27.223,27.1,10.376,10.254,20.02,12.329,22.095,26.246,23.682,29.42,36.256,34.059,28.443,12.818,-4.6388,-12.329,-9.0335,-1.0987,-0.24415,-11.963,-12.818,0.36622,10.62,13.672,12.94
4.0284,-8.0569,-17.823,-19.654,-26.246,-34.669,-22.217,-16.846,-14.893,-7.3244,10.743,26.49,28.565,20.386,9.2776,-0.73244,-9.6438,-20.631,-37.233,-48.097,-43.458,-4.2726,49.562,68.972,39.064,4.1505,-6.592,-10.254,-13.184,-13.916,-21.973,-21.241,-5.6154,12.696,27.1,25.513,8.9114,2.1973,19.044,24.293,9.1556,-24.537,-43.092,-44.557,-50.783,-30.274,-1.587,2.4415,-6.2258,-2.3194,4.6388,2.5636,-1.2207,1.3428,8.6673,9.1556,4.7609,3.6622,2.5636,-1.0987,2.3194,3.9064,5.6154,8.301,17.457,9.7659
-2.1973,-2.4415,1.9532,3.9064,7.0803,14.039,19.898,19.288,13.794,11.963,17.701,17.579,20.142,18.189,12.085,8.9114,11.841,13.916,11.475,7.5686,3.9064,3.4181,3.7843,8.301,0.24415,12.207,6.592,12.207,11.231,1.2207,2.1973,10.498,11.963,12.207,8.7893,8.179,8.301,7.4465,17.335,21.241,25.88,11.841,3.5401,-8.301,-0.73244,6.3478,-8.9114,5.6154,8.301,11.597,12.574,9.5218,1.0987,1.0987,-6.4699,-1.9532,-1.9532,0.73244,-20.142,-12.94,-6.3478,1.3428,5.3713,-5.6154,-21.119,-9.5218
0,-5.005,-13.428,-21.973,-34.425,-27.223,0.24415,26.246,23.804,5.9816,-6.8361,-8.4231,0.73244,11.597,10.498,8.5452,19.166,33.082,45.289,49.562,37.843,14.527,-2.4415,0.4883,7.0803,7.0803,1.8311,-4.7609,3.5401,3.4181,0.12207,-11.597,-14.283,-0.24415,-6.8361,-10.62,-11.963,-4.7609,-10.376,-26.978,-34.059,-35.401,-34.059,-36.378,-31.007,-25.391,2.9298,12.452,8.7893,-3.9064,-17.823,-17.335,-4.2726,1.2207,-3.1739,-14.039,-13.794,-13.794,-1.587,-0.85452,-0.24415,3.4181,-6.1037,-13.428,-11.231,-11.719
-9.2776,9.2776,15.259,-1.587,-21.851,-15.625,3.0519,26.49,35.646,20.142,2.1973,7.6907,17.701,28.199,35.157,31.617,18.677,-2.6856,-26.978,-41.505,-38.087,-18.921,19.654,28.077,8.179,-6.4699,0.4883,1.709,8.0569,8.301,7.2024,-8.179,-20.508,-13.672,8.0569,6.8361,-8.5452,-23.804,-17.701,-0.36622,10.743,7.6907,9.3997,23.072,37.111,28.199,-26.368,-22.217,-21.607,-15.748,-13.428,-16.358,-11.231,-0.97659,1.0987,2.0753,3.296,4.0284,3.6622,-2.5636,-0.61037,1.4649,-14.039,-30.519,-20.386,-6.4699
-3.1739,-2.1973,4.3947,15.503,20.386,23.072,21.607,25.513,30.641,35.279,42.482,38.331,39.43,39.796,37.233,31.129,30.763,26.368,19.654,15.748,14.161,17.09,28.077,25.269,27.589,25.147,19.166,10.498,-8.9114,-9.6438,7.4465,4.7609,6.2258,2.5636,-0.36622,-2.3194,-1.3428,-0.4883,-0.24415,1.2207,4.2726,5.6154,3.7843,-2.6856,-6.1037,-13.916,-3.7843,-7.5686,-18.067,-25.513,-17.335,-8.0569,1.0987,22.462,28.932,18.189,2.9298,0.24415,-2.0753,-16.48,-22.95,-21.851,-14.527,-4.7609,1.587,4.3947
8.6673,14.039,18.189,18.311,13.794,2.5636,-14.283,-18.921,-15.992,-13.794,-12.94,-10.01,-2.1973,-0.36622,13.916,9.3997,-5.2492,-12.207,-22.34,-36.378,-30.03,-13.916,-12.452,-23.682,-20.264,-2.0753,23.682,22.584,9.888,18.067,28.321,17.457,-5.7375,-16.846,-20.142,-29.054,-27.833,-13.916,-1.0987,19.41,43.58,58.718,49.806,56.276,38.82,-3.9064,-15.625,-16.48,-21.851,-16.114,-8.179,-1.0987,3.296,3.0519,5.7375,2.9298,-12.085,-23.804,-27.589,-26.124,-15.259,-8.6673,-6.3478,-0.73244,-10.254,-23.438
-22.584,-17.579,-13.55,-5.8596,-1.9532,-8.179,-4.883,-1.8311,-2.9298,-8.9114,-15.259,-19.044,-29.298,-35.157,-24.293,-11.719,-5.4933,-1.9532,0.61037,-8.0569,-14.893,-6.4699,-4.883,-10.987,-11.109,-0.36622,5.3713,11.475,13.672,18.555,19.776,18.799,29.42,39.43,29.298,15.748,7.0803,3.1739,0.24415,-8.301,-13.55,-0.85452,17.579,25.147,16.358,9.5218,-8.0569,5.8596,15.015,15.748,14.771,14.649,9.3997,1.8311,12.574,10.743,-1.2207,-13.062,-20.875,-2.6856,27.711,27.589,13.184,13.55,22.34,26.002
23.804,14.527,-6.7141,-27.223,-22.34,-7.5686,10.498,19.044,13.062,3.5401,0.85452,-0.97659,-12.207,-15.748,-11.841,-33.57,-41.993,-9.6438,19.898,27.467,30.152,8.0569,-19.532,-24.171,-20.02,-18.799,-17.09,-13.55,-23.927,-25.025,-17.945,0.97659,22.584,36.622,29.542,24.049,42.36,52.492,41.017,36.256,25.025,9.3997,18.799,17.579,3.1739,-14.893,-11.597,-10.132,-10.865,-15.748,-17.579,-25.513,-22.828,-16.968,-20.264,-22.584,-15.503,-2.9298,2.3194,3.7843,5.9816,-6.1037,-20.02,-10.743,-1.0987,-7.2024
-15.992,-10.987,3.7843,9.3997,9.5218,6.3478,4.0284,-1.0987,-7.5686,-3.296,1.9532,-13.184,-13.794,6.4699,4.6388,-13.794,-11.109,-13.794,-10.254,10.254,25.636,17.701,18.067,14.649,6.592,15.87,17.457,16.236,19.41,17.945,12.574,6.7141,1.9532,6.8361,-2.1973,-6.1037,7.4465,21.119,17.823,9.5218,4.5167,4.2726,6.1037,5.9816,-7.3244,-3.5401,-9.6438,-7.0803,4.883,8.7893,7.4465,13.306,11.353,-2.1973,-2.3194,-4.5167,-10.01,-4.5167,-1.9532,-15.259,-21.851,-17.945,-9.5218,-8.5452,-8.0569,-10.376
-10.987,-3.1739,-13.428,-19.654,-15.381,-12.329,-7.4465,7.3244,15.625,7.5686,-11.597,-9.888,9.6438,19.288,18.067,17.945,11.231,-2.4415,-12.696,-21.607,-30.03,-29.054,-19.532,-5.6154,1.3428,6.1037,5.6154,5.4933,9.0335,-4.5167,-16.358,-21.241,-31.983,-19.166,2.6856,-4.6388,-21.607,-14.161,4.7609,22.828,35.89,45.534,42.97,37.233,20.875,1.2207,-9.1556,-14.039,-8.4231,-0.97659,1.2207,-3.1739,-6.1037,-7.4465,-7.6907,-2.5636,-2.6856,-5.8596,-3.9064,-2.9298,-4.1505,-4.883,-5.4933,-4.0284,-2.3194,-2.0753
-2.8077,-3.9064,-2.4415,-1.0987,-4.883,-9.1556,-4.1505,4.1505,3.1739,-12.94,-18.555,-9.7659,-0.73244,-3.5401,-7.6907,-13.55,-14.649,-10.743,-19.044,-19.288,-20.386,-17.701,-11.475,-5.4933,-6.2258,-8.301,-4.1505,-6.1037,-7.9348,-9.5218,-5.2492,-7.3244,-7.2024,1.4649,-12.085,-12.207,-0.36622,8.7893,-8.301,-18.677,-8.4231,-11.719,-21.119,-31.007,-21.607,-19.898,-9.2776,-10.865,-11.597,-16.602,-26.246,-15.503,1.709,4.6388,0.24415,-8.6673,-12.085,-17.457,-12.207,-2.5636,-9.7659,-14.039,-0.24415,8.7893,9.1556,8.179
5.2492,-6.3478,-7.8127,-7.0803,2.3194,5.4933,0.97659,2.6856,7.8127,2.1973,-20.753,-52.126,-65.798,-55.3,-40.773,-33.692,-7.4465,18.311,25.88,23.56,19.532,6.592,-7.2024,-12.574,-3.4181,13.306,23.804,16.846,5.8596,1.3428,6.8361,12.818,18.067,9.0335,5.2492,30.641,50.05,32.594,11.109,-2.0753,-0.97659,4.1505,-5.4933,-18.189,-13.794,-8.5452,-4.2726,11.353,9.7659,2.6856,-2.1973,0.61037,4.7609,5.4933,6.7141,3.1739,-0.24415,-3.9064,0.61037,-1.3428,-2.4415,5.3713,5.6154,-1.3428,4.0284,9.2776
11.963,11.231,7.4465,-9.0335,-10.132,1.8311,7.9348,10.865,12.696,18.433,52.98,39.552,2.5636,40.04,29.664,24.293,18.067,10.498,1.4649,-2.3194,2.8077,6.8361,0.4883,-5.005,-4.883,0.97659,2.5636,-0.12207,-2.8077,1.9532,7.2024,5.005,-1.709,-4.5167,-4.3947,-3.9064,1.709,2.3194,3.9064,-7.6907,-14.039,-14.527,-8.7893,-14.527,-20.997,-19.654,-20.264,5.9816,-9.7659,-19.898,-21.485,-16.968,-10.987,-8.4231,-5.4933,0.36622,7.2024,6.592,0.24415,-4.1505,0,7.5686,5.005,-4.0284,-17.335,-15.992
0.85452,21.729,20.631,-2.4415,-5.7375,4.883,20.142,25.025,16.114,13.306,11.231,3.7843,3.9064,5.9816,-3.7843,-19.41,-21.607,-9.5218,7.0803,14.405,11.963,3.296,-3.0519,6.2258,9.2776,12.574,0.85452,-4.3947,3.5401,4.0284,-10.01,-21.729,-13.428,5.7375,10.132,12.452,15.748,4.5167,13.306,22.706,23.072,25.513,22.584,23.682,10.254,-12.818,-16.358,3.1739,-0.61037,-6.1037,-5.4933,-2.8077,0.4883,-0.4883,-4.883,-6.9582,6.2258,8.6673,5.4933,-7.8127,-9.0335,0.12207,4.3947,1.587,-0.4883,0.36622
-0.73244,-1.9532,0.36622,2.0753,0.61037,0.61037,-0.4883,-2.3194,-1.0987,-1.3428,-2.0753,-2.8077,-2.9298,-6.1037,-6.7141,-5.2492,-5.4933,-6.3478,3.9064,8.301,4.7609,-8.179,-10.62,-5.2492,0.36622,-2.3194,-3.9064,-1.8311,-2.0753,-3.296,-1.0987,5.2492,2.3194,-3.7843,-4.7609,-3.4181,0.24415,-3.7843,-0.36622,-6.7141,-10.743,-9.7659,-10.376,-4.3947,-10.01,-10.254,-14.405,-18.311,-16.724,-10.498,-9.0335,-4.1505,1.4649,-4.5167,-10.01,-12.207,-10.62,-6.3478,4.883,2.9298,-3.0519,-2.9298,1.0987,-3.0519,-6.8361,-3.4181
4.883,8.301,11.597,7.3244,17.579,36.256,42.482,37.721,12.94,-10.62,-19.898,-13.55,10.865,34.303,48.585,59.45,35.646,4.2726,-17.579,-36.5,-36.744,-29.664,-18.311,-7.0803,3.0519,11.231,18.433,21.851,13.306,4.2726,2.8077,1.709,10.743,21.851,35.646,18.677,-10.254,-6.2258,-0.24415,1.9532,12.818,17.945,4.0284,-10.743,-5.6154,12.085,-0.97659,-35.401,-56.764,-26.978,-12.329,-12.696,-9.3997,-0.24415,-13.184,-30.274,-33.937,-11.475,-17.212,-15.625,-10.987,-6.3478,-14.039,-21.729,-24.049,-13.672
5.4933,9.0335,2.4415,-0.85452,-1.3428,4.1505,8.4231,13.672,19.41,17.09,17.457,15.503,15.503,32.838,12.329,9.5218,11.109,10.01,2.5636,0.97659,-23.194,-14.283,-15.625,-22.706,-18.555,1.3428,9.2776,7.2024,6.1037,-8.6673,-23.438,-21.485,-20.631,-20.264,-13.794,-5.005,-3.0519,-7.0803,-7.8127,-7.6907,-7.0803,-9.2776,-11.719,-13.794,-7.0803,0.97659,-1.9532,-0.4883,1.9532,0.4883,0.97659,-1.9532,0.97659,2.6856,3.0519,0.61037,-0.12207,-2.3194,-4.5167,-5.005,-3.7843,-3.7843,-7.3244,-5.8596,-5.7375,-5.8596
-5.6154,-5.1271,-6.7141,-8.179,-8.301,-7.2024,-6.2258,-5.2492,-5.9816,-5.005,-3.5401,-2.3194,0.12207,4.6388,15.137,21.729,10.987,2.3194,-5.6154,-9.2776,-15.381,-25.513,-34.425,-37.721,-38.087,-36.5,-32.96,-27.467,-22.34,-22.95,-20.508,-18.189,-14.161,-13.794,-17.945,-14.161,-5.2492,-2.0753,1.2207,4.1505,7.0803,8.9114,12.329,19.654,13.55,2.1973,3.5401,-4.883,2.1973,-0.36622,-10.865,-6.8361,-3.1739,-5.4933,-6.8361,-6.1037,-4.1505,-3.0519,-2.8077,-4.6388,-0.61037,3.296,4.0284,1.4649,1.3428,8.6673
9.1556,2.3194,-1.8311,0.12207,-5.7375,-8.0569,-5.1271,-3.1739,-5.9816,-13.062,-19.044,-19.044,-21.241,-26.124,-32.105,-32.105,-25.88,-22.706,-22.95,-18.799,-15.015,-20.508,-29.786,-25.025,-15.503,-6.592,-2.9298,-4.6388,-3.5401,4.0284,12.329,21.485,28.809,35.035,38.087,41.017,37.965,28.687,23.194,24.903,21.485,22.217,26.49,23.072,13.794,3.9064,-2.0753,-0.97659,-2.1973,-2.9298,-3.5401,-7.9348,-13.55,-16.602,-18.189,-21.851,-22.584,-23.072,-23.804,-19.898,-16.236,-19.044,-15.015,-13.306,-13.062,-12.818
-11.353,-9.3997,-7.5686,-6.3478,-4.883,-1.4649,-1.8311,-3.4181,-3.5401,-0.36622,-0.12207,-0.97659,-1.3428,-3.1739,-5.1271,-5.7375,-5.6154,-2.8077,3.1739,5.2492,-1.9532,-9.5218,-12.818,-16.114,-19.532,-11.841,-10.376,-13.062,-14.527,-17.457,-18.799,-17.579,-18.311,-18.433,-13.428,-13.428,-11.231,-6.4699,-8.4231,-48.219,-43.336,-24.415,-6.4699,14.039,15.87,13.55,20.386,-8.301,-6.4699,-5.8596,-4.883,-3.9064,-2.8077,-4.1505,-4.3947,-5.005,-4.0284,-1.4649,-1.4649,-2.3194,-1.709,1.2207,0.73244,0,-2.8077,-0.73244
-3.1739,-5.005,-5.005,-1.2207,-0.61037,-8.7893,-9.3997,-5.1271,-6.9582,-8.9114,-5.8596,-5.4933,-7.9348,-13.428,-17.579,-19.898,-19.288,-15.503,-15.259,-16.968,-21.973,-27.1,-28.199,-28.199,-27.1,-17.457,-16.114,-20.508,-21.485,-19.288,-13.306,-0.97659,8.179,11.231,14.893,12.94,14.405,14.527,13.184,10.743,6.3478,2.1973,-1.2207,-5.9816,-8.179,-2.1973,-0.73244,9.2776,-3.4181,-8.0569,-6.7141,-8.9114,-10.62,-14.771,-16.236,-17.457,-21.973,-29.298,-35.035,-36.134,-36.256,-27.955,-23.56,-13.672,-9.0335,-4.883
-4.6388,-5.2492,-5.4933,-4.1505,-1.4649,2.5636,5.6154,4.6388,5.7375,7.6907,8.5452,9.7659,8.0569,4.6388,1.8311,0.73244,0,0.4883,3.296,9.0335,1.4649,-6.9582,-9.5218,-10.62,-8.5452,-8.5452,-7.5686,-10.254,-14.771,-27.1,-32.96,-37.355,-34.791,-27.589,-27.589,-28.932,-28.565,-24.049,-22.217,-18.311,-14.161,-7.8127,-10.743,-9.2776,0.97659,15.137,20.264,-10.254,-9.1556,-14.649,-7.9348,-6.9582,-10.132,-9.7659,-6.592,-6.8361,-6.1037,-1.4649,-3.1739,-2.5636,1.0987,7.2024,10.62,6.8361,6.2258,6.7141
7.0803,8.9114,9.3997,9.0335,10.376,7.5686,5.6154,9.888,5.6154,6.1037,4.6388,-10.743,-17.701,-20.142,-22.095,-26.612,-27.1,-26.978,-31.495,-26.856,-14.893,-7.8127,-5.6154,-0.24415,6.3478,4.883,2.3194,-2.1973,-5.8596,-7.3244,-5.7375,-2.9298,-3.1739,-2.8077,-4.883,-5.8596,-13.062,-17.579,-20.264,-21.607,-22.34,-18.921,-16.358,-17.701,-15.259,-10.987,-7.4465,21.607,21.119,19.41,19.166,18.311,20.142,20.142,11.597,3.7843,-2.9298,-8.179,-1.3428,8.301,8.179,0.36622,-0.36622,-2.4415,-4.6388,-5.4933
-1.8311,-0.12207,-0.36622,2.6856,1.9532,1.0987,-3.1739,-4.6388,-9.888,-16.846,-21.363,-25.025,-31.983,-37.843,-40.895,-41.993,-44.313,-42.36,-37.355,-25.147,-18.433,-9.888,-0.73244,7.8127,16.968,23.804,31.617,33.692,27.223,17.823,12.574,15.503,20.142,20.875,16.968,13.55,14.527,19.166,23.438,22.584,20.264,18.433,18.677,19.166,20.386,18.433,6.8361,3.1739,8.5452,5.3713,1.8311,-1.587,-1.8311,-2.6856,-2.9298,-2.3194,-2.5636,-0.36622,0.85452,-0.36622,-3.5401,-7.6907,-8.9114,-3.1739,-0.36622,-5.2492
-8.5452,-0.73244,-3.0519,-8.4231,-14.771,-19.41,-16.968,-16.602,-16.358,-15.259,-20.875,-15.015,-11.109,-9.1556,-6.592,-5.1271,-3.6622,-4.7609,-0.85452,3.6622,5.3713,-0.61037,-4.5167,-6.7141,-0.85452,0.12207,-2.6856,-5.7375,-4.1505,0.12207,0.85452,-0.73244,4.883,10.254,11.963,7.2024,3.9064,6.9582,9.2776,6.3478,0.36622,0.36622,1.9532,7.0803,5.8596,2.3194,-4.1505,-6.592,-5.1271,-1.4649,-0.85452,-2.8077,-3.0519,-3.6622,-2.3194,0.4883,2.0753,-1.3428,-1.2207,3.1739,10.743,16.358,21.729,15.381,7.3244,7.2024
9.2776,6.2258,5.2492,6.592,6.592,5.005,7.9348,11.841,7.2024,-1.709,-5.8596,-7.0803,-9.3997,-12.818,-16.358,-18.189,-16.968,-16.724,-19.654,-25.758,-22.706,-29.054,-35.401,-30.763,-25.513,-21.485,-19.288,-7.6907,2.9298,4.3947,6.3478,8.5452,9.1556,8.5452,14.527,21.363,21.607,13.55,8.7893,14.649,15.748,9.6438,3.9064,-6.4699,-14.527,-16.968,-20.02,-5.3713,-2.9298,0.24415,-0.12207,-2.8077,-0.97659,0.73244,2.4415,4.3947,5.2492,8.6673,11.353,7.3244,3.4181,5.4933,4.5167,5.6154,9.888,-0.36622
9.3997,9.0335,10.865,6.8361,-2.0753,-7.3244,-5.7375,-3.4181,-4.5167,-1.709,1.0987,-6.2258,-12.329,-14.405,-13.916,-15.015,-10.132,-2.0753,-1.8311,-1.709,0.85452,-5.7375,-9.2776,-3.7843,-2.0753,-2.9298,-2.5636,6.9582,18.311,22.095,15.992,14.527,9.6438,0.12207,-6.1037,-11.841,-17.823,-16.968,-13.306,-16.724,-22.462,-24.293,-26.124,-28.687,-29.908,-28.565,-30.519,-10.62,-10.743,-10.62,-11.109,-11.109,-10.254,-6.1037,-3.7843,-3.4181,-3.7843,-1.3428,-1.0987,0.24415,-0.12207,1.709,-1.2207,-5.2492,-12.574,-10.498
-0.4883,1.0987,-3.296,-7.0803,-3.7843,-6.2258,-8.6673,-6.3478,-0.97659,5.4933,8.301,5.005,-5.6154,-7.0803,-3.7843,-7.8127,-20.508,-14.649,-12.085,-1.9532,-3.296,-5.005,-6.8361,-7.8127,-11.475,-9.0335,-3.9064,1.709,0.24415,-8.179,-10.01,-3.4181,5.2492,10.62,14.527,18.189,18.067,16.114,8.4231,-2.8077,-11.597,-17.212,-19.776,-18.189,-23.072,-12.818,-6.592,-5.9816,-6.592,-7.2024,-7.3244,-6.1037,-7.2024,-6.7141,-6.3478,-6.7141,-3.7843,-3.4181,0.85452,11.597,11.109,12.696,16.236,15.992,11.475,10.62
14.161,9.0335,5.8596,9.888,5.9816,1.8311,3.9064,-9.0335,-12.452,-9.3997,-9.7659,-8.179,-10.62,-6.4699,-3.5401,-7.6907,-11.109,-15.137,-22.462,-22.828,-24.415,-26.246,-25.636,-18.921,-13.916,-12.452,-11.719,-11.963,-5.9816,-1.3428,9.2776,17.457,30.885,36.988,31.861,21.729,14.283,15.503,21.241,15.381,6.9582,1.587,-5.8596,-10.987,-11.353,-17.579,-17.579,-11.353,-12.452,-12.94,-9.2776,-9.2776,-4.0284,-0.85452,-2.0753,-2.0753,-3.0519,3.4181,3.9064,2.1973,9.3997,14.283,13.306,12.94,13.916,16.968
18.067,19.654,17.09,12.329,11.231,6.3478,-11.475,-17.823,-21.119,-12.574,-4.883,-5.005,-5.2492,-8.6673,-6.8361,1.4649,4.7609,-2.9298,-14.405,-27.345,-25.758,-28.199,-31.617,-33.692,-22.706,-12.329,-10.865,-10.01,-8.179,-2.1973,0.4883,0.24415,-1.8311,-3.4181,-3.5401,-9.6438,-14.649,-22.217,-22.34,-16.114,-10.987,-4.2726,-3.5401,-2.1973,-3.0519,-5.1271,-7.2024,-7.8127,-7.6907,-8.7893,-5.1271,-3.5401,-2.9298,-2.4415,-2.1973,1.0987,6.7141,15.259,10.865,4.1505,3.5401,1.8311,-0.85452,3.1739,6.1037,10.376
4.3947,-4.0284,-7.2024,-7.4465,-10.62,-11.231,-9.2776,-14.649,-20.508,-17.457,-16.358,-24.049,-32.472,-36.988,-40.773,-36.988,-33.937,-27.833,-6.9582,7.8127,12.94,8.301,9.7659,18.433,6.4699,0.97659,2.4415,2.6856,4.5167,2.0753,4.1505,8.0569,10.987,9.7659,1.709,-5.005,-10.132,-18.067,-23.56,-26.368,-30.519,-27.833,-24.537,-20.631,-16.48,-12.452,-8.9114,-5.6154,-4.6388,-2.3194,0.12207,3.1739,6.8361,9.0335,14.649,15.87,17.701,14.649,12.818,14.283,19.044,23.194,23.194,20.386,24.659,25.025
18.799,10.743,10.376,15.625,10.743,1.8311,-3.1739,-12.818,-15.748,-20.142,-23.316,-25.269,-37.477,-39.064,-35.401,-34.547,-28.687,-26.002,-33.448,-19.776,2.3194,5.8596,13.184,28.077,33.815,40.651,42.97,38.453,37.599,36.622,28.565,22.828,17.212,11.109,-0.4883,-8.7893,-13.672,-19.532,-32.35,-33.448,-34.425,5.4933,3.6622,1.8311,0.12207,-2.9298,-5.005,-6.9582,-11.597,-13.672,-11.353,-9.2776,-5.7375,-6.7141,-7.2024,-8.9114,-5.6154,-2.8077,-2.1973,0.12207,2.6856,2.6856,3.1739,-2.9298,-2.5636,5.7375
8.179,0.73244,-5.005,-8.179,-13.916,-13.916,-11.231,-9.3997,-11.353,-17.701,-20.875,-24.903,-28.932,-23.56,-25.513,-34.669,-39.552,-31.617,-24.049,-19.41,-18.555,-14.771,-11.231,-6.1037,-1.709,1.587,7.6907,8.4231,4.7609,0.73244,1.709,9.2776,12.94,15.625,15.503,17.823,19.654,18.189,19.41,8.4231,9.1556,-3.1739,-3.6622,-2.9298,-4.7609,-7.5686,-5.7375,-4.883,-2.6856,-2.6856,-2.0753,-0.61037,1.0987,3.9064,1.8311,-0.4883,4.3947,7.9348,9.6438,8.301,8.9114,7.0803,11.963,23.927,19.654,5.3713
-1.587,-7.5686,-7.9348,-6.4699,-12.207,-13.062,-15.381,-16.236,-16.724,-14.771,-15.259,-15.381,-18.067,-20.386,-13.916,-16.968,-13.184,-3.0519,-9.7659,-10.987,-13.184,-7.2024,-0.24415,0.24415,-6.3478,-3.296,3.7843,10.865,13.062,7.5686,6.592,5.8596,4.3947,4.2726,5.6154,1.2207,-2.6856,-10.132,-18.433,-18.433,-20.753,-1.4649,-4.883,-5.005,-4.5167,-3.6622,-0.73244,-2.8077,-3.5401,-8.5452,-8.0569,-6.4699,-6.7141,-7.9348,-9.0335,-8.4231,-10.865,-12.207,-10.132,-8.301,-6.1037,-5.2492,-6.1037,-7.6907,-6.7141,-4.6388
-8.6673,-12.452,-4.7609,-0.73244,0.4883,-1.9532,-2.5636,-2.1973,-0.97659,-6.592,-12.207,-14.771,-12.207,-6.1037,-8.301,-8.6673,-11.231,-9.6438,-8.5452,-8.301,-4.6388,-8.9114,-8.9114,-8.9114,-13.184,-14.283,-9.5218,-6.3478,0.12207,16.724,14.405,6.4699,5.8596,4.2726,0.85452,1.3428,3.6622,-3.9064,-5.1271,-3.7843,-15.137,-8.0569,-7.8127,-6.3478,-5.7375,-10.132,-16.114,-15.992,-12.329,-12.207,-11.231,-8.7893,-2.5636,0.24415,0.24415,2.0753,9.2776,9.888,9.3997,18.189,15.015,2.6856,-2.4415,1.2207,4.883,10.987
9.7659,5.005,4.3947,6.9582,6.2258,-0.73244,-2.3194,-0.97659,-3.5401,-6.9582,-10.376,-14.649,-19.288,-19.898,-26.368,-33.57,-38.331,-32.472,-28.809,-22.584,-15.748,-8.7893,-4.6388,-3.9064,-5.6154,-6.8361,-6.592,-4.7609,-4.2726,-4.6388,-1.4649,3.5401,3.9064,0,-2.3194,-1.4649,-3.1739,-7.5686,-21.119,-21.851,-32.228,-0.73244,-7.0803,-14.893,-45.045,-46.51,-30.03,-16.236,-15.748,-0.85452,-12.94,-37.599,-33.57,-26.734,-17.945,-8.179,3.5401,9.0335,6.592,0,-2.3194,14.405,12.085,-6.2258,8.179,15.015
10.01,7.9348,0.36622,-6.7141,-2.8077,1.709,6.7141,2.8077,3.0519,6.4699,0.61037,-11.353,-25.147,-22.217,-19.654,-19.288,-18.433,-13.184,-5.3713,9.5218,23.804,15.137,0.12207,-0.24415,-0.4883,1.8311,1.2207,-2.3194,-2.3194,-4.5167,-6.1037,-8.9114,-15.625,-20.508,-30.519,-39.064,-48.463,-43.336,-30.641,-28.687,-16.846,-10.132,-8.6673,-9.3997,-3.296,-1.709,-0.61037,-1.8311,-0.12207,6.3478,11.353,9.7659,7.0803,5.1271,8.5452,5.9816,0.97659,2.3194,-1.709,-1.0987,0.97659,-7.9348,-18.433,-21.973,-25.636,-28.443
-23.927,-24.293,-14.283,-19.044,-17.457,-15.87,-16.846,-20.142,-25.636,-25.391,-31.617,-37.965,-40.651,-37.965,-39.308,-33.57,-28.321,-29.298,-31.495,-33.326,-42.726,-41.139,-33.692,-26.002,-16.48,-7.2024,7.4465,12.818,8.0569,8.301,9.3997,15.503,6.1037,10.62,10.498,15.625,16.114,13.672,14.405,21.607,29.054,-22.34,-26.856,-29.664,-27.589,-28.077,-25.88,-25.758,-24.903,-20.631,-17.335,-15.748,-20.753,-22.34,-21.119,-18.433,-11.841,-4.3947,6.7141,-0.61037,-5.8596,1.2207,10.743,11.963,9.2776,1.9532
-4.6388,-2.5636,-1.0987,-2.9298,-7.8127,-9.2776,-6.8361,-5.2492,-3.7843,-3.5401,-7.3244,-11.353,-10.865,-11.963,-8.179,-15.625,-11.597,-12.207,-10.62,-10.865,-9.7659,-8.0569,-9.6438,-7.5686,0.12207,4.5167,0,-1.709,-11.719,-22.095,-25.88,-28.687,-29.542,-25.88,-20.997,-13.062,-4.2726,-5.9816,-7.0803,-10.254,-5.7375,-5.6154,-4.7609,-3.4181,-4.7609,-4.2726,-3.4181,-0.12207,0.85452,0.4883,-0.85452,-1.8311,-0.85452,2.4415,1.9532,1.2207,5.4933,5.7375,1.8311,1.3428,17.335,22.706,23.682,16.358,10.987,7.6907
6.3478,4.3947,1.587,-1.3428,-3.6622,-8.0569,-9.6438,-11.719,-12.696,-14.527,-18.189,-22.95,-29.42,-30.274,-29.298,-19.654,-10.865,-14.405,-14.771,-15.503,-9.1556,-7.0803,0.36622,-1.0987,-0.61037,1.709,-2.4415,1.0987,4.7609,3.5401,2.1973,0.24415,-1.2207,-5.7375,-12.818,-21.729,-27.589,-25.513,-18.921,-10.865,-11.353,-4.7609,-5.4933,-8.4231,-6.3478,-7.2024,-7.5686,-8.4231,-7.5686,-7.0803,-8.7893,-14.039,-18.067,-17.579,-17.579,-10.01,-5.7375,8.179,9.6438,3.296,-2.4415,-3.4181,1.2207,5.005,9.5218,5.2492
-1.9532,8.179,7.3244,1.9532,0.97659,3.7843,0.61037,-9.7659,-19.166,-22.462,-21.241,-23.316,-14.527,-20.631,-26.856,-29.42,-27.1,-23.682,-17.701,-15.87,-6.7141,3.296,11.353,13.55,11.597,12.329,13.184,8.4231,6.8361,1.0987,-2.3194,-2.4415,-4.1505,-10.01,-21.607,-21.363,-27.223,-30.396,-37.721,-35.768,-22.34,-2.6856,-5.4933,-4.3947,-3.1739,-4.0284,-4.2726,-6.4699,-8.5452,-10.132,-9.6438,-9.7659,-8.4231,-7.4465,-11.963,-9.5218,-8.7893,-10.376,-16.48,-21.485,-23.194,-17.945,-10.498,-7.8127,-3.7843,-6.7141
-5.6154,-0.73244,0.73244,-1.587,-5.7375,-7.5686,-4.2726,0.4883,2.6856,3.1739,-5.005,-3.5401,-3.5401,2.1973,-5.3713,-12.085,-12.818,-17.457,-15.992,-9.888,-0.85452,10.132,15.259,15.381,13.55,16.602,20.631,22.584,18.433,22.34,26.734,26.246,25.513,22.462,17.09,6.9582,-5.8596,-14.161,-21.851,-17.457,-11.109,3.9064,8.7893,2.6856,1.0987,-0.4883,-0.97659,-0.61037,0,-1.0987,-0.97659,0.36622,7.3244,8.6673,4.2726,-0.97659,-1.4649,-1.3428,-1.0987,12.696,9.2776,9.888,3.7843,2.1973,1.3428,6.4699
4.2726,0.85452,-0.4883,0.73244,-5.3713,-6.7141,-6.3478,-9.6438,-9.6438,-4.2726,-5.3713,-10.376,-17.335,-22.34,-29.054,-30.274,-31.129,-25.636,-17.335,-18.189,-11.475,-16.602,-16.114,-22.462,-19.898,-20.631,-20.997,-19.532,-21.729,-21.119,-22.34,-25.88,-15.381,-14.893,-16.724,-10.498,-3.1739,1.587,1.709,7.0803,15.992,9.1556,8.6673,7.0803,4.1505,2.5636,1.8311,0.97659,-1.8311,-2.9298,-6.8361,-10.376,-2.9298,0.61037,2.3194,0.85452,-0.12207,-8.5452,-14.405,-10.743,-4.1505,-2.3194,-6.8361,3.6622,3.1739,0.85452
3.7843,4.0284,7.9348,12.207,14.527,14.771,13.184,11.475,10.376,12.329,10.498,1.2207,-8.6673,-7.9348,-4.5167,-8.9114,-11.475,-10.62,-12.452,-17.457,-10.865,-10.376,-6.1037,-7.5686,-10.865,-9.0335,-8.9114,-11.109,-11.231,-11.963,-6.1037,-14.771,-19.288,-17.945,-16.358,-21.119,-22.462,-23.072,-19.776,-17.701,-12.207,-2.8077,0.97659,5.8596,8.5452,6.592,2.5636,0.4883,0.4883,0.24415,2.6856,2.0753,-4.6388,-0.4883,-2.1973,-0.97659,1.4649,4.7609,6.7141,8.301,9.2776,7.5686,13.184,9.1556,9.888,4.2726
20.264,28.199,18.433,9.7659,-0.61037,-3.296,-13.306,-22.706,-27.223,-23.682,-23.438,-22.584,-25.513,-27.223,-24.781,-17.579,-16.724,-13.062,-11.231,-0.61037,8.5452,17.701,19.166,13.184,7.3244,0.24415,-8.9114,-23.682,-19.776,-13.55,-14.649,-21.363,-27.345,-29.054,-31.251,-30.641,-32.105,-26.612,-19.288,-16.48,-13.794,-13.794,-13.672,-14.771,-21.119,-17.945,-22.828,-29.908,-33.326,-33.815,-35.89,-36.988,-37.599,-38.209,-41.993,-43.458,-40.284,-36.256,-31.983,-28.687,-26.612,-23.682,-19.898,-14.283,-13.794,-7.5686
1.8311,8.9114,15.87,21.119,11.109,11.597,20.142,18.433,11.475,19.532,25.88,16.968,13.062,10.132,0.24415,-5.005,-2.5636,5.1271,9.5218,3.5401,2.8077,8.0569,15.625,34.181,38.087,34.669,22.462,23.072,35.89,15.381,3.1739,16.48,18.799,17.09,19.898,20.875,16.48,6.4699,-3.7843,-0.12207,-0.24415,-10.01,-8.301,-8.179,-2.4415,-7.3244,-9.0335,-8.7893,-5.8596,-1.0987,1.8311,4.5167,4.5167,0.97659,0.12207,0.97659,0.85452,0.61037,4.3947,9.888,6.1037,0.24415,-0.36622,-0.4883,-1.9532,-8.4231
-8.9114,-8.9114,-15.015,-19.41,-12.452,-11.475,-15.503,-12.452,-10.987,-9.888,-14.527,-10.987,-8.0569,-2.4415,-4.5167,-4.883,-6.592,-2.6856,-4.2726,-6.3478,-18.555,-11.597,-10.62,-0.73244,0.85452,-12.085,-11.597,5.3713,10.01,12.818,10.254,7.5686,8.5452,6.592,6.2258,2.5636,-6.2258,-19.288,-20.02,-30.885,-22.095,3.1739,0.36622,0.97659,0.73244,3.9064,3.9064,3.296,4.1505,5.005,2.9298,2.5636,1.587,2.4415,3.0519,-0.36622,-5.3713,-7.4465,-10.62,-10.254,-12.94,-10.01,-7.6907,-4.5167,-1.4649,1.0987
-3.0519,-4.7609,-12.085,-20.264,-20.02,-3.5401,17.335,0.24415,-25.269,-18.799,-1.709,6.8361,3.9064,-14.649,-28.077,-32.228,-35.768,-27.223,-23.804,-11.353,0.85452,8.9114,9.1556,9.7659,9.7659,11.597,15.259,15.625,11.841,5.4933,-4.6388,-11.475,-10.987,-16.602,-19.044,-16.846,-20.386,-26.612,-34.547,-28.687,-24.415,-1.9532,-5.7375,-6.592,-6.9582,-9.7659,-15.87,-12.94,-14.283,-10.743,-14.161,-16.114,-14.649,-11.963,-11.719,-11.841,-6.4699,0.85452,7.2024,7.0803,3.0519,5.6154,6.8361,2.0753,7.0803,15.748
13.55,4.6388,-2.5636,-3.9064,-10.376,-9.6438,-4.0284,-2.8077,-5.8596,-9.6438,-20.386,-34.547,-40.04,-40.651,-47.487,-53.102,-45.289,-38.575,-39.064,-40.162,-38.331,-28.932,-24.049,-19.898,-9.5218,-15.992,-9.2776,-10.132,-7.0803,-7.8127,-5.4933,-3.4181,-3.296,-2.4415,0.73244,8.301,7.6907,3.6622,-1.3428,-4.7609,-4.0284,-6.8361,-8.4231,-9.7659,-8.9114,-5.1271,-3.9064,-6.8361,-9.2776,-11.231,-6.9582,-1.3428,0.61037,-0.85452,-3.296,-3.9064,-3.6622,-0.61037,7.5686,15.992,15.992,20.02,17.457,15.625,15.748,16.114
12.452,4.5167,1.709,5.4933,11.353,9.1556,11.231,4.3947,-7.4465,-13.794,-14.893,-14.893,-16.48,-22.217,-24.903,-24.537,-32.96,-27.711,-27.833,-23.682,-24.049,-18.311,-10.498,-7.2024,-8.4231,-9.3997,-6.7141,-6.1037,-10.376,-9.888,-13.428,-12.574,-7.0803,-0.12207,3.0519,3.7843,4.883,13.55,11.231,-2.3194,-2.8077,-6.4699,-11.719,-11.841,-5.2492,-1.8311,0.61037,2.3194,7.2024,6.592,8.5452,8.9114,8.0569,7.0803,2.0753,-3.4181,-2.9298,6.9582,20.631,21.973,15.381,10.987,10.01,7.0803,6.1037,4.1505
0.36622,-10.376,-13.672,-17.457,-9.2776,-12.085,-19.288,-14.527,-8.4231,-0.73244,1.9532,-1.3428,1.2207,5.7375,-7.4465,-21.241,-26.49,-23.927,-29.542,-34.059,-37.843,-37.355,-23.438,-18.921,-9.3997,-0.61037,-3.1739,-16.724,-28.809,-25.391,-24.781,-26.734,-24.415,-19.044,-16.358,-15.748,-13.916,-14.161,-14.161,-12.085,-11.597,0.97659,-3.5401,-6.9582,-1.709,4.0284,-3.1739,-5.7375,-2.4415,-3.9064,-13.428,-20.02,-24.049,-26.734,-20.508,-9.0335,-1.0987,6.7141,5.8596,0.12207,-5.9816,-7.6907,-8.6673,-10.01,-12.94,-11.719
-4.0284,-0.36622,-1.4649,-2.4415,-11.719,-21.729,-24.537,-17.579,-14.161,-30.641,-53.957,-64.943,-83.499,-57.619,-29.176,6.592,32.716,31.495,24.293,22.462,24.537,21.241,19.288,4.5167,-1.4649,16.114,68.361,103.76,84.231,74.831,12.94,-94.485,92.41,5.2492,-57.009,-46.754,-25.269,38.209,7.5686,-23.194,-12.696,6.7141,8.301,3.9064,6.8361,9.6438,6.1037,-3.1739,-12.207,-19.288,-18.555,-11.963,-7.9348,-13.916,-18.189,-25.391,-17.945,-10.62,-0.97659,6.7141,6.3478,6.1037,4.7609,13.55,9.3997,-3.9064
-6.8361,4.1505,6.8361,3.4181,5.005,6.3478,-6.7141,-18.189,-26.368,-31.251,-29.42,-28.932,-34.547,-36.5,-34.669,-25.636,-17.823,-10.01,-2.0753,-6.9582,-3.4181,-3.0519,-2.4415,5.3713,0.12207,-1.8311,-6.1037,-9.2776,-0.97659,0.4883,3.0519,1.3428,5.3713,8.6673,1.2207,2.9298,-0.24415,-5.7375,-12.207,-7.9348,-13.062,-8.4231,-11.475,-17.945,-17.09,-15.381,-11.841,-9.3997,-11.353,-11.963,-9.3997,-6.7141,-6.4699,-7.5686,-8.9114,1.4649,6.592,11.719,8.7893,6.2258,-5.4933,-12.818,-4.7609,8.4231,18.555,20.508
10.987,3.1739,2.8077,3.5401,0.12207,-7.0803,-8.9114,-15.259,-20.386,-15.748,-15.625,-15.137,-19.044,-15.259,-12.94,-14.283,-12.818,-10.376,-12.452,-15.381,-14.161,-8.0569,-2.0753,6.2258,14.527,15.748,8.0569,-5.4933,-15.748,-17.823,-17.701,-15.137,-10.743,-8.179,-4.1505,-4.7609,-9.0335,-6.8361,-8.5452,-11.353,-13.55,-27.1,-38.209,-33.326,-21.729,-9.1556,5.005,14.527,15.992,19.166,15.992,-0.4883,-16.358,-0.4883,14.893,36.012,42.36,25.758,17.823,19.166,12.696,8.179,20.142,19.166,11.353,17.212
