92.166,81.545,70.07,60.305,47.487,32.96,31.007,36.744,41.749,46.51,45.778,46.022,47.365,44.191,37.721,25.88,13.55,-7.4465,-24.049,-34.669,-49.928,-68.484,-81.668,-100.83,-111.82,-118.41,-120.37,-117.68,-118.53,-123.66,-133.55,-146.24,-155.03,-157.23,-153.57,-141.85,-137.33,-134.16,-124.64,-116.21,-108.28,-99.49,-90.213,-79.47,-66.164,-53.835,-42.97,-35.524,-29.176,-23.316,-19.044,-13.794,-11.841,-9.3997,-11.841,-10.62,-6.8361,-4.3947,-2.1973,0.4883,3.1739,4.883,5.1271,6.4699,10.254,17.823
38.697,59.816,78.86,103.76,135.62,166.88,198.37,220.22,224.01,224.13,215.34,190.92,155.16,163.95,172.37,170.42,154.91,133.55,114.38,91.678,73.855,62.502,49.44,35.524,26.124,18.555,6.7141,-7.8127,-25.88,-44.435,-56.52,-64.821,-75.076,-83.254,-87.039,-89.602,-92.898,-97.903,-103.03,-108.89,-114.38,-116.09,-116.82,-119.02,-120.98,-122.81,-126.1,-135.38,-141,-151.74,-164.92,-172.86,-172,-165.04,-162.36,-161.75,-161.38,-158.21,-154.3,-152.35,-143.56,-130.86,-120.24,-107.55,-95.462,3.4181
3.9064,4.3947,6.592,10.132,14.283,19.898,29.176,36.378,42.604,52.98,63.112,71.047,72.634,74.099,76.418,84.719,96.805,109.87,120.37,125.98,125.98,121.22,118.9,121.46,126.83,110.35,93.509,94.485,101.69,117.44,113.16,94.363,71.78,49.196,31.129,17.457,4.883,-8.301,-19.898,-24.049,-24.171,-23.194,-25.269,-31.617,-42.482,-52.492,-58.351,-63.478,-69.582,-75.198,-79.226,-83.743,-88.992,-93.875,-99.612,-104.13,-108.4,-113.53,-118.05,-120.85,-123.78,-127.57,-129.03,-128.18,-126.22,11.475
13.062,13.794,15.137,17.335,19.532,19.288,14.527,12.696,13.672,16.724,18.921,22.584,26.002,31.007,38.575,46.51,54.445,69.216,79.348,98.27,114.75,127.81,139.65,153.69,159.79,153.08,129.64,104.37,92.532,99.612,115.12,133.43,132.45,111.45,90.579,75.32,64.333,52.614,38.087,24.415,14.893,4.7609,-3.6622,-15.381,-26.49,-34.547,-41.505,-48.219,-51.027,-52.614,-58.473,-62.99,-67.873,-75.564,-78.982,-80.081,-82.522,-87.649,-93.753,-99.857,-105.47,-108.65,-111.09,-110.84,-109.99,-66.042
-52.37,-31.617,-8.0569,16.114,41.749,65.92,76.54,91.189,106.57,122.32,139.9,168.46,186.65,156.62,117.68,111.7,111.09,115.6,121.95,132.08,136.97,151.74,174.32,173.1,156.13,121.71,92.532,106.2,135.62,153.2,150.27,137.58,114.75,95.462,77.517,62.624,53.713,47.975,41.505,27.345,12.574,-9.7659,-31.983,-50.172,-60.793,-63.601,-68.606,-77.029,-83.865,-89.846,-96.683,-101.32,-104.5,-105.96,-107.06,-106.57,-105.72,-106.33,-107.55,-113.41,-122.44,-132.33,-139.65,-145.02,-151.01,3.1739
6.8361,7.9348,7.0803,4.6388,-1.9532,-10.376,-16.48,-21.119,-23.438,-24.171,-25.269,-27.955,-27.589,-23.927,-9.6438,43.825,73.977,103.03,129.64,148.93,151.25,131.84,131.6,145.88,177.98,210.58,224.86,220.83,209.11,182.74,142.22,110.97,99.734,116.95,130.62,134.53,115.97,91.678,72.024,46.388,29.42,15.381,-0.24415,-15.381,-32.96,-49.196,-66.164,-72.268,-81.668,-92.898,-97.415,-104.62,-114.75,-125.13,-129.76,-132.33,-133.3,-134.53,-134.16,-133.18,-136.6,-145.02,-153.94,-155.28,-153.2,10.865
8.179,7.0803,8.179,9.6438,10.987,11.963,13.062,13.794,15.015,16.236,17.212,17.457,20.264,25.758,32.472,36.378,40.04,47.731,64.943,83.743,104.01,119.14,130.74,134.28,131.11,126.47,106.2,77.151,51.759,48.463,61.037,82.156,86.673,76.296,61.281,45.778,31.373,16.358,1.9532,-11.109,-22.706,-28.199,-27.833,-30.03,-33.448,-38.575,-42.36,-41.627,-39.918,-39.796,-42.604,-46.754,-53.957,-61.647,-69.216,-74.099,-78.616,-82.644,-85.94,-90.945,-94.485,-95.218,-93.997,-96.683,-102.42,8.301
7.3244,8.0569,8.6673,8.7893,10.01,12.085,13.062,13.672,14.161,18.799,21.363,26.002,35.157,45.167,54.201,66.408,79.714,94.363,111.45,129.15,147.71,167.24,172.86,181.65,190.92,187.63,170.17,156.38,143.07,144.9,159.06,170.9,163.09,136.48,108.04,84.353,65.798,51.881,32.472,11.353,-6.7141,-19.532,-27.345,-28.443,-27.345,-26.002,-28.199,-36.988,-52.248,-69.094,-77.883,-80.203,-81.301,-85.94,-98.88,-108.16,-114.38,-116.09,-118.9,-123.17,-129.4,-132.69,-133.18,-134.4,-139.04,26.49
19.288,11.475,11.231,8.179,7.3244,1.4649,2.1973,10.987,18.799,22.34,23.438,29.542,36.256,45.656,56.52,63.723,75.32,80.081,73.122,64.211,62.746,68.484,77.761,97.781,114.26,129.15,132.08,119.75,114.26,122.07,137.33,149.3,148.81,130.62,102.42,82.156,58.962,42.604,31.983,28.687,26.978,16.602,5.7375,-5.3713,-16.602,-28.809,-38.697,-45.045,-56.154,-61.281,-63.356,-65.065,-63.112,-69.338,-77.395,-84.597,-111.45,-130.25,-145.27,-161.14,-167,-167.97,-176.15,-174.81,-172,4.5167
6.8361,3.296,2.8077,5.8596,3.7843,3.4181,5.3713,5.2492,6.3478,11.841,21.119,34.547,50.295,67.507,82.4,92.532,101.69,115.97,131.47,144.29,159.55,186.53,211.8,235.48,248.42,254.04,246.59,219.12,182.5,153.2,158.09,156.87,142.58,117.92,95.34,74.709,54.079,30.641,8.7893,-2.8077,-9.2776,-14.893,-20.02,-26.002,-33.448,-41.627,-50.661,-63.112,-77.029,-92.044,-99.002,-107.79,-116.34,-120.61,-119.75,-118.29,-117.56,-121.59,-129.4,-134.04,-138.07,-143.56,-154.42,-165.17,-167.73,7.6907
9.5218,9.7659,11.841,15.015,16.968,18.555,20.753,23.438,26.612,32.228,37.599,43.825,50.172,57.497,70.437,80.203,92.532,110.23,124.88,137.09,149.66,160.89,167,167.85,160.16,150.76,135.62,111.7,101.57,118.29,143.93,157.6,144.05,114.26,87.161,62.38,44.923,32.228,20.875,10.254,0.36622,-11.597,-17.701,-20.875,-22.706,-28.565,-36.256,-44.923,-52.736,-64.943,-75.564,-86.55,-95.706,-115.12,-132.08,-138.92,-139.65,-138.43,-139.9,-144.41,-151.13,-154.06,-150.52,-137.94,-132.21,8.7893
13.306,18.677,24.659,32.96,45.289,52.126,53.957,58.473,63.723,69.582,76.418,80.813,85.94,92.41,98.025,103.52,112.67,117.31,118.29,120.12,122.2,128.3,135.75,149.54,161.99,162.85,155.4,156.25,174.57,205.57,220.22,200.69,168.95,139.41,108.89,79.958,58.596,33.204,14.283,-3.1739,-14.039,-23.072,-28.687,-32.594,-33.815,-36.622,-41.383,-47.121,-59.938,-68.728,-69.826,-73.733,-83.499,-90.579,-93.875,-97.781,-102.05,-103.27,-106.45,-108.4,-109.62,-112.8,-115.85,-118.53,-123.05,35.768
39.308,39.186,43.092,44.923,45.534,42.604,41.993,40.895,41.139,42.36,46.388,51.271,57.497,67.507,74.953,85.696,96.805,107.43,115.36,127.69,142.46,155.4,169.8,184.58,191.05,196.17,201.18,204.72,201.3,186.53,165.17,142.09,144.78,176.27,197.27,191.66,164.92,131.35,103.89,75.808,49.684,35.524,22.462,9.888,0.36622,-9.7659,-22.706,-34.791,-44.313,-53.591,-66.286,-76.907,-82.522,-85.452,-90.335,-97.781,-106.81,-112.67,-117.68,-122.44,-126.47,-130.5,-133.55,-135.14,-135.5,-5.1271
-3.9064,-3.1739,-2.9298,-2.1973,-1.587,-0.24415,2.3194,6.9582,11.841,16.846,23.927,33.082,47.609,57.253,67.141,77.273,88.748,98.148,110.48,127.45,146,161.99,173.35,172.98,168.34,154.79,137.21,109.87,88.26,100.83,119.39,136.48,136.6,122.44,108.89,94.485,78.738,58.229,36.378,14.527,0,-12.574,-19.898,-28.565,-33.692,-37.599,-42.36,-43.214,-43.58,-44.435,-50.783,-57.619,-64.943,-73.244,-80.081,-88.748,-94.119,-95.584,-94.852,-91.922,-87.649,-86.795,-88.626,-93.509,-100.83,1.3428
2.5636,3.0519,2.5636,2.5636,3.296,4.7609,9.5218,18.067,26.124,28.443,34.547,44.069,58.962,67.873,73.244,78.005,84.353,95.462,109.74,119.02,130.25,145.27,156.5,167.85,176.03,177.25,163.58,133.3,115.24,130.86,153.94,175.18,170.9,152.35,120.37,92.41,73.977,60.183,50.172,37.721,21.607,5.4933,-4.883,-14.161,-20.997,-29.786,-42.116,-57.009,-66.042,-69.46,-73.489,-75.686,-79.592,-77.517,-78.982,-92.776,-104.98,-107.43,-107.67,-107.91,-107.91,-108.4,-109.62,-110.6,-107.79,18.067
18.799,19.044,20.875,23.56,25.147,27.223,30.03,33.082,36.866,41.627,46.999,52.492,57.497,64.455,73.977,82.766,92.654,103.89,114.99,122.56,125.37,125.61,119.27,116.46,114.99,106.69,96.683,80.935,62.258,54.567,61.159,79.226,96.316,92.898,77.517,65.31,58.84,46.999,28.932,6.4699,-9.1556,-15.503,-21.363,-25.88,-29.908,-32.472,-34.425,-38.82,-43.58,-45.412,-47.731,-48.952,-49.806,-53.713,-59.572,-63.112,-64.211,-66.53,-70.437,-74.099,-75.808,-77.517,-78.005,-76.785,-74.343,-3.4181
-2.8077,-0.73244,1.2207,1.9532,2.6856,3.296,3.9064,5.7375,7.5686,9.0335,13.062,17.09,21.363,27.1,33.57,41.017,51.271,62.136,72.39,79.592,85.33,93.875,109.87,123.05,128.42,128.79,124.88,116.82,104.98,98.88,97.781,114.51,144.29,161.5,162.85,150.64,137.09,120,102.54,84.353,61.892,36.256,20.02,11.841,2.8077,-8.9114,-19.654,-28.809,-34.547,-39.186,-41.749,-41.993,-47.731,-51.881,-59.084,-66.286,-74.953,-82.888,-89.602,-95.462,-101.32,-111.94,-123.78,-129.52,-132.57,6.1037
8.6673,9.888,13.916,20.142,21.851,27.345,33.326,40.407,48.463,55.91,62.014,70.315,80.081,89.236,97.903,107.18,119.88,128.54,130.5,133.79,134.89,138.43,143.31,141.36,137.82,135.14,130.01,138.68,156.74,174.69,169.93,154.55,132.82,111.82,87.405,61.037,39.918,23.194,10.132,1.9532,-6.2258,-11.841,-17.457,-20.875,-26.246,-31.739,-38.331,-44.435,-49.318,-56.887,-63.356,-68.361,-72.878,-78.127,-83.254,-89.358,-93.142,-95.706,-99.857,-108.16,-115.24,-118.9,-122.32,-127.2,-130.25,11.231
15.015,17.457,13.428,12.085,13.55,14.161,16.114,18.311,20.997,26.612,35.035,43.703,52.858,61.769,72.512,83.377,92.776,104.98,117.68,130.86,146,164.43,181.89,183.6,164.31,138.43,129.52,146.61,167.12,187.14,195.2,182.13,164.31,144.66,117.56,88.26,59.084,33.937,17.823,7.6907,-1.709,-8.9114,-15.015,-24.049,-31.861,-41.383,-55.422,-69.46,-78.127,-83.621,-90.091,-101.93,-111.82,-116.34,-118.78,-119.88,-120.24,-118.53,-118.05,-118.9,-125.49,-136.84,-147.1,-151.49,-154.06,52.248
47.975,46.632,42.848,41.505,38.209,36.012,34.913,38.087,40.773,43.336,44.557,45.412,47.365,52.37,61.281,73,83.132,94.607,109.62,127.81,146,156.99,158.21,154.3,142.09,127.93,120.49,108.89,102.91,98.27,110.23,126.35,128.3,114.38,94.119,78.372,67.141,56.642,46.999,31.739,14.039,1.8311,-8.0569,-20.875,-32.105,-42.116,-52.248,-62.014,-73.977,-84.475,-91.8,-96.927,-98.025,-99.49,-98.025,-93.631,-91.067,-96.072,-105.59,-111.58,-117.44,-123.05,-127.45,-131.35,-134.77,-8.301
-7.6907,-7.0803,-6.4699,-3.5401,-1.587,0,1.3428,2.8077,8.0569,13.672,18.677,25.88,35.401,49.074,62.38,74.831,87.649,100.96,114.99,130.25,140.39,149.05,149.42,134.89,123.17,111.58,107.18,114.38,135.87,153.32,155.4,143.31,122.2,104.01,86.428,73.244,58.962,43.58,22.462,7.3244,-8.301,-22.828,-31.739,-38.209,-42.116,-42.604,-45.167,-46.144,-49.318,-47.487,-54.567,-68.85,-81.912,-92.166,-99.49,-100.83,-102.54,-102.18,-102.79,-104.86,-106.69,-108.52,-108.65,-113.53,-122.2,-131.96
-137.82,-143.56,-146.98,-145.63,-144.05,-142.22,-139.29,-136.6,-130.99,-125.25,-113.16,-105.35,-98.514,-90.091,-79.592,-70.681,-67.507,-56.276,-43.336,-33.448,-27.1,-17.945,-7.4465,-5.005,-8.301,-4.2726,0.24415,1.2207,4.0284,6.4699,6.1037,3.6622,0.4883,1.709,4.6388,6.3478,6.7141,5.6154,5.4933,7.8127,7.4465,5.1271,4.3947,4.883,7.0803,5.9816,5.4933,5.005,5.005,8.6673,5.9816,0.97659,-0.4883,-1.587,-2.5636,-3.1739,-8.4231,-10.254,-12.085,-13.184,-11.963,-5.9816,4.1505,10.254,10.62,6.9582
6.1037,6.2258,10.743,14.527,13.184,8.7893,1.709,-3.0519,-5.005,-4.1505,-0.61037,0.24415,-3.296,-13.062,-20.264,-19.654,-13.55,-12.329,-11.719,-13.672,-8.7893,0.12207,9.888,20.508,27.955,33.082,36.378,43.092,53.835,57.253,54.079,50.661,52.37,63.845,78.738,89.236,99.612,104.13,114.63,130.74,131.96,134.77,141.24,149.66,154.55,130.01,106.2,96.194,89.236,77.029,32.716,28.687,24.293,18.921,17.09,14.283,13.916,11.231,14.893,18.799,11.475,6.9582,0.61037,-8.6673,-15.381,-25.513
-38.087,-51.149,-51.515,-54.811,-57.497,-63.845,-74.587,-82.156,-89.48,-97.171,-103.64,-109.01,-120.73,-122.56,-137.33,-146.86,-201.79,-184.33,-168.71,-151.86,-136.72,-122.93,-107.55,-94.119,-84.231,-66.652,-48.219,-31.495,-18.311,0.24415,2.6856,0.24415,0.97659,0.97659,-0.73244,-4.2726,-5.7375,-4.6388,-4.883,-4.7609,-2.3194,-2.0753,-0.36622,3.296,7.9348,11.475,14.405,17.09,20.753,23.438,22.584,32.35,37.721,34.913,34.547,36.622,37.599,37.721,38.942,42.238,45.9,49.684,54.323,63.723,69.094,74.831
82.278,88.748,97.537,110.23,121.83,136.23,147.59,165.53,167.61,156.99,142.34,117.56,87.893,66.286,47.609,45.289,47.609,41.627,50.05,59.45,68.728,76.174,82.522,88.382,93.997,95.828,100.96,109.62,112.92,118.05,120,117.68,113.28,111.09,110.35,106.69,105.72,105.59,100.83,91.922,82.156,72.878,68.117,66.408,63.234,59.206,54.323,47.609,46.51,51.393,45.412,43.336,46.51,51.393,52.98,48.952,45.656,40.895,33.57,29.054,30.519,25.758,20.386,11.597,4.5167,-4.3947
-15.625,-21.729,-25.269,-33.082,-48.341,-52.004,-66.774,-82.278,-90.823,-101.2,-110.84,-123.05,-127.81,-125.86,-118.78,-111.7,-94.485,-129.76,-127.81,-122.56,-115.48,-113.04,-111.09,-116.09,-124.52,-125.13,-119.02,-111.21,-105.11,-99.734,-91.8,-81.423,-71.169,-57.009,-47.121,-39.43,-33.204,-26.612,-19.898,-11.353,-4.2726,-0.24415,1.2207,2.9298,5.3713,15.137,17.945,14.161,13.062,14.405,15.259,15.87,15.87,15.503,15.992,16.358,16.114,16.846,17.579,20.997,28.077,34.181,51.149,78.738,95.462,101.57
105.35,112.06,128.67,142.22,151.98,157.35,159.43,160.65,166.51,180.18,179.69,144.54,102.91,80.935,72.268,74.953,71.291,21.119,24.659,32.594,46.144,52.858,61.769,72.634,84.475,95.95,106.69,115.24,121.46,125.13,129.76,136.6,139.41,139.77,140.87,140.51,138.68,138.43,141.85,142.7,139.9,133.18,125,117.68,111.82,97.903,88.26,78.738,69.216,62.136,56.398,50.661,44.679,38.209,32.35,28.687,24.171,20.753,17.945,15.503,10.376,1.8311,-1.2207,-8.6673,-16.114,-16.968
-22.828,-30.641,-29.908,-34.669,-45.656,-52.37,-59.328,-63.723,-64.455,-68.606,-77.517,-83.743,-93.387,-95.218,-88.015,-85.086,-80.691,-94.119,-80.447,-69.338,-55.177,-55.788,-64.211,-66.774,-65.554,-64.699,-69.826,-73.122,-69.826,-65.676,-58.473,-51.759,-50.172,-48.341,-42.482,-34.303,-27.1,-25.025,-22.34,-16.236,-7.0803,6.8361,5.7375,3.7843,7.8127,15.015,17.457,20.631,21.241,20.142,19.044,18.067,20.02,24.293,27.589,31.495,34.059,34.547,33.448,35.401,40.04,48.708,62.502,65.065,95.706,122.93
119.14,109.74,112.43,124.88,135.87,135.14,136.48,136.84,133.18,129.03,115.24,99.734,88.137,81.423,72.634,59.572,48.585,6.2258,8.4231,9.1556,11.353,19.898,20.875,30.152,47.121,72.146,97.293,121.83,154.55,182.26,198.61,206.55,208.26,200.69,192.14,183.11,173.71,162.97,157.84,160.28,151.49,138.68,126.35,116.46,108.04,97.659,85.33,82.034,73.977,63.234,59.694,57.497,51.881,45.412,36.622,30.152,26.246,24.415,22.34,18.921,16.48,12.085,6.7141,1.3428,-3.1739,-11.719
-20.631,-23.316,-26.246,-41.139,-49.44,-55.666,-61.647,-69.704,-75.686,-83.377,-90.213,-98.392,-109.01,-112.31,-120.24,-120,-113.9,-55.91,-49.562,-45.045,-43.458,-41.261,-38.087,-35.035,-31.617,-27.223,-22.95,-20.264,-17.09,-7.8127,-3.0519,-4.7609,-5.2492,-3.1739,-1.4649,-0.24415,1.3428,2.5636,2.9298,2.3194,2.0753,4.7609,5.7375,7.8127,10.01,10.62,10.01,8.179,7.9348,10.254,8.5452,22.706,46.51,58.596,57.619,56.887,59.206,63.234,69.46,78.005,86.428,93.997,99.734,105.11,114.02,122.44
134.04,147.22,153.08,158.45,170.42,175.54,162.11,137.58,105.72,80.935,63.356,51.149,47.731,60.06,78.494,92.288,98.148,77.517,85.208,93.509,101.57,108.16,114.99,123.42,131.84,137.82,147.1,153.2,158.45,158.94,154.55,147.71,141.48,132.21,125,119.75,113.53,104.86,101.2,100.34,89.114,81.79,76.296,70.193,62.624,53.835,45.289,39.308,35.89,33.815,32.228,29.054,23.682,19.776,18.921,18.433,13.916,9.7659,6.4699,1.587,-3.0519,0,3.1739,-8.301,-11.963,-19.044
-25.758,-32.105,-39.918,-47.609,-54.689,-66.042,-72.878,-82.034,-85.94,-92.654,-97.537,-105.72,-119.14,-135.14,-137.09,-130.86,-14.893,-14.039,-9.0335,-5.6154,-8.6673,-10.498,-9.6438,-7.2024,-5.005,-3.1739,-2.6856,-2.0753,-2.0753,-1.0987,0.73244,1.587,2.5636,3.9064,5.2492,5.8596,5.005,4.6388,4.7609,3.4181,2.3194,7.3244,8.0569,3.1739,1.587,2.3194,3.4181,4.2726,4.3947,4.3947,5.2492,7.3244,12.696,25.636,37.355,48.83,54.567,57.741,59.694,65.065,73.366,82.888,95.584,111.45,133.3,149.78
158.09,166.88,180.3,185.31,185.43,170.29,129.4,80.447,41.871,29.542,34.791,54.811,87.161,106.33,116.21,126.1,44.801,47.853,50.172,51.881,55.422,58.596,53.835,52.126,53.224,55.177,60.183,70.07,83.499,98.636,115.48,133.55,147.34,153.81,158.82,160.77,158.94,156.01,149.3,140.26,125.86,110.84,100.59,100.34,95.95,86.55,82.522,78.982,75.32,72.878,69.826,64.943,57.253,48.219,41.261,33.204,29.42,26.124,19.898,12.94,6.3478,-4.2726,-15.015,-24.415,-30.641,-33.57
-28.443,-33.204,-42.238,-49.196,-52.37,-52.736,-57.131,-65.065,-78.127,-89.358,-98.27,-100.47,-109.87,-116.95,-122.07,-120.85,-108.89,-88.626,-82.888,-73,-60.305,-57.253,-55.544,-49.806,-47.731,-44.435,-42.97,-42.238,-42.726,-38.575,-33.326,-29.054,-27.833,-25.147,-21.485,-11.963,-11.353,-15.259,-14.283,-9.5218,-5.8596,-1.9532,0.12207,1.2207,2.4415,3.6622,5.4933,9.7659,12.818,17.335,21.119,23.438,24.781,26.002,28.443,31.983,38.209,48.463,63.234,70.925,81.79,93.509,105.84,120.85,135.75,148.69
162.48,173.35,171.76,156.99,136.23,112.55,101.81,85.574,75.32,78.494,84.597,94.729,101.93,102.3,110.72,123.91,58.351,64.333,71.413,78.005,85.452,90.335,95.706,102.05,107.91,113.28,120,122.93,124.39,133.3,135.14,136.48,139.9,137.82,133.92,130.74,130.13,129.28,126.59,124.88,117.8,111.82,107.55,103.64,101.2,97.049,90.213,84.109,79.226,72.756,64.333,62.014,60.793,52.37,46.266,37.721,26.734,18.921,10.376,3.296,-3.296,-11.719,-13.794,-21.241,-24.781,-28.687
-32.35,-37.477,-40.651,-44.313,-51.027,-58.229,-62.502,-70.437,-65.676,-82.766,-95.706,-102.42,-107.91,-116.58,-121.46,-114.75,-107.18,-99.734,-92.41,-97.659,-107.79,-124.52,-142.22,-145.88,-140.87,-131.47,-111.94,-93.875,-83.499,-75.686,-64.333,-43.336,-45.289,-45.534,-43.947,-43.703,-41.017,-38.331,-35.524,-33.815,-30.396,-24.903,-18.067,-13.55,-12.329,-11.353,-9.2776,-7.2024,-4.883,-2.8077,-1.8311,-1.587,0.24415,8.5452,3.7843,2.0753,3.0519,8.9114,15.259,17.945,18.555,21.607,26.124,27.833,28.199,26.124
25.88,25.147,25.88,28.932,32.96,38.331,44.923,48.463,50.05,55.544,57.741,55.177,57.619,61.892,73.733,88.748,107.67,126.59,143.31,159.55,174.44,186.41,188.73,162.48,113.77,82.766,65.798,53.957,52.37,66.042,43.336,62.624,85.818,94.119,93.631,97.049,103.03,108.77,114.99,122.2,127.93,130.5,131.47,133.79,135.5,137.94,139.04,137.09,134.77,134.28,132.82,129.28,125,116.7,111.21,112.19,103.52,96.072,88.626,79.836,73.733,69.582,63.967,54.201,45.656,41.261
34.547,31.495,29.908,26.978,23.804,20.997,16.846,11.231,6.7141,0.61037,-7.6907,-8.0569,-5.6154,-16.358,-21.973,-29.542,-38.82,-44.313,-50.417,-55.055,-59.694,-65.554,-71.902,-83.01,-90.457,-94.485,-103.89,-111.58,-107.43,-99.246,-87.161,-72.756,-65.676,-69.826,-76.296,-94.974,-129.89,-142.95,-138.55,-129.89,-111.7,-96.438,-87.771,-80.691,-78.982,-84.353,-81.057,-76.785,-70.803,-62.136,-52.126,-43.336,-37.599,-33.815,-32.35,-31.861,-28.932,-19.898,-21.607,-24.903,-24.415,-20.631,-16.846,-12.818,-9.0335,-6.2258
-3.7843,-1.9532,-0.85452,0.12207,2.3194,3.5401,4.1505,4.883,4.6388,5.005,5.6154,6.4699,6.7141,13.062,18.311,17.701,25.513,34.181,42.238,51.637,56.52,59.328,62.624,64.089,68.972,78.127,88.382,100.47,113.9,128.91,143.93,159.55,175.3,188.97,192.27,183.36,155.64,106.57,70.315,43.703,37.111,31.983,34.425,41.749,52.37,64.455,84.109,86.062,89.358,94.119,100.1,109.5,119.75,129.03,137.7,146.98,155.4,157.23,158.57,157.6,144.05,136.84,134.4,130.5,128.67,125.61
118.53,109.38,102.79,99.49,92.41,86.184,78.005,70.925,65.065,61.159,53.835,44.435,35.768,28.443,24.659,33.937,33.448,27.467,21.363,14.527,7.9348,0.97659,-5.4933,-14.649,-21.119,-18.555,-17.579,-18.677,-23.56,-25.758,-28.687,-32.716,-37.233,-43.58,-50.172,-61.403,-71.535,-70.07,-75.198,-93.387,-101.44,-113.77,-126.83,-138.68,-138.68,-132.21,-128.42,-36.988,-33.57,-30.763,-27.589,-23.316,-19.044,-15.381,-12.207,-9.7659,-5.1271,2.8077,-0.4883,-2.1973,-3.9064,-2.0753,0,1.587,0.85452,1.4649
1.587,4.2726,9.0335,13.916,19.044,24.049,28.565,31.617,32.472,32.472,32.472,33.204,36.5,42.238,36.622,32.472,29.786,31.007,34.913,40.895,46.388,51.271,57.863,61.159,71.902,83.254,94.852,107.55,117.31,131.96,144.41,157.84,174.2,191.29,206.43,212.78,191.53,159.92,120.98,96.683,81.301,83.377,93.387,92.044,95.95,96.561,99.124,12.696,13.062,14.039,14.893,16.724,21.851,31.373,47.121,66.897,84.841,93.509,104.37,119.39,121.71,130.62,142.09,153.45,162.48,169.44
174.32,178.23,179.57,178.35,173.96,165.29,153.69,142.58,133.67,126.1,116.82,107.18,99.734,89.602,83.987,87.527,77.517,71.291,64.577,56.154,52.004,45.289,40.284,36.256,29.176,19.044,6.9582,0.73244,-6.9582,-14.405,-22.828,-31.739,-43.703,-51.759,-59.694,-65.31,-71.902,-70.681,-82.644,-97.659,-107.3,-114.02,-122.07,-136.84,-149.05,-151.74,-148.56,-22.34,-20.264,-18.921,-15.259,-9.6438,-6.592,2.6856,6.592,5.6154,7.9348,9.2776,9.3997,8.5452,7.9348,6.1037,3.9064,1.3428,0.97659,0.85452
0.73244,1.709,2.9298,3.7843,3.1739,2.8077,3.296,2.9298,0.85452,6.3478,9.888,6.2258,8.5452,10.376,15.87,27.589,36.5,37.599,39.552,41.749,42.482,45.045,49.562,59.45,71.902,83.865,93.753,103.4,114.51,125.49,136.36,150.76,168.95,177.98,191.17,200.32,196.42,168.34,124.52,94.607,67.629,44.313,37.233,61.647,81.79,93.753,99.979,10.254,12.818,14.771,26.002,47.853,67.629,91.067,113.04,132.45,148.93,159.67,167,172.37,179.57,186.53,189.58,192.14,190.8,188.85
185.8,180.06,169.56,158.94,149.42,135.38,118.29,114.26,107.43,96.805,89.602,82.156,77.639,72.634,66.652,60.06,54.201,47.365,34.303,25.147,15.015,6.592,-3.0519,-7.9348,-13.916,-18.311,-26.734,-33.692,-42.238,-42.848,-43.214,-61.892,-65.432,-69.704,-68.361,-70.193,-74.099,-76.54,-81.179,-90.457,-95.584,-104.13,-111.7,-123.29,-131.35,-129.89,-127.2,-41.993,-38.209,-35.401,-30.885,-28.809,-27.711,-25.269,-23.194,-22.462,-20.997,-16.602,-9.3997,-13.916,-15.625,-16.358,-12.818,-9.6438,-4.6388,-0.4883
1.9532,2.9298,4.5167,6.7141,8.4231,10.743,12.94,13.916,13.306,11.475,11.597,11.231,13.306,18.799,28.809,32.105,47.121,58.351,70.803,75.93,76.907,78.127,82.156,87.649,92.288,102.18,113.04,125.25,139.16,150.27,157.23,166.75,177.37,188.24,187.99,176.15,149.3,101.2,52.37,38.331,37.721,31.129,32.594,36.744,47.975,59.206,68.85,86.062,95.828,105.59,114.14,120.61,124.64,124.03,121.1,121.1,119.39,117.44,117.31,117.68,123.05,127.08,116.21,109.01,98.514,88.87
82.156,76.296,73.611,70.315,66.53,65.554,62.258,58.229,54.567,51.393,50.539,49.684,47.609,43.825,41.017,39.186,40.04,46.632,32.472,22.34,16.48,10.254,7.6907,3.6622,-3.5401,-10.498,-18.921,-21.851,-25.636,-28.199,-28.809,-32.96,-35.279,-38.453,-43.458,-46.266,-49.684,-53.346,-63.356,-58.84,-56.154,-54.201,-52.614,-48.585,-45.045,-41.017,-36.744,-33.692,-30.641,-26.124,-21.851,-17.823,-12.94,-7.0803,-2.1973,9.2776,10.376,9.5218,9.1556,10.987,12.696,14.771,16.846,18.799,20.386,20.386
23.804,26.856,30.763,35.035,37.477,38.209,38.087,38.942,41.017,42.604,43.336,53.713,56.887,60.549,64.211,71.291,79.226,89.48,100.22,109.38,119.51,130.74,144.9,158.57,168.34,175.66,171.76,157.96,134.16,100.34,69.46,43.58,31.129,37.477,47.121,61.647,78.494,94.119,101.57,22.706,29.542,32.96,33.57,35.89,38.697,40.529,52.858,59.45,64.089,74.221,85.33,96.561,108.89,120.85,129.28,133.18,134.89,131.35,126.83,122.07,119.14,118.66,123.54,124.52,121.71,116.82
108.52,100.83,104.01,94.974,87.771,83.377,80.203,78.005,73.977,72.024,61.769,60.183,57.253,51.393,44.923,36.012,29.054,25.391,18.921,12.207,1.2207,-9.3997,-21.729,-31.861,-24.293,-46.999,-56.398,-59.45,-67.873,-71.169,-80.325,-86.917,-95.34,-101.08,-108.28,-116.21,-118.78,-115.73,-106.45,-29.542,-30.885,-27.223,-23.438,-18.677,-14.039,-10.01,-7.4465,-6.2258,-4.5167,-2.8077,-1.0987,1.709,4.883,7.4465,8.5452,8.4231,8.5452,8.5452,9.0335,10.743,24.049,24.781,26.734,23.56,25.758,27.833
30.885,32.716,34.425,35.768,38.087,42.116,41.993,41.383,42.116,44.069,46.022,48.341,49.318,51.637,54.201,64.333,74.343,72.634,78.86,94.852,110.48,130.62,146.24,155.28,163.46,165.29,157.23,135.99,103.15,60.671,24.293,9.2776,15.259,37.721,61.403,85.33,104.13,126.35,127.32,-62.746,-59.206,-55.544,-51.759,-41.017,-37.111,-39.308,-35.401,-32.228,-29.176,-25.636,-21.485,-17.579,-15.87,-14.771,-10.254,-7.5686,-4.3947,-1.4649,1.0987,2.1973,2.3194,2.5636,3.9064,5.6154,9.0335,16.968
12.452,10.743,9.1556,10.254,10.865,11.597,10.62,8.5452,6.1037,4.5167,5.2492,7.3244,12.574,22.095,29.664,32.228,35.646,40.651,47.365,56.887,77.029,85.086,93.875,101.32,118.05,137.94,158.94,179.94,185.19,180.55,155.64,114.51,72.512,46.999,37.355,53.102,76.296,87.527,101.69,12.452,20.997,29.542,37.599,45.167,52.37,56.154,64.821,77.029,81.912,91.433,101.93,114.38,125.13,132.82,136.84,137.09,136.97,132.57,130.5,129.64,125.25,122.2,122.07,119.39,114.26,108.04
103.4,96.316,102.3,93.142,83.987,80.325,73.489,66.408,63.234,49.44,42.604,37.111,32.716,24.903,18.433,14.161,10.865,4.5167,-2.4415,-11.963,-17.335,-22.584,-26.978,-30.274,-17.09,-39.064,-50.172,-55.422,-65.188,-67.995,-72.024,-77.151,-85.94,-90.457,-98.148,-108.4,-110.6,-114.51,-112.8,-13.794,-10.865,-6.8361,-3.0519,-0.85452,-0.24415,0.24415,2.8077,5.005,5.9816,6.1037,6.2258,6.2258,3.296,1.9532,2.0753,2.4415,2.3194,10.62,7.9348,3.1739,-0.12207,0.85452,1.4649,3.1739,3.7843,2.4415
0.4883,-1.2207,0.12207,0.36622,1.3428,2.6856,4.883,7.4465,15.503,27.1,39.186,49.562,62.624,67.141,65.065,69.338,79.714,92.776,106.69,118.05,126.83,137.09,146.49,157.23,171.51,184.45,197.76,202.28,197.64,167.61,117.19,88.504,80.447,73.855,78.616,82.4,90.335,108.04,122.32,16.724,15.625,14.649,14.649,11.719,20.386,26.734,26.612,37.355,53.468,73.611,97.171,121.34,141,154.91,162.11,158.94,154.18,151.01,150.88,157.11,162.11,168.58,171.39,167.24,155.77,150.64
147.47,118.53,114.14,102.05,92.654,83.621,77.639,68.606,56.887,50.539,44.801,38.087,34.059,28.199,22.706,17.701,10.01,5.1271,0.4883,-4.0284,-15.748,-1.9532,-15.992,-27.955,-28.932,-42.116,-48.463,-57.863,-62.746,-67.995,-72.146,-75.076,-82.034,-86.673,-97.903,-111.82,-122.44,-133.79,-130.74,-4.7609,-2.3194,-0.85452,-0.24415,-0.36622,0.85452,2.1973,1.2207,7.9348,8.9114,2.8077,1.3428,0.61037,0.36622,0.61037,0.73244,0.12207,-1.0987,-2.5636,-1.587,-0.97659,-0.61037,0.24415,0.4883,-0.61037,-1.709,-1.4649
-1.2207,-1.3428,5.2492,7.9348,3.1739,2.3194,4.883,6.9582,7.8127,8.9114,13.306,19.898,25.758,35.035,43.458,51.027,57.375,65.188,72.756,81.668,95.828,114.51,128.06,148.56,169.32,183.6,193.49,197.27,195.93,175.3,125.61,85.818,67.385,60.06,66.408,79.104,95.706,114.75,123.42,65.31,73,80.203,85.818,91.189,96.683,101.69,102.79,103.03,105.84,112.67,119.88,126.96,135.38,139.65,141.61,148.81,141.24,139.29,140.02,131.84,126.22,120.98,114.63,105.11,99.002,93.387
86.673,81.79,75.198,67.141,62.258,57.375,53.957,47.853,40.773,36.744,46.51,34.059,22.217,13.184,3.1739,2.0753,1.2207,-3.0519,-14.039,-20.875,-23.316,-26.246,-25.391,-25.513,-28.077,-33.448,-40.04,-49.074,-55.3,-65.188,-77.273,-71.291,-86.673,-107.55,-109.87,-128.67,-142.34,-146.73,-144.17,-15.381,-11.841,-8.7893,-6.8361,4.883,4.0284,0.61037,1.0987,2.3194,2.3194,2.4415,1.8311,1.3428,0.36622,-0.73244,0.4883,0.36622,1.587,2.1973,2.8077,1.587,0,-0.12207,0,-0.85452,5.3713,4.3947
0.61037,-1.3428,0.97659,3.4181,5.9816,7.6907,9.6438,14.161,19.898,27.223,38.82,50.295,59.084,67.263,74.587,80.691,85.574,90.823,101.08,123.54,134.77,142.95,151.74,161.38,170.42,182.01,194.1,204.6,188.97,147.71,116.82,85.208,55.666,44.923,43.825,50.172,68.728,91.678,107.3,62.014,72.512,82.034,89.114,97.781,106.81,109.87,124.15,137.94,138.43,145.27,146.98,146.86,145.02,141.24,136.72,131.35,129.28,125.25,119.75,116.34,109.5,104.13,100.1,94.729,91.556,88.504
81.545,84.597,85.208,73.855,72.146,68.606,64.089,63.356,60.671,57.741,51.149,47.975,44.069,38.087,28.932,17.335,8.6673,0,-8.4231,-15.625,-22.706,-28.321,-38.331,-30.885,-41.139,-66.286,-65.92,-80.569,-88.504,-94.363,-101.93,-109.13,-117.31,-123.29,-136.11,-152.23,-161.5,-157.72,-139.9,-5.6154,-5.9816,-6.4699,-8.301,-7.3244,-6.9582,-4.883,-1.8311,-0.61037,0,-0.24415,0.73244,3.296,4.5167,6.1037,16.724,12.94,9.3997,6.1037,6.7141,7.0803,8.0569,7.8127,7.6907,6.4699,5.2492,7.4465
8.0569,9.3997,8.9114,7.5686,8.5452,9.888,12.574,19.288,34.059,37.111,40.284,44.923,51.149,62.502,75.93,89.724,99.246,109.13,118.53,129.15,138.8,148.56,161.5,173.83,183.11,192.63,193.24,185.55,163.09,149.3,127.2,100.71,91.433,86.917,87.893,94.485,101.2,106.94,101.93,20.508,30.274,29.298,29.542,35.646,44.191,57.009,72.268,88.26,104.01,119.63,137.58,152.1,161.14,166.75,166.63,162.24,158.57,158.94,159.31,155.64,145.27,154.3,149.42,137.82,135.62,129.64
130.01,121.95,115.24,109.62,102.66,100.96,92.288,79.104,69.826,63.723,68.606,67.263,65.432,56.276,48.097,33.326,31.617,34.059,11.597,4.0284,-10.376,-20.875,-26.124,-32.716,-40.773,-51.271,-52.614,-65.31,-77.029,-82.4,-91.678,-96.805,-102.79,-112.43,-123.78,-146.73,-161.75,-168.83,-8.5452,-8.7893,-8.9114,-8.6673,-5.7375,-3.4181,-3.296,7.6907,6.9582,1.9532,-0.36622,-0.4883,0.24415,1.9532,2.8077,2.3194,1.4649,0,0,0.12207,1.2207,1.8311,2.1973,2.0753,2.6856,3.6622,3.9064,2.9298
11.597,12.696,9.7659,14.893,24.781,35.524,39.674,39.674,41.749,43.947,46.388,52.736,58.229,66.286,77.395,88.26,97.537,104.74,112.43,124.27,137.09,163.95,182.62,188.73,202.15,208.01,203.62,176.27,141.97,108.65,77.761,59.816,60.549,69.826,79.836,99.979,117.56,122.56,110.6,120.61,130.62,137.58,144.17,160.16,160.65,159.92,163.34,163.95,164.31,166.02,166.14,160.77,154.91,155.52,151.98,141.97,131.35,130.86,118.53,112.19,104.25,98.514,92.044,88.992,94.852,86.917
79.226,75.32,66.774,58.962,53.835,53.835,55.91,66.408,70.803,64.577,58.107,46.754,28.321,16.114,4.0284,-4.1505,-1.2207,-4.1505,-13.916,-7.9348,-12.818,-28.932,-35.157,-51.027,-57.741,-61.403,-69.826,-80.203,-88.992,-99.979,-111.58,-117.31,-123.91,-137.09,-156.38,-172.86,-170.05,-157.84,-24.903,-21.241,-20.142,-18.067,-14.771,-12.452,-9.3997,-8.6673,-6.7141,-3.9064,-1.4649,3.296,3.5401,1.0987,0.61037,1.3428,2.5636,2.8077,4.0284,15.259,7.9348,6.7141,4.883,5.6154,7.9348,10.132,11.353,7.8127
7.2024,8.9114,14.161,17.579,21.241,21.363,18.067,14.893,14.161,15.137,15.625,17.457,29.054,26.368,27.467,29.42,35.646,47.609,54.567,60.549,69.338,78.982,92.044,109.74,124.76,139.04,152.84,161.87,169.07,180.43,191.9,186.16,159.67,146.12,118.17,96.683,90.091,91.678,67.507,67.507,68.85,76.418,84.231,92.044,100.96,109.26,116.58,121.1,125.37,133.67,137.33,141.97,151.98,155.28,146.86,136.6,130.99,134.65,134.65,132.08,126.1,114.38,102.42,97.659,93.387,90.091
86.673,78.86,72.756,70.315,61.403,49.928,46.388,47.853,34.791,36.378,38.575,31.251,29.908,26.612,20.508,17.09,5.9816,-7.6907,-17.335,-30.519,-44.679,-50.417,-56.887,-66.53,-72.146,-82.156,-91.189,-97.537,-87.161,-111.94,-117.19,-125.37,-139.16,-147.34,-160.41,-163.46,-155.03,-140.87,11.231,9.6438,9.5218,10.62,11.109,10.376,8.6673,7.0803,7.8127,8.179,8.5452,9.0335,8.301,7.4465,5.8596,5.005,5.005,2.9298,7.2024,9.888,4.7609,5.005,5.005,6.3478,7.2024,8.9114,9.3997,9.7659
10.254,13.672,15.381,15.503,16.358,15.992,17.09,19.776,24.659,32.35,37.355,53.713,62.136,60.305,64.455,69.216,75.564,83.865,94.852,107.43,118.78,131.35,152.84,175.18,187.87,197.15,198.86,168.46,114.63,72.878,42.726,28.809,56.887,88.26,101.81,120.85,134.77,20.264,23.56,29.054,33.937,39.918,49.562,57.863,64.333,69.46,75.686,85.33,95.706,102.18,107.43,109.26,105.35,113.04,111.45,105.84,107.67,103.03,94.363,85.452,80.813,79.592,79.958,81.423,80.203,80.203
77.517,77.273,78.616,80.935,81.912,80.569,77.395,71.657,81.79,76.418,73.244,69.582,58.351,49.928,35.89,28.565,21.973,18.921,15.137,9.7659,8.4231,-0.85452,-10.498,-17.823,-25.025,-31.373,-40.529,-50.905,-62.624,-49.44,-65.432,-78.738,-81.057,-100.71,-108.89,-110.35,2.3194,-0.97659,0.73244,0.97659,3.9064,5.4933,7.9348,8.6673,7.3244,4.5167,5.8596,6.7141,7.8127,9.1556,8.4231,7.0803,5.8596,4.1505,4.5167,3.1739,13.916,14.039,6.2258,1.8311,2.1973,4.2726,5.2492,7.8127,7.9348,11.109
17.457,28.809,37.965,41.261,44.069,47.121,47.243,48.219,47.975,45.167,50.172,67.263,69.582,80.081,88.137,100.34,113.65,120.73,127.32,136.36,150.03,157.48,164.31,171.88,171.51,157.96,135.87,103.4,92.654,80.203,76.785,89.358,100.34,87.161,86.184,91.8,59.084,60.305,61.281,65.554,70.681,73.855,78.616,84.841,93.387,101.44,112.55,124.64,132.57,146,155.4,145.88,143.19,139.29,137.33,135.99,134.65,127.93,117.44,108.89,102.66,97.049,93.387,89.724,88.137,86.673
85.818,87.771,89.358,83.865,90.701,80.081,65.188,61.403,50.417,46.022,40.895,34.303,24.049,15.748,9.3997,0,-9.0335,-17.945,-23.804,-30.03,-36.866,-39.674,-41.749,-44.923,-53.224,-40.773,-55.3,-75.442,-81.668,-96.438,-103.27,-107.91,-114.14,-123.29,-131.35,-133.55,1.2207,4.6388,7.4465,6.1037,4.6388,3.296,5.3713,7.6907,8.6673,9.888,7.9348,8.4231,8.7893,8.4231,7.6907,7.4465,9.7659,19.41,6.8361,7.8127,6.4699,7.9348,9.3997,7.3244,5.8596,4.3947,2.9298,1.3428,3.296,2.4415
3.4181,2.6856,0.97659,1.4649,4.6388,8.6673,9.888,22.095,24.049,20.997,29.054,36.744,43.58,52.614,60.06,65.676,71.169,78.86,91.067,100.59,107.91,117.19,128.54,141.12,153.2,165.53,173.83,181.65,205.94,204.72,183.48,148.44,113.77,78.249,52.126,44.557,61.281,75.076,86.917,95.584,103.64,112.19,122.68,132.33,144.41,158.94,163.34,172.73,180.67,173.59,169.32,167.85,165.53,163.82,159.55,151.62,135.87,122.2,108.89,94.974,83.01,75.686,72.756,68.606,64.211,63.845
64.943,60.549,70.559,70.681,65.31,73.122,60.793,54.201,54.933,50.783,45.412,40.529,30.03,14.893,9.0335,4.7609,2.4415,2.3194,-5.9816,-11.719,-10.62,-20.631,-33.326,-25.147,-35.279,-58.107,-60.793,-78.616,-89.48,-93.387,-103.27,-116.95,-132.69,-146.98,-146.12,-132.45,-15.381,-10.865,-8.5452,-5.6154,-3.1739,-2.3194,-0.61037,-0.36622,-2.5636,-1.8311,-1.2207,-0.24415,0.61037,2.4415,15.137,8.0569,5.7375,3.1739,6.4699,10.743,11.719,10.62,9.888,9.5218,8.9114,10.132,8.7893,8.0569,7.8127,7.3244
9.1556,10.743,11.231,9.6438,15.137,25.025,16.968,18.677,20.02,26.002,31.983,35.768,39.918,44.923,51.149,60.793,72.756,81.301,89.969,102.66,114.14,124.15,137.82,150.27,162.36,187.75,204.72,200.57,191.05,166.26,138.8,108.77,86.062,73.855,73.733,73.489,89.846,100.59,114.26,127.08,137.46,145.02,150.15,156.5,156.74,152.59,148.32,144.9,146.61,158.7,152.96,149.78,146.49,135.5,125.49,116.46,108.16,100.34,95.462,87.771,81.057,75.808,70.193,65.798,63.356,59.572
58.351,57.741,58.107,57.375,67.629,52.736,48.83,44.313,41.383,42.238,38.82,32.35,26.978,16.114,6.7141,0.73244,-3.6622,-5.9816,-8.6673,-12.574,-21.485,-30.152,-35.279,-41.261,-50.539,-38.575,-64.821,-81.301,-84.231,-102.54,-106.81,-115.73,-131.84,-141,-146.24,-75.808,-78.372,-76.662,-73.489,-67.507,-61.037,-57.009,-50.539,-46.266,-41.139,-38.697,-35.524,-35.035,-34.303,-17.945,-15.87,-18.189,-13.794,-10.987,-6.3478,-0.97659,1.4649,3.5401,4.5167,7.3244,8.5452,8.179,8.0569,5.2492,2.5636,3.1739
3.7843,4.5167,5.1271,6.7141,16.358,6.2258,6.7141,6.1037,11.841,22.706,33.692,43.092,51.515,61.037,74.099,84.475,90.213,99.002,107.67,113.41,120.37,134.28,148.08,163.95,184.21,205.08,185.43,157.72,117.68,73.489,44.313,25.269,33.815,61.525,79.47,22.462,26.49,32.96,45.289,60.427,76.174,94.363,110.97,129.03,144.29,155.64,164.31,165.29,172.73,177.5,166.88,162.11,155.4,151.13,143.68,137.82,128.67,118.41,115.36,109.5,100.34,97.537,95.096,93.875,92.288,90.213
90.823,91.8,88.748,100.59,98.392,85.086,80.081,72.024,68.117,64.821,57.253,48.219,38.575,30.152,24.659,22.706,16.358,-2.4415,-18.921,-35.035,-47.609,-56.276,-63.478,-72.39,-60.671,-72.878,-87.039,-86.795,-103.27,-105.72,-110.84,-133.92,-155.4,-170.9,-164.31,-5.7375,-5.3713,-4.883,-3.5401,-1.9532,-3.4181,-4.1505,-5.6154,-6.9582,-6.1037,-5.1271,-4.1505,-4.7609,-1.3428,7.5686,-2.3194,-1.2207,-1.9532,-0.73244,0,0.24415,-0.73244,-1.709,-2.5636,-2.5636,-0.36622,0,0.24415,0.12207,-1.0987,-0.85452
-0.85452,0.4883,0.97659,12.207,18.189,17.09,21.729,25.513,32.228,36.5,38.942,42.848,49.44,55.177,61.647,68.606,75.076,82.278,89.602,96.927,106.94,118.78,128.54,141.36,168.1,178.11,192.88,207.28,211.19,204.96,170.66,118.29,81.301,59.938,57.619,10.01,15.381,4.5167,4.0284,2.1973,3.5401,4.5167,2.9298,0.61037,-1.2207,-1.9532,-1.4649,2.1973,1.8311,2.4415,1.9532,1.587,3.0519,4.7609,3.6622,3.7843,16.846,14.527,8.6673,7.0803,6.2258,7.6907,8.9114,8.5452,7.3244,5.8596
5.3713,8.7893,14.893,21.485,25.636,29.908,37.843,45.778,52.858,60.793,72.878,93.509,95.096,98.392,110.11,124.52,140.87,152.23,163.46,173.47,183.6,191.41,201.06,207.16,200.93,174.32,137.94,105.72,73.122,39.43,36.5,59.694,92.41,96.316,105.72,36.256,39.674,43.947,49.928,55.666,62.99,69.582,78.249,91.311,106.81,129.52,152.47,158.82,169.19,173.83,171.15,166.39,164.07,151.37,143.56,145.51,143.68,139.65,135.87,131.84,127.08,124.76,120,112.19,108.77,102.42
111.21,116.34,96.561,89.114,79.592,71.535,71.902,67.629,59.084,51.881,41.139,29.42,21.973,12.085,-1.587,-13.672,-20.02,-22.95,-22.34,-23.927,-27.223,-14.161,-22.95,-48.952,-51.027,-66.042,-77.517,-78.616,-89.969,-101.93,-114.87,-132.57,-154.79,-166.63,-163.09,0.73244,1.4649,1.2207,-0.12207,-1.3428,-1.0987,-0.4883,-1.2207,-0.85452,-2.3194,-3.4181,-3.4181,-3.0519,-5.1271,-5.2492,4.7609,-3.9064,-4.5167,-6.3478,-6.592,-4.0284,-3.1739,-2.8077,-3.6622,-4.1505,-5.8596,-3.9064,-3.9064,-3.1739,-2.5636,-2.5636
-2.5636,-1.2207,-0.24415,-2.9298,6.7141,6.592,-0.97659,0.36622,0.85452,9.888,17.823,23.804,25.269,25.758,28.809,40.651,51.881,61.892,73.489,87.161,94.974,105.23,118.78,129.4,150.27,180.06,191.53,207.4,210.94,202.4,185.67,151.37,108.77,87.039,68.361,-86.306,-77.639,-69.826,-62.502,-54.689,-49.074,-42.116,-36.5,-31.251,-25.513,-23.072,-19.41,-11.719,-7.2024,-1.3428,0.85452,2.5636,11.109,16.114,5.8596,8.5452,9.2776,12.818,17.457,18.921,19.41,18.921,17.579,19.166,18.067,17.579
18.189,21.241,28.443,37.721,54.323,65.798,68.972,85.94,81.545,77.639,76.052,80.569,86.55,94.241,110.35,128.79,139.9,145.27,165.17,190.19,202.28,212.04,218.02,219,213.51,168.95,126.1,99.124,88.137,73,88.748,118.9,149.17,165.29,163.82,128.06,94.852,72.024,51.515,34.181,11.109,-4.7609,-9.888,-18.799,-29.176,-33.692,-38.331,-45.289,-40.651,-43.336,-62.502,-71.047,-80.203,-84.719,-90.091,-96.927,-104.62,-119.63,-133.3,-137.94,-141.97,-147.34,-154.06,-159.55,-166.51,-169.68
-168.95,87.039,82.766,56.276,43.214,17.335,7.8127,10.865,13.062,12.696,4.7609,-1.709,-8.9114,-6.2258,-4.2726,-3.296,-10.498,-25.147,-41.627,-53.957,-62.38,-77.517,-96.561,-111.94,-122.68,-134.16,-144.41,-137.46,-79.958,22.217,-53.346,-120.37,-111.82,-94.729,20.753,21.607,24.049,23.804,25.758,30.274,33.815,37.233,40.895,44.435,48.341,52.492,60.427,67.995,73.366,79.47,85.574,93.02,98.758,107.18,113.65,121.71,133.67,143.8,155.64,167.61,158.82,165.9,164.19,161.14,143.56,131.11
120.98,112.92,104.74,97.293,89.114,78.86,64.699,56.032,50.05,44.435,39.674,31.007,19.288,9.5218,1.3428,-5.2492,-8.179,-13.062,-23.194,-36.012,-49.928,-63.234,-80.569,-94.241,-103.64,-110.84,-107.18,-104.86,-100.47,-78.86,-71.78,-86.184,-83.743,-56.52,19.898,20.753,22.706,27.589,28.565,35.157,35.401,39.674,42.238,44.679,49.928,54.567,59.816,65.676,72.512,77.029,86.55,94.852,100.96,103.64,112.67,118.53,130.74,136.23,146.86,155.52,154.42,159.31,162.24,163.7,158.33,149.3
138.43,127.57,120.24,111.7,104.5,95.584,88.504,78.738,70.681,63.967,56.276,47.243,35.401,24.171,14.161,5.4933,-3.296,-6.3478,-14.283,-23.804,-33.204,-45.656,-61.037,-76.296,-93.509,-109.26,-117.56,-108.28,-98.636,-81.668,-75.32,-94.241,-94.852,-67.141,7.8127,12.207,15.259,16.602,17.823,18.555,19.776,22.34,27.223,30.763,34.547,38.453,45.167,49.074,53.102,57.497,62.746,69.46,76.174,83.499,90.823,98.025,104.74,116.21,122.93,128.06,136.6,152.96,169.93,178.59,177.98,170.54
157.72,142.95,130.13,118.53,108.77,100.59,92.654,85.696,75.198,71.047,62.136,52.126,37.111,25.391,16.236,7.8127,-0.97659,-11.719,-23.072,-34.181,-45.412,-60.183,-71.78,-80.569,-90.945,-101.44,-109.5,-113.04,-109.74,-96.316,-93.142,-102.54,-95.706,-72.268,9.6438,11.597,14.283,18.189,22.584,29.298,34.791,37.721,41.139,43.703,49.562,54.323,59.938,65.92,70.925,77.517,84.353,92.044,97.049,103.4,113.28,124.15,128.3,135.14,136.97,139.9,143.07,141.12,137.21,136.23,133.3,126.83
120.85,112.8,103.64,91.678,87.893,84.231,79.836,73.366,67.019,61.892,55.422,45.778,35.768,26.368,19.532,11.231,8.0569,4.7609,-3.0519,-13.428,-29.176,-48.341,-65.92,-83.01,-96.194,-105.47,-111.45,-109.99,-93.509,-77.517,-71.291,-87.771,-79.348,-55.177,0.4883,0.4883,-0.73244,0.12207,3.1739,4.0284,8.0569,9.0335,12.452,15.748,17.701,20.875,24.903,29.908,37.477,44.801,51.759,60.305,69.826,80.691,93.753,103.4,112.31,115.73,118.53,123.29,126.59,134.89,159.79,180.55,191.66,187.14
163.58,144.54,138.19,131.6,122.44,111.09,99.49,89.724,79.836,69.826,61.892,58.351,55.666,50.539,42.482,34.425,29.786,23.072,10.254,-4.7609,-18.555,-29.054,-40.651,-54.323,-68.117,-79.226,-82.888,-80.325,-81.057,-71.291,-70.681,-87.039,-97.903,-84.841,-1.4649,-1.2207,-1.3428,-1.8311,-2.0753,-1.9532,-2.8077,-4.0284,-5.005,-4.6388,-3.5401,-2.3194,-1.587,-1.4649,-2.1973,-0.85452,-1.0987,0.61037,-0.24415,4.1505,2.9298,3.9064,2.1973,0.12207,-0.73244,-0.24415,0.97659,1.9532,2.0753,3.9064,2.6856,3.5401
6.2258,6.9582,7.6907,8.5452,9.0335,8.7893,13.062,26.612,45.9,54.689,63.112,74.221,77.395,81.301,82.888,87.527,93.753,107.67,113.65,118.17,127.69,136.72,144.78,152.1,155.16,148.44,142.95,130.86,104.86,80.447,81.668,109.74,140.14,104.25,13.062,11.719,11.597,12.818,15.259,17.701,18.433,17.823,21.851,28.077,32.35,36.134,43.214,49.318,54.079,59.206,65.798,73.122,81.057,90.579,101.08,111.33,118.05,123.29,136.6,151.37,168.58,179.69,184.94,174.81,159.06,140.63
128.06,118.78,105.47,94.241,88.748,77.395,66.042,57.985,51.759,44.923,38.209,31.617,22.217,15.503,8.9114,4.6388,1.2207,-6.592,-19.288,-31.861,-41.017,-49.562,-54.689,-59.45,-75.32,-85.452,-91.311,-90.457,-78.738,-62.014,-62.746,-84.109,-99.002,-76.662,33.082,35.646,41.139,46.266,51.271,56.764,63.356,69.582,77.883,83.01,90.579,94.729,99.734,104.25,99.49,109.5,117.19,122.2,124.76,129.76,129.03,132.08,134.65,137.7,139.29,137.7,133.06,126.35,118.66,109.13,99.368,89.358
81.301,74.831,66.652,57.985,50.172,45.412,36.134,31.251,27.589,29.786,26.856,23.438,15.992,10.62,2.0753,-6.592,-13.184,-17.457,-24.171,-34.913,-37.965,-49.44,-67.141,-86.917,-103.89,-113.41,-117.07,-110.23,-98.758,-71.169,-59.206,-71.78,-86.306,-84.475,14.649,18.433,22.34,24.781,27.467,32.594,37.355,43.58,50.417,53.713,59.45,66.652,73.611,81.179,88.748,94.485,103.4,111.58,118.05,126.1,133.92,143.19,154.91,166.88,173.35,175.05,171.51,167.85,159.92,148.81,140.63,131.72
122.44,110.35,98.025,88.015,76.296,65.798,58.351,54.201,50.05,42.726,37.111,33.326,29.908,23.56,14.649,5.6154,-0.12207,-6.3478,-11.597,-20.508,-36.378,-50.417,-61.525,-69.338,-85.696,-95.706,-99.979,-97.415,-84.475,-75.442,-106.45,-120.61,-118.17,-96.194,25.025,26.246,23.682,26.246,30.519,34.547,37.355,41.505,45.778,51.515,58.596,64.211,71.413,77.029,83.377,94.729,102.3,110.11,113.77,121.34,133.06,145.76,154.18,164.92,173.47,179.94,181.89,175.79,160.65,142.09,130.13,119.75
108.16,100.71,95.34,88.137,77.761,66.897,62.136,56.398,50.172,45.778,39.552,30.274,18.311,7.9348,-1.587,-8.5452,-14.893,-23.804,-31.617,-37.965,-48.585,-62.014,-75.442,-93.02,-109.01,-119.75,-113.41,-111.58,-94.974,-70.437,-78.982,-97.903,-95.828,-68.728,-2.5636,-2.4415,-2.0753,-2.0753,-2.9298,-4.6388,-3.4181,-2.3194,-1.0987,-0.73244,-1.709,-1.709,-1.0987,0.4883,0,-1.587,0,0.73244,0.97659,0.12207,-0.61037,-0.61037,-0.97659,-0.61037,-0.24415,-0.12207,-1.587,0.24415,0.85452,2.1973,2.9298,2.5636
1.0987,0.36622,0.85452,1.4649,1.8311,5.4933,13.428,17.335,29.054,47.121,58.962,61.769,79.836,94.852,104.01,107.06,108.28,109.26,112.92,120,129.28,139.77,150.88,156.13,160.65,157.96,154.91,143.8,115.24,80.203,87.649,143.07,172.61,144.05,4.1505,2.6856,3.296,6.3478,11.231,14.283,17.823,16.968,23.927,35.524,44.069,51.759,61.037,68.606,73.977,82.644,96.194,108.89,119.39,128.54,135.14,135.38,139.77,145.02,162.36,182.26,202.89,223.52,227.06,216.19,204.11,180.79
159.31,144.17,132.82,123.17,114.14,101.93,88.137,75.442,66.286,53.835,39.43,30.641,21.729,10.865,3.6622,-1.587,-4.5167,-10.62,-20.631,-34.669,-49.684,-69.704,-89.48,-100.34,-115.85,-130.25,-126.47,-104.62,-73.122,-39.552,-57.619,-101.08,-112.31,-93.631,13.672,15.503,19.044,23.316,31.495,40.895,48.708,57.009,63.478,68.484,76.785,84.109,92.044,102.18,111.45,118.17,126.22,136.11,144.66,148.69,153.08,164.8,172.73,168.46,158.45,146.61,136.11,131.11,129.15,120.61,114.14,107.06
93.509,78.127,70.07,63.356,55.055,49.684,42.36,40.651,34.547,23.927,19.41,18.067,17.457,10.743,5.8596,-0.85452,-10.62,-19.044,-27.833,-38.453,-46.266,-56.276,-68.606,-76.418,-88.382,-92.41,-94.607,-89.724,-62.136,-57.375,-78.86,-94.485,-69.582,-30.03,7.5686,10.743,11.109,14.283,18.189,19.776,20.386,22.34,25.269,27.711,31.617,38.209,46.999,54.567,62.38,70.193,75.442,83.987,91.067,93.509,97.903,99.002,106.45,114.02,124.52,134.77,144.05,152.35,158.7,155.52,144.9,125.49
113.9,105.47,95.462,86.062,76.418,71.902,70.07,66.408,61.892,55.544,47.975,42.604,37.721,29.176,23.072,16.236,5.9816,1.0987,-11.353,-24.293,-37.233,-53.102,-68.972,-83.01,-95.828,-102.66,-98.758,-96.927,-82.156,-67.751,-69.582,-84.597,-76.662,-48.219,13.916,13.916,15.992,17.945,22.095,27.711,35.157,41.017,47.365,54.201,61.525,73.611,85.33,94.119,103.4,109.38,114.87,120.73,125.98,128.79,136.84,153.81,164.31,164.8,158.7,150.4,142.58,139.77,135.75,127.45,116.58,111.21
102.42,92.288,82.156,74.465,72.024,67.385,62.014,54.445,43.58,31.617,21.363,14.893,11.353,9.6438,2.9298,-8.7893,-17.945,-24.049,-35.157,-50.05,-58.596,-70.803,-85.94,-95.828,-101.93,-108.4,-107.43,-98.27,-82.888,-61.403,-64.943,-77.639,-82.156,-44.923,2.9298,6.4699,8.6673,9.1556,8.179,8.9114,14.161,18.921,23.682,30.763,36.012,42.36,50.172,58.473,65.432,69.704,76.418,87.649,97.659,106.2,112.92,120.24,128.67,140.14,152.59,165.17,175.05,178.84,172.12,160.77,152.35,146.37
146.61,145.88,137.82,132.57,118.17,102.79,89.236,78.494,69.704,65.188,59.328,46.999,35.646,29.054,21.119,10.498,-1.3428,-13.55,-20.997,-27.955,-39.308,-57.253,-69.338,-88.26,-97.781,-100.71,-100.83,-101.2,-86.428,-69.704,-70.193,-80.203,-70.681,-37.599,43.214,40.04,38.575,52.004,68.117,63.234,59.938,60.671,64.211,62.746,58.229,56.764,52.98,53.468,62.868,77.273,92.41,103.27,114.87,120.12,131.6,149.66,164.92,166.26,166.63,161.26,142.7,125.86,122.07,126.1,124.76,120.12
114.02,102.18,89.358,76.54,67.995,63.112,54.323,45.9,33.326,32.228,26.246,21.607,15.381,5.7375,-2.1973,-13.184,-23.316,-39.918,-53.591,-63.234,-71.902,-77.151,-92.044,-106.57,-109.38,-114.14,-124.15,-126.35,-99.734,-88.137,-112.8,-138.68,-141.12,-129.28,22.706,27.589,26.368,20.875,21.607,20.386,18.311,25.88,35.401,41.993,48.952,55.177,60.305,68.361,85.452,107.55,123.05,130.5,133.79,136.48,142.09,141.97,141.48,146.61,161.63,186.28,205.21,202.89,191.66,173.47,156.38,142.58
134.04,129.64,121.95,117.19,114.99,106.94,95.828,79.104,60.183,46.51,39.552,36.744,32.472,20.386,5.9816,-3.1739,-16.358,-30.274,-37.599,-51.637,-68.606,-81.79,-96.438,-109.74,-118.78,-119.88,-120.49,-119.02,-90.945,-80.935,-139.65,-167,-159.79,-117.31,72.878,76.418,77.273,85.574,94.119,99.368,100.22,97.415,101.69,112.19,125.37,138.19,144.78,149.42,156.25,149.91,142.46,140.39,134.16,126.96,127.32,124.76,115.48,107.67,101.93,92.898,84.353,81.301,78.249,69.948,61.159,51.271
44.557,37.843,37.233,34.303,28.565,10.01,-5.4933,-10.62,-5.8596,3.9064,2.9298,-4.6388,-6.9582,-7.4465,-11.841,-12.696,-18.067,-26.734,-36.256,-49.806,-63.601,-75.32,-81.545,-89.602,-106.08,-119.27,-125.49,-128.18,-123.42,-101.32,-131.47,-150.15,-138.19,-96.438,20.631,25.269,31.617,32.838,37.355,44.679,48.097,54.567,57.619,62.136,73.611,79.714,86.673,93.142,101.08,114.51,122.68,131.6,132.82,143.68,157.96,170.9,179.94,186.9,185.43,177.86,167.73,160.28,152.1,141.48,126.71,120
114.02,103.03,97.293,96.316,88.26,74.587,61.403,61.037,55.422,41.017,32.838,23.56,12.574,-1.709,-13.916,-21.363,-32.472,-51.515,-68.484,-85.33,-78.616,-91.556,-108.89,-114.63,-115.48,-126.1,-134.28,-127.69,-114.99,-123.54,-143.19,-139.65,-128.18,-102.42,7.5686,8.5452,10.254,6.4699,7.2024,7.3244,8.179,12.818,11.963,12.696,10.865,12.452,15.259,17.09,21.241,24.293,27.467,29.664,34.425,43.458,56.154,70.803,85.452,98.27,110.97,126.83,139.77,148.69,158.45,169.8,183.36,198.37
204.23,205.94,210.33,196.78,155.03,137.33,126.47,111.33,102.3,97.171,93.509,84.964,69.338,48.952,31.007,14.771,1.9532,-9.6438,-22.584,-36.378,-42.726,-58.596,-72.634,-82.888,-101.32,-114.02,-117.8,-117.8,-107.06,-102.66,-112.43,-112.55,-103.89,-86.673,56.887,59.694,65.31,71.413,80.813,82.644,84.964,86.428,86.428,94.119,99.612,106.45,109.5,116.7,116.21,117.07,115.73,119.51,130.5,137.94,139.29,134.53,130.5,124.88,120.12,109.01,103.03,97.537,87.771,79.348,65.432,59.816
52.126,41.871,37.599,28.565,25.513,27.223,20.753,11.109,17.579,16.602,-3.4181,-8.4231,-3.296,-4.6388,-17.457,-16.236,-21.119,-32.838,-36.744,-46.876,-62.136,-80.203,-96.561,-100.59,-108.28,-103.52,-95.096,-86.306,-77.395,-98.758,-115.12,-103.89,-74.587,-41.505,62.99,56.154,62.014,55.666,52.858,61.769,68.606,66.042,62.136,61.037,63.845,67.507,67.385,66.774,68.484,72.512,74.221,77.639,83.254,87.527,87.893,92.166,99.979,100.47,103.27,104.98,102.05,105.96,109.87,109.5,107.91,112.19
113.16,101.69,98.636,89.358,78.249,64.333,51.027,43.092,33.204,29.176,30.885,23.316,18.433,10.865,3.0519,-6.592,-16.48,-32.594,-50.905,-67.995,-82.888,-91.189,-94.607,-99.368,-104.5,-107.67,-101.32,-90.457,-83.254,-75.686,-101.93,-113.65,-101.81,-85.452,7.9348,7.6907,15.137,22.828,30.885,40.04,46.632,55.055,60.549,64.699,67.019,72.024,76.662,78.127,81.301,88.504,98.148,108.28,120.24,133.3,147.34,161.14,176.89,183.36,179.57,170.78,162.6,161.14,153.81,138.55,130.5,124.64
116.7,110.72,100.83,90.335,72.146,54.689,38.942,24.171,8.9114,3.7843,7.9348,6.1037,-1.0987,-8.4231,-12.207,-18.311,-25.269,-26.612,-40.407,-53.835,-71.291,-87.771,-103.03,-112.55,-120.98,-122.2,-110.72,-100.59,-77.029,-95.096,-128.3,-128.18,-82.156,-38.697,18.311,42.36,68.85,78.86,83.377,86.184,82.156,79.348,79.104,89.114,105.72,120.85,138.19,154.3,165.17,170.42,168.1,174.2,175.54,168.71,158.7,151.49,135.87,124.15,118.9,109.62,103.03,89.236,82.644,75.564,65.92,57.497
44.313,30.641,20.631,16.114,11.719,7.9348,6.4699,-1.709,-6.9582,-8.4231,-15.137,-19.898,-25.391,-30.885,-32.472,-35.524,-42.238,-47.853,-59.328,-69.582,-83.987,-95.95,-110.11,-121.22,-128.67,-131.72,-120.61,-101.44,-88.015,-111.45,-167.12,-168.46,-127.32,-59.572,22.95,26.978,31.739,35.646,42.848,55.666,64.455,76.54,84.109,100.96,109.99,122.2,136.11,146.61,156.01,164.68,176.15,186.9,207.53,220.71,212.65,195.81,184.45,178.96,172.37,157.84,140.87,126.1,117.31,112.43,102.05,91.922
84.475,73,62.38,49.928,43.336,39.674,32.96,26.978,18.067,8.4231,2.6856,-2.1973,-8.6673,-17.212,-24.293,-34.425,-43.092,-50.172,-56.642,-61.525,-67.263,-77.761,-91.433,-104.13,-118.29,-122.44,-126.47,-126.71,-110.6,-128.06,-147.59,-148.08,-137.33,-103.4,-1.0987,1.4649,0.36622,0.4883,-0.73244,-2.0753,-2.6856,-3.4181,-3.0519,-3.7843,-0.97659,-1.0987,-0.36622,0.36622,0.97659,0.24415,-0.73244,-0.85452,-0.4883,-0.24415,-0.36622,-1.4649,0.97659,1.9532,1.8311,-0.61037,0.97659,-1.4649,2.6856,5.6154,7.3244,9.1556
7.8127,9.2776,11.719,14.283,21.729,24.171,33.57,38.697,43.458,48.341,52.37,56.764,60.183,61.403,71.413,81.179,99.857,109.5,112.43,118.78,126.22,135.38,153.57,155.52,163.46,180.55,189.7,175.05,187.02,176.4,147.59,126.47,103.4,-7.6907,-0.12207,2.0753,1.2207,0.61037,-0.4883,-4.7609,-3.1739,1.0987,7.6907,12.696,17.579,26.246,35.157,45.167,59.938,76.907,89.846,109.5,126.1,136.11,144.29,145.39,146,159.79,186.77,202.4,219.98,225.84,212.16,187.38,164.19,155.4
151.37,150.03,139.65,133.55,124.52,113.16,97.659,82.888,69.704,55.544,47.853,39.43,29.908,24.293,15.015,5.3713,-3.4181,-15.992,-33.692,-48.219,-68.85,-84.475,-97.293,-111.09,-121.59,-124.64,-120.85,-107.67,-86.55,-80.813,-89.846,-86.673,-75.686,-2.0753,-3.7843,-2.6856,-3.9064,-3.9064,-2.8077,-3.5401,-1.3428,-5.005,-2.4415,-1.9532,-0.97659,-1.3428,-4.0284,-5.3713,-5.9816,-4.5167,-3.4181,-1.9532,-4.0284,-3.6622,-2.0753,-5.1271,0.61037,3.6622,-1.0987,0.24415,-1.4649,-3.7843,-2.1973,-3.5401,-3.6622,-1.8311
1.0987,4.883,1.4649,7.4465,9.1556,12.452,12.329,16.114,22.462,35.401,56.032,89.969,115.24,121.46,126.71,146,155.16,153.08,157.84,159.67,162.85,167.12,163.34,158.09,148.81,131.96,104.01,93.753,92.41,88.87,117.44,173.47,161.38,16.724,14.039,20.631,24.903,21.485,27.467,32.96,31.983,34.425,37.355,37.599,41.261,54.445,69.582,83.499,92.288,99.246,104.13,103.27,106.08,118.29,133.67,154.42,174.81,168.71,154.55,152.35,158.45,160.77,162.24,156.74,138.19,123.17
114.87,108.89,102.79,95.34,83.254,63.967,51.149,48.83,38.453,29.298,29.786,25.636,13.428,7.0803,2.4415,-7.8127,-18.311,-30.396,-41.261,-55.055,-69.948,-83.743,-91.678,-100.1,-109.99,-104.5,-104.13,-86.795,-89.114,-104.37,-113.53,-90.335,-54.201,23.438,24.659,28.932,31.861,38.453,51.271,48.708,48.952,56.154,61.525,68.606,83.987,101.93,120.24,130.5,141,133.43,112.19,88.26,92.288,115.73,154.3,180.3,165.65,158.82,157.96,168.71,163.95,148.81,128.54,119.02,110.84,98.88
79.714,76.052,81.668,84.719,80.447,74.343,51.759,30.274,18.921,21.851,23.438,19.288,16.846,7.2024,-8.301,-27.467,-40.651,-48.952,-55.422,-65.188,-75.32,-88.504,-102.54,-113.16,-125.98,-126.47,-109.62,-84.109,-82.278,-117.31,-143.93,-103.15,-45.412,-1.9532,-0.4883,-2.0753,-0.85452,-0.97659,1.9532,2.4415,0.73244,1.2207,-0.4883,-2.0753,-3.1739,-4.0284,-3.4181,-5.8596,-1.8311,-1.2207,-1.3428,-2.3194,-3.0519,-4.2726,-5.2492,-5.6154,-3.9064,-2.6856,-1.0987,-2.6856,-1.2207,1.709,3.6622,4.5167,9.3997,8.179
11.475,14.405,14.161,14.527,15.259,17.823,19.898,25.147,37.111,37.599,46.876,62.502,86.428,110.48,114.63,114.26,117.92,124.52,128.67,133.67,142.83,138.8,138.92,151.37,156.38,152.59,131.23,77.883,43.458,44.069,67.141,113.9,133.18,24.537,17.212,17.579,19.166,21.363,24.049,25.88,28.077,38.942,56.032,68.361,87.039,93.02,94.363,106.2,118.9,127.2,128.79,128.3,133.06,150.76,185.19,197.64,190.44,188.48,178.84,182.99,182.38,185.8,191.29,196.05,196.66,171.76
134.53,117.44,107.67,98.148,89.114,76.174,67.507,66.042,48.097,28.687,22.462,9.2776,4.1505,0.73244,-7.5686,-8.7893,-22.462,-36.622,-37.477,-52.736,-68.361,-83.499,-104.37,-128.3,-137.7,-139.29,-128.06,-104.86,-77.029,-99.49,-150.03,-151.86,-108.28,-2.1973,13.916,20.997,19.41,16.724,13.916,9.2776,9.5218,17.212,28.199,43.703,61.892,77.029,84.964,88.626,90.335,95.584,100.83,105.96,115.48,130.38,147.22,158.45,159.18,160.28,161.75,183.6,201.06,211.43,194.95,173.71,159.31,146.12
130.25,124.64,117.68,106.08,92.288,83.865,73.611,56.642,42.848,29.664,14.283,2.3194,-6.9582,-9.3997,-12.696,-22.706,-29.176,-46.754,-64.455,-77.273,-94.852,-103.52,-104.98,-105.59,-103.52,-96.805,-87.039,-55.055,-69.582,-98.025,-108.65,-88.626,-59.206,-16.358,-14.161,-4.883,2.6856,5.9816,11.963,14.893,19.532,24.293,26.368,30.885,47.243,63.356,79.47,96.194,105.84,118.41,127.32,134.65,137.58,145.76,149.3,153.57,167.24,188.6,210.94,219.73,228.28,229.99,186.9,149.17,135.26,135.75
136.6,128.06,122.81,104.74,81.301,61.281,51.881,35.035,26.124,23.682,18.677,19.288,13.794,12.574,0.85452,-12.085,-30.763,-53.713,-66.897,-76.418,-89.236,-99.002,-105.35,-114.51,-129.52,-132.69,-120.12,-91.433,-75.564,-106.94,-151.13,-165.9,-143.8,73.489,69.826,63.112,56.398,62.624,66.652,73.855,85.452,82.522,76.785,84.231,93.02,84.231,71.902,64.211,67.019,75.076,78.127,79.592,78.372,78.616,83.865,91.8,103.15,118.66,135.01,137.33,135.99,132.82,119.39,92.41,73.122,64.333
57.375,56.276,53.713,50.905,59.084,58.107,36.866,27.467,25.636,19.898,9.3997,-8.301,-15.259,-20.875,-27.711,-31.861,-39.43,-48.585,-61.892,-79.592,-101.08,-118.53,-131.84,-142.34,-147.34,-143.19,-123.29,-86.184,-67.141,-124.39,-169.56,-175.54,-136.23,3.9064,7.2024,6.8361,8.301,11.109,15.137,17.945,28.443,38.82,42.116,55.055,61.159,71.535,78.005,82.156,85.208,86.917,91.311,98.514,117.92,130.5,143.68,161.26,168.46,172.37,171.03,161.14,165.29,190.56,203.86,207.04,188.12,188.73
193.24,163.34,127.2,117.68,108.77,97.049,88.015,79.47,76.418,65.188,46.51,28.443,12.452,-2.8077,-3.6622,-2.1973,0,-3.4181,-18.433,-37.233,-58.718,-79.348,-93.997,-109.99,-121.22,-123.91,-122.81,-100.59,-72.146,-81.79,-110.35,-125.86,-103.15,-54.811,3.296,0.36622,0.12207,4.5167,7.6907,9.1556,11.231,11.719,10.62,15.259,19.166,20.508,21.363,22.34,23.804,26.002,30.763,37.233,45.9,50.661,52.614,58.229,65.798,68.972,76.418,89.602,108.16,128.06,146.98,170.66,202.28,215.46
224.49,198.98,152.96,142.95,144.17,147.47,141.12,122.93,106.81,92.044,73.489,58.107,45.534,37.477,31.251,29.664,19.41,-1.709,-13.428,-28.199,-49.562,-63.601,-78.372,-98.758,-113.53,-125.37,-125,-114.75,-81.912,-52.37,-69.216,-95.584,-54.933,-20.875,-23.438,-3.4181,-42.848,-85.696,-106.69,-98.392,-71.047,-49.806,-35.157,-21.119,-6.1037,9.888,24.659,30.274,32.228,29.054,15.87,-0.24415,-11.597,-17.579,-20.264,-19.288,-15.381,-8.9114,-5.9816,2.1973,12.94,11.841,15.259,11.231,3.6622,-3.6622
-12.207,-17.09,-17.823,-18.555,-19.776,-16.236,-11.353,-8.301,-8.0569,-6.8361,-5.4933,-2.8077,38.575,25.391,23.194,12.452,5.8596,12.452,24.293,22.34,3.296,-8.0569,-19.166,-33.204,-31.129,-25.025,-29.42,-46.144,-41.993,-29.176,-68.972,-81.545,-63.601,-69.582,-103.03,-118.53,-129.64,-155.4,-152.59,-145.76,-160.28,-161.63,-136.11,-120.98,-119.63,105.23,109.26,117.19,121.95,120.73,124.03,131.96,119.63,124.39,119.51,112.31,109.01,109.13,108.28,106.33,95.34,84.109,77.151,78.616,81.057,74.953
63.845,55.788,50.661,49.074,41.383,37.599,34.547,28.809,30.641,16.602,-1.9532,-3.5401,-13.428,-17.09,5.1271,-5.005,-27.589,-20.875,-36.988,-42.726,-48.341,-62.868,-66.897,-57.741,-67.507,-89.969,-93.753,-88.626,-101.69,-107.06,-112.8,-122.68,-124.76,-120.73,-122.56,-126.1,-135.26,-135.01,-130.99,-127.08,-130.25,-132.08,-138.43,-154.67,-160.53,122.68,127.32,131.72,139.9,148.69,149.66,147.34,134.16,140.39,141.48,132.69,128.3,109.74,104.62,102.3,95.096,87.893,86.673,84.719,84.231,83.132
83.01,79.348,73.611,71.535,69.582,61.037,52.736,51.027,58.229,64.211,57.375,42.604,34.913,35.524,40.529,44.435,21.729,24.659,25.636,11.963,8.6673,5.3713,-8.7893,-19.044,-33.326,-44.801,-56.52,-72.512,-82.4,-88.626,-102.54,-109.38,-113.16,-126.96,-135.5,-134.28,-136.48,-132.69,-132.33,-122.2,-112.92,-108.16,-100.96,-98.636,-98.88,146.12,161.87,166.39,165.65,158.57,153.08,146,156.13,150.03,140.02,130.5,126.71,119.51,117.68,117.31,117.56,114.26,111.33,109.5,107.55,105.11
98.758,99.612,102.18,99.49,91.678,74.709,69.338,75.442,56.764,62.38,76.052,72.756,65.676,52.492,43.458,42.604,49.074,53.591,44.801,34.547,26.124,11.597,2.6856,-4.3947,-17.09,-22.217,-26.734,-31.251,-33.448,-43.092,-54.567,-74.221,-90.091,-97.293,-111.58,-117.8,-107.67,-123.66,-140.75,-132.69,-158.21,-172.73,-156.25,-153.69,-150.88,34.303,35.401,40.162,43.336,60.671,64.333,71.535,77.517,80.813,85.94,90.091,96.316,101.2,108.52,116.46,121.83,128.91,136.84,137.7,133.3,132.45
133.18,135.99,133.18,127.81,126.1,119.88,116.34,117.56,119.88,111.94,102.42,102.05,111.45,106.81,103.15,101.57,86.55,77.761,77.151,75.442,74.587,64.577,48.341,35.524,28.199,28.565,29.054,26.734,13.916,1.587,-9.2776,-28.565,-38.942,-45.045,-53.835,-66.53,-82.888,-88.748,-93.02,-106.08,-117.56,-115.48,-107.18,-125.37,-102.91,84.353,91.189,101.57,114.75,113.04,122.68,125.37,133.18,138.68,148.69,153.08,154.55,155.16,153.94,156.87,157.84,159.31,155.28,157.72,161.5,158.33
150.52,137.33,133.67,131.23,122.81,111.7,98.758,91.433,86.062,81.668,78.249,82.522,78.249,56.764,59.328,45.167,19.654,17.823,25.269,25.513,11.353,-3.4181,-9.6438,-19.41,-19.288,-28.687,-39.552,-52.004,-65.554,-66.652,-70.315,-93.997,-107.06,-112.19,-127.57,-133.67,-133.06,-129.76,-117.44,-116.46,-114.51,-100.59,-104.5,-90.335,-102.54,121.95,124.64,125,127.69,134.28,144.66,151.25,164.56,155.77,156.25,153.45,150.15,159.06,154.79,149.66,141.85,137.58,132.69,124.39,121.83,114.51
103.27,98.025,97.293,95.462,92.898,88.626,83.01,78.249,75.93,76.418,75.93,71.047,63.112,58.596,46.266,51.393,50.05,28.199,30.03,18.433,1.587,-5.2492,-18.677,-26.124,-30.763,-30.152,-33.937,-49.196,-49.074,-53.102,-62.502,-80.569,-98.392,-113.53,-123.66,-133.92,-140.39,-153.81,-155.89,-139.04,-120.24,-104.98,-114.02,-121.22,-116.46,127.93,133.06,133.92,130.5,128.67,123.66,114.38,111.33,109.26,101.93,94.119,92.044,92.532,96.927,96.561,106.81,101.93,81.912,87.405,77.395,64.699
64.089,61.159,57.863,58.84,58.473,57.131,54.201,60.06,56.032,46.022,38.087,41.627,34.425,16.236,13.306,21.241,20.631,23.56,14.039,9.7659,14.893,2.0753,-18.799,-23.804,-41.871,-36.012,-55.91,-90.091,-89.602,-93.387,-118.29,-128.06,-133.06,-146.73,-167.73,-175.91,-190.92,-183.97,-165.78,-148.2,-151.86,-170.29,-162.85,-144.78,-149.17,104.62,88.504,77.395,78.005,78.249,65.065,56.276,47.975,55.177,59.572,64.333,67.141,60.427,57.009,58.962,54.323,56.887,67.629,41.993,46.876,48.463
31.861,35.279,41.505,37.965,34.913,32.228,36.256,30.274,19.532,20.142,14.039,8.0569,1.8311,-13.794,-21.973,-28.321,-34.669,-37.477,-41.871,-53.713,-65.798,-69.826,-78.249,-72.634,-99.002,-96.194,-102.91,-125,-128.3,-135.75,-145.27,-146.12,-143.8,-123.66,-120.24,-119.27,-120.98,-116.82,-113.41,-121.95,-126.59,-131.23,-124.52,-123.17,-126.22,-129.64,135.99,140.14,150.15,156.62,156.99,139.04,148.69,130.5,120.49,127.2,121.59,113.9,-36.744,7.4465,83.987,72.878,48.341,68.728,45.289,43.703
56.398,36.622,29.664,41.017,34.547,32.838,37.477,19.41,-5.3713,7.6907,16.602,15.992,4.5167,-13.794,-23.56,-41.383,-51.271,-44.679,-45.656,-38.453,-27.589,-43.458,-59.938,-50.417,-30.763,-89.358,-120.61,-116.09,-130.25,-119.02,-98.148,-116.09,-148.69,-147.83,-140.39,-155.52,-172.37,-162.36,-178.72,-187.38,-176.03,-164.43,-159.43,-150.4,-146.37,-152.47,86.55,87.283,93.142,93.875,90.457,90.945,92.166,93.142,94.119,84.597,80.203,79.104,79.836,83.01,81.668,71.902,63.723,63.356,63.112,72.512
70.193,57.619,47.121,42.726,36.5,37.599,12.085,31.739,38.209,15.992,19.776,21.241,16.236,14.527,6.4699,-4.6388,-10.132,-2.8077,-9.2776,-9.0335,-6.4699,-19.776,-40.773,-48.952,-47.731,-62.624,-72.634,-68.239,-67.629,-74.709,-78.249,-95.34,-113.41,-145.63,-145.27,-122.81,-151.98,-167.24,-153.94,-160.89,-163.58,-155.52,-153.45,-158.94,-156.38,-141.24,105.23,97.293,88.26,84.231,93.997,92.654,83.377,80.569,68.606,59.45,57.985,51.637,48.463,40.651,41.993,41.505,35.157,36.378,41.505,53.346
19.898,-3.6622,15.748,8.301,2.0753,7.6907,-0.61037,-9.5218,-12.329,-5.1271,-10.132,-7.9348,-11.475,-19.166,-31.495,-45.9,-43.947,-44.923,-56.642,-73,-89.48,-85.33,-76.174,-76.907,-86.55,-102.3,-107.18,-121.71,-146.37,-121.1,-142.46,-164.92,-150.52,-156.38,-161.99,-149.78,-145.51,-141.24,-130.86,-128.67,-143.68,-147.71,-153.81,-150.52,-152.71,-161.5,139.04,141.24,139.53,140.39,144.78,145.76,148.08,141.61,131.6,125.13,132.21,135.99,127.81,124.27,112.43,108.4,106.81,97.049,86.795,84.964
85.818,95.218,78.494,63.601,65.065,47.487,38.453,39.552,29.786,21.363,20.508,15.87,12.94,13.062,13.062,9.888,20.264,17.945,3.7843,-3.1739,-12.452,-17.335,-16.48,-16.236,-15.503,-17.335,-28.932,-41.261,-46.51,-46.022,-80.325,-81.179,-94.974,-116.58,-129.76,-145.02,-148.32,-143.93,-145.88,-149.17,-142.22,-134.04,-138.07,-133.67,-126.71,-125.25,112.8,103.03,98.025,97.537,102.3,105.59,98.27,94.485,91.8,88.504,91.067,88.26,79.47,71.291,70.803,65.92,51.637,44.557,56.642,56.52
45.045,41.505,36.5,28.687,20.02,18.311,31.739,9.6438,9.3997,11.841,-10.01,-19.166,-8.7893,-5.8596,-5.6154,-5.2492,-9.1556,-20.997,-21.973,-42.604,-73.611,-78.86,-76.174,-75.686,-80.081,-88.992,-96.683,-115.97,-126.22,-116.82,-127.81,-144.29,-135.99,-137.33,-149.54,-168.1,-162.97,-147.83,-187.26,-170.42,-140.02,-149.3,-150.27,-155.4,-161.02,-147.1,172.12,170.29,155.28,150.4,154.67,156.5,152.1,133.79,114.63,99.734,95.584,103.64,108.89,112.8,101.32,89.358,76.662,77.029,74.953,63.356
55.055,53.591,51.637,47.365,12.574,23.56,35.768,15.015,17.701,25.269,16.846,20.02,18.677,12.818,-7.0803,-13.062,-16.602,-24.537,-49.074,-77.395,-97.293,-91.922,-64.699,-57.741,-80.813,-111.21,-118.53,-109.62,-124.39,-141.97,-143.93,-171.76,-185.06,-159.06,-176.27,-190.68,-173.35,-162.72,-169.68,-173.35,-167.24,-166.75,-162.11,-143.19,-134.53,-135.26,-36.134,-40.529,-49.318,-55.91,-63.478,-69.582,-78.616,-90.457,-93.875,-99.857,-105.72,-102.79,-104.25,-112.92,-117.19,-121.34,-124.27,-113.28,-127.45,-130.13
-126.96,-128.67,-129.03,-130.74,-133.06,-131.96,-127.69,-125.25,-124.76,-125.61,-123.54,-117.31,-117.19,-117.07,-113.9,-110.11,-105.35,-106.33,-109.38,-108.4,-100.83,-90.579,-91.8,-108.28,-85.94,-81.545,-59.816,-64.943,-63.723,-63.967,-60.671,-55.788,-52.126,-45.778,-41.017,-43.336,-49.562,-52.98,-63.112,-59.816,-32.472,-2.5636,16.968,13.55,1.3428,-18.921,113.77,106.81,107.3,108.28,104.13,100.96,98.392,98.392,94.485,93.387,93.387,92.044,86.306,79.47,73.122,68.239,64.699,61.769,63.723,67.629
50.783,58.718,65.31,51.637,40.04,35.524,32.228,30.519,31.373,29.664,23.804,10.376,14.039,14.039,7.3244,4.2726,5.7375,3.0519,-1.0987,-2.3194,-14.405,-37.111,-46.51,-55.055,-61.892,-58.229,-60.427,-66.652,-88.015,-78.616,-73.122,-109.62,-117.92,-106.45,-122.07,-142.34,-160.53,-172.73,-164.8,-167.12,-163.7,-166.88,-174.44,-171.15,-176.27,-170.9,114.26,116.58,111.58,104.98,96.561,89.602,89.846,85.086,80.691,80.081,85.818,92.288,73.977,71.291,76.052,65.432,55.3,49.44,40.162,31.373
27.345,33.448,40.651,25.758,13.55,7.0803,1.4649,10.987,23.56,24.537,15.503,10.498,11.719,12.818,8.0569,-4.2726,-17.579,-41.871,-73.244,-82.156,-68.239,-84.841,-60.915,-53.591,-90.823,-116.7,-111.7,-112.06,-120.85,-130.01,-131.72,-151.62,-177.62,-185.31,-182.13,-176.64,-191.53,-217.29,-205.69,-180.06,-179.45,-190.19,-182.87,-170.17,-150.27,-143.8,-34.059,-51.149,-63.478,-67.263,-71.047,-70.681,-71.657,-76.296,-80.813,-83.499,-84.475,-79.226,-77.761,-88.382,-103.27,-114.99,-117.68,-108.52,-120.12,-115.73
-116.21,-128.42,-129.89,-129.52,-130.74,-131.23,-127.81,-126.1,-126.35,-127.81,-131.96,-135.87,-139.77,-144.54,-152.35,-153.45,-145.51,-137.7,-129.4,-120.85,-110.48,-106.2,-101.69,-101.81,-101.93,-89.969,-95.096,-95.096,-107.06,-83.377,-79.958,-74.343,-74.465,-66.53,-52.736,-41.261,-34.791,-32.96,-32.838,-32.105,-33.204,-30.396,-30.396,-24.659,-19.654,-31.373,95.706,107.3,104.98,98.636,91.311,91.311,104.37,87.649,92.776,98.148,82.888,90.823,79.836,69.338,74.099,84.231,80.935,76.54,67.385,69.46
67.751,58.962,57.985,51.759,41.017,28.809,16.724,11.597,13.428,14.527,4.883,3.7843,8.4231,9.888,0,-8.6673,4.6388,-3.4181,-20.142,-30.763,-34.547,-31.007,-27.955,-38.331,-41.139,-50.905,-54.689,-47.121,-64.577,-88.87,-78.372,-75.564,-90.579,-103.52,-118.29,-132.33,-142.34,-143.44,-135.62,-116.34,-102.42,-115.6,-141.12,-123.17,-121.83,-139.16,85.33,87.039,85.696,81.423,83.865,89.724,90.457,82.4,73,64.333,58.84,54.689,47.731,41.871,44.191,47.731,54.689,41.261,38.331,40.162
26.856,20.386,16.236,16.114,20.02,20.386,16.358,14.283,11.597,8.6673,9.6438,11.841,10.62,12.329,14.039,9.6438,3.6622,6.7141,8.5452,-0.97659,-4.7609,-13.672,-24.537,-29.054,-22.095,-35.157,-50.417,-36.622,-59.816,-71.291,-78.249,-98.148,-107.55,-114.99,-136.36,-156.25,-163.58,-158.82,-166.14,-164.07,-156.99,-146.98,-139.29,-138.8,-137.82,-137.94,74.831,75.442,82.278,80.813,75.93,76.907,75.32,85.208,91.189,73.122,75.32,62.258,40.529,49.074,68.117,63.112,50.172,45.412,40.651,29.176
30.641,29.42,20.02,6.8361,-1.3428,-2.1973,-3.0519,5.6154,10.376,1.3428,-6.8361,-16.602,-25.269,-29.908,-21.607,-28.687,-78.127,-59.694,-40.529,-47.975,-53.346,-75.686,-103.89,-107.91,-105.11,-123.05,-136.97,-136.97,-141.48,-154.06,-151.49,-159.18,-163.7,-165.04,-166.75,-157.23,-155.16,-153.57,-165.04,-164.8,-170.05,-173.96,-154.67,-170.29,-161.38,-148.08,75.076,82.522,83.01,78.372,73.366,78.86,89.48,71.413,71.535,81.423,77.639,75.32,73.855,74.465,68.972,51.881,41.993,43.214,52.736,44.679
46.999,45.289,46.754,40.651,33.448,27.711,26.856,18.921,17.212,26.246,17.212,2.8077,16.236,16.846,-21.973,-30.152,-10.376,-43.214,-37.233,-21.729,-43.703,-53.468,-47.853,-64.333,-86.795,-88.504,-91.311,-104.01,-114.87,-122.93,-135.26,-156.87,-175.66,-181.28,-173.22,-163.58,-151.01,-139.29,-147.71,-122.93,-111.33,-137.82,-136.11,-129.64,-141.48,-148.93,117.56,114.87,116.95,114.02,114.38,109.99,102.42,95.584,91.922,77.029,71.535,73.489,70.803,61.037,59.938,60.305,52.004,44.679,35.646,28.199
35.89,18.555,0.61037,17.09,3.9064,-8.5452,-6.9582,-6.9582,4.883,6.592,-16.358,-20.02,-13.916,-12.452,-24.415,-27.1,-29.786,-51.759,-70.07,-83.132,-92.044,-97.781,-99.979,-101.2,-105.47,-115.73,-120.49,-117.44,-126.35,-160.41,-151.49,-149.54,-181.77,-181.16,-174.93,-189.83,-201.54,-195.93,-178.72,-185.92,-174.57,-151.13,-147.83,-146.73,-137.46,-137.33,10.132,6.2258,7.0803,6.3478,4.6388,3.296,-0.12207,-1.4649,-4.0284,-0.85452,-1.709,-2.4415,-5.1271,-9.0335,-13.306,-18.555,-25.513,-27.833,-30.396,-34.547
-36.988,-38.942,-42.36,-45.656,-48.341,-46.632,-34.791,-40.895,-25.513,-21.607,-22.584,-25.025,-23.682,-18.921,-19.288,-21.485,-19.532,-12.452,-10.743,-7.5686,6.592,12.94,26.246,41.993,46.632,41.017,35.279,41.261,45.167,52.614,60.06,61.525,66.53,98.148,82.156,61.403,61.037,84.597,82.522,103.76,126.83,118.41,109.74,147.22,185.19,207.65,109.87,107.06,101.57,90.823,73.366,64.455,60.427,60.183,61.647,59.45,51.515,44.557,39.186,34.425,27.345,28.443,31.739,31.495,28.809,28.809
31.007,29.786,20.142,7.0803,32.472,27.589,4.3947,1.0987,-0.4883,-11.597,-20.875,-34.425,-50.172,-63.845,-68.606,-86.795,-94.119,-81.301,-87.283,-100.34,-100.22,-104.37,-121.59,-137.21,-143.68,-146.86,-148.32,-149.3,-146.61,-133.43,-145.02,-141.73,-121.83,-146.61,-151.25,-141.61,-146.61,-151.86,-157.72,-163.58,-159.67,-147.71,-144.41,-141.73,-129.64,-124.27,-123.05,-113.65,-105.96,-110.23,-119.39,-123.42,-129.28,-134.4,-136.72,-140.63,-140.14,-139.41,-145.02,-144.29,-145.63,-147.34,-148.56,-150.52,-149.91,-150.15
-149.42,-149.3,-144.78,-142.95,-137.58,-132.82,-138.43,-141.36,-125.86,-134.16,-167.97,-115.36,-79.836,-84.597,-76.785,-58.473,-47.731,-38.453,-32.838,-30.152,-28.321,-17.335,-14.649,-15.137,-17.945,-18.799,-17.212,-17.701,-19.776,-24.049,-27.1,-24.903,-21.241,-18.067,-16.602,-14.039,-10.376,1.3428,0.73244,1.3428,0.85452,-4.2726,-7.9348,-7.9348,-11.109,-5.1271,7.3244,67.629,55.055,48.708,45.289,45.534,41.871,38.82,34.669,35.401,35.768,27.589,23.56,24.537,14.893,-3.7843,18.067,13.428,5.005,7.8127
10.132,17.212,13.184,-5.8596,-23.56,-22.217,-26.49,-33.448,-41.383,-50.172,-50.295,-59.206,-75.442,-82.766,-86.795,-103.27,-110.72,-99.612,-95.462,-96.805,-96.561,-116.46,-123.54,-116.7,-137.7,-133.06,-138.19,-163.34,-154.79,-146.86,-157.48,-156.5,-152.23,-156.87,-166.63,-147.1,-137.58,-148.56,-143.68,-142.09,-151.86,-152.35,-143.44,-132.69,-127.45,-124.39,-118.29,-7.4465,-5.6154,-7.6907,-7.9348,-8.9114,-9.888,-8.301,-6.4699,-7.3244,-4.3947,-8.4231,0.97659,-5.2492,-9.888,-6.1037,-2.5636,-1.8311,-2.9298,-0.24415
2.0753,1.9532,-1.2207,0.97659,2.6856,5.8596,5.9816,2.0753,1.4649,4.883,10.743,8.7893,10.01,11.109,7.5686,7.8127,9.3997,5.3713,8.9114,2.0753,11.963,6.8361,-2.4415,-3.5401,-2.9298,-3.6622,-6.4699,-9.7659,-9.1556,-5.3713,-10.254,-10.376,-8.6673,-3.9064,-1.8311,-3.4181,-5.1271,-15.381,-12.207,-13.672,-6.1037,-1.709,8.5452,16.846,19.288,20.142,22.95,74.953,85.208,88.137,76.54,76.052,81.057,80.935,77.639,70.559,51.393,42.726,41.871,41.871,36.866,30.885,26.124,21.973,7.4465,-2.8077
-2.6856,-10.01,-12.329,-6.7141,9.5218,-1.709,1.2207,15.381,-7.9348,-28.565,-45.167,-56.52,-52.98,-38.942,-31.983,-46.388,-59.816,-82.278,-99.979,-101.32,-109.26,-126.47,-137.33,-138.92,-135.75,-131.23,-123.17,-115.48,-118.53,-126.96,-122.2,-116.7,-141.12,-146.37,-117.07,-127.32,-139.53,-138.55,-146.98,-148.69,-137.21,-125.13,-138.55,-165.29,-154.91,-135.14,-133.67,-140.75,-143.31,-135.01,-146.37,-146.37,-144.17,-136.84,-134.28,-134.4,-125.13,-130.38,-72.146,-54.689,-69.826,-53.468,-49.684,-53.713,-53.957,-50.05
-38.697,-22.462,-3.5401,3.9064,3.9064,-5.8596,-2.5636,-2.8077,8.9114,28.809,46.388,53.957,57.985,69.582,100.71,86.062,73.244,64.333,54.811,35.035,48.83,49.44,31.983,21.851,22.095,5.8596,0.36622,-7.5686,-12.818,-26.734,-38.942,-50.295,-64.821,-79.348,-91.311,-102.3,-117.07,-142.95,-168.34,-192.88,-208.26,-209.72,-197.64,-173.71,-151.86,-127.2,-105.11,-15.748,-12.574,-10.62,-6.8361,-5.005,-0.36622,5.8596,8.4231,10.62,11.719,10.254,8.301,5.6154,4.7609,4.1505,1.9532,1.3428,1.3428,3.1739
4.5167,5.8596,5.8596,4.5167,3.6622,4.1505,4.1505,5.3713,4.0284,2.6856,0.4883,0.12207,-1.587,-3.1739,-2.3194,1.709,10.62,28.809,43.825,52.858,65.432,75.93,84.597,96.438,101.69,117.44,133.3,144.29,150.76,151.13,157.96,165.17,168.1,174.2,173.96,160.16,146.98,136.84,129.28,122.07,122.56,123.29,128.42,137.21,146.49,155.28,151.74,4.5167,6.592,9.6438,11.231,21.485,36.012,52.858,69.216,84.353,101.81,121.1,142.22,163.82,181.89,193.73,200.45,203.74,207.4,208.99
206.18,199.59,188.73,181.04,167.73,157.11,152.35,146.86,136.84,118.17,105.59,95.95,88.382,81.301,72.512,70.559,67.751,63.356,60.305,54.811,47.121,40.773,37.111,31.373,26.124,19.41,15.015,7.5686,-1.8311,-18.677,-31.373,-36.744,-40.04,-46.266,-50.905,-62.99,-68.972,-87.161,-100.83,-111.94,-130.01,-148.69,-155.52,-149.78,-140.51,-136.72,-130.99,-7.8127,-4.7609,-3.7843,-3.6622,-3.5401,-2.9298,-0.61037,2.0753,2.6856,1.9532,3.0519,3.296,0.36622,3.0519,2.3194,2.9298,6.4699,5.4933,2.4415
0.24415,-0.4883,-1.4649,-3.0519,-3.9064,-1.9532,-2.0753,-3.0519,-2.8077,-1.587,-0.85452,-1.3428,-1.2207,-1.8311,-2.5636,-3.5401,-3.5401,-2.8077,-5.005,-4.5167,0.61037,12.085,23.194,42.238,59.572,78.005,96.927,114.38,128.06,137.7,147.34,155.89,161.26,164.8,167.49,164.43,159.67,163.7,166.26,169.44,178.84,171.88,157.23,137.46,121.34,105.35,102.05,19.288,23.804,30.03,34.425,39.552,46.144,53.346,62.38,72.512,85.33,98.636,109.99,118.78,130.25,143.19,152.1,158.57,161.26,161.63
164.92,164.31,158.45,153.2,143.68,133.79,129.4,125.37,117.56,110.48,101.81,89.602,85.208,81.179,75.442,70.193,62.868,58.962,61.769,57.619,52.492,45.289,40.284,31.861,26.368,16.968,7.3244,-0.24415,-5.9816,-12.452,-21.607,-26.246,-36.5,-48.708,-62.502,-79.104,-94.119,-108.77,-128.18,-151.98,-180.91,-196.54,-200.32,-192.75,-174.57,-156.38,-127.2,-64.821,-64.333,-62.502,-61.525,-60.549,-57.985,-51.759,-44.069,-33.815,-25.513,-17.457,-8.4231,-3.1739,-0.97659,-0.36622,0.61037,3.4181,5.005,3.7843
2.4415,1.8311,1.8311,1.4649,0.61037,-0.97659,0.73244,-1.4649,-2.1973,-3.0519,-3.5401,-3.9064,-3.296,-3.0519,-3.296,-2.1973,-1.587,-0.24415,-4.1505,-5.8596,-4.883,6.1037,22.706,45.167,59.084,69.338,84.475,91.8,103.4,117.68,134.65,155.4,172.49,187.75,189.95,189.09,193.24,192.51,195.93,198.37,187.87,179.33,168.71,151.01,138.68,120,105.72,128.42,137.58,140.87,145.76,151.37,152.84,153.94,154.06,150.15,147.47,145.63,144.54,142.34,137.46,135.87,133.3,127.45,121.46,114.38
107.55,102.18,99.734,101.32,99.734,94.974,91.678,84.475,76.296,71.291,64.699,61.403,57.009,53.346,45.778,35.035,31.861,27.345,17.823,10.62,7.3244,5.005,0.12207,0.73244,-0.61037,-7.0803,1.587,-2.5636,-8.5452,-15.137,-25.88,-26.978,-36.378,-46.144,-60.183,-77.151,-97.415,-119.75,-144.9,-167.85,-192.88,-199.47,-181.77,-170.9,-158.94,-131.11,-98.148,128.54,144.41,156.13,163.82,170.17,176.03,178.47,180.18,181.04,182.13,184.21,184.21,189.83,204.23,212.9,225.23,223.27,214.48,209.11
197.52,184.58,174.57,167.36,161.38,154.67,144.17,137.7,129.03,113.77,95.096,82.156,72.146,62.502,55.666,46.754,31.129,20.264,11.597,6.7141,-5.4933,-22.217,-38.087,-43.825,-48.463,-54.445,-62.38,-67.873,-74.953,-81.301,-94.119,-100.71,-117.19,-131.96,-148.2,-165.53,-180.06,-198,-220.83,-241.34,-237.43,-219.24,-195.2,-172.86,-144.17,-119.14,-99.857,47.121,65.554,83.621,105.11,125.37,140.02,157.84,177.74,196.91,212.29,225.35,233.65,237.56,241.46,240.24,231.21,225.35,216.8,203.38
187.99,176.4,166.63,163.58,158.7,150.4,144.41,136.72,134.89,130.5,124.52,115.85,109.5,102.54,87.405,72.146,52.858,35.768,28.809,30.396,23.927,18.311,10.132,2.5636,3.1739,-2.5636,-10.254,-19.654,-22.706,-33.692,-39.796,-50.172,-63.112,-78.86,-99.857,-124.64,-150.15,-176.52,-202.28,-234.02,-257.7,-249.03,-228.52,-203.01,-178.72,-151.98,-127.08,83.01,99.49,113.9,124.76,136.72,150.03,162.36,174.57,182.5,190.56,193.98,198.61,203.25,203.13,196.42,194.83,191.9,176.15,164.31
156.25,151.37,147.34,146,142.09,135.99,131.35,128.42,124.76,116.95,108.89,105.47,99.49,95.828,87.771,78.982,67.751,57.619,48.83,42.238,41.017,35.279,23.316,15.259,3.296,-3.1739,-10.01,-18.433,-24.781,-41.383,-51.271,-59.816,-62.502,-74.343,-93.142,-106.57,-117.68,-141.61,-164.07,-188.24,-212.9,-230.11,-227.67,-213.87,-198.61,-182.87,-164.31,123.05,122.2,121.46,119.39,117.56,118.78,121.83,124.03,124.15,125.49,125.37,127.93,132.33,135.5,145.15,148.08,148.56,145.02,144.78
153.69,152.71,149.3,151.37,147.59,139.41,135.01,128.91,116.82,108.52,99.734,88.137,75.076,60.793,54.689,46.876,36.866,29.542,17.945,18.555,17.579,4.1505,2.5636,-4.3947,-4.3947,-10.865,-16.968,-22.828,-22.217,-30.03,-46.51,-64.089,-86.917,-101.93,-123.17,-144.54,-169.93,-198.49,-229.38,-255.38,-261.85,-247.57,-223.4,-195.81,-159.67,-129.4,-108.28,31.861,38.697,45.778,55.422,68.117,81.545,94.241,106.33,119.75,131.35,146,153.57,168.58,182.13,182.38,186.41,189.83,189.83,188.73
188.24,184.7,180.43,178.11,173.35,165.9,154.42,143.19,134.28,127.2,121.1,118.41,114.51,107.18,96.805,85.452,81.912,73.977,62.868,51.515,41.505,31.617,24.781,22.706,16.968,8.5452,-1.709,-10.62,-21.851,-34.791,-43.336,-51.637,-63.723,-75.076,-91.922,-110.35,-130.74,-153.94,-172.49,-201.54,-228.77,-241.83,-227.79,-211.43,-193.12,-152.47,-109.01,17.823,27.223,38.82,51.027,64.333,77.517,89.602,104.25,123.91,141.36,160.28,174.32,192.27,207.4,219.73,227.67,230.11,226.45,220.71
218.39,215.46,205.82,196.91,186.65,175.66,162.24,153.2,148.93,141.48,135.75,132.69,128.06,118.17,108.89,98.758,93.142,78.127,65.798,62.868,55.544,43.703,34.181,29.786,28.321,21.485,16.114,4.2726,-4.0284,-14.161,-22.828,-31.861,-45.167,-53.835,-67.385,-84.719,-106.08,-125,-153.81,-195.32,-234.5,-257.94,-258.55,-248.54,-222.54,-197.76,-156.13,127.32,140.75,147.71,163.21,172.25,175.54,181.65,190.19,194.22,199.84,205.57,205.94,205.94,205.82,200.93,196.05,184.82,172.73,165.9
156.5,148.56,137.94,128.54,117.92,108.89,100.1,87.527,78.372,73.489,64.333,52.858,40.773,30.641,18.921,4.3947,-3.6622,-4.2726,-14.161,-20.997,-27.955,-31.983,-37.843,-48.463,-61.647,-69.826,-77.883,-90.945,-108.65,-128.67,-147.1,-172.12,-202.64,-231.94,-255.38,-256.97,-236.09,-218.88,-201.54,-175.91,-144.05,24.293,30.641,38.087,47.365,58.107,69.338,82.644,98.636,113.53,130.25,146.86,161.75,175.91,185.43,189.95,192.88,202.15,211.07,215.34,211.19,207.89,204.11,198.61,195.07,190.8
189.7,180.3,168.95,162.97,157.96,150.76,140.75,129.28,115.12,104.25,93.02,86.184,79.348,70.315,59.816,39.674,36.866,31.251,23.682,11.719,3.7843,-6.3478,-9.5218,-19.288,-30.152,-39.674,-52.98,-67.629,-82.034,-98.514,-116.7,-142.95,-171.27,-202.03,-229.87,-244.51,-241.58,-217.66,-198.49,-173.83,-149.42,17.09,20.753,24.903,30.641,41.993,54.811,69.826,79.592,93.875,110.72,130.13,150.27,168.1,185.43,201.67,206.31,213.51,220.47,224.49,221.93,216.56,212.9,201.18,189.09,179.33
170.17,155.16,137.58,122.32,108.16,99.857,93.997,86.306,82.034,74.953,68.361,60.915,61.403,65.065,61.892,52.004,43.58,37.965,22.217,23.194,26.856,30.763,30.641,21.119,6.3478,-4.1505,-25.88,-43.703,-58.596,-80.325,-104.13,-130.01,-167.36,-202.64,-243.66,-266.61,-255.87,-231.21,-206.55,-181.77,-131.96,2.4415,3.1739,2.8077,2.3194,6.7141,11.841,18.799,29.176,43.336,55.666,72.39,88.26,105.35,127.93,150.27,168.34,188.48,205.57,216.56,224.25,229.5,230.72,235.85,236.46,227.67
220.34,209.6,198.13,185.67,178.23,168.58,161.5,149.3,137.09,124.03,107.91,94.485,83.01,75.198,68.606,57.253,50.905,45.167,39.308,29.298,20.875,11.597,7.3244,-2.5636,-15.748,-20.631,-33.326,-51.393,-73.122,-86.55,-106.45,-129.89,-159.79,-192.39,-232.06,-256.23,-267.59,-242.32,-218.15,-193.98,-155.4,11.475,13.916,19.044,26.612,35.279,46.022,60.305,76.907,94.119,111.21,129.89,152.71,175.66,193.73,206.31,217.66,230.48,237.68,245.37,247.81,252.69,248.66,234.02,223.27,215.7
207.16,197.15,192.75,179.45,159.79,149.66,141.24,127.45,117.07,107.18,97.049,89.602,81.79,69.338,66.408,66.286,70.07,58.229,45.045,34.181,16.602,4.1505,-9.2776,-26.49,-44.801,-59.328,-72.024,-92.532,-114.75,-139.16,-161.5,-190.56,-224.74,-254.16,-274.67,-273.57,-253.79,-223.03,-182.74,-138.07,-114.63,5.1271,5.2492,5.1271,9.1556,12.207,11.597,14.649,24.415,38.209,49.196,61.525,75.32,89.358,104.5,125.37,146.73,167.12,187.14,201.42,209.6,216.8,222.17,219.61,216.8,214.97
213.26,203.62,193.73,190.68,186.16,180.06,173.22,164.19,150.4,132.21,118.78,109.13,99.979,93.265,86.306,74.343,65.798,54.567,46.632,41.017,27.711,16.724,11.231,9.2776,-1.2207,-14.649,-29.054,-46.144,-65.065,-86.428,-106.08,-136.6,-170.66,-207.04,-244.39,-265.02,-260.02,-250.01,-235.48,-195.44,-151.49,43.947,52.248,59.694,69.46,80.935,89.969,102.3,118.29,131.72,141.97,150.27,160.41,172.61,181.77,190.31,194.1,196.17,194.71,189.7,184.94,183.84,182.01,171.76,160.16,153.32
147.71,136.72,127.08,125.13,117.8,115.48,112.19,107.91,97.171,89.236,84.231,81.79,81.057,70.315,60.427,50.05,38.087,28.687,13.184,1.9532,-6.1037,-15.87,-28.077,-41.871,-54.689,-70.437,-90.213,-110.84,-133.67,-156.87,-177.37,-203.38,-228.89,-255.01,-275.77,-281.01,-260.26,-235.24,-219,-193.12,-171.03,-33.204,-41.627,-45.167,-31.617,7.6907,43.947,50.783,65.188,91.067,101.08,103.89,121.83,143.31,159.67,171.15,185.06,191.66,190.92,197.39,214.97,239.39,248.79,232.8,225.35,223.27
218.63,215.7,211.31,201.3,192.51,185.19,182.87,176.27,168.46,163.82,158.82,159.06,152.71,150.76,145.76,126.83,107.67,98.27,78.127,56.642,37.843,13.306,-2.8077,-23.927,-58.718,-81.423,-90.335,-102.91,-127.57,-148.93,-173.96,-200.81,-233.65,-263.19,-286.14,-293.1,-280.77,-242.93,-213.75,-184.94,-156.87,36.866,40.04,38.942,42.97,51.759,62.502,80.325,91.433,105.35,120.98,133.92,145.39,156.87,171.39,179.69,186.9,194.34,195.44,192.02,186.65,181.65,177.25,177.86,179.82,171.88
169.68,160.41,159.31,149.05,140.14,138.19,130.38,122.68,117.56,101.32,84.964,79.836,77.395,72.024,67.019,57.253,46.876,41.383,32.96,29.42,25.758,26.368,22.095,15.015,1.709,-8.9114,-29.542,-65.31,-90.945,-128.18,-160.04,-189.34,-234.75,-261.73,-277.96,-277.35,-271.25,-258.92,-241.83,-229.38,-212.41,25.513,33.448,40.407,46.754,55.3,66.774,81.301,94.485,107.67,124.03,136.84,150.88,162.36,175.54,188.85,192.75,186.77,188.12,188.73,179.08,177.5,179.2,179.94,176.15,171.03
165.04,158.21,151.01,144.05,136.48,125.25,115.6,109.38,109.62,104.98,95.95,81.545,69.216,67.141,56.276,44.801,38.453,27.223,13.916,6.3478,-7.9348,-21.973,-34.425,-46.754,-54.445,-66.53,-83.621,-97.659,-110.72,-127.2,-145.39,-169.32,-199.47,-231.45,-243.78,-240.97,-222.3,-207.4,-198.74,-171.64,-142.46,17.335,22.34,29.054,40.284,52.37,66.652,82.766,99.124,116.95,135.38,152.96,172.12,188.12,203.74,210.21,212.41,222.91,228.28,226.81,220.34,214,205.21,196.42,187.99,174.81
162.72,155.4,147.71,144.29,134.89,124.15,114.26,104.62,98.27,91.678,89.846,82.4,69.338,58.107,48.952,49.684,37.965,25.636,22.095,15.137,-0.36622,-11.475,-25.636,-42.238,-55.788,-66.042,-85.208,-98.025,-113.65,-133.67,-153.94,-178.35,-207.16,-229.26,-235.11,-229.62,-213.51,-201.54,-186.04,-179.94,-164.07,83.132,95.584,108.28,122.2,134.4,144.29,150.88,155.03,158.7,153.2,150.15,147.1,142.46,141,137.33,136.23,133.67,134.4,121.46,117.07,114.51,109.01,104.74,108.28,109.13
107.79,104.98,102.54,99.979,100.83,96.805,98.27,96.805,93.509,85.208,78.616,73.733,64.821,63.723,61.525,53.957,40.529,34.059,31.861,20.753,15.381,7.6907,-2.9298,-15.625,-29.298,-38.82,-49.074,-64.577,-80.325,-103.4,-123.29,-146.24,-175.54,-209.85,-242.07,-254.77,-245.98,-219.98,-202.89,-167.36,-121.46,19.532,23.804,29.786,36.378,44.313,54.079,64.211,74.343,87.405,101.57,111.7,122.56,135.14,150.76,156.87,163.21,173.22,174.81,171.51,164.43,159.18,156.01,154.67,149.42,144.05
139.53,137.21,135.75,131.35,122.32,119.63,120.85,116.46,110.48,104.13,105.47,105.84,96.927,88.504,78.127,68.728,58.596,46.144,38.82,25.88,15.748,6.8361,-3.7843,-17.945,-21.973,-32.228,-43.825,-56.887,-78.982,-93.997,-114.02,-133.3,-154.06,-182.87,-213.39,-239.02,-234.75,-213.87,-202.64,-176.15,-133.55,10.987,18.677,25.513,33.57,46.754,59.328,69.704,82.888,100.59,119.88,139.65,158.21,172.37,183.11,187.75,194.59,209.36,218.02,217.05,216.68,217.29,213.75,207.65,198.74,192.75
183.6,165.9,152.1,141,125.61,113.53,110.11,100.34,90.823,82.888,74.953,66.53,57.253,50.05,47.243,44.923,32.96,22.706,5.1271,4.3947,-10.376,-16.114,-20.508,-28.443,-34.547,-43.092,-54.811,-63.112,-78.127,-97.537,-120.61,-144.9,-172.12,-204.11,-228.03,-234.02,-226.57,-216.19,-195.81,-179.2,-158.09,4.0284,2.9298,2.5636,1.709,4.3947,7.5686,13.916,21.729,32.35,50.905,73.122,86.184,110.72,134.04,149.66,165.53,178.84,188.97,192.88,197.88,200.57,206.06,206.79,205.21,201.54
194.71,190.56,187.87,178.72,169.93,161.99,151.62,147.59,132.69,126.71,116.34,104.25,92.288,81.668,74.953,63.601,51.759,41.505,27.833,20.386,11.109,3.9064,-2.4415,-6.8361,-9.7659,-12.696,-25.147,-32.594,-41.749,-46.632,-76.662,-89.969,-110.6,-141.85,-180.79,-213.51,-228.03,-223.76,-222.79,-203.86,-167.24,5.2492,9.1556,13.672,18.921,23.804,32.838,45.656,60.305,75.442,88.626,100.83,122.32,141,158.82,184.82,205.82,215.58,220.34,220.83,224.25,234.38,240.85,239.14,244.03,227.06
218.02,211.43,196.05,193.61,185.31,178.72,167.36,153.32,145.15,132.69,116.34,103.52,89.358,72.756,57.497,42.604,38.209,32.105,24.781,7.2024,-5.4933,-22.217,-39.796,-50.295,-60.793,-71.657,-86.428,-90.335,-103.27,-123.66,-142.46,-171.15,-197.52,-227.06,-252.69,-253.55,-239.75,-225.59,-209.11,-188.48,-165.53,4.1505,1.9532,2.9298,8.4231,7.9348,11.963,18.799,24.659,29.664,35.646,44.679,57.497,75.442,94.119,112.8,133.18,156.13,179.08,201.3,219.49,229.99,230.35,230.35,225.35,226.33
234.14,220.83,218.39,217.17,205.33,192.39,191.78,188.97,178.47,163.82,149.3,123.42,108.28,96.072,82.4,67.995,57.985,51.515,47.365,36.744,21.119,3.1739,-1.4649,-20.997,-38.453,-47.243,-67.995,-97.293,-123.42,-122.56,-147.1,-186.65,-206.92,-233.28,-258.92,-278.94,-281.38,-267.83,-250.01,-237.92,-184.94,30.885,45.9,64.821,81.545,104.74,117.44,134.53,157.23,181.4,203.38,222.42,235.24,242.19,250.62,251.59,248.3,249.76,245,240.36,228.89,203.74,193.49,183.6,173.1,159.67
144.29,139.65,127.2,109.62,99.734,89.724,80.081,72.39,65.432,54.567,48.097,43.092,40.407,39.064,29.786,26.002,18.677,15.259,9.888,5.9816,-0.12207,-17.212,-24.903,-24.537,-38.209,-53.468,-60.305,-68.361,-84.964,-108.52,-132.94,-165.78,-201.54,-242.19,-277.11,-285.78,-270.88,-250.98,-226.69,-176.15,-132.33,-0.36622,2.5636,8.7893,10.254,6.9582,6.8361,6.1037,4.883,6.592,8.6673,8.6673,12.329,16.236,21.485,27.467,34.303,47.853,65.554,85.33,101.81,120.37,139.65,162.6,183.84,201.54
216.44,213.63,221.81,232.18,235.36,240.61,243.66,224.98,210.09,202.4,197.27,187.14,172.86,158.82,147.47,126.96,103.52,80.935,66.408,55.3,29.786,15.87,6.4699,-6.1037,-22.095,-37.233,-54.323,-71.657,-85.208,-104.37,-127.93,-152.23,-172.98,-199.47,-227.18,-233.28,-224.98,-208.14,-190.56,-156.74,-114.26,8.6673,9.6438,16.602,27.223,36.378,47.609,65.31,78.738,85.94,98.636,111.94,125.98,146.73,170.66,192.51,210.82,224.25,231.09,236.21,237.8,237.19,234.75,233.89,224.49,215.34
205.08,189.58,175.54,159.06,148.08,130.13,112.19,93.265,79.714,70.559,57.619,42.36,34.669,27.467,18.555,10.376,6.7141,2.9298,-4.2726,-17.09,-27.223,-32.96,-41.017,-44.679,-60.06,-59.572,-66.774,-82.644,-94.852,-132.08,-149.91,-171.88,-194.71,-227.06,-239.14,-230.6,-214.12,-206.55,-183.97,-146,-112.92,7.0803,6.1037,5.9816,4.5167,4.3947,8.4231,19.532,31.373,44.923,60.793,77.395,93.753,111.82,133.3,157.72,181.4,206.06,222.42,237.19,257.33,265.88,271.25,276.5,266.61,253.3
245,235.36,219.98,201.54,189.7,175.42,165.29,150.27,138.8,124.03,104.98,88.87,75.198,65.188,53.713,40.04,39.918,27.711,13.306,1.4649,-10.376,-25.391,-36.256,-44.679,-52.98,-62.258,-71.78,-88.382,-100.47,-113.9,-130.13,-149.66,-169.8,-188.24,-210.7,-232.67,-251.23,-242.93,-223.52,-215.34,-183.36,35.035,47.853,61.281,78.005,96.316,112.55,129.76,150.88,174.81,191.17,211.07,230.35,240.49,244.15,247.32,247.44,252.33,251.96,241.71,227.79,210.09,201.18,194.59,187.14,172.73
159.79,151.86,137.58,126.59,124.64,113.77,89.846,74.465,64.211,53.224,44.923,29.786,15.137,6.4699,-7.2024,-16.968,-26.612,-33.692,-42.97,-53.468,-72.634,-80.203,-84.109,-91.556,-103.89,-110.97,-112.55,-117.56,-126.59,-135.87,-155.16,-178.84,-200.69,-222.05,-231.94,-227.06,-219.24,-213.75,-206.55,-191.66,-169.56,-2.1973,-4.0284,-2.8077,-0.97659,-0.12207,10.62,13.306,12.818,14.161,17.701,16.846,20.386,20.875,17.579,17.457,19.044,15.992,7.3244,7.3244,8.7893,9.7659,13.184,15.87,16.236,16.968
14.283,7.6907,9.3997,17.457,27.223,50.172,70.315,74.953,84.964,92.044,88.992,103.52,141.12,170.42,221.44,265.14,262.34,233.04,255.26,255.75,234.26,211.07,176.89,158.94,151.13,153.81,129.76,85.086,57.131,128.42,136.23,148.81,104.86,137.94,117.44,91.556,83.132,51.759,57.131,-28.321,-62.258,-3.4181,-1.2207,-2.6856,-3.5401,-2.6856,0.61037,6.7141,16.602,35.89,58.596,74.587,93.387,117.8,142.09,170.9,198.49,220.71,225.59,226.08,227.3,230.6,231.7,233.77,242.44,238.29
225.35,209.72,198,184.82,175.42,168.1,157.23,141.48,125.37,112.8,102.79,83.377,80.203,74.587,66.286,53.713,40.162,29.42,25.636,21.119,12.329,-2.9298,-13.794,-24.293,-31.739,-38.209,-48.341,-64.821,-86.062,-102.54,-123.29,-144.17,-165.41,-207.4,-229.99,-230.72,-217.54,-202.4,-187.63,-154.91,-130.86,12.085,16.236,22.584,31.495,43.703,57.741,72.268,93.387,115.73,134.28,151.49,173.83,192.14,202.15,217.41,235.6,247.32,250.5,253.18,249.03,244.39,236.82,232.8,222.05,210.7
188.24,168.83,150.15,134.4,117.19,104.01,93.631,80.691,69.46,51.881,36.744,38.575,36.988,32.96,25.269,23.072,23.438,22.584,18.921,11.109,5.1271,-7.5686,-17.945,-23.682,-27.833,-35.768,-49.074,-62.746,-75.32,-92.776,-106.57,-122.56,-145.02,-173.71,-201.06,-216.07,-220.83,-206.18,-197.88,-182.13,-155.28,-139.16,-139.77,-144.9,-164.92,-182.62,-190.19,-192.75,-189.95,-189.21,-186.9,-196.17,-189.09,-172.86,-163.58,-135.75,-128.06,-134.16,-132.08,-121.95,-111.58,-101.44,-83.743,-78.372,-71.169,-58.107
