0.85452,3.296,2.3194,2.8077,3.7843,3.1739,5.8596,13.184,14.893,13.428,11.719,13.062,16.968,15.87,14.283,14.161,15.992,16.358,17.579,20.386,22.584,30.274,30.274,20.142,13.184,0.12207,-7.0803,-1.4649,10.987,14.527,12.818,12.085,16.358,23.072,26.49,26.49,22.706,17.457,17.945,17.335,15.503,12.452,10.498,8.6673,6.8361,4.3947,2.3194,-0.36622,-2.8077,-3.0519,-3.6622,-5.3713,-5.005,-5.2492,-7.3244,-9.888,-8.6673,-8.5452,-9.0335,-8.7893,-8.5452,-9.2776,-10.132,-10.376,-9.1556,11.841
15.381,18.189,23.927,29.664,34.913,37.355,40.651,41.139,36.866,28.443,23.194,19.166,12.329,20.753,31.129,21.973,-2.4415,-10.132,-4.2726,0.61037,-3.4181,-6.592,-11.231,-16.968,-18.189,-15.87,-12.085,-10.62,-9.5218,-8.179,-6.592,-6.2258,-7.2024,-9.1556,-6.1037,-2.1973,-0.4883,3.4181,8.179,12.085,14.405,15.992,15.137,13.672,12.818,9.7659,8.179,8.4231,6.4699,2.5636,-2.6856,-5.4933,-9.2776,-9.6438,-12.207,-14.039,-14.527,-15.748,-17.823,-18.921,-19.41,-18.189,-17.701,-18.311,-20.02,-0.24415
-0.61037,-0.12207,0.73244,1.4649,2.8077,1.0987,-1.8311,-5.6154,-8.179,-7.3244,-6.3478,-5.7375,-5.2492,-5.4933,-5.8596,-1.8311,4.1505,9.2776,11.963,11.475,10.498,11.353,11.353,12.818,20.264,25.391,24.659,26.002,26.246,26.124,14.283,0.73244,-6.592,-10.254,-10.987,-11.353,-13.794,-19.41,-25.88,-25.88,-20.875,-10.743,-1.709,0.61037,-1.0987,0.85452,3.4181,2.9298,1.3428,0.61037,2.0753,4.7609,8.9114,11.597,12.818,14.161,16.358,15.748,14.893,12.207,8.179,5.2492,3.1739,2.3194,2.0753,-7.9348
-8.6673,-10.01,-8.179,-5.4933,-1.0987,0.85452,1.0987,0.36622,0.4883,2.0753,3.4181,5.7375,5.8596,5.005,3.296,3.4181,3.9064,6.8361,10.865,11.841,13.794,16.236,20.508,23.438,27.345,28.443,23.072,12.818,7.8127,17.945,36.5,51.149,48.219,34.181,23.438,22.095,20.753,10.254,-2.4415,-9.888,-12.085,-11.109,-9.2776,-10.62,-10.865,-10.743,-9.3997,-5.6154,-3.4181,-4.6388,-7.2024,-5.005,-3.1739,-1.8311,2.1973,6.8361,8.6673,7.4465,4.5167,2.0753,1.4649,2.6856,4.2726,3.9064,2.6856,-19.044
-13.794,-10.62,-6.8361,-5.005,-2.6856,-3.5401,-9.1556,-8.179,-3.9064,2.9298,7.9348,17.212,27.345,22.095,5.9816,3.7843,8.4231,14.405,17.09,21.363,19.898,18.067,23.927,27.711,22.95,20.142,27.955,46.876,64.089,65.188,46.388,21.729,3.5401,-3.4181,-3.7843,-10.01,-26.978,-36.866,-41.993,-38.209,-28.199,-20.264,-15.748,-10.498,-8.4231,-8.301,-6.7141,-6.3478,-5.7375,-4.2726,-4.0284,-5.7375,-6.1037,-3.6622,0.24415,4.0284,4.6388,4.5167,3.296,1.587,-0.85452,-3.9064,-8.179,-10.132,-14.283,-2.3194
-2.1973,-3.7843,-4.2726,-2.8077,-2.0753,-3.1739,-4.2726,-6.1037,-7.5686,-9.5218,-10.498,-10.987,-10.132,-9.0335,-6.9582,0.36622,5.4933,11.963,15.015,14.771,12.818,6.592,3.4181,0.73244,6.3478,15.503,17.823,17.09,17.701,20.02,16.48,23.682,28.199,35.157,40.162,40.04,23.072,7.4465,-1.9532,-4.5167,-2.4415,-8.301,-17.09,-24.049,-26.734,-28.077,-28.687,-24.659,-23.316,-23.438,-18.799,-12.085,-8.0569,-7.6907,-5.9816,0.97659,8.0569,10.132,8.7893,6.8361,5.6154,1.587,-1.587,-2.5636,-5.1271,4.7609
1.587,0,-0.36622,-0.61037,-0.97659,-0.61037,-0.85452,-1.4649,-1.4649,-1.709,-1.709,-1.3428,-1.0987,-3.0519,-1.0987,2.3194,3.5401,5.8596,10.01,11.353,12.452,12.94,15.137,14.649,13.428,14.405,15.503,14.771,11.353,12.696,19.532,20.875,17.335,11.963,6.9582,2.0753,2.4415,0.12207,-6.592,-14.039,-20.386,-22.095,-22.584,-21.851,-19.532,-19.166,-11.719,0.73244,7.4465,7.2024,3.296,-1.2207,-4.3947,-6.4699,-6.3478,-5.3713,-4.7609,-4.883,-6.7141,-9.888,-11.841,-13.55,-15.015,-16.846,-18.189,-6.4699
-6.4699,-6.4699,-5.6154,-5.6154,-5.1271,-4.2726,-4.0284,-3.4181,-1.9532,0.24415,1.709,3.4181,6.3478,9.1556,9.3997,9.5218,10.254,11.353,13.428,13.794,12.94,15.015,15.992,17.701,20.753,22.217,19.898,15.87,18.067,24.049,32.96,37.721,37.965,28.687,17.335,7.6907,1.9532,-1.0987,-7.0803,-10.132,-8.0569,-2.0753,1.4649,0.36622,-1.709,-5.005,-8.6673,-11.719,-10.743,-6.4699,-0.97659,2.8077,2.1973,-2.6856,-5.4933,-6.1037,-6.7141,-4.883,-3.296,-2.1973,-3.0519,-2.9298,0,3.1739,3.4181,2.0753
-0.85452,-3.296,-7.4465,-7.4465,-6.592,-7.2024,-7.3244,-4.5167,-5.9816,-5.1271,-4.1505,-9.5218,-16.968,-22.95,-21.241,-16.602,-10.132,-9.2776,-13.794,-15.503,-9.7659,-2.4415,5.4933,13.916,20.264,23.316,26.002,26.246,33.57,45.9,60.671,62.99,31.495,4.7609,-6.1037,-7.9348,-11.841,-11.353,-12.574,-15.625,-19.654,-25.391,-24.659,-22.95,-19.532,-14.283,-9.3997,-7.6907,-6.4699,-7.4465,-8.0569,-8.0569,-12.452,-17.335,-16.724,-20.386,-12.085,-5.005,3.0519,6.2258,11.353,12.329,11.475,5.2492,-0.4883,-5.4933
-7.4465,-7.4465,-7.9348,-9.5218,-10.987,-11.109,-10.498,-9.6438,-8.179,-5.4933,-2.6856,-1.587,1.587,2.1973,3.5401,4.0284,3.6622,5.8596,8.5452,13.672,20.753,32.228,42.116,48.463,47.487,50.295,48.097,43.336,29.176,15.503,13.55,10.254,-0.97659,-12.94,-12.696,-12.207,-13.916,-19.898,-22.706,-17.579,-5.7375,4.7609,7.9348,8.0569,6.4699,5.2492,6.3478,6.592,7.6907,4.7609,4.1505,1.2207,-1.3428,-3.5401,-4.7609,-6.592,-3.6622,-4.1505,-8.0569,-7.8127,-4.7609,-3.0519,-3.6622,-5.005,-1.4649,-5.005
-5.7375,-5.2492,-5.1271,-4.0284,-3.9064,-4.2726,-4.0284,-4.5167,-4.0284,-3.6622,-3.4181,-2.9298,-3.1739,-3.0519,-1.8311,-0.24415,4.883,10.01,14.893,20.631,26.856,32.472,35.524,32.472,29.176,27.955,21.851,15.748,19.044,39.308,67.751,78.494,51.515,23.682,11.963,14.039,22.095,31.495,26.368,18.799,7.0803,0,-1.2207,-1.3428,-3.6622,-7.3244,-8.179,-9.0335,-7.9348,-8.6673,-11.963,-11.841,-9.7659,-11.719,-14.649,-12.818,-10.376,-7.5686,-4.2726,-3.5401,-6.592,-10.254,-11.597,-9.5218,-6.1037,-3.7843
-4.7609,-5.6154,-6.2258,-5.6154,-5.8596,-5.8596,-5.9816,-6.3478,-7.3244,-8.179,-7.3244,-6.9582,-6.592,-5.3713,-4.883,-5.005,-3.9064,-3.9064,-4.1505,-1.709,3.4181,5.9816,8.301,10.62,12.818,11.353,11.963,19.41,39.186,58.962,63.478,32.472,6.9582,-4.5167,-7.4465,-10.498,-11.719,-13.55,-17.823,-17.09,-13.794,-9.7659,-6.9582,-5.4933,-6.1037,-10.254,-11.841,-11.475,-15.381,-20.386,-20.386,-18.555,-18.433,-15.748,-10.132,-6.2258,-6.2258,-6.3478,-7.4465,-6.8361,-3.0519,-1.8311,0.12207,2.1973,4.7609,-1.2207
0.4883,0.61037,0.73244,1.709,1.2207,-0.12207,-1.8311,-1.3428,1.0987,3.9064,6.1037,7.9348,9.5218,11.475,13.062,14.649,13.428,13.184,14.283,13.55,17.335,24.903,32.96,40.04,42.97,42.604,41.261,40.284,35.157,30.641,24.781,22.706,29.176,47.121,55.666,45.045,28.077,17.09,10.376,3.9064,2.9298,1.3428,-1.8311,-7.9348,-8.4231,-6.2258,-9.888,-12.085,-7.9348,-6.1037,-2.8077,-0.24415,5.6154,8.7893,9.7659,8.6673,5.4933,2.8077,1.2207,2.1973,3.1739,4.5167,6.3478,8.6673,9.7659,0.61037
1.0987,1.2207,0.61037,-0.61037,-2.8077,-4.3947,-5.005,-5.2492,-5.2492,-3.1739,1.8311,7.4465,10.376,10.01,11.719,13.306,11.719,9.5218,10.254,13.794,16.602,18.067,18.311,15.137,13.306,6.2258,-3.9064,-5.005,0.4883,21.729,28.077,23.438,5.005,-10.62,-15.748,-17.09,-13.55,-9.888,-13.062,-20.386,-22.584,-20.875,-16.724,-18.067,-18.555,-17.09,-17.823,-16.602,-15.87,-15.748,-16.968,-18.555,-20.264,-22.584,-22.95,-19.41,-13.672,-5.8596,-0.24415,0.97659,0.85452,-0.73244,-3.0519,-5.1271,-4.883,-4.0284
-3.1739,-2.3194,-2.5636,-2.8077,-3.9064,-5.7375,-6.2258,-5.8596,-5.6154,-6.3478,-5.7375,-3.296,-1.587,-0.36622,2.3194,2.0753,0.85452,1.9532,5.2492,8.0569,13.062,20.997,26.734,30.641,33.326,35.035,25.269,12.452,12.329,36.988,65.676,69.094,43.703,16.968,-2.0753,-6.3478,-4.3947,0.85452,-0.85452,-7.2024,-12.574,-18.799,-23.316,-24.293,-21.729,-21.119,-25.391,-26.368,-24.537,-22.462,-18.433,-15.992,-15.259,-16.358,-18.677,-22.095,-22.217,-15.381,-7.8127,-2.3194,-0.97659,-1.587,-1.2207,0.97659,-0.4883,-1.709
-2.0753,-2.4415,-2.0753,-2.0753,-2.6856,-5.2492,-7.3244,-8.6673,-8.6673,-7.3244,-6.8361,-6.8361,-7.6907,-7.3244,-7.2024,-6.592,-5.4933,-2.9298,-0.61037,0.85452,-0.12207,-2.0753,-3.4181,-1.9532,-1.709,-0.61037,2.3194,1.4649,-1.587,5.6154,21.119,36.866,46.51,42.848,28.199,18.677,15.748,13.55,11.353,2.4415,-4.7609,-10.376,-12.574,-10.498,-8.5452,-7.4465,-6.3478,-4.6388,-0.85452,1.4649,2.1973,-0.61037,-0.24415,0,-0.61037,1.8311,5.9816,8.0569,7.0803,4.6388,2.0753,1.2207,0.4883,-2.0753,-4.5167,0.12207
-0.12207,0,0.12207,-0.12207,-1.3428,-1.8311,-1.587,-0.85452,-0.4883,-0.12207,1.4649,2.5636,3.5401,4.3947,5.005,6.4699,8.4231,9.6438,10.987,12.207,13.55,16.48,18.189,20.264,22.706,18.921,10.01,3.5401,-2.4415,0.85452,15.503,38.453,59.816,65.188,48.585,20.142,3.5401,0.24415,0.36622,0.12207,-5.3713,-12.085,-14.039,-13.184,-13.184,-13.184,-13.184,-13.184,-11.719,-10.376,-6.9582,-2.4415,-3.0519,-3.1739,-4.1505,-4.883,-5.1271,-5.9816,-5.2492,-3.7843,-2.5636,-3.0519,-5.9816,-6.9582,-4.5167,-2.1973
-3.0519,-5.1271,-6.4699,-6.8361,-7.4465,-7.9348,-6.3478,-2.9298,1.2207,2.8077,3.5401,6.7141,10.498,12.696,14.405,16.358,15.015,12.818,11.475,7.2024,4.3947,4.6388,7.5686,9.6438,10.498,15.625,23.316,38.942,50.783,55.666,45.778,27.833,9.0335,-5.2492,-17.457,-26.856,-33.204,-34.913,-32.838,-28.077,-24.537,-19.41,-17.212,-16.846,-17.212,-12.207,-8.6673,-8.4231,-6.2258,-5.005,-5.4933,-7.2024,-9.0335,-9.2776,-7.8127,-5.2492,-4.0284,-5.1271,-6.8361,-9.888,-13.794,-14.161,-14.161,-12.452,-10.01,-1.3428
-0.12207,-0.73244,0,0,-2.1973,-1.587,-0.12207,0.97659,0.36622,0.12207,0.24415,0.36622,0,1.0987,3.0519,5.3713,7.6907,11.841,16.114,21.241,25.391,27.1,30.641,28.077,18.799,10.743,5.005,2.0753,6.4699,15.381,23.072,15.015,-0.61037,-10.987,-21.363,-32.716,-38.697,-40.04,-32.105,-18.311,-8.0569,-2.4415,-0.97659,-4.0284,-9.6438,-15.137,-17.701,-15.748,-9.7659,-4.6388,-2.5636,-4.2726,-5.3713,-4.883,-2.9298,-5.4933,-3.4181,-2.3194,-6.3478,-6.7141,-7.8127,-9.5218,-10.254,-8.301,-5.4933,6.2258
2.6856,0.36622,1.0987,4.0284,0.73244,-0.24415,0.4883,2.1973,3.296,3.4181,3.9064,4.1505,4.1505,5.2492,6.7141,7.0803,6.4699,3.296,-2.3194,-6.592,-7.2024,-5.4933,-3.7843,-1.9532,-3.1739,-8.0569,-7.9348,-2.0753,14.527,40.407,53.346,54.323,51.149,40.04,30.152,24.903,22.584,15.259,8.0569,0.24415,-6.9582,-8.6673,-8.9114,-8.5452,-7.4465,-7.2024,-7.6907,-9.5218,-11.597,-13.184,-14.039,-15.015,-12.94,-10.743,-6.1037,-4.2726,2.4415,4.5167,3.6622,8.179,13.062,17.823,17.701,15.625,12.818,1.709
1.3428,1.587,2.3194,3.5401,4.7609,5.3713,4.3947,2.9298,1.9532,3.6622,10.01,11.841,11.719,12.207,9.7659,7.5686,6.9582,8.5452,9.7659,11.231,11.597,12.696,14.405,14.527,13.306,13.428,21.241,38.331,60.183,66.408,56.032,37.599,21.363,17.701,15.015,7.5686,0.97659,-8.5452,-21.363,-26.49,-28.687,-28.199,-22.828,-15.992,-11.597,-9.7659,-11.109,-11.963,-12.085,-7.5686,-5.8596,-5.4933,-4.1505,-3.7843,-3.7843,-3.296,-2.4415,-1.2207,-1.9532,-5.3713,-9.2776,-14.405,-22.095,-22.095,-16.724,-20.753
-26.734,-31.739,-35.279,-35.646,-32.96,-29.786,-28.077,-27.589,-26.856,-26.612,-25.758,-25.147,-25.147,-23.56,-19.532,-16.602,-17.701,-19.288,-18.311,-23.56,-28.809,-29.176,-28.809,-26.734,-20.875,-15.259,-9.888,-5.7375,-3.0519,0.12207,1.3428,1.9532,3.0519,5.9816,8.9114,10.743,11.719,11.109,10.498,10.01,8.179,6.2258,5.3713,5.005,4.3947,2.8077,0,-1.709,-4.5167,-7.4465,-9.2776,-9.6438,-11.475,-11.719,-12.085,-11.963,-13.916,-14.649,-10.62,-8.301,-4.2726,2.8077,11.231,15.87,16.724,14.893
11.475,10.987,11.353,8.179,1.0987,-7.9348,-11.475,-10.01,-8.301,-9.888,-10.132,-6.4699,-8.179,-8.6673,-10.62,-9.0335,-6.3478,-1.587,1.587,5.4933,9.2776,16.48,24.903,39.064,40.284,36.378,32.838,33.082,30.274,20.631,9.5218,1.4649,-3.296,-0.85452,4.1505,6.7141,3.7843,1.0987,2.3194,2.6856,-0.61037,-4.7609,-5.9816,-4.2726,1.0987,-0.24415,-5.6154,-2.6856,8.4231,9.0335,5.005,2.4415,0.4883,-3.5401,-5.3713,-6.1037,-6.592,-5.1271,-0.85452,0.12207,-3.4181,-3.4181,-5.3713,-5.005,-0.85452,4.7609
7.2024,8.0569,14.039,20.142,24.903,27.711,26.368,24.659,21.485,21.851,22.828,22.95,22.706,22.462,19.654,15.992,-2.8077,2.6856,4.883,6.1037,6.3478,4.883,4.5167,3.4181,2.6856,2.5636,0.36622,-1.4649,-1.709,0.97659,0.61037,-1.3428,-2.8077,-6.8361,-9.3997,-10.132,-10.254,-10.376,-9.7659,-8.0569,-6.3478,-5.8596,-5.1271,-4.3947,-4.6388,-5.8596,-6.7141,-6.2258,-5.1271,-5.005,-5.005,-3.9064,-3.0519,-4.0284,-2.4415,-1.709,-1.0987,-1.709,-1.3428,1.4649,3.6622,5.1271,6.1037,8.179,9.7659,12.207
14.405,14.649,13.55,13.062,12.818,10.865,7.8127,4.5167,-0.12207,-5.7375,-9.6438,-13.916,-18.433,-20.02,-17.335,-10.987,-6.8361,-4.5167,-4.1505,-4.883,-5.005,-4.1505,-3.0519,-2.4415,-0.85452,-0.85452,0.61037,1.0987,-0.73244,-0.73244,-1.2207,-1.8311,-5.8596,-4.883,-4.0284,-3.5401,-2.1973,-4.7609,-5.6154,-7.0803,-5.2492,-3.7843,-2.3194,-2.8077,-5.1271,-3.4181,-0.24415,1.2207,0.4883,-0.85452,-0.85452,-1.4649,-1.8311,-4.3947,-6.7141,-5.2492,-2.3194,1.2207,1.8311,3.6622,9.7659,10.498,12.94,13.306,12.085,9.5218
5.2492,0.24415,-4.5167,-8.6673,-11.841,-10.987,-8.301,-4.883,-1.8311,-1.2207,-0.61037,-1.3428,-1.709,0.12207,1.709,3.1739,3.4181,11.231,9.888,10.132,11.841,13.916,16.968,18.555,16.968,15.503,13.55,11.353,9.0335,7.6907,7.6907,7.8127,7.9348,6.592,3.1739,0.36622,-3.7843,-7.8127,-11.231,-13.55,-15.992,-17.701,-18.311,-18.433,-17.579,-14.405,-12.574,-11.475,-8.7893,-7.0803,-6.3478,-6.3478,-6.1037,-5.7375,-5.2492,-4.7609,-4.1505,-3.7843,-3.9064,-3.296,-1.587,-0.4883,1.0987,3.6622,5.9816,6.2258
7.4465,9.888,15.015,19.166,19.288,17.823,14.405,9.6438,3.296,-2.3194,-8.7893,-18.311,-25.88,-29.42,-31.983,-33.57,-35.646,-4.3947,-5.9816,-6.3478,-5.6154,-7.3244,-5.005,-6.3478,-6.592,-7.4465,-8.179,-8.6673,-7.5686,-4.6388,-1.709,1.3428,3.296,5.2492,5.6154,7.0803,8.4231,8.9114,6.4699,4.2726,2.9298,-0.12207,-2.0753,-1.587,1.3428,3.6622,10.498,15.015,19.166,21.363,21.973,21.851,20.875,20.264,21.363,20.02,16.114,11.963,9.5218,9.888,8.4231,6.9582,6.8361,6.8361,7.0803,8.7893
9.2776,8.7893,10.376,11.109,10.865,10.498,10.254,9.7659,8.7893,8.7893,8.5452,9.6438,9.3997,6.7141,2.6856,-1.3428,-3.9064,-4.3947,-1.8311,3.6622,8.7893,14.039,16.114,16.48,16.846,14.527,12.207,13.062,14.527,13.916,11.597,6.592,0.24415,-5.4933,-10.743,-15.015,-16.968,-18.555,-18.189,-16.846,-15.137,-13.184,-13.306,-12.452,-10.865,-9.6438,-10.254,-10.254,-8.6673,-7.0803,-5.6154,-5.1271,-5.3713,-5.9816,-6.592,-6.7141,-6.8361,-6.8361,-6.9582,-6.9582,-6.3478,-6.592,-8.179,-10.132,-7.0803,-2.1973
0.4883,2.0753,4.0284,2.6856,-0.85452,-4.0284,-6.3478,-8.0569,-11.109,-14.161,-17.457,-19.532,-20.753,-17.823,-16.602,-17.701,-20.875,-6.2258,-4.3947,-2.6856,-0.36622,1.0987,1.8311,7.3244,4.883,7.4465,3.4181,-1.2207,-6.1037,-16.724,-26.246,-31.739,-32.96,-33.692,-32.838,-31.007,-27.223,-22.584,-14.771,-7.6907,-3.7843,-5.005,-4.883,-1.8311,2.3194,0.97659,0.61037,0.73244,4.2726,2.5636,2.0753,5.005,8.7893,9.888,9.1556,8.301,4.883,4.6388,5.4933,7.8127,9.7659,8.6673,5.005,1.587,-0.97659,-2.5636
-1.4649,0.85452,2.0753,-0.85452,-0.85452,-3.6622,-3.7843,-2.4415,0.73244,4.0284,6.9582,8.179,7.4465,6.1037,2.8077,1.9532,1.587,11.963,8.9114,7.5686,6.1037,5.6154,5.6154,5.1271,3.7843,2.5636,0.97659,-0.85452,-2.9298,-4.0284,-5.1271,-7.5686,-6.2258,-5.8596,-5.005,-3.9064,-2.9298,-1.9532,-1.4649,-0.73244,-0.36622,-0.12207,-0.73244,-0.36622,-0.61037,-0.73244,-1.587,-1.9532,-0.4883,1.8311,0.85452,2.4415,6.1037,6.9582,6.7141,8.9114,10.743,10.987,9.0335,7.8127,6.8361,5.9816,5.8596,5.3713,4.1505,2.3194
0.12207,-1.9532,-2.8077,-4.1505,-7.5686,-11.719,-15.503,-19.044,-22.462,-19.898,-15.015,-8.4231,-6.592,-9.7659,-15.381,-21.119,-21.241,-9.3997,-9.3997,-11.475,-11.597,-14.283,-15.87,-16.114,-15.259,-14.527,-14.527,-14.771,-12.696,-12.818,-13.062,-12.818,-10.987,-11.109,-10.987,-9.6438,-7.0803,-5.2492,-3.296,-2.8077,-2.9298,-0.36622,1.709,2.4415,0.73244,0,1.709,5.3713,6.4699,5.3713,5.2492,6.592,5.4933,5.2492,6.2258,7.9348,8.6673,10.987,14.283,15.625,15.503,15.381,13.916,7.4465,6.3478,5.7375
10.376,16.968,20.386,19.288,16.358,11.719,8.5452,7.2024,8.179,8.301,8.4231,8.5452,6.2258,3.7843,2.9298,2.3194,-0.36622,0,0.12207,-0.24415,-3.4181,-3.4181,-3.6622,-3.5401,-3.5401,-4.2726,-5.2492,-5.9816,-6.3478,-6.4699,-6.7141,-6.8361,-6.9582,-6.7141,-5.6154,-5.3713,-5.1271,-4.6388,-4.1505,-3.9064,-4.6388,-4.0284,-3.5401,-5.005,-3.1739,-3.0519,-2.9298,-3.9064,-4.6388,-5.005,-4.3947,-3.1739,-1.587,2.5636,4.0284,3.5401,3.0519,3.6622,3.6622,4.0284,3.7843,4.0284,5.9816,7.4465,7.9348,8.6673
10.743,10.376,7.6907,2.5636,-4.0284,-11.597,-18.921,-25.391,-31.617,-34.303,-35.89,-34.059,-31.129,-32.228,-30.519,-22.217,-3.0519,-3.7843,-5.1271,-7.5686,-7.5686,-7.0803,-7.5686,-5.8596,-6.9582,-6.3478,-5.9816,-7.6907,-10.01,-10.743,-11.841,-13.916,-14.649,-13.916,-13.672,-13.55,-11.719,-9.0335,-8.4231,-7.6907,-8.4231,-7.8127,-6.1037,-3.7843,-5.7375,-4.6388,-3.7843,-0.85452,1.9532,6.9582,10.987,11.109,9.2776,8.179,6.2258,5.1271,6.2258,8.4231,7.5686,5.6154,8.5452,12.94,14.527,12.696,8.6673,6.7141
8.7893,9.888,12.696,15.137,15.87,14.893,12.696,12.085,11.475,10.01,8.9114,8.301,6.9582,7.0803,6.3478,4.6388,-9.7659,-10.254,-10.254,-10.376,-7.0803,-5.3713,-5.005,-4.5167,-4.7609,-4.6388,-5.4933,-5.6154,-5.3713,-3.7843,-1.4649,1.3428,2.6856,2.9298,1.4649,1.0987,-0.4883,-1.9532,-1.2207,-0.73244,-0.12207,-1.3428,-3.0519,-4.7609,-5.6154,-6.592,-6.9582,-5.9816,-5.3713,-4.0284,-2.3194,-0.12207,0.73244,1.587,2.4415,3.6622,4.3947,5.1271,6.7141,5.4933,5.1271,5.8596,7.4465,6.4699,3.9064,0.85452
-1.709,-4.2726,-7.9348,-11.109,-15.381,-18.311,-18.555,-16.602,-16.114,-19.532,-25.88,-26.246,-22.95,-20.386,-15.381,-11.597,-12.818,-11.597,-12.085,-10.987,-9.3997,-5.9816,-1.9532,-0.12207,0.4883,1.3428,1.587,1.587,1.2207,-0.12207,-3.0519,-1.4649,-4.0284,-3.296,-3.6622,-3.9064,-3.7843,-3.296,-5.2492,-7.3244,-8.4231,-5.3713,-3.0519,-1.0987,-1.3428,0,0.73244,0.73244,3.0519,5.8596,8.5452,9.6438,8.7893,9.3997,10.254,11.109,13.794,15.381,16.358,19.044,21.241,20.875,19.532,16.48,15.503,12.207
9.3997,7.4465,8.5452,11.231,15.992,18.921,20.508,20.631,20.997,15.137,8.301,5.6154,2.1973,0.61037,0.12207,2.5636,4.7609,5.9816,7.3244,7.2024,5.6154,1.3428,-3.1739,-7.9348,-9.6438,-10.376,-6.4699,-1.0987,2.4415,6.592,12.452,21.485,19.654,21.851,24.293,27.1,24.659,18.067,11.841,7.6907,2.6856,0.24415,-1.4649,-1.3428,-1.587,-4.2726,-4.0284,-2.5636,-0.61037,0.24415,0.85452,0.4883,-0.4883,-2.1973,-5.2492,-2.9298,-3.0519,0.36622,4.7609,5.7375,5.8596,5.1271,4.3947,3.7843,2.3194,-1.587
-3.4181,-7.0803,-7.2024,-6.9582,-6.2258,-2.8077,0.97659,3.1739,2.6856,1.9532,1.4649,1.0987,2.6856,1.3428,1.0987,0.36622,-0.61037,-1.4649,-2.1973,-2.6856,-6.4699,-11.719,-17.212,-24.903,-32.594,-36.988,-35.279,-27.711,-19.532,-15.381,-3.5401,-4.2726,-3.4181,-5.9816,-5.3713,-4.1505,-3.296,-3.7843,-2.5636,-2.5636,-2.0753,-0.61037,0.4883,-0.24415,-0.24415,-1.0987,-1.709,-3.296,-4.1505,-5.6154,-7.5686,-10.01,-9.5218,-8.6673,-7.6907,-7.4465,-7.2024,-7.5686,-7.2024,-6.1037,-4.883,-2.9298,-1.0987,0,1.9532,4.1505
5.1271,6.3478,6.9582,7.6907,7.8127,5.6154,3.1739,2.8077,3.296,2.3194,-0.61037,-1.4649,-1.709,-3.296,-2.4415,-1.8311,-0.12207,1.8311,2.3194,2.9298,3.4181,5.6154,9.3997,12.94,16.236,16.724,14.283,11.963,11.719,10.01,8.4231,4.3947,-1.2207,-2.6856,0.85452,3.5401,3.6622,7.0803,7.5686,5.1271,4.1505,5.1271,8.179,11.475,13.184,11.353,10.498,7.4465,4.5167,3.0519,2.4415,0.24415,-0.97659,-0.85452,-0.73244,-0.12207,1.3428,3.7843,1.9532,1.8311,2.3194,1.709,1.587,0.24415,-0.85452,-1.3428
-1.4649,-1.9532,-1.587,-0.36622,1.0987,1.3428,1.9532,1.709,0.85452,0.73244,1.3428,1.0987,0.36622,0.73244,1.9532,1.0987,6.2258,4.7609,5.1271,7.0803,5.7375,5.005,4.883,3.4181,2.5636,3.7843,4.3947,4.6388,4.883,4.7609,3.4181,1.4649,-1.8311,-5.8596,-9.3997,-13.794,-17.457,-22.095,-25.147,-27.711,-29.664,-30.152,-32.105,-33.692,-35.157,-31.617,2.1973,3.6622,5.4933,7.3244,6.592,4.883,2.6856,0.24415,-2.0753,-4.0284,-6.4699,-7.6907,-7.0803,-7.0803,-6.9582,-6.7141,-3.4181,-2.0753,-2.3194,-1.9532
-0.73244,-1.709,-0.61037,0.12207,0.97659,2.6856,2.1973,0.73244,0.73244,1.4649,2.6856,4.3947,4.883,4.0284,3.4181,5.3713,4.7609,6.4699,6.7141,6.2258,1.8311,-2.3194,-3.1739,-3.1739,-2.3194,-0.36622,0.24415,2.4415,4.0284,7.6907,6.2258,3.4181,6.592,9.5218,11.597,14.039,17.09,19.41,18.311,14.771,13.062,9.6438,5.7375,1.4649,-0.4883,-0.24415,-2.6856,-0.4883,-0.97659,-2.0753,-3.6622,-5.6154,-7.5686,-7.4465,-7.0803,-5.7375,-3.4181,-0.24415,-0.73244,1.2207,1.4649,2.4415,1.9532,-0.12207,-2.0753,-2.3194
-2.5636,-2.5636,-2.0753,-1.3428,-0.24415,0.97659,2.3194,3.0519,2.9298,2.6856,1.709,0.97659,-0.12207,0.61037,-1.587,-1.8311,-0.24415,1.709,3.6622,2.0753,0.97659,1.8311,3.1739,0.24415,0.12207,1.9532,4.7609,6.7141,5.9816,3.4181,2.8077,3.4181,3.5401,1.8311,-1.709,-6.592,-12.085,-18.067,-25.147,-28.199,-27.833,-27.589,-26.49,-25.758,-21.729,-20.386,-20.875,-3.4181,-3.9064,-3.4181,-4.1505,-4.3947,-4.6388,-5.005,-5.4933,-6.1037,-5.4933,-5.7375,-4.5167,-3.7843,-5.005,-3.5401,-3.5401,-3.9064,-6.3478,-8.0569
-8.4231,-7.8127,-7.6907,-6.9582,-5.9816,-6.8361,-7.0803,-8.6673,-9.3997,-9.3997,-11.597,-13.184,-11.963,-9.2776,-5.005,-0.97659,0.36622,1.709,1.709,2.3194,2.1973,2.3194,1.8311,0.36622,1.4649,1.2207,-0.4883,0.97659,2.6856,4.3947,6.4699,8.179,7.8127,10.865,14.649,15.381,14.771,15.015,16.846,16.358,18.067,17.823,16.114,11.963,7.9348,7.3244,8.9114,-9.6438,-11.231,-12.329,-11.719,-11.109,-11.475,-10.254,-8.5452,-8.179,-5.6154,-4.5167,-2.9298,-2.1973,-2.1973,-2.9298,-2.8077,-3.296,-3.296,-4.1505
-3.9064,-3.9064,-3.1739,-3.4181,-3.9064,-3.9064,-4.0284,-4.5167,-5.2492,-4.7609,-3.9064,-4.883,-0.24415,2.0753,4.0284,2.6856,2.8077,3.4181,3.6622,3.4181,2.5636,0.97659,1.4649,2.6856,2.9298,0.36622,-1.709,-1.9532,-0.36622,0.12207,-2.1973,-4.6388,-7.4465,-10.743,-11.109,-12.329,-11.719,-15.015,-17.823,-17.212,-13.55,-10.743,-10.865,-8.9114,-10.376,-14.771,-16.968,-0.97659,-1.8311,-1.709,-2.3194,-3.5401,-4.2726,-3.1739,-7.3244,-7.9348,-7.8127,-6.7141,-5.3713,-2.3194,1.2207,2.9298,0.36622,1.0987,4.0284,6.1037
5.005,1.8311,-1.8311,-6.4699,-7.5686,-7.4465,-10.254,-12.696,-13.916,-10.254,-6.4699,-4.1505,-2.4415,-0.97659,-1.0987,-1.4649,-1.3428,0.85452,3.296,4.3947,5.4933,4.7609,5.9816,9.3997,12.085,12.085,9.888,9.5218,9.5218,10.62,11.963,10.01,12.329,13.916,14.405,15.625,16.114,18.189,20.631,22.217,23.438,23.682,21.363,17.212,16.48,16.114,16.48,-6.2258,-7.0803,-6.8361,-5.8596,-3.9064,-2.3194,-1.2207,0.4883,1.4649,1.4649,1.9532,1.709,-1.709,-1.709,-2.5636,-3.9064,-5.005,-6.592,-7.2024
-7.8127,-8.7893,-8.4231,-8.301,-7.4465,-6.592,-5.6154,-4.883,-4.0284,-3.296,-2.5636,-2.9298,-3.6622,-4.1505,-2.1973,-4.1505,-1.4649,-1.3428,1.0987,4.0284,5.7375,5.005,3.4181,2.5636,2.3194,3.1739,1.2207,-0.36622,-2.1973,-4.883,-7.9348,-8.9114,-9.6438,-8.9114,-8.5452,-10.01,-15.137,-21.485,-26.002,-27.1,-21.485,-17.457,-15.015,-18.677,-22.95,-25.391,-20.264,-2.3194,-3.1739,-2.4415,-2.5636,-2.1973,-3.9064,-4.5167,-5.8596,-8.0569,-6.592,-5.005,-3.9064,-5.2492,-6.8361,-8.4231,-9.7659,-11.109,-10.987,-13.916
-14.649,-15.381,-18.067,-17.09,-14.527,-11.841,-7.8127,-3.9064,-0.97659,0.97659,2.0753,2.8077,3.1739,3.5401,3.6622,1.8311,0.36622,2.6856,4.883,6.2258,4.7609,2.8077,0.85452,0.73244,1.9532,3.1739,3.5401,3.5401,3.0519,4.883,5.7375,8.179,9.7659,10.01,9.888,10.376,11.475,12.818,13.184,-4.7609,-6.1037,-7.0803,-7.3244,-5.7375,-4.883,-4.2726,-4.3947,-3.9064,-4.1505,-3.7843,-4.1505,-3.5401,-2.0753,-1.0987,-1.587,-0.36622,0,-1.2207,0.73244,1.587,1.4649,0.73244,-0.36622,-1.2207,-1.709,-1.9532
-1.3428,-0.85452,0.73244,1.4649,2.8077,3.296,3.296,3.5401,4.0284,3.7843,2.6856,3.5401,4.6388,4.2726,5.2492,4.883,5.005,4.1505,3.6622,3.0519,2.9298,4.1505,5.005,2.5636,-0.97659,-5.1271,-8.7893,-13.672,-16.358,-17.823,-20.386,-23.072,-23.682,-19.41,-13.794,-13.916,-18.067,-24.659,-26.856,-5.8596,-7.2024,-8.0569,-8.179,-8.179,-8.4231,-8.4231,-7.2024,-8.6673,-5.2492,-5.9816,-5.8596,-8.0569,-9.5218,-11.597,-12.94,-14.161,-15.137,-15.503,-16.114,-12.696,-11.597,-11.841,-11.963,-12.574,-12.818,-12.085
-10.865,-12.207,-13.55,-13.062,-9.3997,-6.592,-2.6856,-2.4415,-5.3713,-4.0284,-5.005,-5.005,-4.3947,-0.97659,2.1973,6.3478,11.231,12.207,8.9114,6.9582,2.1973,-2.5636,-5.9816,-5.8596,0.4883,1.587,7.0803,11.231,13.184,19.044,21.607,22.828,23.194,23.072,22.95,18.799,17.823,17.579,16.114,-0.85452,-4.1505,-3.0519,-4.0284,-4.6388,-5.1271,-5.4933,-5.6154,-5.1271,-4.5167,-4.1505,-4.0284,-3.296,-3.1739,-3.296,-3.6622,-3.7843,-3.5401,-2.3194,-1.709,-2.6856,-0.85452,-2.3194,-1.0987,0,1.4649,1.3428
0.36622,-0.85452,-1.3428,-1.0987,-1.2207,-1.0987,-1.709,-2.1973,-1.9532,-1.4649,-1.3428,-0.61037,-0.12207,0.73244,0.73244,0.4883,-0.61037,-4.0284,-8.179,-9.888,-11.475,-12.696,-10.743,-9.0335,-7.9348,-8.0569,-9.3997,-11.109,-13.428,-15.259,-17.579,-18.677,-20.386,-19.898,-22.217,-25.513,-29.42,-23.804,-22.95,4.2726,-0.97659,-6.3478,-11.109,-11.109,-10.498,-11.353,-8.0569,-6.8361,-7.2024,-7.6907,-7.9348,-7.9348,-8.179,-8.301,-7.5686,-6.8361,-5.1271,-4.1505,-3.6622,-4.1505,-4.3947,-4.6388,-4.2726,-4.6388,-5.7375,-4.6388
-7.4465,-5.9816,-5.005,-4.0284,-3.9064,-3.9064,-4.3947,-4.3947,-4.0284,-3.4181,-2.0753,-0.36622,1.3428,3.0519,4.5167,4.7609,6.7141,8.4231,10.376,9.3997,9.888,7.8127,9.2776,11.109,11.841,9.7659,6.7141,1.0987,-6.8361,-14.161,-19.532,-23.56,-28.321,-31.983,-31.861,-28.321,-28.199,-27.467,-22.584,-5.9816,-6.8361,-8.179,-8.4231,-8.6673,-8.9114,-9.7659,-9.3997,-10.498,-9.6438,-10.254,-9.0335,-9.5218,-10.62,-10.743,-10.376,-12.818,-9.888,-6.3478,-1.4649,0.61037,0.97659,3.1739,7.4465,8.5452,7.0803,5.8596
6.2258,5.4933,2.8077,-2.1973,-2.3194,-4.0284,-3.4181,-6.9582,-7.8127,-4.7609,-1.4649,0.24415,0.97659,4.0284,6.9582,4.1505,2.3194,2.5636,3.1739,2.5636,-0.61037,-4.6388,-5.6154,-4.0284,2.1973,3.1739,7.6907,9.7659,10.254,12.452,13.672,15.259,16.236,16.48,14.771,11.109,9.888,7.8127,4.2726,-3.9064,-3.7843,-3.1739,-4.1505,-4.6388,-5.005,-5.005,-4.7609,-4.883,-3.9064,-3.4181,-2.0753,-1.587,-1.8311,-1.4649,-1.0987,-0.97659,-1.709,-0.36622,-1.0987,-1.587,-0.24415,0.85452,0.73244,0,-0.61037,-0.36622
-0.24415,-0.36622,0,-0.4883,0,0.36622,1.0987,2.6856,5.7375,6.8361,8.6673,9.2776,10.132,12.696,13.672,15.992,19.166,20.875,18.189,13.306,9.888,10.01,9.7659,7.9348,3.7843,0.24415,-4.0284,-9.2776,-14.283,-18.433,-22.34,-26.368,-30.396,-31.251,-29.298,-29.786,-26.856,-24.293,-25.147,-10.987,-10.498,-9.888,-9.1556,-9.2776,-8.4231,-11.963,-7.0803,-9.7659,-8.7893,-9.7659,-10.62,-11.841,-12.696,-12.452,-10.743,-9.7659,-4.883,-1.2207,0,-1.3428,-1.4649,-1.8311,-2.4415,-5.9816,-7.6907,-7.6907
-12.085,-9.888,-10.987,-7.6907,-5.005,-2.1973,4.3947,9.1556,10.254,12.696,13.55,14.649,13.672,11.109,8.6673,6.1037,2.9298,1.2207,1.0987,0.61037,-3.1739,-2.3194,-3.5401,-2.5636,-1.2207,-0.61037,3.5401,5.7375,7.2024,6.9582,5.7375,5.005,4.6388,7.2024,8.0569,8.4231,7.2024,6.1037,6.7141,-1.709,-0.4883,0,-0.61037,-1.3428,-1.9532,-1.9532,-2.6856,-1.587,-1.8311,-2.9298,-0.85452,-0.36622,-0.24415,-0.85452,-1.709,-1.9532,-1.709,-1.587,-0.73244,-0.73244,0.36622,0.4883,0.73244,0.73244,0.97659,0.73244
1.0987,0.12207,0.73244,0.73244,0.12207,2.0753,3.0519,3.1739,3.1739,3.1739,3.1739,3.4181,2.8077,2.5636,1.2207,2.6856,3.6622,5.7375,7.0803,7.5686,7.3244,6.592,4.6388,3.5401,-0.4883,-2.5636,-5.4933,-11.109,-15.748,-22.095,-29.298,-34.669,-35.768,-30.03,-24.903,-23.194,-24.537,-25.513,-29.176,-1.9532,-1.709,-1.9532,-0.85452,0.12207,-1.2207,-1.8311,-3.0519,-2.9298,-3.5401,-4.883,-6.4699,-7.0803,-8.0569,-8.7893,-8.7893,-9.0335,-7.5686,-6.1037,-8.179,-9.5218,-11.475,-10.865,-8.179,-8.0569,-8.9114,-9.5218
-6.592,-4.2726,-2.3194,-1.709,-0.36622,0.85452,1.4649,1.2207,1.709,3.6622,6.1037,6.8361,9.2776,9.0335,8.179,6.592,5.3713,3.296,-0.85452,-5.7375,-9.888,-11.597,-14.039,-15.137,-14.771,-13.306,-10.498,-5.8596,-2.4415,0.36622,4.7609,12.207,17.701,18.921,23.194,20.142,19.532,19.288,16.968,-5.3713,-5.2492,-5.2492,-5.7375,-3.5401,-4.6388,-3.7843,-2.0753,-2.3194,-2.3194,-2.9298,-3.4181,-3.6622,-3.5401,-2.6856,-2.1973,-1.8311,-1.587,-1.3428,-1.0987,-1.4649,-1.0987,-1.0987,-0.73244,-1.9532,-0.97659,-2.0753
-1.9532,-0.61037,0.36622,0,-0.61037,-0.12207,1.8311,3.0519,2.6856,1.709,-0.73244,0.97659,2.6856,5.1271,6.3478,7.2024,7.8127,9.1556,10.01,10.987,8.6673,6.7141,5.005,3.6622,0.73244,-2.9298,-6.8361,-9.5218,-13.794,-18.921,-22.706,-25.391,-26.734,-27.1,-28.687,-29.664,-29.42,-29.42,-26.978,7.2024,7.4465,8.6673,9.2776,8.301,6.7141,4.2726,4.0284,-0.12207,-1.3428,-5.4933,-8.7893,-14.039,-14.771,-14.771,-14.893,-14.771,-14.161,-14.039,-12.818,-12.818,-11.719,-11.109,-10.132,-7.4465,-5.9816,-5.8596
-7.0803,-2.6856,-0.73244,2.3194,3.5401,5.005,5.4933,4.883,4.883,4.3947,3.7843,2.9298,3.296,4.1505,2.6856,0.36622,-0.12207,1.3428,2.8077,3.296,3.0519,4.0284,5.7375,11.353,15.625,15.992,22.34,22.706,21.607,20.02,21.363,23.682,22.584,22.217,19.532,13.794,10.498,8.7893,9.7659,-4.3947,-3.1739,-2.3194,-1.4649,-0.4883,-1.4649,-1.2207,-1.709,-1.4649,-1.587,-2.0753,-2.0753,-1.8311,-1.587,-2.4415,-1.0987,-2.5636,-1.3428,0,1.9532,1.4649,0.73244,0.12207,0.61037,0.85452,1.0987,2.1973
1.709,2.0753,2.0753,2.4415,2.6856,2.5636,3.0519,3.296,4.0284,3.0519,3.6622,1.9532,1.4649,2.1973,3.5401,7.3244,9.5218,9.7659,8.7893,6.3478,3.296,0.24415,-1.9532,-1.8311,-0.97659,1.0987,0.4883,-2.1973,-5.4933,-9.1556,-12.574,-15.259,-17.457,-20.02,-17.945,-16.724,-19.898,-20.142,-18.067,-10.498,-11.719,-13.184,-11.231,-13.55,-13.428,-14.771,-16.236,-16.724,-16.968,-16.968,-16.114,-14.283,-12.696,-10.865,-9.3997,-8.4231,-5.8596,-3.9064,-1.3428,0.4883,3.0519,8.5452,7.2024,7.5686,0.61037,-1.709
-6.592,-6.9582,-10.376,-13.672,-15.625,-12.818,-8.0569,-6.2258,-3.4181,1.3428,2.6856,-1.587,-2.8077,-1.2207,-0.24415,-0.97659,0.4883,2.8077,6.3478,6.7141,5.9816,5.7375,2.6856,0.73244,-0.85452,-1.8311,0.24415,1.2207,4.0284,7.9348,10.62,13.428,16.602,20.631,22.828,20.264,15.87,13.062,1.4649,3.0519,3.6622,4.3947,5.005,5.6154,5.1271,5.6154,4.2726,4.5167,4.883,6.1037,6.592,5.2492,4.1505,4.1505,3.9064,3.7843,3.296,2.6856,2.5636,2.5636,2.5636,2.1973,2.1973,2.0753,2.3194,1.2207
1.8311,0.85452,3.4181,5.9816,7.6907,7.5686,5.8596,7.8127,9.7659,9.7659,8.301,7.0803,6.7141,7.5686,7.5686,8.179,7.4465,6.4699,4.3947,0.73244,-2.3194,-4.883,-7.9348,-8.4231,-9.1556,-12.207,-16.114,-22.217,-30.152,-36.622,-40.407,-38.942,-33.204,-27.345,-29.298,-33.326,-32.105,-28.321,1.709,1.587,0.85452,-0.24415,-3.6622,-3.296,-4.0284,-1.9532,-0.97659,1.709,4.0284,5.6154,7.2024,8.5452,8.5452,7.5686,7.2024,3.7843,0.36622,-2.6856,-4.0284,-4.883,-5.2492,-3.296,-0.73244,0,0.97659,1.587
0.97659,1.2207,2.8077,1.3428,2.5636,3.296,-0.12207,-5.4933,-4.883,-1.3428,6.592,10.865,7.9348,4.883,2.8077,2.8077,4.6388,5.9816,6.3478,8.5452,9.2776,8.0569,8.4231,10.01,12.085,13.306,13.794,13.794,13.306,13.55,14.039,15.87,18.189,17.335,11.963,8.7893,5.9816,4.3947,-4.0284,-4.7609,-2.9298,-2.9298,-4.3947,-6.592,-8.301,-9.0335,-8.6673,-8.4231,-6.8361,-6.2258,-5.9816,-6.1037,-4.6388,-4.1505,-3.5401,-3.296,-4.1505,-2.9298,-5.3713,-3.0519,-3.5401,-2.8077,-4.7609,-5.6154,-4.2726,-4.6388
-3.6622,-3.0519,-0.36622,1.4649,2.8077,3.9064,3.4181,2.3194,1.3428,-0.61037,-2.4415,-3.6622,-0.85452,0,1.4649,2.1973,4.0284,1.3428,-2.8077,-4.0284,-4.6388,-5.2492,-1.709,6.1037,12.329,13.55,11.109,8.5452,6.7141,4.3947,0.73244,-1.9532,-7.8127,-14.161,-16.236,-17.457,-15.625,-14.161,-2.1973,-5.3713,-7.9348,-10.01,-10.132,-10.865,-10.62,-10.132,-10.132,-10.498,-10.62,-11.475,-14.161,-14.649,-13.916,-15.503,-16.602,-12.818,-10.132,-7.3244,-5.9816,-4.7609,-2.5636,-1.8311,-2.3194,-0.73244,-0.97659,-1.709
-2.1973,-1.587,0.4883,3.0519,3.5401,2.8077,3.296,0.85452,0.24415,1.2207,0.61037,0.12207,2.0753,3.7843,5.1271,7.3244,5.6154,3.6622,2.9298,0,-2.1973,-1.3428,0.4883,4.0284,7.6907,8.6673,7.8127,7.2024,11.963,12.94,15.503,13.794,9.3997,7.2024,5.8596,12.085,18.921,22.217,-5.2492,-6.4699,-6.4699,-7.8127,-9.3997,-10.132,-9.888,-9.2776,-8.4231,-6.8361,-5.6154,-5.2492,-4.0284,-4.2726,-4.6388,-4.883,-4.5167,-5.4933,-5.005,-5.8596,-5.005,-3.9064,-1.9532,0,0.12207,-0.36622,-0.85452,-1.0987
-1.3428,-1.587,-2.0753,-0.61037,-1.3428,-2.1973,-2.1973,-1.8311,-1.709,-1.3428,-1.4649,-0.24415,-0.61037,2.6856,4.2726,8.301,9.7659,9.6438,9.888,8.7893,6.9582,4.6388,1.4649,-2.0753,-5.2492,-8.7893,-15.137,-26.49,-38.575,-45.045,-43.58,-34.181,-24.537,-28.199,-31.373,-28.443,-24.049,-2.8077,-3.6622,-5.1271,-6.592,-8.0569,-10.376,-12.94,-14.527,-15.992,-16.968,-18.555,-21.119,-23.072,-25.513,-27.1,-27.345,-20.997,-18.799,-15.87,-16.114,-15.381,-14.893,-12.818,-11.841,-13.794,-15.625,-15.381,-12.452,-9.6438
-3.7843,1.709,4.0284,4.6388,4.883,2.5636,-0.61037,-4.2726,-5.005,-7.6907,-9.7659,-8.0569,-8.179,-8.4231,-6.592,-5.2492,-6.1037,-9.1556,-11.719,-10.01,-7.3244,-5.4933,-4.7609,-4.3947,-5.005,-2.9298,0.97659,4.1505,4.0284,6.9582,6.592,3.4181,5.005,3.9064,4.3947,4.2726,1.4649,-2.3194,-1.9532,-0.73244,-0.4883,-0.36622,-0.85452,-0.97659,-0.85452,-1.0987,-1.2207,-2.1973,-1.8311,-2.0753,-1.8311,-2.4415,-2.6856,-2.8077,-3.4181,-4.3947,-2.8077,-2.5636,-2.9298,-1.709,-0.73244,-1.0987,-1.9532,-0.73244,1.587,0.4883
0.85452,2.9298,5.7375,9.6438,13.184,15.503,16.114,14.771,13.672,12.574,8.4231,4.5167,2.3194,3.7843,3.7843,1.587,-2.8077,-7.2024,-10.132,-10.376,-8.5452,-7.4465,-9.0335,-12.452,-16.968,-21.851,-24.903,-24.293,-19.776,-17.701,-17.701,-13.794,-10.498,-12.207,-12.696,-13.794,-9.6438,-5.8596,-2.1973,1.0987,3.4181,6.1037,7.4465,8.0569,7.6907,7.0803,6.1037,4.7609,3.0519,3.1739,1.2207,5.6154,1.709,3.7843,8.301,8.179,7.6907,9.1556,7.8127,6.2258,6.592,6.592,5.3713,6.2258,6.592,6.8361
7.9348,7.6907,7.0803,5.4933,3.7843,2.4415,4.1505,4.7609,6.3478,6.592,6.4699,4.3947,1.8311,-3.1739,-5.3713,-3.4181,-3.4181,-4.5167,-4.2726,-3.4181,-2.1973,0.97659,3.6622,3.5401,0.61037,2.9298,2.6856,3.7843,8.301,11.963,14.527,14.893,13.062,12.574,12.818,13.306,-0.97659,-0.24415,0.61037,0.61037,0.97659,0.36622,-0.36622,-1.0987,-0.36622,0.36622,0.73244,0.97659,0.85452,0.4883,-0.4883,-0.97659,-1.9532,-1.3428,-2.0753,-1.3428,-1.3428,-0.73244,-0.61037,-0.61037,-0.36622,-0.12207,-0.61037,-1.2207,-1.9532,-1.9532
-1.8311,-1.709,-1.3428,-0.4883,-0.73244,-1.0987,-1.9532,-2.0753,-1.8311,-1.709,-1.9532,-0.12207,2.4415,3.6622,4.0284,3.7843,4.3947,4.7609,5.1271,4.0284,3.5401,2.9298,2.8077,1.4649,-0.85452,-4.2726,-8.0569,-10.865,-14.283,-15.503,-17.335,-23.682,-26.856,-25.147,-24.049,-25.88,-1.709,0.12207,2.0753,4.7609,6.7141,8.301,8.301,7.9348,4.5167,-0.73244,-0.85452,-0.36622,-2.4415,-1.0987,1.8311,6.7141,6.7141,5.005,4.5167,3.296,2.8077,1.4649,0,-1.0987,-2.9298,-3.1739,-3.5401,-3.5401,-1.2207,0.85452
2.8077,2.8077,4.2726,2.5636,0.4883,0.85452,-1.587,-3.4181,-2.1973,-1.2207,0.24415,0.4883,-0.4883,-1.8311,-3.6622,-3.9064,-4.1505,-3.5401,-3.7843,-2.9298,-0.85452,-1.8311,-4.883,-3.7843,-3.296,-4.6388,-1.9532,1.8311,5.8596,8.179,10.498,12.696,12.329,11.353,8.5452,9.7659,3.4181,2.8077,2.0753,1.587,0.97659,1.709,2.0753,2.6856,2.8077,2.8077,1.8311,1.3428,0.85452,-0.4883,0,-2.3194,0.24415,0.12207,1.0987,0.24415,0.24415,0.4883,0.36622,0.61037,0.4883,0.36622,0,0.12207,0.24415,0
0.12207,-0.4883,-0.97659,-0.97659,-1.0987,-0.24415,-1.0987,0.12207,0.73244,0.73244,-0.24415,-0.12207,0.24415,0.12207,-0.4883,0,0.4883,-0.36622,-1.709,-2.8077,-3.6622,-3.6622,-3.5401,-4.1505,-4.883,-5.1271,-5.9816,-9.7659,-16.48,-24.415,-31.495,-37.477,-38.82,-37.233,-34.669,-37.355,-15.87,-16.48,-17.212,-16.236,-15.015,-13.062,-12.085,-12.452,-19.532,-13.062,-12.329,-11.963,-11.475,-10.132,-10.865,-12.696,-11.963,-11.475,-11.109,-11.109,-10.62,-11.841,-13.306,-10.376,-6.8361,-2.5636,1.2207,1.709,2.1973,1.3428
1.709,2.5636,3.4181,3.9064,5.005,5.8596,6.2258,7.0803,7.0803,5.4933,1.9532,-0.97659,-1.709,-1.9532,-3.296,-4.3947,-2.1973,1.8311,4.3947,5.6154,5.9816,6.9582,9.0335,7.5686,6.9582,10.865,9.2776,9.3997,14.527,15.748,18.067,19.044,19.776,23.56,25.88,3.6622,1.9532,3.0519,1.8311,2.3194,2.5636,3.4181,3.7843,3.1739,2.4415,1.587,0.97659,0,-1.4649,-0.97659,-3.6622,-3.7843,-5.9816,-7.3244,-8.9114,-9.6438,-10.376,-9.3997,-9.1556,-8.6673,-8.179,-6.592,-5.9816,-5.6154,-5.6154,-5.6154
-5.6154,-6.4699,-7.3244,-9.0335,-7.9348,-10.132,-5.9816,-5.3713,-2.5636,-2.8077,-3.0519,-1.587,-1.2207,-2.0753,-2.3194,1.4649,4.5167,6.592,8.5452,10.132,10.865,10.376,7.0803,3.0519,-0.85452,-3.1739,-5.9816,-8.0569,-10.132,-12.94,-16.968,-19.898,-21.119,-22.706,-27.833,-0.97659,-0.97659,-1.4649,-0.97659,-1.2207,-0.97659,-1.2207,-1.2207,-2.0753,-3.5401,-5.9816,-8.7893,-12.818,-22.828,-15.015,-13.916,-15.381,-10.743,-7.6907,-4.3947,-3.0519,-0.73244,1.3428,1.9532,0.73244,-1.0987,-4.0284,-6.592,-7.4465,-8.4231,-8.6673
-7.9348,-5.005,-5.1271,-2.5636,-2.4415,-2.3194,-3.0519,-2.5636,-3.296,-0.97659,0.12207,2.4415,5.1271,7.2024,10.62,10.254,3.296,-6.7141,-10.376,-10.254,-9.0335,-6.2258,-5.9816,-7.8127,-3.4181,-2.5636,-2.0753,-1.587,-0.4883,1.4649,1.2207,-4.6388,-4.3947,-4.6388,-7.0803,-3.0519,-1.9532,-2.0753,-1.709,-2.6856,-2.3194,-2.6856,-2.8077,-3.4181,-3.7843,-4.2726,-4.5167,-4.6388,-4.6388,-3.6622,-4.883,-3.4181,-1.587,-2.5636,-2.0753,-1.709,-1.4649,-1.3428,-1.709,-1.8311,-2.1973,-1.4649,-1.4649,-1.0987,-1.587,-0.97659
-0.61037,1.4649,1.709,2.9298,3.7843,4.6388,7.4465,10.01,10.498,10.132,9.2776,9.1556,10.01,11.841,13.306,14.405,14.405,13.306,11.963,9.5218,5.8596,2.0753,-0.12207,-1.9532,-2.8077,-5.1271,-8.5452,-15.503,-22.095,-28.321,-35.646,-41.383,-41.993,-37.111,-28.809,-0.61037,0.24415,-0.36622,0.24415,1.2207,0.36622,-0.12207,-0.61037,-0.12207,0,0.36622,0.4883,0.12207,0.36622,0.36622,0,-0.12207,-0.24415,-0.61037,-0.85452,-0.73244,0.73244,0.85452,0.85452,0.97659,0.97659,-0.36622,-0.97659,-0.85452,-0.85452,-1.587
-1.8311,-1.0987,-0.61037,0.36622,0.73244,1.587,1.587,1.0987,-0.36622,-0.61037,1.587,4.1505,3.9064,2.4415,0.36622,-1.709,-4.3947,-8.4231,-10.865,-12.696,-14.039,-16.236,-19.166,-21.973,-24.537,-27.711,-31.251,-33.326,-33.082,-32.228,-27.711,-24.537,-26.49,-30.274,-23.438,-10.01,-8.5452,-7.6907,-7.4465,-7.5686,-8.6673,-9.888,-10.987,-12.452,-13.062,-13.428,-15.748,-15.137,-16.358,-16.358,-15.259,-16.602,-23.804,-14.649,-10.865,-13.306,-16.724,-16.236,-10.743,-6.9582,-8.5452,-9.2776,-7.6907,-4.7609,-1.9532,1.2207
4.7609,5.3713,3.7843,0.85452,1.2207,0.61037,1.4649,1.709,2.3194,2.4415,3.296,1.2207,-3.7843,-3.0519,0.24415,4.2726,7.6907,7.6907,3.7843,3.5401,4.883,8.4231,12.452,17.701,21.729,23.194,24.049,22.706,19.288,19.532,20.386,18.555,12.574,12.207,10.498,1.2207,0.61037,0.73244,0.73244,0.73244,1.709,0.85452,2.3194,2.6856,2.9298,3.0519,2.9298,2.3194,2.0753,1.2207,2.3194,-0.73244,1.0987,0.85452,0.97659,0.4883,0,0.12207,-0.24415,-0.61037,-0.97659,-0.85452,-0.73244,-0.61037,-0.36622,-0.85452
-0.73244,-0.85452,-0.85452,-1.3428,-0.36622,-1.0987,0.61037,1.4649,0.61037,-1.587,-2.4415,-0.85452,0.24415,-1.3428,-2.9298,-1.3428,0.73244,1.4649,1.0987,1.3428,0.4883,1.4649,2.8077,1.0987,-0.73244,-2.9298,-6.8361,-10.376,-14.649,-19.776,-24.781,-28.199,-31.129,-24.903,-16.48,8.9114,9.2776,9.1556,7.9348,6.4699,4.7609,3.7843,0,0.36622,1.4649,0.97659,2.3194,2.1973,2.1973,2.4415,2.3194,0.61037,2.0753,0,1.9532,2.4415,4.5167,5.3713,5.7375,5.9816,6.8361,7.3244,7.0803,8.0569,7.0803,6.8361
7.4465,6.8361,2.9298,3.7843,8.5452,11.109,11.109,12.085,10.865,9.3997,6.1037,3.9064,-1.8311,-6.2258,-5.9816,-4.2726,-5.7375,-7.2024,-5.9816,-2.0753,2.0753,6.7141,9.1556,7.5686,5.4933,-0.4883,-5.3713,-9.5218,-15.87,-20.02,-20.631,-21.973,-22.217,-21.607,-21.119,-17.579,-12.696,-9.6438,-10.376,-11.475,-12.329,-11.353,-8.6673,-7.6907,-6.9582,-9.1556,-10.743,-13.062,-10.01,-4.883,-0.4883,8.4231,10.498,9.1556,2.5636,1.0987,6.592,10.987,15.503,15.259,12.085,13.184,12.452,10.376,8.5452,5.2492
6.2258,21.729,25.025,25.391,23.194,18.311,14.405,13.672,17.335,22.217,26.612,32.105,40.162,46.388,49.928,50.783,46.876,44.679,40.773,35.279,27.589,17.335,2.8077,-11.109,-20.02,-22.095,-16.724,-13.062,-13.672,-20.02,-27.467,-29.664,-26.002,-15.015,-6.2258,-3.296,-1.4649,-2.8077,-2.3194,-2.5636,-2.8077,-3.296,-3.1739,-4.6388,-4.1505,-2.0753,-1.9532,-1.3428,0,3.0519,5.8596,8.7893,10.865,12.94,15.503,19.41,27.955,31.129,33.815,33.204,8.9114,21.607,20.508,16.236,11.231,11.963
11.353,14.161,17.579,19.532,19.532,19.654,21.241,20.997,15.381,6.3478,-0.73244,-0.97659,4.3947,2.5636,-2.6856,-7.8127,-7.9348,-1.4649,4.883,6.3478,3.4181,1.3428,0.12207,-1.709,-3.0519,-5.2492,-8.4231,-10.743,-10.62,-10.62,-13.184,-13.794,-6.7141,-2.4415,-5.005,-4.6388,-4.3947,-3.6622,-5.3713,-3.7843,-2.0753,-0.24415,-0.12207,0.61037,1.0987,0.12207,-0.24415,-0.36622,0.24415,1.709,1.8311,3.9064,5.3713,3.7843,11.231,12.085,14.283,6.7141,1.9532,13.672,6.592,8.4231,6.8361,8.301,8.0569,11.475
13.916,15.137,15.259,14.283,16.358,16.846,20.386,22.828,22.462,20.508,15.137,9.2776,6.1037,3.6622,2.3194,1.9532,-0.24415,-4.883,-9.6438,-13.184,-14.527,-17.09,-19.532,-18.799,-16.114,-12.818,-8.9114,-3.6622,0.36622,-3.1739,-6.8361,-10.254,-11.353,-15.503,-0.85452,-1.587,-2.0753,-0.97659,-0.36622,-0.24415,0.12207,0.4883,0.61037,0.4883,1.0987,-0.4883,0.4883,3.7843,6.1037,5.7375,5.7375,6.9582,6.9582,6.7141,7.9348,10.132,6.4699,5.2492,7.4465,9.0335,10.62,13.428,13.062,14.893,14.649,12.085
11.231,12.818,14.283,13.428,10.987,8.6673,8.301,10.376,12.085,12.94,9.5218,8.7893,10.987,12.452,10.865,6.592,3.4181,0.12207,-4.7609,-10.01,-9.5218,-4.6388,-0.85452,4.0284,4.7609,4.6388,7.6907,10.254,8.7893,4.7609,-2.6856,-8.9114,-12.574,-13.428,-1.8311,-1.4649,-0.73244,-0.36622,-0.85452,-3.7843,-4.5167,-2.9298,-0.73244,-2.0753,-1.4649,0.24415,1.8311,3.5401,3.5401,4.6388,5.6154,8.0569,10.254,12.329,14.039,12.818,10.743,14.649,16.846,18.067,16.236,14.893,13.184,11.963,10.987,9.7659
8.0569,7.5686,8.301,6.8361,5.4933,10.743,15.381,17.701,18.921,15.381,10.865,8.7893,8.7893,6.3478,3.0519,0,-0.36622,0.97659,-0.85452,-3.9064,-4.7609,-2.4415,0.61037,1.587,1.2207,1.2207,3.296,5.6154,4.5167,0.73244,-0.85452,-5.4933,-8.179,-8.4231,-0.36622,-0.4883,-0.85452,-0.97659,-0.4883,-2.0753,-1.3428,-0.61037,2.0753,1.587,0.73244,0,0.97659,1.587,2.6856,5.005,6.1037,5.8596,5.9816,7.6907,9.0335,8.179,11.475,11.109,11.597,13.428,12.085,6.9582,10.376,17.823,17.701,15.87
12.574,9.5218,8.0569,7.2024,11.841,16.602,20.875,20.142,18.921,16.48,13.916,10.254,8.0569,8.6673,12.207,11.719,6.4699,0.97659,1.587,4.1505,1.4649,-5.9816,-12.085,-14.283,-10.743,-5.3713,-2.0753,1.3428,1.709,-2.0753,-4.2726,-8.179,-10.987,-14.649,-0.73244,-1.709,-0.97659,-0.73244,0.85452,0.97659,0.61037,0.36622,0.61037,0.73244,0.4883,0.12207,-0.4883,-0.85452,-1.3428,-1.709,-1.8311,-0.97659,-2.8077,-2.5636,-0.24415,1.0987,-0.36622,-0.4883,-0.97659,-2.4415,-2.9298,-2.3194,-1.2207,0,-0.4883,-2.1973
-1.3428,-0.36622,0.73244,2.5636,2.8077,4.5167,7.4465,11.597,12.94,17.945,25.025,29.542,29.664,30.641,32.594,32.716,27.833,24.903,25.391,25.513,25.636,25.391,25.758,27.1,25.147,23.438,21.363,23.56,21.119,14.771,7.9348,3.0519,8.6673,1.8311,-4.883,-6.592,-6.7141,-6.2258,-4.6388,-3.7843,-2.9298,-1.0987,-1.4649,0,1.2207,2.6856,2.6856,3.4181,4.3947,5.4933,6.1037,6.9582,6.9582,6.9582,9.1556,10.01,11.475,11.109,11.353,14.405,21.119,17.457,20.142,20.631,17.701,11.841
6.8361,5.005,8.6673,12.329,14.405,13.184,12.452,11.475,13.794,14.649,10.743,8.5452,8.179,7.3244,6.1037,1.4649,-5.3713,-10.62,-13.916,-15.748,-14.893,-15.748,-17.823,-18.433,-17.579,-16.114,-12.207,-8.7893,-6.9582,-4.6388,-3.1739,-12.085,-16.48,-10.987,-5.7375,-5.8596,-6.4699,-6.9582,-6.4699,-6.592,-7.9348,-8.301,-6.8361,-8.7893,-10.865,-7.5686,-4.5167,-3.1739,-11.475,-6.592,-4.6388,0.4883,0.12207,4.883,10.498,11.475,14.649,15.137,15.381,15.992,16.968,16.846,16.114,15.748,15.625,13.55
10.865,9.2776,10.376,13.428,13.428,11.719,12.818,14.405,11.841,10.132,7.6907,7.2024,6.1037,3.296,0.61037,-3.1739,-7.4465,-8.0569,-6.3478,-7.8127,-7.8127,-3.1739,-4.7609,-8.9114,-10.376,-6.8361,-1.709,3.296,5.1271,2.1973,-2.8077,-14.527,-26.612,-26.002,-7.2024,-8.7893,-10.01,-9.7659,-9.6438,-9.0335,-9.1556,-10.987,-10.987,-10.376,-7.8127,-6.8361,-5.2492,-3.5401,-0.97659,-2.5636,-0.36622,4.1505,2.5636,8.0569,6.4699,7.5686,11.597,12.818,18.921,24.903,25.025,26.612,25.391,23.682,21.363,20.508
18.921,13.794,8.7893,9.0335,10.743,10.62,9.6438,8.4231,8.0569,9.888,11.841,10.743,5.1271,2.8077,3.4181,4.2726,2.3194,-2.0753,-2.8077,-2.6856,-2.0753,0.4883,0.4883,-3.6622,-10.376,-12.818,-10.865,-12.574,-15.992,-23.804,-33.326,-30.885,-18.799,-4.883,-8.4231,-10.62,-12.818,-12.329,-11.353,-11.109,-11.353,-10.987,-10.498,-9.888,-8.301,-7.2024,-5.1271,-3.4181,-0.24415,0.24415,1.4649,3.5401,2.0753,-3.1739,2.1973,5.9816,12.207,20.02,26.124,27.223,26.124,24.659,22.95,22.217,25.147,23.927
22.828,20.02,13.428,6.7141,5.6154,7.8127,12.452,15.87,16.846,17.457,14.405,11.963,9.888,9.2776,8.301,5.9816,4.1505,1.4649,-1.8311,-3.7843,-5.6154,-5.6154,-2.6856,2.0753,3.4181,-1.9532,-10.254,-14.771,-14.893,-15.015,-23.56,-26.49,-26.368,-19.776,-2.8077,-2.5636,-1.0987,-1.0987,-1.587,-2.1973,-1.9532,-1.587,-1.3428,-1.4649,-0.97659,-0.73244,-0.36622,0.12207,-0.4883,-0.36622,1.2207,1.3428,0.97659,0,0.36622,-2.1973,-3.9064,-2.6856,-1.4649,-1.2207,-1.2207,-2.4415,-2.1973,-1.9532,-0.12207,0
0,0.73244,0.61037,0.85452,2.3194,3.296,8.0569,19.898,28.199,30.519,27.955,23.316,22.828,29.298,30.641,29.664,30.641,30.519,28.687,26.49,27.955,26.002,24.659,23.804,16.114,14.039,14.771,13.062,7.0803,0.73244,-5.005,4.3947,12.329,-5.2492,3.0519,-0.85452,-2.3194,-1.9532,-0.85452,-0.24415,-0.24415,-0.73244,-2.6856,-2.8077,-2.4415,-2.1973,-2.9298,-4.1505,-4.883,-4.6388,-4.3947,-5.005,-3.6622,1.2207,4.2726,0.97659,8.179,6.4699,6.4699,9.3997,11.475,15.87,15.015,11.963,13.184,13.55
9.3997,7.6907,11.841,17.212,17.579,13.672,12.818,17.701,19.776,14.893,8.301,0.36622,-6.592,-7.0803,-2.0753,2.8077,2.6856,1.587,2.5636,4.883,5.8596,4.883,4.7609,7.6907,10.132,8.6673,6.4699,5.3713,2.0753,-7.0803,-17.579,-24.537,-32.105,-27.467,2.1973,-0.4883,-2.3194,-2.5636,-3.0519,-2.8077,-3.6622,-5.7375,-6.3478,-6.7141,-8.0569,-7.9348,-6.9582,-3.1739,1.9532,5.005,7.5686,5.8596,4.2726,5.1271,2.8077,5.4933,9.3997,10.743,8.4231,8.4231,10.987,8.301,10.498,11.963,9.888,8.301
7.5686,6.2258,2.4415,-1.587,-2.8077,0.12207,4.3947,6.7141,7.3244,7.5686,5.4933,3.9064,0.24415,-1.587,-0.61037,-1.4649,0,1.3428,0.85452,-2.4415,-4.2726,-5.6154,-4.883,-3.6622,-1.9532,-0.24415,4.3947,3.4181,3.5401,1.709,-4.1505,-11.719,-14.405,-14.527,-0.85452,-0.36622,0.36622,1.2207,1.587,1.8311,1.3428,1.2207,0.12207,-0.61037,-0.24415,0.36622,0,-0.73244,-0.61037,-0.12207,-0.36622,2.3194,0,-4.0284,-2.1973,1.4649,1.709,2.5636,4.5167,7.5686,8.7893,12.085,12.574,10.743,10.498,12.207
14.283,14.893,15.503,13.55,10.743,9.5218,12.452,14.039,12.085,10.254,10.987,10.987,7.0803,6.2258,7.2024,6.7141,1.4649,0.24415,1.2207,-1.8311,-4.6388,-5.1271,-2.5636,0.73244,1.4649,0.4883,3.0519,6.1037,11.475,16.358,6.1037,-7.3244,-10.865,-5.4933,-1.2207,2.3194,0.4883,-2.1973,-1.709,-1.0987,0.61037,1.8311,2.1973,1.9532,1.709,1.709,3.296,4.883,5.9816,6.592,9.0335,12.329,15.992,20.386,21.241,18.433,24.659,27.345,29.176,23.927,16.846,16.846,12.207,8.4231,11.719,14.649
17.09,16.114,12.94,9.5218,8.4231,7.4465,6.2258,7.5686,7.5686,7.2024,3.9064,0.61037,-2.0753,-5.3713,-6.8361,-8.5452,-8.9114,-11.719,-10.865,-7.3244,-3.9064,0.97659,2.0753,1.3428,3.296,8.179,11.963,11.841,2.3194,-13.916,-24.781,-28.199,-25.269,-18.799,-3.1739,-3.6622,-3.1739,-2.8077,-1.8311,-2.8077,-3.0519,-1.9532,-0.61037,-0.61037,-1.4649,-2.4415,-1.8311,-1.587,-1.8311,-0.97659,0.12207,0.61037,1.4649,3.7843,5.6154,6.3478,5.9816,8.0569,6.7141,8.4231,12.452,19.166,24.049,23.804,24.537,23.072
26.856,31.251,28.199,24.049,17.701,13.916,13.672,15.137,12.574,5.8596,1.3428,2.6856,6.2258,7.5686,5.8596,3.6622,4.7609,5.7375,2.8077,2.5636,4.5167,5.005,10.254,11.597,9.3997,6.4699,5.2492,4.0284,1.9532,-2.6856,-7.6907,-15.992,-21.607,-21.607,-2.5636,-1.3428,2.5636,4.1505,6.7141,10.254,12.452,12.452,7.8127,2.1973,2.8077,5.7375,6.9582,7.0803,7.5686,9.7659,13.062,18.433,25.269,30.763,28.565,26.368,27.955,30.763,32.105,28.321,23.316,23.194,26.734,26.978,16.846,8.9114
6.1037,8.7893,9.888,5.1271,0.36622,-3.6622,-6.4699,-8.6673,-10.254,-8.7893,-9.888,-13.184,-12.696,-9.0335,-5.9816,-6.9582,-8.7893,-6.9582,-1.587,3.1739,6.2258,12.207,14.161,11.353,7.3244,3.0519,4.0284,0.4883,-3.0519,-6.4699,-12.207,-11.231,-11.109,-13.428,-5.005,-16.846,-24.659,-22.34,-18.189,-12.696,-3.296,5.2492,7.3244,5.2492,3.4181,2.0753,0,-5.2492,-9.5218,-10.865,-11.475,-11.231,-6.2258,0.24415,2.4415,7.4465,12.329,16.358,18.677,28.565,31.983,27.223,26.612,27.589,30.152,29.786
27.955,25.758,22.828,20.631,23.804,24.049,19.166,13.672,11.109,11.841,11.963,11.231,13.306,13.794,12.696,10.62,7.8127,5.2492,7.0803,13.672,16.236,13.916,8.9114,2.1973,-6.7141,-14.283,-16.358,-18.799,-16.48,-14.893,-22.828,-28.199,-21.851,-8.6673,-4.6388,-0.73244,3.4181,1.9532,1.0987,3.0519,6.1037,13.428,11.231,8.7893,13.062,19.288,27.223,26.368,19.166,16.724,15.625,14.405,15.87,17.212,17.335,17.579,16.48,16.968,13.306,6.4699,2.6856,2.6856,6.7141,12.452,12.94,10.498
9.3997,13.306,16.114,16.602,16.236,9.7659,3.6622,3.5401,2.9298,3.9064,5.1271,1.2207,-1.0987,-3.9064,-4.883,-5.3713,-9.5218,-11.597,-7.5686,-4.5167,-2.9298,-1.587,0.61037,6.7141,9.7659,13.428,13.672,7.8127,0,-7.9348,-13.428,-9.7659,-8.5452,-14.039,-3.1739,-3.5401,-2.3194,-1.3428,-0.24415,0.73244,1.587,1.9532,2.6856,3.1739,3.0519,3.1739,5.7375,10.01,10.62,12.452,12.574,17.701,24.171,22.34,21.241,18.189,17.701,15.992,12.574,8.5452,10.865,13.55,14.893,14.527,7.3244,4.6388
14.283,22.584,17.335,11.231,10.865,12.452,11.231,8.6673,8.179,9.6438,8.4231,9.7659,12.818,15.87,15.625,3.4181,1.8311,6.9582,13.794,14.039,9.6438,1.4649,-5.2492,-4.883,-3.7843,-3.1739,-4.1505,-7.6907,-5.005,-4.6388,-4.7609,-4.883,0.4883,5.005,-4.1505,0.73244,1.0987,-1.2207,-2.0753,-2.5636,-1.8311,-1.8311,-2.0753,-1.4649,-1.709,-2.9298,-2.5636,-1.0987,-0.61037,0.24415,1.2207,0.4883,-0.85452,-1.0987,-0.24415,0.24415,0.73244,1.587,2.6856,5.2492,6.8361,7.9348,15.137,16.846,19.166,22.462
28.321,22.95,9.7659,4.7609,6.592,13.916,13.672,12.329,13.062,13.55,12.696,14.161,13.794,8.6673,4.3947,6.7141,13.306,16.48,15.137,12.696,11.597,9.888,5.8596,3.4181,1.8311,0.12207,3.1739,3.6622,3.1739,2.0753,-5.3713,-15.625,-20.997,-23.072,-14.039,-12.207,-9.7659,-8.179,-8.6673,-3.4181,-1.2207,-1.0987,4.0284,9.1556,13.306,15.625,15.992,15.381,15.625,14.893,13.672,10.987,11.963,14.527,15.381,16.236,14.527,15.015,15.992,19.166,19.532,16.846,12.696,11.353,9.5218,8.7893
6.592,2.3194,1.587,3.0519,10.132,10.743,12.207,15.748,10.865,5.1271,1.709,1.3428,3.0519,4.3947,2.4415,1.2207,4.3947,5.7375,2.5636,-4.5167,-8.301,-10.254,-8.5452,-1.2207,-0.12207,-3.5401,-8.179,-8.0569,-10.132,-14.039,-17.09,-14.039,-11.475,-11.841,47.243,38.087,24.171,13.55,4.0284,-4.0284,-6.2258,-8.179,-7.8127,-0.61037,7.6907,13.916,15.992,13.306,13.306,12.329,10.62,5.8596,-3.9064,-13.794,-13.794,-11.231,-10.254,-11.353,-14.893,-17.212,-18.189,-13.184,-2.1973,-2.9298,-8.6673,-13.672
-12.207,-15.381,-17.945,-15.748,-7.2024,-2.6856,-2.1973,-1.709,-3.4181,-5.4933,-5.8596,-3.9064,-3.4181,-0.24415,-1.2207,-8.5452,-16.48,-23.438,-27.711,-24.781,-16.846,-10.987,-8.179,-8.5452,-9.7659,-10.498,-11.231,-11.597,-12.085,-13.794,-21.363,-28.321,-22.584,-12.696,0.12207,-2.0753,-4.7609,-7.6907,-7.6907,-6.592,-6.2258,-7.2024,-7.9348,-7.4465,-6.7141,-7.5686,-8.301,-6.1037,-6.2258,-10.254,-10.743,-11.231,-9.7659,-5.6154,0.36622,6.4699,11.841,13.184,15.137,16.968,16.724,23.56,28.565,34.181,37.233,38.453
34.059,26.856,24.171,25.269,24.903,19.166,14.649,13.306,10.865,5.1271,1.2207,5.2492,8.7893,9.3997,7.4465,5.6154,2.1973,-2.4415,-2.8077,2.1973,1.8311,-1.8311,-0.24415,2.0753,6.9582,8.0569,6.1037,2.4415,-0.36622,-6.2258,-12.329,-13.306,-9.7659,-12.574,6.8361,8.0569,4.3947,-1.2207,-3.4181,-3.0519,0.4883,2.4415,5.1271,5.005,1.4649,-1.9532,-0.85452,3.1739,8.7893,8.179,7.6907,19.898,20.264,20.753,16.602,13.306,8.4231,3.5401,1.2207,3.4181,7.0803,5.005,4.5167,5.7375,8.5452,10.254
11.353,13.428,13.916,11.353,9.7659,10.865,11.109,9.6438,7.0803,7.4465,7.4465,7.6907,12.818,14.039,16.114,16.602,15.625,12.574,10.865,7.3244,1.0987,-4.2726,-5.005,-3.0519,-0.36622,-1.8311,-5.005,-5.005,-6.8361,-15.015,-17.09,-23.072,-20.264,-19.41,-1.3428,-1.0987,-0.73244,-1.2207,-0.4883,1.709,-2.4415,-4.0284,-1.709,3.5401,4.1505,3.5401,2.3194,1.3428,-0.36622,0,0.61037,4.883,5.9816,8.179,10.01,9.1556,3.9064,4.883,7.4465,10.01,9.2776,7.4465,5.8596,6.3478,9.5218,10.865
7.4465,4.3947,1.8311,8.9114,14.283,11.353,6.7141,4.1505,5.4933,7.4465,8.0569,6.9582,8.7893,13.428,15.748,19.532,21.973,26.124,28.199,29.054,26.246,23.194,16.968,9.1556,2.6856,-1.0987,-1.0987,-0.24415,-3.296,-10.01,-12.696,-15.137,-11.353,-13.062,-0.36622,1.9532,1.587,1.9532,0.73244,-1.3428,-1.8311,-1.587,-0.4883,0.24415,-0.73244,-1.0987,-0.73244,0.4883,-0.24415,-0.4883,-0.4883,-0.61037,-1.4649,-1.9532,-2.4415,-2.0753,-1.2207,-1.587,-2.1973,-3.0519,-1.9532,-3.296,-1.709,0,1.4649,0.85452
-1.709,-2.1973,-1.0987,1.3428,4.7609,7.3244,6.9582,6.592,5.1271,5.005,4.6388,4.1505,4.1505,3.296,3.5401,8.301,13.306,17.945,16.724,11.597,8.179,3.5401,0.73244,-0.97659,-11.475,-19.288,-30.641,-36.134,-27.589,-12.085,10.376,24.171,11.963,-11.109,-2.0753,-5.4933,-6.1037,-4.6388,-3.4181,-2.5636,-4.1505,-4.0284,-4.1505,-3.6622,-1.9532,-0.36622,-0.73244,-0.97659,-1.9532,-1.8311,1.0987,2.8077,1.709,0,3.1739,9.1556,6.1037,-1.709,-2.3194,0.4883,7.2024,17.09,15.259,4.0284,1.9532,6.3478
16.358,24.293,30.152,24.781,18.921,17.335,20.02,18.799,14.283,12.818,10.62,6.8361,3.0519,1.2207,3.4181,3.1739,-0.73244,-4.2726,-8.5452,-10.987,-6.3478,-6.1037,-9.0335,-8.0569,-3.4181,-0.24415,0.4883,2.3194,3.4181,8.179,8.179,1.3428,-2.5636,-0.73244,-1.9532,-3.296,-5.2492,-4.0284,-2.3194,-1.587,-0.4883,-0.73244,-3.4181,-2.9298,-1.8311,-1.2207,-2.6856,-2.6856,-2.5636,-2.4415,-1.4649,-0.24415,0.36622,0.12207,-1.4649,-3.296,-5.6154,-3.9064,-0.85452,2.1973,1.3428,-1.3428,-3.1739,-3.7843,-1.4649,0.85452
1.0987,0.36622,-0.85452,-2.6856,-1.4649,-0.24415,-0.12207,-0.73244,-3.1739,3.9064,28.199,41.383,26.612,2.6856,-4.2726,0.36622,9.888,14.771,15.87,19.654,22.462,18.799,17.09,12.94,9.6438,14.283,22.217,23.316,27.1,26.246,17.457,6.8361,-5.2492,-3.5401,-0.4883,1.709,-2.1973,-0.85452,-2.5636,-10.376,-12.085,-8.179,-4.883,-1.587,-1.0987,-1.587,3.1739,9.6438,14.405,15.503,16.236,18.067,19.654,17.212,18.799,21.119,16.724,13.916,14.039,15.87,17.457,14.161,9.5218,8.4231,16.968,30.396
39.186,33.692,18.555,9.5218,10.254,17.701,21.363,16.724,11.719,13.916,20.508,21.607,17.335,13.55,9.7659,4.0284,-0.73244,0.73244,4.0284,4.2726,5.4933,7.2024,7.4465,8.301,9.6438,13.916,18.311,16.602,11.475,3.6622,-4.2726,-5.2492,-6.3478,3.1739,2.5636,1.0987,-0.12207,0,-2.0753,4.3947,7.9348,6.7141,3.296,3.5401,4.2726,5.6154,5.8596,-0.36622,-2.6856,-1.9532,1.4649,-1.3428,-0.4883,1.709,5.2492,9.1556,10.62,6.9582,10.865,6.9582,5.6154,10.743,7.5686,-0.61037,-1.8311,0.24415
-1.8311,-4.0284,1.2207,5.9816,3.9064,3.0519,5.6154,3.7843,2.5636,5.7375,10.376,14.161,5.9816,-5.8596,-9.6438,-6.1037,-3.4181,-4.7609,-5.4933,-4.3947,-2.3194,-1.0987,-0.61037,-0.97659,1.2207,5.4933,9.6438,11.475,-3.0519,-20.753,-19.776,-0.85452,3.4181,-3.4181,-3.6622,-4.1505,-2.8077,-1.4649,0.24415,-0.36622,0.85452,2.3194,0.12207,-0.97659,-0.85452,-0.12207,1.0987,1.2207,-0.73244,-0.61037,-0.73244,0.24415,-0.61037,-1.0987,-0.97659,-0.36622,0.12207,0,-0.4883,-0.36622,-0.24415,0.36622,0.73244,-1.3428,-0.12207,2.4415
5.005,6.1037,6.1037,7.0803,8.179,8.5452,7.4465,7.8127,13.306,19.898,22.095,24.537,31.861,35.646,32.594,25.758,23.682,23.927,26.124,29.176,26.368,21.485,14.893,10.01,7.4465,-1.2207,-3.7843,1.709,9.3997,20.997,26.734,28.199,36.988,5.1271,-1.2207,1.587,3.6622,5.005,3.296,5.9816,9.0335,5.6154,-4.883,-7.8127,-7.5686,-6.8361,-4.0284,-0.61037,-3.1739,-3.296,-1.4649,2.1973,5.4933,8.4231,10.987,6.8361,0.73244,3.9064,4.3947,8.301,17.457,19.166,14.161,3.6622,2.1973,0.12207
-7.8127,-10.376,-10.987,-10.987,-3.5401,-1.8311,-0.97659,5.4933,5.7375,6.4699,3.6622,3.6622,6.3478,7.2024,6.3478,4.2726,0.12207,0.36622,4.5167,7.5686,5.8596,-0.12207,-5.9816,-10.254,-10.498,-5.8596,-0.36622,-1.709,-10.376,-18.189,-15.503,-18.677,-19.776,3.4181,1.9532,-1.4649,-5.7375,-6.8361,-4.1505,-1.0987,-1.709,-4.2726,-5.7375,-6.1037,-5.9816,-6.592,-7.3244,-8.5452,-9.1556,-8.0569,-7.0803,-7.9348,-5.4933,-8.9114,-11.963,-9.5218,-8.7893,-15.259,-1.4649,2.4415,13.184,14.649,13.916,21.851,23.438,30.396
36.134,35.401,31.983,22.95,20.386,18.799,14.771,8.6673,0.12207,-5.1271,-7.2024,-5.3713,-4.2726,-4.3947,-5.005,-1.3428,1.8311,1.2207,-4.7609,-3.4181,3.7843,10.987,13.672,11.475,7.5686,5.4933,2.6856,0.4883,-5.1271,-20.02,-26.49,-14.893,-7.5686,2.0753,2.6856,5.005,8.179,7.0803,3.9064,3.9064,3.6622,1.0987,-1.2207,-1.3428,-1.0987,-2.1973,-4.2726,-4.1505,-5.2492,-3.9064,-3.7843,-6.4699,-6.8361,-4.883,-4.1505,-1.8311,1.2207,6.8361,12.452,10.498,14.893,7.9348,11.597,12.085,16.724,24.537
31.617,27.467,22.34,17.335,13.672,10.254,8.5452,4.1505,-2.6856,0.4883,6.2258,7.3244,4.5167,3.9064,4.7609,2.4415,-2.1973,-6.2258,-3.296,3.4181,11.597,15.992,13.306,6.1037,-2.3194,-6.9582,-10.865,-20.142,-34.425,-36.378,-27.955,-21.973,-12.574,0.12207,-5.6154,-9.888,-9.888,-9.5218,-6.9582,-6.2258,-4.883,2.5636,13.184,18.311,14.771,10.01,10.132,7.9348,6.2258,6.592,5.7375,-0.36622,-4.5167,-6.7141,-6.9582,-5.8596,-4.5167,-1.8311,2.6856,5.9816,2.1973,-7.9348,-7.2024,-1.587,4.1505,8.5452
6.4699,0.36622,6.4699,11.719,10.254,4.883,-1.587,-3.5401,-0.97659,1.4649,4.0284,6.7141,9.0335,12.207,10.01,6.592,5.7375,7.9348,7.8127,0.85452,-7.6907,-12.94,-12.94,-14.039,-17.457,-21.729,-24.415,-23.927,-25.513,-33.692,-33.692,-27.223,-12.329,-4.0284,-4.1505,-3.4181,-2.3194,-2.4415,-2.6856,-1.587,-3.7843,-3.4181,0.85452,1.3428,-2.3194,-4.883,-8.4231,-7.6907,-4.3947,-3.0519,-2.4415,-2.0753,-5.2492,-4.2726,-0.36622,4.0284,3.9064,3.296,7.8127,21.485,26.612,35.279,18.311,20.02,7.4465,19.654
23.194,15.259,12.207,13.428,15.87,16.236,13.672,16.968,15.381,13.428,7.8127,5.2492,2.0753,-2.0753,-5.3713,-5.005,-0.24415,0.61037,-2.5636,-3.6622,-1.4649,2.3194,3.6622,4.7609,5.2492,4.5167,4.0284,5.4933,4.0284,-6.3478,-22.95,-29.298,-19.044,-7.0803,9.1556,6.3478,4.7609,4.0284,6.9582,9.2776,9.888,11.841,12.452,10.498,9.2776,10.743,11.353,11.231,10.987,11.719,11.963,11.231,10.743,11.231,12.818,10.865,8.301,8.301,8.7893,5.6154,3.9064,6.1037,9.2776,6.7141,0,0.4883
9.6438,7.9348,1.9532,8.6673,20.753,18.799,7.5686,3.5401,7.5686,10.01,11.109,8.6673,4.7609,5.6154,6.7141,6.4699,4.3947,0.97659,0.36622,0.12207,-2.6856,-8.6673,-8.9114,-10.376,-7.9348,-4.5167,1.9532,5.1271,3.4181,-0.24415,-11.109,-25.147,-27.955,-33.815,-33.204,-9.1556,-5.3713,-7.9348,-10.865,-7.6907,-1.0987,3.5401,5.1271,4.1505,1.8311,1.9532,4.7609,4.5167,4.1505,1.9532,-1.2207,-1.8311,0,0.97659,0.4883,0,-1.9532,-2.8077,-5.7375,-9.888,-8.0569,-7.3244,-2.6856,-1.0987,-3.296,-4.0284
-4.1505,-1.3428,1.3428,2.6856,1.4649,0.24415,2.1973,3.6622,4.6388,4.1505,4.883,5.9816,14.527,17.823,22.462,30.152,41.017,43.58,48.463,52.614,43.58,48.708,58.718,77.639,88.748,78.005,60.183,77.395,87.161,75.32,63.723,49.806,34.669,27.467,27.711,20.753,15.992,21.485,37.477,52.614,53.468,38.942,21.851,15.625,15.015,-29.298,-26.612,-23.438,-21.485,-22.095,-23.804,-22.706,-20.508,-20.264,-23.927,-27.833,-32.838,-34.791,-34.059,-30.152,-30.152,-32.594,-28.687,-21.241,-13.062,-7.0803
-6.592,-5.6154,-1.709,-1.2207,-6.4699,-6.1037,-4.2726,-0.85452,3.4181,-0.97659,-0.61037,6.9582,6.2258,3.9064,5.005,4.6388,4.7609,8.4231,12.329,14.527,10.376,8.9114,11.597,14.039,13.306,11.109,14.771,21.363,26.612,26.124,27.955,34.913,41.749,40.773,36.866,30.396,25.025,24.537,10.132,5.3713,14.405,21.729,30.885,33.692,27.589,-20.753,-22.584,-26.368,-26.978,-23.56,-23.072,-22.95,-24.049,-22.095,-22.095,-21.973,-24.415,-32.594,-32.472,-27.345,-23.927,-22.217,-18.677,-15.259,-13.428,-13.184
-13.428,-11.475,-8.4231,-9.3997,-13.306,-17.212,-20.631,-22.462,-15.87,-11.475,-7.5686,-2.8077,3.5401,12.329,14.649,13.55,13.55,14.527,20.386,23.316,16.846,13.916,14.161,12.696,9.2776,6.592,4.883,5.4933,8.301,14.649,25.269,29.42,28.687,25.269,23.072,23.804,17.335,13.428,14.283,14.039,11.963,12.696,22.34,25.513,27.1,-12.452,-16.358,-16.48,-19.044,-22.828,-34.303,-44.801,-28.932,-30.519,-29.908,-26.856,-23.927,-21.729,-21.485,-24.171,-25.636,-31.495,-33.937,-29.786,-25.88,-24.903
-25.391,-21.851,-17.701,-20.508,-26.246,-31.129,-27.711,-20.264,-17.09,-18.433,-12.452,-3.5401,-7.2024,-12.452,-8.4231,-1.0987,1.8311,-0.61037,-3.9064,-8.6673,-14.771,-16.48,-14.161,-17.579,-13.55,-2.6856,5.6154,9.0335,13.428,18.311,15.137,5.2492,-0.97659,2.9298,12.085,25.269,37.355,45.167,50.295,53.102,50.783,44.923,33.57,22.095,13.794,-4.6388,-5.4933,-7.3244,-8.7893,-10.254,-14.039,-15.625,-16.602,-18.433,-18.433,-16.968,-19.776,-18.555,-19.288,-17.945,-18.189,-15.015,-14.893,-12.818,-9.6438,-15.015
-29.908,-16.602,-5.8596,-5.2492,-8.179,-8.9114,-10.62,-13.428,-15.259,-22.462,-28.199,-30.152,-31.861,-30.03,-25.513,-29.298,-28.199,-22.828,-19.532,-15.259,-6.592,-6.8361,-9.6438,-8.4231,-3.5401,-0.24415,-2.1973,2.1973,5.2492,6.592,9.6438,16.602,18.555,15.381,14.405,15.381,12.94,12.085,13.306,15.625,19.288,23.438,18.433,8.4231,4.5167,-4.6388,-5.005,-5.9816,-7.9348,-12.085,-14.649,-16.236,-20.264,-25.88,-26.612,-25.391,-26.002,-27.223,-27.589,-28.565,-32.838,-33.326,-30.03,-28.809,-26.246,-26.978
-27.345,-28.443,-27.833,-28.077,-29.42,-32.594,-30.519,-20.508,-9.0335,2.0753,4.2726,-4.883,-15.015,-18.189,-17.823,-7.4465,-10.376,-16.724,-2.1973,9.2776,2.4415,2.8077,16.114,25.88,28.443,20.142,18.921,26.124,27.955,30.763,29.664,24.781,17.212,16.358,19.898,22.34,17.945,12.085,12.94,17.212,17.457,12.818,6.1037,14.771,20.753,-20.02,-25.269,-29.664,-29.176,-28.932,-26.612,-21.851,-18.433,-15.748,-16.602,-18.799,-19.288,-21.607,-26.978,-29.908,-30.03,-28.565,-28.932,-28.199,-23.927,-23.438
-24.781,-27.467,-28.443,-27.467,-24.537,-20.508,-20.753,-21.363,-14.039,-3.4181,3.9064,3.4181,-0.12207,-2.1973,-2.6856,-1.9532,4.0284,5.3713,0.4883,-5.2492,-1.0987,3.296,8.9114,14.405,19.898,31.129,35.524,31.617,31.739,28.565,22.34,11.353,7.0803,4.6388,-0.12207,-0.24415,3.5401,4.3947,6.4699,14.893,21.851,15.992,14.527,22.34,27.223,-25.88,-24.415,-23.927,-22.706,-23.072,-25.391,-26.734,-28.199,-30.641,-34.913,-30.763,-26.002,-27.1,-26.246,-25.147,-24.659,-23.316,-22.34,-22.706,-23.316,-25.025
-18.311,-7.9348,-4.883,-7.4465,-7.3244,-8.0569,-5.8596,1.4649,-0.73244,-6.8361,-6.1037,0.97659,0.97659,-5.1271,1.0987,12.574,16.968,16.358,16.968,22.584,31.495,35.768,19.776,5.2492,6.4699,9.3997,4.5167,1.2207,6.3478,17.945,20.875,16.968,18.189,20.386,20.997,22.217,24.171,31.007,37.721,38.453,23.804,8.9114,1.4649,-2.4415,4.5167,-8.7893,-14.161,-17.457,-15.015,-17.335,-24.659,-34.669,-36.012,-32.35,-32.105,-30.152,-29.908,-25.513,-18.677,-13.55,-8.7893,-8.301,-11.841,-14.893,-14.527,-13.672
-18.555,-17.579,-19.288,-19.288,-13.184,-3.9064,1.4649,5.9816,11.475,10.743,13.428,12.085,8.301,0.4883,-3.0519,1.2207,5.8596,15.259,23.804,22.462,19.41,21.607,25.269,29.542,33.815,33.692,31.983,32.105,29.42,29.542,38.087,45.045,46.388,42.238,37.721,33.448,30.396,24.171,17.335,19.288,27.223,30.641,32.228,32.594,31.007,25.269,-5.7375,-8.4231,-16.846,-16.236,-16.358,-35.401,-16.358,-21.851,-24.171,-28.565,-32.472,-29.298,-51.881,-32.594,-15.259,-24.415,-17.335,-15.137,-14.649,-16.846
-11.963,-8.0569,-9.5218,-15.015,-17.09,-8.6673,-4.2726,-9.2776,-12.207,0.12207,10.132,8.301,-3.6622,-10.865,-5.8596,5.7375,14.527,21.119,22.34,24.659,25.025,16.602,4.2726,11.231,20.753,19.776,12.452,10.01,16.114,17.457,18.677,32.35,43.703,51.149,57.863,61.647,56.764,46.632,35.646,28.077,20.997,19.776,23.072,29.542,31.617,34.669,-24.781,-21.363,-21.241,-20.142,-18.921,-19.044,-19.288,-17.457,-14.893,-13.062,-13.184,-14.161,-13.428,-13.306,-16.236,-18.799,-18.555,-12.085,-10.743,-16.236
-23.682,-21.729,-13.55,-7.4465,-6.2258,-6.2258,-6.9582,-5.8596,-0.24415,2.9298,6.7141,14.283,16.968,11.231,1.709,0.73244,7.4465,12.818,10.498,8.301,6.4699,0.73244,2.9298,22.34,39.918,33.815,25.758,25.88,35.768,47.243,49.806,43.825,36.256,38.209,42.97,43.336,45.045,42.848,43.458,41.993,33.57,22.828,13.916,2.9298,-7.8127,-9.888,-25.147,-25.636,-21.851,-13.184,-8.5452,-6.592,-9.0335,-14.161,-17.701,-20.142,-19.288,-15.137,-13.55,-14.649,-7.4465,6.1037,12.574,13.916,17.579,17.212
11.597,4.883,2.1973,3.5401,3.7843,3.296,4.1505,-0.73244,-1.2207,7.4465,12.696,11.719,4.6388,6.2258,1.0987,-0.97659,3.1739,3.5401,1.2207,5.8596,20.875,29.908,38.697,52.858,56.52,45.412,35.157,33.937,44.435,45.9,32.228,24.049,33.082,31.007,18.555,13.184,12.574,7.2024,7.8127,14.405,19.898,34.791,37.721,28.321,22.34,21.119,-18.189,-20.264,-20.02,-24.293,-29.298,-31.617,-34.913,-37.355,-39.308,-37.599,-35.279,-34.791,-31.739,-28.077,-31.617,-29.176,-26.734,-26.612,-28.809,-28.321
-25.147,-21.851,-20.631,-17.945,-11.719,-9.0335,-9.0335,-10.376,-10.01,-2.5636,3.1739,-0.97659,-0.24415,7.2024,10.376,10.498,15.748,13.306,5.005,7.0803,8.301,9.3997,13.794,22.217,25.636,31.739,30.03,24.049,21.973,22.95,19.654,13.184,9.7659,15.259,13.428,10.865,15.137,15.503,4.3947,0.61037,4.3947,15.137,22.95,21.485,21.607,31.007,-33.082,-36.378,-38.087,-36.134,-31.739,-26.612,-27.833,-28.932,-30.396,-31.007,-26.612,-24.903,-26.856,-25.758,-20.875,-16.48,-18.189,-19.288,-11.597,-18.189
-26.368,-22.462,-12.329,-3.296,2.1973,3.7843,9.0335,24.415,21.851,4.7609,-9.3997,-17.579,-17.09,-16.114,-11.231,-5.4933,-1.2207,-7.4465,-11.841,-9.5218,5.9816,21.241,30.274,35.646,39.308,40.529,40.407,39.43,33.204,30.763,35.89,44.923,50.539,51.271,55.788,57.131,55.3,38.453,28.565,28.932,34.303,26.612,28.077,28.809,22.706,27.467,-39.064,-40.162,-39.43,-40.651,-42.36,-41.871,-39.674,-41.261,-40.895,-45.534,-48.341,-38.209,-24.537,-19.532,-26.368,-23.927,-15.381,-16.358,-20.02,-16.358
-12.085,-16.602,-18.921,-11.963,-7.8127,-9.0335,-1.2207,12.818,20.386,21.241,17.579,9.7659,-5.1271,-16.602,-25.88,-36.866,-43.58,-40.04,-25.758,-9.888,-5.4933,10.62,42.97,67.751,62.624,41.749,30.03,31.129,33.204,32.716,32.35,35.157,46.022,63.723,75.32,72.756,67.141,61.769,45.412,22.828,7.0803,-10.132,-16.846,-4.5167,15.259,21.119,0,-0.12207,-4.6388,-2.8077,-1.3428,-2.8077,-3.1739,-3.296,-4.3947,-4.7609,-1.709,5.005,12.574,15.381,15.748,16.358,19.41,20.02,23.316,29.664
31.861,31.373,29.664,28.932,28.932,28.443,29.786,29.42,28.565,29.542,30.519,27.467,26.002,25.513,23.927,23.316,25.147,29.786,34.425,37.233,39.308,40.773,37.599,30.274,22.095,25.391,23.682,21.973,20.631,16.846,11.597,13.306,18.677,18.555,16.114,13.306,14.649,15.381,14.161,1.8311,-7.6907,-6.2258,5.005,-4.3947,-7.6907,1.2207,-21.973,-14.405,-10.62,-12.329,-13.916,-17.701,-27.467,-27.467,-32.228,-24.537,-24.537,-20.631,-25.391,-23.927,-18.921,-14.893,-10.498,-10.01,-14.161,-15.87
-13.306,-13.062,-5.7375,-3.9064,-12.818,-19.044,-10.498,-0.85452,3.296,5.8596,13.916,15.137,17.823,19.654,17.945,15.137,20.386,26.368,28.687,27.467,22.34,9.3997,-3.9064,-2.5636,8.5452,21.241,27.1,26.002,27.345,33.448,34.547,39.674,39.796,38.697,37.599,43.336,43.214,41.871,45.167,41.627,33.448,17.945,7.9348,4.5167,1.8311,-3.0519,-22.95,-19.654,-16.846,-17.701,-19.776,-19.776,-14.405,-13.794,-15.503,-14.405,-12.94,-10.376,-7.4465,-6.3478,-4.2726,-5.6154,-10.132,-13.794,-10.254,-6.2258
-4.7609,2.6856,5.1271,-1.4649,-2.4415,5.6154,12.574,19.166,26.856,21.241,11.841,16.48,18.067,9.888,6.3478,7.2024,11.963,16.114,15.259,13.184,9.0335,12.818,29.542,42.848,49.196,41.139,34.913,31.007,39.43,41.261,31.861,26.002,26.734,33.692,45.412,49.318,40.773,34.425,33.326,35.279,41.017,45.045,44.435,48.585,59.572,55.666,-25.88,-25.391,-23.072,-16.358,-7.5686,-4.2726,0.36622,6.3478,8.0569,9.3997,10.254,12.696,14.527,12.696,12.452,13.184,11.231,12.329,18.067,24.537
25.513,20.875,19.776,20.631,19.776,18.189,14.161,13.794,15.748,18.311,23.072,23.072,23.682,23.438,21.607,18.555,16.724,14.161,13.55,14.283,14.405,15.992,20.02,20.508,21.851,21.485,19.044,13.672,2.9298,-0.4883,1.8311,5.2492,6.592,10.376,11.719,13.916,14.893,10.132,5.2492,2.0753,3.0519,2.5636,-0.24415,-0.4883,4.6388,17.457,-15.87,-13.794,-20.753,-27.345,-26.368,-20.997,-14.649,-5.9816,0.85452,1.709,-4.1505,-11.231,-18.067,-30.152,-32.472,-30.274,-26.49,-22.34,-20.508,-18.555
-21.363,-24.049,-26.49,-24.415,-20.508,-17.335,-20.631,-18.677,-16.358,-15.503,-9.1556,0.12207,4.5167,3.0519,5.005,6.3478,7.9348,12.207,12.696,8.301,8.6673,18.921,25.88,26.246,31.617,32.472,38.697,40.04,35.157,43.58,56.032,55.177,47.853,39.674,35.89,34.913,33.204,29.664,36.012,49.074,52.858,48.219,38.331,25.025,18.433,8.0569,-32.228,-30.03,-29.176,-26.978,-20.753,-12.818,-8.5452,-8.6673,-12.085,-13.794,-13.672,-18.189,-24.781,-27.589,-24.049,-19.532,-17.09,-14.283,-11.353,-10.498
-15.137,-19.044,-17.457,-13.184,-10.01,-9.1556,-9.1556,-13.55,-17.823,-18.921,-16.358,-10.743,-9.2776,-5.3713,4.0284,16.968,25.513,33.204,37.721,40.04,39.064,42.97,45.045,40.651,37.599,35.646,40.895,44.557,44.191,36.378,31.861,27.711,24.293,21.729,18.799,13.794,13.184,12.085,15.137,20.631,18.433,14.405,19.898,27.223,25.636,25.88,-26.246,-27.1,-24.293,-23.682,-23.316,-21.973,-21.729,-24.903,-24.781,-23.316,-20.142,-17.945,-17.945,-13.916,-3.296,-2.9298,-6.4699,-3.5401,-2.1973,-5.8596
-7.9348,-9.3997,-10.498,-10.498,-1.0987,12.085,17.579,17.701,14.283,9.2776,10.865,14.771,9.3997,4.2726,3.296,-1.709,-10.376,-6.592,7.8127,24.293,38.575,44.801,39.064,35.768,35.768,29.054,18.799,22.95,29.054,34.303,41.505,48.83,53.102,46.876,40.162,40.651,39.186,38.087,36.256,34.181,40.773,48.219,48.097,51.149,49.806,44.313,-17.945,-24.415,-25.269,-28.199,-33.326,-37.965,-38.331,-29.908,-24.293,-23.194,-23.804,-24.415,-22.706,-22.462,-26.124,-32.35,-36.378,-31.739,-23.682,-22.34
-20.508,-17.579,-11.475,-6.2258,-10.376,-15.625,-15.87,-15.748,-17.945,-9.2776,0.24415,-5.8596,-5.4933,3.9064,9.2776,5.005,6.8361,6.4699,0.36622,4.5167,16.358,17.823,10.743,12.574,13.794,15.87,16.846,15.503,20.02,23.194,21.973,23.316,27.223,32.594,35.768,36.744,39.552,41.383,33.448,28.077,23.56,24.049,29.176,28.932,26.246,28.321,-33.692,-30.641,-22.462,-24.903,-22.828,-20.02,-16.602,-19.166,-22.34,-21.363,-21.729,-22.828,-17.823,-17.701,-17.09,-15.259,-12.329,-8.7893,-5.7375,-5.6154
-3.4181,2.8077,3.1739,-0.4883,0.61037,4.5167,9.888,12.085,16.602,15.992,8.0569,5.2492,8.4231,11.963,9.0335,5.8596,7.0803,9.7659,11.841,12.696,12.207,15.87,20.264,25.758,25.88,27.955,30.519,31.373,30.641,28.321,22.34,14.649,9.888,10.987,16.48,19.532,19.044,19.776,19.776,21.973,24.537,23.56,23.438,24.537,26.124,23.072,7.5686,3.296,0.36622,1.2207,5.005,6.3478,5.005,4.883,4.3947,6.592,8.6673,8.301,7.6907,6.4699,4.6388,5.9816,8.5452,10.62,12.085,14.039
15.015,15.015,14.649,13.55,11.109,8.0569,7.8127,9.2776,13.428,10.132,5.2492,4.883,10.865,16.114,12.085,5.6154,0.97659,2.8077,-1.3428,-7.0803,-7.0803,-9.2776,-13.55,-11.719,-6.8361,-7.9348,-6.4699,-6.8361,-11.597,-11.231,-7.6907,-2.1973,-15.381,-19.654,-9.3997,-11.109,-5.9816,0.73244,4.1505,4.6388,3.5401,-2.5636,-10.498,-16.114,-21.607,-22.584,-38.82,-39.674,-36.622,-35.279,-34.059,-27.1,-20.264,-21.607,-18.921,-18.799,-17.212,-16.968,-13.428,-7.9348,-9.7659,-5.8596,4.7609,10.62,11.597,10.987
9.1556,5.9816,3.6622,7.9348,12.818,15.992,11.841,14.771,20.753,17.212,7.0803,1.2207,-0.24415,5.4933,20.997,27.711,34.059,50.905,59.328,50.05,37.965,34.791,31.129,24.659,25.391,30.152,32.594,30.152,23.804,19.41,17.335,20.753,22.095,18.555,21.729,32.228,38.331,37.599,34.913,28.932,27.1,27.223,25.269,25.758,33.204,36.012,37.477,29.42,30.152,30.641,31.373,26.612,26.734,29.176,30.519,31.617,32.716,32.838,36.256,36.622,36.866,39.796,39.064,35.768,35.035,32.472
29.176,26.002,25.88,35.768,44.801,43.947,33.692,27.223,21.363,16.358,11.231,-2.4415,-7.6907,-10.01,-1.0987,6.7141,7.6907,12.574,14.527,6.3478,5.4933,7.0803,8.179,8.179,5.1271,1.4649,3.6622,5.8596,6.7141,6.1037,5.9816,5.2492,3.0519,6.1037,9.2776,9.5218,8.9114,8.9114,8.4231,7.2024,12.329,14.039,14.649,23.56,25.758,23.927,29.908,-13.428,-20.264,-23.927,-24.415,-22.706,-20.875,-15.87,-9.1556,-3.7843,2.4415,7.4465,5.4933,3.1739,3.0519,12.696,15.137,8.6673,-1.9532,-1.709
6.4699,14.649,18.311,12.94,5.9816,11.475,18.677,20.997,17.945,8.7893,4.883,8.7893,15.87,31.251,40.529,36.378,31.251,37.355,41.749,44.069,43.458,38.331,36.744,40.284,46.51,48.341,47.609,46.51,48.585,50.661,42.848,31.983,33.57,37.843,32.838,25.147,24.781,24.415,35.768,53.713,53.468,53.835,46.388,33.204,22.706,23.072,34.181,5.4933,5.2492,3.4181,1.8311,1.9532,3.296,3.7843,4.1505,2.6856,5.6154,9.2776,10.498,5.6154,2.0753,3.7843,5.8596,5.7375,5.005,4.2726
4.7609,3.7843,4.0284,5.6154,5.7375,4.0284,1.8311,0.85452,2.6856,3.4181,1.587,0.12207,-0.24415,0.24415,0.97659,3.7843,5.005,3.0519,5.2492,9.3997,11.719,5.7375,0.97659,0.73244,3.6622,4.6388,2.5636,2.5636,3.4181,3.296,1.9532,2.3194,0.97659,0.97659,1.0987,4.2726,5.1271,-1.4649,-0.73244,1.0987,2.1973,3.6622,-0.24415,1.3428,-1.4649,-6.8361,-15.137,-27.1,-28.443,-17.701,-14.649,-10.254,-3.0519,-6.8361,-15.87,-14.527,-11.841,-10.498,-7.5686,-3.4181,-4.0284,-1.4649,8.9114,9.1556,-0.61037,-1.4649
4.7609,7.0803,6.9582,6.7141,5.4933,11.353,10.498,0.61037,-8.0569,-16.968,-22.217,-16.48,-1.4649,14.893,30.519,36.622,32.594,21.851,17.457,7.0803,4.0284,-2.4415,-3.5401,5.8596,17.579,30.152,41.871,44.069,38.82,33.326,29.908,28.321,33.692,43.703,48.83,42.97,31.373,26.978,27.467,23.56,18.921,24.903,35.279,44.191,70.193,86.673,71.047,55.666,37.599,30.641,30.763,35.646,38.82,40.895,35.768,23.316,13.55,10.254,26.368,39.43,35.157,36.866,31.983,23.804,18.555,19.654
24.415,26.124,25.269,25.758,26.002,17.701,11.597,8.301,10.376,17.457,26.978,36.256,30.396,-7.8127,-4.6388,-5.1271,-2.8077,0.97659,-3.1739,-3.7843,-1.2207,-3.4181,-10.743,-14.039,1.8311,16.358,20.142,23.316,23.682,16.236,6.2258,3.0519,1.587,2.3194,4.883,8.4231,8.9114,5.3713,0.36622,-2.4415,-7.4465,-11.597,-13.184,-12.696,-8.0569,-2.4415,-1.2207,0.85452,4.1505,5.6154,7.0803,6.2258,4.7609,1.9532,0.4883,-0.36622,-1.4649,-1.587,-1.8311,-1.709,-1.709,-2.5636,-3.6622,-3.4181,-2.3194,-1.9532
-1.0987,-0.73244,-0.36622,-0.24415,0,0.12207,-0.85452,-1.9532,-2.4415,-1.8311,-0.61037,-0.4883,-1.2207,-0.73244,0.97659,2.4415,0,1.8311,-3.7843,-9.3997,-14.039,-20.875,-22.34,-19.532,-19.776,-16.48,-5.6154,5.2492,12.696,16.48,19.532,18.677,16.48,16.358,15.992,14.771,10.01,6.1037,1.709,-1.8311,-2.3194,-4.1505,-3.5401,-4.6388,-0.97659,5.005,16.114,2.5636,4.5167,4.2726,3.1739,6.592,5.005,3.7843,4.5167,5.3713,4.5167,3.9064,2.8077,2.4415,3.7843,4.0284,0.12207,-9.6438,-19.044,-18.677
-19.41,-23.804,-22.828,-21.729,-26.002,-29.054,-23.438,-13.916,-10.132,-9.1556,-7.9348,-7.3244,-9.7659,-12.085,-15.015,-13.672,-8.6673,-2.3194,7.0803,11.963,12.94,9.2776,4.5167,3.9064,3.1739,0.61037,-3.296,-7.4465,-8.0569,-9.888,-8.301,-2.1973,4.5167,7.8127,6.592,5.8596,8.5452,9.1556,11.841,14.283,11.109,5.3713,2.5636,2.0753,0.36622,-2.9298,-3.9064,9.3997,11.597,13.428,15.137,15.625,15.259,13.916,11.719,8.5452,5.8596,3.4181,0.73244,-1.8311,-3.7843,-5.6154,-5.4933,-6.592,-6.4699,-7.3244
-6.9582,-4.883,-3.5401,-3.0519,-2.5636,-2.1973,-1.9532,-2.4415,-1.9532,-1.0987,-0.61037,-1.3428,-1.587,-1.587,-2.5636,-2.6856,-2.8077,-2.6856,-3.6622,-5.005,-5.9816,-7.2024,-8.301,-7.9348,-9.6438,-10.987,-11.841,-6.2258,-5.4933,-3.9064,-1.3428,2.6856,6.8361,10.132,11.475,10.132,11.231,18.067,23.072,26.002,27.833,30.152,28.199,21.363,6.8361,-2.8077,-8.9114,0.12207,1.4649,2.6856,4.883,6.592,6.8361,6.1037,4.7609,3.1739,1.0987,-0.4883,-3.0519,-5.6154,-4.3947,-8.6673,-18.433,-20.631,-20.508,-19.776
-19.41,-20.753,-17.09,-15.748,-14.771,-12.94,-11.597,-9.6438,-12.452,-14.527,-15.503,-14.893,-13.306,-14.405,-13.916,-12.696,-8.301,-4.1505,-3.5401,-5.005,-4.883,-3.7843,-1.9532,2.6856,5.2492,5.6154,6.2258,11.719,16.602,18.921,15.015,14.039,16.48,16.358,13.55,10.132,9.2776,9.6438,9.3997,5.6154,0.73244,-0.4883,4.7609,8.7893,10.376,13.306,19.166,35.035,15.259,-5.1271,-17.945,-23.56,-24.659,-21.485,-16.114,-8.7893,-3.9064,-2.6856,-4.3947,-9.3997,-13.916,-16.358,-14.893,-10.498,-6.2258,-2.6856
1.4649,3.5401,3.296,2.5636,1.4649,0.61037,-0.24415,-2.4415,-3.6622,-3.5401,-2.9298,-2.0753,-1.8311,-1.587,-1.2207,0,0.85452,1.3428,2.8077,4.5167,3.7843,3.5401,2.1973,3.296,8.4231,6.3478,4.1505,-1.587,-4.6388,-10.132,-10.743,-12.329,-9.0335,-2.6856,5.8596,14.893,22.217,27.467,29.542,34.181,22.706,16.236,19.044,16.358,15.259,17.09,3.7843,-9.3997,-9.888,-13.062,-11.719,-12.818,-15.137,-17.09,-18.433,-16.236,-10.498,-6.9582,-9.2776,-10.498,-10.376,-8.301,-5.3713,-5.4933,-4.3947,-2.1973
-0.12207,-1.587,-3.5401,-3.5401,-2.6856,-1.709,-0.97659,2.0753,1.0987,-1.4649,-3.296,-3.7843,-2.0753,3.6622,7.5686,8.5452,13.55,18.921,14.161,8.5452,5.9816,1.8311,5.1271,10.01,12.696,9.6438,10.743,11.841,10.62,9.888,8.179,7.2024,6.1037,5.1271,7.4465,10.743,11.719,10.743,5.2492,-1.2207,-7.9348,-11.109,-11.719,-11.353,-10.01,-7.5686,-5.7375,1.0987,1.587,0.85452,-2.6856,-6.3478,-8.6673,-12.085,-12.94,-10.743,-7.5686,-9.6438,-14.283,-15.625,-10.254,-2.9298,1.9532,-2.3194,-10.498,-14.649
-12.329,-9.5218,-10.498,-10.62,-11.109,-12.452,-12.696,-15.381,-18.311,-20.386,-20.508,-17.701,-12.94,-9.1556,-4.2726,2.8077,9.0335,9.1556,8.5452,7.2024,1.587,-3.6622,-2.8077,0.24415,6.1037,18.433,23.072,21.241,19.654,15.015,10.254,9.3997,8.9114,6.3478,6.8361,7.0803,10.743,15.503,16.358,11.231,2.8077,-1.3428,-3.0519,-4.3947,-4.7609,-4.6388,-6.7141,-0.73244,-1.0987,-1.8311,-2.6856,-4.5167,-4.2726,-2.6856,-2.1973,-5.9816,-10.865,-15.381,-21.729,-28.932,-28.565,-24.903,-22.095,-20.386,-19.654,-17.579
-15.748,-12.696,-13.428,-15.992,-16.236,-14.893,-10.132,-6.3478,-2.9298,-1.4649,-3.1739,-0.12207,4.7609,3.6622,-1.8311,-8.9114,-8.179,-2.5636,3.4181,5.8596,3.9064,3.0519,5.1271,11.841,15.015,16.968,10.987,5.4933,20.386,33.57,31.495,25.269,24.903,25.269,22.217,15.992,10.132,7.9348,6.2258,1.3428,-5.7375,-11.597,-10.132,-6.7141,-3.296,-3.0519,-5.005,4.2726,4.2726,1.587,-1.587,-3.9064,-5.3713,-7.2024,-8.301,-11.109,-18.189,-19.288,-16.114,-14.283,-18.067,-19.288,-15.137,-14.771,-13.916,-10.498
-8.7893,-6.3478,-7.4465,-11.963,-15.748,-20.386,-21.119,-17.945,-19.532,-21.241,-18.921,-10.254,-5.3713,-5.4933,-7.9348,-10.01,-9.7659,-8.9114,-7.9348,-5.005,-0.4883,3.0519,1.587,2.4415,9.3997,10.01,15.625,27.345,30.03,26.734,23.316,24.659,24.903,22.95,20.875,18.555,14.893,11.963,11.963,7.6907,2.5636,-2.3194,-6.592,-5.8596,-1.0987,1.3428,-0.85452,-18.555,-19.898,-21.485,-22.095,-23.072,-21.851,-19.288,-16.48,-15.137,-12.696,-10.498,-6.2258,-4.883,-3.5401,-3.4181,-5.7375,-9.0335,-11.353,-11.231
-6.9582,-6.592,-6.7141,-8.4231,-12.94,-16.48,-14.771,-7.8127,-5.9816,-0.85452,-0.97659,-5.005,-5.3713,-4.5167,1.587,0.97659,-1.3428,3.0519,6.7141,10.01,12.452,14.405,16.724,24.171,35.524,35.401,25.269,33.57,46.999,50.295,42.97,28.321,16.48,8.9114,6.1037,7.0803,9.6438,9.5218,8.6673,5.4933,0.97659,0.73244,0,-3.7843,-6.1037,-5.005,-6.9582,0.73244,0.12207,-0.73244,-1.0987,-1.587,-3.5401,-6.592,-8.4231,-9.6438,-12.085,-14.893,-17.212,-16.236,-20.142,-25.636,-23.682,-17.945,-16.846,-17.579
-16.724,-13.306,-8.301,-6.4699,-4.6388,-1.0987,0.73244,0.12207,1.8311,5.1271,5.1271,2.8077,0.4883,-1.709,-1.0987,-5.7375,-9.5218,-7.0803,-0.61037,4.883,7.2024,10.254,12.452,16.602,23.927,26.368,27.467,28.809,29.786,28.077,24.903,22.462,22.095,20.142,15.503,9.2776,1.8311,-4.2726,-8.4231,-10.01,-10.376,-16.114,-25.391,-32.594,-25.391,-9.7659,3.4181,3.6622,4.1505,2.6856,1.587,0.24415,-1.3428,-2.1973,-2.4415,-3.9064,-5.9816,-4.6388,-4.5167,-8.4231,-13.55,-14.649,-17.212,-20.508,-16.358,-9.2776
-12.818,-19.776,-23.194,-22.095,-20.631,-17.579,-14.771,-14.771,-11.475,-4.1505,0.73244,2.5636,0.85452,-3.4181,-5.1271,-9.5218,-12.329,-14.283,-16.602,-11.841,-5.3713,-2.9298,0.24415,6.9582,7.8127,10.01,12.574,6.592,0.85452,-3.0519,-4.7609,-2.3194,7.3244,10.865,11.109,14.405,15.625,21.607,26.368,26.978,23.072,17.457,11.719,7.4465,2.4415,-2.0753,-4.0284,-5.005,-3.0519,-2.6856,-4.3947,-6.7141,-6.2258,-7.8127,-9.3997,-8.7893,-11.597,-14.283,-13.184,-6.592,-2.6856,-1.709,-3.296,-3.5401,-1.0987,-3.296
-5.9816,-8.5452,-11.475,-13.306,-15.625,-16.968,-16.968,-10.987,2.3194,20.142,29.908,30.152,20.386,3.6622,-1.587,-4.3947,-8.179,-11.231,-14.527,-7.0803,9.1556,25.636,34.791,34.425,26.002,27.223,20.142,11.109,5.9816,7.4465,9.2776,7.9348,0.36622,-4.1505,-3.5401,-5.005,-9.888,-14.893,-19.898,-23.927,-29.908,-1.709,-3.0519,-3.5401,-4.5167,-5.4933,-6.8361,-8.7893,-12.085,-15.748,-16.48,-16.236,-14.039,-12.574,-14.161,-16.114,-19.288,-23.316,-25.269,-27.589,-24.293,-18.189,-13.794,-9.5218,-8.179,-5.8596
-0.97659,5.2492,11.841,12.818,5.4933,1.0987,2.5636,3.9064,2.1973,6.3478,12.94,16.114,13.428,3.4181,-1.3428,7.8127,12.452,3.9064,4.1505,17.09,27.955,23.56,14.649,19.044,23.682,27.1,29.054,29.664,28.077,25.636,25.147,29.542,30.396,26.124,18.677,13.184,9.3997,3.9064,-1.709,-6.7141,-12.94,4.1505,1.3428,0.4883,-0.12207,-0.61037,-2.3194,-5.2492,-7.0803,-7.6907,-8.9114,-9.7659,-11.231,-10.62,-9.1556,-10.376,-15.625,-23.316,-22.584,-19.654,-20.386,-21.119,-21.851,-24.171,-28.565,-25.88
-23.56,-21.241,-16.358,-13.672,-13.062,-9.888,-3.4181,-1.4649,4.2726,9.888,14.771,15.503,19.41,24.049,26.612,29.908,40.04,42.36,45.289,56.398,62.868,51.149,34.913,34.669,36.988,31.983,28.199,20.875,25.025,35.524,42.116,44.313,43.336,40.407,35.646,23.56,12.574,8.6673,3.1739,-5.1271,-15.625,0,0,0,0.73244,0.4883,-0.73244,-0.85452,-0.85452,-0.61037,-1.3428,-2.5636,-4.2726,-4.0284,-4.2726,-6.3478,-8.6673,-10.865,-13.184,-16.358,-22.34,-27.1,-23.316,-24.659,-27.1,-25.025
-23.804,-27.955,-28.199,-21.851,-13.184,-6.7141,-4.3947,-5.3713,-4.7609,-2.6856,-1.2207,-1.2207,-4.7609,-4.7609,0.97659,4.7609,7.9348,12.94,19.776,23.438,21.485,10.376,6.4699,7.8127,16.602,15.625,8.179,3.6622,2.5636,5.6154,4.883,2.1973,3.9064,5.8596,5.1271,2.0753,-2.9298,-10.743,-14.039,-9.0335,-0.36622,3.6622,3.1739,3.5401,3.5401,2.8077,1.2207,0.73244,0.73244,0.36622,0.97659,2.6856,2.4415,1.587,-1.709,-5.2492,-9.2776,-14.771,-21.363,-30.03,-31.251,-31.129,-29.664,-25.758,-34.425,-32.105
-25.513,-17.212,-12.696,-12.329,-15.625,-13.672,-9.888,-9.2776,-7.5686,-4.7609,-2.4415,-0.73244,-0.12207,-0.36622,-2.1973,-3.1739,-8.7893,-12.574,-13.428,-7.0803,-0.85452,11.109,29.542,35.279,25.391,20.02,16.846,19.166,20.631,16.724,12.696,10.498,8.0569,4.7609,4.3947,1.9532,-2.6856,-6.2258,-8.7893,-12.696,-20.264,-2.0753,-2.8077,-1.4649,-0.36622,0.61037,0.85452,3.1739,3.6622,1.3428,0,-0.24415,-0.85452,-1.709,-3.1739,-3.7843,-5.1271,-7.2024,-9.2776,-11.475,-14.161,-19.898,-24.293,-22.462,-17.09,-16.358
-19.776,-24.659,-24.659,-20.142,-18.067,-17.945,-12.94,-4.2726,1.0987,1.3428,5.005,5.8596,5.3713,8.4231,9.0335,6.8361,6.3478,8.7893,16.114,18.799,22.584,22.95,20.264,18.433,17.457,20.142,17.701,16.236,14.039,12.452,14.039,15.015,16.968,20.386,18.799,14.283,9.3997,1.0987,-9.6438,-14.893,-10.254,-2.1973,-2.0753,-1.4649,-0.36622,1.9532,4.1505,5.8596,6.2258,5.005,3.296,3.1739,3.5401,0.12207,-4.3947,-10.01,-14.649,-14.405,-13.672,-15.748,-24.659,-24.293,-18.189,-13.184,-12.085,-10.62
-12.085,-15.503,-13.55,-6.2258,0.61037,-0.73244,1.2207,0.4883,-2.4415,-0.85452,2.4415,5.7375,7.5686,6.8361,3.1739,-0.36622,-2.0753,0.36622,4.2726,12.696,17.823,21.363,18.921,16.724,16.114,12.574,8.179,2.1973,-0.97659,3.4181,12.574,16.968,15.503,8.7893,-0.12207,-10.376,-21.363,-31.861,-36.012,-32.96,-29.054,-16.846,-7.9348,-4.0284,-6.1037,2.4415,18.067,21.973,7.2024,-6.592,-9.3997,-1.8311,6.8361,13.916,16.114,17.335,16.236,8.5452,-3.9064,-13.306,-18.677,-34.913,-41.139,-34.669,-29.542,-23.438
-16.48,-2.9298,16.968,19.166,12.452,1.4649,-8.5452,-13.916,-19.166,-17.701,-14.527,-14.161,-12.085,-2.0753,9.888,19.654,20.02,17.701,25.269,42.97,50.905,41.749,26.612,13.184,1.9532,-8.9114,-12.696,-6.592,-3.0519,-2.5636,-1.587,-1.709,-5.7375,-9.6438,-10.743,-11.109,-5.2492,1.709,9.1556,3.296,-2.1973,0,0.24415,-1.8311,-0.36622,1.8311,0.61037,-1.4649,-3.7843,-3.296,-4.2726,-5.4933,-6.7141,-8.301,-7.4465,-5.9816,-5.1271,-5.8596,-7.6907,-9.0335,-13.184,-16.114,-11.109,-7.2024,-8.6673,-9.888
-8.4231,-12.207,-5.3713,-1.587,3.9064,8.7893,3.4181,-4.0284,-4.6388,-2.0753,-7.4465,-12.329,-11.353,-9.2776,-11.597,-7.8127,3.4181,10.743,17.212,19.044,17.457,18.555,27.223,25.513,18.433,14.161,17.335,22.217,24.903,26.49,26.49,20.631,4.7609,-5.6154,-9.6438,-12.818,-15.87,-24.781,-28.199,-27.955,-26.612,7.3244,6.592,5.8596,4.5167,1.9532,-0.73244,-2.6856,-5.4933,-8.4231,-9.1556,-9.0335,-11.963,-15.748,-14.771,-14.893,-14.039,-14.405,-12.696,-12.818,-13.672,-13.916,-10.987,-9.0335,-9.1556,-4.883
0.24415,0.24415,-1.8311,-2.3194,-0.61037,1.8311,4.883,5.9816,3.5401,-3.296,-9.3997,-12.085,-11.841,-12.085,-13.672,-10.254,-7.8127,-2.9298,5.6154,13.794,20.386,24.415,22.828,18.189,16.114,14.649,15.625,12.329,6.592,0.97659,2.5636,5.6154,4.3947,0.36622,-2.5636,-1.3428,0.12207,3.1739,4.2726,0.85452,-4.1505,0.12207,0,-0.4883,-1.709,-1.3428,0.4883,2.3194,3.5401,3.1739,1.9532,2.6856,4.5167,4.3947,-1.2207,-7.0803,-15.381,-20.386,-19.044,-17.335,-20.753,-27.223,-31.373,-34.669,-30.396,-24.293
-18.921,-16.602,-17.579,-14.283,-15.992,-12.085,-8.7893,-9.0335,-7.3244,-4.1505,-3.1739,-5.9816,-5.9816,-5.4933,-3.9064,0.73244,5.005,5.005,-0.73244,0.36622,10.62,24.171,27.223,21.485,16.968,23.072,33.815,32.838,23.438,12.94,7.2024,6.9582,8.4231,7.4465,1.9532,-6.8361,-15.87,-21.973,-23.56,-23.927,-27.467,1.9532,-1.2207,-2.1973,-2.4415,-2.6856,-5.7375,-9.1556,-11.109,-15.748,-20.508,-23.194,-20.508,-19.044,-18.433,-15.992,-15.503,-13.306,-14.649,-14.649,-14.405,-12.574,-13.672,-17.579,-18.311,-20.02
-22.34,-15.259,-10.01,-7.3244,-5.9816,-4.3947,-5.3713,-9.7659,-7.6907,-0.97659,4.7609,10.132,16.114,18.433,14.527,13.184,23.804,26.978,26.734,28.687,30.885,27.467,20.631,11.963,2.1973,-2.4415,-6.7141,-11.353,-13.55,-15.259,-14.771,-7.3244,1.0987,5.1271,2.5636,-4.5167,-5.2492,-7.0803,-19.044,-29.054,-32.228,-0.61037,-0.85452,1.0987,2.6856,2.5636,2.0753,1.8311,1.709,0.12207,-2.6856,-6.1037,-8.4231,-10.254,-13.306,-16.48,-17.823,-20.631,-22.095,-17.823,-15.259,-11.109,-10.62,-14.161,-16.48,-14.405
-2.4415,4.1505,2.5636,1.3428,1.3428,1.0987,0.36622,2.9298,4.5167,1.9532,0.12207,0.61037,0.12207,0.73244,-1.9532,-7.2024,-3.6622,4.883,13.184,20.142,25.025,27.589,29.908,28.809,26.246,27.589,27.711,26.002,27.223,29.176,25.391,23.194,27.223,33.57,34.181,28.687,13.184,-0.85452,-17.457,-27.223,-25.147,-1.0987,-0.73244,-3.1739,-4.0284,-5.2492,-5.1271,-3.7843,-2.8077,-3.1739,-5.2492,-7.9348,-9.888,-12.574,-18.677,-24.659,-26.49,-26.978,-23.316,-26.002,-31.861,-32.838,-31.739,-30.763,-23.804,-14.283
-7.6907,-4.5167,-4.1505,-4.7609,-4.883,-3.4181,-3.7843,-11.353,-17.701,-18.799,-16.968,-16.114,-14.283,-9.7659,-5.9816,0.73244,8.7893,11.109,10.987,8.7893,9.888,12.329,12.94,15.748,18.677,22.584,24.171,21.973,20.264,20.508,21.241,22.217,18.189,8.6673,-1.2207,-6.7141,-7.6907,-5.9816,-0.97659,1.8311,-2.6856,-17.945,-15.625,-12.696,-11.475,-8.6673,-6.592,-6.1037,-8.4231,-9.5218,-10.498,-13.428,-14.161,-11.475,-8.6673,-8.301,-8.7893,-7.4465,-5.2492,-4.1505,-4.883,-2.3194,5.6154,9.7659,1.587,3.296
2.0753,2.9298,2.5636,-3.4181,-9.2776,-9.5218,-13.672,-15.748,-19.41,-17.335,-13.428,-15.748,-20.142,-11.475,-0.12207,1.8311,2.0753,8.0569,16.724,22.706,24.903,24.659,23.804,22.95,25.025,29.298,28.443,21.119,18.921,18.311,15.748,11.353,6.8361,-0.24415,-2.5636,-5.7375,-16.236,-26.978,-29.908,-27.223,-21.607,-4.883,-3.1739,-0.61037,1.0987,1.2207,1.709,-0.24415,-3.0519,-4.6388,-6.2258,-5.3713,-4.3947,-3.7843,-1.4649,2.5636,4.883,4.0284,-2.8077,-13.184,-31.861,-43.947,-35.646,-21.973,-23.072,-29.786
-31.251,-31.617,-30.152,-22.706,-10.376,2.9298,2.1973,-4.2726,-5.7375,-1.9532,3.0519,-0.61037,-2.4415,-0.24415,9.7659,22.706,26.978,24.903,23.438,18.555,12.696,6.4699,1.2207,-4.3947,-9.1556,-11.231,-4.883,5.4933,17.823,24.659,20.264,7.2024,-5.6154,-14.771,-26.368,-27.1,-21.851,-20.264,-14.161,-11.109,-14.405,-3.0519,-4.2726,-4.5167,-5.9816,-5.1271,-2.9298,-3.0519,-4.1505,-1.0987,1.9532,4.5167,6.3478,8.6673,13.306,16.358,18.677,18.921,19.41,18.555,16.602,13.672,8.5452,2.5636,-11.475,-17.823
-9.7659,-4.5167,-3.7843,-5.7375,-6.1037,-3.296,0.97659,6.9582,15.137,20.142,23.804,21.241,20.02,22.584,20.631,22.584,33.448,43.336,47.121,45.534,39.186,31.861,32.35,24.171,10.62,-0.85452,-8.9114,-10.987,-0.12207,18.677,25.636,18.677,21.119,22.584,17.945,13.794,-0.36622,-23.682,-41.505,-41.505,-37.355,-2.6856,-0.73244,1.2207,0.12207,-2.4415,-3.4181,-2.6856,-1.2207,-0.97659,-2.0753,-4.2726,-7.6907,-13.672,-17.823,-22.828,-26.246,-26.978,-26.49,-25.269,-30.519,-28.443,-22.095,-10.62,0.12207,2.6856
3.5401,8.0569,4.883,-6.7141,-11.597,-14.649,-18.433,-18.189,-12.818,-7.4465,-2.0753,4.7609,10.62,11.719,8.9114,2.1973,-4.1505,-9.6438,-10.498,3.296,5.2492,10.865,19.898,30.274,30.396,21.485,13.184,8.7893,6.8361,3.0519,0.24415,1.709,6.4699,8.7893,5.8596,-1.587,-10.376,-18.555,-26.734,-35.157,-42.482,-5.6154,-3.4181,-3.7843,-6.7141,-5.9816,-4.7609,-4.1505,-3.6622,-2.5636,-2.6856,-3.1739,-3.0519,-3.0519,-2.9298,-3.9064,-4.6388,-3.7843,-5.2492,-6.1037,-7.3244,-6.7141,-5.1271,-1.2207,0.85452,2.4415
1.587,0.12207,-7.3244,-16.602,-23.682,-26.734,-23.072,-14.405,-13.916,-15.381,-10.865,-16.602,-5.6154,9.6438,20.753,26.002,19.532,11.841,12.452,16.114,15.259,15.992,17.212,18.311,19.532,19.898,20.264,15.259,12.085,10.01,5.1271,2.5636,2.3194,1.3428,2.5636,-0.4883,-8.6673,-14.893,-17.335,-15.503,-10.987,-1.8311,-3.7843,-2.9298,-2.4415,-5.6154,-7.3244,-9.0335,-9.7659,-7.2024,-3.1739,-2.4415,-3.6622,-4.883,-6.9582,-11.475,-13.794,-15.87,-22.34,-30.152,-35.401,-33.448,-28.565,-27.345,-28.687,-31.251
-30.885,-31.251,-30.519,-27.833,-19.166,-11.841,-2.1973,7.2024,12.452,14.527,7.9348,2.1973,2.8077,4.1505,0.73244,-0.97659,4.6388,13.916,14.039,12.207,14.161,24.293,29.298,29.664,26.246,24.171,21.241,18.555,17.579,5.9816,1.4649,-1.9532,-7.5686,-9.5218,-13.306,-20.264,-23.194,-21.119,-16.724,-12.329,-17.579,-0.12207,-0.85452,0.36622,2.8077,5.3713,5.6154,2.4415,-0.24415,-0.73244,0.12207,0.73244,0.61037,0.12207,-1.709,-2.6856,-4.3947,-6.1037,-9.2776,-12.574,-14.893,-22.217,-27.955,-31.617,-36.256,-37.721
-34.181,-34.425,-37.965,-37.721,-33.204,-26.856,-20.997,-12.207,-4.5167,0.12207,1.4649,2.9298,2.5636,-1.4649,-1.2207,-1.709,-4.1505,-8.9114,-9.888,-5.8596,-3.296,-2.1973,3.6622,8.179,9.6438,12.329,12.574,10.01,8.0569,5.8596,4.883,4.883,6.592,9.1556,11.841,12.94,14.527,16.236,11.841,1.4649,-5.1271,-0.73244,-2.4415,-2.9298,-2.5636,-2.3194,-2.6856,-2.4415,-1.2207,-2.4415,-2.0753,-1.709,-1.8311,-3.7843,-6.2258,-11.353,-17.945,-21.485,-22.584,-23.682,-19.654,-13.55,-9.3997,-13.062,-13.062,-9.2776
-1.4649,-0.85452,-1.587,0.97659,7.3244,6.1037,0.85452,2.9298,5.4933,8.179,7.5686,7.8127,11.231,14.039,10.376,4.883,4.0284,14.405,25.269,22.706,19.044,10.01,-2.0753,-4.0284,-1.4649,-3.7843,-6.3478,-11.231,-20.02,-19.898,-8.4231,0,6.2258,12.207,9.6438,4.0284,-1.0987,-2.6856,-7.3244,-14.771,-19.41,0.61037,0.12207,-1.9532,0,3.9064,5.1271,2.9298,4.6388,2.8077,-1.587,-3.0519,1.3428,7.3244,13.794,18.433,28.199,21.241,14.649,6.8361,-2.1973,-6.8361,-10.987,-12.818,-12.452,-9.3997
-3.5401,4.6388,9.3997,10.62,9.3997,1.8311,-3.6622,-4.5167,6.1037,12.085,25.88,28.077,34.913,33.326,21.729,12.207,25.147,32.96,24.659,4.7609,12.94,22.584,25.391,16.48,13.55,16.602,34.181,15.748,9.3997,17.579,1.587,-42.604,-4.2726,6.7141,-15.87,-15.137,-6.9582,26.246,-36.866,-52.736,-19.654,-1.587,0.24415,1.587,3.296,3.1739,1.709,1.0987,0,-1.4649,-3.5401,-4.5167,-4.2726,-3.296,-1.4649,1.0987,8.4231,12.452,10.01,4.2726,-2.8077,-7.3244,-5.7375,-3.4181,-13.062,-24.781
-25.025,-24.659,-26.856,-25.391,-21.363,-6.1037,2.6856,4.7609,2.6856,0,-1.4649,-2.9298,0,2.5636,2.4415,2.3194,5.1271,7.9348,9.0335,11.109,14.771,14.283,11.719,5.8596,-0.61037,-3.6622,-1.2207,-0.24415,1.4649,2.6856,-0.4883,0.36622,5.1271,6.1037,7.0803,3.7843,-1.4649,-12.696,-23.194,-25.88,-25.147,-0.24415,-1.3428,-2.3194,-2.0753,-2.0753,-2.6856,-2.8077,-3.0519,-3.9064,-5.1271,-5.005,-7.3244,-9.0335,-7.9348,-5.2492,-5.3713,-10.132,-17.457,-22.34,-22.217,-15.381,-12.818,-16.602,-22.95,-23.56
-17.823,-8.6673,-3.4181,-6.1037,-5.8596,-6.1037,-5.4933,-8.179,-8.5452,-5.005,-4.7609,-5.005,-6.4699,-8.9114,-4.7609,2.9298,8.9114,11.231,11.475,8.301,6.1037,4.5167,7.6907,16.602,24.049,24.781,31.129,31.129,23.682,16.846,7.6907,3.0519,-1.3428,-2.5636,-3.1739,-5.9816,-10.498,-13.184,-12.94,-13.306,-12.085,-15.137,-18.067,-17.335,-14.771,-11.353,-10.01,-5.3713,-4.0284,-5.005,-0.97659,-2.5636,-8.0569,-8.7893,-17.701,-18.799,-17.579,-11.231,-12.452,-10.254,-8.301,-8.0569,1.8311,6.592,7.2024,7.8127
