1.8956,1.9077,1.9091,1.9296,1.9433,1.9477,1.9602,1.9909,2.0172,2.0114,1.9431,1.8768,1.8437,1.7778,1.7793,1.7647,1.7948,1.7433,1.6719,1.625,1.6372,1.6174,1.5057,1.4291,1.3586,1.3419,1.4398,1.5485,1.4732,1.3768,1.4014,1.4523,1.4924,2.0246,2.0317,1.9872,1.948,1.9236,1.8889,1.8885,1.846,1.8232,1.8051,1.7887,1.8119,1.7871,1.8055,1.8333,1.84,1.8663,1.8945,1.8883,1.8566,1.8215,1.7927,1.7834,1.8034,1.7886,1.7918,1.7456,1.7426,1.7301,1.6435,1.6012,1.5667,1.4773
1.465,1.5425,1.5301,1.4633,1.401,1.4051,1.5407,1.5828,1.6171,1.6546,1.6688,1.6257,1.7943,1.8373,1.8328,1.8276,2.0074,2.0896,2.0044,2.0204,2.0552,2.092,2.0983,2.1386,2.1522,2.161,2.2466,2.3427,2.3526,2.4093,2.435,2.4973,2.5239,1.9092,1.8941,1.9325,1.9371,1.9619,1.9853,2.0293,2.0159,1.9727,1.9248,1.9173,1.8396,1.8764,1.791,1.8358,1.7922,1.7349,1.6924,1.6995,1.7129,1.6833,1.6531,1.6193,1.5949,1.584,1.6421,1.622,1.6318,1.6506,1.6183,1.7186,1.7099,1.5858
1.642,1.7664,1.7685,1.6731,1.652,1.6438,1.7066,1.6956,1.6696,1.7186,1.8208,1.8464,1.8084,1.9051,1.9274,1.9557,1.9566,2.0071,2.0025,1.9749,1.9648,2.0076,1.9989,2.0404,1.9961,2.1044,2.1325,2.2571,2.3494,2.4321,2.5172,2.5294,2.5641,1.881,1.9196,1.9115,1.9191,1.9024,1.9028,1.8978,1.9108,1.9221,1.9249,1.9702,1.9771,1.9688,1.9462,1.9025,1.9054,1.8913,1.9059,1.8999,1.8183,1.7756,1.746,1.7336,1.7726,1.7464,1.7528,1.7157,1.6999,1.6477,1.5762,1.5609,1.5318,1.443
1.3521,1.3286,1.3683,1.3994,1.4136,1.4584,1.3349,1.5445,1.6682,1.6658,1.5352,1.6716,1.7152,1.7811,1.8498,1.9312,2.011,2.1073,2.1227,2.1228,2.1731,2.2003,2.129,2.2248,2.2903,2.289,2.3696,2.4874,2.5595,2.5253,2.4987,2.5667,2.6012,1.8983,1.8959,1.8864,1.876,1.8928,1.9259,1.8996,1.9288,1.9452,1.925,1.9204,1.9448,1.9301,1.9061,1.9231,1.9454,1.9036,1.8627,1.8328,1.7991,1.7814,1.7688,1.7292,1.766,1.7805,1.7309,1.6827,1.6629,1.608,1.5802,1.5345,1.4526,1.4793
1.3942,1.5373,1.5667,1.5015,1.4787,1.6268,1.6536,1.5671,1.6549,1.7853,1.8053,1.9249,1.9136,1.901,1.8955,1.9007,1.8363,1.8406,1.8734,1.9499,2.0533,2.0998,2.0983,2.148,2.2249,2.2013,2.2449,2.2949,2.3693,2.5001,2.5559,2.5955,2.6212,1.9437,1.8934,1.8666,1.8252,1.8104,1.7873,1.7462,1.7224,1.7452,1.8012,1.7983,1.6823,1.5306,1.5047,1.5135,1.6088,1.6676,1.5972,1.5495,1.6094,1.4278,1.3598,1.4418,1.4419,1.4245,1.4434,1.5604,1.5968,1.6517,1.7081,1.7692,1.7136,1.8223
1.9597,2.0439,2.0231,2.1038,2.015,2.1615,2.3004,2.2618,2.3272,2.3789,2.4674,2.4398,2.3668,2.33,2.3664,2.4094,2.5092,2.5326,2.5506,2.5461,2.4735,2.4086,2.3137,2.1733,2.0195,2.0151,2.0039,1.9055,1.9124,1.9441,2.0554,2.3,2.6026,1.9696,1.9482,1.9657,1.9573,1.9529,1.9085,1.8775,1.8896,1.8591,1.8743,1.8736,1.8841,1.9114,1.9018,1.8827,1.9276,1.9877,2.0203,1.9738,1.9342,1.9401,1.8452,1.7649,1.7191,1.6417,1.6789,1.6223,1.5622,1.4762,1.4768,1.3892,1.3273,1.2587
1.3348,1.2327,1.2217,1.2667,1.2386,1.4273,1.5934,1.6451,1.7306,1.7569,1.7634,1.8658,2.0433,2.1232,2.1164,2.1133,2.1304,2.2162,2.2163,2.256,2.286,2.3107,2.3132,2.3397,2.3759,2.34,2.376,2.373,2.3892,2.3719,2.3506,2.4293,2.4812,1.9158,1.9277,1.9401,1.9586,1.969,1.9794,1.9778,2.0098,2.0579,2.0413,1.9668,1.8719,1.8307,1.7085,1.6639,1.6444,1.6297,1.6647,1.6647,1.6476,1.5875,1.5222,1.5333,1.4731,1.4482,1.2903,1.3171,1.4141,1.3905,1.2344,1.2752,1.5153,1.5652
1.6257,1.58,1.6793,1.8432,1.9576,1.9707,2.04,2.1235,2.1701,2.1347,2.1482,2.2725,2.2343,2.2818,2.3488,2.4002,2.3825,2.408,2.5426,2.5257,2.5859,2.7031,2.5874,2.4905,2.4631,2.4918,2.4603,2.3653,2.2275,2.1788,2.1147,2.327,2.7134,1.9502,1.9197,1.9189,1.9155,1.9142,1.9743,1.9747,1.9344,1.9251,1.8971,1.8683,1.8263,1.7691,1.7553,1.7374,1.7869,1.8307,1.895,1.902,1.9142,1.9054,1.9121,1.9306,1.93,1.912,1.91,1.8769,1.8603,1.8569,1.8596,1.857,1.8464,1.8147
1.7564,1.6983,1.6369,1.5372,1.4571,1.3899,1.3222,1.2049,1.1144,1.078,1.0691,1.0215,1.0281,1.4071,1.6159,1.5966,1.7388,1.8308,2.0649,1.945,2.0108,1.9907,2.0867,2.1822,2.2156,2.3186,2.3539,2.4044,2.4724,2.4798,2.6242,2.5547,2.6249,2.6104,2.7004,2.7237,1.8781,1.8861,1.8925,1.9004,1.9368,1.9078,1.8939,1.9064,1.8967,1.9035,1.9187,1.9086,1.9407,2.0184,2.0401,1.9672,1.9438,1.9156,1.8986,1.8658,1.8431,1.8102,1.73,1.6222,1.5955,1.5532,1.5057,1.513,1.5156,1.489
1.4545,1.4525,1.508,1.5517,1.4594,1.4346,1.4353,1.5622,1.6697,1.6124,1.6727,1.7274,1.7672,1.8434,1.7579,1.7526,1.8229,1.8788,1.9585,1.9996,1.9961,2.1339,2.1387,2.1483,2.1816,2.2818,2.3488,2.3635,2.4291,2.4129,2.351,2.3632,2.4443,2.4917,2.5386,1.8847,1.8807,1.9217,1.8791,1.8912,1.9323,1.9303,1.9327,1.9302,1.902,1.8947,1.8774,1.883,1.877,1.8956,1.8809,1.9002,1.9131,1.9038,1.9018,1.9089,1.9013,1.9169,1.918,1.9505,1.9281,1.8454,1.766,1.6508,1.6017,1.6487
1.3698,1.3094,1.4889,1.3833,1.4354,1.3966,1.3471,1.3058,1.3517,1.3145,1.3667,1.3648,1.5915,1.7242,1.7865,1.8409,1.832,1.9254,2.1044,2.1287,2.0216,2.1862,2.2284,2.1956,2.1939,2.2616,2.2554,2.239,2.317,2.3572,2.4127,2.4652,2.4964,2.5278,1.994,1.935,1.8891,1.8299,1.7828,1.7528,1.7144,1.725,1.7885,1.7597,1.8569,1.8691,1.8196,1.7895,1.6694,1.6384,1.6504,1.5758,1.504,1.4432,1.4895,1.4803,1.4974,1.6916,1.6528,1.5189,1.5374,1.7151,1.6741,1.6489,1.6338,1.6375
1.741,1.779,1.84,1.8711,1.9658,1.9401,1.8919,1.9869,2.1652,2.201,2.2002,2.1827,2.2102,2.301,2.2776,2.2781,2.2964,2.3018,2.2994,2.3162,2.2909,2.2843,2.3116,2.2748,2.2605,2.2656,2.2423,2.2041,2.2671,2.2124,2.1075,2.0941,2.1919,2.417,1.884,1.9958,1.9873,1.9572,1.9554,1.923,1.906,1.8871,1.8652,1.8762,1.9272,1.9257,1.9777,1.9337,1.8734,1.8551,1.87,1.9078,1.7994,1.7793,1.8231,1.8732,1.8743,1.8456,1.8243,1.7904,1.784,1.8025,1.7975,1.7509,1.6978,1.6956
1.6534,1.5797,1.4827,1.4891,1.4672,1.4078,1.334,1.3259,1.3647,1.489,1.6092,1.5721,1.6742,1.7324,1.7607,1.8346,1.8131,1.9168,1.8963,1.905,1.9592,1.9896,2.0496,2.0114,2.1042,2.0884,2.1234,2.1693,2.2098,2.3899,2.5078,2.5218,2.5567,2.6021,1.8961,1.8895,1.8846,1.9284,1.9381,2.0134,1.9733,1.9488,1.924,1.9141,1.913,1.8988,1.8762,1.897,1.8905,1.855,1.8273,1.7873,1.8105,1.8218,1.8602,1.7948,1.873,1.9128,1.9192,1.9223,1.8806,1.8217,1.7519,1.7538,1.7301,1.7359
1.7609,1.7385,1.7631,1.7708,1.7335,1.6861,1.6328,1.5813,1.4774,1.3839,1.381,1.3738,1.3517,1.3652,1.4741,1.4741,1.5928,1.7205,1.7004,1.6764,1.7677,1.8304,1.908,2.0068,1.9063,1.9736,2.1114,2.1032,2.1753,2.3125,2.4256,2.4906,2.4952,2.5559,1.8903,1.9127,1.8928,1.9062,1.9084,1.9037,1.9143,1.9142,1.9278,1.9323,1.933,1.9418,1.9286,1.9277,1.9272,1.8526,1.8378,1.8047,1.873,1.7504,1.7572,1.6885,1.642,1.5624,1.4883,1.4393,1.4531,1.4396,1.4805,1.5052,1.5235,1.6217
1.541,1.4215,1.4087,1.4472,1.5915,1.6125,1.6921,1.7752,1.8558,1.8533,1.8854,1.9762,2.0186,2.0653,2.0779,2.0763,2.0977,2.0889,2.0595,2.0958,2.1367,2.166,2.188,2.2403,2.2421,2.2462,2.3082,2.3764,2.432,2.4039,2.4321,2.4181,2.4606,2.4853,1.8864,1.911,1.9063,1.9339,1.8939,1.8997,1.9099,1.8994,1.9011,1.8889,1.8837,1.9386,1.9715,1.9952,1.9916,1.9471,1.914,1.841,1.874,1.7828,1.7941,1.7204,1.6354,1.5579,1.5569,1.538,1.5564,1.5472,1.5188,1.5072,1.5483,1.541
1.4968,1.4987,1.4388,1.5273,1.6011,1.6201,1.6664,1.7161,1.7257,1.7757,1.8268,1.8976,1.8829,1.9454,1.9427,2.0524,1.9824,2.0131,2.0735,2.1306,2.1887,2.2339,2.2416,2.3521,2.3252,2.2975,2.32,2.3234,2.35,2.3752,2.3943,2.4171,2.4119,2.4214,1.9216,1.9426,1.9241,1.932,1.9438,1.9794,1.9757,1.9907,1.9859,1.9786,1.9374,1.8813,1.8218,1.801,1.7676,1.784,1.7979,1.7902,1.7708,1.8,1.8026,1.7452,1.7524,1.6765,1.7112,1.6587,1.6619,1.6855,1.6236,1.5515,1.4864,1.4778
1.4845,1.5143,1.5584,1.4531,1.5477,1.5582,1.583,1.5528,1.5605,1.6218,1.5809,1.7151,1.736,1.794,1.8296,1.8873,2.0093,2.1807,2.2028,2.169,2.2771,2.2661,2.3063,2.34,2.3567,2.3278,2.4077,2.4009,2.389,2.3913,2.4448,2.4606,2.5044,2.5221,1.9429,1.929,1.907,1.9128,1.9166,1.9194,1.9378,1.9757,1.9567,1.9224,1.8887,1.8017,1.7933,1.8376,1.9116,1.8155,1.8129,1.7715,1.7891,1.8205,1.8784,1.9368,1.9429,1.9448,1.9229,1.917,1.9017,1.8676,1.842,1.8024,1.7209,1.6422
1.5965,1.5565,1.5016,1.4155,1.3253,1.2355,1.1873,1.164,1.3275,1.2997,1.2154,1.5511,1.6992,1.7298,1.8892,1.8628,1.9133,1.9343,2.0609,2.1963,2.2167,2.1253,2.1359,2.1593,2.2052,2.1771,2.2022,2.307,2.3794,2.3649,2.4088,2.4453,2.464,2.5464,1.9209,1.8723,1.8746,1.9209,1.8839,1.8858,1.9263,1.9165,1.9195,1.9266,1.9217,1.9174,1.8796,1.9038,1.9114,1.9648,1.9348,1.9232,1.874,1.8941,1.867,1.8277,1.761,1.6981,1.6597,1.6327,1.5388,1.3912,1.3376,1.2651,1.2835,1.322
1.316,1.35,1.3388,1.406,1.5593,1.5383,1.6229,1.6614,1.7341,1.8637,1.885,1.897,1.9069,1.8816,1.9258,2.0916,2.0948,2.1644,2.1625,2.2091,2.2478,2.329,2.3817,2.3926,2.348,2.3654,2.4305,2.4657,2.4763,2.4912,2.4723,2.4434,2.4398,2.452,1.9051,1.9023,1.9048,1.8944,1.9065,1.9085,1.8814,1.9049,1.9001,1.8812,1.8839,1.8952,1.8934,1.8926,1.886,1.9335,1.9083,1.9155,1.9526,1.9351,1.9247,1.9351,1.953,1.9577,1.9639,1.947,1.9675,1.858,1.7894,1.626,1.5057,1.3208
1.2098,1.1809,1.2185,1.2411,1.173,1.1599,1.194,1.2831,1.2233,1.2604,1.405,1.4706,1.6132,1.7221,1.7685,1.7484,2.0163,2.1048,2.1977,2.288,2.3137,2.4538,2.3994,2.4167,2.3962,2.4784,2.4908,2.4792,2.567,2.6035,2.6076,2.6339,2.6301,2.644,1.9467,1.9175,1.8976,1.8702,1.8677,1.8712,1.861,1.821,1.8634,1.8876,1.8406,1.8947,1.9178,1.9145,1.9472,1.9139,1.9126,1.9088,1.8965,1.8979,1.8839,1.8838,1.8948,1.8988,1.9332,1.9497,1.9846,2.027,2.0626,2.0051,1.9523,1.9108
1.837,1.8244,1.7697,1.7589,1.6708,1.6485,1.5756,1.5148,1.3638,1.2617,1.2224,1.1903,1.2336,1.2431,1.1703,1.1623,1.5743,1.7057,1.5344,1.4799,1.6299,1.7703,1.8405,1.8906,1.9068,1.9829,2.049,2.0127,2.0127,2.2455,2.3421,2.3775,2.4043,2.5547,1.9095,1.9078,1.8979,1.8906,1.8853,1.8892,1.9008,1.9257,1.9113,1.9065,1.8897,1.8835,1.8998,1.929,1.8863,1.9258,1.9503,1.9384,1.9348,1.954,1.9804,2.0498,2.1522,2.1527,2.0306,1.9186,1.7495,1.5734,1.5236,1.5052,1.5511,1.4136
1.4486,1.5373,1.4669,1.3556,1.3412,1.3152,1.272,1.2558,1.1576,1.125,1.2851,1.4261,1.5867,1.6156,1.7833,1.8744,2.0135,2.0378,1.9803,2.032,2.1389,2.1591,2.3061,2.3554,2.3768,2.3762,2.4,2.4369,2.4609,2.4988,2.5798,2.5842,2.6093,2.627,1.9079,1.8961,1.8896,1.8823,1.8884,1.8832,1.886,1.9063,1.9219,1.9232,1.9326,1.9341,1.8879,1.9173,1.9336,1.9277,1.9472,1.9958,1.9633,1.9371,1.8929,1.8763,1.8343,1.8323,1.8497,1.8445,1.8159,1.8342,1.8886,1.894,1.8348,1.7009
1.5968,1.4788,1.4124,1.3827,1.3778,1.3818,1.4132,1.446,1.3529,1.4092,1.4503,1.2568,1.3259,1.4175,1.4208,1.5167,1.5625,1.6166,1.7683,1.8904,1.9931,2.1002,2.1693,2.1159,2.2125,2.2207,2.277,2.2862,2.4292,2.4443,2.4794,2.4629,2.4964,2.5888,1.9119,1.9045,1.8936,1.9068,1.8947,1.9043,1.9211,1.8815,1.8514,1.9136,1.8488,1.9072,1.9431,1.9879,1.9449,1.915,1.8723,1.8448,1.8287,1.8377,1.8489,1.8287,1.8113,1.7234,1.6286,1.5828,1.4996,1.5274,1.4498,1.4741,1.4714,1.4727
1.332,1.2133,1.1972,1.2704,1.2991,1.1862,1.1696,1.5641,1.5966,1.7646,1.9172,2.0557,2.229,2.3338,2.2076,2.3664,2.3682,2.3505,2.2979,2.253,2.1997,2.2051,2.1825,2.2396,2.2772,2.3371,2.3684,2.3611,2.4703,2.5623,1.9684,1.9403,1.9089,1.8449,1.7896,1.7435,1.6843,1.6282,1.6416,1.685,1.7061,1.705,1.681,1.5979,1.5754,1.5758,1.5611,1.4305,1.484,1.4794,1.5326,1.562,1.5089,1.4629,1.4675,1.4676,1.4512,1.5597,1.6177,1.7466,1.7901,1.8625,1.9652,2.0769,2.2312,2.3338
2.2431,2.2874,2.3029,2.3087,2.2359,2.2504,2.2164,2.2394,2.2231,2.2588,2.2339,2.2041,2.2362,2.2504,2.2708,2.2336,2.2043,2.1645,2.137,2.131,2.1627,2.2059,2.2566,2.2247,2.0751,2.0468,2.0608,2.2213,2.4073,2.446,1.9388,1.8942,1.9362,1.9686,2.0005,1.9753,1.9619,1.9113,1.8997,1.876,1.8756,1.8186,1.7754,1.782,1.8842,1.9484,1.8657,1.831,1.8283,1.8412,1.8597,1.8556,1.8256,1.7784,1.7534,1.6737,1.7268,1.5384,1.4468,1.4425,1.4149,1.4213,1.3126,1.348,1.448,1.3909
1.3184,1.4182,1.5684,1.6618,1.7131,1.7481,1.8099,1.9395,1.9659,2.0777,2.0598,2.0828,2.0767,2.0943,2.0963,2.2209,2.1982,2.2286,2.2347,2.2533,2.2723,2.3033,2.3354,2.4249,2.4873,2.4892,2.4794,2.4355,2.3933,2.4897,2.0206,1.9929,1.9107,1.9047,1.8996,1.8391,1.8581,1.872,1.8229,1.8011,1.778,1.8348,1.8472,1.824,1.8182,1.8565,1.8473,1.8352,1.815,1.8135,1.8604,1.7986,1.7815,1.7727,1.7302,1.6928,1.6487,1.6089,1.6114,1.5431,1.5133,1.4321,1.4577,1.4423,1.4131,1.5068
1.518,1.6043,1.6059,1.6496,1.7299,1.7285,1.7402,1.8343,1.9118,1.9164,1.9987,2.0559,2.0305,2.0697,2.1085,2.1133,2.0865,2.1578,2.2416,2.2564,2.2343,2.302,2.3373,2.3535,2.3918,2.4428,2.477,2.5023,2.4729,2.4998,1.8962,1.8782,1.8872,1.9048,1.9127,1.8533,1.7896,1.8154,1.8341,1.793,1.8051,1.7698,1.7374,1.7,1.6911,1.5991,1.5908,1.5242,1.5009,1.375,1.4373,1.4542,1.424,1.2614,1.4844,1.657,1.6947,1.8092,1.8305,1.8998,1.9071,1.9691,2.0427,2.0878,2.0217,2.0236
2.0131,2.0198,1.9756,1.9463,2.0554,2.0839,2.0955,2.1144,2.0968,2.0906,2.1725,2.2064,2.1833,2.1523,2.1786,2.1867,2.1792,2.1391,2.1613,2.2552,2.3328,2.3302,2.3243,2.3164,2.2667,2.2128,2.1341,2.1264,2.3339,2.5766,1.9245,1.9187,1.9297,1.9024,1.9092,1.8993,1.8846,1.8975,1.8994,1.8874,1.8946,1.929,1.933,1.9785,2.0086,1.965,1.9556,2.0002,2.0012,2.027,1.9527,1.8456,1.7289,1.6168,1.6015,1.6305,1.6599,1.6657,1.5967,1.5571,1.5328,1.4883,1.4214,1.4623,1.5447,1.5334
1.3035,1.4428,1.6122,1.7302,1.5916,1.6225,1.7693,1.89,1.9542,1.9845,1.932,1.8431,1.83,1.8717,1.943,1.8862,1.9107,1.9492,1.8969,1.9878,2.0991,2.1505,2.2288,2.2279,2.2514,2.344,2.4232,2.4206,2.5081,2.5489,1.9249,1.9154,1.9125,1.9052,1.9045,1.8925,1.8795,1.8774,1.891,1.9087,1.9385,1.9929,2.0098,2.0668,2.0099,2.0641,1.9439,1.894,1.8147,1.7387,1.6565,1.5208,1.4241,1.2571,1.1586,1.0153,1.03,1.0321,1.0007,1.2887,1.3563,1.4349,1.6391,1.5452,1.5702,1.6073
1.8021,1.9905,1.944,1.9065,2.0687,2.071,2.145,2.226,2.2781,2.4195,2.4832,2.4259,2.3942,2.3926,2.4183,2.4368,2.3779,2.3534,2.3346,2.247,2.3221,2.3251,2.3338,2.3156,2.4074,2.3833,2.3372,2.298,2.311,2.4203,1.9328,1.9241,1.9661,1.9875,1.863,1.7827,1.7425,1.7009,1.7682,1.7852,1.8249,1.8196,1.8305,1.8373,1.8757,1.8775,1.8783,1.8755,1.8485,1.8566,1.7909,1.7337,1.6759,1.609,1.4795,1.3362,1.2291,1.1244,1.0762,1.1725,1.3251,1.2945,1.4334,1.341,1.5703,1.8495
1.8141,1.7782,2.0552,2.1649,2.1838,2.1557,2.1226,2.2066,2.2773,2.1915,2.1415,2.1952,2.1615,2.2277,2.2966,2.4017,2.4444,2.4841,2.4476,2.4455,2.4363,2.3719,2.3815,2.4291,2.4027,2.3386,2.1496,2.0633,2.2183,2.3737,1.9196,1.9262,1.906,1.8848,1.8926,1.9321,1.8714,1.9104,1.9655,1.9279,1.9302,1.941,1.9679,1.9941,1.954,1.9339,1.8929,1.8403,1.8459,2.024,1.8872,1.926,1.8946,1.881,1.8774,1.8367,1.817,1.8026,1.7825,1.8196,1.7674,1.809,1.7806,1.7866,1.7392,1.6848
1.6606,1.6313,1.5681,1.505,1.4287,1.296,1.2779,1.3507,1.3399,1.2292,1.3362,1.3787,1.431,1.4441,1.4594,1.6223,1.6733,1.7891,1.833,2.048,2.2027,2.254,2.2761,2.3655,2.4113,2.4313,2.4302,2.458,1.9113,1.8903,1.8925,1.8973,1.8812,1.8955,1.9037,1.9266,1.9259,1.9309,1.9264,1.9458,1.9753,1.95,1.9479,1.9643,1.9789,1.9064,1.8612,1.8203,1.7597,1.7264,1.7029,1.742,1.6478,1.4751,1.2524,1.0562,1.0196,1.0597,1.1976,1.2704,1.3007,1.5008,1.3375,1.3591,1.6044,1.6601
1.7452,1.8364,1.9763,2.182,2.2795,2.1362,2.2904,2.3226,2.3121,2.2559,2.3001,2.2445,2.1758,2.1897,2.2028,2.2369,2.2987,2.3564,2.3629,2.4032,2.4245,2.4362,2.3777,2.2935,2.2257,2.2324,2.2036,2.403,1.9009,1.8873,1.8961,1.8994,1.9258,1.9233,1.9263,1.8669,1.8711,1.824,1.8298,1.8446,1.8616,1.8127,1.8241,1.8671,1.7648,1.7106,1.7609,1.7046,1.677,1.6577,1.6993,1.7328,1.6431,1.5734,1.5043,1.5364,1.5731,1.4288,1.5337,1.573,1.5653,1.5561,1.5716,1.4959,1.4674,1.5854
1.6984,1.6838,1.6092,1.7448,1.9905,1.9928,2.032,2.1005,2.211,2.2122,2.2618,2.35,2.3406,2.3656,2.3726,2.4013,2.4466,2.4729,2.4468,2.4657,2.4521,2.4474,2.4464,2.4003,2.2784,2.1721,2.2567,2.4385,1.9954,1.9578,1.9828,1.9584,1.9086,1.8897,1.8161,1.7545,1.7635,1.7461,1.8729,1.8658,1.8582,1.8067,1.8124,1.7047,1.6264,1.5021,1.4067,1.3342,1.2526,1.2778,1.362,1.1889,1.2854,1.4187,1.4221,1.3577,1.4212,1.6053,1.7203,1.7834,1.8039,1.9879,2.139,2.1159,2.1804,2.388
2.2725,2.2286,2.1474,2.2004,2.1277,2.1944,2.1825,2.2746,2.3782,2.3514,2.3534,2.4665,2.4644,2.4121,2.3288,2.3065,2.267,2.2911,2.2741,2.2076,2.1289,2.0178,2.028,2.296,2.5255,2.3976,2.1447,3.1817,1.8725,1.8987,1.8925,1.8871,1.9084,1.9108,1.9565,2.0427,1.9805,1.9811,1.9889,1.8866,1.856,1.8555,1.8437,1.8249,1.8485,1.8856,1.8956,1.9017,1.9213,1.8448,1.8754,1.89,1.9006,1.8677,1.87,1.8022,1.6965,1.5861,1.5433,1.5276,1.4963,1.4664,1.4309,1.432,1.4775,1.4435
1.4342,1.4487,1.4328,1.4363,1.4599,1.4139,1.5553,1.6932,1.737,1.7004,1.8748,1.9344,2.0088,2.114,2.1045,2.1061,2.1164,2.1174,2.1881,2.2417,2.2626,2.341,2.3371,2.3217,2.3783,2.3996,2.452,2.4834,1.9263,1.9438,1.9296,1.9112,1.9153,1.9055,1.9107,1.8933,1.8737,1.8505,1.8548,1.8797,1.8915,1.8954,1.8907,1.8662,1.8387,1.8628,1.7843,1.7424,1.7364,1.6746,1.5988,1.5257,1.4638,1.3644,1.3366,1.3341,1.2789,1.2438,1.2991,1.434,1.4121,1.4338,1.5311,1.4882,1.6784,2.0372
2.0932,1.9269,1.8884,1.99,2.0785,2.2121,2.1818,2.1962,2.1728,2.2552,2.2991,2.4394,2.491,2.473,2.407,2.4456,2.4278,2.3837,2.37,2.3478,2.2921,2.2389,2.2231,2.1895,2.1692,2.2678,2.4718,2.5375,1.8363,1.8097,1.6997,1.714,1.7583,1.8744,1.9141,1.9625,1.9746,1.9567,1.9276,1.9098,1.8388,1.8132,1.7879,1.8088,1.8754,1.9049,1.9564,1.9656,1.9802,1.9641,1.919,1.8823,1.8742,1.8484,1.836,1.8506,1.7839,1.8051,1.7886,1.7191,1.811,1.957,1.8236,2.0501,2.1523,2.2307
2.0598,1.9598,1.8979,1.9387,1.9483,1.9011,2.0001,2.0312,1.893,1.9433,1.8858,1.7742,1.7717,1.8631,1.7873,1.7011,1.6209,1.7338,1.4116,1.5174,1.7655,1.9518,1.9265,2.1555,2.4533,2.8347,3.1131,3.1816,3.1396,3.0187,2.9656,2.8353,2.7146,2.529,2.3755,2.3084,2.321,2.2923,2.246,2.2317,2.1815,1.962,1.8016,1.7507,1.6728,1.6414,1.5946,1.5324,1.4452,1.293,1.2092,1.0378,1.0362,0.92211,0.86452,0.95877,1.1119,1.1109,1.1715,1.5309,1.7617,1.5818,1.7271,2.1945,2.4364,2.3453
2.3568,2.4668,2.596,2.7689,2.7168,2.5986,2.6459,2.7581,2.7772,1.8975,1.9043,1.8803,1.8739,1.8791,1.8665,1.8678,1.854,1.8376,1.8465,1.852,1.8678,1.828,1.833,1.8331,1.7842,1.7601,1.7573,1.7596,1.7221,1.6856,1.684,1.6836,1.6901,1.6562,1.6593,1.6763,1.7591,1.8308,1.777,1.8128,1.8512,1.8444,1.6969,1.6555,1.7811,1.7695,1.5499,1.4654,1.6339,1.7228,1.5106,1.3104,1.5105,1.6954,1.7086,1.5011,1.5888,1.8468,1.9264,1.8608,1.8714,2.0492,2.3693,2.4353,2.2262,2.1926
2.3323,2.3123,2.2821,2.3165,2.3887,2.3829,2.399,2.5925,2.6611,1.9036,1.8882,1.8755,1.8802,1.8955,1.889,1.8796,1.8531,1.8609,1.855,1.8578,1.8504,1.8357,1.8493,1.8194,1.8234,1.8388,1.8454,1.8454,1.8625,1.8633,1.8632,1.8402,1.8694,1.8689,1.8427,1.8593,1.8808,1.83,1.8267,1.8432,1.9163,1.9311,1.9175,1.9423,2.0549,2.0899,2.0632,2.0405,2.1133,2.1353,2.1049,2.1491,2.2057,2.2158,2.26,2.2307,2.2802,2.4365,2.5505,2.508,2.5568,2.7213,2.7281,1.9097,1.88,1.8908
1.8973,1.9178,1.9215,1.865,1.8885,1.8952,1.8673,1.8455,1.8382,1.8441,1.8326,1.8468,1.8517,1.8242,1.7975,1.8085,1.7896,1.7578,1.7164,1.6703,1.6865,1.687,1.6934,1.611,1.4832,1.4275,1.4824,1.542,1.5078,1.5307,1.5591,1.5681,1.514,1.5906,1.8273,1.8384,1.6116,1.5762,1.9028,1.9442,1.6481,1.7067,1.9662,1.9567,1.8197,1.8465,2.0005,2.1816,2.171,2.062,2.0245,2.0787,2.1516,2.28,2.2956,2.2383,2.2704,2.3741,2.3726,2.2173,2.1753,2.419,2.5714,1.9016,1.8878,1.912
1.9043,1.9245,1.9051,1.9048,1.9134,1.9141,1.9151,1.9006,1.9108,1.9156,1.9026,1.9126,1.9079,1.9095,1.8792,1.8985,1.9069,1.9205,1.9036,1.9066,1.9202,1.8988,1.8867,1.8777,1.8799,1.8734,1.8747,1.8501,1.8661,1.849,1.8327,1.8544,1.8672,1.8362,1.7688,1.7573,1.7713,1.7977,1.777,1.8029,1.8377,1.8615,1.8278,1.8044,1.8632,1.8857,1.9096,1.8834,1.8671,1.8659,1.9842,1.9519,1.9965,2.184,2.2988,2.182,2.1735,2.3601,2.4386,2.3486,2.3767,2.5568,2.6293,1.9131,1.9157,1.9023
1.8913,1.8877,1.9067,1.8824,1.8726,1.896,1.8474,1.8459,1.8533,1.878,1.8455,1.8291,1.8192,1.8235,1.8084,1.789,1.7469,1.7644,1.7474,1.7466,1.762,1.6851,1.7291,1.7522,1.7189,1.6703,1.6416,1.5544,1.5211,1.6115,1.6173,1.4517,1.368,1.4771,1.6108,1.6643,1.5707,1.639,1.772,1.7597,1.6848,1.6446,1.75,1.8396,1.72,1.6596,1.8972,2.1665,2.0985,1.8774,2.0067,2.1751,2.2434,2.3009,2.2768,2.2724,2.3549,2.387,2.464,2.5057,2.4835,2.5408,2.703,1.9166,1.9176,1.9171
1.9175,1.9114,1.9158,1.9045,1.8926,1.9095,1.8989,1.902,1.8883,1.8919,1.9219,1.9243,1.9095,1.8814,1.8677,1.8745,1.8719,1.846,1.8583,1.8447,1.872,1.8479,1.8525,1.8411,1.8315,1.8221,1.8477,1.8879,1.8504,1.8328,1.8721,1.8867,1.8942,1.8723,1.8873,1.9141,1.9133,1.8862,1.8732,1.862,1.9256,1.9517,1.9595,1.9993,2.0461,2.0409,1.959,2.0114,2.1194,2.1704,2.0881,2.0614,2.1894,2.2644,2.2172,2.168,2.1895,2.3176,2.4447,2.4733,2.4749,2.4868,2.5401,1.903,1.9099,1.8918
1.8841,1.8866,1.8761,1.9041,1.8737,1.8906,1.8918,1.8754,1.8601,1.8658,1.8674,1.8649,1.854,1.8482,1.79,1.7771,1.7775,1.798,1.7917,1.7396,1.7303,1.7404,1.6896,1.6295,1.607,1.6238,1.6224,1.6244,1.6897,1.6187,1.5745,1.7036,1.7263,1.6394,1.4986,1.4539,1.5873,1.5621,1.4883,1.5664,1.707,1.7055,1.6755,1.8249,2.0165,1.9862,1.7583,1.8033,2.0766,2.2324,1.9603,1.9164,2.1478,2.3422,2.2092,2.1446,2.3326,2.5116,2.4818,2.3609,2.3896,2.5179,2.5315,1.8811,1.9007,1.8994
1.9183,1.8977,1.9028,1.8925,1.9074,1.9166,1.9027,1.8753,1.8514,1.8511,1.8432,1.8632,1.8849,1.8499,1.827,1.7732,1.8099,1.8865,1.8856,1.8536,1.8598,1.8547,1.906,1.8886,1.8445,1.8196,1.8645,1.8412,1.8089,1.8188,1.8922,1.9253,1.8655,1.8136,1.9212,2.0332,1.9683,1.8175,1.8981,2.0111,2.037,2.0004,1.94,1.9441,2.0922,2.1739,2.0753,2.075,2.1892,2.2166,2.1701,2.249,2.3899,2.3652,2.2745,2.3317,2.3928,2.489,2.5466,2.5503,2.5652,2.5542,2.5866,1.7089,1.6905,1.6904
1.7217,1.7682,1.8906,1.9741,2.05,2.0458,1.9735,2.0913,2.2801,2.3141,2.3002,2.3757,2.4943,2.5466,2.5986,2.6346,2.6363,2.6634,1.9124,1.8898,1.8942,1.9107,1.8937,1.9022,1.9091,1.9043,1.912,1.9021,1.8903,1.9104,1.9136,1.8906,1.9301,1.9129,1.9086,1.9229,1.8986,1.8923,1.893,1.8952,1.8987,1.8722,1.9199,1.8966,1.8866,1.8887,1.8752,1.8548,1.8384,1.8134,1.8092,1.8218,1.8154,1.7937,1.7939,1.7933,1.824,1.821,1.7793,1.8174,1.8453,1.8303,1.826,1.8495,1.8973,1.9256
1.9951,2.0227,2.0366,2.0663,2.1445,2.1963,2.1899,2.1895,2.1657,2.2154,2.2135,2.2577,2.3269,2.3529,2.3907,2.5233,2.6195,2.6512,1.9049,1.893,1.8904,1.9014,1.9018,1.9125,1.9167,1.8939,1.9165,1.912,1.8927,1.8773,1.8699,1.8959,1.8857,1.8564,1.8376,1.804,1.7991,1.8297,1.8212,1.8096,1.7722,1.7672,1.7763,1.7678,1.7156,1.5827,1.5259,1.6531,1.5802,1.5147,1.4709,1.5022,1.5517,1.5051,1.5666,1.6023,1.6653,1.6281,1.5828,1.5746,1.6807,1.7826,1.598,1.4913,1.744,1.8473
1.7121,1.7035,1.8813,2.024,1.9952,1.9562,2.0125,2.1637,2.2986,2.2755,2.1917,2.2169,2.3791,2.4578,2.4127,2.3451,2.4777,2.5402,1.8854,1.8749,1.8796,1.8754,1.8767,1.9062,1.8974,1.8721,1.8907,1.9263,1.9527,1.9006,1.905,1.9419,1.9174,1.9069,1.8768,1.893,1.9151,1.9218,1.9292,1.8961,1.8519,1.8774,1.9052,1.8842,1.9007,1.9237,1.9354,1.9093,1.8363,1.8561,1.8746,1.8214,1.8529,1.9528,1.8389,1.7694,1.8077,1.8625,1.8855,1.8291,1.8097,1.8187,1.865,1.7797,1.6839,1.6838
1.7431,1.6945,1.7521,2.0489,2.1752,2.1906,2.2746,2.3583,2.2798,2.2593,2.3557,2.2962,2.3349,2.5526,2.6326,2.8456,3.0143,1.9061,1.9167,1.9063,1.8852,1.9073,1.9095,1.9477,1.8727,1.8969,1.8863,1.8831,1.8937,1.8969,1.8818,1.8671,1.84,1.8549,1.8462,1.8241,1.8323,1.8391,1.832,1.8088,1.7709,1.7437,1.7476,1.6995,1.6432,1.6561,1.6289,1.582,1.4521,1.404,1.4642,1.4793,1.5094,1.4959,1.535,1.4762,1.4986,1.5862,1.6617,1.583,1.4545,1.6534,1.8967,1.744,1.5328,1.8316
2.1497,2.0245,1.7863,1.9736,2.2408,2.4246,2.2089,2.0994,2.1723,2.348,2.4376,2.4486,2.4405,2.511,2.4909,2.5121,1.9178,1.9003,1.8854,1.89,1.8831,1.868,1.869,1.9186,1.911,1.8909,1.8617,1.8845,1.9092,1.8986,1.8803,1.8855,1.8473,1.9624,1.8737,1.9191,1.8651,1.8186,1.8888,1.8995,1.857,1.8737,1.8924,1.8642,1.8907,1.8748,1.8487,1.8292,1.8407,1.8314,1.8054,1.7694,1.8158,1.8481,1.8195,1.8075,1.8745,1.9047,1.8545,1.8228,1.9297,1.9615,1.944,1.9335,1.9166,1.9228
1.9464,2.0333,2.0186,2.0759,2.2977,2.3759,2.3019,2.3341,2.3872,2.4021,2.4186,2.4283,2.4722,2.5346,2.6315,2.677,1.8831,1.9018,1.922,1.902,1.876,1.8816,1.8859,1.9053,1.88,1.8367,1.8252,1.824,1.8314,1.8332,1.8191,1.7843,1.7757,1.8008,1.7814,1.7254,1.6722,1.6535,1.7249,1.7025,1.6602,1.7036,1.7069,1.8005,1.789,1.6757,1.5776,1.6119,1.7602,1.6849,1.6614,1.6633,1.687,1.5481,1.5262,1.6971,1.7137,1.4882,1.4152,1.6351,1.8467,1.6813,1.5447,1.7279,2.0783,1.9758
1.7267,1.9568,2.2561,2.2751,2.0631,2.1263,2.3147,2.2638,2.1942,2.2663,2.4373,2.3841,2.3679,2.4347,2.5349,2.5816,1.8846,1.9164,1.8814,1.9138,1.8874,1.9166,1.9125,1.9017,1.8982,1.8914,1.8796,1.899,1.8751,1.8801,1.8629,1.8855,1.8724,1.8634,1.8686,1.8124,1.8085,1.867,1.9099,1.7921,1.8446,1.8823,1.8724,1.8869,1.9633,2.1058,1.8961,1.6899,1.799,2.0185,2.0517,1.9559,1.9221,2.1536,2.1998,2.0665,2.1267,2.226,2.1554,2.1047,2.1669,2.1614,2.0384,2.0742,2.1629,2.1034
2.0442,2.2135,2.3721,2.424,2.4697,2.5947,2.8349,3.1377,2.8491,2.4384,2.6112,1.9034,1.9656,1.9852,1.9966,1.9902,1.9159,1.9044,1.8786,1.8805,1.8342,1.8233,1.7865,1.826,1.8516,1.9145,1.9315,1.8733,1.8497,1.9576,1.9833,1.9763,2.0185,1.9919,1.9246,1.8844,1.8345,1.8055,1.7931,1.7971,1.8232,1.8504,1.8654,1.8739,1.8369,1.7974,1.7774,1.8872,1.9798,2.015,1.9375,1.8817,1.8502,1.7524,1.7398,1.8758,2.1457,2.0196,1.7566,1.9429,2.3472,2.2139,1.9567,2.0495,2.3295,2.2235
2.0739,2.1765,2.2467,2.3067,2.3062,2.4308,2.6381,2.6964,2.5912,2.607,2.7816,2.0413,1.8797,1.9195,1.89,1.9187,1.9327,1.9263,1.9257,1.9146,1.9458,1.8832,1.9054,1.8419,1.8675,1.8255,1.8012,1.8018,1.9058,1.9586,1.884,1.8486,1.7724,1.6438,1.6511,1.7212,1.7705,1.7778,1.6887,1.6023,1.5301,1.5069,1.425,1.3879,1.3146,1.3065,1.3362,1.2779,1.291,1.3406,1.4793,1.5072,1.5818,1.6594,1.6655,1.5791,1.6568,1.845,2.1078,2.2269,2.2428,2.2603,2.3127,2.3085,2.3522,2.4128
2.4392,2.4809,2.4772,2.444,2.5711,2.5794,2.5464,2.5354,2.5471,2.5877,2.5834,1.9122,1.9143,1.8995,1.9114,1.9325,1.9211,1.9205,1.8959,1.8998,1.9092,1.9135,1.9133,1.938,1.9074,1.8999,1.9013,1.8784,1.8802,1.863,1.8775,1.9012,1.8777,1.8568,1.8612,1.8702,1.8769,1.8531,1.8539,1.8914,1.9103,1.9544,1.9287,1.8718,1.822,1.7767,1.82,1.8666,1.8238,1.798,1.8562,1.9183,1.9518,1.9546,1.9982,2.1135,2.0569,2.0445,2.007,2.1579,2.0723,2.034,2.2349,2.3202,2.13,2.0287
2.1366,2.1716,2.1533,2.1288,2.1191,2.189,2.1981,2.214,2.2271,2.413,2.5746,2.4617,2.2666,2.3514,2.5796,1.8867,1.9095,1.8944,1.9236,1.9327,1.929,1.9233,1.9022,1.9082,1.9187,1.9173,1.9147,1.8956,1.8883,1.9031,1.8854,1.879,1.8683,1.9117,1.8923,1.9017,1.9246,1.8917,1.8744,1.8768,1.8561,1.83,1.8535,1.8904,1.884,1.8695,1.907,1.8878,1.9044,1.8812,1.8223,1.8287,1.8281,1.8614,1.9541,2.0171,2.0488,1.9755,1.9637,2.0749,2.1606,2.1733,2.1324,2.1307,2.1627,2.1211
2.0549,2.1118,2.1701,2.1563,2.1293,2.1344,2.1765,2.1379,2.0772,2.1673,2.294,2.3805,2.4843,2.508,1.9363,1.9012,1.8659,1.8657,1.9075,1.9396,1.9129,1.8742,1.8657,1.8963,1.8871,1.8772,1.8162,1.8228,1.8316,1.821,1.8374,1.789,1.7499,1.725,1.6447,1.6011,1.5852,1.5835,1.5597,1.566,1.5702,1.603,1.5343,1.457,1.5487,1.7363,1.7272,1.6532,1.7327,1.7977,1.8187,1.7445,1.7598,1.8283,1.8067,1.6825,1.6453,1.677,1.6833,1.6276,1.6623,1.7076,1.7819,1.8388,1.8937,1.9602
2.0712,2.1759,2.2803,2.417,2.4827,2.4736,2.4957,2.5842,2.646,2.6399,2.5813,2.6559,2.614,2.62,1.898,1.9132,1.8964,1.9233,1.914,1.9077,1.884,1.8722,1.8898,1.8808,1.8741,1.8858,1.9013,1.9001,1.9077,1.8885,1.8878,1.8875,1.9221,1.8937,1.909,1.9118,1.9284,1.8901,1.8728,1.8712,1.8584,1.8748,1.8603,1.8679,1.8568,1.815,1.8166,1.8912,1.9735,1.9973,1.999,2.078,2.1591,2.2557,2.2142,2.1497,2.1176,2.1346,2.1493,2.1487,2.1518,2.1934,2.1885,2.1748,2.2042,2.173
2.1337,2.132,2.1728,2.2181,2.2132,2.2824,2.3236,2.3279,2.2913,2.1912,2.0882,2.1306,2.2343,2.3293,1.9411,1.8861,1.9078,1.9002,1.8335,1.8633,1.8882,1.8465,1.8481,1.8455,1.8059,1.8158,1.8254,1.7975,1.7633,1.685,1.5988,1.6259,1.6606,1.6723,1.6884,1.6679,1.6114,1.5913,1.7058,1.6948,1.6268,1.6346,1.6286,1.6262,1.6135,1.6836,1.722,1.6979,1.7017,1.7456,1.7497,1.7477,1.8241,1.7768,1.6549,1.7107,1.8173,1.8886,1.8926,1.992,2.0926,2.1027,2.0329,2.034,2.0339,2.0919
2.0463,2.0838,2.1542,2.1976,2.2238,2.2963,2.3415,2.368,2.4132,2.3952,2.4328,2.4754,2.511,1.9038,1.9018,1.8986,1.894,1.8927,1.8861,1.9252,1.9168,1.8968,1.9058,1.8954,1.9015,1.9131,1.8773,1.8919,1.9133,1.8947,1.8991,1.8896,1.9106,1.8912,1.8836,1.9215,1.9216,1.9031,1.9099,1.9212,1.9123,1.8899,1.8783,1.8713,1.8585,1.8425,1.8151,1.8205,1.8226,1.8286,1.8205,1.7922,1.8202,1.862,1.8662,1.8198,1.901,2.0559,2.0944,2.079,2.0844,2.123,2.1791,2.2024,2.2143,2.2345
2.2718,2.329,2.355,2.3823,2.402,2.346,2.311,2.3405,2.3694,2.3383,2.3312,2.3412,2.3494,1.8843,1.878,1.9061,1.9166,1.8911,1.8507,1.856,1.8602,1.8388,1.7958,1.7558,1.8137,1.826,1.8102,1.7517,1.6764,1.6133,1.6212,1.584,1.5985,1.6661,1.6728,1.6372,1.6416,1.6528,1.6617,1.6505,1.6233,1.6506,1.6436,1.6696,1.7112,1.7291,1.7123,1.7713,1.8276,1.7887,1.6902,1.7833,1.9455,1.936,1.8844,1.9286,2.0235,2.0646,2.0228,1.9803,2.0249,2.0915,2.0931,2.0879,2.1005,2.1689
2.22,2.2335,2.2552,2.2888,2.3151,2.3151,2.2839,2.3025,2.3604,2.366,2.3538,2.388,2.4763,1.9115,1.9316,1.9451,1.9518,1.938,1.905,1.9051,1.8992,1.8887,1.8972,1.8958,1.9223,1.9297,1.9086,1.8895,1.879,1.9083,1.9254,1.9166,1.9033,1.8924,1.8884,1.9018,1.8986,1.9024,1.9016,1.906,1.914,1.9212,1.8948,1.8885,1.9039,1.9138,1.9228,1.9068,1.8746,1.8819,1.9225,1.9228,1.9057,1.8875,1.9206,1.8989,1.8805,1.862,1.8447,1.8599,1.84,1.8928,1.869,1.8793,1.8762,1.836
1.8747,1.89,1.837,1.8323,1.8525,1.8492,1.8498,1.8817,1.9156,1.9032,1.9299,1.9844,2.1241,2.1889,2.1721,2.2048,2.1588,2.0665,2.0762,2.0998,2.1465,2.0864,2.1005,2.1866,2.202,2.1921,2.193,2.2051,2.208,2.1771,2.1634,2.153,2.1657,2.1767,2.1827,2.2194,2.2501,2.167,2.0439,2.1111,2.2485,2.3376,1.8775,1.9274,1.9297,1.894,1.8917,1.8811,1.8802,1.8872,1.8569,1.8194,1.8302,1.8445,1.8279,1.7695,1.7224,1.7332,1.7608,1.7299,1.6539,1.6263,1.6918,1.721,1.6304,1.5174
1.4868,1.544,1.6131,1.6155,1.5972,1.5611,1.616,1.6669,1.6857,1.6317,1.7111,1.806,1.7514,1.7698,1.8652,1.8905,1.8171,1.7676,1.8947,1.9877,1.9492,1.9279,2.0221,2.0837,2.0844,2.0333,2.1178,2.1887,2.2097,2.1181,2.1041,2.2119,2.2747,2.2349,2.1731,2.2219,2.2967,2.3658,2.3569,2.3953,2.5159,2.574,1.908,1.9106,1.912,1.8898,1.9038,1.8721,1.8703,1.899,1.904,1.894,1.9089,1.9063,1.897,1.8879,1.8789,1.8827,1.868,1.8843,1.8877,1.896,1.9171,1.916,1.8942,1.8801
1.8334,1.8007,1.8475,1.8731,1.8552,1.8683,1.912,1.9263,1.9581,1.9219,1.9587,2.0237,2.1081,2.1406,2.132,2.1044,2.0875,2.1299,2.2265,2.216,2.219,1.895,1.8724,1.8644,1.8926,1.884,1.8506,1.8524,1.8784,1.9244,1.8983,1.8857,1.872,1.8588,1.8932,1.8538,1.8164,1.8064,1.8265,1.8055,1.8126,1.7798,1.7617,1.8185,1.8058,1.7862,1.7529,1.7333,1.7022,1.6556,1.6246,1.6758,1.6702,1.6319,1.6706,1.7118,1.6425,1.5614,1.5861,1.673,1.6524,1.5736,1.6362,1.7058,1.6615,1.5931
1.6978,1.767,1.7345,1.7004,1.761,1.8491,1.9233,1.9672,2.0665,2.1972,2.2702,2.282,2.3491,2.4147,2.4661,2.4636,2.4707,2.4829,2.5198,2.5772,2.6001,1.8873,1.9128,1.8952,1.8951,1.8765,1.9036,1.9439,1.9111,1.8763,1.8664,1.9018,1.9188,1.9147,1.8986,1.8761,1.8819,1.8896,1.9157,1.9241,1.8896,1.8762,1.8945,1.9356,1.9237,1.9305,1.8795,1.8833,1.8688,1.8867,1.897,1.8487,1.8758,1.8849,1.8765,1.8699,1.8456,1.8581,1.8613,1.8626,1.8441,1.8501,1.854,1.8839,1.8689,1.8801
1.8681,1.8645,1.8656,1.8863,1.9268,2.0028,2.1069,2.1872,2.2227,2.2501,2.3172,2.4079,2.5123,1.9188,1.909,1.951,1.9085,1.8589,1.8212,1.8138,1.8103,1.792,1.8092,1.8003,1.7954,1.8065,1.7876,1.7894,1.7966,1.7705,1.7516,1.7282,1.7291,1.7445,1.7826,1.7969,1.7413,1.7019,1.7266,1.8141,1.8017,1.7553,1.7454,1.765,1.7314,1.7415,1.7962,1.7748,1.6667,1.5624,1.6236,1.687,1.6345,1.479,1.4418,1.5692,1.656,1.5903,1.5897,1.6546,1.8061,1.8873,1.9447,2.0462,2.216,2.2796
2.2608,2.244,2.3005,2.4072,2.4115,2.4078,2.458,2.4983,2.5343,2.4732,2.4497,2.5044,2.5322,1.8488,1.881,1.9102,1.9185,1.9083,1.9029,1.9029,1.9109,1.916,1.9234,1.9094,1.9155,1.9586,1.9627,1.9571,1.9368,1.9265,1.9214,1.8958,1.9221,1.9188,1.905,1.9197,1.8973,1.8445,1.8235,1.8294,1.8352,1.8805,1.8765,1.8354,1.8683,1.8456,1.8412,1.8364,1.8285,1.832,1.8911,1.8863,1.8708,1.8606,1.9071,1.9115,1.9051,1.9148,1.949,1.9544,1.995,2.0668,2.0929,2.0372,2.0834,2.1957
2.239,2.2224,2.2427,2.2844,2.3385,2.374,2.3798,2.4192,2.449,2.4657,2.4389,2.4279,2.4603,2.4646,1.9388,1.9489,1.9486,1.9372,1.9473,1.9651,1.9837,1.9577,1.9001,1.8371,1.8631,1.8488,1.8608,1.8573,1.7806,1.7325,1.7293,1.7387,1.7792,1.7911,1.6757,1.6064,1.6268,1.7027,1.6169,1.487,1.4392,1.5733,1.7086,1.6689,1.5443,1.5586,1.6342,1.6057,1.5911,1.6767,1.7602,1.679,1.6413,1.7049,1.7352,1.7061,1.8213,1.9848,2.052,1.9338,1.8535,1.9796,2.181,2.2006,2.1423,2.243
2.3344,2.396,2.3222,2.312,2.2968,2.3146,2.3695,2.376,2.4201,2.4935,2.5137,1.9093,1.892,1.8721,1.8792,1.9209,1.9418,1.9303,1.9186,1.8719,1.8903,1.8994,1.8797,1.9019,1.914,1.8839,1.8897,1.9234,1.9366,1.9334,1.8968,1.8803,1.8879,1.9235,1.9201,1.9068,1.8911,1.8864,1.8869,1.8834,1.8041,1.7894,1.8572,1.9203,1.8768,1.9222,2.0234,2.0779,1.9993,1.8781,1.8706,1.9583,1.9833,1.9565,1.9016,1.8004,1.7719,1.8378,1.9345,2.0081,2.0286,2.0692,2.1075,2.1866,2.2139,2.2551
2.253,2.2901,2.2918,2.2781,2.256,2.2397,2.2801,2.3069,2.304,2.2956,2.3462,1.9387,1.9122,1.9062,1.8774,1.8813,1.8544,1.8992,1.9048,1.8712,1.8487,1.883,1.8855,1.8658,1.87,1.8603,1.8647,1.8524,1.8222,1.8478,1.824,1.8904,1.9501,1.9585,1.9075,1.9231,1.9222,1.9037,1.8897,1.8979,1.9081,1.8712,1.8083,1.8182,1.81,1.8424,1.7411,1.6847,1.6711,1.6529,1.6116,1.5248,1.4868,1.5159,1.5062,1.4634,1.4942,1.4844,1.4869,1.4663,1.5059,1.5252,1.4398,1.3368,1.3148,1.4142
1.5467,1.6542,1.8237,2.1445,2.449,2.5053,2.4157,2.4641,2.5628,2.6327,2.6525,1.9136,1.8601,1.8536,1.8218,1.8242,1.8104,1.8622,1.8844,1.9113,1.9359,1.9481,1.9691,1.9518,1.9338,1.9087,1.862,1.8656,1.9012,1.9336,1.9032,1.8913,1.9113,1.9105,1.9319,1.8691,1.8174,1.8613,1.9198,1.9085,1.855,1.873,1.926,1.9647,1.942,1.9268,1.9344,1.9181,1.9313,1.9136,1.9415,1.9463,1.9393,2.0118,2.0016,1.9823,1.9985,2.0572,2.1029,2.0705,2.051,2.0367,2.0471,2.0728,2.0827,2.1001
2.0835,2.1182,2.1568,2.1797,2.2452,2.3274,2.4261,2.4161,2.3878,2.4039,2.4424,1.9245,1.8817,1.8567,1.8616,1.8856,1.8915,1.8931,1.842,1.8389,1.8639,1.8795,1.8657,1.8295,1.8306,1.83,1.821,1.7959,1.7596,1.7789,1.7927,1.7527,1.7496,1.7538,1.7217,1.6934,1.6839,1.6771,1.7107,1.7712,1.7993,1.7435,1.6343,1.6813,1.7227,1.6699,1.4952,1.5122,1.586,1.5547,1.466,1.5187,1.6522,1.6848,1.5875,1.6421,1.7342,1.7941,1.7767,1.8001,1.863,1.9107,1.958,2.0746,2.1915,2.3326
2.4113,2.4639,2.4913,2.4635,2.4964,2.536,2.5681,2.5752,2.5968,2.6345,2.6406,1.942,1.9521,1.9372,1.9326,1.9142,1.9112,1.9163,1.883,1.8378,1.9018,1.975,1.9682,1.9591,1.9263,1.8901,1.8744,1.8802,1.8984,1.9039,1.8729,1.8426,1.8597,1.873,1.8718,1.8707,1.9102,1.9129,1.8665,1.8393,1.8624,1.8697,1.8632,1.813,1.8089,1.8438,1.9055,1.9008,1.8603,1.852,1.9304,1.976,1.9282,1.8709,1.9048,2.0447,2.1275,2.1092,2.085,2.1067,2.1225,2.0936,2.0993,2.1913,2.2432,2.3019
2.3468,2.386,2.3749,2.3879,2.4167,2.4226,2.3894,2.3361,2.3271,2.3786,2.3949,1.8693,1.9079,1.9249,1.9068,1.888,1.8758,1.8908,1.9094,1.9225,1.9153,1.9044,1.894,1.8985,1.9127,1.9,1.9021,1.8373,1.8436,1.8543,1.8624,1.8212,1.8364,1.846,1.8456,1.8087,1.776,1.7683,1.7405,1.7261,1.7316,1.723,1.6983,1.6831,1.6581,1.6418,1.6432,1.6178,1.5767,1.6136,1.6397,1.5876,1.5702,1.5977,1.6014,1.5187,1.4631,1.5211,1.6106,1.6111,1.5545,1.5748,1.7291,1.8241,1.8583,1.8978
1.9896,2.0693,2.1088,2.1537,2.2288,2.2841,2.2684,2.3301,2.4196,2.5785,2.7069,1.9,1.9095,1.9374,1.8987,1.8798,1.8817,1.9074,1.9396,1.9391,1.895,1.8943,1.9062,1.9064,1.9003,1.88,1.9023,1.9048,1.9083,1.9023,1.8915,1.9117,1.9031,1.9045,1.8886,1.8711,1.8604,1.9119,1.9579,1.9421,1.9088,1.8918,1.9422,1.9593,1.9236,1.8915,1.8696,1.8595,1.9036,1.9004,1.8669,1.8117,1.8273,1.8596,1.8792,1.8494,1.8272,1.8312,1.854,1.8543,1.8162,1.8219,1.888,1.9206,1.9217,1.9243
1.9414,1.9556,2.017,2.0037,2.034,2.1185,2.1935,2.2562,2.3033,2.3349,2.3765,1.8907,1.9012,1.8624,1.8412,1.8252,1.8706,1.8845,1.8442,1.7724,1.7248,1.7497,1.7739,1.7383,1.6544,1.6851,1.721,1.7472,1.745,1.6999,1.6834,1.6566,1.7027,1.7565,1.7506,1.6874,1.6957,1.7247,1.6865,1.6039,1.5415,1.5111,1.4462,1.4311,1.3965,1.5113,1.5765,1.6397,1.6413,1.7407,1.829,1.9047,1.9815,2.0568,2.1785,2.3256,2.3532,2.3023,2.3598,2.433,2.4336,2.3721,2.3705,2.445,2.4599,2.3968
2.3608,2.3673,2.4063,2.3864,2.3135,2.2494,2.2148,2.2383,2.3025,2.3621,1.9143,1.9107,1.925,1.9045,1.9006,1.9105,1.8968,1.9204,1.9328,1.949,1.9003,1.8789,1.9057,1.8926,1.8827,1.9012,1.8869,1.9079,1.9024,1.8996,1.8495,1.8392,1.8813,1.8907,1.869,1.8542,1.8616,1.8591,1.8779,1.8279,1.7985,1.8159,1.8613,1.8401,1.8403,1.8604,1.8543,1.8081,1.7622,1.7709,1.7802,1.7786,1.7989,1.8487,1.8975,1.9328,1.9807,2.1021,2.1952,2.2532,2.3372,2.3554,2.3274,2.3786,2.3868,2.4637
2.4709,2.4586,2.4048,2.4188,2.4471,2.5652,2.5331,2.4767,2.5371,2.5678,1.9143,1.8789,1.8102,1.8211,1.8731,1.8699,1.8799,1.8636,1.8576,1.8772,1.8923,1.878,1.8086,1.7935,1.7985,1.8514,1.846,1.7811,1.8041,1.8343,1.7873,1.7005,1.6721,1.722,1.7408,1.7112,1.6766,1.7032,1.7339,1.7683,1.7207,1.6565,1.6112,1.6129,1.7067,1.7616,1.6868,1.6636,1.6586,1.7019,1.6873,1.6914,1.7162,1.801,1.759,1.7439,1.7555,1.7973,1.8151,1.8095,1.8702,1.955,2.0368,2.0514,2.0715,2.1212
2.1687,2.197,2.188,2.2383,2.3454,2.4224,2.4247,2.4471,2.4795,2.4892,1.932,1.9519,1.8838,1.8277,1.7848,1.859,1.9022,1.8872,1.8954,1.9063,1.9162,1.9349,1.8852,1.9305,1.9221,1.873,1.8681,1.8995,1.8878,1.8811,1.8921,1.8808,1.8754,1.8704,1.9048,1.8961,1.8698,1.8509,1.8928,1.8844,1.8735,1.876,1.9506,1.9218,1.8733,1.8954,1.8598,1.8764,1.9115,1.9499,1.9424,1.9549,1.9946,2.0583,2.1061,2.1585,2.1494,2.1625,2.1551,2.1278,2.1001,2.1441,2.1935,2.1609,2.1433,2.197
2.2529,2.2561,2.2189,2.2482,2.303,2.3372,2.3222,2.3137,2.326,2.3119,1.8873,1.9029,1.8981,1.903,1.8916,1.8628,1.8327,1.8831,1.9357,1.9282,1.8669,1.8931,1.937,1.9198,1.8839,1.8637,1.8617,1.8279,1.8176,1.8315,1.8428,1.7892,1.7217,1.6912,1.7578,1.7867,1.7395,1.6755,1.6631,1.6728,1.6279,1.5088,1.473,1.4545,1.4359,1.4614,1.4703,1.4227,1.3539,1.3994,1.5386,1.5612,1.5252,1.5482,1.772,1.8514,1.7901,1.9009,2.0214,2.1221,2.1416,2.216,2.3113,2.369,2.3903,2.4087
2.5024,2.5235,2.476,2.4316,2.4079,2.4403,2.5326,2.5386,2.5061,2.5976,1.9069,1.8991,1.9271,1.9596,1.9563,1.8965,1.8855,1.8822,1.8973,1.8848,1.9341,1.9356,1.9216,1.9186,1.9167,1.9047,1.8793,1.8782,1.8408,1.8705,1.9408,1.9283,1.9093,1.9245,1.9309,1.9456,1.9592,1.9542,1.9419,2.0055,1.8823,1.911,1.8188,1.7758,1.8413,1.8729,1.8574,1.7845,1.8874,1.927,1.9222,1.9012,1.9642,2.0574,2.1042,2.1584,2.148,2.1099,2.0849,2.0729,2.082,2.1,2.1247,2.169,2.1617,2.1535
2.1895,2.2262,2.2142,2.225,2.2822,2.3356,2.3523,2.3412,2.404,2.471,1.9198,1.8958,1.9209,1.9063,1.877,1.8616,1.8769,1.8927,1.8822,1.847,1.8411,1.8408,1.8285,1.8339,1.8447,1.8429,1.7892,1.7826,1.7893,1.8084,1.7502,1.6649,1.7606,1.798,1.7613,1.7157,1.692,1.7799,1.7551,1.7061,1.7864,1.7943,1.6701,1.5492,1.5804,1.6165,1.5221,1.3673,1.4599,1.5775,1.5735,1.4718,1.4896,1.6378,1.6615,1.655,1.7758,1.8588,1.9299,1.9559,1.9803,2.0869,2.1473,2.145,2.2225,2.3589
2.4411,2.4615,2.4594,2.516,2.5943,2.6066,2.6296,2.7747,2.8507,2.8857,1.9036,1.9041,1.8973,1.9038,1.8868,1.9186,1.9473,1.9096,1.8692,1.8689,1.8911,1.9094,1.9039,1.9088,1.9179,1.9306,1.9467,1.9015,1.8786,1.8669,1.8883,1.8751,1.8278,1.7774,1.8147,1.8437,1.8507,1.836,1.8299,1.8933,1.9343,1.8914,1.8601,1.87,1.8544,1.8381,1.8088,1.8118,1.8244,1.8458,1.8575,1.8313,1.8601,1.9158,1.9837,2.1584,2.2294,2.2764,2.312,2.3791,2.3979,2.4216,1.874,1.8658,1.8594,1.8354
1.8205,1.8228,1.8127,1.7826,1.7383,1.758,1.7595,1.7404,1.6607,1.6182,1.6625,1.6762,1.5883,1.496,1.4509,1.4891,1.481,1.4484,1.4631,1.4768,1.4723,1.5098,1.5684,1.5613,1.5469,1.6251,1.7266,1.7566,1.7841,1.8656,1.9031,1.8948,1.8568,1.9099,2.01,2.1728,2.3058,2.3047,2.2477,2.2016,2.2178,2.2893,2.3077,2.3278,2.4151,2.4531,1.9093,1.9272,1.9023,1.874,1.8893,1.9029,1.9086,1.8831,1.8989,1.8891,1.9168,1.8909,1.882,1.8786,1.8872,1.8909,1.8713,1.8745,1.863,1.8719
1.8655,1.898,1.8785,1.8957,1.9338,1.9398,1.9151,1.8706,1.8428,1.838,1.875,1.9046,1.8601,1.8694,1.8759,1.8839,1.9289,1.9318,1.8929,1.895,1.8865,1.8891,1.8817,1.8725,1.8669,1.8736,1.7976,1.7893,1.7364,1.7779,1.7646,1.735,1.7359,1.841,1.937,2.0156,2.0747,2.1767,2.2611,2.256,2.293,2.3463,2.4108,2.4777,2.4962,2.5129,2.5002,1.9171,1.9298,1.9068,1.8905,1.8852,1.863,1.8957,1.9278,1.943,1.898,1.897,1.8923,1.9012,1.938,1.9156,1.9015,1.8905,1.8618,1.8494
1.87,1.8927,1.9234,1.8853,1.9056,1.8952,1.8895,1.8418,1.8493,1.8561,1.8517,1.8136,1.7985,1.7661,1.7594,1.7185,1.691,1.6352,1.5822,1.5897,1.6245,1.5851,1.567,1.4744,1.4553,1.427,1.3206,1.1581,1.2626,1.3431,1.4044,1.4309,1.5751,1.6937,1.7656,1.7307,1.8221,1.9898,2.0724,2.0282,2.0157,2.1626,2.274,2.37,2.4188,2.5008,2.6017,1.9344,1.9972,1.9988,1.9689,1.932,1.9041,1.8756,1.9201,1.9599,1.9198,1.9123,1.9099,1.8957,1.8843,1.8616,1.8697,1.865,1.8563,1.8482
1.845,1.8893,1.9093,1.8623,1.8415,1.8412,1.8459,1.8674,1.8484,1.8756,1.8738,1.8925,1.922,1.928,1.8695,1.8867,1.9171,1.9339,1.9521,1.9898,2.0314,2.0654,2.0669,2.0526,2.0341,2.1108,2.0633,2.0382,2.0949,2.1808,2.2282,2.228,2.2663,2.2898,2.3142,2.3402,2.3443,2.3837,2.3363,2.3428,2.4077,2.3903,2.3574,2.3191,2.3449,2.3549,2.3493,1.9363,1.9807,1.8625,1.8264,1.8555,1.9566,1.9195,1.8386,1.8557,1.8853,1.9136,1.9112,1.9138,1.9636,1.9339,1.8729,1.8483,1.8821,1.855
1.852,1.8909,1.8934,1.8865,1.9168,1.8904,1.8817,1.8912,1.9388,1.9244,1.8886,1.9007,1.9237,1.9469,1.9329,1.8822,1.8663,1.8399,1.7971,1.7722,1.8063,1.754,1.7416,1.7636,1.7908,1.7658,1.7864,1.7344,1.6585,1.615,1.5898,1.58,1.6509,1.6652,1.6368,1.6207,1.6009,1.5841,1.4918,1.5159,1.5558,1.8461,1.855,1.8371,1.789,1.8028,1.7828,1.7588,1.7152,1.6421,1.5708,1.5167,1.4588,1.3766,1.2719,1.2014,1.2078,1.2231,1.2587,1.2977,1.3643,1.4175,1.491,1.636,1.7281,1.7908
1.8981,2.0451,2.1741,2.3305,2.4209,2.4541,2.5074,2.5138,1.7662,1.7877,1.8127,1.849,1.8481,1.8327,1.8137,1.8411,1.8531,1.8694,1.843,1.795,1.7718,1.7778,1.7634,1.7744,1.7662,1.7709,1.7691,1.7717,1.795,1.8193,1.8129,1.7806,1.7247,1.694,1.6948,1.6928,1.6597,1.6235,1.6216,1.5939,1.5407,1.508,1.4931,1.5001,1.4748,1.4537,1.4757,1.5373,1.6212,1.6422,1.6616,1.648,1.7575,1.8609,1.9461,2.0087,2.0979,2.1172,2.0985,2.0866,2.0402,2.0635,2.1955,2.3473,2.389,2.3729
2.4017,2.3908,2.3888,2.3956,2.4111,2.4778,2.5415,2.575,1.8002,1.8029,1.7888,1.7624,1.7618,1.7625,1.7542,1.7716,1.7728,1.7691,1.7906,1.7827,1.7802,1.7751,1.7811,1.7738,1.7762,1.7655,1.7765,1.7617,1.767,1.7596,1.7589,1.7622,1.759,1.7239,1.7108,1.6935,1.6804,1.6895,1.6604,1.5914,1.5705,1.5996,1.5997,1.5563,1.4871,1.4894,1.513,1.5511,1.5777,1.6434,1.6797,1.7161,1.7127,1.737,1.8082,1.7779,1.7387,1.7724,1.8495,1.8869,1.8966,1.9403,2.0365,2.1284,2.2078,2.2841
2.3576,2.3807,2.3801,2.4168,2.4543,2.4748,2.6261,2.6298,1.7792,1.7938,1.8039,1.7936,1.7927,1.7836,1.7779,1.7776,1.7827,1.794,1.7891,1.7809,1.7753,1.7865,1.7677,1.7779,1.7606,1.7524,1.7692,1.794,1.7903,1.7602,1.7548,1.7514,1.7404,1.6924,1.6016,1.5166,1.4762,1.4259,1.3313,1.3223,1.3412,1.3317,1.3999,1.459,1.4834,1.5586,1.6023,1.6871,1.712,1.7764,1.8229,1.8181,1.8517,1.9051,1.886,1.8986,1.9328,2.015,2.0665,2.134,2.1774,2.1661,2.1896,2.2369,2.2395,2.24
2.273,2.3106,2.3248,2.3564,2.3497,2.3709,2.3793,2.3915,2.5466,1.8183,1.8134,1.8118,1.8146,1.8134,1.8127,1.8072,1.8134,1.8057,1.8058,1.8193,1.8297,1.8305,1.8199,1.8229,1.8203,1.8103,1.8221,1.8381,1.8327,1.8248,1.8187,1.8116,1.8064,1.8524,1.8686,1.8554,1.8074,1.7841,1.7645,1.7365,1.7151,1.6823,1.6447,1.6221,1.5785,1.4627,1.3773,1.319,1.2485,1.2741,1.3388,1.4214,1.4683,1.5403,1.6899,1.7642,1.7858,1.82,1.8836,1.9516,1.985,2.0092,2.0201,2.0545,2.0478,2.0732
2.0861,2.1096,2.1298,2.169,2.2305,2.2958,2.3799,2.4263,2.4506,1.767,1.7575,1.7609,1.7598,1.7707,1.774,1.7752,1.7624,1.7533,1.7455,1.7371,1.7469,1.7648,1.7782,1.7669,1.7836,1.7711,1.7712,1.7672,1.754,1.732,1.7071,1.6983,1.717,1.7133,1.6696,1.6472,1.6153,1.5821,1.537,1.4999,1.4944,1.5171,1.5147,1.5245,1.5157,1.5297,1.5037,1.4737,1.5095,1.5564,1.5914,1.6044,1.6864,1.7715,1.7653,1.8052,1.8836,1.9197,1.9239,1.9634,1.9857,1.9885,2.0594,2.105,2.1208,2.1794
2.213,2.2624,2.3027,2.3165,2.3389,2.3632,2.3813,2.4242,2.5455,1.8319,1.8098,1.8121,1.8134,1.813,1.8147,1.8184,1.8384,1.8426,1.8367,1.816,1.8073,1.8149,1.8166,1.7998,1.7783,1.7844,1.786,1.7886,1.7932,1.8051,1.8103,1.8146,1.8024,1.7818,1.7429,1.7116,1.6883,1.6603,1.6288,1.6166,1.606,1.6278,1.611,1.5922,1.596,1.5505,1.5095,1.4875,1.4777,1.5435,1.5951,1.6559,1.6986,1.7849,1.856,1.8393,1.8911,1.972,2.0247,2.038,2.0284,2.0613,2.0967,2.1484,2.152,2.1967
2.2378,2.2515,2.2765,2.3088,2.3076,2.2936,2.3323,2.3672,2.4919,1.8215,1.8001,1.7952,1.8019,1.7955,1.8191,1.8267,1.8266,1.8175,1.8157,1.8085,1.8252,1.8301,1.8197,1.8104,1.7843,1.8024,1.8023,1.8141,1.8246,1.8046,1.7886,1.8001,1.7991,1.7814,1.7411,1.7129,1.7242,1.7266,1.6904,1.5909,1.5167,1.4605,1.4336,1.4141,1.4411,1.463,1.4874,1.4675,1.4613,1.4973,1.5788,1.6559,1.6819,1.7516,1.8706,1.9307,2.0218,2.0468,2.0728,2.1185,2.1344,2.0999,2.1196,2.1919,2.2393,2.2789
2.3119,2.3165,2.2971,2.3054,2.3327,2.3515,2.3888,2.5095,2.5301,2.7872,1.8258,1.8174,1.804,1.7961,1.794,1.8083,1.8216,1.832,1.8344,1.8161,1.8386,1.8422,1.8316,1.7869,1.7523,1.7519,1.766,1.774,1.782,1.7391,1.6853,1.6421,1.6243,1.636,1.6669,1.6465,1.6489,1.6668,1.6428,1.6233,1.6002,1.6207,1.6391,1.6227,1.6014,1.5821,1.5655,1.634,1.6918,1.7165,1.7662,1.8013,1.8571,1.914,1.9287,1.9203,1.9482,2.0292,2.0925,2.0678,2.0982,2.1725,2.1589,2.1395,2.1929,2.2168
2.2335,2.2501,2.2559,2.3423,2.4181,2.494,2.5197,2.545,2.5917,2.6671,1.7911,1.7781,1.7867,1.8094,1.8269,1.8275,1.85,1.8396,1.823,1.8174,1.8203,1.8261,1.8159,1.8289,1.8271,1.8044,1.8184,1.8414,1.8363,1.8112,1.7959,1.7721,1.7813,1.7488,1.723,1.7108,1.705,1.7219,1.6765,1.6348,1.5779,1.5764,1.5474,1.4844,1.4317,1.4191,1.4481,1.4753,1.5615,1.5551,1.6746,1.7865,1.824,1.8608,1.955,2.0163,2.1158,2.169,2.1634,2.1387,2.1821,2.2275,2.2196,2.2219,2.2274,2.2482
2.2526,2.2379,2.2594,2.2645,2.2415,2.2666,2.2912,2.3104,2.3571,2.4214,1.6477,1.6551,1.6648,1.667,1.658,1.6712,1.662,1.6745,1.665,1.6575,1.656,1.6704,1.668,1.6796,1.67,1.6487,1.643,1.666,1.8329,1.8324,1.8128,1.7821,1.7832,1.7803,1.7872,1.7992,1.8139,1.7938,1.7794,1.779,1.7821,1.7671,1.7479,1.7133,1.7248,1.7029,1.6642,1.6081,1.603,1.5913,1.6033,1.6147,1.6096,1.6428,1.679,1.7106,1.7253,1.7513,1.7835,1.8033,1.8391,1.9386,1.9691,1.9796,1.9986,2.0494
2.0738,2.0812,2.1123,2.1224,2.1424,2.1551,2.1677,2.2457,2.3001,2.4097,1.743,1.737,1.7479,1.7505,1.7483,1.7251,1.7345,1.7212,1.7102,1.6956,1.6805,1.6407,1.6332,1.6352,1.5912,1.5758,1.675,1.7865,1.8626,1.9623,2.0215,2.0985,2.1307,2.1454,2.108,2.0138,1.8742,1.7744,1.6711,1.6033,1.5581,1.5418,1.5222,1.5181,1.4887,1.4767,1.4317,1.4431,1.4995,1.5768,1.6504,1.6907,1.7424,1.8249,1.9878,2.0599,2.0683,2.1204,2.1945,2.241,2.287,2.3033,2.3323,2.3442,2.328,2.286
2.2995,2.3196,2.3163,2.2799,2.248,2.2722,2.3286,2.3336,2.3691,2.3987,1.7865,1.7826,1.7838,1.7923,1.7965,1.7853,1.7697,1.7832,1.7985,1.7991,1.7904,1.7847,1.7692,1.7673,1.764,1.7647,1.7563,1.7277,1.7437,1.7686,1.7854,1.7748,1.7482,1.7364,1.714,1.7298,1.7148,1.6694,1.6581,1.6604,1.6632,1.675,1.6397,1.5711,1.5082,1.4701,1.4924,1.4865,1.5309,1.5505,1.5844,1.5649,1.5074,1.4881,1.5659,1.71,1.8445,1.8466,1.901,1.9582,1.9821,1.9918,1.9635,1.9305,1.8867,1.8495
1.8268,1.9232,2.0788,2.2473,2.3634,2.4335,2.4772,2.5012,2.5162,1.7676,1.7703,1.7585,1.7554,1.7524,1.7506,1.7652,1.7719,1.7479,1.7482,1.7595,1.7664,1.7724,1.7834,1.7737,1.7686,1.7613,1.7732,1.7789,1.8067,1.7617,1.7609,1.7617,1.7488,1.7546,1.7631,1.7241,1.7052,1.6832,1.6561,1.6092,1.5461,1.4879,1.4562,1.4214,1.3758,1.3329,1.3608,1.4573,1.4854,1.5988,1.6627,1.6606,1.7176,1.7745,1.8819,1.943,1.9359,1.948,2.0205,2.0592,2.0833,2.0852,2.067,2.0443,2.0508,2.0447
2.0551,2.0531,2.0949,2.1457,2.1841,2.2035,2.2401,2.2813,1.7976,1.7957,1.7957,1.8041,1.7954,1.7856,1.7915,1.7998,1.7879,1.8116,1.8064,1.7847,1.764,1.7688,1.7882,1.7945,1.7887,1.7871,1.7857,1.7727,1.7978,1.8104,1.7952,1.79,1.7841,1.8026,1.8068,1.7807,1.7725,1.7676,1.7641,1.7634,1.7625,1.7293,1.6866,1.6363,1.5976,1.5818,1.5802,1.5235,1.4615,1.4824,1.4456,1.4542,1.4257,1.4716,1.5208,1.5875,1.6523,1.6509,1.6476,1.676,1.7133,1.7629,1.8375,1.9414,1.9867,2.0173
2.0688,2.0862,2.0617,2.0736,2.1442,2.2269,2.3409,2.4037,1.7574,1.7691,1.7812,1.7799,1.7797,1.7881,1.7939,1.7957,1.7791,1.7663,1.7777,1.7886,1.8068,1.7909,1.7678,1.7605,1.7542,1.7707,1.766,1.7326,1.6902,1.6568,1.6242,1.5966,1.6002,1.5785,1.5516,1.5168,1.4904,1.4929,1.4714,1.5216,1.5348,1.5364,1.5589,1.6567,1.7362,1.7723,1.8238,1.868,1.9319,2.0093,2.035,2.0453,2.0561,2.0918,2.0986,2.0868,2.0716,2.069,2.0808,2.1022,2.0972,2.1238,2.1564,2.1909,2.2135,2.2357
2.2579,2.2862,2.3185,2.3191,2.3221,2.3288,2.3626,2.4013,1.7741,1.7714,1.7781,1.7982,1.7874,1.767,1.7494,1.751,1.7517,1.7664,1.7794,1.7649,1.7319,1.729,1.7112,1.6851,1.6688,1.65,1.6103,1.5839,1.6157,1.6526,1.6656,1.6588,1.6338,1.6054,1.5851,1.5674,1.5864,1.6028,1.6292,1.6211,1.681,1.7172,1.7392,1.8032,1.8813,1.9876,2.0147,2.0124,2.0296,2.0151,2.0015,2.0251,2.0479,2.0516,2.1273,2.1157,2.1048,2.0962,2.1004,2.0807,2.0797,2.0918,2.0968,2.1029,2.1126,2.0721
2.0466,2.0452,2.0671,2.0679,2.0774,2.1366,2.2043,2.2638,1.9124,1.9049,1.8937,1.8906,1.8805,1.9106,1.9066,1.9116,1.9105,1.8944,1.8901,1.9057,1.9308,1.9068,1.9093,1.9085,1.8844,1.8752,1.8653,1.8904,1.8837,1.8598,1.8231,1.8281,1.8363,1.8411,1.8352,1.7721,1.7317,1.7015,1.7151,1.7119,1.6796,1.6537,1.6485,1.6568,1.6461,1.6216,1.591,1.5518,1.4909,1.4644,1.4798,1.4456,1.4351,1.4579,1.498,1.574,1.5822,1.5746,1.6222,1.7055,1.7452,1.7889,1.8888,2.0111,2.0734,2.1173
2.1578,2.1962,2.2308,2.2921,2.3231,2.3596,2.3732,2.3868,1.9247,1.9149,1.9114,1.9103,1.9047,1.9147,1.9163,1.9055,1.9026,1.8804,1.8817,1.8838,1.9272,1.9266,1.918,1.8681,1.8508,1.8553,1.8868,1.8888,1.8658,1.8178,1.8091,1.7894,1.7818,1.7303,1.6525,1.5465,1.4762,1.4421,1.4065,1.3458,1.3291,1.3405,1.3579,1.4024,1.4473,1.5087,1.611,1.7288,1.7606,1.7949,1.85,1.9062,1.9352,1.9568,1.9434,1.9638,2.0548,2.1126,2.1232,2.1454,2.1039,2.0953,2.1483,2.158,2.138,2.1524
2.2015,2.2232,2.2523,2.266,2.2474,2.246,2.255,2.3077,1.8931,1.88,1.8723,1.8718,1.8928,1.8816,1.8733,1.8734,1.8646,1.8649,1.8697,1.8704,1.8751,1.918,1.9075,1.8768,1.8537,1.8504,1.8649,1.8698,1.8559,1.821,1.7745,1.7385,1.7307,1.6957,1.6516,1.5931,1.5884,1.5744,1.5293,1.4903,1.5284,1.5275,1.5032,1.5157,1.5104,1.5258,1.6098,1.7164,1.761,1.7975,1.855,1.9399,1.9429,1.9419,1.9862,2.0533,2.0809,2.1471,2.1208,2.1445,2.1342,2.1479,2.21,2.2541,2.2669,2.2826
2.265,2.2779,2.2953,2.3067,2.3334,2.3545,2.388,1.8947,1.8785,1.893,1.8918,1.9076,1.913,1.9214,1.9082,1.8856,1.8781,1.8692,1.8997,1.9069,1.901,1.9074,1.8649,1.8552,1.8661,1.8822,1.8731,1.8495,1.8004,1.7832,1.7655,1.7665,1.7663,1.7502,1.7372,1.7017,1.6898,1.6843,1.6391,1.5979,1.5619,1.5411,1.5292,1.4845,1.4444,1.434,1.4652,1.4881,1.5078,1.526,1.5146,1.5288,1.5689,1.6365,1.7015,1.7455,1.8402,1.8786,1.9312,1.9702,1.9925,2.0796,2.1835,2.1945,2.192,2.2313
2.2785,2.312,2.3181,2.314,2.3296,2.3699,2.3766,1.8404,1.8402,1.8424,1.8264,1.8276,1.8226,1.812,1.8292,1.8428,1.8438,1.8317,1.83,1.8293,1.8191,1.8129,1.7835,1.7779,1.8102,1.8375,1.802,1.7446,1.6838,1.6331,1.6186,1.5868,1.559,1.5499,1.5438,1.4929,1.4095,1.3197,1.2912,1.3174,1.3597,1.4172,1.4791,1.5608,1.6357,1.6514,1.6721,1.727,1.8334,1.9355,2.0396,2.1058,2.1009,2.1045,2.1324,2.1315,2.1434,2.1611,2.2213,2.2791,2.3125,2.2781,2.2322,2.2119,2.2305,2.26
2.2791,2.3035,2.3161,2.3087,2.2933,2.2786,2.2786,1.9611,1.9418,1.9314,1.8967,1.8883,1.8689,1.848,1.8421,1.8323,1.8119,1.7873,1.7696,1.7662,1.7453,1.7452,1.7288,1.7113,1.6734,1.6452,1.6414,1.6047,1.581,1.5335,1.5029,1.4876,1.4689,1.4805,1.463,1.4482,1.4626,1.5183,1.5803,1.5981,1.6126,1.6774,1.7384,1.7364,1.8371,1.9768,2.083,2.065,2.0608,2.0521,2.0484,2.1003,2.1393,2.1425,2.1911,2.2121,2.267,2.224,2.1783,2.1899,2.2045,2.2318,2.2313,2.2655,2.2565,2.2625
2.2265,2.2022,2.1884,2.2265,2.2589,2.2467,2.229,1.7971,1.7957,1.7606,1.714,1.7152,1.7147,1.699,1.6761,1.6552,1.6317,1.5904,1.6124,1.6042,1.5754,1.5709,1.5869,1.6117,1.6046,1.6139,1.6291,1.6555,1.7491,1.8225,1.855,1.9038,1.9225,1.9501,1.9197,1.8952,1.8999,1.9101,1.9154,1.9188,1.9114,1.9363,2.0192,2.0552,2.0786,2.1147,2.139,2.1278,2.13,2.1032,2.0648,2.0547,2.0451,2.0635,2.0926,2.0837,2.0837,2.0662,2.0863,2.0856,2.0799,2.1017,2.1486,2.2241,2.2978,2.3259
2.3457,2.3654,2.3472,2.2996,2.2856,2.2911,2.315,1.8931,1.9256,1.9298,1.9008,1.8712,1.8337,1.8374,1.8482,1.8226,1.7915,1.7664,1.7612,1.7297,1.6654,1.6459,1.6429,1.6562,1.6349,1.591,1.5574,1.5452,1.5953,1.615,1.5484,1.5,1.592,1.7241,1.7674,1.7637,1.7648,1.8187,1.8291,1.8345,1.8485,1.8648,1.8598,1.8814,1.9154,1.9359,1.9571,2.0155,2.0772,2.1077,2.1061,2.0928,2.1165,2.1153,2.1003,2.1062,2.0863,2.0757,2.079,2.0857,2.0925,2.1053,2.0747,2.0501,2.0506,2.0575
2.0784,2.1376,2.1989,2.1999,2.2361,2.2718,2.2739,1.9162,1.9167,1.9036,1.8849,1.8782,1.8737,1.8506,1.8111,1.763,1.7145,1.6863,1.6283,1.5421,1.4856,1.5033,1.5047,1.545,1.5607,1.5737,1.5769,1.6028,1.6407,1.6604,1.6774,1.721,1.7629,1.9236,1.9861,2.0285,2.0416,2.0331,2.0207,2.0242,2.0202,2.0242,2.0246,2.0543,2.0752,2.0962,2.1104,2.1077,2.105,2.0951,2.1153,2.0672,2.0465,2.0594,2.097,2.0879,2.1027,2.101,2.1111,2.1171,2.1074,2.0904,2.0945,2.1243,2.1769,2.1982
2.233,2.2284,2.2506,2.2737,2.2989,2.3241,2.3459,1.8558,1.8219,1.8341,1.8434,1.856,1.838,1.8209,1.823,1.8089,1.8159,1.8127,1.7886,1.7569,1.7599,1.7688,1.7444,1.6954,1.6571,1.6357,1.6094,1.5671,1.5263,1.507,1.547,1.5843,1.5509,1.4792,1.4728,1.5777,1.7107,1.6975,1.6051,1.6806,1.7447,1.7993,1.8546,1.9143,1.9861,2.035,2.0412,2.0748,2.1066,2.1189,2.131,2.1728,2.2064,2.2296,2.2523,2.2416,2.2525,2.2688,2.2784,2.2892,2.2764,2.2782,2.3053,2.3178,2.3133,2.3261
2.3333,2.3172,2.2816,2.2589,2.2453,2.2641,2.2787,1.9404,1.9356,1.9445,1.948,1.9354,1.949,1.9233,1.9099,1.9002,1.9005,1.886,1.901,1.8919,1.8473,1.7938,1.773,1.7482,1.6669,1.5894,1.5166,1.4702,1.4333,1.3576,1.3193,1.3329,1.3653,1.3743,1.3737,1.4113,1.5165,1.6517,1.7795,1.8413,1.8572,1.8972,1.9003,1.9029,1.9191,1.9865,2.0309,2.0734,2.1254,2.1723,2.1886,2.1605,2.1913,2.2145,2.2506,2.2538,2.263,2.2882,2.2952,2.2909,2.264,2.2274,2.1816,2.1771,2.174,2.1731
2.2348,2.3121,2.3475,2.3341,2.3393,2.3625,2.3898,1.9465,1.9522,1.9652,1.9441,1.9335,1.9266,1.9244,1.9347,1.9333,1.8994,1.8821,1.8954,1.8885,1.8985,1.862,1.869,1.8424,1.7709,1.7032,1.6791,1.5869,1.4752,1.4392,1.4697,1.5841,1.7612,1.8353,1.8499,1.9027,1.8715,1.8953,1.9209,1.8865,1.8442,1.8654,1.894,1.8696,1.8568,1.8519,1.8616,1.8955,1.8852,1.8258,1.8276,1.8875,1.9309,1.9405,1.9553,1.9776,2.0275,1.9911,2.0018,2.0454,2.054,2.0727,2.0827,2.1531,2.2021,2.176
2.1473,2.1984,2.2257,2.2591,2.2673,2.2933,2.3132,1.8842,1.8902,1.9071,1.8813,1.9015,1.8498,1.8718,1.8444,1.8329,1.842,1.8402,1.8184,1.8082,1.7842,1.8152,1.7924,1.7676,1.7308,1.7168,1.6946,1.7022,1.7295,1.7289,1.7173,1.7115,1.6822,1.6845,1.6648,1.638,1.6371,1.6594,1.6617,1.6421,1.6099,1.5566,1.5501,1.5282,1.4515,1.3939,1.4065,1.4468,1.5265,1.6191,1.6715,1.6483,1.6158,1.578,1.6383,1.7323,1.7412,1.7936,1.8606,1.8985,1.9474,1.9218,1.8771,1.8793,1.8638,1.9026
1.9777,2.0749,2.15,2.1888,2.2104,2.2499,2.4517,1.8435,1.8483,1.8877,1.8735,1.8522,1.8517,1.8305,1.8286,1.8252,1.8162,1.8095,1.7773,1.7754,1.7498,1.7267,1.7235,1.7025,1.6509,1.6602,1.6716,1.6833,1.6765,1.7395,1.8119,1.8548,1.9267,1.9411,1.8184,1.7696,1.7902,1.8374,1.8726,1.8662,1.8702,1.884,1.8714,1.877,1.8941,1.9117,1.9004,1.9261,1.9453,1.9192,1.8947,1.968,1.9855,1.9806,1.9641,1.9719,2.0146,2.0393,2.055,2.0479,2.0956,2.1574,2.2294,2.2601,2.2897,2.3064
2.3422,2.3656,2.371,2.3495,2.3341,2.3272,1.903,1.9014,1.926,1.9189,1.9032,1.8937,1.8733,1.8749,1.888,1.8955,1.882,1.8501,1.8606,1.8474,1.8522,1.8322,1.823,1.8304,1.8239,1.7794,1.7343,1.6702,1.64,1.641,1.6314,1.6592,1.6732,1.6929,1.6463,1.6422,1.6655,1.6958,1.7206,1.7239,1.6962,1.6952,1.696,1.7088,1.7647,1.8137,1.835,1.8691,1.9344,1.9531,1.9522,1.8922,1.8213,1.7581,1.7612,1.8032,1.9123,2.0125,2.0378,2.0543,2.1197,2.1665,2.2419,2.3002,2.3942,2.442
2.4406,2.4466,2.4684,2.4791,2.4777,2.4745,1.7269,1.8834,1.8796,1.8718,1.8809,1.8756,1.8703,1.8451,1.8471,1.866,1.8822,1.8837,1.8597,1.8277,1.8007,1.8058,1.8039,1.7997,1.782,1.7645,1.7333,1.7334,1.7137,1.6488,1.5941,1.581,1.5783,1.5773,1.5598,1.4854,1.4578,1.4307,1.4591,1.4385,1.4993,1.5647,1.6118,1.6291,1.6408,1.6594,1.6741,1.7208,1.7667,1.8452,1.907,1.9378,1.9885,1.9976,1.9925,2.0121,2.0201,2.0295,2.0535,2.0936,2.1136,2.1336,2.1627,2.1972,2.2147,2.2282
2.2562,2.2762,2.3027,2.3568,2.4133,2.4097,2.5112,1.8711,1.8873,1.89,1.8925,1.8861,1.8805,1.8747,1.8714,1.8559,1.8025,1.8002,1.8267,1.8094,1.7912,1.7496,1.7202,1.7201,1.6786,1.6378,1.6141,1.5885,1.5587,1.5334,1.5479,1.6056,1.7051,1.781,1.8184,1.837,1.8515,1.8375,1.8444,1.8682,1.8982,1.8992,1.8935,1.851,1.8253,1.7913,1.702,1.6245,1.5948,1.6044,1.6081,1.6443,1.6844,1.7039,1.7662,1.8809,1.9622,2.0105,2.0769,2.1214,2.1535,2.1686,2.1894,2.241,2.2549,2.2854
2.3182,2.3308,2.3564,2.3701,2.3546,2.3562,1.6664,1.662,1.6641,1.6646,1.6825,1.6923,1.6651,1.646,1.6765,1.6936,1.7021,1.6817,1.6634,1.6321,1.5932,1.5562,1.5724,1.572,1.5686,1.6079,1.6584,1.6582,1.6015,1.5746,1.5488,1.6038,1.7366,1.8589,1.9138,1.9674,2.0151,2.0505,2.1014,1.5839,1.5664,1.5916,1.7327,1.7704,1.6348,1.5831,1.7055,1.7375,1.7094,1.7249,1.7147,1.6711,1.8236,1.9657,1.8895,1.9063,1.8566,1.9384,1.9644,1.9881,2.0717,2.1785,2.1334,2.0922,2.2265,2.2584
2.2061,2.2151,2.2757,2.3751,2.4727,2.5333,1.8817,1.8747,1.8914,1.8984,1.8765,1.8866,1.882,1.8936,1.8881,1.8842,1.906,1.8806,1.8753,1.8777,1.875,1.8742,1.8764,1.8761,1.8798,1.8617,1.8985,1.9022,1.8698,1.8805,1.8736,1.8833,1.8708,1.8855,1.8692,1.865,1.8633,1.8747,1.8756,1.8592,1.8595,1.8816,1.8662,1.8143,1.8118,1.8135,1.8169,1.809,1.8403,1.8842,1.8966,1.8565,1.8191,1.8044,1.8328,1.8342,1.8257,1.8933,1.9169,1.9223,1.9468,2.0232,2.1809,2.3272,2.336,2.3124
2.4482,2.5043,2.5591,2.5387,2.5266,2.5816,2.5853,1.8784,1.8842,1.8704,1.8745,1.8483,1.8491,1.8798,1.9106,1.9362,1.8922,1.9054,1.9216,1.922,1.9101,1.8749,1.8551,1.8281,1.841,1.8109,1.7604,1.7216,1.7325,1.7169,1.6982,1.6563,1.7236,1.7296,1.6658,1.6411,1.7007,1.683,1.6017,1.5417,1.5428,1.6341,1.705,1.4888,1.5507,1.7127,1.7868,1.7444,1.7311,1.8047,1.8392,1.8187,1.7811,1.8836,1.8743,1.8616,1.925,1.9662,1.9958,2.0157,2.1711,2.1854,2.2087,2.2446,2.2194,2.2871
2.3716,2.2846,2.2926,2.3381,2.3678,2.4524,2.5016,1.8781,1.8807,1.8815,1.8852,1.8788,1.8756,1.8725,1.8992,1.8815,1.8903,1.898,1.885,1.886,1.8744,1.8845,1.8882,1.8724,1.8794,1.8911,1.89,1.8908,1.8808,1.8838,1.8898,1.8808,1.8736,1.8794,1.8718,1.8789,1.874,1.8643,1.8714,1.8643,1.8601,1.8593,1.8576,1.8639,1.8574,1.8125,1.8188,1.8003,1.7899,1.7923,1.8146,1.8213,1.824,1.7844,1.7798,1.7792,1.7589,1.774,1.8719,1.9515,1.9717,1.9632,1.9374,1.937,2.0042,1.9879
2.035,2.155,2.2354,2.3292,2.5496,2.8051,2.8564,1.8903,1.8968,1.8908,1.9043,1.9004,1.9207,1.9519,1.933,1.7717,1.7295,1.6947,1.7667,1.9141,1.8496,1.8011,1.8,1.8616,1.9384,1.9031,1.902,1.859,1.8018,1.7509,1.7503,1.7524,1.737,1.7233,1.7694,1.7711,1.8063,1.726,1.6215,1.5216,1.5198,1.3612,1.3343,1.3138,1.4337,1.5661,1.698,1.7603,1.7457,1.7937,1.9801,1.9614,1.8749,1.9059,1.9865,1.9338,1.9376,1.9721,2.0572,2.0877,2.1679,2.2481,2.2828,2.2758,2.255,2.2525
2.299,2.2896,2.3852,2.3916,2.3779,2.5172,2.6548,1.8952,1.9064,1.8892,1.8751,1.8663,1.8847,1.8936,1.9108,1.921,1.9249,1.9331,1.919,1.8929,1.8691,1.8568,1.8617,1.8469,1.8397,1.8512,1.8412,1.8484,1.8655,1.8918,1.8853,1.9045,1.8874,1.8584,1.8523,1.84,1.7518,1.6909,1.7411,1.852,1.8961,1.8409,1.8731,1.9187,1.9386,1.9119,1.8892,1.8722,1.9209,1.9286,1.8601,1.8872,1.866,1.851,1.8616,1.8752,1.8718,1.8632,1.8455,1.8126,1.8008,1.8197,1.8248,1.8295,1.8723,1.9803
2.0704,2.1433,2.2974,2.4891,2.5762,2.6372,2.6654,1.8736,1.8716,1.886,1.8931,1.9126,1.8512,1.8728,1.898,1.8443,1.8599,1.8789,1.8534,1.8568,1.8609,1.8548,1.8464,1.8353,1.839,1.8354,1.8163,1.8075,1.8013,1.7871,1.7972,1.7301,1.6685,1.5844,1.4446,1.3953,1.4919,1.4648,1.4413,1.4694,1.5543,1.5793,1.6417,1.6858,1.6109,1.6329,1.6499,1.6157,1.668,1.6997,1.8052,1.9515,2.0393,1.9582,2.1305,2.2672,2.2346,2.1869,2.1566,2.2348,2.3337,2.3273,2.2629,2.2842,2.338,2.3297
2.2861,2.2604,2.3171,2.5,2.5017,2.9501,2.7118,1.8631,1.8529,1.8664,1.8495,1.8967,1.9308,1.9052,1.8808,1.8825,1.8585,1.8678,1.8526,1.827,1.8417,1.8869,1.8868,1.8711,1.885,1.8997,1.8932,1.8791,1.8678,1.8758,1.8764,1.901,1.9312,1.8784,1.8619,1.8479,1.8571,1.842,1.8275,1.8534,1.8642,1.8607,1.8504,1.8548,1.8907,1.9454,1.9666,1.8582,1.6639,1.8158,2.0023,1.98,1.9078,1.8587,1.8006,1.8345,1.921,1.8948,1.7842,1.765,1.8231,1.8328,1.8547,1.9228,2.0461,2.1422
2.2113,2.3073,2.4058,2.475,2.3947,2.6024,2.7236,1.8694,1.8776,1.8641,1.8828,1.8878,1.8653,1.8365,1.8244,1.8228,1.8268,1.8173,1.8171,1.7719,1.7649,1.7887,1.8266,1.8696,1.8604,1.7747,1.7349,1.7113,1.7279,1.6649,1.6123,1.6207,1.6568,1.6124,1.5718,1.4744,1.5135,1.7022,1.7246,1.5234,1.5353,1.7615,1.8412,1.7693,1.7762,1.9137,1.947,1.8831,1.9624,1.9692,1.9232,2.0342,2.0666,2.0151,1.9517,2.0744,2.2455,2.2228,2.1872,2.1853,2.1777,2.1517,2.1369,2.1649,2.1353,2.0606
2.0514,2.0733,2.147,2.2113,2.2146,2.2806,1.8703,1.867,1.8774,1.8673,1.8474,1.8779,1.8935,1.8825,1.8691,1.8807,1.8845,1.8838,1.8587,1.8626,1.8646,1.8542,1.8523,1.8635,1.8644,1.867,1.8599,1.8612,1.8498,1.8605,1.8408,1.8373,1.8374,1.7912,1.8475,1.9018,1.9184,1.8851,1.841,1.8183,1.8185,1.8513,1.8887,1.9046,1.9129,1.907,1.912,1.8858,1.8717,1.9437,1.9405,1.8701,1.8781,1.8995,1.9112,1.8856,1.8497,1.8537,1.9332,1.9472,1.8864,1.8681,1.9206,1.9411,1.9441,1.977
2.0114,2.1017,2.3434,2.4722,2.5645,2.5811,1.8987,1.8881,1.8778,1.8948,1.9171,1.9096,1.891,1.883,1.8711,1.8688,1.8723,1.8509,1.8965,1.8943,1.8938,1.8498,1.8421,1.7862,1.7302,1.7735,1.8544,1.9074,1.9702,1.9596,1.8444,1.7308,1.7363,1.7623,1.7089,1.7003,1.6868,1.6343,1.6505,1.6868,1.6128,1.6379,1.6356,1.602,1.5415,1.6303,1.6288,1.5383,1.4359,1.4453,1.6397,1.6639,1.5779,1.6039,1.7903,1.8512,1.9069,1.954,1.9454,1.9924,2.0578,2.0211,2.0186,2.1613,2.1003,2.2058
2.2594,2.2839,2.2156,2.2106,2.3739,2.3888,1.8558,1.9006,1.9256,1.9274,1.8969,1.8521,1.8677,1.862,1.8363,1.8428,1.8586,1.8325,1.8185,1.822,1.8128,1.827,1.8644,1.9065,1.8877,1.8697,1.8563,1.859,1.8348,1.8157,1.8068,1.771,1.8083,1.8588,1.8658,1.8275,1.8297,1.8457,1.8155,1.819,1.8286,1.8408,1.8588,1.8415,1.8406,1.8478,1.8451,1.8179,1.8038,1.8548,1.9749,1.9676,1.8955,1.8832,1.8834,1.8382,1.8309,1.8714,1.9241,1.9803,1.978,2.0757,2.1629,2.2584,2.35,2.3227
2.3624,2.4205,2.4465,2.394,2.4262,2.5696,1.8931,1.8925,1.8764,1.8439,1.838,1.8532,1.8555,1.8667,1.8652,1.8873,1.8189,1.7752,1.7522,1.7671,1.8369,1.8526,1.8712,1.8478,1.8328,1.7992,1.833,1.8293,1.7955,1.7858,1.7664,1.7489,1.7365,1.7519,1.7366,1.6896,1.6763,1.7129,1.7752,1.781,1.6619,1.6388,1.7065,1.7398,1.6998,1.7191,1.7597,1.7111,1.7224,1.7191,1.7287,1.7391,1.7627,1.7245,1.7512,1.8296,1.9125,1.949,1.9886,1.9577,1.8413,1.9158,2.0371,2.1775,2.2526,2.2256
2.3727,2.4867,2.441,2.3937,2.4166,2.4789,1.8948,1.8821,1.889,1.8938,1.8749,1.8889,1.907,1.9053,1.8925,1.9019,1.9061,1.8739,1.9011,1.9007,1.8912,1.9052,1.8999,1.8913,1.8883,1.8867,1.8723,1.8693,1.8724,1.8586,1.8639,1.88,1.8583,1.8401,1.8496,1.8391,1.8102,1.7996,1.7736,1.7648,1.7385,1.6818,1.6565,1.6924,1.711,1.7362,1.7858,1.8269,1.8652,1.8756,1.8792,1.8628,1.867,1.8933,1.9557,1.9612,1.9955,2.0447,2.1035,2.0803,2.1021,2.2391,2.3323,2.3208,2.3436,2.3526
2.4164,2.5329,2.5828,2.5198,2.5083,2.6109,1.8914,1.8867,1.9061,1.8961,1.8934,1.8875,1.8858,1.8643,1.837,1.8318,1.833,1.8103,1.8266,1.8327,1.8147,1.805,1.7943,1.7599,1.7407,1.763,1.761,1.749,1.7116,1.691,1.6844,1.7445,1.7711,1.7198,1.6732,1.6505,1.676,1.6687,1.6223,1.5361,1.535,1.6559,1.6684,1.6228,1.5817,1.5839,1.6998,1.7404,1.6862,1.7099,1.7915,1.8814,1.8466,1.8945,2.0165,2.0592,2.0462,2.1888,2.2717,2.2755,2.2686,2.1854,2.2452,2.2755,2.2795,2.1788
2.1563,2.2366,2.3603,2.4225,2.3151,2.6297,1.9256,1.871,1.8445,1.8573,1.847,1.7983,1.7825,1.8255,1.8545,1.8701,1.8561,1.8443,1.844,1.8576,1.8593,1.8519,1.8652,1.8824,1.8763,1.8577,1.8752,1.8605,1.8637,1.8699,1.8616,1.8588,1.8563,1.8603,1.8379,1.8122,1.8224,1.8005,1.8092,1.8125,1.8044,1.8599,1.8935,1.8164,1.7836,1.8036,1.8148,1.8125,1.7735,1.7615,1.6783,1.5366,1.6034,1.8014,1.8598,1.8831,1.905,1.9824,2.0006,1.9558,1.9292,1.9771,2.0706,2.0462,2.1563,2.2575
2.2818,2.3945,2.4656,2.5107,2.6104,2.74,1.8753,1.872,1.8544,1.8573,1.868,1.874,1.8858,1.89,1.8714,1.8763,1.8743,1.8725,1.8834,1.8298,1.8378,1.8309,1.8234,1.8238,1.8032,1.7943,1.8124,1.8035,1.7467,1.7367,1.7331,1.7159,1.6822,1.6584,1.5963,1.5522,1.4995,1.5436,1.5764,1.5908,1.5683,1.5804,1.6219,1.6356,1.5846,1.6276,1.6097,1.639,1.7111,1.7279,1.78,1.8836,2.0238,2.0065,1.8648,1.9781,2.1526,2.2133,2.1387,2.1335,2.1842,2.1581,2.2334,2.2184,2.2295,2.2484
2.2401,2.3284,2.3606,2.3577,2.3251,2.3875,1.8241,1.8067,1.8454,1.8548,1.8515,1.8696,1.876,1.8851,1.8895,1.873,1.8568,1.8573,1.8662,1.8617,1.8699,1.8625,1.8393,1.84,1.8314,1.8475,1.82,1.8124,1.8277,1.8364,1.8416,1.8525,1.8572,1.8713,1.8762,1.8615,1.8455,1.8485,1.8494,1.8172,1.8182,1.8051,1.7919,1.7801,1.7782,1.7875,1.8722,1.9718,1.9966,1.9675,1.8672,1.7857,1.7478,1.7152,1.7191,1.7925,1.8791,1.9063,1.8818,1.9304,2.0757,2.1853,2.172,2.2018,2.3281,2.5089
2.6231,2.62,2.5753,2.466,2.4828,2.7323,1.8944,1.8814,1.8851,1.8753,1.8874,1.8695,1.8864,1.8786,1.8749,1.8735,1.8575,1.8529,1.8488,1.838,1.844,1.8292,1.8315,1.8308,1.8274,1.8102,1.7804,1.7814,1.7533,1.7184,1.6896,1.69,1.6405,1.6312,1.6512,1.6687,1.615,1.5395,1.5411,1.5992,1.6359,1.6335,1.5586,1.5857,1.6146,1.6876,1.7026,1.7142,1.6392,1.7007,1.8249,1.912,1.962,1.937,1.9399,1.9709,2.0417,2.035,2.0449,2.0593,2.1496,2.1509,2.1322,2.0744,2.1085,2.1239
2.0599,2.0919,2.1938,2.2512,2.36,2.5017,1.8666,1.8712,1.8531,1.8786,1.896,1.8929,1.8755,1.873,1.8671,1.8752,1.8531,1.8503,1.8703,1.8802,1.8859,1.8656,1.8692,1.8914,1.8685,1.8573,1.8593,1.896,1.8919,1.8935,1.9078,1.9053,1.8873,1.8723,1.8359,1.8376,1.796,1.8016,1.7655,1.7557,1.7628,1.7857,1.7882,1.8487,1.9244,1.9204,1.8856,1.9591,1.9562,1.878,1.8116,1.7548,1.7079,1.7131,1.7152,1.7226,1.7025,1.8369,1.9147,1.9027,1.918,1.9467,1.9791,2.1087,2.2347,2.2375
2.3029,2.4746,2.5887,2.6076,2.6083,2.6734,1.8775,1.8839,1.9013,1.8982,1.9176,1.8913,1.8507,1.8742,1.8794,1.8809,1.8727,1.8644,1.8728,1.8653,1.8769,1.8648,1.8875,1.8894,1.87,1.863,1.8437,1.8298,1.8279,1.8006,1.7547,1.7952,1.7795,1.7744,1.7249,1.6739,1.6213,1.5453,1.519,1.55,1.6146,1.5945,1.5492,1.5424,1.544,1.6391,1.6081,1.5321,1.604,1.6007,1.5862,1.5611,1.5813,1.6616,1.6839,1.7583,1.875,2.0282,2.0147,1.9175,2.0883,2.2994,2.2878,2.2528,2.2847,2.4074
2.3488,2.3917,2.4311,2.485,2.5359,2.643,1.8653,1.87,1.8707,1.8691,1.8762,1.8842,1.8615,1.8486,1.8362,1.8259,1.8378,1.8711,1.8704,1.8768,1.8766,1.8749,1.8801,1.8436,1.8505,1.8382,1.7928,1.7824,1.7867,1.771,1.7388,1.739,1.8143,1.8264,1.839,1.8659,1.8831,1.8765,1.8928,1.8871,1.8755,1.8405,1.8278,1.8619,1.883,1.8441,1.8451,1.8271,1.8036,1.7829,1.8207,1.8954,1.9819,2.0083,2.0036,2.0833,2.0818,2.1821,2.247,2.2347,2.2897,2.3779,2.4446,2.5134,2.5258,2.5225
2.5482,2.4819,2.4401,2.4653,2.4973,2.5279,1.8714,1.8713,1.9069,1.8942,1.8717,1.8667,1.8762,1.882,1.8938,1.888,1.8723,1.8514,1.8452,1.8354,1.8431,1.8334,1.8476,1.8398,1.8237,1.8116,1.7709,1.773,1.7785,1.7331,1.747,1.7764,1.7402,1.656,1.6071,1.5548,1.5086,1.4582,1.51,1.5956,1.5919,1.5418,1.4553,1.4747,1.5465,1.5983,1.6094,1.6676,1.7499,1.819,1.7959,1.7643,1.9056,1.9575,2.1598,2.0953,1.9935,2.0325,2.1815,2.1825,2.1784,2.2229,2.2525,2.2743,2.2429,2.1581
2.1474,2.3057,2.2548,2.2445,2.2834,2.3781,1.8056,1.8256,1.8765,1.9024,1.8891,1.8727,1.8819,1.8789,1.8752,1.8911,1.8792,1.866,1.8496,1.8497,1.8659,1.8571,1.8587,1.8471,1.8462,1.8694,1.8845,1.888,1.8589,1.8524,1.8792,1.8659,1.8384,1.8323,1.8499,1.8456,1.8324,1.8296,1.8336,1.8277,1.8227,1.8612,1.8396,1.8046,1.793,1.8027,1.8354,1.8524,1.8073,1.7982,1.8186,1.8406,1.8498,1.8325,1.8484,1.8828,1.8928,1.9892,2.0096,2.0718,2.2054,2.1119,2.0846,2.236,2.2734,2.2646
2.3404,2.4714,2.4626,2.4652,2.4442,2.538,1.8588,1.8562,1.8399,1.8467,1.8358,1.8223,1.8368,1.8791,1.8852,1.883,1.8858,1.9133,1.9044,1.8974,1.8551,1.851,1.8418,1.8434,1.8123,1.8309,1.8181,1.8087,1.8221,1.7826,1.8543,1.9333,1.8762,1.7772,1.7023,1.6122,1.5088,1.3686,1.3128,1.3694,1.4666,1.4312,1.3291,1.3469,1.4141,1.5761,1.6407,1.7022,1.7336,1.7158,1.8344,1.9267,1.8608,1.9056,1.9934,1.7836,1.698,2.1423,2.4134,2.1569,2.1647,2.3671,2.4322,2.2985,2.3411,2.3128
2.4137,2.3778,2.2818,2.4276,2.6023,2.6192,1.8646,1.8506,1.8619,1.8726,1.887,1.8977,1.891,1.8862,1.8771,1.8877,1.8957,1.8807,1.8658,1.8628,1.8632,1.8561,1.8369,1.8452,1.8389,1.8328,1.8191,1.8142,1.831,1.8434,1.8345,1.8584,1.8806,1.8887,1.8954,1.8708,1.8522,1.8415,1.8154,1.775,1.8155,1.8228,1.8071,1.8246,1.844,1.841,1.8626,1.8574,1.8456,1.825,1.8571,1.8807,1.8269,1.8413,1.9715,1.9448,1.9104,1.8616,1.8247,1.8852,1.9787,1.985,2.1416,2.2973,2.4124,2.5862
2.7086,2.6399,2.5534,2.5008,2.4698,2.7029,1.8789,1.8959,1.8921,1.868,1.8682,1.8602,1.8896,1.8916,1.8859,1.8783,1.8618,1.8625,1.8634,1.8537,1.8412,1.8249,1.7993,1.7852,1.7728,1.751,1.7667,1.8282,1.8524,1.8143,1.7452,1.6533,1.5845,1.5707,1.6266,1.5845,1.5387,1.5899,1.5834,1.4248,1.396,1.5883,1.6488,1.5156,1.5014,1.5957,1.6611,1.6821,1.6953,1.7454,1.7836,1.8188,2.0056,2.026,2.0968,2.1382,2.1459,2.1851,2.2181,2.2458,2.2994,2.3421,2.3479,2.3225,2.2566,2.2136
2.209,2.1946,2.1939,2.3058,2.4332,2.4363,1.8362,1.814,1.8559,1.852,1.8722,1.8962,1.8878,1.8629,1.8628,1.8557,1.8474,1.8458,1.847,1.8472,1.8621,1.8635,1.8734,1.8693,1.8669,1.8493,1.8387,1.8394,1.8311,1.8223,1.8237,1.8307,1.8286,1.861,1.8297,1.8307,1.8209,1.8446,1.8104,1.8044,1.7497,1.7566,1.8365,1.8362,1.8094,1.8015,1.795,1.8361,1.8783,1.9383,1.9429,1.9285,1.9492,1.9715,2.0029,2.002,2.0562,2.1406,2.1963,2.1739,2.175,2.2486,2.4334,2.5715,2.5729,2.5778
2.5863,2.6291,2.5939,2.535,2.5922,2.6359,1.8771,1.8971,1.8916,1.8942,1.9,1.9078,1.8855,1.8722,1.8795,1.8941,1.8963,1.8988,1.91,1.892,1.8796,1.8705,1.835,1.8166,1.8247,1.8045,1.7705,1.7566,1.7617,1.7456,1.7208,1.6596,1.6231,1.619,1.5873,1.4991,1.432,1.491,1.6055,1.6209,1.5974,1.5619,1.6165,1.6732,1.6279,1.6556,1.6978,1.6791,1.7486,1.8202,1.8724,1.9096,1.9252,1.993,2.0127,2.0285,2.1058,2.1486,2.1129,2.0616,2.1194,2.1838,2.2148,2.1715,2.1482,2.1725
2.2111,2.2555,2.2346,2.311,2.3916,2.4081,1.8887,1.8875,1.8908,1.889,1.8902,1.9039,1.8966,1.8953,1.8752,1.8616,1.8693,1.852,1.8626,1.8662,1.8752,1.8693,1.867,1.8679,1.8645,1.8464,1.8437,1.875,1.8991,1.9342,1.9291,1.8893,1.8824,1.889,1.8508,1.8221,1.8172,1.829,1.82,1.8191,1.8147,1.843,1.8667,1.8503,1.8315,1.8449,1.8149,1.7881,1.7971,1.8088,1.7697,1.7533,1.7793,1.7872,1.7799,1.8801,1.927,1.9682,2.0342,2.0321,2.0155,2.0773,2.1339,2.1432,2.3689,2.5498
2.5802,2.6095,2.5691,2.4109,2.5247,2.6339,1.8605,1.8984,1.9131,1.9085,1.9147,1.8885,1.8622,1.8755,1.8834,1.8844,1.8585,1.8626,1.8662,1.8816,1.8655,1.8656,1.8573,1.8304,1.816,1.8092,1.7917,1.775,1.7548,1.7499,1.7162,1.6866,1.682,1.6,1.5737,1.5558,1.6024,1.587,1.5843,1.531,1.5005,1.5443,1.6477,1.6231,1.6522,1.6646,1.6708,1.7284,1.7732,1.7685,1.7135,1.7366,1.7765,1.8084,1.8763,1.9576,1.9517,2.005,2.1256,2.1632,2.217,2.3092,2.3303,2.3362,2.2682,2.2394
2.2461,2.1645,2.1469,2.2546,2.3023,2.462,1.8652,1.9207,1.8887,1.8656,1.8667,1.895,1.8807,1.8894,1.8936,1.8686,1.8856,1.8786,1.8587,1.8836,1.8616,1.8387,1.8061,1.8106,1.8187,1.7992,1.8365,1.8146,1.8604,1.8719,1.8649,1.8735,1.8814,1.8914,1.8817,1.8514,1.8442,1.831,1.826,1.8304,1.8249,1.7878,1.832,1.8635,1.8243,1.7667,1.7631,1.7747,1.7769,1.7507,1.8488,2.036,2.1066,2.0531,2.0407,2.0794,1.9669,1.8584,1.8426,1.8543,1.8681,1.8897,1.9112,2.073,2.1854,2.2359
2.3612,2.5206,2.5679,2.505,2.6351,2.7732,1.8769,1.8883,1.8914,1.8808,1.8688,1.8783,1.8784,1.8678,1.8815,1.8791,1.8892,1.8781,1.8674,1.8501,1.8689,1.8733,1.855,1.8341,1.8013,1.8351,1.8362,1.7739,1.7429,1.723,1.7251,1.692,1.6414,1.6061,1.5803,1.5714,1.5043,1.4027,1.3512,1.4614,1.5302,1.5351,1.5674,1.5682,1.477,1.5377,1.6437,1.8602,1.8093,1.7114,1.8552,1.9423,1.9275,1.8818,2.0244,2.1145,2.0265,1.9406,2.0018,2.1399,2.3316,2.3014,2.2567,2.3385,2.4672,2.4434
2.4102,2.4363,2.3727,2.4838,2.5243,2.6498,1.8034,1.827,1.8628,1.8846,1.8957,1.9125,1.911,1.9136,1.9016,1.8967,1.8612,1.841,1.8485,1.8608,1.8828,1.8646,1.8699,1.8844,1.8645,1.8502,1.8425,1.863,1.8427,1.8109,1.7966,1.8099,1.8401,1.8541,1.8902,1.8983,1.8985,1.848,1.8509,1.8068,1.8136,1.8074,1.7998,1.7779,1.7282,1.7741,1.7612,1.7552,1.7572,1.8187,1.9066,1.9495,1.9294,1.8727,1.9884,2.2194,2.2468,2.052,2.0768,2.3678,2.4352,2.4558,2.5208,2.5176,2.5252,2.4324
2.4792,2.7356,1.898,1.8923,1.8858,1.8909,1.9014,1.9401,1.9225,1.8888,1.8493,1.8521,1.856,1.8677,1.866,1.8588,1.8567,1.8715,1.9076,1.8925,1.883,1.8925,1.8768,1.8433,1.8215,1.8112,1.8232,1.8128,1.8019,1.7714,1.7448,1.7308,1.6834,1.622,1.539,1.4516,1.3887,1.4108,1.3612,1.3496,1.3525,1.3469,1.2912,1.3484,1.5865,1.6393,1.5417,1.5878,1.6639,1.7685,1.891,1.9838,1.9794,2.0466,2.13,2.1665,2.213,2.2919,2.3781,2.3797,2.3867,2.3838,2.3459,2.3255,2.4007,2.4759
2.4802,2.5187,1.8906,1.8889,1.8836,1.8911,1.9037,1.8981,1.9024,1.8926,1.887,1.8865,1.876,1.8713,1.8723,1.8758,1.8521,1.8806,1.8825,1.882,1.8762,1.8727,1.8709,1.8536,1.868,1.8952,1.9088,1.8889,1.8654,1.8565,1.8571,1.8384,1.8243,1.8142,1.8092,1.8305,1.8442,1.9188,1.8918,1.8491,1.8431,1.7603,1.7531,1.7431,1.7231,1.7204,1.7953,1.8255,1.8308,1.9824,2.0391,2.0396,1.9972,1.9642,1.9357,1.9159,1.9369,2.0191,2.0547,2.1005,2.1332,2.2242,2.4383,2.61,2.6139,2.5844
2.4964,2.598,2.5972,1.8778,1.881,1.883,1.912,1.8972,1.8844,1.8513,1.8392,1.8359,1.8322,1.7911,1.8197,1.8498,1.8812,1.8681,1.8563,1.8918,1.8829,1.8726,1.8424,1.8127,1.7859,1.7818,1.8199,1.818,1.7971,1.7234,1.673,1.6553,1.6101,1.6527,1.6577,1.7175,1.7419,1.724,1.7365,1.7381,1.6614,1.5753,1.6237,1.6897,1.6783,1.6252,1.6289,1.757,1.8597,1.8941,1.904,1.8211,1.7941,1.8566,1.8771,1.8767,1.8871,1.9361,1.9868,2.0038,1.9826,1.8828,1.8754,1.9242,1.9527,2.0563
2.2941,2.6814,2.8157,2.7107,2.8055,1.8973,1.9021,1.8758,1.8773,1.8719,1.8754,1.8802,1.8585,1.8936,1.9058,1.8615,1.8527,1.911,1.8642,1.8468,1.885,1.9036,1.9081,1.9076,1.9111,1.9329,1.9169,1.9025,1.8334,1.7803,1.7703,1.7809,1.8249,1.8886,1.8564,1.8284,1.9393,1.9403,1.9185,1.8704,1.8599,1.8444,1.8155,1.7869,1.8042,1.7977,1.8185,1.8509,1.8485,1.8395,1.8682,1.8844,1.8568,1.8778,1.8191,1.8285,1.864,1.8217,1.8176,1.8864,2.0157,1.9579,1.9932,2.0556,2.0537,2.0985
2.2243,2.3265,2.4742,2.5911,2.8497,1.8792,1.8834,1.903,1.9234,1.8816,1.8562,1.8381,1.8389,1.8491,1.8599,1.8631,1.8661,1.86,1.8498,1.8435,1.8366,1.8458,1.8205,1.8345,1.8311,1.8159,1.8169,1.8007,1.776,1.7176,1.7044,1.6521,1.6205,1.5364,1.4861,1.4403,1.4198,1.4611,1.4878,1.4456,1.4333,1.6014,1.7767,1.8068,1.7602,1.7527,1.7815,1.8108,1.8766,1.834,1.8638,1.9796,2.0374,1.9657,2.0167,2.1052,2.1536,2.1077,2.0404,2.0454,2.0893,2.103,2.1305,2.1184,2.1328,2.1677
2.1269,2.2102,2.3493,2.5911,2.7411,1.8947,1.8801,1.8821,1.8722,1.8399,1.8517,1.8559,1.8714,1.8712,1.8571,1.8409,1.8523,1.8696,1.8729,1.91,1.929,1.8752,1.8595,1.861,1.8621,1.8568,1.8403,1.851,1.8437,1.8374,1.857,1.8742,1.8866,1.845,1.8018,1.8484,1.8618,1.8477,1.8501,1.8257,1.8422,1.8695,1.8343,1.803,1.78,1.7741,1.7359,1.7393,1.75,1.802,1.8232,1.762,1.8053,1.9684,2.0279,1.9082,1.8355,1.9079,1.8887,1.9134,2.0597,2.0665,2.1134,2.2351,2.2542,2.2605
2.3542,2.3654,2.4311,2.6143,2.7043,1.8735,1.8736,1.8699,1.8812,1.871,1.8634,1.8585,1.8791,1.8759,1.8663,1.8704,1.8421,1.8562,1.8556,1.8474,1.8429,1.8205,1.7696,1.8292,1.8846,1.8743,1.8065,1.7403,1.7288,1.7067,1.6611,1.6735,1.605,1.5184,1.592,1.69,1.6639,1.59,1.6162,1.6543,1.6132,1.5754,1.669,1.7823,1.7955,1.8102,1.8387,1.8193,1.7781,1.8295,1.8814,1.8507,1.8213,1.8679,1.881,1.9567,2.0028,2.0008,2.0836,2.1891,2.2251,2.1788,2.2476,2.2931,2.2091,2.1814
2.238,2.3047,2.3713,2.3945,2.5,1.8642,1.8698,1.8758,1.87,1.8642,1.8854,1.898,1.8759,1.8633,1.8613,1.8842,1.8988,1.8822,1.8841,1.8719,1.8809,1.8569,1.8611,1.8785,1.8728,1.8562,1.8515,1.8638,1.8559,1.8492,1.8417,1.8291,1.7971,1.7777,1.864,1.8963,1.8481,1.8257,1.814,1.8506,1.8733,1.8835,1.9103,1.9084,1.8455,1.867,1.8682,1.8534,1.8892,1.892,1.9084,1.9541,1.9325,1.932,1.8302,1.8214,1.9161,1.8916,1.8648,1.9188,1.915,1.9275,2.0377,2.1032,2.0741,2.0983
2.31,2.4937,2.5099,2.5947,2.6177,1.9158,1.8945,1.9027,1.8997,1.885,1.8767,1.8415,1.8052,1.8103,1.8236,1.8419,1.8278,1.8068,1.8121,1.82,1.808,1.7804,1.7615,1.7802,1.7959,1.7899,1.7567,1.7536,1.7674,1.8122,1.7862,1.7617,1.7608,1.7359,1.7204,1.7205,1.7196,1.6225,1.6187,1.6192,1.5859,1.6908,1.7747,1.6512,1.6104,1.7275,1.7086,1.7547,1.7685,1.8219,1.8638,1.8234,1.8308,1.8642,1.9227,1.9409,2.0118,2.0437,2.0856,2.079,2.1033,2.2136,2.1896,2.2065,2.1881,2.2443
2.3306,2.3136,2.3102,2.3632,2.3945,1.8723,1.8835,1.8911,1.8862,1.8789,1.8849,1.9021,1.8873,1.8744,1.8788,1.8591,1.8517,1.8588,1.8793,1.8643,1.8727,1.8731,1.8617,1.8664,1.8651,1.8565,1.8535,1.863,1.8485,1.8655,1.8546,1.834,1.8937,1.9162,1.8798,1.9258,1.9582,2.0695,2.1344,2.0157,1.8589,1.7305,1.7141,1.7584,1.8324,1.8328,1.8185,1.8185,1.8722,1.8586,1.8128,1.8843,1.8664,1.8118,1.8765,1.8954,1.8837,1.8824,1.8918,1.883,1.8837,1.8785,1.9421,2.0267,2.0921,2.1391
2.1741,2.3028,2.3734,2.4337,2.7258,1.8731,1.8681,1.8753,1.8833,1.8985,1.8805,1.8725,1.8845,1.8775,1.8716,1.8735,1.8791,1.8717,1.821,1.8187,1.8469,1.8578,1.8407,1.8419,1.8377,1.8254,1.8113,1.8056,1.7741,1.762,1.6905,1.6051,1.4922,1.3318,1.3788,1.6323,1.629,1.448,1.4362,1.5377,1.4935,1.3839,1.4144,1.5843,1.6793,1.6601,1.6377,1.8037,1.9062,1.9183,1.8998,1.9152,2.0175,2.072,2.0492,2.0967,2.147,2.2148,2.3092,2.357,2.3279,2.3082,2.3235,2.2777,2.2583,2.2301
2.2245,2.2974,2.3789,2.4696,2.5106,1.8508,1.8438,1.8677,1.8896,1.8556,1.8663,1.8634,1.8815,1.8411,1.8381,1.8613,1.8883,1.8855,1.8633,1.8894,1.9,1.8758,1.872,1.8698,1.8841,1.8597,1.8971,1.883,1.8718,1.8815,1.8539,1.84,1.8099,1.7776,1.8247,1.8313,1.8154,1.8114,1.8128,1.8074,1.8372,1.8206,1.7929,1.7232,1.7746,1.8161,1.8197,1.7975,1.7851,1.8314,1.9016,1.8532,1.812,1.7931,1.8028,1.8785,1.9638,1.8997,1.8702,1.9483,1.9714,2.0466,2.1861,2.2766,2.3186,2.435
2.4917,2.3444,2.3344,2.4893,2.4845,1.8913,1.893,1.8844,1.9002,1.8872,1.8764,1.8805,1.8854,1.8773,1.8751,1.885,1.8719,1.8638,1.8668,1.8552,1.8566,1.8543,1.8233,1.8169,1.823,1.786,1.7517,1.7467,1.7536,1.7511,1.6645,1.6088,1.5541,1.5769,1.5935,1.5636,1.5613,1.6265,1.6122,1.5219,1.5708,1.6083,1.5649,1.5746,1.6369,1.6982,1.6899,1.743,1.8104,1.7831,1.8209,1.9127,1.936,1.9463,1.9538,2.0559,2.1747,2.1638,2.1905,2.3364,2.3788,2.3097,2.2766,2.3438,2.3357,2.293
2.3187,2.2358,2.2205,2.3682,2.5031,1.8867,1.8711,1.841,1.8623,1.8664,1.854,1.8427,1.849,1.8454,1.8516,1.8659,1.8652,1.8914,1.8941,1.8737,1.8826,1.8856,1.904,1.8867,1.8933,1.8958,1.8904,1.8717,1.8816,1.8783,1.8463,1.8452,1.854,1.8512,1.8281,1.7936,1.8024,1.7907,1.8979,1.9285,1.899,1.8898,1.8693,1.8636,1.8532,1.8774,1.8616,1.8623,1.7874,1.7359,1.7165,1.804,1.7651,1.8193,1.8983,1.9118,1.9351,1.9206,1.9026,1.9559,1.934,1.8616,1.8193,1.9416,2.0879,2.2545
2.2441,2.2832,2.4659,2.6195,2.8304,2.8096,1.8849,1.8503,1.8911,1.8247,1.8732,1.8325,1.8412,1.8638,1.8662,1.8639,1.8668,1.8725,1.862,1.8428,1.7812,1.7851,1.7731,1.7689,1.7761,1.7878,1.727,1.6175,1.5605,1.5835,1.5857,1.5028,1.5567,1.6489,1.6104,1.6007,1.5783,1.6166,1.6883,1.7018,1.6781,1.7283,1.8237,1.8615,1.8081,1.7823,1.8389,1.9089,1.8609,1.8694,1.9556,1.9865,1.9733,2.0217,2.1036,2.1844,2.2366,2.2814,2.2365,2.1571,2.1373,2.1735,2.1102,2.0723,2.1332,2.1205
2.0272,2.0407,2.0967,2.1567,2.2668,2.3087,1.8821,1.8883,1.8884,1.9036,1.8965,1.8784,1.8764,1.8825,1.8727,1.8665,1.8769,1.8821,1.8699,1.8668,1.875,1.8779,1.8736,1.8748,1.8738,1.8731,1.8947,1.9037,1.9074,1.8968,1.8669,1.8513,1.8496,1.8438,1.8249,1.8657,1.8514,1.8418,1.8366,1.8285,1.8285,1.8333,1.8157,1.8097,1.8796,1.9901,1.9315,1.8911,1.9035,1.8651,1.7901,1.7422,1.7441,1.6837,1.6694,1.7103,1.755,1.7853,1.7939,1.8457,1.9277,2.059,2.0982,2.0044,2.0718,2.1739
2.193,2.266,2.2455,2.2692,2.4344,2.5754,2.5111,2.4661,2.4345,2.5225,2.5527,1.8447,1.8565,1.8841,1.9073,1.8925,1.8996,1.8993,1.8966,1.8822,1.8746,1.8687,1.8771,1.8743,1.8504,1.8556,1.8481,1.8543,1.8687,1.8581,1.8498,1.845,1.8347,1.8055,1.7935,1.7701,1.7451,1.7281,1.6879,1.6825,1.6527,1.6399,1.5905,1.3912,1.2308,1.2152,1.2289,1.326,1.3874,1.4699,1.533,1.5644,1.6025,1.7372,1.8097,1.795,1.8325,1.9336,2.01,2.0377,2.0808,2.1733,2.2041,2.263,2.3952,2.462
2.3444,2.2707,2.3329,2.3442,2.2634,2.2292,2.3663,2.4006,2.3872,2.4559,2.5256,1.8057,1.8337,1.8757,1.889,1.8753,1.8566,1.8608,1.8702,1.8416,1.8327,1.8445,1.811,1.8198,1.8582,1.8872,1.9312,1.9114,1.8952,1.8863,1.8905,1.8707,1.8462,1.8212,1.7794,1.7689,1.792,1.8287,1.8758,1.8842,1.8994,1.9319,1.898,1.8554,1.8698,1.8448,1.8084,1.8237,1.8192,1.8104,1.8269,1.8153,1.807,1.8014,1.7909,1.8525,1.8704,1.861,2.0063,2.0511,1.9281,1.897,1.8888,1.9397,1.985,2.042
2.1207,2.2453,2.3687,2.4878,2.5243,2.5593,2.6495,2.7387,2.7091,2.7714,2.8754,1.8759,1.8943,1.9082,1.881,1.8682,1.8827,1.8847,1.863,1.8581,1.8646,1.886,1.8988,1.8733,1.8568,1.8512,1.8425,1.8562,1.8132,1.7991,1.8845,1.8528,1.8258,1.8186,1.7724,1.7406,1.7334,1.7623,1.7281,1.6856,1.5813,1.4742,1.3991,1.3517,1.2796,1.2414,1.2751,1.4253,1.5851,1.4847,1.5214,1.7071,1.8483,1.7795,1.7365,1.8212,1.9283,1.8934,1.9542,2.102,2.1661,2.2186,2.2696,2.2081,2.2352,2.2524
2.2269,2.1864,2.2955,2.4,2.2348,2.2348,2.5278,2.4649,2.3147,2.4639,2.5913,1.8747,1.8788,1.8758,1.8874,1.9023,1.884,1.8882,1.8799,1.8756,1.8819,1.8875,1.8848,1.8702,1.8709,1.8766,1.8815,1.9156,1.8875,1.8626,1.8702,1.853,1.8323,1.8138,1.8068,1.7953,1.7999,1.8314,1.8457,1.8636,1.844,1.8357,1.837,1.8496,1.8475,1.8367,1.8782,1.8605,1.829,1.8334,1.7979,1.7897,1.7294,1.713,1.759,1.8034,1.8966,2.0443,1.9849,1.9566,2.0676,2.0849,1.9925,1.9027,1.9372,2.1037
2.1995,2.2414,2.2832,2.3488,2.4697,2.5515,2.5823,2.5812,2.4744,2.4662,2.6473,1.8746,1.8854,1.8607,1.8543,1.8579,1.896,1.8779,1.8557,1.8786,1.8788,1.8846,1.8853,1.8761,1.8588,1.8738,1.8735,1.8792,1.8608,1.8715,1.8657,1.8352,1.827,1.8304,1.7944,1.7686,1.7627,1.7538,1.7047,1.6512,1.628,1.6027,1.5435,1.5362,1.4842,1.4967,1.6208,1.6345,1.4823,1.4883,1.6286,1.6526,1.6137,1.5276,1.5625,1.7547,1.8753,1.7816,1.7547,1.8977,1.9974,1.9747,1.9477,2.0621,2.105,2.0553
2.0941,2.1929,2.1945,2.1733,2.2597,2.29,2.3248,2.3707,2.5125,2.7186,2.7364,1.8463,1.8547,1.8322,1.855,1.872,1.88,1.8773,1.8779,1.8821,1.8865,1.8873,1.8825,1.8827,1.8764,1.8631,1.855,1.8598,1.8422,1.832,1.8485,1.8867,1.9168,1.9043,1.8843,1.8502,1.8388,1.8356,1.8057,1.8243,1.8226,1.8155,1.8123,1.8105,1.8056,1.7811,1.7807,1.8027,1.7632,1.7719,1.8297,1.8289,1.8096,1.8897,2.0006,1.9898,1.9465,1.8663,1.8107,1.8521,1.892,1.9217,1.9252,1.9349,2.0354,2.0857
2.1908,2.1937,2.2377,2.432,2.5107,2.5257,2.6162,2.5702,2.5464,2.5408,2.6279,1.8725,1.8489,1.8551,1.8754,1.9097,1.8961,1.8945,1.8866,1.86,1.8555,1.8503,1.8524,1.8629,1.8592,1.8481,1.8615,1.8671,1.8654,1.8744,1.8515,1.8336,1.8214,1.8023,1.7782,1.7157,1.6719,1.65,1.6486,1.6483,1.6391,1.6388,1.6138,1.5628,1.509,1.5114,1.534,1.4729,1.4506,1.5186,1.7396,1.7248,1.6503,1.6628,1.6528,1.6675,1.7713,1.8113,1.8153,1.842,1.9466,1.9679,2.012,2.0741,2.0645,2.0974
2.2282,2.3145,2.3019,2.1614,2.2464,2.3743,2.4008,2.3194,2.3645,2.5782,1.7521,1.8017,1.824,1.879,1.8947,1.9684,1.9445,1.9095,1.8806,1.8561,1.8496,1.8488,1.8597,1.8981,1.9156,1.8818,1.8535,1.8498,1.8886,1.9181,1.9135,1.918,1.9272,1.8703,1.8927,2.0046,1.9266,1.8829,1.8541,1.7481,1.8826,1.9749,2.0569,1.9766,1.8858,1.8565,1.6493,1.6218,1.6941,1.7561,1.8561,2.0049,2.0262,1.9993,1.991,1.9718,1.9733,1.9989,2.002,2.0168,2.0489,2.0521,2.077,2.0776,2.0476,2.0503
2.051,2.019,1.9531,1.8946,1.8569,1.8572,1.8384,1.9421,2.1497,2.4134,2.664,2.7772,2.7592,1.8783,1.8754,1.8703,1.8543,1.8595,1.888,1.9112,1.9301,1.9316,1.915,1.8828,1.8808,1.8802,1.8796,1.8707,1.8803,1.8958,1.9001,1.8902,1.891,1.8782,1.8656,1.8725,1.8555,1.8347,1.812,1.7842,1.7325,1.6468,1.5801,1.4899,1.3819,1.2164,1.1537,1.2053,1.2583,1.284,1.2906,1.4476,1.5608,1.7258,1.8233,1.8883,1.9368,2.1019,2.2576,2.2782,2.2609,2.2528,2.217,2.1967,2.1966,2.1649
2.1183,2.0765,2.1075,2.0912,2.0045,1.9383,1.8805,1.9149,2.0469,2.2097,2.3909,2.6625,2.7486,1.8524,1.854,1.8713,1.9037,1.9175,1.9147,1.9225,1.9,1.8881,1.8791,1.8643,1.8868,1.8787,1.8731,1.8676,1.8711,1.8744,1.8981,1.9042,1.8795,1.815,1.7613,1.7067,1.7066,1.7666,1.7626,1.7252,1.6628,1.6052,1.5446,1.5215,1.5289,1.4521,1.3208,1.273,1.3902,1.4628,1.4507,1.5173,1.6784,1.8711,1.9778,2.0009,1.9885,2.0022,2.0213,2.0182,2.026,2.0223,2.0364,2.0938,2.1442,2.2072
2.2842,2.2891,2.2338,2.1556,2.1159,2.0575,2.0626,2.1261,2.1728,2.2459,2.3798,2.5487,2.5617,1.9076,1.899,1.8711,1.8617,1.8593,1.8355,1.8111,1.8349,1.8628,1.892,1.8999,1.8839,1.8701,1.8778,1.9269,1.9253,1.8524,1.7776,1.7072,1.7045,1.7705,1.8547,1.8919,1.9349,1.9402,1.9206,1.8644,1.755,1.5718,1.3583,1.2729,1.2567,1.1829,1.2445,1.3737,1.5807,1.8481,1.8481,1.9022,1.8867,1.8684,1.9008,1.9436,2.0054,2.0108,1.9937,1.9854,1.974,1.9791,1.9602,1.9421,2.0135,2.0077
2.0058,1.9983,2.0211,2.0611,2.0904,2.0736,2.0667,2.1352,2.1688,2.1959,2.3305,2.4912,2.6848,1.8923,1.9177,1.9042,1.8935,1.8932,1.8776,1.8704,1.86,1.8656,1.8445,1.8602,1.8528,1.8733,1.8806,1.8894,1.8853,1.8717,1.8435,1.8438,1.8488,1.8423,1.8076,1.75,1.7436,1.7182,1.6942,1.7004,1.7304,1.7122,1.5908,1.4546,1.332,1.2778,1.2526,1.269,1.3539,1.5362,1.6965,1.8085,1.949,1.9787,1.8835,1.8996,1.9448,2.011,2.0137,2.0412,2.0675,2.0425,2.0438,2.0176,2.0188,2.0497
2.0682,2.0467,2.0331,2.0598,2.1701,2.1987,2.1463,2.087,2.0736,2.1694,2.3433,2.6079,2.7954,1.858,1.8718,1.8872,1.8991,1.9017,1.8959,1.8875,1.8838,1.8669,1.8818,1.8909,1.8802,1.8715,1.8829,1.8833,1.8783,1.8657,1.8671,1.883,1.9086,1.9133,1.9099,1.8992,1.8396,1.7554,1.6942,1.6316,1.5815,1.5448,1.4846,1.4102,1.3821,1.3898,1.3695,1.3573,1.4285,1.5268,1.5156,1.5453,1.5573,1.7493,1.9205,1.984,1.9331,1.9815,2,2.0073,2.0563,2.0568,2.0458,2.0352,2.0408,2.0361
2.0148,2.0494,2.1842,2.2269,2.1673,2.1422,2.1955,2.1745,2.1005,2.1352,2.308,2.4594,2.6998,2.8092,1.8794,1.8709,1.8551,1.8666,1.8686,1.8872,1.8782,1.8811,1.8708,1.878,1.8702,1.877,1.8599,1.8701,1.8664,1.8566,1.8429,1.8301,1.7942,1.7754,1.7675,1.8252,1.813,1.7459,1.6934,1.6501,1.6318,1.5571,1.4501,1.4317,1.5051,1.4893,1.5179,1.6363,1.7003,1.6648,1.6648,1.6854,1.7003,1.734,1.8418,1.9248,1.9155,1.8637,1.8975,2.0072,2.0486,2.0913,2.0925,2.0889,2.1459,2.1391
2.1479,2.0888,2.032,2.0136,2.0411,2.0342,1.9311,1.9135,1.9847,2.0479,2.0335,2.139,2.4415,2.7711,1.9394,1.8955,1.8681,1.8544,1.8496,1.861,1.873,1.8781,1.9024,1.8888,1.8779,1.91,1.9046,1.882,1.8573,1.8464,1.8343,1.8486,1.8959,1.8997,1.866,1.7945,1.763,1.7545,1.786,1.7842,1.7834,1.7831,1.7837,1.7254,1.6576,1.5675,1.4468,1.3551,1.3767,1.5541,1.5717,1.5331,1.4512,1.5156,1.5553,1.6708,1.7695,1.7423,1.6417,1.7592,1.8889,2.0052,2.0138,2.0258,2.0527,2.1258
2.1788,2.2142,2.1599,2.0805,2.1124,2.0983,1.9828,1.8784,1.8726,1.9886,2.2262,2.4568,2.8794,3.3924,1.8781,1.8789,1.8866,1.8967,1.9004,1.8865,1.8716,1.8605,1.8359,1.8525,1.8653,1.8975,1.9045,1.9131,1.8922,1.8857,1.8681,1.8702,1.8984,1.8961,1.9231,1.9229,1.8915,1.8291,1.8027,1.7863,1.7668,1.7581,1.7456,1.6851,1.6398,1.527,1.4083,1.2675,1.174,1.1797,1.3163,1.3944,1.513,1.7051,1.7975,1.7593,1.6827,1.7206,1.814,1.8671,1.9433,1.9813,1.9654,2.0379,2.1101,2.163
2.1181,2.1312,2.1575,2.1963,2.1907,2.143,2.1171,2.1141,2.0804,2.0768,2.0694,2.1685,2.4893,2.7311,2.9453,1.8702,1.8558,1.839,1.8615,1.8657,1.8732,1.8969,1.8936,1.884,1.8848,1.8563,1.8384,1.8376,1.8685,1.8864,1.9114,1.9045,1.8754,1.8731,1.8616,1.8125,1.7586,1.7341,1.7421,1.725,1.702,1.7084,1.6746,1.6223,1.5463,1.4399,1.4117,1.4307,1.4238,1.4176,1.5023,1.6017,1.8208,1.9793,2.0091,1.871,1.6994,1.6509,1.7564,1.8122,1.8338,1.8663,1.8879,1.9388,2.0164,2.0654
2.1088,2.116,2.1295,2.175,2.2125,2.1957,2.1579,2.1173,2.0865,2.0814,2.1236,2.1307,2.2204,2.4086,2.5618,1.9352,1.9068,1.8944,1.8551,1.8557,1.842,1.8589,1.8767,1.9072,1.9116,1.8935,1.8865,1.8659,1.849,1.8607,1.8756,1.893,1.9249,1.905,1.8771,1.848,1.8409,1.8461,1.7967,1.7624,1.7344,1.6609,1.6094,1.6558,1.5723,1.501,1.4474,1.5011,1.5228,1.4796,1.4179,1.4476,1.4958,1.552,1.5574,1.4832,1.5145,1.6062,1.7066,1.8827,1.9943,2.0661,2.1014,2.0869,2.0718,2.0613
2.0784,2.1156,2.1361,2.1495,2.1728,2.2114,2.2368,2.2395,2.2109,2.1957,2.2313,2.2267,2.2773,2.4355,2.6191,1.8912,1.8879,1.856,1.8665,1.8662,1.8681,1.8787,1.88,1.9005,1.9127,1.9107,1.8756,1.8636,1.8544,1.8645,1.8512,1.8469,1.8093,1.7666,1.7485,1.7287,1.6698,1.6025,1.5519,1.4685,1.4174,1.4008,1.4047,1.4409,1.5408,1.5824,1.6786,1.798,1.8094,1.7571,1.7463,1.7063,1.8143,1.9322,1.9992,2.0694,2.0992,2.1274,2.134,2.1352,2.1154,2.0807,2.0134,1.9764,1.9379,1.9062
1.9436,1.9488,1.9494,1.9192,1.9637,1.974,2.0141,2.0271,2.0368,2.0688,2.1164,2.1958,2.3254,2.505,2.6938,1.8985,1.9035,1.9019,1.8874,1.8757,1.8824,1.8581,1.8975,1.8797,1.8668,1.8844,1.8932,1.8796,1.8649,1.8623,1.866,1.8983,1.9232,1.8902,1.8262,1.7907,1.7694,1.8023,1.7661,1.666,1.5742,1.5729,1.6276,1.6888,1.683,1.5531,1.5197,1.506,1.5025,1.5045,1.4243,1.365,1.3728,1.5312,1.7418,1.7907,1.7826,1.8244,1.8154,1.842,1.8696,1.9978,2.1023,2.0993,2.0922,2.1068
2.1626,2.148,2.1352,2.1856,2.2117,2.1947,2.2149,2.2421,2.1969,2.2208,2.2098,2.2269,2.4515,1.8573,1.867,1.8672,1.8765,1.8806,1.8843,1.8666,1.8647,1.8513,1.8423,1.8389,1.8291,1.8231,1.814,1.8093,1.7886,1.7782,1.7939,1.8228,1.8484,1.8174,1.7428,1.7009,1.6366,1.5713,1.5043,1.4437,1.4151,1.4164,1.455,1.5684,1.6496,1.721,1.7488,1.7556,1.7478,1.807,1.8047,1.7439,1.74,1.809,1.9044,1.9506,1.981,2.0209,2.0121,2.0024,2.0121,2.001,2.0032,2.0271,2.0672,2.0989
2.0904,2.0763,2.0741,2.1127,2.1208,2.128,2.1474,2.1384,2.1837,2.2478,2.3506,2.4383,2.5411,1.8681,1.8757,1.8459,1.8534,1.849,1.8473,1.86,1.8766,1.8871,1.8799,1.8613,1.8602,1.8854,1.8913,1.8639,1.8781,1.8499,1.8272,1.8077,1.7689,1.7345,1.7053,1.7472,1.8805,1.8436,1.7838,1.6453,1.538,1.4938,1.5101,1.4221,1.3643,1.362,1.3578,1.4572,1.6029,1.7102,1.8214,1.7918,1.9014,1.9321,1.8878,1.8834,2.0081,2.05,2.009,1.9814,2.019,2.0362,2.0227,1.984,1.9497,1.8972
1.9387,2.0006,1.968,1.9599,1.9708,2.0264,2.0744,2.0869,2.1001,2.1833,2.329,2.5712,2.8738,2.9961,1.8028,1.8263,1.8457,1.8167,1.8044,1.8279,1.8561,1.8923,1.9119,1.9367,1.9327,1.9037,1.8723,1.8593,1.8357,1.8226,1.8286,1.8365,1.8752,1.9035,1.9094,1.9117,1.9,1.8785,1.8747,1.8734,1.8901,1.8818,1.8588,1.8493,1.8437,1.8661,1.8661,1.8799,1.8633,1.858,1.8271,1.8213,1.7958,1.7489,1.7292,1.7153,1.6875,1.8035,1.881,1.9727,2.0145,1.9569,1.8879,1.8502,1.8055,1.7557
1.7369,1.7516,1.7404,1.7416,1.8328,1.9514,2.0773,2.2596,2.4518,2.5874,2.7171,2.6864,2.6711,2.6732,2.6776,1.9013,1.8803,1.8634,1.8432,1.8488,1.8562,1.8656,1.8718,1.859,1.8264,1.7804,1.7803,1.7551,1.7105,1.6938,1.6559,1.6542,1.6924,1.7756,1.8113,1.7973,1.7691,1.7125,1.7189,1.6744,1.6211,1.6105,1.631,1.6542,1.6536,1.6977,1.7132,1.7398,1.8009,1.8066,1.7801,1.7824,1.8021,1.8336,1.8551,1.8885,1.9016,1.9395,1.9681,1.9913,2.0319,2.0261,2.0243,2.0322,2.0784,2.1018
2.0611,2.0119,2.004,2.0179,1.9944,1.9807,1.9578,1.9557,1.9528,1.9808,2.0536,2.184,2.3501,2.5483,2.7081,2.1229,1.9986,1.8794,1.8394,1.866,1.8809,1.8734,1.8192,1.7841,1.7879,1.7903,1.8201,1.8417,1.8776,1.9008,1.9017,1.9015,1.8884,1.8724,1.8577,1.8422,1.8231,1.8087,1.8389,1.8572,1.8858,1.9246,1.9007,1.9022,1.9136,1.8998,1.8821,1.8851,1.8753,1.8497,1.8438,1.8498,1.8549,1.8673,1.8704,1.8732,1.8499,1.8385,1.7896,1.7556,1.7476,1.7425,1.7643,1.8129,1.8713,1.9008
1.9083,1.8919,1.8671,1.859,1.8699,1.8828,1.8644,1.818,1.9108,2.135,2.4578,2.6544,2.706,2.6931,2.6778,2.7127,1.895,1.8652,1.8152,1.7887,1.7959,1.838,1.859,1.9109,1.885,1.9052,1.9502,1.9349,1.9062,1.8576,1.8298,1.8276,1.8454,1.8437,1.8616,1.8736,1.8887,1.8967,1.8797,1.8693,1.8634,1.8467,1.8451,1.8362,1.8339,1.8393,1.8434,1.8531,1.8439,1.8484,1.8341,1.8506,1.8968,1.9074,1.8839,1.8479,1.8222,1.8298,1.8261,1.8204,1.8364,1.7909,1.829,1.8468,1.8545,1.8815
1.9065,1.8707,1.8992,1.9327,1.9972,2.0989,2.2215,2.2394,2.2356,2.3003,2.4141,2.4859,2.5351,2.6103,2.6571,2.7247,1.8762,1.861,1.8641,1.8648,1.8757,1.8537,1.8518,1.8502,1.8731,1.8894,1.9027,1.9037,1.8835,1.878,1.924,1.9406,1.9251,1.8772,1.7954,1.7203,1.6362,1.5633,1.4343,1.3115,1.2042,1.1957,1.312,1.3921,1.452,1.6136,1.8479,1.8949,1.8856,1.8235,1.7217,1.7079,1.6702,1.8193,1.8912,1.9259,2.0008,2.0672,2.0545,2.0922,2.0593,2.0021,1.9427,1.9719,2.0069,1.9735
1.9686,1.9971,2.0293,2.039,2.0497,2.0561,2.0701,2.0966,2.1203,2.125,2.174,2.2318,2.2919,2.3677,2.4541,2.5001,1.8607,1.8755,1.8952,1.8819,1.8887,1.9052,1.9021,1.8959,1.889,1.8942,1.8618,1.8807,1.8612,1.8688,1.894,1.9142,1.9054,1.8832,1.8615,1.8435,1.831,1.7853,1.7452,1.7532,1.7459,1.7047,1.6373,1.5755,1.4808,1.3512,1.2664,1.2782,1.3297,1.3387,1.4171,1.5539,1.59,1.6549,1.7108,1.7901,1.8801,1.9067,1.9689,2.0516,2.0831,2.0694,2.1,2.1472,2.1362,2.1321
2.1033,2.113,2.0792,2.0372,2.0913,2.0918,2.0672,2.0331,2.0772,2.0607,2.0763,2.1733,2.3071,2.3945,2.5413,2.6276,1.7573,1.8191,1.7988,1.8299,1.8714,1.8844,1.9133,1.9099,1.9149,1.9435,1.9422,1.9382,1.9175,1.8786,1.8474,1.8194,1.8408,1.8418,1.8459,1.8451,1.8528,1.863,1.858,1.8511,1.866,1.8695,1.8977,1.9003,1.909,1.9144,1.8979,1.8773,1.8633,1.8373,1.8529,1.8586,1.8628,1.8705,1.8964,1.8824,1.8771,1.889,1.9052,1.8782,1.8328,1.8191,1.8024,1.7828,1.7737,1.7707
1.7915,1.8132,1.8539,1.8666,1.8617,1.9357,1.9144,1.993,2.0592,2.1364,2.3009,2.3561,2.3316,2.4111,2.5162,2.57,1.8473,1.8431,1.8562,1.8645,1.843,1.8061,1.8051,1.7713,1.7627,1.7662,1.7718,1.7992,1.8284,1.8279,1.8218,1.7901,1.8041,1.7792,1.7628,1.6899,1.6796,1.6241,1.5965,1.55,1.5555,1.573,1.5594,1.591,1.6551,1.7124,1.6979,1.7359,1.7929,1.8574,1.8567,1.8487,1.8519,1.8763,1.8768,1.8859,1.8855,1.8842,1.9293,1.9746,2.0479,2.0562,2.0444,2.0619,2.0974,2.0844
2.0579,2.052,2.0864,2.1022,2.0545,1.9674,1.9588,1.9694,2.0955,2.0404,2.061,2.165,2.2912,2.3936,2.4848,2.5298,1.8886,1.8988,1.9282,1.899,1.8815,1.843,1.8099,1.8019,1.7841,1.7675,1.7822,1.8139,1.7888,1.7759,1.7922,1.7515,1.7164,1.7508,1.7737,1.8437,1.8749,1.7909,1.7241,1.6692,1.6824,1.6233,1.5662,1.5248,1.4922,1.4779,1.4724,1.5176,1.5387,1.6127,1.7587,1.8525,1.8817,1.916,1.9312,1.9329,1.9632,1.9688,2.0036,2.0382,2.0632,2.0656,1.9738,2.0022,2.1152,2.1649
2.1063,2.0766,2.0732,2.0271,2.0047,2.025,2.0395,2.0008,1.9967,2.0519,2.0986,2.1432,2.1691,2.214,2.3216,2.4304,1.8625,1.8688,1.8837,1.9345,1.9118,1.8989,1.8789,1.8604,1.8636,1.8723,1.881,1.8866,1.9071,1.8972,1.892,1.8876,1.8413,1.7978,1.7346,1.6795,1.6491,1.7046,1.7737,1.7289,1.5906,1.4881,1.4385,1.3707,1.3183,1.2919,1.3384,1.4261,1.5584,1.6111,1.733,1.7524,1.8297,1.8217,1.8807,1.9225,1.9197,1.8992,1.9305,1.9836,2.0054,2.0096,2.0446,2.067,2.0594,2.0782
2.1234,2.1882,2.212,2.1629,2.1529,2.1452,2.1111,2.0838,2.1043,2.146,2.1471,2.2061,2.2805,2.3572,2.4887,2.545,1.9008,1.8746,1.8709,1.8794,1.8784,1.8865,1.8587,1.846,1.873,1.8624,1.8386,1.824,1.8138,1.8507,1.8332,1.8097,1.7732,1.7345,1.704,1.654,1.6186,1.5917,1.5673,1.4899,1.4252,1.4105,1.3711,1.3893,1.3914,1.4874,1.5404,1.666,1.6783,1.7854,1.8251,1.8461,1.8706,1.9456,1.9797,2.0283,2.0894,2.1195,2.1433,2.1686,2.1497,2.1197,2.1411,2.1564,2.1334,2.0884
2.1117,2.1566,2.1363,2.1083,2.0741,2.0785,2.0789,2.0523,2.0622,2.0338,2.0761,2.1324,2.2165,2.2984,2.4275,2.4811,1.8566,1.862,1.882,1.9162,1.9224,1.8992,1.89,1.8691,1.8617,1.876,1.8856,1.9062,1.8988,1.8379,1.7509,1.698,1.7175,1.7474,1.7382,1.7345,1.7034,1.6817,1.6281,1.5943,1.5632,1.5206,1.4416,1.3885,1.4211,1.512,1.5392,1.5567,1.6477,1.7789,1.8293,1.904,1.9131,1.8389,1.8716,1.9162,1.9935,2.0477,2.0642,2.0282,2.0344,2.0641,2.0853,2.0901,2.0535,2.0417
2.0764,2.0922,2.0958,2.0625,2.074,2.0944,2.0938,2.1018,2.0542,2.0148,1.9891,1.9984,2.2216,2.4817,2.6627,3.1993,1.8613,1.8563,1.8663,1.8635,1.8447,1.7925,1.7918,1.7709,1.8364,1.93,1.9415,1.8926,1.9077,1.8377,1.7821,1.7674,1.733,1.72,1.7546,1.7464,1.818,1.8135,1.6764,1.529,1.3936,1.2645,1.2356,1.3198,1.3822,1.4156,1.5216,1.7007,1.9055,1.9497,1.8645,1.8863,1.9584,2.0117,2.0131,2.0662,2.0817,2.1008,2.1266,2.0781,2.086,2.0513,2.0662,2.0568,2.1059,2.0805
2.0812,2.0536,2.0247,2.0393,2.0307,2.0501,2.0443,2.0514,2.0382,2.0693,2.1135,2.1142,2.183,2.3469,2.5008,2.5979,1.8859,1.8897,1.8699,1.8463,1.8705,1.8602,1.8777,1.8928,1.9076,1.8862,1.8817,1.8645,1.8662,1.87,1.8536,1.8659,1.8769,1.8763,1.8959,1.8633,1.8087,1.7501,1.6951,1.6812,1.6565,1.5824,1.5411,1.4677,1.3585,1.316,1.3948,1.5621,1.5396,1.4994,1.4787,1.5308,1.5503,1.5345,1.5959,1.7053,1.7953,1.8696,1.9602,2.0027,2.0048,2.0567,2.1318,2.1401,2.1117,2.104
2.1061,2.1233,2.1365,2.1556,2.1968,2.1944,2.1932,2.1913,2.153,2.1138,2.0942,2.2614,2.4799,2.744,2.894,3.1886,1.8454,1.851,1.8709,1.8716,1.8717,1.8867,1.8704,1.86,1.8657,1.8623,1.8651,1.8653,1.863,1.8522,1.8446,1.8256,1.7631,1.7471,1.6427,1.7274,1.9637,1.9822,1.9524,1.8941,1.7511,1.7086,1.7416,1.6029,1.5704,1.7249,1.7106,1.6603,1.5393,1.4818,1.3755,1.2646,1.2601,1.4181,1.4225,1.4812,1.6774,1.7896,1.8281,1.7813,1.8932,1.9685,2.1239,2.1724,2.1605,2.1624
2.1845,2.2516,2.3383,2.2651,2.2417,2.1949,2.1645,2.2052,2.1907,2.109,2.0867,2.1559,2.319,2.5149,2.6898,2.8918,1.8935,1.892,1.8645,1.8724,1.8569,1.8736,1.8651,1.8665,1.8887,1.8959,1.9029,1.8996,1.8783,1.862,1.8532,1.8422,1.8533,1.8506,1.8518,1.8515,1.8553,1.8673,1.8481,1.8227,1.8214,1.7987,1.7989,1.8071,1.7682,1.7155,1.6588,1.6125,1.5406,1.4518,1.3695,1.2862,1.1991,1.1454,1.255,1.3225,1.474,1.5756,1.6832,1.7477,1.9438,2.0765,1.9296,1.9135,2.0398,2.1018
2.1424,2.1286,2.0895,2.1083,2.1182,2.1917,2.2122,2.167,2.139,2.0808,2.0611,2.0788,2.2086,2.4419,2.9578,3.514,1.8333,1.8714,1.8853,1.8824,1.89,1.8806,1.8781,1.8889,1.8747,1.8689,1.8584,1.859,1.8553,1.8522,1.859,1.8779,1.9262,1.9251,1.9029,1.8512,1.7683,1.7386,1.7284,1.7284,1.7118,1.6819,1.6784,1.6492,1.6553,1.6793,1.6422,1.6378,1.539,1.4346,1.3795,1.2847,1.3679,1.4095,1.4975,1.4859,1.6698,2.0407,2.0562,1.9473,1.912,1.9624,2.0672,2.0817,2.0684,2.0467
2.08,2.1277,2.1919,2.175,2.1273,2.1079,2.1297,2.1521,2.1561,2.1483,2.1401,2.1534,2.3492,2.5707,2.7436,2.899,1.7467,1.7333,1.8163,1.9385,2.0601,2.1299,1.9847,1.7401,1.7476,1.8569,1.9009,1.9744,1.9584,1.9462,1.9567,1.9356,1.8905,1.8801,1.8499,1.8422,1.8022,1.7361,1.7217,1.7136,1.7755,1.9248,2.0112,2.04,1.8831,1.6227,1.3984,1.3621,1.3188,1.2957,1.2827,1.316,1.3727,1.4194,1.5729,1.6109,1.5161,1.5277,1.6209,1.7531,1.6935,1.7964,1.9064,1.9645,1.8119,1.896
1.9812,2.0205,2.0154,2.0888,2.2425,2.3012,2.2929,2.2995,2.2666,2.3175,2.3279,2.2804,2.2914,2.4777,2.6801,2.8243,1.8924,1.8895,1.8843,1.8778,1.8591,1.8707,1.8834,1.8689,1.819,1.7565,1.7057,1.707,1.7587,1.8068,1.8593,1.8777,1.799,1.7079,1.6176,1.6083,1.5972,1.6103,1.6305,1.6052,1.5752,1.5687,1.5856,1.6086,1.5566,1.5788,1.6354,1.7746,1.6809,1.8146,1.8448,1.8624,1.8635,1.912,1.9563,1.9703,1.981,1.9622,1.9752,2.0349,2.1082,2.1534,2.1125,2.054,2.1015,2.1547
