-52.004,-50.295,-32.228,-5.8596,-2.3194,8.5452,24.049,27.223,33.57,30.885,26.368,18.799,18.677,24.171,28.809,41.627,51.637,62.868,67.141,77.395,99.246,124.39,136.97,123.78,78.982,14.893,-46.266,-118.17,-175.54,-204.11,-230.72,-242.44,-238.17,22.95,38.575,53.102,64.699,73.855,79.836,85.086,88.504,89.236,86.673,86.062,85.696,81.912,80.081,81.423,78.616,75.564,72.756,69.338,65.432,61.403,62.746,63.112,56.398,53.835,55.177,57.741,54.933,50.661,49.44,55.3,59.45,62.258
64.577,65.92,65.432,66.774,69.948,72.512,71.291,71.291,68.85,73,77.029,78.86,74.831,65.065,50.661,33.326,14.283,-5.2492,-31.129,-48.463,-61.403,-70.681,-74.343,-78.005,-83.01,-83.377,-73.489,-68.606,-56.52,-57.741,-76.296,-101.81,-62.868,-44.679,-47.609,-44.069,-35.89,-21.119,-7.0803,4.7609,20.508,37.233,46.876,58.351,60.915,63.967,66.286,56.032,53.102,53.102,61.281,63.478,71.657,81.545,79.836,74.343,63.234,58.596,58.229,56.032,53.591,55.055,62.258,72.756,83.987,96.805
107.55,120.24,138.07,151.86,156.5,154.55,153.2,156.62,158.94,159.67,157.35,146.61,134.89,126.35,118.41,118.17,121.22,120.85,118.05,104.74,100.1,97.171,99.979,94.607,80.081,70.437,65.065,57.741,46.754,35.401,26.124,48.219,64.577,-42.604,-47.243,-46.632,-37.477,-38.453,-35.646,-25.025,-15.381,-3.6622,9.6438,24.537,38.82,40.773,44.679,56.032,65.92,75.808,84.353,96.927,104.37,107.67,107.79,105.72,104.74,105.35,97.903,88.992,81.545,74.221,64.211,56.276,50.661,45.045
45.778,48.219,55.177,75.442,102.05,131.23,154.18,172.86,183.97,189.7,185.55,187.51,188.6,193.12,183.48,164.19,156.01,143.19,123.29,97.781,78.86,58.473,36.256,12.94,-3.4181,-8.0569,-15.87,-10.132,-17.823,-5.1271,-2.0753,60.427,84.964,8.301,6.9582,3.4181,0,0.4883,-5.4933,-5.6154,-1.8311,-0.36622,10.865,16.968,26.002,31.617,36.378,41.261,39.796,22.095,7.6907,-7.0803,-28.321,-53.102,-74.221,-76.052,-72.878,-79.226,-72.146,-61.892,-56.154,-48.952,-45.534,-41.993,-40.162,-42.36
-42.482,-48.585,-48.83,-45.534,-43.336,-36.622,-28.687,-25.758,-15.259,2.1973,24.171,52.98,95.096,121.59,166.75,197.64,182.26,163.58,128.91,72.878,-15.87,-107.79,-163.21,-183.36,-176.89,-169.07,-131.47,-86.062,-60.06,-73.733,-58.473,-3.0519,63.967,-14.771,-26.368,-35.157,-43.092,-48.83,-46.022,-45.045,-46.144,-49.684,-46.022,-34.913,-23.927,-8.179,4.2726,10.865,20.142,34.425,60.427,64.577,49.684,35.035,33.815,31.495,20.875,4.0284,-4.5167,5.005,5.6154,-9.2776,-21.119,-32.228,-42.116,-40.773
-25.269,-8.4231,8.9114,28.077,49.562,68.85,92.654,116.95,139.9,165.53,190.68,214.73,237.43,261.85,278.08,280.04,280.4,274.67,268.07,258.31,230.11,199.59,173.22,136.48,106.2,79.104,53.224,31.007,8.179,-28.687,-69.704,-95.584,30.519,85.696,105.72,-31.617,-26.978,-0.12207,30.152,66.652,81.545,73.244,58.718,46.022,33.815,23.072,12.94,3.9064,-2.9298,-7.2024,-7.6907,-3.5401,3.0519,7.9348,8.9114,8.0569,7.6907,3.5401,1.2207,1.709,5.005,6.2258,6.8361,16.48,29.42,40.04
41.261,34.913,26.368,13.062,6.7141,7.4465,-2.3194,-3.1739,5.2492,15.625,15.259,7.8127,3.1739,0,-1.3428,-3.296,-4.883,-7.8127,-5.1271,-2.3194,-5.3713,-12.94,-19.044,-25.147,-38.82,-62.868,-86.795,-106.33,-123.78,-136.72,-142.95,-141.73,-129.89,-81.912,-86.184,-78.738,-69.704,-62.38,-56.032,-49.928,-41.749,-33.692,-30.396,-29.298,-35.035,-41.017,35.646,28.199,13.55,1.9532,-0.85452,3.0519,6.4699,11.719,14.527,20.02,22.095,27.1,33.57,38.942,41.383,42.604,43.458,40.04,38.087,38.697
38.087,36.378,29.908,24.049,20.997,14.893,7.9348,4.2726,3.9064,8.4231,5.4933,-3.296,-9.6438,-11.719,-22.217,-28.443,-35.035,-45.534,-54.567,-52.858,-61.769,-70.803,-87.039,-104.5,-117.68,-125.74,-125,-118.66,-108.77,-94.241,-15.503,-18.311,67.751,71.78,74.099,73.366,70.193,58.596,58.962,44.679,31.007,6.2258,-16.358,-21.851,-19.166,-21.241,-26.246,-31.129,-35.279,-41.749,-44.679,-39.796,45.778,43.58,39.064,32.838,28.443,31.861,32.838,33.815,42.97,41.993,30.641,20.631,17.701,20.02
15.503,12.696,8.6673,6.4699,-1.2207,-9.0335,-16.114,-22.828,-26.002,-30.641,-37.477,-40.529,-45.778,-50.783,-56.642,-65.432,-74.831,-78.982,-80.447,-84.597,-87.405,-93.997,-103.27,-109.87,-110.84,-107.43,-103.89,-93.631,-80.081,-82.766,-71.413,-61.892,-44.801,77.273,84.964,81.545,75.686,62.624,36.988,9.1556,-12.574,-25.758,-28.687,-26.734,-23.927,-20.264,-15.503,-11.475,-7.5686,-4.3947,-1.4649,1.3428,-4.7609,-15.503,-5.4933,10.01,15.015,21.119,28.443,28.932,26.368,23.194,22.095,22.462,16.846,18.433
17.823,26.002,34.791,45.778,56.032,61.281,67.629,73.733,78.372,80.935,74.343,49.806,25.391,0.4883,-23.072,-39.918,-51.759,-63.601,-69.338,-74.709,-72.756,-73.489,-72.39,-68.361,-62.258,-53.346,-45.778,48.83,36.134,23.804,15.015,4.6388,-8.9114,-24.049,-31.983,-38.942,-44.313,-48.952,-58.351,-65.676,-74.221,-87.405,-99.246,-105.35,13.916,19.898,21.973,18.799,16.236,23.927,28.809,32.594,36.744,33.57,38.697,44.557,40.773,34.547,28.687,25.88,27.223,28.443,27.955,26.124,21.973,15.381
9.0335,5.005,3.6622,1.0987,2.6856,4.1505,2.6856,0.97659,-2.6856,-9.3997,-16.968,-20.997,-31.617,-48.341,-59.084,-65.798,-76.54,-88.382,-98.025,-105.84,-101.57,-95.34,-87.283,32.96,29.542,26.978,23.682,20.508,18.555,18.799,19.776,21.851,22.95,22.462,20.875,17.823,12.696,7.8127,2.6856,-0.85452,-2.5636,-2.9298,-1.3428,0.12207,3.6622,5.4933,4.883,0.12207,-5.4933,-12.574,-16.846,-15.137,-11.353,-6.8361,-0.73244,4.5167,7.5686,9.7659,8.301,1.9532,-5.7375,-11.597,-14.527,-17.457,-19.044,-20.142
-22.462,-25.269,-26.734,-27.1,-25.147,-20.997,-18.555,-15.625,-10.865,-7.2024,-3.9064,0.61037,4.7609,7.5686,9.7659,11.841,15.259,17.457,20.02,24.293,29.664,34.303,40.284,1.8311,5.2492,9.6438,12.452,14.893,15.259,15.259,14.893,14.649,14.039,11.841,10.01,8.179,8.0569,8.179,8.301,8.4231,8.9114,9.7659,10.254,9.7659,8.0569,5.7375,-9.6438,-30.396,-92.898,-120.12,-26.49,-11.841,-8.9114,-6.1037,-11.231,-23.438,-44.069,-58.962,-73.611,-85.94,-83.01,-84.109,-86.062,-83.865,-82.156,-81.545
-74.221,-60.793,-50.661,-35.768,-24.659,-24.293,-27.955,-34.913,-46.388,-53.835,-68.728,-87.771,-106.08,-123.54,-137.21,-142.58,-137.82,-126.22,-114.14,-103.27,-90.457,-79.47,-63.967,-2.1973,-23.438,-36.988,-44.801,-49.562,-53.346,-44.557,-41.261,56.032,48.463,39.186,36.012,40.529,41.871,38.453,31.495,25.513,20.875,18.433,15.015,10.132,2.8077,-12.818,-25.391,-36.378,-36.134,-2.4415,0.12207,7.2024,21.363,28.687,42.36,46.022,45.289,29.42,11.841,2.0753,-3.5401,-2.1973,-1.9532,-4.5167,0.12207,3.1739
1.4649,2.0753,-0.85452,-3.296,-3.4181,-5.6154,-10.865,-15.87,-16.114,-19.044,-30.641,-45.9,-69.46,-79.958,-89.969,-97.781,-103.27,-92.898,67.629,51.759,25.758,10.865,-13.062,-34.425,-50.172,-54.079,-52.98,-33.082,-16.968,-10.498,-2.0753,1.8311,10.01,13.062,7.8127,1.3428,-0.24415,4.0284,10.254,13.55,18.067,20.02,21.241,27.467,32.96,32.228,32.96,33.937,36.134,31.983,21.119,12.574,3.9064,-0.36622,1.0987,-0.85452,-4.6388,-12.818,-18.067,-26.612,-32.35,-34.425,-36.866,-44.313,-50.417,-57.009
-59.816,-60.183,-59.816,-64.577,-74.221,-91.8,-112.8,-121.1,-129.52,-129.15,-116.34,-114.38,-122.81,-126.71,-122.93,-120.12,-104.62,-105.35,-94.974,-49.684,-37.599,-25.758,-21.363,-11.841,-3.1739,3.4181,-1.3428,-13.916,-20.997,-17.212,-11.475,0.4883,16.968,31.739,38.575,44.557,56.887,64.333,70.193,81.423,79.714,76.296,77.029,78.005,73.855,64.211,57.985,54.323,50.172,48.341,51.759,72.146,96.194,116.09,146.73,182.13,205.21,217.54,227.67,237.19,240.49,234.14,229.99,228.4,221.32,208.5
191.78,172.86,155.64,136.72,115.85,92.898,72.878,54.567,39.43,21.241,-0.24415,-18.555,-34.303,-52.126,-56.52,-53.346,-42.97,-29.664,15.625,-80.203,23.438,30.519,12.207,43.214,42.848,37.965,18.067,-0.12207,-13.306,-29.176,-47.121,-6.1037,-31.495,-61.769,-70.315,-104.25,-134.53,-127.08,-112.92,-91.433,-72.634,-55.055,-25.391,-6.9582,17.09,48.219,75.32,95.828,110.6,122.2,132.21,143.56,149.54,153.2,153.2,158.09,174.81,193.12,204.6,212.65,213.02,210.94,211.19,213.75,211.55,201.79
196.66,204.11,214.85,222.91,218.15,200.93,174.44,144.41,120.98,89.846,64.455,41.505,18.433,-10.01,-26.734,-44.069,-40.651,179.57,103.76,-21.363,-13.55,-3.9064,-1.2207,-5.1271,-8.4231,-6.3478,-17.579,-5.3713,2.3194,11.963,16.602,16.846,16.236,19.532,16.358,25.269,38.942,47.609,29.42,10.376,-16.968,-34.303,-26.612,-22.828,-11.719,6.3478,26.246,53.468,80.203,104.98,126.47,149.54,172.98,195.2,208.75,226.94,245.12,262.22,270.64,269.78,263.31,241.58,223.03,216.56,208.99,189.58
166.14,144.05,122.81,108.28,92.776,76.907,55.788,36.256,26.124,18.067,6.592,-5.6154,-17.701,-26.612,-31.007,-36.744,-35.524,-17.457,29.054,-11.475,-13.794,-16.724,-19.41,-22.095,-24.049,-25.025,-24.659,-24.171,-22.462,-19.776,-17.579,-17.823,-17.823,-17.212,-19.166,-22.095,-23.316,-23.316,-21.973,-18.799,-16.968,-14.771,-14.283,-13.55,-11.841,-10.743,-10.376,-7.8127,-6.8361,-6.9582,-7.5686,-6.9582,-1.4649,0.4883,0,5.6154,19.044,29.054,39.796,47.975,56.276,63.234,67.995,68.85,64.455,58.962
54.323,48.708,41.871,35.401,26.978,18.311,11.719,5.8596,-1.0987,-8.0569,-10.498,-8.9114,-8.4231,-9.1556,-8.179,-2.9298,8.5452,24.293,42.36,14.649,5.6154,-4.0284,-16.358,-30.396,-36.378,-42.726,-47.975,-57.985,-66.042,-68.484,-51.637,-29.42,28.809,44.191,30.885,15.748,11.597,9.0335,5.1271,2.5636,1.4649,-5.8596,-14.283,-13.306,-10.743,-12.696,-13.184,-8.301,-8.4231,-4.7609,0,1.3428,0.4883,-0.97659,-1.4649,-1.4649,-5.1271,-6.8361,-11.841,-16.846,-23.072,-30.152,-35.768,-44.801,-53.713,-63.601
-75.93,-89.114,-99.124,-109.13,-119.14,-131.72,-143.8,-154.42,-160.04,-162.85,-167.97,-174.32,-178.35,-171.76,-167.12,-162.97,-150.52,-128.42,-107.06,13.062,7.0803,4.6388,5.3713,6.7141,7.0803,9.2776,11.963,12.818,13.55,14.161,16.48,13.184,8.5452,3.6622,-0.24415,-4.1505,-6.7141,-9.3997,-12.329,-15.503,-8.9114,-0.73244,-9.2776,-12.329,-5.2492,3.5401,2.9298,7.2024,11.353,16.114,16.236,16.602,19.41,18.311,16.724,18.189,18.555,19.654,18.189,15.015,10.987,6.7141,5.005,4.0284,-2.3194,-11.231
-21.729,-31.495,-40.651,-49.806,-62.868,-77.151,-84.841,-92.288,-103.89,-113.53,-114.99,-111.33,-107.91,-114.26,-125,-134.28,-136.36,-133.55,-126.22,-11.597,-21.851,-28.077,-38.209,-47.121,-57.985,-64.455,-63.234,-62.38,-61.892,-62.38,-38.697,9.3997,35.524,47.609,47.609,35.157,19.776,4.2726,-6.4699,-12.574,-12.818,-6.7141,-2.3194,0.24415,1.0987,12.696,21.363,23.56,23.316,20.386,15.381,9.0335,4.6388,0.97659,1.3428,-0.61037,0.97659,6.2258,11.719,15.381,15.381,11.109,6.3478,1.8311,-2.5636,-7.8127
-15.87,-23.194,-30.03,-38.697,-47.121,-61.403,-72.634,-85.086,-94.485,-104.5,-122.44,-142.58,-153.94,-155.4,-150.52,-139.16,-125.74,-108.16,-89.969,30.152,41.383,41.261,39.796,42.36,40.162,35.157,27.833,19.166,11.597,3.7843,-4.883,-18.189,-36.866,-55.3,-60.549,-33.57,-7.9348,1.9532,5.9816,11.719,20.02,29.786,34.547,36.5,33.082,35.279,38.331,41.017,34.669,30.152,33.082,33.326,36.378,37.477,32.716,29.054,20.386,11.109,5.2492,-3.5401,-17.579,-23.316,-31.129,-39.43,-49.196,-56.398
-62.99,-73.977,-85.94,-101.93,-119.02,-136.48,-156.01,-171.88,-176.64,-176.03,-169.19,-156.38,-133.79,-107.67,-83.987,-59.816,-35.89,-18.799,-19.654,26.978,49.074,47.609,45.289,39.186,28.199,18.555,9.3997,0,-6.2258,-10.132,-11.475,-12.085,-10.376,-11.475,-9.888,-7.2024,-4.3947,-6.1037,-3.296,-3.1739,7.9348,3.5401,14.161,29.054,38.575,43.825,46.876,45.167,46.51,46.022,40.529,36.744,32.472,33.937,37.355,37.721,38.087,38.942,35.279,33.57,36.134,38.453,38.087,35.89,32.35,27.955
19.044,15.015,-6.8361,-25.636,-45.167,-64.455,-83.621,-96.438,-111.09,-124.15,-138.19,-152.35,-164.68,-172,-176.15,-170.05,-147.71,-105.11,-48.097,-54.811,-59.694,-64.577,-70.559,-45.778,99.246,73.366,20.508,12.574,31.739,48.097,47.609,34.303,19.044,11.353,5.4933,-1.3428,-7.2024,-16.114,-37.111,-74.343,-114.75,-48.463,-29.054,-21.851,0.97659,18.555,26.246,31.129,29.298,28.321,23.804,21.119,14.893,17.823,8.0569,3.7843,-1.4649,-8.179,-8.7893,2.4415,9.888,16.358,23.927,32.472,42.238,54.933
62.746,59.572,42.604,19.898,-3.296,-30.641,-57.253,-81.668,-103.4,-127.93,-144.9,-158.82,-169.07,-175.79,-175.3,-166.75,-149.66,-125.86,33.815,22.095,9.6438,4.2726,7.8127,11.475,9.3997,6.8361,5.1271,5.4933,8.7893,13.184,15.625,14.161,5.4933,-0.36622,-2.5636,-8.6673,-10.132,-1.3428,-4.5167,8.179,20.508,44.923,62.624,81.79,90.701,85.94,79.47,69.948,61.037,44.435,20.753,13.306,25.147,33.082,33.815,31.983,34.547,36.744,45.778,53.224,62.38,90.823,96.561,93.02,79.226,58.596
35.279,11.963,-9.6438,-26.734,-44.923,-54.323,-68.728,-91.556,-115.73,-125.37,-118.9,-106.08,-90.701,-71.047,-48.952,-19.288,-1.0987,6.2258,32.105,45.412,38.453,28.443,11.597,1.709,-2.6856,-1.9532,2.5636,5.7375,10.865,15.015,17.09,15.381,7.8127,-2.1973,-4.7609,6.592,8.179,10.865,22.95,32.472,29.42,24.781,20.997,14.893,3.5401,-3.1739,5.7375,1.9532,10.132,19.41,28.443,36.256,45.9,52.37,58.596,55.055,50.539,47.731,48.463,48.097,49.562,56.642,44.679,38.575,32.838,26.124
15.137,1.587,-15.503,-34.669,-52.858,-64.577,-71.413,-75.32,-75.442,-73.611,-66.53,-51.393,-36.012,-21.607,-11.475,-9.5218,-13.672,-16.114,39.796,56.032,62.502,56.887,45.289,38.087,33.57,23.316,33.937,48.952,44.069,44.069,41.505,36.134,28.565,26.856,23.194,17.701,17.823,17.823,19.41,22.706,27.833,34.181,42.482,56.154,71.169,88.137,106.45,128.06,148.32,163.46,176.76,188.97,198.74,200.45,191.53,171.15,143.07,123.66,117.07,114.63,113.28,98.758,70.315,51.271,35.035,18.555
-2.0753,-26.368,-46.876,-66.042,-82.4,-94.241,-101.93,-100.22,-100.96,-93.509,-80.813,-68.239,-54.323,-45.289,-38.575,-12.207,139.41,107.43,-5.7375,0.36622,2.6856,5.2492,7.9348,14.893,20.142,21.729,23.316,25.025,18.433,11.719,13.55,10.254,8.4231,10.132,10.743,14.771,21.851,31.373,41.505,51.027,57.253,58.718,67.629,82.156,95.584,107.79,124.64,141.97,158.57,172.73,185.43,192.63,198.61,198.98,191.29,175.05,151.25,124.15,100.59,82.4,65.676,77.761,102.3,100.1,91.067,92.166
79.47,50.417,30.641,6.9582,-14.771,-19.898,-16.602,-23.438,-36.012,-43.336,-47.853,-51.881,-52.858,-47.731,-57.009,-52.98,-25.391,50.417,18.433,21.851,23.682,25.513,25.758,27.1,26.246,20.386,20.508,9.5218,6.8361,8.5452,12.452,11.963,8.5452,4.883,1.4649,-1.587,14.893,15.259,0.24415,2.1973,0.12207,2.1973,10.376,25.636,35.035,43.58,64.699,89.48,109.87,129.76,154.67,176.03,195.81,209.97,217.17,222.66,222.42,212.16,202.4,185.67,156.74,133.18,119.75,114.02,109.38,102.42
90.945,73.366,51.881,25.391,-0.97659,-22.828,-39.918,-48.952,-58.596,-66.408,-42.97,-55.177,-58.229,-59.938,-59.206,-64.577,-63.234,-36.866,59.084,28.443,40.529,28.932,25.391,29.42,27.589,28.077,28.687,29.054,31.373,35.157,37.477,31.373,23.927,18.555,15.015,9.7659,8.7893,11.597,16.358,21.973,25.758,26.246,29.908,36.134,41.749,46.876,50.172,57.375,68.361,85.208,109.62,135.87,160.41,176.89,183.84,187.63,190.8,189.58,176.52,157.35,141.12,127.69,117.19,108.65,102.42,94.852
77.883,67.019,58.107,48.708,30.152,22.706,18.189,12.818,9.6438,5.6154,-1.3428,-10.132,-29.542,-43.092,-55.666,-68.972,-76.174,-56.764,-17.335,4.3947,5.4933,12.94,16.846,16.236,32.105,45.534,52.736,60.305,48.463,38.209,36.622,33.448,28.932,22.462,18.433,17.212,17.335,15.137,12.94,11.841,13.672,17.823,23.072,29.054,77.151,97.659,114.87,127.32,138.92,148.32,155.52,161.75,165.04,161.02,147.95,126.71,106.94,93.997,94.974,101.2,98.88,93.509,75.198,55.91,38.697,26.246
14.527,6.7141,1.587,0.61037,-8.179,-23.927,-41.139,-53.224,-54.933,-52.98,-52.492,-70.803,-96.072,-105.11,-107.67,-15.259,75.93,57.619,68.606,65.554,78.86,86.917,77.395,59.084,36.134,20.264,6.7141,-11.231,-22.828,-30.641,-22.462,-24.781,-31.007,-42.97,-59.328,-74.831,-83.621,-93.02,-96.072,-91.678,-85.452,-74.587,-63.234,-55.055,-127.45,-138.31,-127.57,-121.59,-123.66,-182.26,-237.92,-269.91,-274.3,-228.4,-190.8,-205.69,-201.67,-191.9,-181.65,-167.24,-164.43,-159.31,-138.8,-124.88,-127.57,-117.44
-103.89,-71.169,-56.887,-43.458,-24.293,15.992,52.614,75.32,80.081,50.417,56.887,4.883,4.7609,4.5167,2.9298,2.9298,3.6622,5.4933,6.592,5.005,0.4883,-4.7609,-5.2492,-4.5167,-1.587,2.1973,4.3947,3.7843,0.61037,-2.5636,-5.8596,-9.0335,-12.329,-14.283,-15.87,-17.09,-17.335,-17.823,-18.677,-20.264,-20.508,-20.753,-20.386,-20.753,-19.776,-18.311,-18.311,-19.044,-21.241,-20.875,-19.41,-17.945,-20.264,-21.729,-21.241,-23.072,-26.612,-29.664,-31.129,-34.547,-39.064,-39.308,-34.059,-30.641,-35.157,-34.059
-23.072,-16.48,-9.888,-5.2492,-5.1271,-3.6622,-5.005,-18.799,10.498,23.316,108.4,-3.6622,0,4.5167,8.9114,11.109,11.597,10.376,9.1556,8.179,6.2258,4.5167,3.5401,3.4181,0.85452,-0.36622,-0.85452,-1.3428,-1.587,-3.6622,-6.3478,-8.6673,-11.597,-11.841,-13.916,-16.114,-16.48,-14.527,-14.161,-15.748,-17.09,-14.039,-6.7141,-3.5401,-5.1271,-7.6907,-8.5452,-5.6154,-4.5167,-4.5167,-2.6856,2.9298,5.7375,5.4933,2.5636,-3.0519,-7.0803,-7.9348,-5.7375,-9.1556,-15.259,-12.696,-5.2492,1.709,5.3713,6.1037
9.888,21.241,23.072,16.602,13.916,12.94,13.916,16.48,17.457,10.376,12.818,11.353,11.109,10.987,12.085,14.771,16.236,12.574,7.2024,1.4649,-1.9532,-1.3428,-0.61037,-2.1973,-3.6622,-4.2726,-6.2258,-8.7893,-10.254,-10.743,-11.963,-15.748,-18.799,-15.748,-13.916,-13.794,-19.41,-16.358,-7.6907,1.4649,9.6438,10.01,1.587,0.24415,1.709,5.7375,5.3713,2.0753,-0.12207,-3.7843,-3.296,-4.0284,-4.5167,-2.8077,-3.0519,-2.6856,-6.3478,-16.724,-25.513,-24.049,-18.677,-6.1037,1.4649,2.6856,4.3947,4.6388
1.709,2.5636,8.179,16.968,19.044,16.968,17.823,19.166,20.875,23.682,27.467,-2.8077,-0.36622,2.8077,5.8596,8.4231,9.1556,9.888,8.4231,8.0569,5.6154,2.9298,0.4883,-0.85452,-4.5167,-7.8127,-10.01,-11.475,-16.114,-19.898,-24.659,-26.49,-24.171,-18.311,-16.968,-19.898,-19.898,-14.893,-8.0569,-4.7609,-3.9064,-1.8311,2.8077,7.0803,5.4933,-4.0284,-17.823,-21.729,-19.654,-17.457,-18.311,-15.259,-0.85452,14.405,23.316,19.532,19.41,20.875,20.875,17.823,15.992,18.677,23.927,23.072,19.044,15.259
15.503,15.137,11.109,6.4699,6.3478,6.1037,3.5401,6.8361,9.888,19.044,31.617,12.452,11.719,9.0335,6.1037,4.3947,3.9064,0.4883,-3.0519,-4.883,-5.005,-4.2726,-3.4181,-4.7609,-8.0569,-12.818,-16.358,-16.724,-16.358,-17.579,-20.02,-22.462,-22.34,-20.508,-18.189,-18.799,-22.706,-17.945,-14.039,-10.865,-10.743,-13.428,-16.114,-17.212,-16.114,-14.283,-16.236,-16.114,-14.161,-12.696,-11.353,-11.597,-8.301,-5.3713,-4.5167,-6.592,-8.301,-12.207,-11.963,-10.498,-8.301,-6.7141,-2.9298,3.1739,8.5452,12.696
16.724,22.34,22.217,13.672,5.7375,5.9816,10.01,12.207,10.376,10.743,10.62,2.6856,2.1973,0.4883,-1.0987,-2.5636,-4.2726,-7.0803,-10.132,-11.597,-11.719,-10.498,-8.7893,-8.0569,-9.6438,-12.085,-12.94,-13.55,-14.893,-19.532,-24.293,-25.88,-22.34,-19.898,-20.264,-21.729,-20.753,-18.799,-22.34,-24.537,-15.992,-11.963,-11.109,-15.137,-18.433,-15.381,-4.1505,4.0284,1.9532,-1.709,-0.4883,7.2024,15.381,15.015,10.865,5.005,1.4649,3.296,3.9064,3.1739,1.3428,1.9532,3.1739,-4.3947,-3.1739,0.4883
11.109,31.495,38.209,33.326,22.34,12.818,13.306,15.625,14.893,12.207,9.1556,12.818,10.498,6.1037,-0.12207,-6.3478,-10.987,-14.283,-17.212,-18.677,-18.921,-18.799,-18.555,-20.142,-18.189,-15.503,-15.87,-15.992,-18.921,-21.607,-23.194,-23.194,-21.241,-18.555,-19.898,-21.241,-15.015,-7.3244,3.296,6.2258,9.2776,5.9816,2.9298,3.296,4.7609,5.005,0.85452,0.24415,1.4649,2.3194,4.1505,3.7843,3.4181,4.883,6.4699,9.6438,12.94,15.503,14.649,16.724,17.212,13.916,7.9348,10.254,15.87,17.335
17.09,14.893,22.706,24.171,21.973,20.508,21.485,17.212,7.5686,3.0519,3.9064,6.4699,2.3194,-1.709,-4.883,-7.4465,-7.3244,-7.6907,-9.7659,-11.231,-13.428,-17.212,-21.485,-15.87,-12.329,-10.254,-7.2024,-8.5452,-8.5452,-10.01,-8.9114,-8.7893,-12.452,-12.085,-14.527,-19.166,-30.763,-35.646,-40.04,-35.401,-31.129,-22.217,-20.142,-19.898,-17.09,-8.301,-0.61037,4.0284,0.73244,-3.4181,-9.7659,-11.475,-10.62,-8.0569,-8.301,-12.207,-13.916,-9.7659,2.8077,14.527,16.724,19.166,19.044,20.997,24.171,24.903
23.56,22.095,23.072,26.368,32.716,30.763,22.706,12.574,4.2726,-0.36622,-1.0987,6.8361,11.597,14.771,16.48,15.015,11.719,7.2024,3.6622,1.2207,-1.4649,-3.9064,-6.1037,-7.8127,-10.01,-12.085,-13.794,-15.137,-18.067,-20.875,-21.851,-21.973,-23.804,-26.124,-30.641,-30.763,-30.03,-21.119,-24.415,-21.973,-20.875,-16.114,-15.137,-13.794,-9.7659,-4.3947,0.97659,4.5167,9.6438,11.231,7.4465,2.8077,2.8077,8.4231,13.428,11.597,6.3478,8.4231,11.109,10.376,2.4415,-4.5167,-1.3428,6.4699,15.748,18.555
15.992,13.184,17.09,19.898,18.067,13.916,12.818,11.231,11.109,13.794,16.968,17.212,15.625,13.428,11.963,9.5218,6.592,2.4415,-2.4415,-7.0803,-12.329,-15.503,-16.114,-13.306,-12.085,-13.55,-17.823,-23.682,-26.856,-27.955,-27.833,-28.932,-26.612,-21.607,-17.701,-14.649,-16.724,-19.898,-17.701,-9.6438,-3.296,-1.709,-5.6154,-6.592,-1.709,-4.883,-13.55,-20.508,-19.654,-13.55,-10.987,-11.597,-12.574,-8.4231,-2.4415,0.85452,10.01,17.579,22.095,20.386,18.677,17.09,24.659,27.711,15.015,1.0987
-0.12207,11.841,18.555,14.161,13.306,10.498,11.475,10.254,11.109,11.475,4.0284,6.4699,8.7893,8.7893,7.0803,4.7609,3.296,1.587,-0.24415,-2.5636,-5.3713,-7.4465,-8.0569,-9.3997,-11.719,-13.184,-13.794,-14.771,-17.212,-19.776,-22.217,-24.537,-27.833,-33.326,-33.448,-32.472,-31.007,-25.88,-18.799,-12.085,-0.12207,-1.4649,-9.3997,-4.1505,0.73244,-0.24415,-3.9064,-5.8596,-0.97659,3.0519,0.85452,-1.2207,-1.4649,2.0753,2.9298,2.9298,5.4933,7.4465,4.6388,1.9532,6.592,16.846,21.485,22.095,19.044,21.485
24.415,27.1,23.804,21.729,20.508,20.02,20.997,19.776,15.748,14.283,3.1739,4.6388,3.6622,0.61037,-1.2207,-0.24415,1.2207,2.0753,2.5636,2.0753,-0.12207,-3.296,-5.005,-4.2726,-3.296,-2.4415,-2.0753,-2.0753,-1.8311,-1.0987,0.24415,0.85452,-0.73244,-3.0519,-4.883,-6.9582,-3.7843,-3.7843,-5.9816,-10.254,-14.283,-2.4415,-1.8311,-0.4883,-0.85452,-8.7893,-16.968,-16.236,-9.7659,-1.587,0.61037,-0.36622,1.9532,7.2024,10.865,8.6673,7.9348,8.7893,6.9582,-1.0987,-4.7609,-4.5167,1.4649,9.3997,14.161,17.579
24.781,32.472,37.965,39.552,39.674,37.233,36.988,35.157,30.03,26.734,13.062,7.0803,2.0753,-1.4649,-5.4933,-8.5452,-11.353,-12.085,-11.353,-9.5218,-10.01,-11.231,-10.987,-10.865,-10.743,-11.963,-15.992,-19.654,-20.997,-26.49,-30.274,-33.815,-36.622,-34.669,-30.641,-27.955,-24.293,-24.659,-21.363,-17.945,-16.724,-10.132,-2.9298,-1.587,0.73244,1.587,-1.9532,-9.888,-11.353,-12.696,-10.865,-11.841,-15.259,-16.114,-5.8596,-0.85452,-5.7375,-9.6438,-10.254,-2.8077,6.9582,8.5452,10.987,13.672,17.457,18.555
18.311,23.804,27.833,26.856,24.049,23.927,21.973,24.171,22.95,20.997,8.6673,8.4231,6.3478,3.4181,0.12207,-5.005,-10.376,-13.55,-13.55,-12.696,-11.719,-12.94,-15.015,-15.87,-15.381,-15.992,-18.189,-21.241,-23.316,-24.659,-27.345,-27.223,-28.077,-24.049,-23.438,-23.56,-20.997,-16.358,-15.748,-10.376,-4.7609,-7.6907,-6.9582,-1.8311,-2.6856,-6.1037,-11.597,-8.7893,-1.709,4.3947,5.4933,0.24415,-1.4649,2.9298,11.597,14.649,16.48,14.039,12.696,13.916,20.631,24.659,25.391,23.316,25.88,35.157
37.111,29.664,21.485,17.457,12.696,7.5686,8.7893,11.109,11.475,8.5452,6.2258,3.5401,5.4933,7.5686,8.301,9.1556,11.963,12.696,11.353,7.2024,2.3194,-4.0284,-7.6907,-8.9114,-8.4231,-8.301,-8.0569,-8.179,-9.7659,-12.94,-14.649,-13.306,-16.724,-17.945,-16.114,-11.719,-9.0335,-13.306,-9.7659,-4.0284,1.709,2.8077,1.9532,-1.3428,2.0753,2.6856,5.8596,3.296,-2.8077,-6.592,-10.254,-9.6438,-5.005,3.9064,12.574,16.358,8.6673,-0.97659,0.73244,11.719,23.316,21.485,15.992,13.306,18.067,21.363
19.532,21.119,26.978,27.711,26.978,15.503,15.259,19.776,22.095,19.044,-2.0753,-1.3428,-0.61037,-1.0987,-1.9532,-2.8077,-4.0284,-3.0519,-3.1739,-6.4699,-8.5452,-8.6673,-6.9582,-5.005,-5.005,-5.9816,-7.3244,-9.6438,-10.865,-11.719,-11.841,-10.987,-11.475,-11.963,-8.4231,-8.179,-8.6673,-8.179,-7.9348,-6.9582,-6.4699,1.709,2.9298,-2.4415,-4.1505,-5.005,-10.987,-19.166,-21.607,-21.119,-19.41,-10.498,4.0284,13.916,14.039,9.1556,7.0803,12.329,15.503,10.498,9.6438,13.794,19.166,23.438,22.584,24.903
27.345,26.002,21.851,18.799,16.236,18.799,21.119,24.171,26.49,25.758,8.6673,6.3478,3.0519,-1.8311,-5.9816,-9.3997,-14.527,-19.532,-20.997,-19.898,-18.311,-16.114,-15.259,-14.283,-13.672,-16.114,-18.433,-19.654,-18.677,-17.579,-15.381,-12.085,-10.254,-5.3713,-2.9298,-5.2492,-14.771,-15.87,-3.7843,-1.8311,-5.3713,-10.743,-9.2776,-10.865,-15.87,-12.085,-6.2258,-4.7609,-7.8127,-6.3478,-6.1037,-15.137,-20.264,-14.039,-6.592,-3.5401,-1.8311,1.587,5.005,9.3997,16.846,19.532,21.119,17.457,15.503,19.776
23.194,27.833,30.274,32.105,31.129,25.636,16.724,13.916,17.09,21.851,1.9532,2.1973,5.8596,9.0335,10.498,8.6673,3.6622,0.61037,0.24415,-0.97659,-2.9298,-4.883,-7.0803,-9.0335,-12.085,-14.649,-16.114,-17.335,-20.631,-21.729,-22.584,-22.584,-21.607,-24.903,-29.786,-35.768,-41.017,-37.721,-31.373,-21.363,-21.607,-21.607,-18.433,-18.311,-20.386,-19.654,-13.672,-11.109,-5.9816,-4.2726,-4.7609,-6.2258,-2.3194,3.6622,7.2024,6.4699,7.0803,8.301,10.62,7.8127,10.62,19.288,26.49,32.35,34.669,33.937
29.176,23.682,20.631,21.851,29.786,43.214,54.201,54.811,49.318,40.162,19.898,25.391,26.368,21.485,13.794,7.4465,3.6622,1.0987,-0.61037,-4.5167,-9.6438,-17.945,-21.485,-19.532,-17.09,-17.579,-21.119,-21.729,-22.95,-23.316,-28.077,-27.589,-26.002,-24.537,-23.072,-20.997,-17.335,-17.212,-18.921,-18.555,-17.212,-12.574,-7.8127,-6.592,-2.8077,0.73244,-1.2207,-11.353,-18.799,-14.405,0.36622,5.1271,4.1505,5.3713,7.2024,6.8361,11.963,18.433,22.584,23.927,24.171,23.56,23.072,26.002,23.927,17.212
11.475,10.376,16.968,25.269,28.932,29.42,32.594,29.054,26.49,28.199,-9.7659,-3.6622,1.0987,3.296,3.7843,5.4933,6.9582,6.9582,7.3244,7.3244,6.592,5.2492,4.1505,3.5401,3.4181,2.6856,1.2207,0.36622,-1.2207,-3.9064,-6.592,-9.5218,-10.498,-12.329,-17.335,-21.851,-21.729,-18.311,-8.179,0.61037,12.207,16.846,13.184,6.1037,0.36622,0.85452,1.8311,3.0519,2.6856,0.12207,1.587,7.4465,13.794,17.457,15.137,11.109,8.301,6.7141,8.301,8.0569,8.4231,12.207,18.677,27.467,36.134,38.575
36.256,34.181,34.791,33.57,28.809,25.88,23.072,18.921,19.532,17.823,10.865,15.87,19.044,20.386,17.945,14.527,11.231,8.301,5.8596,3.1739,-1.3428,-5.005,-6.592,-6.8361,-7.6907,-9.5218,-9.888,-9.888,-9.2776,-10.62,-12.696,-12.452,-9.888,-10.62,-11.963,-14.283,-9.5218,-4.0284,-0.97659,13.428,19.41,18.799,19.532,15.87,6.9582,5.005,9.1556,13.062,17.212,16.968,12.574,11.963,14.039,13.428,10.254,11.475,18.067,19.532,11.353,5.1271,6.592,9.7659,13.184,14.893,17.335,20.508
23.072,21.119,13.916,9.7659,12.329,10.376,8.0569,8.6673,10.987,10.01,-6.4699,-4.883,-1.9532,0.4883,2.3194,2.4415,0.97659,-0.4883,-0.73244,0.4883,2.9298,3.1739,0.12207,-4.3947,-9.1556,-11.475,-13.794,-13.916,-15.503,-12.94,-9.7659,-10.498,-14.039,-14.527,-13.428,-20.02,-12.94,-10.132,-5.3713,-3.1739,2.8077,5.7375,4.7609,-0.73244,-1.2207,0.61037,5.005,4.7609,4.7609,5.1271,5.1271,1.8311,2.3194,3.4181,8.179,10.743,4.3947,2.6856,7.6907,16.846,22.95,18.067,14.283,14.527,17.212,15.748
14.161,15.503,18.433,20.508,20.997,17.701,13.428,10.62,7.9348,4.7609,-0.85452,-9.3997,-16.48,-21.119,-15.748,-6.592,2.6856,13.916,22.462,27.1,20.997,9.5218,3.0519,-2.6856,-6.1037,-9.2776,-8.179,-7.8127,-7.8127,-5.005,1.2207,8.4231,11.109,11.719,9.7659,5.9816,3.4181,-1.587,-6.7141,-7.9348,-5.3713,-1.709,-2.0753,-10.254,-10.254,-4.6388,1.4649,2.5636,-0.12207,-2.6856,-2.1973,1.2207,1.4649,-4.1505,-8.0569,-4.6388,1.709,2.9298,-3.1739,-8.9114,-8.4231,-4.5167,3.7843,6.8361,-1.4649,-10.01
-9.5218,-2.4415,4.7609,7.0803,6.9582,9.6438,12.696,11.109,6.592,4.1505,0.36622,0,-0.36622,0.36622,1.9532,2.4415,1.9532,0.97659,0.24415,-0.61037,-2.0753,-0.97659,-0.4883,0.4883,1.3428,3.0519,5.6154,7.8127,3.7843,-1.4649,-4.2726,-6.4699,-5.8596,-3.296,-1.0987,-3.1739,-8.6673,-11.353,-11.475,-11.475,-13.306,-16.968,-18.921,-15.992,-10.498,-7.8127,-10.865,-14.161,-15.015,-12.94,-10.01,-8.179,-6.7141,-3.4181,0.4883,4.883,8.7893,11.353,15.87,19.776,19.654,16.846,11.475,10.376,14.649,20.386
22.462,21.851,22.584,26.368,31.251,34.791,36.866,37.599,28.932,18.555,21.119,18.067,13.55,8.179,2.9298,0.85452,1.2207,3.1739,6.9582,9.1556,9.6438,8.4231,6.4699,5.005,4.1505,4.5167,5.9816,5.9816,5.1271,4.1505,3.6622,3.1739,1.9532,0.4883,-1.2207,-1.587,-2.4415,-2.1973,-3.9064,-6.1037,-8.0569,-9.888,-10.254,-10.376,-10.254,-9.1556,-7.3244,-8.6673,-10.743,-10.987,-8.5452,-5.6154,-5.1271,-7.2024,-9.5218,-10.376,-10.01,-10.743,-11.353,-8.6673,-4.2726,1.9532,5.6154,5.2492,3.0519,4.0284
10.01,14.527,13.062,6.9582,3.6622,6.7141,11.109,12.207,10.254,10.498,0.4883,0.4883,-1.587,-3.296,-5.005,-6.9582,-7.5686,-8.7893,-9.1556,-8.7893,-7.3244,-5.6154,-6.4699,-9.7659,-14.039,-15.625,-14.161,-12.696,-10.62,-9.7659,-9.1556,-9.0335,-7.6907,-6.3478,-6.3478,-6.2258,-5.7375,-4.0284,0.4883,2.9298,1.3428,-0.85452,0.73244,5.3713,10.498,11.719,9.6438,5.4933,7.5686,14.039,20.997,24.049,22.462,19.044,17.579,18.555,24.537,28.932,25.391,23.072,24.537,25.513,20.142,13.184,11.109,10.498
13.428,14.649,14.161,16.602,22.34,26.612,27.589,24.537,21.729,25.758,7.5686,7.4465,7.5686,7.4465,6.9582,6.592,6.4699,6.1037,5.7375,5.2492,4.1505,3.4181,1.587,-0.61037,-0.24415,0,0,-0.4883,-1.2207,-3.0519,-4.0284,-5.005,-5.005,-4.883,-5.7375,-7.0803,-8.6673,-10.254,-11.231,-12.085,-11.963,-10.62,-10.254,-10.865,-11.109,-10.01,-7.5686,-6.8361,-6.592,-7.3244,-6.592,-4.3947,-2.6856,-2.9298,-3.1739,-3.4181,-2.5636,-1.709,-1.4649,0.36622,7.5686,19.41,26.002,23.072,20.142,16.236
14.039,13.184,11.109,8.9114,9.7659,11.353,14.161,9.1556,10.132,12.574,11.353,11.597,11.353,10.865,10.376,9.0335,8.301,8.179,8.301,8.179,8.4231,8.301,8.0569,9.5218,10.01,10.01,9.7659,9.2776,8.7893,8.9114,8.5452,7.6907,7.9348,7.5686,6.592,4.6388,5.8596,4.0284,7.5686,10.01,10.743,10.743,9.5218,7.8127,6.4699,5.2492,5.8596,3.296,0.97659,2.1973,2.5636,3.7843,6.9582,10.987,15.87,16.358,13.062,7.4465,2.1973,-1.4649,-2.3194,-3.296,-6.8361,-9.5218,-11.841,-12.94
-10.132,-5.4933,-3.4181,-9.888,-15.503,-12.818,-5.6154,0,4.883,9.2776,2.8077,3.1739,3.9064,4.1505,4.0284,3.7843,3.296,2.3194,1.587,0.97659,0.73244,0.24415,0.97659,1.9532,2.0753,2.9298,3.6622,4.0284,3.4181,3.5401,4.7609,4.7609,5.2492,2.8077,2.3194,0.73244,-1.8311,-6.1037,-10.132,-12.818,-13.672,-13.428,-13.428,-14.527,-15.992,-16.968,-16.846,-17.335,-17.457,-17.335,-18.677,-20.997,-21.973,-21.851,-26.124,-29.908,-32.716,-34.059,-33.326,-34.181,-33.082,-34.059,-35.157,-35.279,-28.809,-20.264
-11.109,-12.207,-15.625,-8.6673,-4.3947,3.7843,9.5218,9.888,5.3713,-1.587,7.6907,4.7609,-0.24415,-3.9064,-7.4465,-11.109,-11.963,-9.888,-5.005,1.3428,4.6388,7.8127,10.865,12.207,14.405,13.428,9.7659,20.02,29.054,22.95,13.184,13.794,12.085,11.475,10.01,7.3244,5.3713,4.2726,4.883,4.883,4.6388,3.4181,1.4649,-0.4883,-3.0519,-4.6388,-7.2024,-9.3997,-9.2776,-8.301,-8.179,-8.301,-8.7893,-10.62,-12.452,-13.062,-12.818,-14.039,-15.992,-16.846,-16.48,-18.189,-19.776,-21.119,-21.485,-24.781
-27.345,-28.321,-26.124,-19.532,-13.55,-9.888,-7.5686,-5.8596,-5.6154,-5.005,7.3244,6.3478,6.1037,5.4933,5.1271,5.1271,5.1271,4.6388,3.9064,3.5401,1.587,1.0987,1.4649,2.1973,3.0519,1.8311,-0.4883,0,-1.587,-0.36622,-0.85452,-5.8596,-10.498,-11.109,-9.6438,-3.9064,2.5636,5.9816,6.7141,5.8596,3.9064,2.4415,2.1973,1.9532,1.0987,-0.61037,-0.61037,-1.587,-2.4415,-3.4181,-1.4649,0.36622,-1.3428,-3.1739,-6.3478,-9.5218,-10.132,-10.376,-10.865,-14.039,-19.044,-23.927,-23.316,-24.049,-23.682,-18.799
-15.259,-11.963,-10.498,-10.376,-10.254,-15.381,-22.584,-29.42,-35.524,-32.838,15.259,16.114,16.968,17.701,18.555,19.654,20.386,20.631,20.02,19.288,17.701,16.236,15.503,13.916,10.62,8.7893,8.7893,7.9348,6.7141,6.2258,5.7375,5.6154,5.6154,6.3478,8.0569,10.62,12.452,13.794,15.259,13.672,10.987,8.5452,7.8127,7.4465,6.9582,5.1271,3.0519,1.4649,0.36622,-1.4649,-2.4415,-1.587,-1.8311,-3.6622,-5.1271,-6.4699,-7.0803,-7.0803,-8.179,-10.376,-9.3997,-8.5452,-8.301,-8.6673,-7.5686,-3.0519
2.0753,1.9532,-5.005,-10.62,-8.5452,1.587,8.9114,10.62,8.4231,7.8127,13.306,11.841,11.475,10.376,9.0335,7.0803,6.1037,7.2024,8.9114,9.0335,9.5218,9.3997,9.5218,10.376,11.231,11.353,10.498,9.6438,8.5452,6.8361,5.3713,4.5167,4.6388,4.5167,5.2492,5.6154,6.4699,5.7375,4.0284,3.9064,3.7843,3.0519,1.9532,1.587,2.0753,2.3194,-0.24415,-0.4883,-0.4883,-1.8311,-3.4181,-5.3713,-6.592,-8.0569,-9.888,-11.475,-13.184,-15.748,-19.288,-22.34,-24.903,-27.711,-31.007,-36.134,-40.284,-41.505
-41.383,-43.214,-39.796,-29.42,-20.02,-10.254,-4.3947,2.0753,7.2024,10.987,7.2024,8.6673,9.2776,10.498,10.743,11.231,11.719,11.475,11.231,10.62,9.7659,8.7893,8.0569,7.8127,7.4465,7.6907,8.301,8.6673,9.1556,8.179,6.7141,4.6388,2.5636,0.4883,-0.85452,-1.2207,0.61037,8.301,8.0569,8.9114,7.0803,7.8127,11.963,15.87,18.555,22.828,23.927,22.34,22.95,21.851,23.927,23.194,24.659,33.326,39.918,37.843,34.303,31.495,31.739,29.786,24.049,19.898,19.654,22.34,22.828,18.921
13.062,7.2024,3.4181,4.0284,3.7843,0.61037,-6.9582,-11.475,-10.987,-7.5686,10.498,10.376,10.498,10.01,9.6438,9.2776,9.3997,8.7893,7.9348,8.301,8.9114,9.0335,10.254,11.719,11.597,10.376,8.9114,8.301,7.3244,7.4465,7.3244,6.4699,6.2258,6.2258,7.2024,8.4231,9.2776,9.2776,7.8127,7.4465,8.301,9.1556,10.132,10.376,10.865,15.015,10.254,5.3713,4.3947,6.8361,12.94,16.48,17.457,21.973,29.42,35.768,33.815,30.641,24.781,18.799,13.428,6.3478,0.12207,-2.5636,-3.6622,-3.6622
-3.1739,-1.0987,2.0753,3.6622,0.73244,-4.0284,-7.9348,-12.574,-13.062,-13.062,7.5686,7.2024,7.4465,6.592,6.2258,7.0803,8.301,8.7893,9.0335,9.7659,9.7659,9.7659,10.376,10.498,11.963,13.062,12.207,10.132,10.01,10.498,9.5218,12.818,12.452,13.428,12.574,13.062,11.963,11.353,12.085,11.231,8.4231,6.592,3.1739,0.4883,-1.8311,-2.5636,-3.296,-4.7609,-6.2258,-8.301,-10.498,-12.207,-13.184,-15.259,-15.992,-15.748,-16.114,-17.212,-17.335,-16.602,-15.625,-17.823,-20.508,-21.363,-20.631,-20.386
-20.386,-16.236,-9.1556,0.36622,9.5218,19.044,30.396,43.58,57.375,58.351,9.0335,8.9114,8.7893,8.7893,8.5452,8.0569,9.1556,10.376,10.62,9.5218,8.179,7.3244,6.3478,6.592,6.9582,7.3244,7.3244,7.4465,7.3244,6.8361,6.8361,6.8361,7.0803,6.9582,6.4699,6.592,6.4699,6.592,6.7141,8.6673,9.5218,8.6673,8.7893,9.3997,12.085,14.649,15.015,15.503,12.94,12.574,11.231,8.7893,5.7375,2.1973,-1.587,-3.9064,-5.005,-8.6673,-13.794,-18.433,-20.508,-20.264,-19.166,-16.114,-11.597,-6.4699
-3.6622,-5.1271,-8.0569,-9.3997,-9.6438,-6.4699,-4.883,-4.7609,-3.7843,6.7141,5.1271,5.6154,5.2492,5.1271,3.9064,2.9298,2.9298,2.5636,2.5636,4.1505,6.4699,7.0803,5.3713,4.7609,4.5167,4.7609,4.3947,4.5167,4.883,3.296,1.2207,1.0987,1.9532,5.005,6.2258,5.4933,10.254,16.846,20.753,24.293,18.677,14.039,13.306,13.916,14.649,14.771,12.696,8.179,4.3947,0.73244,-0.97659,-1.2207,-0.85452,-0.24415,-2.4415,-6.2258,-8.6673,-8.9114,-10.132,-13.306,-15.748,-18.189,-20.264,-22.584,-24.659,-27.345
-29.176,-29.664,-29.054,-25.636,-21.119,-18.189,-12.696,-2.6856,4.6388,5.005,8.0569,7.2024,6.4699,6.1037,6.1037,6.4699,6.592,6.8361,7.2024,8.0569,8.301,8.5452,8.5452,8.301,8.6673,9.0335,9.6438,9.5218,9.0335,8.179,7.9348,8.5452,9.2776,9.888,6.4699,3.1739,0.12207,-1.8311,-2.3194,-3.0519,-1.4649,0.61037,1.2207,0.12207,-1.0987,-2.0753,-4.0284,-5.2492,-5.2492,-4.2726,-4.6388,-4.883,-4.883,-5.8596,-8.4231,-10.498,-11.475,-11.719,-11.841,-10.987,-10.987,-6.3478,-8.301,-6.9582,-6.9582,-11.597
-19.41,-26.734,-31.129,-28.932,-23.438,-15.992,-7.8127,-3.5401,2.9298,11.231,10.132,10.132,8.9114,8.5452,8.4231,8.9114,8.7893,7.9348,6.9582,6.592,6.9582,5.9816,4.5167,2.3194,-0.73244,-4.1505,-4.5167,-4.2726,-3.0519,1.0987,5.7375,8.9114,10.254,8.301,8.9114,8.9114,9.5218,9.0335,5.1271,-0.4883,-0.12207,1.709,3.5401,4.1505,2.5636,0.85452,-1.0987,-1.709,-0.97659,-0.73244,-0.85452,-1.587,-1.4649,-1.8311,-2.1973,-1.9532,-2.0753,-4.1505,-4.3947,-8.5452,-6.592,-8.6673,-12.085,-16.846,-18.921,-20.997
-18.921,-12.696,-10.376,-10.987,-12.085,-13.428,-16.968,-16.236,-12.207,-4.5167,8.7893,7.6907,6.2258,5.7375,6.592,6.7141,6.7141,6.7141,7.4465,7.6907,7.0803,7.4465,7.6907,7.4465,7.6907,7.4465,6.7141,4.6388,3.7843,3.4181,3.4181,4.1505,4.6388,4.7609,4.883,5.3713,5.3713,4.6388,5.7375,5.4933,3.4181,0.24415,-5.1271,-20.997,-21.607,-18.799,-16.968,-21.729,-28.321,-27.833,-21.241,-12.452,-10.01,-11.719,-14.161,-15.625,-16.358,-17.212,-20.386,-23.56,-24.415,-25.269,-26.612,-26.612,-24.293,-17.823
-12.452,-10.132,-8.6673,-2.3194,6.2258,13.062,17.457,19.532,14.283,6.2258,6.3478,6.4699,6.1037,6.7141,7.9348,8.4231,8.5452,8.301,8.6673,9.6438,10.376,10.376,10.865,11.475,12.818,13.672,13.184,10.254,5.1271,0.97659,0.73244,3.0519,5.8596,4.1505,4.3947,3.6622,4.1505,4.7609,5.9816,7.6907,8.301,8.5452,7.3244,5.9816,5.1271,4.883,4.5167,2.6856,0.85452,0,-0.85452,-1.8311,-3.4181,-4.6388,-6.3478,-9.2776,-9.7659,-10.01,-13.794,-14.527,-14.771,-16.846,-16.724,-13.794,-6.7141,1.3428
0.61037,-7.4465,-11.719,-15.87,-16.724,-17.335,-19.654,-19.044,-15.503,8.4231,9.3997,10.132,12.696,15.015,17.09,17.212,23.682,26.246,26.368,25.391,21.607,18.555,18.799,17.823,15.992,13.184,9.0335,6.592,6.9582,6.9582,5.6154,5.3713,5.1271,5.2492,5.2492,4.0284,2.3194,2.4415,2.9298,2.5636,0.85452,0.36622,0.97659,1.2207,0.61037,-0.12207,-0.85452,-1.2207,-1.587,-2.3194,-2.1973,-2.3194,-1.8311,-2.9298,-4.0284,-4.3947,-9.0335,-10.865,-10.132,-12.574,-12.574,-14.039,-14.283,-15.137,-14.039,-11.963
-9.2776,-6.8361,-4.7609,-5.4933,-3.9064,0,4.0284,8.0569,8.7893,2.0753,3.7843,5.3713,5.9816,7.0803,7.5686,7.9348,7.8127,7.0803,6.9582,6.592,6.8361,7.6907,8.301,9.7659,10.62,10.62,10.132,9.7659,9.0335,7.2024,4.883,3.1739,2.3194,2.9298,4.0284,4.2726,4.0284,5.2492,5.8596,6.1037,5.2492,5.1271,6.1037,5.7375,5.3713,5.3713,4.1505,4.2726,4.7609,5.005,4.7609,4.5167,4.1505,0.61037,2.6856,0.97659,-0.12207,-2.6856,-3.296,-4.7609,-5.4933,-6.3478,-7.5686,-9.3997,-11.353,-12.085
-12.94,-14.405,-16.48,-17.945,-17.335,-17.212,-15.992,-17.335,-20.753,8.4231,8.9114,9.2776,9.0335,9.0335,8.4231,7.8127,7.3244,2.8077,-6.1037,-4.7609,-0.73244,1.587,2.5636,3.5401,4.1505,1.9532,3.6622,5.1271,6.2258,8.0569,10.132,12.574,10.865,13.916,17.09,18.311,17.945,19.654,21.119,21.973,21.241,20.997,19.776,15.748,11.475,8.179,4.6388,1.3428,1.3428,0.36622,-0.97659,-1.9532,-2.8077,-3.5401,-4.2726,-4.5167,-4.7609,-5.005,-5.6154,-6.8361,-7.5686,-9.5218,-12.207,-13.672,-16.236,-19.166
-23.072,-24.659,-22.095,-24.171,-29.664,-27.955,-18.067,-13.184,-12.329,7.5686,7.6907,8.179,8.301,9.0335,8.4231,8.179,8.301,7.9348,8.0569,7.4465,6.4699,6.7141,7.4465,7.3244,6.9582,5.7375,4.6388,4.6388,5.4933,6.9582,11.475,16.48,16.602,12.085,9.1556,9.7659,8.0569,6.592,7.0803,7.2024,8.301,6.9582,5.4933,5.1271,2.4415,4.5167,3.9064,3.6622,3.6622,2.9298,2.3194,1.587,-0.61037,-2.3194,-3.5401,-4.5167,-5.7375,-7.3244,-9.888,-11.719,-12.696,-14.527,-18.555,-22.706,-26.368,-30.519
-34.059,-36.134,-41.993,-48.463,-49.318,-46.51,-41.383,-35.768,-2.6856,-1.4649,-0.12207,1.3428,2.6856,4.0284,4.883,5.7375,6.592,7.4465,7.4465,6.2258,5.7375,5.3713,4.883,4.3947,4.1505,2.8077,2.4415,4.1505,5.3713,4.7609,10.132,10.01,10.254,12.452,15.381,17.335,14.161,12.085,8.4231,5.3713,2.4415,2.3194,3.0519,2.3194,2.0753,0.36622,-3.296,-4.5167,-2.4415,1.0987,0,-3.7843,-5.1271,-1.2207,3.1739,2.6856,0.36622,0,4.0284,8.5452,11.475,14.161,20.631,27.955,36.256,39.308
37.599,36.256,40.284,48.463,51.515,43.458,27.345,16.602,7.4465,7.0803,7.6907,8.6673,8.5452,8.9114,9.3997,8.9114,8.9114,9.2776,10.132,11.475,12.696,12.818,11.597,10.865,10.865,10.865,9.7659,8.0569,7.8127,8.4231,9.5218,8.6673,8.4231,7.9348,7.2024,10.254,10.743,9.888,8.4231,7.8127,6.4699,5.3713,3.7843,2.5636,0.12207,-1.8311,-1.709,-2.6856,-4.0284,-2.8077,-1.2207,0.12207,-0.61037,-1.2207,-2.5636,-3.296,-2.9298,-2.3194,-2.1973,-2.5636,-5.6154,-9.6438,-13.55,-16.968,-24.049,-28.687
-27.711,-23.316,-14.405,-10.01,-14.527,-18.433,-17.457,-11.231,7.9348,8.301,8.5452,8.301,7.5686,6.3478,6.3478,6.592,6.592,6.1037,5.1271,3.0519,1.4649,0.73244,-0.12207,0,0.73244,1.4649,3.0519,4.5167,5.6154,5.7375,5.3713,5.1271,5.1271,6.7141,9.5218,12.085,12.818,14.527,18.067,15.381,16.358,14.649,14.405,13.55,11.597,9.3997,6.3478,6.1037,5.6154,3.6622,2.8077,3.4181,5.2492,5.6154,4.883,3.9064,2.4415,2.0753,1.2207,-0.24415,-1.9532,-3.1739,-4.0284,-7.4465,-11.475,-13.916
-12.696,-7.6907,-4.0284,-0.97659,-1.9532,-5.3713,-7.3244,-6.3478,7.6907,7.5686,7.4465,7.5686,7.5686,7.5686,7.8127,8.179,7.9348,7.2024,7.0803,7.4465,7.2024,7.3244,6.8361,6.1037,6.1037,6.8361,8.9114,10.254,11.353,19.41,32.838,36.5,29.42,18.189,7.6907,10.62,6.7141,4.1505,-0.61037,-0.36622,4.883,10.865,18.433,26.368,29.176,26.978,24.415,23.56,24.537,25.758,26.49,28.321,26.124,19.898,9.1556,0.4883,-0.36622,1.4649,1.4649,-0.85452,-1.0987,1.587,5.9816,6.7141,7.9348,14.039
18.189,15.503,7.6907,1.3428,-1.8311,-5.2492,-3.1739,1.0987,7.3244,9.0335,9.7659,9.888,9.888,9.5218,9.1556,8.9114,8.6673,7.6907,7.0803,6.7141,7.0803,6.8361,7.4465,6.9582,5.9816,5.2492,5.1271,4.883,5.4933,9.3997,12.085,9.5218,3.296,0.36622,3.7843,7.5686,10.254,10.132,10.01,11.109,14.405,17.579,18.311,15.748,13.428,9.2776,7.3244,7.6907,9.3997,12.818,13.428,11.719,10.62,8.0569,6.4699,2.9298,2.1973,-2.4415,-5.005,0,6.1037,9.3997,10.865,6.4699,0.4883,-2.5636
-3.9064,-5.9816,-7.9348,-12.085,-14.405,-15.503,-13.794,-6.8361,5.8596,7.3244,7.8127,7.4465,7.2024,7.3244,6.8361,6.7141,6.4699,6.592,7.3244,7.5686,6.8361,5.9816,4.6388,3.4181,2.0753,2.0753,3.6622,6.8361,9.1556,9.0335,7.5686,6.1037,6.3478,6.3478,6.1037,6.3478,5.9816,0.85452,-2.5636,-1.9532,1.2207,7.5686,11.109,10.865,15.381,14.405,12.452,9.888,7.6907,3.1739,4.3947,10.254,11.353,14.405,9.6438,16.724,18.677,15.259,8.7893,4.7609,1.0987,8.6673,11.231,9.0335,5.3713,3.7843
-0.24415,-8.5452,-16.236,-20.508,-18.433,-10.743,-1.9532,4.7609,8.5452,7.8127,14.161,7.5686,9.3997,8.4231,9.0335,9.888,9.0335,7.9348,6.2258,3.7843,13.062,8.6673,9.0335,8.301,7.6907,7.6907,10.01,9.2776,7.4465,5.7375,5.4933,5.9816,6.8361,7.0803,-2.6856,-15.015,-23.682,-22.95,-12.574,3.296,12.818,15.015,13.672,13.062,13.306,15.015,16.602,21.241,22.828,21.729,21.851,24.537,26.734,24.537,21.851,16.724,12.574,5.4933,-1.709,-5.8596,-8.5452,-12.452,-16.48,-15.381,-13.55,-10.987
-7.3244,-4.3947,-2.1973,1.0987,3.7843,3.296,3.9064,5.8596,8.7893,8.6673,8.179,7.5686,6.9582,5.9816,5.6154,5.2492,4.2726,3.9064,4.7609,4.3947,3.7843,3.7843,2.6856,1.8311,1.4649,0.4883,1.709,1.8311,2.0753,4.3947,8.4231,12.207,17.701,23.804,28.321,34.547,34.669,35.524,38.697,41.871,43.214,41.383,37.721,32.96,27.711,23.56,20.386,18.921,14.527,9.888,5.7375,0,-5.9816,-9.5218,-12.818,-15.137,-16.602,-18.433,-20.631,-26.734,-28.443,-29.664,-31.373,-35.157,-36.378,-31.251
-22.217,-12.207,-1.9532,7.8127,14.893,16.236,13.062,9.2776,8.7893,8.9114,9.1556,8.4231,8.5452,9.7659,9.888,9.0335,8.6673,8.179,8.301,8.5452,8.179,7.4465,6.592,6.4699,7.2024,5.1271,6.8361,8.5452,10.62,11.231,10.01,9.7659,12.207,14.283,16.48,20.02,19.166,19.776,20.753,24.049,23.804,22.584,22.34,22.217,20.875,18.555,15.748,14.527,13.916,12.085,10.254,7.3244,5.6154,5.1271,1.4649,-2.5636,-7.4465,-12.696,-17.823,-25.636,-35.279,-43.58,-48.097,-51.637,-49.074,-46.022
-44.313,-42.848,-40.651,-37.111,-33.57,-28.443,-22.34,-19.898,6.7141,6.4699,6.9582,8.6673,9.3997,9.2776,8.6673,8.7893,9.6438,10.498,10.743,10.132,9.3997,7.6907,6.8361,6.592,6.9582,6.592,5.6154,5.4933,5.8596,6.592,6.8361,7.6907,9.1556,11.231,11.353,11.353,10.743,12.207,13.916,14.283,12.818,10.01,8.5452,9.1556,11.353,11.475,7.8127,4.6388,6.2258,10.254,13.062,11.597,7.5686,6.4699,9.6438,8.9114,4.883,2.0753,2.0753,5.7375,5.9816,2.5636,-3.296,-5.005,-1.587,1.0987
-0.85452,-4.3947,-3.7843,2.6856,9.3997,10.62,8.301,7.6907,7.9348,7.9348,6.9582,6.9582,8.0569,8.179,7.4465,7.2024,7.2024,7.0803,6.8361,7.2024,7.2024,7.3244,7.8127,8.5452,8.301,7.9348,10.254,11.963,14.771,16.968,19.166,22.095,25.513,34.547,33.57,31.983,21.119,11.109,3.4181,2.9298,3.5401,4.0284,5.005,5.9816,7.2024,8.9114,8.6673,8.0569,8.301,8.7893,7.9348,8.7893,5.7375,4.2726,0.85452,-5.1271,-9.6438,-12.818,-17.945,-24.781,-31.129,-35.401,-36.256,-32.472,-29.176,-27.223
-22.462,-16.358,-14.161,-15.137,-16.724,-18.189,-17.09,-0.36622,-0.24415,-1.9532,-3.7843,-5.005,-1.9532,-1.3428,-0.97659,-0.97659,-1.3428,-1.587,-0.24415,0.12207,0.24415,-1.587,-2.6856,-6.7141,-11.475,-10.376,-6.2258,-3.0519,-0.73244,-0.4883,-2.3194,-3.9064,-2.5636,1.2207,1.0987,-1.8311,-3.5401,-0.24415,4.1505,1.9532,-1.2207,-4.5167,-8.0569,-8.4231,-8.0569,-7.0803,-4.1505,-3.296,-2.6856,-1.9532,0,0.4883,-1.709,-4.6388,-1.9532,4.6388,9.6438,8.6673,10.987,14.161,17.335,16.846,16.236,21.607,29.176,32.472
36.5,39.552,41.993,42.97,42.482,39.552,33.448,28.077,11.353,10.865,10.865,9.888,10.01,9.5218,8.6673,7.9348,6.9582,7.9348,7.8127,6.8361,6.9582,7.9348,8.179,8.179,8.301,9.0335,10.743,12.329,14.039,16.114,18.067,17.701,17.09,15.259,12.818,12.329,11.597,12.574,13.916,14.161,14.649,15.625,15.259,13.428,12.574,12.574,13.184,13.428,12.207,11.353,11.475,14.161,13.428,8.301,3.6622,0.36622,-1.709,-3.9064,-5.3713,-7.4465,-9.5218,-10.132,-11.231,-11.109,-11.353,-11.475
-14.527,-20.386,-27.955,-30.885,-27.589,-23.927,-20.508,9.0335,9.0335,8.7893,9.0335,9.5218,9.7659,9.5218,10.376,11.109,12.207,13.672,14.405,14.283,14.405,11.353,13.794,14.039,14.527,15.625,15.625,16.236,18.067,18.677,18.555,16.724,14.649,12.329,9.5218,9.0335,8.0569,6.4699,4.7609,4.0284,2.3194,0.4883,-0.73244,-2.5636,-5.005,-6.3478,-7.5686,-8.5452,-11.353,-13.916,-15.259,-18.555,-22.706,-26.002,-27.833,-30.519,-31.373,-30.274,-27.711,-24.781,-23.56,-22.34,-20.386,-17.579,-12.818,-8.179
-1.8311,7.2024,15.748,17.945,14.161,8.4231,3.5401,7.4465,7.6907,7.6907,7.2024,6.8361,6.8361,6.4699,5.3713,3.9064,2.3194,-0.36622,-3.7843,-5.4933,-8.0569,-11.353,-15.259,-16.48,-17.457,-18.067,-20.02,-20.142,-18.067,-16.968,-16.724,-17.579,-19.532,-22.462,-25.758,-29.054,-30.396,-29.42,-26.978,-23.194,-17.945,-12.818,-6.1037,1.2207,7.8127,10.498,9.7659,10.62,13.184,14.893,14.405,7.5686,3.1739,5.005,10.62,13.062,11.597,5.9816,0.12207,-4.2726,-8.7893,-10.254,-8.6673,-6.4699,-7.2024,-9.2776
-10.987,7.5686,6.592,6.2258,6.2258,6.592,5.8596,4.7609,4.1505,4.3947,5.005,6.7141,7.6907,8.6673,9.0335,7.6907,6.8361,8.0569,6.4699,8.6673,10.62,12.085,12.207,14.893,17.335,17.823,14.771,11.841,8.7893,5.7375,2.5636,1.0987,-0.24415,-2.1973,-2.6856,-3.0519,-2.9298,-2.8077,-1.0987,-0.61037,0.36622,-1.2207,-2.5636,-5.7375,-8.5452,-9.5218,-9.1556,-9.3997,-10.62,-6.592,-5.3713,-7.8127,-7.9348,-7.5686,-6.9582,-7.9348,-9.888,-12.818,-16.968,-24.415,-31.983,-38.942,-42.604,-41.383,-33.204,-20.508
-7.2024,1.4649,3.296,4.6388,4.6388,4.3947,3.7843,4.7609,5.7375,6.9582,6.4699,6.8361,10.254,14.039,9.0335,3.1739,7.0803,11.475,9.888,8.0569,8.9114,11.475,11.597,16.724,19.166,19.532,18.921,18.433,16.48,15.137,14.649,15.748,15.381,12.574,12.207,9.0335,7.8127,5.8596,4.7609,5.3713,3.5401,3.7843,1.8311,0.36622,-1.709,-3.296,-4.5167,-5.7375,-7.4465,-9.2776,-10.254,-10.865,-13.062,-15.381,-15.137,-10.254,-3.7843,0.85452,2.6856,1.4649,-1.587,-5.8596,-11.475,-19.044,-23.56,-23.56
-21.729,5.2492,5.2492,5.8596,7.4465,8.4231,8.179,7.8127,6.9582,5.9816,5.2492,4.3947,4.0284,4.1505,4.883,5.1271,5.6154,5.4933,5.4933,5.1271,4.6388,4.2726,8.4231,14.771,17.579,16.236,12.818,10.865,15.015,15.137,13.794,10.132,7.3244,4.7609,4.7609,7.6907,10.254,7.0803,5.4933,4.7609,5.3713,6.592,5.6154,3.296,3.5401,1.9532,-0.24415,-2.5636,-4.2726,-5.1271,-5.1271,-5.1271,-6.592,-9.3997,-11.109,-12.818,-14.527,-16.724,-20.02,-24.781,-26.612,-24.537,-19.044,-13.672,-12.452,-12.452
-11.475,7.3244,7.6907,8.0569,8.4231,8.4231,8.301,8.0569,7.8127,7.5686,7.0803,6.7141,6.3478,6.8361,7.3244,7.6907,7.4465,7.8127,7.8127,6.9582,5.9816,5.4933,6.1037,10.132,14.039,14.405,15.87,16.846,15.015,12.452,10.376,5.9816,8.6673,11.475,15.625,16.358,12.818,9.0335,8.4231,12.329,15.748,15.992,14.283,14.893,10.987,7.5686,6.9582,5.7375,3.4181,2.4415,3.0519,3.296,1.3428,-0.85452,-3.5401,-4.5167,-1.9532,-1.587,-4.5167,-7.2024,-7.4465,-7.3244,-8.9114,-12.818,-17.457,8.301
7.9348,8.0569,8.5452,9.1556,9.3997,9.7659,9.6438,9.2776,9.0335,9.1556,9.888,11.963,13.428,15.748,17.335,19.166,20.631,20.264,18.189,10.987,6.3478,2.5636,7.0803,11.963,14.771,17.457,18.677,19.532,22.217,24.293,24.781,23.927,23.56,25.025,23.56,22.828,19.898,18.189,16.968,15.625,14.649,13.428,13.184,12.574,12.329,10.62,8.4231,6.1037,3.9064,3.5401,4.1505,4.2726,0.61037,-0.61037,-1.8311,-5.9816,-14.039,-20.142,-18.067,-12.452,-8.7893,-11.231,-13.306,-12.085,-10.254,6.9582
5.3713,4.3947,3.296,1.9532,0.97659,0.24415,-0.97659,-2.9298,-5.2492,-6.8361,-8.5452,-8.0569,-5.3713,-5.2492,-3.5401,-3.7843,-6.9582,-10.743,-11.353,-9.5218,-11.963,-17.823,-21.363,-22.584,-17.945,-12.452,-11.597,-13.306,-10.376,-2.3194,1.9532,-1.3428,-7.3244,-8.179,-1.587,3.7843,4.0284,2.4415,3.1739,7.0803,9.5218,10.498,9.1556,8.9114,13.672,18.311,19.532,17.09,14.649,14.161,14.405,13.794,10.62,3.4181,-1.2207,-2.9298,-6.9582,-2.5636,-2.5636,-3.1739,5.3713,16.968,24.049,23.927,21.241,22.828
2.6856,2.8077,3.4181,4.1505,3.9064,3.9064,5.3713,7.5686,8.9114,9.888,10.743,10.743,9.6438,8.5452,7.0803,6.1037,5.3713,3.6622,1.709,1.3428,2.5636,2.9298,3.6622,2.9298,0.73244,-3.296,-7.9348,-8.5452,-8.179,-7.8127,-7.0803,-5.005,-1.8311,-1.8311,-3.9064,-3.0519,-0.12207,0.97659,-2.0753,-4.3947,0.12207,6.592,9.3997,8.179,3.7843,-1.587,-4.2726,-5.2492,-4.3947,-3.296,-5.9816,-8.301,-8.4231,-6.1037,-5.4933,-4.883,-1.709,1.9532,4.3947,5.1271,5.8596,8.5452,11.475,12.696,13.062,12.574
5.8596,5.7375,5.8596,5.1271,6.4699,7.5686,7.4465,7.2024,7.2024,7.3244,7.5686,8.6673,9.0335,9.2776,8.9114,8.4231,6.3478,3.1739,-1.2207,-0.85452,1.709,4.0284,6.3478,6.2258,6.3478,9.0335,10.498,14.283,15.992,14.405,10.498,8.5452,9.3997,11.719,13.55,13.184,9.7659,8.0569,8.7893,6.9582,-1.8311,3.6622,0.73244,1.4649,0.12207,1.709,1.587,1.4649,1.709,1.2207,0.97659,2.4415,3.1739,0.85452,-0.61037,0,-0.61037,-2.0753,-4.1505,-6.1037,-5.1271,-4.0284,-3.1739,-7.2024,-14.649,-26.124
7.9348,7.4465,5.3713,4.3947,4.6388,5.3713,5.005,3.0519,0,-2.5636,-4.7609,-6.2258,-7.5686,-8.5452,-9.5218,-11.109,-11.353,-11.109,-9.3997,-6.9582,-4.1505,-2.5636,-1.709,-1.2207,-0.97659,0.85452,2.8077,3.4181,0.97659,-2.4415,-2.4415,1.0987,3.7843,2.1973,-1.0987,-2.6856,-0.61037,3.6622,5.7375,2.4415,-1.9532,-1.8311,1.0987,1.709,1.0987,0.24415,-0.12207,0.4883,-0.24415,-1.4649,-1.2207,1.2207,3.4181,1.9532,0.24415,0,-1.2207,-2.3194,-4.883,-6.7141,-5.6154,-0.85452,5.6154,6.7141,7.3244,7.5686
7.3244,6.8361,7.2024,7.2024,6.8361,7.2024,6.8361,5.8596,4.7609,4.883,5.9816,7.4465,7.9348,7.8127,7.8127,7.6907,7.3244,5.8596,5.1271,5.8596,4.6388,1.709,-0.36622,-0.73244,-0.12207,-0.61037,-2.1973,-3.4181,-3.6622,-3.5401,-3.9064,-4.3947,-4.1505,-3.6622,-3.0519,-4.5167,-5.6154,-5.1271,-6.2258,-5.4933,-6.592,-8.5452,-13.428,-12.085,-12.329,-13.062,-13.306,-15.381,-15.381,-16.358,-17.335,-14.405,-12.818,-13.916,-15.87,-26.734,-30.274,-26.856,-26.246,-22.95,-20.264,-16.358,-11.475,-5.005,0,-0.24415
-0.73244,-1.3428,-2.3194,-4.2726,-5.3713,-4.883,-4.0284,-2.3194,-1.9532,-2.9298,-3.296,-2.6856,-0.24415,1.3428,1.4649,1.2207,2.5636,4.3947,4.883,3.9064,3.0519,4.7609,7.9348,9.888,9.1556,6.9582,8.6673,11.841,13.794,14.161,13.55,13.672,15.137,15.625,11.719,0.61037,-5.8596,-2.3194,4.883,5.6154,-1.3428,-5.6154,-3.9064,-1.709,-2.6856,-5.8596,-8.4231,-10.01,-9.6438,-11.353,-15.015,-15.137,-10.376,-5.2492,-2.1973,-1.4649,0.24415,1.3428,-2.6856,-9.5218,-4.3947,10.01,22.828,25.269,24.415,7.8127
8.0569,7.9348,7.8127,7.3244,7.2024,7.4465,7.8127,7.8127,7.2024,7.4465,8.0569,7.9348,8.0569,8.179,7.8127,7.2024,7.6907,7.3244,7.5686,7.9348,8.0569,7.5686,7.3244,7.8127,8.6673,8.5452,9.1556,11.231,14.771,16.724,21.851,19.654,24.049,30.274,26.124,21.241,17.457,13.184,12.207,12.452,12.329,11.109,9.0335,8.0569,6.3478,0.73244,-4.7609,-10.743,-12.696,-10.132,-11.597,-14.283,-19.288,-22.706,-26.856,-30.519,-34.791,-36.012,-34.913,-35.035,-34.547,-31.983,-23.56,-14.039,-5.2492,-6.4699
-6.592,-5.3713,-3.0519,-1.4649,0.4883,2.0753,2.9298,4.1505,4.6388,4.2726,4.2726,4.6388,5.7375,6.9582,7.6907,7.8127,8.5452,8.7893,7.9348,5.9816,2.3194,-1.8311,0.36622,2.1973,2.4415,1.2207,1.587,2.5636,2.9298,5.7375,9.0335,12.207,0,-18.067,-26.002,-9.7659,-3.6622,-4.2726,-4.883,-7.4465,-9.888,-14.649,-17.701,-22.217,-19.41,-20.142,-23.072,-24.415,-21.119,-22.584,-22.095,-18.921,-14.039,-9.3997,-13.062,-20.264,-20.631,-24.659,-35.157,-32.228,-20.753,-5.8596,11.353,25.269,9.2776,9.0335
8.7893,8.6673,7.8127,6.9582,7.5686,7.4465,7.2024,6.8361,6.2258,5.2492,5.1271,5.7375,7.0803,12.085,25.025,38.942,36.378,29.42,28.932,33.326,35.524,36.012,33.937,31.129,29.542,25.636,21.119,19.41,19.166,19.654,17.212,14.283,12.94,13.672,14.527,13.184,10.132,9.5218,8.9114,8.5452,6.4699,3.6622,1.4649,-0.61037,-1.4649,-2.3194,-4.6388,-5.8596,-6.9582,-7.8127,-7.4465,-6.592,-5.3713,-6.4699,-5.9816,-4.3947,-3.9064,-4.6388,-6.1037,-7.4465,-10.254,-14.649,-16.236,-15.137,2.4415,0.4883
-0.4883,-1.709,-2.1973,-1.2207,-2.1973,-2.6856,-4.1505,-5.9816,-6.9582,-8.6673,-8.4231,-8.4231,-10.376,-12.452,-14.039,-15.87,-19.776,-24.049,-26.246,-24.415,-26.368,-30.519,-32.716,-29.298,-23.072,-23.438,-29.298,-33.57,-31.861,-23.56,-17.335,-17.945,-20.875,-15.381,-3.7843,5.6154,9.7659,13.55,22.584,32.594,34.547,27.833,21.119,21.485,30.885,34.425,26.246,13.184,6.2258,10.62,15.259,17.945,15.625,14.649,17.335,20.386,24.903,28.199,29.42,32.716,40.651,44.435,41.383,40.773,8.179,8.301
8.5452,8.7893,8.9114,9.0335,8.5452,8.4231,9.0335,9.6438,9.6438,9.1556,8.7893,8.9114,10.132,11.109,12.818,13.428,12.94,12.085,11.841,9.0335,8.0569,7.3244,5.7375,3.7843,-0.85452,-5.8596,-9.888,-13.428,-15.748,-16.724,-17.823,-18.067,-15.503,-13.428,-13.794,-16.358,-20.142,-22.828,-23.438,-29.664,-34.059,-30.641,-31.495,-32.96,-42.116,-46.876,-47.975,-48.83,-49.562,-50.783,-51.881,-57.985,-65.676,-73.611,-82.4,-75.564,-61.037,-46.51,-28.321,-5.1271,12.574,12.329,14.771,23.438,2.9298,5.1271
2.6856,0.73244,0.73244,-4.7609,-19.044,-23.804,-19.654,-18.067,-18.677,-19.166,-17.457,-14.527,-11.841,-12.085,-12.818,-11.963,-8.5452,-5.2492,-6.4699,-6.2258,-2.5636,4.0284,11.109,16.968,15.015,11.597,16.358,24.171,24.659,17.579,12.696,16.846,24.781,25.88,16.236,7.3244,9.6438,16.48,13.184,5.8596,4.3947,7.9348,9.2776,7.8127,-0.4883,-2.8077,9.7659,25.758,30.396,23.804,15.992,16.48,25.025,30.885,33.57,32.96,39.674,48.463,52.492,41.871,25.758,17.823,12.818,6.9582,14.039,14.527
14.161,14.283,14.161,13.916,12.696,11.963,11.109,10.376,10.498,10.498,10.132,9.5218,9.0335,7.9348,6.9582,5.9816,5.005,4.2726,3.0519,2.5636,2.9298,3.0519,0.97659,-2.0753,-4.2726,-5.8596,-5.3713,-5.4933,-6.2258,-5.6154,-3.296,1.3428,3.7843,5.9816,10.865,17.823,22.462,30.396,37.355,37.233,28.687,27.223,26.49,26.002,25.513,25.88,22.706,18.311,12.574,6.7141,-0.24415,-7.5686,-12.085,-20.753,-33.326,-39.308,-41.993,-37.355,-24.537,-17.945,-21.973,-28.443,-27.589,-19.532,3.5401,5.1271
7.3244,9.6438,8.5452,5.3713,5.4933,9.0335,13.062,13.55,12.818,10.254,7.5686,8.0569,10.62,10.743,7.0803,0.4883,-5.005,-2.8077,3.7843,6.592,0.36622,-10.132,-17.09,-17.09,-15.015,-12.818,-12.329,-14.893,-19.654,-23.56,-23.194,-17.701,-11.963,-11.231,-15.137,-13.55,-1.8311,9.5218,11.109,5.005,-0.61037,2.6856,13.55,20.875,20.997,18.189,18.921,22.828,25.513,24.171,19.898,16.846,18.311,21.607,25.025,23.316,22.34,25.513,31.861,33.692,30.396,20.631,11.109,8.7893,9.1556,8.9114
9.1556,9.5218,9.3997,8.4231,7.4465,7.3244,7.2024,6.7141,7.2024,7.3244,6.9582,5.9816,4.6388,4.5167,4.5167,6.4699,17.09,20.753,21.851,19.776,16.48,14.649,19.532,28.199,31.251,29.298,27.589,27.711,28.077,26.124,22.095,17.212,14.283,13.184,12.329,10.498,8.7893,6.592,4.5167,3.7843,2.0753,-1.8311,-6.2258,-9.0335,-7.6907,-4.2726,-2.5636,3.1739,8.7893,8.9114,7.0803,7.8127,7.5686,2.5636,-1.709,-10.01,-17.701,-18.311,-12.818,-7.8127,-5.7375,-5.6154,-7.6907,-7.0803,-15.625,-16.48
-15.992,-11.475,-5.1271,-2.8077,-3.6622,-3.1739,2.4415,10.376,12.696,7.2024,1.587,4.883,14.893,18.067,11.597,2.5636,0.73244,9.2776,14.893,13.306,7.0803,7.9348,11.963,14.771,9.888,0.61037,-3.5401,3.7843,10.01,9.0335,4.0284,4.2726,9.5218,6.2258,6.3478,5.7375,6.8361,13.062,22.828,22.828,22.34,25.025,24.415,26.124,28.687,24.659,21.729,20.02,22.217,23.438,26.734,29.664,31.495,29.298,23.927,19.776,21.241,25.758,28.565,25.636,12.452,-4.2726,-19.41,8.0569,8.5452,8.301
8.4231,8.6673,8.6673,8.7893,8.4231,8.9114,9.0335,9.2776,9.2776,9.1556,9.2776,9.3997,9.0335,9.5218,8.9114,8.6673,8.179,6.2258,4.883,3.4181,1.3428,0.24415,-0.4883,-0.4883,-0.12207,0.97659,3.9064,7.6907,10.254,10.498,8.301,6.4699,5.9816,1.587,-7.4465,-14.893,-16.358,-17.945,-20.997,-22.095,-20.997,-21.607,-22.584,-25.636,-29.176,-30.763,-31.861,-32.96,-32.838,-30.03,-28.809,-25.147,-25.636,-22.584,-20.875,-17.457,-12.207,-9.0335,4.2726,10.254,15.625,15.748,16.968,17.945,21.363,23.56
25.391,25.147,24.659,24.659,23.804,15.748,22.217,33.57,21.851,16.846,17.579,20.997,20.386,19.776,19.532,20.875,20.02,17.945,18.067,17.09,21.241,27.589,31.739,31.739,30.519,28.443,28.687,31.129,33.448,-66.897,-70.07,-72.756,-73.244,-71.78,-68.972,-66.408,-63.478,-60.183,-57.009,-52.492,-48.341,-43.458,-41.139,-41.505,-46.266,-49.074,-51.637,-59.938,-68.606,-76.052,-82.522,-85.452,-83.132,-75.808,-74.343,-72.146,-67.751,-64.943,-59.694,-43.092,-28.932,-21.241,10.62,8.9114,5.005,0
-4.2726,-8.0569,-13.062,-17.701,-22.34,-25.88,-26.978,-28.199,-28.932,-29.908,-30.519,-32.35,-34.791,-37.843,-40.651,-43.947,-46.999,-49.806,-52.492,-54.201,-55.788,-57.375,-57.741,-55.3,-53.957,-52.736,-50.295,-45.534,-40.162,-31.251,-22.584,-13.062,-8.301,-7.0803,-5.2492,-2.8077,-0.36622,6.9582,18.189,35.035,48.585,53.591,56.764,54.811,49.318,38.942,29.908,23.682,23.438,26.124,29.664,31.617,31.495,31.617,32.716,34.791,38.82,40.651,41.383,38.331,33.815,27.711,56.52,51.027,47.365,46.632
45.9,46.022,46.266,46.876,47.365,47.975,45.9,41.383,36.622,31.251,25.758,20.386,14.771,9.1556,4.0284,1.3428,0.4883,0,0.97659,1.4649,0.61037,-1.9532,-5.6154,-9.5218,-12.94,-17.701,-22.095,-23.927,-24.781,-26.002,-26.49,-27.467,-28.443,-29.908,-32.838,-38.087,-44.557,-51.149,-59.328,-66.408,-72.878,-80.691,-87.649,-91.922,-97.415,-98.392,-96.805,-92.776,-90.457,-88.382,-86.306,-87.405,-90.579,-90.091,-88.26,-85.208,-78.494,-63.234,-49.928,-41.383,-40.407,-40.895,-6.7141,-7.6907,-8.9114,-10.132
-11.719,-13.428,-15.381,-16.968,-17.457,-17.823,-18.311,-18.555,-19.044,-19.776,-20.264,-20.753,-19.776,-18.555,-18.555,-16.968,-17.335,-17.579,-17.701,-18.189,-18.189,-18.189,-18.433,-19.898,-25.147,-26.734,-27.711,-31.617,-34.913,-36.134,-33.082,-28.321,-21.851,-17.701,-15.992,-12.085,-10.743,-9.7659,-11.841,-10.987,-3.7843,9.888,19.044,26.612,32.716,41.383,49.928,55.91,55.544,61.037,69.704,70.559,70.437,73.611,81.423,90.457,93.509,95.95,94.852,86.184,71.535,61.647,52.858,44.069,37.721,33.57
32.35,33.082,37.233,42.116,46.51,47.975,47.609,45.778,42.36,36.378,29.054,22.584,16.968,10.987,4.883,-0.73244,-3.296,-5.3713,-6.9582,-10.254,-15.748,-20.631,-25.269,-29.176,-33.082,-36.866,-40.529,-43.58,-46.754,-50.172,-53.468,-56.887,-61.159,-65.31,-69.582,-74.221,-77.151,-80.569,-82.644,-83.865,-84.109,-84.719,-83.254,-83.377,-84.719,-85.452,-85.574,-83.621,-81.545,-78.127,-74.465,-69.338,-60.915,-45.289,-23.438,-7.9348,-1.2207,4.7609,8.7893,26.49,4.6388,5.3713,4.3947,2.4415,-0.4883,-3.4181
-8.5452,-13.428,-18.921,-22.584,-24.781,-27.711,-31.739,-35.401,-38.575,-42.238,-42.604,-42.97,-42.726,-42.848,-42.36,-43.58,-45.656,-48.585,-52.614,-55.788,-57.375,-58.107,-58.351,-58.229,-56.398,-52.614,-46.999,-41.261,-31.251,-15.137,-4.5167,1.3428,4.2726,5.3713,1.9532,-5.2492,-12.696,-16.968,-18.677,-18.555,-11.109,9.7659,31.007,51.027,67.141,76.785,83.743,88.015,88.26,88.504,83.865,81.301,78.494,77.151,74.221,70.315,63.112,54.933,43.947,30.03,44.557,46.51,48.463,50.783,50.661,48.097
45.167,41.627,39.43,37.599,33.692,29.298,24.659,20.997,15.503,10.865,6.7141,0.85452,-7.9348,-18.555,-26.368,-31.373,-33.815,-36.378,-36.012,-34.913,-33.448,-32.105,-30.519,-29.542,-28.687,-28.932,-28.932,-32.105,-35.89,-40.773,-46.876,-51.515,-55.91,-58.84,-62.014,-64.089,-65.798,-68.606,-73,-79.226,-85.086,-88.87,-94.241,-98.025,-100.71,-101.81,-102.79,-105.47,-110.35,-119.63,-125.86,-133.92,-145.88,-162.72,-172.37,-176.15,-172.49,-166.51,-155.28,-132.21,-104.13,-4.0284,-5.4933,-8.179,-10.743,-11.353
-10.865,-10.376,-10.865,-11.231,-12.574,-13.672,-14.283,-15.137,-17.09,-19.288,-21.973,-25.147,-26.734,-28.321,-28.565,-27.955,-27.223,-26.734,-26.49,-28.077,-31.129,-34.181,-35.279,-38.453,-43.458,-46.388,-50.172,-52.614,-55.788,-57.863,-59.694,-59.206,-55.544,-50.539,-45.778,-40.651,-32.472,-21.241,-9.5218,-0.61037,-0.4883,0.24415,7.3244,16.846,21.973,23.56,22.217,27.955,38.453,47.975,52.98,56.52,61.525,66.652,71.657,77.151,81.668,82.278,78.86,71.535,63.112,76.418,68.728,62.624,60.183,59.206
59.328,59.938,58.84,55.055,49.928,44.435,37.111,29.054,19.776,11.963,5.2492,-0.73244,-3.7843,-4.7609,-4.0284,-2.3194,1.3428,4.0284,5.4933,5.4933,4.1505,1.9532,-2.3194,-7.5686,-14.405,-20.508,-26.002,-31.007,-35.401,-39.552,-43.58,-48.463,-52.98,-57.009,-61.159,-63.967,-66.897,-70.193,-73.122,-73.855,-74.099,-75.442,-77.151,-79.47,-81.301,-84.109,-88.504,-93.753,-99.368,-107.06,-112.31,-115.73,-118.17,-113.41,-106.81,-100.71,-93.387,-82.278,-68.728,-57.497,-14.283,-10.865,-9.5218,-8.6673,-7.2024,-5.6154
-5.2492,-5.6154,-5.8596,-6.2258,-6.4699,-7.5686,-8.5452,-9.5218,-10.376,-11.963,-13.55,-15.137,-16.358,-17.457,-19.288,-20.875,-22.584,-24.537,-26.368,-27.223,-27.955,-29.42,-30.641,-31.129,-31.495,-32.228,-30.885,-31.983,-30.152,-29.542,-28.565,-30.03,-28.932,-27.345,-26.124,-27.1,-28.443,-30.885,-33.815,-33.937,-33.57,-33.326,-36.622,-38.575,-22.095,-6.1037,1.8311,8.5452,8.9114,7.2024,5.6154,1.587,0.12207,3.4181,5.9816,10.743,14.649,21.729,31.617,41.139,53.713,65.798,74.587,77.029,76.662,37.355
38.087,37.355,37.721,36.622,33.57,28.687,25.88,26.49,25.758,25.269,24.903,23.682,19.654,15.259,10.376,7.8127,5.9816,5.7375,4.7609,3.4181,1.709,1.3428,0.85452,-0.24415,0,-2.0753,-2.4415,-3.5401,-7.3244,-9.2776,-11.719,-13.794,-15.381,-16.846,-18.677,-22.217,-26.734,-32.472,-37.721,-42.604,-48.219,-52.492,-56.032,-60.427,-63.356,-65.432,-68.728,-72.268,-74.709,-78.005,-79.348,-82.034,-80.691,-78.738,-66.164,-40.529,-8.5452,14.649,21.851,32.96,47.975,49.562,38.331,20.386,1.709,-1.9532
3.1739,10.498,15.748,18.799,18.311,17.579,16.114,12.818,8.7893,2.6856,-0.73244,-3.1739,-8.6673,-13.184,-15.259,-19.532,-23.438,-28.565,-32.35,-35.768,-37.355,-39.674,-41.993,-44.557,-46.51,-51.271,-57.619,-61.525,-65.554,-69.582,-71.657,-74.709,-80.935,-85.452,-90.823,-90.823,-81.79,-66.53,-48.219,-35.035,-21.851,-10.254,0.12207,7.6907,12.818,17.457,16.968,12.329,5.1271,-2.5636,-4.883,-6.2258,-7.8127,-5.8596,8.6673,24.903,37.599,50.295,60.305,67.751,70.925,74.953,78.982,76.418,79.348,79.958
79.958,98.758,92.898,86.306,78.86,69.094,57.131,47.243,38.697,31.983,26.002,24.415,26.368,29.054,31.251,32.35,31.495,30.152,27.345,25.636,22.217,19.776,17.457,16.48,15.992,14.405,12.452,11.353,9.5218,6.9582,2.1973,-2.0753,-5.9816,-11.231,-16.846,-21.851,-25.758,-29.908,-33.448,-36.988,-40.162,-45.045,-48.341,-50.539,-52.98,-55.544,-58.107,-61.892,-63.845,-66.774,-73.122,-82.034,-88.26,-94.607,-99.124,-97.049,-90.457,-89.602,-90.091,-87.161,-81.057,-72.024,-64.333,-60.915,-72.634,-83.254
-2.8077,-6.7141,-10.254,-12.207,-13.184,-11.719,-10.376,-11.475,-13.184,-14.527,-15.992,-18.311,-19.532,-19.532,-21.119,-18.799,-17.579,-17.335,-16.968,-17.09,-17.823,-19.288,-21.851,-25.88,-29.542,-31.251,-31.861,-32.105,-31.251,-29.908,-28.443,-27.833,-27.589,-26.856,-27.833,-27.223,-25.513,-24.903,-23.56,-20.753,-20.264,-22.706,-25.025,-26.002,-28.565,-21.241,-8.4231,9.2776,30.641,51.027,61.892,67.751,65.188,67.873,73.611,77.883,80.935,84.597,90.579,93.997,93.875,92.654,89.724,85.452,79.592,69.582
54.811,20.142,15.992,14.771,15.748,15.137,15.992,18.189,20.142,21.729,21.119,18.433,15.259,12.574,9.7659,6.4699,1.587,-2.0753,-5.4933,-9.5218,-12.452,-14.893,-15.87,-15.137,-14.283,-12.574,-13.55,-15.87,-18.311,-20.753,-23.438,-26.246,-29.786,-33.082,-34.913,-36.012,-37.477,-40.529,-45.289,-49.074,-54.201,-60.305,-66.408,-72.146,-77.883,-83.254,-89.602,-94.729,-98.758,-99.979,-101.57,-101.2,-98.148,-94.363,-93.02,-92.166,-90.945,-83.743,-74.709,-65.798,-59.816,-49.806,-40.407,-36.988,-35.279,-41.993
-47.365,8.4231,4.6388,0.36622,-4.1505,-6.592,-7.3244,-7.0803,-6.7141,-5.9816,-4.2726,-2.4415,-0.73244,-1.587,-2.5636,-4.2726,-5.8596,-9.0335,-11.841,-14.649,-17.457,-20.02,-22.584,-25.269,-27.589,-30.519,-33.815,-37.843,-42.238,-45.045,-47.365,-49.196,-51.515,-54.811,-58.596,-65.554,-74.709,-80.935,-88.992,-97.293,-106.81,-115.12,-114.14,-107.67,-100.22,-94.241,-82.4,-64.333,-45.289,-45.045,-47.365,-47.853,-35.646,-22.34,-4.5167,14.039,26.734,37.233,57.131,75.076,95.584,109.62,121.46,122.81,119.27,110.72
99.612,103.15,98.636,91.678,80.569,66.897,54.811,44.313,39.552,39.186,40.162,43.336,49.806,53.835,55.788,56.032,54.933,51.881,48.341,44.191,38.453,32.96,27.345,21.241,15.503,9.6438,3.1739,-2.0753,-5.7375,-9.1556,-14.039,-19.654,-23.804,-26.002,-26.612,-28.199,-28.321,-29.298,-32.594,-27.589,-26.124,-28.321,-34.303,-40.651,-46.754,-53.713,-62.014,-67.629,-73.855,-79.958,-83.254,-88.504,-93.02,-97.537,-104.01,-109.74,-105.72,-96.194,-84.719,-63.601,-41.017,-24.293,-13.062,-1.587,4.5167,1.3428
-1.3428,-0.73244,-1.4649,-2.4415,-3.5401,-3.6622,-4.0284,-3.6622,-4.2726,-3.9064,-3.1739,-3.5401,-3.6622,-4.0284,-5.7375,-8.5452,-13.428,-18.921,-24.659,-30.03,-35.401,-40.773,-43.336,-46.266,-46.876,-47.365,-46.876,-46.144,-46.51,-46.876,-47.487,-46.388,-45.534,-43.703,-40.529,-37.355,-31.617,-27.467,-24.171,-20.386,-15.992,-11.963,-10.743,-10.254,-7.9348,-6.2258,-5.7375,1.587,12.329,23.316,28.443,29.42,31.495,39.43,44.801,44.679,40.651,38.697,45.289,56.154,65.432,69.826,72.146,77.761,85.818,94.119
96.194,55.91,46.144,35.401,26.368,18.311,10.376,7.0803,9.3997,16.358,24.659,30.763,31.861,30.274,27.467,24.781,22.34,21.119,20.02,18.311,16.48,12.818,10.376,7.9348,5.8596,3.4181,0.12207,-2.6856,-7.6907,-13.428,-19.532,-26.368,-34.425,-41.749,-47.487,-52.37,-56.276,-58.351,-59.328,-59.328,-59.938,-59.084,-59.45,-60.427,-63.112,-65.554,-67.629,-69.094,-71.291,-75.076,-78.738,-82.522,-85.208,-85.696,-85.208,-83.01,-80.203,-75.442,-74.953,-76.296,-84.719,-92.044,-93.875,-90.457,-82.4,-78.982
-68.239,-10.01,-12.329,-5.6154,-3.5401,-2.8077,-4.6388,-8.5452,-22.217,-28.687,-17.579,-5.005,-12.94,-11.231,-8.179,-13.916,-15.259,-14.771,-34.303,-24.659,-30.274,-30.274,-32.105,-33.815,-19.41,-38.82,-38.209,-36.378,-40.04,-42.848,-48.83,-50.295,-56.154,-60.427,-64.333,-66.897,-73.977,-77.151,-75.808,-72.39,-67.385,-60.793,-47.975,-40.651,-25.147,-18.677,-17.823,-18.677,-17.579,-16.358,0.12207,24.415,37.477,48.83,66.652,88.748,89.48,88.26,88.87,83.987,76.54,69.094,66.042,62.624,56.032,38.087
19.41,-9.3997,-12.452,-10.62,-5.4933,3.4181,7.9348,11.597,16.48,17.945,17.212,15.625,13.55,12.452,11.719,10.62,10.01,9.1556,9.0335,9.5218,8.301,5.005,1.587,-4.0284,-9.3997,-13.916,-17.701,-21.119,-23.804,-26.368,-27.589,-28.077,-28.565,-28.809,-29.054,-29.298,-30.519,-33.204,-36.134,-38.82,-41.017,-42.97,-44.801,-46.144,-46.022,-46.632,-47.243,-47.853,-49.684,-50.539,-53.591,-58.596,-64.821,-72.634,-78.127,-82.766,-87.161,-91.433,-91.311,-93.631,-96.072,-95.218,-90.945,-85.208,-85.818,-98.758
-107.55,-6.8361,-11.109,-15.015,-16.236,-15.259,-14.161,-14.649,-15.259,-15.259,-15.87,-16.968,-18.921,-21.973,-24.537,-26.49,-30.152,-32.228,-33.57,-37.843,-43.458,-47.365,-49.684,-50.172,-49.318,-47.243,-46.144,-44.435,-43.214,-40.529,-36.256,-34.791,-32.594,-32.716,-35.279,-37.599,-35.768,-33.082,-29.908,-26.612,-24.415,-20.386,-14.649,-3.6622,11.353,23.194,32.35,40.895,45.289,46.632,48.097,49.44,49.44,44.557,37.965,32.472,31.007,30.885,34.059,42.97,51.271,56.52,61.037,65.31,65.798,61.403
49.928,28.809,23.682,20.142,19.41,22.95,28.932,33.692,35.035,34.181,32.228,28.932,26.612,24.293,21.485,18.189,15.015,11.353,8.301,4.1505,0.85452,-0.24415,-2.0753,-3.0519,-4.1505,-6.3478,-8.6673,-11.597,-14.405,-17.579,-20.631,-23.316,-26.856,-29.908,-31.495,-32.105,-33.326,-36.134,-36.988,-38.453,-40.162,-41.383,-43.703,-46.754,-49.562,-52.248,-53.835,-57.619,-60.915,-61.892,-63.234,-64.089,-66.897,-72.268,-75.808,-77.761,-78.494,-81.179,-84.964,-88.87,-91.922,-96.316,-96.072,-91.556,-88.992,-91.678
-88.626,3.9064,2.4415,1.0987,-1.2207,-3.6622,-7.6907,-13.062,-17.09,-20.753,-24.049,-26.002,-26.856,-26.368,-25.88,-25.758,-28.687,-31.373,-35.035,-37.721,-40.162,-41.261,-40.651,-40.284,-39.674,-39.796,-40.04,-40.773,-41.627,-43.703,-46.632,-48.463,-50.172,-52.248,-54.079,-53.591,-50.539,-46.388,-44.069,-42.238,-40.162,-35.524,-32.96,-34.669,-43.947,-41.505,-38.697,-34.181,-28.932,-24.415,-17.823,-14.649,-6.2258,5.005,16.358,29.054,42.238,55.177,65.676,79.836,89.724,99.246,105.59,109.13,113.28,111.94
35.157,32.838,30.519,27.711,25.269,24.903,26.124,26.978,26.612,26.246,26.368,25.88,22.95,17.335,12.085,7.9348,7.2024,7.0803,7.8127,8.0569,8.5452,9.7659,10.498,10.865,10.01,8.6673,6.4699,4.6388,0.85452,-4.2726,-9.7659,-13.794,-17.579,-22.462,-28.199,-33.815,-39.552,-44.923,-48.952,-53.591,-56.276,-59.328,-61.769,-64.821,-69.216,-75.076,-79.836,-83.499,-88.137,-92.898,-97.659,-103.52,-109.74,-114.38,-117.8,-121.1,-124.15,-126.35,-126.59,-125.25,-123.54,-126.59,-130.38,-134.77,-140.14,-135.87
12.207,13.794,14.527,13.062,9.7659,6.4699,3.5401,1.4649,-0.36622,-2.1973,-3.6622,-5.4933,-5.6154,-5.6154,-6.2258,-7.3244,-8.6673,-9.888,-11.353,-14.405,-16.846,-20.02,-23.804,-27.955,-32.472,-35.524,-36.378,-36.988,-36.5,-37.111,-38.453,-39.43,-41.017,-42.848,-43.58,-44.557,-44.557,-42.726,-40.407,-35.524,-25.025,-12.207,-1.3428,9.0335,16.358,22.828,27.589,31.739,37.477,40.529,41.505,39.796,40.162,40.895,42.482,44.069,45.534,49.928,57.741,71.413,86.184,97.171,102.3,106.81,109.38,104.86
87.527,60.549,44.801,33.082,21.729,8.4231,-2.4415,-8.7893,-9.0335,-5.7375,12.207,41.139,67.629,75.93,74.465,66.53,58.107,47.731,32.594,20.997,11.353,3.9064,-0.12207,-2.9298,-6.8361,-8.179,-6.1037,-2.4415,-0.12207,0.36622,-1.587,-4.3947,-8.0569,-12.818,-17.945,-23.072,-25.025,-27.1,-27.345,-25.513,-19.41,-9.5218,-5.6154,-7.9348,-13.55,-21.607,-28.443,-35.768,-42.482,-52.004,-58.473,-66.164,-72.512,-82.156,-87.527,-93.509,-96.438,-99.002,-99.857,-94.241,-86.55,-79.592,-74.343,-72.268,-69.094,-73.733
-85.33,-92.044,-6.8361,-6.4699,-6.9582,-7.9348,-8.9114,-10.987,-13.672,-16.236,-19.532,-24.171,-27.223,-31.007,-35.524,-37.477,-38.453,-36.866,-35.279,-33.937,-32.472,-31.495,-30.519,-31.861,-34.181,-36.256,-38.575,-37.965,-40.529,-40.651,-42.482,-41.749,-41.139,-43.58,-46.144,-46.999,-49.196,-49.684,-47.121,-43.703,-41.749,-41.383,-39.308,-33.692,-28.687,-20.386,-8.179,-0.61037,2.5636,3.4181,-0.4883,2.5636,11.841,19.654,30.03,38.82,46.388,59.694,75.076,86.917,95.95,101.69,99.857,92.654,79.958,62.624
24.781,20.142,20.02,22.95,29.786,36.134,39.064,37.355,32.105,26.124,21.119,16.968,15.503,17.701,18.921,20.508,21.241,18.433,11.353,4.2726,-3.4181,-6.1037,-6.3478,-5.8596,-4.0284,-2.4415,-1.587,-2.5636,-5.1271,-9.888,-15.137,-21.363,-27.467,-34.059,-40.407,-44.923,-48.219,-49.928,-50.295,-50.05,-49.928,-50.783,-51.271,-51.393,-52.492,-54.445,-55.91,-58.473,-61.647,-65.92,-68.972,-71.169,-73.489,-77.639,-81.057,-84.475,-86.55,-85.818,-80.813,-77.883,-76.052,-63.478,-48.463,-30.763,-20.142,-20.631
-9.5218,-11.841,-11.963,-12.94,-13.672,-12.94,-11.963,-13.184,-15.992,-18.677,-21.241,-23.56,-25.758,-27.223,-28.932,-29.298,-28.321,-27.467,-27.223,-26.978,-27.955,-29.298,-31.373,-31.861,-33.326,-35.157,-37.477,-39.674,-39.796,-40.162,-38.453,-35.768,-32.838,-28.809,-25.513,-24.537,-23.438,-19.41,-17.335,-15.015,-10.865,-8.0569,-4.1505,-0.12207,5.6154,7.5686,5.6154,2.6856,-3.4181,-10.498,-16.602,-23.194,-22.462,-17.212,-13.428,-11.109,-19.288,-1.8311,29.176,55.177,72.268,78.127,79.592,77.273,70.07,51.515
44.679,41.505,41.139,42.97,41.993,43.825,42.238,37.111,28.932,21.729,13.428,7.2024,4.7609,3.0519,2.0753,0.73244,2.6856,5.6154,5.7375,3.9064,0.12207,-3.296,-6.3478,-7.8127,-11.963,-14.527,-15.87,-15.87,-15.015,-15.992,-19.166,-18.067,-17.09,-17.945,-19.166,-21.729,-24.659,-28.199,-30.641,-33.204,-34.059,-34.547,-35.157,-37.843,-40.773,-42.726,-42.604,-42.36,-42.97,-43.092,-41.749,-41.993,-43.336,-47.609,-56.154,-69.582,-77.395,-83.987,-87.649,-88.748,-84.841,-67.873,-43.825,-24.049,-13.306,-5.6154
-9.3997,-12.574,-14.039,-14.649,-13.672,-12.818,-12.818,-12.329,-12.085,-13.306,-16.236,-18.555,-21.241,-22.095,-23.072,-24.049,-25.269,-26.978,-29.298,-31.861,-35.035,-36.378,-36.256,-35.279,-34.547,-31.007,-27.589,-25.391,-24.415,-22.95,-23.804,-26.612,-32.838,-39.918,-46.51,-54.323,-60.183,-66.408,-62.38,-58.718,-56.154,-52.126,-46.144,-41.993,-37.111,-30.885,-23.194,-14.527,-9.0335,-5.3713,-3.5401,0.12207,8.0569,16.602,25.513,39.308,58.107,76.907,92.532,101.2,104.13,102.54,94.363,78.127,41.749,39.918
38.575,35.646,29.664,26.368,23.072,20.508,18.311,16.724,14.771,13.184,13.062,13.062,11.475,10.743,8.9114,5.8596,2.1973,-1.4649,-4.7609,-10.987,-14.039,-16.846,-18.311,-19.898,-21.241,-23.072,-24.171,-25.758,-28.199,-30.641,-34.059,-37.355,-39.43,-41.139,-42.36,-42.97,-43.458,-42.97,-42.726,-44.191,-44.679,-47.853,-50.783,-55.788,-61.403,-67.507,-74.587,-82.4,-87.283,-93.142,-92.532,-85.452,-78.372,-73.489,-76.174,-80.935,-84.719,-88.26,-91.678,-96.805,-105.35,-120.24,-126.59,-4.2726,-5.3713,-5.1271
-4.883,-5.1271,-4.3947,-4.2726,-4.2726,-3.6622,-4.1505,-5.9816,-7.2024,-8.9114,-11.963,-14.405,-17.701,-21.607,-25.391,-28.321,-31.007,-34.181,-35.646,-36.256,-38.331,-39.918,-39.918,-40.407,-40.651,-41.749,-42.116,-42.848,-42.604,-40.773,-41.383,-40.284,-40.773,-38.331,-34.425,-29.298,-23.804,-19.898,-16.236,-13.062,-10.865,-10.132,-8.179,-2.6856,4.883,7.8127,10.376,17.823,28.077,40.162,49.928,53.468,57.863,65.31,74.343,83.865,90.945,92.532,95.828,95.95,88.626,73.244,50.905,27.833,33.326,37.721
39.918,38.942,36.744,33.815,31.251,28.565,25.391,21.485,18.677,16.968,15.748,14.161,12.329,10.987,8.6673,6.3478,3.296,-0.24415,-3.9064,-8.0569,-12.574,-16.602,-19.898,-23.316,-25.391,-27.223,-28.199,-28.077,-27.955,-28.443,-30.152,-32.716,-36.134,-38.82,-42.238,-47.243,-52.98,-58.107,-62.99,-66.164,-69.948,-72.268,-73.244,-72.878,-72.024,-71.78,-70.07,-67.995,-67.263,-67.385,-65.798,-65.188,-68.361,-70.437,-74.831,-77.029,-81.057,-84.841,-93.265,-101.93,-113.28,-125.25,-122.81,9.6438,7.6907,6.1037
5.4933,5.005,5.4933,5.1271,4.1505,3.0519,0.24415,-3.5401,-7.3244,-11.475,-16.358,-21.363,-26.734,-31.861,-36.5,-40.895,-44.435,-45.534,-41.383,-36.622,-30.396,-21.363,-12.574,-13.184,-17.09,-21.973,-26.978,-30.641,-34.425,-35.768,-36.988,-36.5,-32.472,-25.391,-19.166,-15.137,-9.7659,-7.4465,-7.6907,-9.2776,-11.231,-9.7659,-9.888,-6.592,2.1973,10.743,21.973,23.927,21.729,17.701,18.555,23.682,30.274,35.524,39.186,45.9,52.492,55.177,62.38,69.704,73.855,73.366,65.432,52.126,45.656,41.749
39.186,38.209,39.308,41.383,41.871,41.505,41.017,39.308,36.866,34.425,31.007,27.223,22.828,17.945,13.428,9.6438,6.2258,3.0519,-0.61037,-3.0519,-6.9582,-8.7893,-11.109,-12.452,-15.259,-19.166,-22.706,-23.927,-25.025,-27.955,-32.228,-35.401,-39.43,-43.947,-48.708,-53.346,-57.497,-61.403,-64.577,-66.897,-68.728,-69.46,-70.07,-70.803,-71.657,-73,-74.343,-75.93,-76.907,-78.249,-80.081,-83.01,-87.649,-96.316,-102.54,-105.59,-105.72,-100.71,-97.659,-99.368,-100.83,-103.03,-102.91,38.942,42.97,43.947
40.284,35.524,28.321,19.776,12.207,7.2024,1.4649,-4.7609,-8.7893,-8.7893,-6.2258,-3.5401,-1.8311,0.61037,1.4649,0,-3.5401,-8.6673,-14.527,-19.898,-23.56,-27.345,-33.204,-39.796,-45.778,-51.881,-57.009,-60.671,-63.967,-66.652,-68.361,-68.361,-66.042,-58.962,-50.783,-43.947,-36.134,-27.467,-16.846,-9.2776,3.7843,14.039,24.659,35.89,41.017,43.703,43.947,41.383,35.89,30.763,32.472,37.965,44.313,49.928,58.596,66.164,73.366,77.273,75.32,68.484,55.177,35.524,38.209,43.703,49.684,54.079
56.764,57.985,57.741,54.567,49.806,45.289,42.97,39.552,32.96,26.002,20.631,16.968,13.306,10.498,6.4699,3.5401,-0.73244,-6.2258,-11.475,-17.945,-23.927,-28.443,-31.129,-31.739,-31.617,-32.105,-30.885,-29.42,-28.687,-30.274,-33.937,-38.453,-43.092,-46.876,-50.417,-53.224,-55.3,-56.52,-57.375,-60.305,-61.159,-64.699,-69.338,-72.634,-76.418,-80.203,-85.086,-87.893,-86.673,-83.132,-79.958,-79.958,-76.418,-66.042,-46.754,-38.209,-36.744,-40.407,-48.463,-57.863,-65.188,-68.117,8.9114,5.7375,1.2207,-4.883
-10.132,-13.184,-15.87,-18.921,-22.706,-25.636,-27.955,-30.152,-31.495,-31.007,-29.786,-28.687,-27.833,-24.049,-22.095,-21.607,-21.851,-22.828,-22.95,-19.166,-13.916,-9.2776,-9.5218,-11.231,-13.062,-14.039,-15.259,-13.916,-11.475,-9.1556,-4.3947,1.2207,-0.36622,-1.3428,2.8077,11.597,3.5401,2.8077,3.1739,8.4231,13.916,15.503,12.818,9.5218,8.179,12.818,18.311,19.288,17.945,22.706,29.298,38.087,43.825,52.736,61.403,69.704,66.286,60.793,54.201,38.697,12.452,51.515,41.139,38.087,39.796,44.557
46.51,48.708,51.515,51.515,51.271,46.876,42.116,36.622,32.716,29.176,24.903,22.462,19.776,16.358,13.794,10.865,6.4699,1.8311,-3.7843,-9.6438,-14.283,-17.701,-22.462,-25.636,-28.565,-30.152,-31.495,-31.373,-32.228,-33.57,-35.89,-38.575,-41.383,-43.703,-45.045,-47.365,-50.539,-52.248,-52.492,-51.881,-53.957,-56.154,-56.154,-53.468,-55.177,-57.497,-52.98,-41.383,-31.373,-22.706,-13.184,0.12207,12.818,22.584,25.758,23.072,10.376,-8.301,-25.391,-43.825,-52.492,6.9582,6.592,5.6154,7.9348,9.0335
9.3997,7.8127,1.9532,-2.5636,-1.8311,-2.1973,-1.0987,0.73244,2.1973,2.3194,0.73244,-2.3194,-5.2492,-10.376,-17.09,-26.49,-34.547,-35.89,-36.5,-35.89,-32.96,-31.495,-29.298,-27.833,-27.589,-27.711,-28.565,-27.711,-29.664,-33.082,-38.209,-45.656,-48.585,-43.336,-36.012,-27.955,-18.677,-8.0569,5.005,15.992,27.223,40.284,49.806,57.619,64.943,70.437,69.582,72.268,79.714,80.813,80.691,86.917,87.893,80.935,78.738,83.01,85.818,86.428,77.273,57.619,33.448,14.039,11.597,27.467,48.952,67.141
86.673,109.38,131.23,150.76,161.99,162.48,156.01,144.66,126.83,108.52,88.87,67.385,49.196,37.111,29.786,28.809,30.641,33.082,34.425,33.937,30.152,24.903,17.09,7.9348,-0.61037,-9.6438,-23.072,-20.386,-21.851,-25.025,-29.054,-34.303,-37.355,-43.092,-56.764,-60.305,-36.622,-18.311,36.378,66.042,55.91,34.303,29.908,66.164,121.22,146.49,152.84,162.72,173.59,149.54,142.7,166.51,174.2,157.72,141.97,138.92,126.47,163.7,206.79,6.8361,6.7141,7.2024,7.8127,7.4465,7.5686,7.9348
8.5452,8.5452,7.9348,7.4465,7.3244,6.7141,5.4933,5.4933,5.8596,7.2024,8.179,8.4231,9.2776,9.3997,9.2776,8.7893,8.301,8.179,7.4465,6.8361,6.7141,6.1037,5.6154,4.883,4.6388,4.6388,4.7609,5.1271,5.1271,4.7609,4.1505,3.7843,4.1505,5.1271,5.2492,4.1505,2.4415,-0.61037,-4.0284,-5.9816,-8.9114,-11.231,-13.794,-17.09,-22.95,-23.438,-14.405,-13.184,-12.818,-6.9582,10.987,19.288,3.1739,0.4883,-5.2492,-31.495,-51.759,-41.383,15.137,2.1973,2.9298,3.9064,4.1505,5.1271,5.2492,5.7375
6.3478,5.9816,5.3713,5.1271,5.6154,5.8596,6.2258,6.2258,6.3478,7.0803,7.0803,6.4699,5.7375,5.1271,4.2726,4.883,5.3713,5.2492,5.005,5.3713,5.6154,5.7375,5.1271,3.0519,0,-4.5167,-9.0335,-11.597,-9.6438,-7.5686,-5.4933,-10.376,-14.893,-25.758,-33.57,-42.238,-57.863,-81.301,-103.76,-111.33,-114.02,-111.09,-99.612,-85.452,-69.094,-52.858,-36.744,-21.973,-1.8311,15.503,41.261,61.647,66.652,69.704,82.278,72.512,54.689,34.791,30.641,2.5636,0.73244,-2.3194,-4.3947,-6.7141,-9.1556,-12.574
-15.381,-15.015,-10.62,-5.8596,-4.5167,-6.7141,-11.963,-17.212,-21.973,-27.711,-35.89,-45.9,-55.177,-61.403,-64.211,-67.019,-67.873,-62.868,-60.183,-64.089,-67.141,-68.361,-69.216,-72.024,-74.465,-78.494,-80.691,-82.4,-81.912,-73.122,-58.596,-44.313,-32.716,-25.88,-17.579,-1.8311,14.161,27.589,33.57,34.547,33.815,34.913,32.228,22.706,15.625,14.161,18.311,18.921,18.433,17.09,19.776,20.753,15.992,14.283,22.95,32.472,40.407,47.609,51.271,52.004,3.6622,4.0284,5.005,5.3713,5.6154,6.1037
6.592,7.2024,7.6907,7.6907,8.0569,9.0335,10.01,10.132,9.1556,6.4699,3.9064,-0.85452,-5.4933,-9.3997,-10.498,-11.719,-11.231,-8.7893,-7.8127,-7.2024,-6.592,-6.1037,-8.0569,-10.987,-10.865,-6.2258,-5.7375,-10.01,-15.381,-18.311,-26.734,-35.524,-37.721,-47.243,-62.014,-83.254,-105.84,-109.87,-113.16,-120.73,-127.93,-137.94,-138.8,-127.81,-130.62,-129.03,-109.5,-80.325,-48.952,-17.701,0.12207,0.73244,-3.9064,0,9.2776,17.335,26.002,26.612,18.433,2.3194,11.109,12.085,12.818,14.405,15.748,16.602
16.602,16.724,17.457,18.921,20.02,21.119,22.34,23.072,23.316,21.973,19.288,16.114,13.428,9.3997,3.9064,-0.36622,-3.7843,-8.0569,-14.527,-24.415,-33.692,-42.97,-54.079,-67.995,-82.888,-102.05,-125.74,-142.95,-156.74,-169.19,-182.62,-195.68,-204.6,-205.69,-202.28,-197.52,-200.69,-205.21,-203.25,-196.66,-179.94,-164.43,-154.42,-141.85,-120.37,-101.2,-92.654,-94.363,-93.387,-106.2,-116.95,-130.86,-152.71,-151.74,-130.62,-108.52,-88.382,-75.076,-31.983,32.838,12.574,12.085,11.109,9.888,9.7659,10.132
10.254,9.6438,9.0335,8.301,8.301,8.9114,8.7893,8.7893,8.179,8.301,8.7893,7.6907,5.9816,4.7609,5.1271,5.8596,6.3478,7.0803,7.8127,8.6673,8.6673,7.3244,5.005,2.8077,0.73244,-2.3194,-4.3947,-6.8361,-10.498,-15.503,-21.485,-27.1,-32.228,-38.087,-45.534,-54.567,-62.99,-71.413,-78.616,-83.132,-88.87,-94.852,-99.002,-99.368,-94.607,-89.602,-84.597,-83.499,-84.231,-93.753,-108.28,-120.12,-125.98,-119.88,-112.8,-104.13,-86.673,-68.606,-65.31,-84.109,11.963,11.719,10.865,10.254,10.254,11.597
13.794,15.625,16.724,16.724,14.649,12.329,9.7659,6.8361,4.5167,2.9298,2.8077,3.6622,4.5167,7.2024,9.5218,11.475,13.062,13.794,14.527,15.381,16.114,16.846,18.433,20.753,22.095,19.776,21.241,18.433,15.748,17.823,19.166,30.274,50.905,58.596,69.094,74.343,84.964,98.514,103.76,98.392,86.795,81.057,83.743,82.034,76.418,70.803,60.549,34.669,14.039,4.7609,-4.0284,-22.095,-32.472,-38.087,-39.43,-46.022,-65.554,-80.569,-89.724,-40.773,6.3478,5.7375,5.3713,4.6388,4.1505,4.3947
3.9064,3.296,2.8077,2.6856,2.8077,3.0519,3.1739,3.7843,4.2726,5.1271,5.7375,6.2258,7.9348,8.6673,8.6673,8.179,7.4465,6.592,5.3713,4.6388,3.0519,0,-4.3947,-9.7659,-15.381,-18.921,-21.119,-27.1,-33.57,-37.721,-40.651,-47.487,-52.858,-61.281,-73.122,-88.382,-98.88,-101.81,-99.368,-90.945,-76.418,-66.286,-59.938,-53.835,-50.417,-52.492,-58.107,-62.746,-55.91,-41.871,-45.656,-44.801,-42.238,-36.866,-30.519,-19.044,-11.719,-5.3713,2.4415,-2.8077,5.3713,6.3478,7.2024,7.2024,7.2024,6.9582
6.8361,6.2258,5.9816,5.4933,5.4933,5.2492,5.2492,5.9816,6.3478,6.2258,4.883,3.5401,3.296,3.6622,4.1505,3.296,2.6856,4.1505,6.4699,10.62,12.574,14.161,17.335,19.166,18.921,16.236,13.916,13.306,11.353,9.6438,4.1505,-6.592,-16.114,-23.682,-31.983,-40.651,-44.435,-46.51,-48.341,-47.487,-38.697,-31.129,-24.171,-27.711,-26.368,-14.649,6.1037,21.851,35.401,42.848,48.708,49.44,58.473,69.46,78.005,85.086,89.846,93.02,102.66,132.08,3.5401,3.6622,4.1505,4.0284,4.2726,4.7609
4.7609,5.1271,5.7375,5.4933,5.6154,5.9816,7.2024,8.7893,10.498,12.207,12.085,11.353,10.376,10.865,12.452,12.085,9.888,7.0803,5.4933,3.1739,0.12207,-1.9532,-3.6622,-7.0803,-11.109,-14.527,-17.457,-18.433,-20.631,-24.049,-25.636,-23.682,-20.264,-18.921,-20.142,-22.217,-27.833,-34.669,-41.383,-48.952,-59.206,-52.37,-47.731,-51.515,-50.417,-50.172,-45.045,-35.157,-27.1,-17.823,-3.296,4.1505,4.2726,1.4649,5.8596,11.963,18.311,25.147,26.246,20.386,56.642,52.736,42.238,29.542,17.579,9.1556
2.5636,-4.7609,-9.888,-14.283,-23.072,-29.542,-30.885,-28.687,-28.932,-30.519,-27.833,-20.386,-10.254,-1.8311,1.2207,1.4649,2.0753,5.2492,9.5218,12.94,12.818,6.592,-5.8596,-16.968,-19.41,-29.542,-24.537,-18.189,-10.743,-11.963,-11.719,-2.5636,0.97659,-4.1505,-10.01,-11.475,-15.625,-22.462,-23.194,-21.607,-25.147,-30.885,-33.204,-30.641,-36.134,-50.172,-58.84,-58.107,-47.975,-44.801,-45.167,-39.674,-21.485,0.61037,15.015,25.513,36.988,47.975,51.637,49.806,3.7843,3.9064,3.6622,4.2726,3.4181,3.296
3.5401,3.4181,3.4181,3.296,3.0519,2.3194,0.73244,-1.4649,-3.296,-5.6154,-8.0569,-10.987,-13.184,-18.067,-22.584,-26.49,-28.443,-29.42,-31.495,-32.96,-33.082,-34.669,-40.162,-45.656,-51.759,-53.224,-48.341,-41.505,-32.105,-15.137,6.3478,25.513,36.134,37.477,42.36,30.641,9.3997,-3.9064,-2.6856,2.1973,7.9348,5.4933,-0.4883,-9.6438,-12.207,-2.1973,14.527,41.017,68.484,16.358,14.405,12.818,11.963,11.109,10.498,10.132,9.7659,8.9114,7.9348,7.0803,6.1037,5.2492,4.1505,2.8077,1.3428,0.4883
-0.36622,-1.0987,-1.2207,-1.4649,-1.587,-1.587,-1.3428,-1.587,-1.587,-1.3428,-1.0987,-1.2207,-0.97659,-0.85452,-0.73244,-1.4649,-2.9298,-3.6622,-5.2492,-6.2258,-7.3244,-9.2776,-10.376,-12.452,-14.649,-15.503,-15.87,-15.748,-18.067,-22.584,-24.659,-19.41,-14.039,-14.771,-23.194,-6.592,12.94,-8.7893,-23.072,-18.311,-1.8311,5.9816,13.184,20.753,31.373,33.204,27.223,32.96,24.293,7.4465,7.2024,6.4699,5.3713,4.7609,5.1271,5.6154,6.592,7.8127,8.7893,9.0335,8.7893,8.6673,7.5686,6.7141,5.7375,5.6154
5.3713,5.3713,4.1505,3.1739,3.296,4.7609,6.3478,7.8127,9.3997,12.696,17.457,20.02,20.386,17.579,12.94,7.5686,2.0753,-1.9532,-4.2726,-4.7609,-3.9064,-2.3194,-0.12207,1.3428,0.61037,-0.73244,-1.3428,-0.36622,-0.12207,-1.3428,-3.5401,-7.4465,-13.428,-19.41,-30.274,-44.557,-53.468,-53.957,-50.905,-45.656,-40.04,-37.233,-29.42,-23.927,-21.729,-13.672,-20.386,-30.396,-30.885,15.748,14.039,12.574,11.597,11.719,11.719,11.841,11.231,10.01,8.6673,8.179,7.3244,7.6907,9.2776,11.109,11.109,10.01
10.254,10.376,9.888,6.8361,3.0519,-0.36622,-2.9298,-5.8596,-6.9582,-5.4933,-4.6388,-7.4465,-13.184,-19.41,-23.56,-24.171,-24.049,-31.007,-38.331,-44.435,-48.219,-44.679,-37.111,-25.391,-19.654,-19.776,-22.828,-19.288,-14.527,-10.62,-8.7893,-9.6438,-3.9064,10.132,35.157,44.557,37.233,31.129,21.851,15.381,10.01,4.5167,3.6622,5.2492,5.4933,6.2258,7.4465,11.475,30.274,5.1271,4.5167,3.296,2.4415,1.587,0.4883,-1.0987,-9.7659,-12.329,-15.87,-19.654,-22.217,-22.095,-26.612,-24.537,-16.236,-15.503
-24.049,-16.602,-7.4465,-1.3428,-2.6856,-4.2726,-13.062,-27.833,-36.622,-42.238,-49.806,-46.022,-39.308,-40.895,-41.383,-38.697,-39.308,-40.284,-36.622,-25.391,-17.945,-16.846,-22.95,-10.132,7.5686,17.457,19.41,32.96,40.407,36.744,42.848,51.393,49.806,52.614,52.126,60.915,62.136,54.567,43.458,32.228,23.194,11.719,6.8361,6.9582,6.2258,5.9816,11.231,12.574,4.5167,1.8311,0.24415,-1.4649,-1.9532,-0.73244,0.24415,0.85452,1.709,3.6622,5.1271,5.8596,4.3947,3.7843,3.0519,4.6388,4.5167,4.883
5.3713,6.4699,10.498,11.841,15.992,19.41,20.508,21.851,20.875,17.945,13.428,9.0335,6.2258,4.6388,4.5167,5.1271,5.6154,5.2492,5.2492,3.4181,0.85452,-2.0753,-4.3947,-6.592,-7.6907,-5.9816,-1.709,1.8311,5.9816,10.254,13.306,15.381,16.724,17.823,17.701,17.823,18.311,16.48,11.109,8.7893,8.6673,7.6907,6.4699,6.9582,-6.9582,-33.082,-45.778,-97.903,-113.53,-85.33,-35.035,14.771,29.176,20.264,9.6438,3.1739,5.9816,11.963,11.475,11.231,10.62,8.9114,8.0569,8.301,7.0803,6.2258
5.7375,5.9816,3.9064,3.5401,3.9064,1.709,1.2207,1.9532,-1.0987,-1.4649,-2.6856,-4.3947,-6.592,-14.649,-23.927,-26.246,-31.495,-45.412,-60.305,-78.738,-94.729,-111.82,-128.91,-146.12,-134.65,-123.29,-116.46,-116.09,-117.68,-116.46,-115.12,-109.5,-96.561,-79.958,-59.572,-36.012,-17.701,-3.0519,8.179,9.5218,8.6673,8.4231,7.5686,8.179,8.0569,12.085,16.724,18.555,37.355,5.3713,3.7843,2.5636,3.0519,4.3947,5.6154,6.4699,7.9348,8.7893,9.6438,10.132,10.987,12.329,13.062,13.062,12.452,11.353
9.3997,6.9582,3.5401,-0.36622,-4.0284,-7.5686,-9.0335,-11.231,-15.625,-16.724,-13.184,-18.555,-18.555,-11.231,-8.0569,-7.8127,-15.259,-24.659,-25.269,-28.199,-28.565,-34.303,-38.453,-35.89,-44.557,-55.422,-54.445,-42.36,-33.204,-23.682,-7.8127,3.9064,8.7893,13.306,14.161,8.301,-0.24415,-1.709,0.85452,0.4883,1.4649,10.743,26.49,38.331,39.674,29.176,14.527,-0.24415,-12.574,8.5452,7.9348,6.9582,5.8596,5.1271,4.2726,2.6856,0.4883,-0.61037,-1.3428,-1.8311,-2.4415,-2.9298,-3.296,-4.6388,-4.883,-4.7609
-7.3244,-7.8127,-7.2024,-10.498,-12.085,-9.5218,-7.0803,-5.3713,-6.2258,-10.987,-8.4231,-8.9114,-1.0987,2.1973,5.8596,-1.3428,-6.3478,-3.5401,3.0519,9.5218,11.475,10.01,4.7609,-0.12207,-7.0803,-13.062,-19.532,-21.241,-26.856,-38.575,-38.331,-22.217,-9.6438,2.1973,9.888,17.09,26.368,33.57,35.279,38.209,41.993,39.308,29.908,22.828,21.851,15.503,14.649,26.002,12.085,42.482,8.301,8.4231,7.8127,7.8127,7.4465,7.6907,7.9348,8.179,7.8127,7.6907,7.5686,7.4465,7.4465,7.2024,7.9348,7.9348
8.0569,7.5686,6.4699,5.7375,5.005,4.6388,5.1271,3.7843,2.9298,3.0519,2.6856,3.7843,4.0284,2.9298,0.97659,-1.0987,-2.6856,-4.5167,-4.7609,-4.7609,-6.3478,-7.5686,-6.8361,-6.9582,-7.9348,-8.4231,-8.6673,-7.9348,-6.7141,-6.2258,-7.3244,-9.1556,-11.719,-13.916,-16.846,-18.555,-26.49,-29.786,-32.838,-34.303,-35.646,-34.303,-29.298,-20.631,-14.893,-9.0335,-0.61037,10.254,18.555,29.908,10.865,10.376,10.743,11.719,12.452,12.085,11.719,10.865,10.254,9.3997,8.5452,8.5452,7.8127,6.9582,5.7375,4.2726
3.4181,2.6856,0.73244,-0.85452,-3.0519,-5.005,-4.6388,-3.9064,-6.7141,-8.179,-8.4231,-8.301,-8.179,-8.0569,-8.0569,-4.883,-1.587,1.587,-0.73244,-10.62,-22.34,-31.129,-32.716,-18.677,-16.846,-27.467,-29.054,-20.997,-14.771,-5.4933,-7.3244,-11.841,-15.381,-14.283,-17.823,-12.207,-10.498,-8.9114,-8.5452,-11.231,-11.109,-13.916,-17.579,-13.794,-8.179,-4.6388,-4.3947,-2.9298,5.7375,11.475,10.132,9.7659,8.6673,6.8361,6.2258,6.4699,8.4231,6.8361,6.8361,5.005,4.3947,3.296,3.9064,3.296,2.6856,1.709
3.0519,0,6.7141,17.823,25.147,28.932,32.228,33.204,39.674,40.04,35.157,36.256,40.162,43.947,40.895,35.279,30.885,19.654,8.7893,-1.8311,-14.161,-31.007,-42.116,-44.191,-38.575,-29.298,-16.236,-8.4231,-4.2726,0.12207,1.587,-0.85452,-10.62,-15.625,-9.1556,-5.005,-11.841,-20.875,-29.908,-35.524,-30.152,-20.142,-4.3947,18.799,49.684,74.709,85.452,92.288,88.137,83.987,9.3997,9.6438,9.2776,9.3997,9.6438,9.888,10.132,9.5218,9.888,10.132,10.498,10.62,10.62,10.743,11.597,12.574
13.306,13.794,14.039,13.916,14.161,14.771,14.527,13.062,11.353,10.376,10.132,10.01,9.0335,7.8127,6.4699,6.7141,7.9348,9.0335,7.6907,6.1037,-2.3194,-11.109,-11.353,-16.114,-25.88,-34.547,-41.749,-39.796,-33.57,-36.134,-43.092,-44.923,-40.651,-36.866,-46.144,-53.591,-53.713,-51.393,-34.669,-35.646,-36.622,-27.833,-18.311,-6.1037,2.9298,7.5686,18.677,32.228,25.88,-9.6438,3.0519,6.3478,12.94,17.579,20.753,23.56,24.415,22.34,18.921,14.649,10.743,7.3244,4.1505,2.0753,0.4883,-0.36622
-0.24415,1.9532,4.3947,7.5686,10.376,12.696,13.062,12.085,10.743,8.7893,7.5686,6.7141,6.592,6.7141,7.2024,7.3244,7.5686,6.592,6.4699,7.6907,8.0569,8.5452,9.3997,9.1556,9.7659,12.329,13.184,13.916,13.306,11.597,10.01,7.6907,4.0284,1.587,-0.85452,-2.6856,-3.5401,-3.296,-3.5401,-3.0519,-4.2726,-5.005,-5.6154,-1.709,6.3478,15.137,6.8361,-1.9532,-13.062,-26.856,11.353,9.6438,9.6438,8.4231,7.2024,5.8596,5.005,3.7843,2.3194,1.587,0.85452,-0.12207,-1.4649,-2.9298,-4.3947,-5.3713
-6.2258,-8.4231,-10.254,-12.085,-13.916,-15.259,-18.189,-19.654,-19.898,-26.368,-30.763,-33.692,-34.547,-38.575,-42.97,-40.773,-38.575,-43.703,-43.458,-40.162,-40.773,-43.214,-39.796,-38.575,-34.303,-17.823,-3.296,10.132,33.204,46.388,42.482,34.181,35.524,43.58,40.529,26.612,19.41,23.316,29.176,28.687,29.542,73.611,120.24,112.92,91.067,61.037,25.513,-3.1739,-20.142,-7.2024,9.0335,10.01,11.231,11.597,12.085,11.841,10.865,9.5218,8.5452,7.6907,6.8361,6.4699,6.2258,6.1037,6.8361,7.5686
8.0569,7.9348,8.0569,7.8127,8.0569,7.9348,7.4465,7.0803,6.9582,7.9348,9.0335,10.01,9.888,9.6438,9.5218,9.888,10.132,10.865,10.254,10.01,9.888,9.7659,9.1556,7.9348,6.8361,5.8596,5.005,4.0284,3.1739,2.3194,2.8077,3.9064,4.0284,3.0519,2.3194,0.85452,-1.3428,-2.5636,-4.6388,-5.3713,-5.9816,-7.0803,-10.376,-14.161,-16.236,-19.166,-20.875,-20.875,-21.973,-19.898,-10.254,-9.888,-9.3997,2.3194,0.24415,3.296,3.7843,3.7843,3.4181,3.6622,3.1739,2.5636,1.4649,0,-0.24415,-0.24415
0,0.4883,1.3428,2.8077,-2.1973,-2.9298,-3.1739,-5.3713,-6.9582,-7.6907,-7.5686,-5.4933,-3.9064,-8.5452,-13.306,-12.329,-9.2776,-7.0803,-6.8361,-10.743,-13.062,-13.184,-16.968,-19.288,-18.067,-16.968,-19.044,-21.241,-19.41,-16.236,-14.771,-18.433,-13.55,-5.005,-2.8077,-10.743,-20.386,-26.978,-39.918,-55.666,-70.803,-72.756,-65.31,-53.591,-42.238,-36.866,-28.565,-17.335,-6.9582,-6.1037,-7.5686,-9.2776,-10.865,-8.4231,-8.0569,13.184,15.87,18.433,20.508,21.607,21.241,21.363,20.386,20.386,18.921,16.48
15.259,14.771,13.794,12.818,9.888,6.4699,4.883,3.1739,-0.12207,-2.9298,-4.1505,-5.3713,-6.1037,-7.9348,-11.109,-16.236,-21.241,-26.856,-32.838,-38.087,-40.04,-40.895,-39.064,-34.425,-28.565,-21.973,-12.329,-2.0753,12.452,22.462,28.321,18.067,16.48,31.007,32.96,33.448,29.786,27.589,39.796,48.097,50.783,58.229,61.525,58.596,52.858,43.092,33.204,26.49,29.908,35.035,30.152,33.815,44.923,47.975,42.482,65.31,27.711,18.921,8.7893,-0.36622,-6.2258,-12.452,-16.48,-18.555,-19.044,-17.701
-15.87,-14.771,-13.672,-12.207,-9.888,-7.8127,-6.4699,-3.296,0.12207,2.3194,1.709,1.9532,4.7609,7.9348,7.0803,3.7843,3.296,1.9532,-0.36622,-1.2207,1.709,6.1037,6.592,3.296,3.296,-0.36622,-8.9114,-14.039,-13.306,-15.87,-22.584,-25.269,-23.316,-17.945,-14.283,-14.771,-19.41,-27.345,-39.186,-52.614,-66.652,-73.611,-66.774,-49.806,-36.256,-23.194,-27.223,-31.861,-33.082,-22.95,-5.2492,11.963,22.095,21.607,16.968,-58.351,2.0753,3.4181,4.3947,5.3713,5.9816,6.7141,7.4465,9.1556,10.498,10.987
10.376,10.498,10.987,10.987,10.865,9.3997,9.5218,9.6438,8.9114,9.1556,6.9582,7.2024,6.3478,6.1037,6.4699,5.3713,4.3947,3.0519,-1.8311,-2.4415,-3.0519,-5.1271,-6.9582,-8.7893,-12.696,-15.259,-22.217,-26.246,-34.547,-47.731,-51.881,-53.713,-67.873,-84.597,-98.514,-109.5,-115.73,-113.77,-108.89,-119.75,-117.8,-106.57,-98.88,-99.612,-97.049,-89.358,-84.475,-79.714,-71.169,-61.525,-55.422,-50.295,-44.191,-54.933,-83.499,-74.587,5.9816,6.2258,5.8596,5.005,4.6388,5.005,5.005,5.1271,5.2492,5.3713
6.3478,6.592,6.7141,7.4465,8.4231,8.5452,8.5452,7.9348,7.8127,8.301,8.0569,11.841,18.311,21.729,24.903,25.513,26.978,29.298,29.298,31.251,33.082,29.542,28.321,26.612,24.537,22.095,17.945,14.771,15.015,23.56,30.641,27.223,22.706,15.992,24.415,26.734,26.612,24.049,23.438,28.321,39.552,42.116,49.44,62.99,63.478,57.863,62.258,78.127,91.556,103.76,107.91,124.15,136.97,134.16,125.61,121.22,6.8361,6.7141,6.7141,6.592,6.3478,6.4699,5.9816,5.6154,5.7375,5.4933
4.7609,3.7843,3.1739,3.296,2.9298,1.8311,1.9532,2.5636,2.9298,2.8077,3.296,3.5401,3.4181,3.9064,4.1505,4.1505,3.6622,2.5636,1.709,2.3194,2.1973,1.2207,-0.12207,-2.6856,-5.6154,-8.4231,-11.109,-15.015,-24.659,-31.739,-36.622,-37.843,-46.999,-54.445,-52.614,-38.575,-12.329,-39.918,-67.141,-64.821,-66.53,-72.878,-73.489,-71.047,-71.78,-79.958,-84.231,-64.577,-48.83,-46.388,-42.36,-35.401,-35.035,-40.407,-22.217,6.592,5.4933,5.9816,6.9582,7.8127,8.179,8.301,7.3244,6.7141,7.4465,7.6907
3.296,-3.6622,-9.7659,-12.574,-18.311,-24.293,-28.077,-30.274,-34.547,-35.035,-34.303,-27.833,-23.194,-21.851,-22.828,-26.49,-38.82,-61.403,-73.733,-73.733,-66.774,-62.502,-58.107,-48.463,-47.609,-66.408,-61.769,-33.57,-15.381,-3.9064,8.9114,18.433,12.329,2.9298,-0.61037,5.2492,17.09,27.833,34.425,14.527,-6.7141,-17.212,-4.6388,16.48,29.054,33.815,32.228,42.848,50.905,60.793,62.014,63.967,69.704,80.935,105.11,17.579,17.335,15.87,13.55,10.498,7.8127,6.8361,6.2258,5.2492,2.6856,-1.3428
-5.005,-7.3244,-8.179,-9.5218,-12.085,-14.161,-16.602,-18.677,-19.166,-21.363,-24.537,-28.199,-33.204,-37.843,-38.087,-38.087,-41.993,-46.266,-66.042,-46.51,-38.575,-44.313,-44.069,-42.848,-44.069,-44.069,-47.487,-57.253,-69.826,-80.813,-86.55,-88.504,-95.706,-98.148,-87.283,-85.574,-75.076,-55.544,-39.918,-34.913,-29.298,-22.828,-15.015,-11.963,-14.893,-21.607,-19.166,-3.6622,1.0987,12.085,19.288,25.147,22.217,21.363,31.373,4.5167,4.5167,5.005,5.9816,6.9582,8.0569,8.4231,8.5452,7.6907,7.2024,6.3478
8.5452,11.475,12.452,10.254,10.01,7.2024,2.6856,-1.2207,-0.61037,2.0753,6.2258,7.0803,4.5167,0.61037,-2.4415,-5.3713,-12.574,-12.696,-22.95,-22.584,-25.513,-30.763,-36.378,-37.599,-41.627,-49.318,-57.253,-70.07,-83.254,-62.624,-31.739,-41.383,-53.591,-48.952,-38.453,-40.284,-40.04,-36.866,-26.368,-15.259,-7.2024,7.5686,15.625,25.513,40.04,45.778,46.754,46.51,46.266,41.627,38.575,40.895,36.988,40.407,101.2,9.0335,9.6438,9.3997,8.7893,7.9348,7.5686,6.4699,4.5167,4.5167,4.2726,3.4181
2.0753,1.2207,1.2207,1.3428,1.4649,1.3428,0.4883,-2.1973,-6.4699,-9.3997,-11.597,-9.3997,-7.6907,-7.2024,-9.1556,-10.865,-11.475,-11.353,-12.818,-16.846,-19.41,-18.921,-14.649,-12.818,-13.794,-14.649,-13.062,-10.01,-9.3997,-13.55,-18.677,-21.485,-23.072,-24.781,-29.786,-34.913,-34.791,-27.345,-20.142,-23.56,-33.082,-40.04,-46.144,-49.562,-53.468,-67.629,-78.86,-83.499,-92.288,-102.42,-102.66,-87.527,-65.676,-50.417,-75.686,6.7141,7.4465,8.0569,8.6673,9.888,9.3997,9.0335,8.5452,8.6673,9.1556,9.3997
9.2776,8.9114,8.5452,7.8127,7.0803,6.592,6.1037,4.7609,3.5401,2.3194,1.587,1.709,2.6856,3.6622,2.0753,-1.709,-5.8596,-8.7893,-9.888,-12.329,-18.555,-26.124,-35.279,-48.585,-63.478,-71.047,-72.634,-59.084,-42.604,-30.885,-31.129,-39.064,-50.295,-53.102,-53.468,-56.642,-61.525,-65.798,-70.315,-70.803,-66.774,-68.606,-65.31,-45.778,-23.804,-7.8127,8.4231,19.532,23.804,20.142,13.916,2.5636,-22.828,-55.422,-64.211,11.231,10.498,11.109,10.743,11.109,10.498,10.743,10.62,11.353,11.353,10.987
9.3997,8.5452,8.301,9.2776,9.0335,8.7893,9.0335,9.2776,9.2776,8.7893,8.9114,8.6673,8.301,7.2024,6.8361,7.0803,7.3244,7.4465,9.5218,12.94,14.771,13.184,9.1556,3.296,-0.24415,-2.5636,-10.376,-15.259,-21.119,-31.007,-38.82,-43.825,-43.703,-41.139,-39.186,-35.646,-28.077,-22.217,-26.734,-27.955,-24.293,-28.687,-31.983,-30.152,-38.82,-43.092,-39.43,-29.298,-26.978,-24.171,-33.57,-46.754,-50.295,-60.915,27.223,9.6438,9.0335,9.0335,8.9114,8.7893,8.9114,9.1556,9.6438,10.01,10.132,10.254
10.254,9.7659,9.888,9.7659,10.01,9.888,9.3997,9.2776,9.7659,10.01,9.888,8.7893,7.5686,7.0803,5.7375,4.0284,2.6856,0.97659,0.85452,2.4415,-1.587,-3.6622,-2.0753,3.9064,12.818,21.607,32.594,35.524,36.378,35.157,30.396,24.415,24.903,30.885,24.659,13.306,4.0284,-3.296,-5.6154,-12.696,-17.457,-11.719,-6.1037,-4.2726,-0.85452,1.2207,4.5167,2.4415,-1.587,-1.2207,-1.709,15.748,14.161,11.963,16.602,10.376,9.6438,9.6438,10.132,11.231,11.353,10.498,10.01,10.01,10.254,10.254
9.7659,9.1556,8.301,7.3244,5.1271,3.1739,1.4649,0,-1.4649,-3.0519,-4.1505,-5.3713,-9.0335,-13.672,-16.846,-18.067,-19.776,-24.293,-29.908,-32.716,-34.059,-35.279,-38.209,-41.017,-43.458,-52.614,-59.816,-69.948,-75.93,-78.127,-78.249,-79.348,-78.127,-81.668,-89.846,-100.71,-74.831,-75.198,-80.203,-83.499,-86.795,-67.873,-64.577,-67.507,-74.953,-72.024,-64.577,-47.609,-39.308,-54.933,-52.614,-37.355,-35.401,-34.791,-35.035,10.743,10.254,9.2776,9.3997,8.7893,7.5686,5.7375,3.4181,2.9298,2.6856,1.4649
1.0987,0.12207,-1.3428,-4.0284,-6.7141,-7.9348,-9.1556,-12.207,-14.893,-17.09,-19.898,-22.584,-24.659,-24.781,-27.955,-32.105,-33.937,-35.401,-37.355,-43.458,-51.637,-55.177,-53.346,-48.219,-43.58,-43.58,-44.801,-45.9,-42.726,-39.186,-39.796,-45.289,-51.637,-56.642,-57.497,-53.102,-48.097,-42.36,-42.238,-38.697,-39.064,-37.965,-30.396,-25.636,-28.809,-30.763,-22.095,-10.254,0.12207,1.2207,-1.4649,-3.7843,-2.3194,2.6856,0,5.7375,6.4699,6.9582,7.6907,8.7893,9.5218,9.888,9.7659,9.5218,9.0335,8.301
8.301,9.0335,8.5452,8.6673,9.5218,9.5218,7.8127,6.4699,3.5401,-0.97659,-3.296,-3.7843,-1.8311,-5.4933,-9.0335,-13.062,-11.475,-31.251,-56.764,-72.024,-70.681,-77.883,-93.265,-100.71,-104.86,-107.91,-111.45,-110.72,-108.77,-102.66,-93.631,-84.597,-76.418,-61.403,-47.365,-31.617,-21.485,-6.3478,11.231,17.579,7.3244,-14.161,-29.786,-30.396,-21.973,-20.508,-17.212,-13.428,-14.527,-14.283,-13.428,-15.748,-12.94,-1.2207,14.039,13.55,13.062,12.329,11.475,9.7659,8.4231,10.865,8.9114,9.888,9.7659,6.592
3.9064,1.587,1.587,0.73244,-0.97659,-1.2207,-0.61037,0,0.12207,-4.3947,-11.719,-18.921,-21.363,-20.02,-26.49,-30.641,-34.791,-37.843,-46.632,-51.271,-50.172,-49.928,-51.271,-53.224,-50.417,-46.388,-46.876,-50.783,-49.562,-52.126,-51.881,-47.975,-47.975,-58.107,-66.774,-68.117,-56.154,-42.238,-33.448,-21.241,-7.2024,4.0284,6.4699,9.3997,10.01,8.4231,13.672,19.898,22.828,27.955,36.744,44.435,55.544,80.081,138.07,66.774,48.341,27.589,29.908,31.495,25.758,22.217,16.48,8.301,5.4933,1.2207
