226.94,187.14,145.02,58.107,44.557,30.152,30.519,30.885,18.433,10.01,0.12207,-9.0335,-24.537,-31.983,-38.697,-45.289,-56.276,-84.353,-129.76,-182.99,-275.89,-387.71,-474.87,-551.53,-604.51,-662.98,-716.82,-732.57,-715.6,-676.29,-640.28,-568.5,-456.43,70.437,96.683,119.14,136.36,152.59,164.68,177.37,189.21,189.34,194.83,197.88,192.14,191.29,192.75,188.24,189.58,193.12,193,177.62,158.94,139.65,121.34,107.79,89.602,73.855,58.107,46.999,30.519,11.353,-10.132,-36.256,-52.37,-57.741
-57.985,-62.136,-58.962,-47.365,-43.58,-41.017,-45.412,-56.154,-66.164,-68.728,-71.78,-71.902,-67.385,-63.234,-63.723,-68.972,-73.611,-83.621,-102.3,-126.22,-146.12,-158.21,-158.57,-154.42,-150.27,-145.63,-138.8,-131.72,-120.12,-111.94,-100.47,-40.651,18.799,-12.696,-7.2024,-3.5401,11.353,32.105,54.933,61.647,61.647,64.821,78.982,94.119,111.7,109.74,112.67,121.46,134.65,145.15,144.41,148.93,155.89,156.01,145.63,138.92,135.26,137.7,139.29,133.06,125.25,120.37,118.78,113.9,102.66,84.597
69.948,61.037,52.004,44.191,35.035,27.833,20.264,14.039,6.8361,1.587,1.3428,4.7609,9.2776,14.771,15.015,7.4465,-5.6154,-19.532,-35.157,-46.632,-46.999,-34.181,-28.443,-27.467,-23.194,-17.579,-9.888,-10.498,-19.654,-31.983,-48.585,-32.96,-17.212,-10.987,-5.8596,5.005,11.475,17.335,26.856,46.388,70.559,83.865,91.556,99.246,111.21,131.6,145.76,144.9,154.42,169.44,181.04,185.06,188.48,192.02,190.92,183.11,180.18,180.18,177.01,168.71,162.24,159.79,156.74,149.54,142.58,135.5
134.53,130.25,124.27,131.23,134.4,123.66,110.97,96.194,76.662,56.154,28.077,13.55,1.0987,-7.6907,-8.179,-1.9532,-1.4649,-13.428,-37.599,-59.328,-86.184,-115.73,-134.28,-136.36,-132.69,-115.6,-98.514,-88.87,-68.972,-60.427,-58.718,-0.85452,24.537,301.52,290.54,281.87,269.66,259.16,252.33,240.73,230.35,225.96,213.39,198,194.46,191.41,179.69,164.8,148.93,143.19,141.73,135.62,123.17,112.43,107.3,100.1,79.592,52.614,35.768,21.241,5.005,-6.2258,-14.649,-22.34,-20.02,-14.527
-4.0284,6.4699,16.602,23.56,20.997,20.753,20.508,14.893,4.6388,-0.12207,-3.6622,-20.631,-61.647,-75.198,-143.07,-176.03,-235.72,-297.49,-382.34,-462.17,-527.36,-564.71,-576.56,-563.37,-531.14,-501.11,-444.11,-350.72,-278.21,-235.72,-170.66,-55.3,13.916,12.818,8.7893,0.61037,-6.3478,-5.7375,1.0987,6.2258,10.743,16.602,22.95,27.589,29.054,36.012,46.876,62.136,83.499,93.142,107.55,127.08,131.6,126.59,133.06,147.47,160.28,161.14,148.81,147.95,161.38,164.43,143.44,130.38,138.92,134.65
113.65,100.1,88.015,69.826,50.783,31.129,18.677,10.01,-4.1505,-18.799,-23.804,-26.124,-30.152,-27.589,-31.251,-39.552,-26.856,-18.311,-18.433,-15.503,-28.321,-33.692,-26.368,-28.809,-27.223,-18.677,-13.184,-7.9348,-6.1037,-8.5452,-23.56,-45.412,78.249,108.77,122.68,-10.132,-27.955,-27.833,-31.739,-46.388,-51.515,-40.04,-30.641,-21.729,-9.888,1.9532,5.9816,6.1037,2.8077,-0.73244,0,3.4181,3.6622,2.4415,1.0987,-1.9532,-1.709,8.5452,17.823,22.095,20.631,21.973,30.641,34.669,25.88,17.09
2.4415,-16.114,-33.082,-52.126,-73.489,-97.049,-108.4,-123.91,-143.93,-159.55,-171.39,-176.4,-179.82,-184.94,-195.81,-208.5,-218.88,-222.79,-225.23,-233.65,-240.24,-240,-234.02,-221.93,-213.51,-209.6,-209.23,-212.41,-220.71,-231.21,-241.58,-249.52,-244.39,172.98,172.37,159.92,135.87,113.41,90.213,61.525,33.815,16.358,0.36622,-20.142,-34.669,-58.962,-7.0803,-13.184,-15.381,-6.8361,-0.61037,7.9348,10.865,3.5401,0.73244,0.85452,6.1037,11.841,10.62,9.0335,4.6388,-5.8596,-18.677,-35.401,-54.079,-70.803
-86.062,-103.27,-122.2,-133.92,-147.95,-166.63,-186.65,-200.2,-209.72,-215.83,-229.38,-232.92,-233.89,-239.51,-245.25,-248.3,-250.01,-250.37,-251.35,-253.79,-255.87,-254.16,-251.35,-245.49,-240.97,-239.14,-236.34,-231.94,-220.59,-193.98,37.843,33.692,171.03,148.81,134.4,163.58,164.19,165.53,136.48,140.75,144.9,145.76,143.8,134.4,120.73,109.01,96.194,69.094,34.303,9.0335,-3.9064,-14.039,-14.771,-11.109,-5.8596,0.73244,10.62,19.41,20.753,13.672,4.883,-7.4465,-22.706,-33.815,-44.435,-58.718
-75.32,-88.87,-101.93,-116.34,-132.33,-147.71,-162.36,-180.67,-201.3,-214,-227.79,-236.7,-240.85,-244.51,-245.25,-243.05,-240,-237.43,-233.65,-224.13,-216.68,-209.97,-212.29,-216.8,-216.44,-209.23,-197.15,-185.06,-164.31,27.589,9.6438,1.3428,-11.109,-13.062,-41.627,-50.05,-34.303,-20.631,-8.0569,-0.36622,0.73244,4.1505,10.987,12.329,9.2776,7.9348,5.9816,1.709,-0.97659,-2.8077,-5.4933,-6.4699,-8.179,-8.9114,3.5401,21.119,23.804,22.217,10.62,-6.9582,-26.612,-44.923,-68.728,-96.561,-112.06,-134.65
-158.45,-182.5,-202.52,-215.22,-229.13,-246.35,-255.99,-257.58,-254.89,-251.59,-250.37,-243.78,-237.07,-229.01,-217.29,-205.94,-197.76,-186.41,-183.23,-166.14,-170.17,-163.82,-164.43,-163.34,-159.06,-151.13,-138.68,165.29,161.63,157.84,159.55,156.99,155.52,154.3,148.32,131.72,115.6,93.753,78.738,48.585,24.171,15.381,4.3947,7.9348,1.3428,-5.6154,0.4883,7.8127,11.597,14.405,14.405,8.9114,2.9298,-2.8077,-7.3244,-8.9114,-9.3997,-15.992,-25.147,-28.932,-29.42,-32.838,-42.238,-54.811,-69.46,-84.353
-97.903,-114.87,-133.18,-148.32,-159.67,-173.59,-188.6,-200.93,-211.43,-224.13,-238.9,-254.04,-265.88,-272.1,-280.28,-284.92,-282.11,-272.47,-256.72,-244.88,-240.73,-227.42,-208.87,83.987,79.104,71.291,59.084,43.458,26.978,11.841,-1.8311,-11.475,-17.579,-23.56,-31.007,-39.552,-46.632,-53.102,-59.938,-65.676,-68.239,-67.629,-65.554,-62.136,-58.596,-53.102,-43.703,-31.983,-18.067,-1.8311,9.6438,16.602,20.875,21.119,19.044,16.236,11.475,5.2492,-0.12207,-3.0519,-4.883,-10.62,-21.485,-36.134,-50.417,-58.107
-57.497,-50.905,-42.604,-35.401,-28.199,-20.753,-12.574,-2.8077,6.1037,10.865,12.574,15.992,24.049,34.791,45.289,53.591,58.84,60.915,60.915,61.037,61.647,65.676,73.366,8.6673,8.7893,8.301,6.7141,2.6856,-1.587,-4.3947,-4.5167,-3.1739,-2.1973,-2.8077,-2.1973,-0.4883,1.2207,1.8311,2.0753,1.3428,0.12207,-0.73244,-0.73244,-0.61037,-0.4883,-4.1505,-12.452,-26.002,-44.557,39.308,51.149,43.703,34.669,23.438,16.236,14.161,14.039,17.335,20.875,21.363,18.189,9.7659,-2.0753,-14.649,-35.035,-63.112
-88.87,-108.89,-125.98,-145.76,-161.38,-173.59,-187.14,-201.54,-216.68,-227.3,-251.84,-277.23,-291.88,-297.37,-292.25,-281.75,-269.42,-252.57,-233.77,-217.41,-203.38,-188.6,-171.39,28.932,19.532,10.01,0.24415,-10.132,-20.753,-28.565,-33.082,-28.321,-25.758,-26.246,-19.776,-10.498,-8.5452,-13.55,-14.527,-12.329,-8.179,-5.3713,-4.1505,-4.2726,-3.9064,-2.6856,-0.61037,26.978,49.684,58.962,54.323,46.266,30.396,16.968,0.12207,-16.968,-38.331,-55.666,-69.826,-90.213,-113.04,-132.21,-147.71,-157.48,-171.88,-185.67
-193.37,-211.19,-231.33,-254.28,-272.59,-287.24,-300.18,-313.61,-328.5,-343.88,-352.67,-344.62,-337.53,-339.49,-339,-322.15,-322.4,-300.18,128.67,103.89,92.41,80.447,64.577,54.689,47.731,39.674,29.176,16.358,-0.36622,-21.851,-20.753,-18.677,-26.002,-18.921,-4.883,3.296,12.329,19.288,21.241,20.753,22.584,27.711,32.838,33.815,36.378,39.186,41.139,39.43,30.641,21.607,18.433,15.381,5.8596,-7.3244,-11.841,-14.039,-19.532,-23.072,-25.147,-32.716,-40.895,-45.167,-49.562,-62.502,-73.855,-78.982
-87.771,-108.4,-134.4,-158.09,-182.38,-213.14,-239.75,-270.52,-299.45,-323.74,-325.69,-303.48,-282.97,-282.11,-288.09,-287.36,-278.33,-265.39,-252.08,45.778,64.089,76.174,91.433,98.025,102.18,100.96,108.28,115.73,113.9,120,135.01,146.12,154.55,159.67,161.63,160.53,158.33,152.71,143.44,139.65,132.69,131.96,133.55,139.77,137.33,124.88,112.55,106.69,98.514,95.584,101.81,101.57,100.96,112.19,114.51,106.08,89.969,59.206,28.199,1.4649,-17.335,-32.716,-28.321,-14.039,7.9348,17.823
18.799,15.503,4.2726,-6.2258,-19.898,-30.274,-33.448,-28.321,-19.654,-15.381,-14.405,-12.207,-8.7893,-15.381,-20.753,-27.345,-41.627,-45.9,-33.57,-93.875,143.31,138.31,138.68,156.5,159.92,160.77,160.77,156.99,157.84,158.09,164.92,171.39,222.66,216.44,184.7,174.81,161.63,130.99,116.58,114.38,91.433,72.024,66.286,62.014,47.731,43.458,41.505,38.087,39.918,48.097,51.271,48.341,35.646,17.212,10.376,2.5636,-6.2258,-10.865,-7.0803,-5.4933,-14.527,-22.584,-34.059,-60.549,-88.504,-103.4
-89.846,-73.489,-63.478,-51.271,-28.687,-11.597,-16.724,-6.9582,5.005,10.498,9.5218,4.1505,-8.5452,-27.467,-46.632,-51.515,-63.112,9.3997,2.4415,45.167,58.596,70.925,98.148,134.4,168.83,171.88,166.88,160.41,153.08,146.49,138.43,132.69,123.29,120,135.87,142.34,140.51,138.19,144.29,158.45,164.92,157.48,143.93,133.18,115.97,86.795,60.915,39.796,23.072,2.3194,-18.555,-33.448,-48.097,-57.741,-61.647,-56.398,-46.999,-42.116,-38.82,-28.321,-17.212,-5.4933,2.0753,7.6907,10.254,8.9114
10.01,23.438,41.749,57.497,62.99,68.239,78.616,76.296,65.188,59.572,53.713,43.58,33.448,19.532,1.3428,-15.748,-31.617,-43.947,-33.692,13.306,7.0803,2.9298,-1.0987,-3.4181,-4.5167,-4.5167,-5.9816,-8.179,-8.7893,-10.62,-12.085,-14.039,-16.358,-17.823,-20.02,-20.386,-19.288,-18.433,-22.706,-30.396,-34.791,-36.256,-38.209,-39.308,-39.674,-39.796,-37.355,-33.448,-29.054,-24.659,-20.386,-16.236,-11.231,-5.1271,1.2207,11.475,22.584,28.077,29.176,30.885,33.937,34.913,29.664,20.875,11.475,5.8596
1.709,-4.883,-11.231,-10.865,-3.1739,2.4415,4.5167,5.9816,9.5218,13.916,19.166,25.147,30.763,34.913,36.5,36.988,38.087,47.243,59.572,158.09,144.17,133.79,123.78,119.75,104.13,87.649,69.704,51.149,33.692,16.358,-7.0803,3.7843,27.589,-2.1973,-29.664,-29.176,-24.171,-22.34,-17.457,-13.672,-8.7893,-2.6856,6.592,14.161,18.433,15.748,21.607,13.794,14.649,10.498,1.4649,-7.4465,-16.846,-27.711,-36.744,-43.947,-47.121,-47.365,-48.83,-52.98,-57.619,-61.159,-64.455,-67.873,-71.413,-78.127
-87.893,-101.69,-117.31,-128.06,-135.62,-144.9,-155.89,-164.31,-167,-168.83,-168.95,-169.07,-165.53,-167.61,-167.61,-164.07,-155.77,-150.76,-142.34,5.7375,6.3478,11.963,17.457,16.602,10.865,6.2258,3.1739,2.0753,1.587,-0.24415,-2.4415,-6.2258,-6.9582,-4.5167,-1.4649,1.9532,3.296,2.1973,-0.85452,-5.3713,-4.6388,5.2492,4.5167,25.025,25.391,22.095,20.997,20.875,16.968,8.179,0.85452,-7.5686,-14.649,-25.391,-40.04,-52.492,-61.037,-69.582,-81.545,-96.438,-113.28,-127.08,-140.02,-156.01,-168.95,-182.26
-190.31,-195.68,-204.96,-214.24,-216.07,-211.55,-216.56,-224.01,-226.69,-219.86,-215.09,-216.93,-214.61,-210.7,-206.79,-198.74,-188.73,-174.69,-160.53,204.96,194.46,179.2,166.75,151.74,132.33,108.89,87.039,71.78,51.637,29.054,1.9532,10.865,24.781,-2.6856,-18.067,-12.085,-10.01,-5.2492,6.9582,15.87,16.48,5.9816,-0.73244,-3.4181,-4.7609,-0.97659,1.2207,-1.8311,-9.0335,-13.062,-18.433,-23.56,-26.856,-29.908,-39.552,-48.463,-57.009,-63.234,-73.366,-87.405,-101.57,-115.73,-130.25,-144.78,-159.43,-175.79
-189.95,-202.64,-216.8,-229.99,-243.29,-254.77,-265.02,-269.42,-266.24,-261.48,-252.08,-242.68,-243.66,-242.32,-226.33,-208.87,-195.07,-181.4,-162.48,-38.453,-40.529,-28.443,-10.254,0.36622,1.4649,-4.2726,-10.376,-9.1556,-1.4649,6.2258,7.0803,-0.24415,-10.987,-19.044,11.597,32.228,25.025,23.804,23.56,12.574,-3.9064,-19.044,-31.617,-46.144,-61.281,-73.611,-83.132,-93.387,-104.13,-114.02,-121.95,-132.45,-145.63,-155.64,-163.95,-167.97,-170.9,-180.67,-192.63,-204.23,-219.49,-225.47,-236.46,-245.98,-250.01,-247.08
-240,-231.09,-214.73,-201.79,-177.86,-164.19,-147.22,-127.69,-121.95,-118.05,-120,-122.68,-114.14,-94.729,-81.79,-56.764,-33.204,-8.5452,1.8311,46.51,0.97659,-37.599,-41.383,-32.472,-19.654,5.3713,24.903,22.706,7.4465,-3.6622,-6.592,-4.0284,2.0753,4.1505,-0.85452,-3.296,1.0987,3.5401,6.3478,15.625,5.6154,9.888,8.9114,2.1973,-6.1037,-13.428,-25.636,-41.139,-48.83,-60.793,-84.353,-104.98,-122.93,-142.22,-164.19,-183.23,-202.52,-216.56,-229.74,-244.76,-253.91,-267.59,-275.15,-275.4,-273.2,-267.46
-259.77,-248.42,-232.8,-216.93,-201.18,-183.84,-155.28,-142.34,-122.68,-109.13,-104.86,-104.86,-112.19,-124.76,-136.97,-140.75,-132.82,-122.2,87.649,54.689,29.786,12.452,-4.5167,-0.36622,48.585,20.142,-18.433,-33.692,-31.129,-22.828,-10.132,5.005,10.254,6.4699,2.1973,0.4883,2.4415,4.6388,2.6856,-5.005,-14.405,2.6856,9.5218,24.903,13.794,10.865,-3.9064,-13.672,-22.95,-32.472,-33.082,-37.965,-58.84,-84.719,-109.87,-144.66,-178.47,-189.7,-202.15,-239.02,-274.42,-301.28,-309.21,-312.51,-316.9,-327.28
-332.16,-320.81,-300.67,-280.28,-259.77,-234.99,-211.92,-194.34,-187.75,-176.52,-162.24,-144.66,-122.2,-98.88,-76.785,-56.52,-31.373,-7.5686,-33.204,-31.739,-32.35,-23.56,-3.6622,8.9114,0.97659,-5.3713,-4.3947,-0.85452,3.1739,5.6154,2.8077,-4.1505,-5.4933,2.9298,12.94,23.927,32.228,29.664,21.485,15.381,-2.1973,-20.02,-36.378,-55.788,-66.408,-78.86,-84.353,-93.997,-113.77,-134.16,-146.61,-158.57,-179.45,-196.42,-221.69,-241.83,-257.82,-268.93,-286.02,-301.4,-300.91,-294.08,-291.76,-280.65,-260.38,-229.99
-203.5,-189.58,-177.5,-172.98,-149.54,-150.03,-154.67,-164.43,-159.06,-154.42,-147.83,-137.94,-122.44,-105.59,-89.358,-65.188,-41.871,-16.114,-29.176,-47.609,-45.045,-35.524,-25.147,-8.179,6.592,10.254,8.5452,4.0284,-0.12207,0.24415,4.883,8.0569,14.039,26.246,38.087,46.144,36.744,31.495,19.654,4.7609,-7.8127,-19.044,-28.809,-45.412,-57.863,-67.263,-83.377,-98.88,-108.28,-109.5,-114.51,-125,-133.92,-145.02,-159.43,-165.78,-176.52,-194.22,-211.68,-225.84,-241.58,-253.67,-262.46,-267.22,-267.46,-263.68
-253.91,-240.36,-224.13,-204.47,-185.55,-174.57,-170.78,-170.42,-172.49,-170.42,-161.02,-147.1,-131.6,-114.26,-99.124,-93.387,-91.678,-92.898,89.846,96.072,103.4,105.35,86.917,73.122,64.577,57.009,49.44,48.585,49.44,33.448,22.095,20.753,16.48,9.6438,8.0569,8.7893,11.475,9.888,6.2258,9.6438,18.555,27.345,33.937,43.458,59.328,74.709,86.428,101.57,120.73,136.36,149.05,156.25,160.16,167.36,177.74,192.02,207.16,231.57,253.79,264.17,262.58,253.79,242.93,233.16,227.3,219.37
207.16,201.06,194.71,184.45,177.13,167.12,156.25,139.41,118.17,91.556,73.366,54.079,16.968,-19.654,-40.04,-23.56,78.616,23.682,36.744,29.542,7.5686,-18.311,-34.791,-35.89,-30.763,-26.246,-16.846,-4.0284,7.4465,3.5401,7.3244,11.597,18.677,22.217,20.142,15.137,13.428,21.729,27.711,31.251,34.303,38.087,46.022,52.98,55.91,58.84,68.361,80.447,90.701,100.34,109.5,117.8,130.25,146.73,168.83,190.8,207.77,220.34,229.01,233.77,231.94,209.48,124.88,161.14,186.28,173.71
160.89,165.41,175.3,186.04,196.05,207.65,207.4,192.02,172.61,145.51,114.87,84.719,58.84,34.181,15.748,-18.067,-33.204,-7.2024,-0.73244,1.3428,2.6856,5.005,8.301,5.7375,1.587,4.2726,2.5636,-2.0753,-1.0987,-4.2726,-6.2258,-3.7843,2.5636,5.1271,5.9816,7.4465,-8.179,27.467,6.592,18.311,22.095,22.217,26.978,35.035,37.599,35.279,43.092,56.154,71.169,82.888,95.584,114.14,136.11,158.21,176.52,192.75,208.75,219.73,228.28,237.31,250.5,267.95,278.33,276.38,266.49,257.58
252.08,245,233.53,218.63,202.76,189.09,177.98,164.56,150.76,139.04,114.38,109.01,77.029,55.055,33.448,18.555,-2.1973,2.6856,46.754,5.4933,-0.12207,-1.2207,-10.498,-23.438,-26.124,-31.739,-37.477,-33.57,-22.706,-14.771,-2.6856,11.719,27.833,45.656,61.037,70.07,72.39,71.291,66.774,63.723,60.305,53.468,44.923,38.209,31.129,26.368,26.246,31.373,42.848,51.515,56.032,58.473,61.892,76.052,105.23,145.63,186.28,217.66,236.95,245.98,249.4,249.89,247.93,234.87,218.02,207.04
201.42,199.84,198.49,196.91,194.71,186.16,166.51,144.66,125.49,107.91,97.537,85.33,68.728,55.3,36.744,14.893,-17.457,-44.679,-26.246,-5.005,1.3428,0.73244,-3.1739,-2.1973,8.7893,19.654,23.927,22.217,19.532,20.753,23.56,26.978,39.186,50.172,54.811,57.375,55.3,54.689,55.666,56.764,56.642,57.985,60.549,64.577,101.2,114.26,126.71,138.19,146.49,149.42,146.98,145.88,153.57,170.9,189.7,199.35,199.96,194.34,179.08,157.23,140.39,129.4,128.18,131.72,144.9,159.79
176.03,192.39,208.38,209.23,207.53,197.27,184.45,167.49,147.34,119.75,81.179,45.9,15.137,-23.56,-59.206,-36.988,-8.0569,-55.544,-59.328,-55.788,-40.773,-14.283,9.6438,14.771,6.3478,0.36622,-1.8311,-6.9582,-7.3244,1.9532,22.095,32.472,34.059,35.035,38.209,43.336,46.388,43.458,42.36,33.815,20.508,3.5401,-16.236,-39.186,85.818,84.353,89.48,106.94,111.45,111.94,115.48,126.83,109.62,118.41,130.13,122.44,111.45,101.32,108.04,115.24,121.71,113.16,129.89,138.68,144.41,139.16
127.81,134.04,137.09,151.13,144.54,131.84,90.091,127.2,146,158.45,176.76,-10.01,-10.132,-7.8127,-5.7375,-5.2492,-4.0284,-2.8077,-1.709,-0.36622,-1.4649,-2.5636,-1.709,-0.36622,0.97659,2.1973,5.4933,9.6438,13.916,17.335,20.02,23.56,26.856,29.786,32.716,37.843,41.749,44.435,48.097,51.515,54.323,58.107,62.502,64.211,65.432,67.507,70.437,75.564,79.47,81.668,84.597,87.527,84.597,82.278,86.184,90.335,88.626,86.428,85.574,87.161,88.015,85.452,78.249,64.455,41.505,27.955
21.973,10.376,-1.4649,2.3194,-9.7659,-31.617,-40.04,-45.045,-100.47,-148.08,-109.62,-0.36622,6.3478,11.597,15.503,18.921,21.241,20.997,19.41,15.992,11.963,10.62,11.841,14.039,17.945,24.293,30.641,33.815,34.669,34.669,35.768,38.087,40.04,43.214,49.196,54.689,56.52,58.718,63.478,67.629,69.338,69.094,70.681,71.657,68.606,62.136,56.642,52.126,45.9,38.331,25.758,19.532,20.264,13.184,3.9064,-5.6154,-17.457,-27.955,-31.007,-33.937,-37.721,-32.228,-31.373,-31.373,-28.443,-26.002
-29.054,-37.111,-40.651,-39.918,-42.36,-49.44,-53.957,-52.614,-48.341,-42.726,-38.82,6.8361,10.987,13.916,17.457,21.363,21.363,18.677,17.823,14.161,7.4465,0.24415,-4.2726,-3.7843,-2.0753,-1.4649,-0.12207,1.2207,1.3428,1.2207,2.0753,2.1973,-1.2207,-1.587,5.1271,10.498,9.5218,9.2776,12.574,15.137,20.997,27.1,26.978,26.856,18.677,13.55,21.119,29.786,30.274,28.443,23.56,17.701,19.288,17.579,14.405,8.7893,-7.2024,-24.659,-34.303,-39.43,-49.44,-50.905,-43.947,-37.233,-32.35,-31.129
-31.007,-33.57,-39.308,-44.923,-48.341,-49.074,-48.219,-47.731,-49.684,-49.074,-44.801,6.592,8.7893,11.475,14.405,19.044,23.438,26.612,29.054,32.105,32.96,32.96,31.373,29.908,26.612,23.56,24.293,25.025,25.269,25.025,21.363,15.625,19.898,17.457,16.358,27.589,35.401,39.918,39.918,43.825,50.661,55.422,57.741,55.544,54.323,57.253,68.117,69.704,58.107,49.196,44.923,49.44,50.905,46.388,47.853,52.98,48.83,39.918,32.716,31.007,23.316,11.841,1.2207,-4.0284,-10.498,-20.875
-32.594,-45.045,-55.91,-68.117,-77.761,-84.353,-87.771,-90.335,-93.142,-81.179,-66.042,15.137,13.306,11.475,8.301,6.4699,5.9816,4.7609,3.9064,4.5167,5.8596,6.8361,6.1037,6.1037,8.0569,10.254,11.719,13.794,15.992,18.921,23.072,25.147,25.391,26.124,25.513,25.147,24.293,19.41,19.776,22.462,25.025,22.828,18.067,15.381,17.579,19.654,21.607,22.095,19.898,14.649,8.9114,6.4699,5.4933,-1.0987,-5.8596,-9.888,-16.114,-22.706,-24.781,-25.391,-27.955,-33.204,-36.012,-31.983,-27.1,-25.88
-21.607,-23.072,-36.012,-47.731,-51.759,-51.637,-51.515,-56.398,-62.136,-67.629,-73.244,-16.846,-15.748,-15.503,-15.015,-12.574,-8.7893,-6.592,-4.3947,-1.0987,3.6622,8.0569,10.865,13.428,16.724,18.677,18.677,19.044,20.02,19.654,19.532,16.236,17.457,22.828,23.682,24.903,24.903,24.293,29.664,23.927,26.612,31.007,34.913,37.477,33.204,28.199,26.734,24.537,24.781,23.927,21.607,19.776,17.09,15.625,15.015,9.2776,4.0284,-3.5401,-9.888,-11.353,-8.301,-5.3713,-5.4933,-18.921,-16.48,-0.85452
-0.97659,-22.584,-52.492,-75.442,-96.683,-116.82,-124.88,-123.91,-118.53,-109.5,-99.368,0.12207,-0.4883,-0.24415,0.36622,0.73244,2.1973,4.883,7.9348,10.62,13.184,16.236,19.776,22.095,22.584,25.513,30.274,35.279,34.913,32.838,32.105,33.57,36.744,43.092,48.708,54.079,54.811,54.445,59.45,69.216,68.972,68.606,66.652,62.014,54.201,43.825,38.575,36.378,36.256,36.622,29.786,21.607,15.137,13.794,13.062,11.231,-1.0987,-9.888,-8.9114,-10.376,-14.283,-11.109,-7.6907,-9.1556,-13.306,-17.701
-19.776,-17.823,-23.316,-25.636,-33.204,-43.947,-54.933,-65.188,-75.564,-82.644,-81.668,8.5452,3.9064,0.85452,-1.587,-4.5167,-5.4933,-5.3713,-2.4415,3.5401,8.5452,11.841,13.916,17.09,25.636,30.519,37.477,40.284,39.552,40.895,43.092,42.238,44.679,47.487,46.388,41.261,34.181,19.776,2.6856,0.73244,9.1556,20.02,31.861,34.425,41.017,44.679,49.928,51.271,60.427,69.582,67.751,58.962,50.05,37.721,24.659,18.921,21.363,23.804,27.223,27.711,23.316,20.02,18.555,19.166,15.625,11.597
3.4181,-8.7893,-19.776,-24.293,-25.758,-33.815,-45.656,-58.107,-69.948,-75.808,-75.564,5.3713,6.3478,6.2258,5.9816,7.4465,9.3997,10.376,10.62,11.475,13.306,14.771,16.846,19.166,21.729,24.659,26.368,25.636,23.438,21.485,18.311,15.381,14.039,7.2024,6.4699,11.109,7.4465,2.9298,0.36622,-4.1505,1.8311,17.335,29.664,35.646,35.89,41.749,48.341,52.492,51.027,50.783,55.666,56.154,52.126,46.144,38.82,30.885,23.927,17.701,9.1556,-4.2726,-16.602,-27.1,-33.204,-35.157,-29.786,-26.978
-28.809,-33.326,-31.861,-30.396,-35.401,-43.825,-50.539,-54.689,-59.816,-61.769,-57.375,30.763,32.472,32.716,31.251,29.908,28.809,26.49,25.88,24.903,26.246,29.298,32.594,35.401,35.646,32.838,29.786,27.223,23.804,20.142,18.189,18.067,15.503,22.706,26.612,27.711,33.57,44.557,46.144,46.632,47.853,55.3,62.502,62.99,59.938,57.497,57.131,58.107,56.398,54.079,49.318,44.069,41.749,41.627,44.191,52.37,56.887,49.44,38.82,28.321,20.875,14.283,14.527,18.799,18.921,4.0284
-16.846,-24.659,-25.88,-32.716,-47.731,-62.136,-67.507,-73.733,-81.179,-85.086,12.574,14.161,16.114,17.212,17.945,19.044,19.288,20.264,20.508,20.386,20.875,22.217,24.171,25.758,26.49,26.856,27.589,27.345,25.758,25.147,24.781,25.636,25.513,24.659,24.537,28.077,35.646,48.341,53.835,54.445,47.365,59.816,76.662,77.029,59.816,48.463,49.928,52.98,46.999,36.378,26.856,18.189,13.916,16.968,19.044,20.264,21.363,18.433,12.574,9.5218,5.3713,0.12207,-7.0803,-13.794,-22.34,-28.809
-34.303,-44.923,-55.422,-61.159,-63.234,-68.606,-73.977,-79.958,-86.55,-86.184,7.8127,10.254,11.109,12.085,16.358,20.631,23.804,26.856,29.176,32.35,37.477,42.726,45.412,47.365,48.708,46.51,42.116,38.209,35.401,32.96,31.251,30.519,31.617,35.279,37.355,36.012,33.815,34.547,41.749,49.318,48.952,50.539,55.422,54.567,46.022,40.407,33.204,26.734,26.246,28.321,28.443,25.147,26.002,30.152,33.082,32.472,23.927,14.771,6.2258,-1.3428,-9.6438,-11.719,-9.888,-9.888,-14.893,-24.049
-30.641,-37.355,-44.435,-49.44,-53.835,-59.206,-65.798,-75.32,-80.325,-77.761,-6.2258,-6.8361,-7.8127,-9.888,-10.62,-10.376,-10.62,-7.3244,-0.61037,7.4465,14.649,20.997,26.612,32.472,38.087,43.825,47.121,49.928,48.463,45.656,46.266,46.754,45.778,46.632,48.463,47.243,48.463,51.759,56.642,65.31,71.047,68.972,65.798,64.699,68.117,64.455,61.281,49.928,37.965,34.303,35.035,36.5,28.932,16.48,4.1505,-1.9532,0.12207,-0.4883,1.8311,7.4465,13.916,22.34,32.35,31.495,17.579,6.592
-8.5452,-26.368,-39.43,-45.167,-53.591,-58.84,-53.468,-54.079,-61.159,-58.107,-5.8596,-1.709,1.8311,5.1271,9.6438,15.381,19.044,23.072,28.932,35.768,41.383,45.045,46.144,45.045,42.482,40.04,38.331,36.256,34.303,31.251,27.1,25.269,26.368,33.815,40.04,40.284,41.749,47.243,51.393,50.417,48.952,51.393,56.032,55.055,53.102,52.858,54.201,53.346,52.004,39.308,24.293,15.015,14.405,14.771,9.7659,3.6622,-0.73244,-4.7609,-6.9582,-5.8596,-2.1973,-0.4883,-0.85452,-4.883,-10.376,-15.137
-21.607,-32.35,-47.121,-59.938,-67.751,-72.756,-75.564,-81.423,-88.748,-88.626,-11.597,-2.9298,3.0519,7.3244,10.987,12.94,13.55,15.381,15.625,17.212,20.753,24.293,31.007,37.721,43.092,48.341,51.637,53.224,54.323,53.346,52.248,47.121,44.557,49.196,53.591,53.957,55.055,54.811,53.835,52.614,53.835,69.46,83.132,85.574,77.639,67.873,56.642,57.619,62.136,61.525,56.398,57.619,64.333,64.821,56.52,43.092,32.594,22.584,15.625,10.865,5.3713,-0.61037,-4.1505,-10.62,-18.921,-27.467
-33.57,-40.773,-46.876,-53.957,-70.681,-88.137,-106.57,-117.8,-114.99,-112.06,-12.452,-11.109,-9.3997,-9.2776,-11.597,-12.329,-11.109,-6.1037,-1.4649,4.1505,7.6907,10.01,11.353,14.283,16.114,17.701,20.386,23.682,28.932,34.059,35.035,34.913,37.965,40.162,37.233,39.674,44.191,44.557,44.069,48.097,51.149,45.289,49.562,57.497,60.671,59.206,47.975,40.284,35.89,31.129,28.565,28.687,29.176,24.903,20.02,17.457,14.771,11.475,5.8596,1.587,-1.709,-4.883,-5.9816,-8.0569,-14.405,-17.945
-21.119,-29.298,-38.82,-49.806,-58.229,-62.502,-66.652,-71.047,-78.249,-85.574,-5.7375,-9.7659,-11.109,-13.306,-12.574,-7.8127,-1.587,6.8361,15.381,24.049,32.105,37.843,46.632,54.445,59.084,59.694,60.305,61.403,65.188,71.169,73.366,69.216,71.047,73.855,68.972,55.788,50.783,54.445,45.412,41.505,50.783,59.328,59.572,53.713,46.999,48.83,54.567,53.591,49.562,41.505,36.866,36.5,33.326,27.955,22.462,14.161,4.7609,-2.6856,-4.2726,-12.085,-21.973,-24.293,-32.228,-47.853,-69.582,-83.499
-84.719,-84.841,-84.719,-90.701,-102.42,-110.97,-118.78,-119.39,-111.58,-95.706,7.2024,9.5218,10.498,8.6673,6.592,3.9064,2.6856,5.3713,11.231,17.09,22.706,28.077,32.716,36.256,40.651,43.703,43.825,42.97,41.505,38.453,35.768,38.331,40.284,37.599,36.256,37.843,42.97,46.266,54.079,64.089,71.902,76.052,71.047,54.567,44.435,45.656,50.905,49.928,38.942,29.664,25.147,26.002,23.804,21.241,20.997,18.189,9.5218,3.9064,-3.5401,-11.231,-18.311,-25.88,-31.129,-36.378,-43.214,-52.492
-61.892,-71.78,-82.034,-85.818,-81.179,-70.681,-69.216,-76.662,-86.55,-99.368,-0.73244,3.4181,13.794,21.119,20.386,16.114,14.039,14.649,15.87,18.799,20.264,19.166,19.166,21.851,25.758,29.054,25.636,22.462,23.682,26.49,31.739,32.35,32.105,34.181,35.646,41.505,50.783,57.375,61.892,65.676,67.141,70.681,76.662,81.301,81.179,78.738,81.912,85.33,80.203,72.39,69.46,65.92,58.473,52.492,46.876,40.895,33.57,30.763,35.035,34.547,30.03,23.682,14.649,6.7141,-3.296,-16.236
-29.908,-41.871,-46.876,-50.172,-57.619,-73,-87.527,-100.1,-109.62,-111.09,-5.6154,-0.85452,5.1271,9.6438,13.428,16.358,18.921,18.921,26.612,26.612,29.054,33.692,38.942,41.993,43.703,45.656,46.754,45.656,44.923,43.825,41.871,38.453,34.669,34.669,33.57,30.763,34.669,38.82,41.993,39.674,35.768,35.646,35.157,37.355,38.697,38.82,39.186,40.284,42.36,43.947,51.271,62.136,71.657,68.972,58.351,51.393,41.993,27.833,11.231,2.9298,-2.5636,-10.743,-14.649,-11.109,-7.8127,-7.8127
-10.498,-17.335,-29.42,-41.383,-47.731,-51.271,-56.398,-60.671,-61.281,-64.211,-5.7375,-3.6622,0.36622,4.1505,5.7375,6.1037,5.8596,5.7375,7.8127,10.865,14.649,18.311,20.875,23.804,28.321,34.425,40.04,46.144,51.271,54.567,57.253,57.985,57.741,55.055,57.985,61.281,62.746,70.193,70.803,71.413,83.01,84.964,80.081,74.465,74.221,77.029,75.686,72.39,74.343,75.32,70.559,62.014,54.811,49.928,48.952,46.999,40.651,32.105,25.88,22.95,14.527,6.2258,0.4883,-5.4933,-14.771,-27.223
-42.726,-57.619,-72.268,-78.738,-77.761,-75.32,-76.907,-83.01,-84.597,-78.249,-10.132,-4.5167,1.0987,7.2024,12.207,14.649,16.968,18.799,20.508,24.659,28.932,30.519,32.838,35.646,37.111,37.965,35.768,34.547,39.43,45.289,45.412,48.585,55.422,62.38,66.897,65.432,60.915,68.117,79.226,88.504,88.382,81.423,80.325,76.785,72.878,70.315,68.239,63.967,64.455,65.31,55.055,42.97,35.401,27.833,20.997,12.818,8.4231,5.1271,3.6622,3.296,2.3194,-1.587,-10.743,-19.41,-27.589,-36.5
-46.754,-54.323,-58.473,-64.089,-72.634,-75.808,-81.545,-92.166,-95.706,-89.236,-80.691,-68.972,-62.258,-67.385,-77.273,-83.499,-88.626,-105.96,-116.95,-121.1,-124.39,-131.96,-138.92,-136.97,-127.81,-109.62,-88.626,-71.535,-65.31,-70.07,-72.024,-76.907,-86.062,-87.405,-92.288,-92.41,-86.184,-78.982,-73.977,-65.554,-55.177,-49.196,-48.097,4.5167,6.1037,8.5452,9.3997,7.9348,5.2492,3.5401,2.6856,1.709,-0.24415,-1.4649,-2.5636,-0.73244,2.0753,4.0284,4.6388,4.1505,3.7843,-0.24415,-9.5218,-5.1271,-10.01,-18.067
-24.293,-28.687,-30.763,-35.401,-41.627,-50.05,-55.544,-58.596,-60.305,-55.788,1.709,3.296,4.5167,5.4933,7.0803,9.3997,11.719,12.574,12.94,14.283,15.748,17.09,17.823,18.799,19.776,19.898,20.753,25.391,25.513,21.485,23.682,27.345,27.955,25.025,20.264,14.405,8.301,2.9298,-1.8311,-4.3947,-2.4415,3.5401,10.376,17.212,22.217,21.729,17.823,17.09,19.41,23.194,23.927,20.753,17.457,14.771,10.987,6.2258,1.0987,-1.2207,-3.6622,-2.5636,-1.9532,-5.3713,-10.62,-17.579,-21.729,-23.072
-25.88,-32.594,-39.918,-46.388,-53.591,-61.037,-66.652,-69.46,-66.652,-60.671,26.246,17.335,7.8127,-0.12207,-6.3478,-10.498,-10.132,-6.592,-2.6856,-0.36622,0.97659,-0.24415,-1.4649,-0.12207,2.3194,3.6622,4.5167,6.2258,8.179,9.5218,9.888,10.254,11.597,12.207,12.696,13.184,14.771,16.602,18.311,19.532,21.973,24.049,25.025,27.1,30.274,32.838,37.355,37.721,33.937,29.176,26.002,21.973,18.067,14.405,12.329,12.574,13.428,13.55,13.916,13.55,10.498,6.4699,4.0284,2.6856,2.8077,2.5636
0.36622,-1.4649,-4.2726,-6.9582,-8.0569,-7.3244,-5.4933,-2.1973,0.12207,-0.61037,2.6856,0.24415,-1.3428,2.1973,10.987,20.753,28.443,34.059,37.111,39.064,41.017,40.651,39.064,37.111,34.181,33.57,35.279,35.768,33.326,30.152,28.443,27.955,26.734,24.659,22.34,20.997,20.631,19.654,16.358,12.329,7.8127,4.6388,3.1739,3.1739,2.4415,-0.73244,-4.3947,-8.7893,-11.353,-12.818,-14.161,-19.166,-27.955,-33.815,-38.331,-41.139,-44.191,-47.853,-51.881,-51.027,-43.58,-39.918,-31.129,-19.654,-10.132,0.24415
8.9114,11.231,8.179,3.6622,-4.6388,-17.945,-28.565,-36.012,-41.993,-46.266,-0.73244,-0.97659,-0.97659,-0.73244,0,0.61037,1.8311,3.6622,5.4933,7.3244,9.0335,10.865,9.3997,7.5686,9.6438,10.498,11.109,13.184,15.381,16.48,16.48,16.968,19.41,22.462,25.636,27.467,28.932,30.274,31.495,33.204,35.035,36.256,38.453,41.383,44.557,47.609,49.928,51.393,52.126,49.928,44.923,40.529,34.303,26.612,20.508,17.212,14.039,10.254,7.3244,10.01,12.085,15.748,11.719,-1.8311,-17.701,-31.739
-42.97,-50.05,-53.957,-58.351,-64.699,-78.738,-77.883,-71.535,-64.943,-57.375,1.709,1.709,2.0753,2.0753,2.0753,2.3194,2.4415,2.9298,3.6622,4.7609,5.3713,5.9816,5.8596,5.4933,6.2258,7.5686,8.9114,9.1556,9.6438,10.254,10.254,10.865,11.597,13.184,15.137,17.335,19.166,21.485,24.781,25.269,26.002,27.589,30.274,32.35,34.791,36.378,41.749,42.238,43.825,45.778,45.778,46.51,46.51,46.51,45.656,46.266,45.656,43.336,40.162,35.768,32.838,28.077,22.34,21.485,20.631,23.072
28.687,38.82,51.515,52.98,52.98,55.422,55.544,49.806,35.524,17.823,-2.5636,1.0987,4.7609,8.0569,9.888,10.498,10.132,8.9114,7.0803,5.8596,5.3713,4.883,5.3713,6.7141,9.0335,11.597,13.428,14.283,14.161,13.428,11.963,9.7659,7.4465,6.1037,5.2492,4.2726,4.3947,3.4181,1.709,0.4883,-0.24415,0.4883,3.0519,4.6388,5.3713,6.2258,5.6154,4.3947,3.5401,2.6856,2.9298,-1.709,-6.9582,-11.475,-15.992,-19.41,-21.607,-24.415,-26.124,-30.03,-31.861,-33.326,-37.599,-46.754,-53.591,-56.52
-50.783,-38.087,-20.753,3.1739,17.212,11.719,0.61037,-11.109,-22.95,-30.885,5.3713,3.7843,0.36622,-2.8077,-7.2024,-9.5218,-7.3244,-3.9064,-0.85452,1.587,4.6388,6.3478,4.883,1.4649,-2.6856,-7.2024,-6.1037,4.3947,-0.12207,3.296,3.1739,11.231,16.358,20.264,23.804,27.345,32.228,37.355,40.529,42.116,42.36,41.505,39.674,36.256,32.472,27.711,23.316,21.119,19.898,20.631,21.607,21.607,23.804,27.223,29.786,34.669,41.139,48.341,51.393,55.666,57.131,61.037,63.967,63.723,60.06,55.055
54.811,49.318,41.627,30.274,13.428,-1.709,-11.841,-20.631,-28.932,-33.57,1.709,3.7843,5.1271,5.6154,6.4699,6.9582,6.7141,5.8596,4.5167,3.1739,2.6856,2.3194,2.3194,3.6622,4.3947,6.4699,9.888,15.137,20.997,25.391,29.054,35.768,44.069,45.778,43.825,41.139,36.378,30.885,27.1,25.758,24.659,24.293,23.682,24.049,24.903,26.49,26.49,28.199,30.03,31.129,32.472,32.838,31.495,30.885,29.054,27.223,26.49,25.269,22.34,17.945,17.579,21.607,26.978,27.1,26.978,29.42
31.495,32.838,36.378,38.209,43.092,41.505,46.632,56.642,75.076,88.26,22.217,22.584,23.194,23.194,23.56,24.415,23.927,23.072,22.584,21.119,19.166,18.799,19.41,20.631,22.34,22.95,24.659,25.147,24.049,23.438,21.607,20.142,18.555,16.846,16.48,18.189,18.433,16.846,12.818,5.4933,-3.6622,-12.818,-21.119,-24.781,-25.758,-23.072,-20.875,-17.335,-12.452,-7.9348,-2.8077,2.9298,9.1556,15.748,21.729,26.978,35.768,46.388,51.759,53.468,56.032,58.229,59.206,60.671,60.915,59.328
59.206,56.887,49.562,39.674,29.42,21.607,13.062,2.8077,-12.085,-30.641,-3.4181,-5.4933,-7.0803,-9.3997,-11.353,-10.987,-9.1556,-7.6907,-5.2492,-1.587,1.8311,4.883,6.1037,5.8596,4.3947,2.1973,-0.36622,-2.5636,-3.5401,-3.1739,-1.8311,-0.85452,-0.12207,1.3428,3.4181,4.3947,4.3947,5.005,6.1037,5.2492,4.7609,3.9064,4.0284,5.9816,8.7893,11.719,15.381,19.532,24.049,28.809,32.838,35.401,37.355,39.064,41.383,43.703,45.778,48.708,48.463,46.999,46.022,45.289,42.36,39.796,34.669,31.861
39.674,53.957,68.484,83.499,93.875,96.438,88.137,74.465,58.962,42.848,-2.1973,-2.1973,-1.8311,-1.4649,0,1.4649,1.3428,0.24415,-0.24415,-0.61037,-0.73244,-0.85452,-0.73244,-0.24415,0.12207,0.85452,1.9532,3.296,5.005,7.4465,8.4231,8.5452,10.498,14.161,18.555,21.729,23.927,26.124,21.607,20.875,21.119,27.345,32.594,34.791,37.111,39.308,42.726,47.365,50.05,54.323,58.718,61.892,62.38,57.375,53.468,51.637,59.45,68.606,73.122,76.54,81.79,90.823,98.392,102.18,102.66,104.62
109.13,114.26,119.75,122.81,119.75,111.21,98.025,76.418,50.05,23.56,2.0753,2.5636,2.4415,1.4649,-0.73244,-2.1973,-2.1973,-1.709,-0.36622,0.73244,1.709,2.5636,2.4415,2.9298,4.6388,6.4699,8.301,9.3997,8.7893,8.179,7.3244,6.7141,6.4699,6.592,6.7141,7.6907,7.9348,8.6673,10.498,13.062,16.968,21.241,25.758,30.763,33.815,34.303,31.983,32.228,36.866,42.848,50.172,57.375,62.014,64.211,65.676,68.117,69.704,61.403,48.463,38.209,28.932,21.973,18.677,23.927,28.321,29.542
30.519,28.687,30.885,35.89,38.942,39.918,41.383,47.609,56.154,63.478,7.2024,8.4231,7.9348,6.2258,3.296,0.12207,-2.0753,-2.6856,-2.5636,-1.709,-0.12207,2.6856,5.3713,6.7141,7.0803,6.4699,5.2492,3.4181,0.85452,-1.4649,-4.3947,-0.36622,0.73244,1.709,2.4415,6.1037,9.6438,10.743,10.865,8.9114,6.4699,6.2258,9.2776,13.672,18.433,22.828,25.758,27.955,29.42,30.03,29.42,29.054,27.589,26.49,24.781,22.217,19.532,18.433,18.799,19.898,20.875,22.34,25.391,30.152,34.425,38.453
41.993,44.313,44.435,41.383,34.547,25.636,16.968,14.161,18.311,31.007,3.0519,1.9532,1.3428,0.61037,0.36622,0.4883,-0.12207,-0.97659,-2.4415,-3.9064,-4.3947,-4.3947,-3.1739,-2.0753,-1.0987,-0.97659,-1.4649,-1.9532,-2.6856,-2.6856,-2.3194,-1.8311,-1.587,-1.3428,-0.85452,0.12207,0.4883,1.0987,1.0987,1.0987,1.3428,1.0987,1.8311,1.3428,0.36622,0.4883,2.1973,2.8077,2.6856,6.7141,7.4465,7.4465,8.9114,10.498,9.7659,8.4231,9.0335,9.1556,10.987,13.672,17.457,27.467,44.069,61.159,75.93,88.504
97.903,103.4,107.3,108.28,107.55,107.3,108.52,109.26,107.55,104.98,-0.4883,-0.97659,-0.85452,-0.12207,1.0987,2.3194,4.0284,6.1037,7.3244,8.5452,8.5452,9.0335,9.888,10.62,9.7659,9.6438,9.2776,7.8127,6.592,6.592,6.592,6.592,6.4699,4.6388,2.1973,3.0519,5.8596,9.5218,9.888,12.329,12.94,17.701,25.636,27.589,22.34,14.649,8.179,4.2726,3.4181,3.1739,5.6154,8.4231,11.353,14.283,17.945,22.95,27.955,32.716,38.087,42.848,45.778,49.318,52.37,57.009,63.356,68.728
73.489,78.86,84.475,87.039,83.377,73.733,63.112,42.604,17.212,-10.254,0.12207,1.0987,1.9532,2.3194,2.1973,2.4415,2.4415,1.9532,1.9532,1.709,1.0987,0.73244,0.61037,0.97659,2.0753,2.9298,2.6856,2.5636,3.1739,3.9064,4.6388,0.61037,-6.8361,-15.259,-24.049,-29.664,-29.542,-26.612,-22.828,-15.259,-6.3478,1.4649,9.1556,14.283,17.945,21.363,24.903,30.519,36.256,40.529,44.557,46.388,45.778,46.022,46.388,47.243,49.196,50.417,50.783,51.027,50.661,47.609,39.796,26.124,10.62,4.3947
10.743,24.415,44.557,65.554,78.127,81.301,77.639,63.967,45.412,26.978,2.9298,2.6856,2.5636,2.4415,2.3194,2.3194,3.0519,3.5401,4.883,6.4699,7.3244,8.7893,9.5218,8.6673,8.4231,7.6907,4.5167,-0.12207,-4.1505,-7.6907,-8.6673,-6.4699,-2.9298,2.0753,8.5452,15.748,24.171,31.739,40.284,46.022,47.365,46.022,40.895,36.5,32.594,30.274,29.908,30.885,32.228,33.57,36.134,38.575,40.651,41.139,39.064,40.407,36.378,36.622,35.401,30.274,27.345,25.025,23.194,23.804,27.955,34.181
43.58,53.468,60.549,64.455,64.211,57.985,54.567,47.609,38.575,25.758,-0.73244,-1.0987,-1.587,-2.5636,-4.3947,-5.6154,-4.1505,-1.9532,0.4883,1.3428,2.4415,3.5401,4.1505,3.9064,3.0519,2.0753,2.0753,1.9532,1.0987,0.36622,0.4883,0.85452,1.8311,1.4649,2.0753,2.4415,3.1739,4.0284,5.1271,6.8361,7.9348,9.6438,11.475,12.085,9.7659,3.6622,-2.6856,-3.7843,-4.5167,-4.5167,-5.2492,-8.0569,-11.109,-11.597,-6.8361,0.61037,8.9114,17.212,24.171,31.129,37.233,43.947,50.295,56.154,62.624,70.437
79.348,85.94,90.091,91.189,86.428,73.489,53.224,30.519,7.6907,5.8596,6.3478,6.1037,5.005,3.296,1.8311,1.8311,2.4415,2.5636,1.4649,-0.61037,-2.9298,-5.2492,-6.592,-6.4699,-6.1037,-5.3713,-4.1505,-1.4649,1.587,4.2726,4.5167,4.1505,1.3428,-1.9532,-3.6622,-3.4181,-0.73244,1.587,4.2726,8.9114,13.794,18.921,24.171,27.589,29.542,29.298,28.443,28.809,29.054,29.42,30.396,31.861,32.716,33.815,36.256,37.599,41.749,43.947,42.726,45.167,48.952,52.37,58.473,66.164,76.052,87.771
89.724,83.132,74.465,72.268,72.024,67.141,57.619,44.069,28.565,3.1739,2.4415,1.8311,-1.0987,-3.9064,-5.8596,-5.3713,-5.1271,-6.2258,-4.7609,0.97659,5.9816,7.4465,6.4699,4.883,4.0284,5.4933,7.8127,10.254,12.329,15.381,19.41,22.95,25.269,26.612,27.223,27.711,27.711,28.565,29.786,30.519,31.373,31.983,32.716,33.692,34.303,33.937,33.57,33.57,32.838,31.983,30.641,29.42,29.908,32.716,34.669,34.547,31.007,32.716,30.03,25.513,27.589,29.664,29.298,26.978,28.565,35.401
45.167,55.055,64.455,71.169,73.977,73.244,68.484,58.473,45.534,6.8361,6.8361,6.4699,5.8596,4.0284,2.0753,1.2207,1.587,1.709,0.4883,-2.4415,-4.6388,-5.4933,-2.5636,1.4649,2.6856,2.1973,1.3428,0.97659,0.85452,1.4649,2.5636,4.1505,6.9582,12.207,16.48,18.677,16.968,15.992,16.236,17.09,18.067,18.555,21.363,20.631,20.02,22.462,25.147,26.368,26.246,25.391,23.682,21.729,21.485,20.142,20.142,18.799,20.142,20.142,21.363,21.851,21.363,21.607,22.95,23.927,25.636,28.687
33.082,37.111,41.139,46.388,51.759,55.055,54.201,51.027,46.266,0,-0.36622,-0.73244,0,0.36622,0.73244,1.0987,1.587,2.5636,6.2258,4.5167,2.0753,3.0519,3.5401,2.6856,1.587,1.9532,1.587,2.8077,5.1271,6.1037,6.7141,5.6154,5.2492,7.9348,9.3997,10.01,10.987,8.301,5.1271,2.8077,-0.85452,-4.0284,-7.5686,-7.2024,-1.9532,4.5167,10.01,15.625,19.044,21.729,25.147,30.763,36.988,43.58,49.562,54.445,57.741,59.328,58.962,57.131,51.637,47.365,45.167,46.144,49.196,50.905
53.591,55.055,52.126,39.918,18.555,-10.132,-37.233,-57.497,-72.146,-0.4883,-0.24415,0.36622,0.85452,1.0987,1.9532,1.9532,2.0753,2.0753,2.1973,2.5636,2.9298,2.4415,2.1973,2.3194,3.296,4.6388,5.1271,4.3947,2.8077,0.36622,-3.0519,-2.9298,0.36622,6.7141,13.184,15.381,14.527,14.649,15.625,16.846,17.701,18.067,19.654,22.217,23.927,24.659,24.781,27.711,29.786,31.739,34.425,36.744,38.453,40.529,42.97,43.703,43.092,41.383,38.331,34.669,31.495,29.908,28.809,27.955,25.88,28.077
31.983,37.843,44.557,51.393,50.539,42.604,34.425,30.885,23.194,20.875,17.701,14.405,11.231,9.6438,8.0569,6.9582,6.1037,6.1037,6.8361,8.6673,9.888,10.62,11.597,12.452,13.062,14.039,15.259,17.579,21.241,25.513,27.711,26.856,23.194,18.921,12.94,4.883,-5.2492,-15.137,-20.753,-21.851,-19.044,-11.353,-3.5401,3.6622,10.987,16.358,19.776,22.95,24.171,21.851,18.433,12.818,6.1037,0.97659,-0.36622,0.85452,1.709,0.61037,-2.9298,-7.9348,-15.381,-24.415,-29.664,-37.721,-45.534,-50.417
-52.614,-55.666,-58.229,-61.037,-63.601,-66.652,-64.089,-56.276,1.0987,1.3428,1.587,2.0753,2.6856,2.1973,2.0753,1.709,0.85452,0.4883,0.4883,0.36622,0.12207,0.85452,1.587,2.9298,4.6388,6.592,8.6673,10.376,11.597,12.207,11.475,12.574,12.696,12.452,12.574,12.94,14.649,17.212,20.508,22.462,23.316,24.659,26.856,30.03,34.181,38.331,41.017,44.923,48.219,50.05,51.637,53.713,56.154,57.741,58.473,58.84,59.084,59.328,57.741,54.079,50.783,48.219,48.097,57.131,69.704,86.306
100.47,107.79,110.84,107.91,97.781,82.766,63.478,47.365,1.709,1.4649,1.2207,0.97659,1.2207,1.4649,1.709,1.587,0.61037,-0.4883,-1.9532,-4.0284,-6.2258,-7.2024,-6.1037,-4.6388,-2.1973,0.4883,2.8077,5.9816,8.9114,12.329,15.259,17.579,19.41,20.631,20.753,23.682,26.978,29.298,29.908,29.664,34.303,39.308,43.458,43.58,42.726,43.336,45.289,48.708,51.515,53.957,54.323,52.614,52.492,54.445,55.422,54.811,52.614,49.562,47.853,46.388,46.388,45.045,43.336,45.412,49.562,55.788
64.455,74.221,79.226,78.616,74.221,63.112,43.947,19.288,-2.3194,-2.3194,-2.3194,-1.8311,-1.4649,-0.97659,-0.85452,-0.36622,-0.36622,-0.36622,0.24415,1.2207,1.709,3.1739,4.7609,5.7375,7.8127,10.498,12.94,15.381,19.044,20.997,21.729,28.077,36.866,39.918,37.965,37.355,38.942,42.238,45.534,48.341,51.393,56.642,58.84,60.793,63.234,64.699,64.699,63.478,61.647,59.816,57.375,55.055,53.591,57.619,67.385,77.883,85.452,87.161,88.626,88.26,84.841,78.86,73.611,65.432,51.515,33.815
18.067,11.353,10.743,13.306,13.672,12.207,12.574,11.597,0.73244,1.0987,1.2207,1.709,2.3194,2.3194,1.8311,1.2207,0.12207,-0.24415,-0.73244,-0.97659,-0.24415,0.61037,1.8311,3.5401,4.7609,5.9816,6.9582,7.8127,8.6673,7.2024,5.3713,6.7141,12.574,15.015,14.527,17.945,26.246,31.983,33.326,32.594,25.758,22.706,24.903,33.692,47.609,62.258,74.953,84.597,86.917,87.039,87.893,86.795,81.179,71.902,64.211,58.107,47.243,37.233,31.495,26.002,19.288,10.865,3.5401,-5.6154,-12.085,-15.015
-14.771,-12.818,-12.207,-11.475,-10.743,-8.5452,-7.8127,-15.625,0.24415,0,0.36622,1.0987,1.9532,1.8311,0.97659,0.97659,0.61037,0.73244,0.61037,0.97659,0.85452,0,-0.85452,-2.0753,-2.0753,0.12207,3.5401,6.7141,8.4231,7.8127,8.301,9.1556,9.5218,10.376,10.865,12.085,13.184,15.625,19.41,23.56,27.467,31.007,30.152,27.711,26.246,29.786,36.256,37.721,37.843,40.162,43.092,46.144,50.905,59.45,64.333,65.31,65.188,70.07,76.174,78.127,78.249,73.977,67.995,63.234,62.136,64.577
69.826,74.831,80.325,82.644,88.015,93.509,95.462,98.636,0.85452,1.2207,5.1271,2.5636,5.9816,5.7375,6.2258,5.8596,4.7609,3.7843,3.0519,1.709,6.3478,8.301,12.085,16.236,15.992,17.457,19.532,18.921,19.898,19.898,19.898,21.607,21.851,23.316,40.407,65.798,85.33,98.88,100.96,88.015,71.413,60.793,50.295,47.609,44.069,39.186,32.716,29.176,29.054,29.298,27.1,25.025,27.1,27.955,33.204,40.895,49.074,59.206,68.117,75.076,79.836,83.01,81.668,67.995,46.632,24.415
5.6154,-12.085,-27.345,-38.453,-44.313,-45.656,-43.825,-38.82,9.2776,10.376,10.987,10.01,8.179,5.9816,4.1505,2.9298,2.1973,1.8311,2.3194,3.4181,4.3947,5.6154,7.9348,11.719,16.236,21.119,25.758,30.763,33.692,35.157,36.256,35.646,31.373,21.607,12.452,11.719,17.212,23.804,28.443,30.03,29.176,31.617,34.059,34.913,38.697,41.749,46.144,48.585,49.074,49.928,51.027,53.713,62.258,72.878,82.034,89.236,96.805,103.64,106.45,102.79,97.781,90.823,81.912,71.047,57.375,41.871
30.519,18.555,4.0284,-11.597,-27.711,-44.069,-64.333,-83.743,0.36622,0.73244,0.73244,0.85452,0.97659,1.3428,1.4649,1.587,2.0753,1.8311,1.4649,0.85452,0.4883,-0.24415,-0.97659,-1.0987,-0.24415,-1.709,-2.3194,-4.1505,-1.2207,6.1037,6.4699,9.0335,12.696,15.381,16.968,18.921,20.753,23.194,25.88,28.565,29.054,29.42,30.396,32.716,33.815,34.181,35.646,37.599,39.796,42.36,43.703,45.412,46.144,49.928,52.98,54.323,54.567,53.346,49.562,43.947,38.087,38.453,44.435,48.708,51.881,56.276
58.962,60.671,60.06,57.741,53.591,49.684,43.092,33.326,6.8361,7.0803,7.9348,8.6673,10.254,11.841,11.719,10.743,9.0335,5.7375,1.709,-0.12207,0.85452,2.1973,2.9298,2.5636,2.8077,4.6388,6.9582,7.8127,9.3997,11.353,12.696,13.428,15.503,18.433,20.02,18.311,12.085,4.883,-0.12207,-3.296,-5.8596,-6.7141,-5.9816,-5.3713,-5.4933,-5.6154,-6.1037,-8.7893,-12.574,-14.405,-14.893,-15.015,-15.381,-15.748,-15.992,-14.893,-14.161,-14.161,-12.94,-12.085,-12.696,-12.329,-10.01,-7.8127,-7.6907,-8.7893
-10.498,-9.1556,-7.6907,-6.8361,-5.8596,-3.4181,-3.1739,-1.0987,-1.587,-1.587,-1.4649,-1.3428,-1.4649,-1.0987,-0.73244,-0.4883,-0.4883,0.12207,0.4883,1.2207,1.9532,3.0519,4.1505,4.7609,5.2492,4.6388,4.3947,5.6154,6.7141,8.179,9.7659,12.696,14.649,15.87,13.916,9.6438,11.719,22.584,35.646,47.365,56.887,63.234,66.774,67.751,67.873,66.652,64.333,61.403,58.962,55.3,49.562,49.196,50.661,51.027,49.074,48.463,46.999,44.679,43.825,44.191,46.51,53.713,62.868,71.902,79.348,81.79
74.587,61.769,46.632,31.251,17.212,5.4933,-5.4933,28.809,30.885,30.396,29.298,27.833,25.758,23.072,21.363,19.654,19.532,20.142,20.142,20.386,21.607,22.828,22.584,22.462,20.02,16.846,10.132,5.8596,6.1037,6.4699,7.9348,6.1037,3.6622,4.1505,7.0803,10.376,11.841,9.6438,6.8361,7.0803,8.7893,8.9114,8.301,7.4465,11.475,18.067,24.171,26.49,27.345,28.565,27.589,21.607,13.306,5.4933,-0.4883,-5.8596,-12.085,-17.09,-21.363,-23.804,-27.467,-31.739,-36.866,-42.604,-48.83,-55.422
-60.305,-61.769,-60.915,-58.107,-54.323,-51.759,-50.417,-47.731,5.2492,5.6154,5.2492,4.3947,4.0284,3.9064,4.0284,4.1505,4.5167,4.5167,4.3947,3.0519,1.4649,1.0987,1.587,2.8077,3.5401,4.2726,5.1271,6.7141,8.7893,10.743,11.963,12.94,12.574,10.987,10.254,12.329,14.527,18.311,21.851,24.537,27.467,31.007,35.646,37.965,39.308,40.04,42.726,47.853,54.079,58.962,59.328,58.229,57.375,60.549,61.037,59.572,59.206,57.741,54.933,52.248,48.708,43.703,38.087,30.274,22.706,15.625
9.5218,7.3244,8.4231,9.1556,6.592,-1.709,-13.916,2.5636,2.9298,3.1739,2.8077,2.1973,2.6856,2.9298,3.0519,3.1739,3.1739,2.6856,2.6856,3.5401,5.6154,8.179,10.987,12.574,15.137,18.677,23.194,25.391,27.467,27.955,27.589,27.711,31.373,36.012,39.308,43.214,46.51,48.952,50.783,53.468,55.91,55.544,53.224,51.393,49.074,46.754,44.435,40.162,35.279,30.763,27.1,23.316,18.433,16.724,15.87,12.818,6.2258,-1.3428,-8.9114,-14.283,-18.799,-24.537,-32.228,-38.331,-42.116,-47.243
-57.619,-71.902,-88.87,-104.86,-115.85,-119.63,-114.26,-3.4181,-2.6856,-1.709,-0.4883,0.61037,2.0753,3.1739,3.7843,3.1739,1.587,0.12207,-1.587,-2.5636,-2.5636,-0.85452,1.4649,2.5636,2.5636,3.9064,6.8361,10.376,11.719,13.428,16.358,19.044,18.799,16.602,12.94,9.1556,6.4699,5.7375,6.7141,7.6907,6.1037,2.5636,-1.4649,-6.2258,-13.306,-20.753,-26.368,-29.054,-28.077,-22.095,-13.184,-5.7375,1.8311,8.179,13.428,14.771,14.039,15.259,17.579,22.706,30.396,39.796,49.318,54.811,56.276,53.835
49.196,3.296,2.8077,2.3194,1.9532,1.3428,0.61037,0.4883,1.2207,0.97659,2.1973,4.0284,5.6154,6.8361,8.6673,9.5218,8.179,5.2492,2.9298,2.1973,2.5636,5.7375,11.109,17.701,23.804,28.199,30.763,29.054,29.786,33.57,38.087,40.529,41.627,41.993,42.238,43.703,42.97,41.261,37.355,33.204,27.711,24.903,24.049,22.828,23.927,22.34,21.241,26.368,30.763,29.176,29.786,31.495,31.495,30.763,31.373,29.42,26.978,23.56,20.875,21.119,21.851,23.682,24.781,30.519,31.739,30.03
18.799,4.883,4.1505,3.5401,3.4181,3.9064,3.9064,3.7843,3.9064,4.3947,5.005,4.2726,1.709,-2.4415,-1.587,4.7609,10.865,12.94,12.574,10.865,12.452,15.992,20.142,20.264,20.875,24.171,27.467,30.396,33.692,36.744,37.721,36.256,34.425,31.495,29.054,28.809,30.885,32.35,32.96,31.861,31.129,30.763,30.03,29.542,28.809,25.636,20.142,12.818,6.4699,4.6388,1.709,-4.1505,-7.8127,-10.254,-11.475,-9.1556,-5.4933,-0.36622,8.6673,19.532,26.612,27.467,21.485,12.329,-3.7843,-24.171
-44.679,0.97659,1.0987,1.709,2.0753,3.1739,3.4181,3.6622,4.7609,4.883,4.6388,5.2492,5.3713,5.8596,6.9582,7.8127,9.2776,10.743,11.719,13.184,15.503,16.358,13.55,10.376,10.743,16.358,20.02,18.189,14.161,13.306,18.799,27.833,35.768,40.895,43.458,43.947,44.679,48.83,52.736,53.713,53.346,51.149,49.562,47.731,46.51,43.336,40.773,38.453,35.646,31.129,24.903,16.114,6.3478,-0.97659,-5.1271,-7.5686,-6.9582,-3.6622,2.5636,12.329,20.386,23.804,22.584,14.161,2.6856,-7.6907
-15.381,-0.61037,-0.36622,0.12207,0.4883,0.4883,0.12207,-0.24415,-0.4883,-0.4883,-0.4883,-0.24415,0.4883,1.587,3.4181,5.3713,6.9582,8.179,9.2776,10.376,11.109,11.475,11.353,10.254,11.109,13.916,18.799,20.264,24.171,23.927,20.142,17.335,21.851,27.833,32.594,42.604,53.346,61.281,68.972,73.366,73.733,73.489,71.657,74.465,74.709,68.606,61.892,57.619,55.422,53.713,52.004,50.295,49.562,48.708,49.318,48.341,44.191,38.453,29.542,19.288,8.0569,-2.1973,-15.137,-29.42,-45.656,3.9064
4.3947,4.7609,4.7609,5.3713,5.9816,6.9582,7.8127,8.6673,9.888,10.743,12.574,13.428,14.283,14.405,14.893,14.161,14.527,18.189,26.856,34.181,36.866,29.908,19.41,14.161,15.137,19.044,25.391,29.542,30.396,33.937,36.744,41.871,45.289,49.806,50.905,49.562,45.778,40.773,34.791,30.763,28.809,27.711,25.758,23.927,23.804,25.025,27.833,30.274,32.228,33.204,32.716,36.5,43.825,48.097,54.933,58.718,58.473,54.201,49.074,45.656,42.848,36.988,27.345,15.015,2.4415,4.3947
5.7375,7.8127,10.01,12.329,15.503,20.02,24.903,30.03,33.937,37.965,41.261,46.144,49.196,47.243,44.313,41.627,37.599,33.326,29.176,23.56,20.142,18.067,18.189,17.823,14.771,15.625,19.532,22.95,25.513,25.88,25.88,26.978,27.1,27.345,27.1,27.1,28.077,28.687,27.467,25.88,24.903,22.095,19.044,16.358,15.992,14.039,10.01,4.3947,0.36622,-1.9532,-4.5167,-9.6438,-15.87,-20.142,-22.95,-27.1,-35.89,-47.975,-55.3,-53.591,-47.853,-47.243,-47.365,-42.238,-38.331,-39.186
9.3997,8.0569,6.9582,6.8361,7.9348,10.865,12.452,12.818,12.818,13.55,14.405,14.527,13.672,13.062,13.184,12.452,12.085,11.475,10.376,9.0335,6.3478,3.296,-2.3194,-12.452,-25.269,-33.937,-37.721,-38.942,-36.256,-33.57,-33.448,-34.547,-32.472,-26.49,-20.142,-11.231,-2.4415,8.179,20.142,28.443,30.763,30.03,26.612,19.532,9.3997,2.1973,0.97659,3.6622,6.3478,7.3244,6.1037,6.8361,9.6438,9.888,7.8127,5.2492,2.9298,0.85452,-2.6856,-6.9582,-12.085,-17.335,-22.34,-29.664,-40.529,-52.37
-1.709,-1.709,-1.4649,-0.73244,0.24415,0.97659,1.4649,1.4649,1.4649,1.587,2.0753,2.5636,2.8077,3.296,3.4181,4.0284,5.005,7.0803,8.9114,9.7659,10.254,11.719,13.428,15.137,17.457,16.724,16.114,17.09,19.044,23.316,28.565,32.105,30.885,26.612,25.147,33.448,37.599,40.773,40.284,43.336,49.074,54.445,59.45,57.863,50.295,44.191,41.627,42.116,48.952,55.177,62.746,69.826,78.738,87.405,94.974,97.415,98.27,98.148,97.293,92.532,81.545,59.694,27.467,-7.2024,-36.744,-55.666
-11.597,-12.574,-11.475,-9.7659,-7.6907,-4.6388,-0.24415,4.5167,7.8127,10.254,11.841,13.672,15.625,17.701,21.119,25.391,28.932,30.885,30.885,30.274,27.711,24.171,19.532,12.818,6.1037,2.1973,0.4883,0.36622,1.587,4.5167,6.3478,5.1271,4.5167,6.9582,11.109,14.771,16.724,17.335,17.212,16.48,15.748,14.283,12.329,10.376,8.5452,8.4231,7.9348,8.0569,7.3244,5.3713,3.7843,2.4415,1.4649,-0.73244,-4.7609,-9.2776,-11.109,-11.963,-11.353,-9.7659,-6.1037,-1.3428,0.4883,-0.12207,-0.24415,0.24415
1.0987,0.73244,0.36622,0.61037,0.85452,1.4649,1.4649,1.709,2.5636,1.587,-1.587,-4.0284,-4.1505,-2.5636,-0.4883,2.1973,5.7375,8.0569,7.4465,5.2492,4.7609,6.4699,9.6438,8.4231,4.1505,-0.4883,-1.4649,1.3428,6.592,11.109,13.428,14.893,17.701,21.851,26.124,29.786,37.233,41.993,44.679,51.149,52.004,57.375,60.915,60.915,62.746,61.647,56.887,52.98,48.952,47.731,44.191,38.575,27.467,15.87,17.457,21.241,20.264,8.6673,-10.987,-25.513,-29.542,-26.978,-25.147,-25.88,16.724,16.846
16.846,16.846,17.457,18.189,19.288,20.142,21.241,20.875,19.166,16.236,13.916,13.062,11.841,10.376,8.0569,5.7375,4.6388,4.2726,4.2726,4.883,6.8361,6.7141,4.1505,0.12207,-3.4181,-7.3244,-12.085,-17.09,-21.973,-26.856,-31.251,-35.279,-42.97,-55.055,-62.38,-59.572,-49.318,-36.622,-23.194,-10.498,0.85452,12.207,24.049,34.303,39.064,43.214,46.388,44.923,44.435,45.289,48.83,53.102,53.835,50.539,46.022,42.36,40.284,37.477,36.256,35.524,26.124,15.137,7.5686,-1.587,-11.231,1.8311
1.8311,1.709,1.4649,1.587,1.4649,1.587,1.8311,2.5636,3.0519,3.5401,3.9064,4.1505,3.9064,3.4181,3.4181,3.5401,3.9064,4.5167,4.883,5.1271,6.1037,7.3244,8.301,7.9348,7.8127,7.6907,7.4465,7.8127,8.0569,10.132,15.015,16.724,17.579,19.654,18.311,23.804,32.228,34.913,35.89,36.134,36.622,38.697,41.871,49.196,57.497,60.671,62.258,61.525,58.351,56.032,52.614,46.999,43.58,43.947,46.022,50.05,54.689,57.253,56.032,50.905,46.388,42.482,37.599,27.1,10.743,18.677
17.335,18.799,21.241,23.438,24.293,22.584,18.067,12.329,6.592,1.0987,-2.9298,-4.883,-5.4933,-4.6388,-3.4181,-2.0753,-0.4883,0.97659,2.1973,3.6622,5.005,5.9816,4.5167,0.73244,-3.7843,-9.5218,-14.771,-16.846,-16.358,-14.405,-9.6438,-3.6622,3.4181,16.114,20.753,12.818,9.2776,10.376,9.6438,4.7609,3.4181,5.8596,11.841,15.137,18.799,26.124,35.035,41.505,45.778,47.853,47.121,42.238,35.157,27.589,18.799,8.9114,-3.296,-9.1556,-5.2492,-2.8077,-7.8127,-19.41,-39.674,-62.38,-1.709,-1.3428
-0.97659,-1.2207,-1.0987,-0.85452,-0.12207,0.36622,1.2207,2.9298,4.7609,5.4933,5.7375,4.7609,4.3947,4.5167,3.1739,3.6622,14.161,26.124,29.664,27.223,22.828,19.166,19.288,21.607,24.171,28.809,32.838,35.279,38.82,41.017,42.97,42.97,41.871,40.284,35.524,30.519,25.636,23.682,23.927,27.711,33.204,37.111,38.331,38.209,37.843,35.646,31.861,27.345,23.56,19.654,16.358,13.672,11.963,11.475,12.574,13.55,14.405,16.846,18.311,17.701,17.823,15.748,3.4181,-15.625,2.0753,2.3194
4.0284,5.2492,5.7375,4.883,4.2726,3.9064,3.9064,5.005,5.9816,5.005,3.9064,2.9298,2.3194,1.4649,0.12207,-0.73244,-0.12207,1.587,3.0519,3.9064,7.8127,14.283,20.386,22.217,19.41,16.602,14.893,14.893,17.09,16.846,17.457,18.677,19.41,21.973,25.88,30.274,33.57,32.472,24.903,11.231,-2.6856,-13.306,-17.945,-15.87,-14.039,-13.062,-10.01,-6.9582,-4.1505,-2.9298,-2.5636,-1.8311,-2.8077,-5.4933,-9.0335,-13.55,-18.677,-21.241,-18.677,-13.184,-10.01,-14.527,-25.147,-35.768,-1.0987,-1.0987
-0.85452,-0.97659,-0.24415,0.61037,1.587,2.0753,2.8077,3.296,3.4181,3.9064,4.5167,4.6388,5.1271,5.9816,6.1037,7.5686,9.5218,11.719,14.039,16.236,17.701,19.044,19.654,18.799,14.893,10.987,6.1037,3.4181,3.296,5.2492,9.3997,14.161,18.921,24.903,32.594,39.064,42.604,45.289,46.51,55.544,63.723,64.577,65.188,61.525,56.642,60.915,69.094,80.203,91.433,97.415,103.52,115.48,126.59,127.32,115.85,93.142,68.606,44.435,20.753,-0.12207,-17.457,-19.166,-16.114,-13.184,6.1037,3.4181
-4.1505,-10.376,-14.283,-5.9816,9.888,23.316,31.251,34.303,37.477,41.261,40.773,37.355,34.181,32.472,33.082,38.82,46.388,53.346,57.497,60.305,63.967,66.53,66.042,62.38,57.009,54.445,54.201,48.585,36.622,26.612,22.828,22.95,24.903,28.932,30.763,31.739,34.059,31.251,22.217,8.5452,-4.3947,-17.09,-26.49,-32.96,-40.407,-48.952,-64.333,-82.4,-90.823,-85.208,-71.535,-60.915,-50.539,-38.209,-28.443,-25.147,-30.396,-40.529,-52.98,-67.385,-80.691,-89.358,-96.438,-96.805,1.709,0.85452
-0.36622,-1.4649,-1.9532,-2.4415,-2.1973,-1.8311,-0.97659,0.24415,1.9532,3.4181,4.883,5.7375,6.3478,6.2258,6.4699,7.3244,8.4231,10.498,12.94,15.015,18.433,20.997,24.781,25.391,23.56,24.049,26.612,26.978,26.246,25.758,24.537,23.438,26.856,32.472,34.913,36.5,40.04,48.341,55.422,64.821,72.512,75.32,73.489,71.047,67.263,62.746,58.84,55.666,53.835,55.055,56.398,62.624,63.356,69.704,85.208,99.979,119.14,137.09,150.27,160.16,166.39,161.26,132.82,86.917,9.1556,4.7609
-1.8311,-8.9114,-12.207,-13.062,-11.353,-10.743,-9.0335,-7.9348,-9.0335,-10.498,-9.7659,-9.3997,-12.085,-14.161,-15.87,-14.771,-9.6438,-5.4933,-4.883,-8.5452,-11.963,-11.353,-6.9582,-0.97659,5.7375,11.841,18.311,26.734,36.622,47.365,58.229,68.239,75.198,78.127,79.226,76.785,70.437,59.206,45.289,29.908,13.916,-0.4883,-10.987,-21.485,-35.646,-47.975,-53.835,-56.276,-58.107,-61.892,-67.385,-67.751,-64.943,-62.502,-59.084,-57.009,-53.957,-51.149,-48.83,-52.492,-56.764,-55.788,-45.778,-26.612,-0.24415,-0.12207
0.61037,1.0987,1.4649,2.1973,3.1739,3.5401,4.5167,6.2258,8.0569,10.132,15.87,21.119,22.706,28.443,33.326,37.965,40.773,40.162,43.947,52.492,57.009,54.445,52.614,51.393,47.975,43.58,41.383,40.773,42.482,44.435,45.778,46.51,48.463,50.905,53.224,55.788,58.718,61.525,63.967,64.333,64.089,60.183,57.253,55.544,54.933,60.549,70.193,79.836,87.039,93.387,102.3,107.67,107.55,108.28,108.04,102.91,98.758,94.974,81.179,61.281,36.5,8.4231,-19.166,-36.866,56.764,59.45
63.601,66.408,67.873,67.629,68.484,70.925,73.244,72.756,67.263,56.398,45.412,38.942,33.204,25.636,16.48,9.6438,6.3478,5.6154,6.2258,5.7375,3.4181,-2.5636,-11.231,-20.02,-24.537,-23.438,-16.968,-7.5686,-0.24415,1.2207,-0.73244,0.61037,6.8361,8.5452,9.7659,6.4699,6.7141,10.376,10.865,11.109,4.1505,-2.1973,-5.7375,-8.7893,-13.672,-19.044,-23.194,-26.368,-28.932,-34.425,-41.505,-50.172,-58.473,-69.826,-83.254,-94.729,-101.08,-103.15,-101.32,-90.335,-76.785,-58.718,-38.087,2.0753,2.1973,1.8311
2.1973,3.0519,3.6622,3.296,3.1739,3.296,3.9064,4.6388,5.3713,5.4933,6.4699,6.9582,7.4465,8.301,9.3997,9.3997,8.6673,6.9582,4.5167,2.9298,0.61037,-0.73244,-0.85452,0.61037,3.5401,6.8361,9.888,13.062,17.457,22.706,26.124,24.781,20.02,12.207,6.9582,4.883,6.9582,10.132,15.381,21.485,28.809,37.355,45.778,51.759,55.177,59.45,68.606,80.447,93.142,104.01,115.24,131.11,146.49,161.26,172.37,183.11,186.77,178.23,165.17,148.56,131.23,105.59,75.808,46.754,25.025,9.3997
-1.0987,-8.7893,-15.992,-19.654,-24.293,-32.594,-27.1,-31.495,-33.815,-31.983,-32.594,-31.129,-27.955,-26.368,-27.711,-28.321,-29.298,-29.542,-29.908,-35.279,-42.726,-52.37,-57.985,-61.647,-64.455,-60.671,-49.562,-37.233,-27.589,-10.498,-8.6673,-7.3244,-5.2492,-2.3194,1.709,7.2024,11.475,13.794,15.503,16.602,16.724,18.433,20.142,23.56,27.711,31.861,28.199,28.199,31.861,36.134,38.942,46.51,48.708,50.417,61.892,78.738,93.142,110.84,114.14,97.781,86.062,82.766,24.903,23.927,23.072,22.95
23.194,23.682,25.88,28.809,30.03,31.861,31.861,30.763,28.321,26.124,22.828,19.532,16.236,12.329,9.3997,7.3244,6.3478,6.7141,9.5218,13.062,16.968,21.973,28.321,34.547,37.721,42.848,47.609,51.759,46.266,35.035,29.542,24.293,26.368,30.03,30.641,31.739,28.932,31.983,33.692,36.378,29.664,25.513,20.753,15.015,6.2258,0,-5.005,-5.3713,-2.9298,-0.24415,2.5636,7.9348,10.62,7.8127,5.005,3.9064,1.8311,-1.9532,-6.7141,-9.5218,-13.306,-14.771,-40.529,-28.932,-15.625,-5.1271
4.0284,10.01,12.452,11.109,8.179,3.4181,-1.9532,-6.592,-10.254,-11.719,-11.475,-10.132,-7.2024,-3.6622,-1.2207,2.4415,2.1973,3.296,4.6388,5.8596,7.3244,7.6907,6.7141,5.1271,2.6856,1.4649,1.9532,2.4415,2.3194,2.8077,3.7843,4.7609,5.9816,7.2024,8.7893,10.01,11.841,15.992,20.875,25.025,28.809,31.007,34.181,35.89,36.134,39.308,40.407,39.064,38.697,39.064,38.209,41.871,45.412,45.045,35.279,24.537,24.537,29.786,30.396,42.97,53.224,61.769,8.7893,9.7659,10.743,11.719
12.329,12.085,11.719,12.207,12.818,13.062,13.55,15.015,16.48,18.677,18.067,19.532,19.776,18.189,19.654,21.241,23.072,26.978,30.274,32.35,35.157,37.843,40.529,41.017,40.284,40.407,41.383,46.876,53.346,56.764,56.764,55.91,46.022,41.505,42.848,38.82,35.89,36.134,34.425,31.861,39.308,41.017,36.134,26.856,21.851,16.724,9.1556,3.6622,5.7375,6.1037,1.0987,-7.3244,-19.288,-29.664,-38.942,-45.9,-43.458,-35.89,-26.002,-12.085,-49.318,-43.092,-36.256,-27.955,-19.532,-12.207
-6.1037,-0.4883,1.8311,-1.0987,-6.8361,-13.55,-21.241,-27.345,-28.443,-26.368,-21.119,-15.137,-10.743,-6.4699,-2.9298,-0.24415,0.4883,-0.85452,-3.1739,-4.2726,-2.6856,0.73244,4.883,8.7893,12.696,16.358,20.142,22.828,24.903,26.49,29.054,30.763,33.448,34.913,33.692,29.908,25.88,23.56,24.293,23.682,24.903,26.368,28.565,30.641,33.204,35.401,37.843,39.186,39.186,42.116,44.313,45.778,48.708,61.037,80.203,88.87,106.08,128.18,148.93,158.82,2.1973,4.7609,6.8361,9.5218,11.231,12.696
14.283,15.748,17.457,19.898,20.875,22.217,24.781,28.321,31.251,35.035,37.355,37.355,37.965,38.697,38.331,37.843,38.697,40.407,43.58,47.487,49.44,51.149,53.468,59.938,65.432,68.239,71.169,78.738,80.569,67.995,56.887,52.614,51.759,49.928,44.191,39.064,38.82,41.749,44.313,47.731,62.502,78.738,72.878,58.718,58.596,55.91,45.9,28.321,5.1271,-18.067,-31.983,-36.5,-41.261,-44.801,-44.679,-37.233,-26.002,-18.433,-16.48,-14.771,18.433,17.335,14.161,7.9348,1.8311,-4.883
-10.498,-12.574,-11.231,-8.7893,-5.1271,-0.73244,4.0284,7.3244,7.8127,9.888,8.5452,5.4933,6.1037,7.8127,9.5218,9.888,9.0335,9.2776,11.231,13.794,15.748,16.236,15.259,14.161,12.94,12.207,12.329,11.475,11.841,12.207,13.184,13.428,13.184,13.55,13.428,14.161,15.015,16.48,18.433,23.804,30.396,33.815,34.547,35.768,34.547,36.5,36.378,34.791,32.35,33.692,36.988,42.116,49.318,60.06,76.052,85.452,83.865,73.489,66.897,59.938,59.45,3.5401,2.1973,1.0987,1.3428,1.587
1.9532,2.8077,3.9064,5.005,5.8596,7.2024,8.6673,10.376,12.94,16.114,19.532,23.804,27.833,31.983,36.622,39.674,41.261,42.604,41.749,39.186,38.209,36.622,31.617,22.706,16.114,10.132,8.5452,5.3713,5.005,6.592,8.0569,14.405,22.95,29.054,34.547,38.087,37.965,40.284,41.993,36.012,31.739,37.233,42.97,42.116,37.233,37.843,45.289,49.684,44.801,38.453,34.303,32.35,27.223,19.776,11.841,1.709,-4.883,-4.2726,-1.8311,-0.4883,-2.5636,-19.41,-14.405,-10.376,-10.743,-15.137
-18.921,-24.659,-33.082,-41.383,-50.172,-56.764,-61.525,-65.676,-66.897,-63.723,-58.718,-49.684,-40.407,-32.472,-26.002,-20.02,-16.236,-14.527,-11.719,-7.6907,-2.8077,2.1973,6.1037,10.376,14.405,17.335,19.288,20.508,21.119,22.095,22.462,23.072,24.537,26.734,27.467,27.345,26.734,28.443,31.129,34.669,35.279,36.012,38.575,41.505,43.947,45.045,46.388,49.928,52.858,58.84,64.333,67.019,70.437,68.606,63.234,57.741,52.248,44.191,34.547,26.978,2.0753,0.85452,-0.12207,0.85452,1.4649,1.3428
1.8311,2.9298,4.0284,4.5167,4.5167,4.6388,5.3713,5.8596,7.3244,9.6438,12.207,15.015,17.701,20.631,24.659,28.077,30.274,33.204,36.012,37.965,39.796,42.238,46.999,49.562,49.074,47.243,47.121,58.718,68.239,74.831,81.423,77.029,76.907,68.972,59.572,56.764,51.637,47.853,44.069,41.261,40.651,46.022,54.323,65.065,68.361,70.315,74.343,77.395,77.029,75.686,72.878,67.141,60.06,47.121,34.669,25.147,16.358,3.296,-9.6438,-18.555,-25.88,-31.129,-33.937,-34.181,-31.373,-50.417
-43.336,-38.575,-34.547,-31.129,-26.734,-21.363,-15.381,-11.475,-7.2024,-2.8077,-1.4649,-2.0753,-3.6622,-4.7609,-4.7609,-5.2492,-5.8596,-6.4699,-6.592,-5.9816,-4.3947,-5.005,-5.9816,-5.7375,-5.9816,-4.7609,-4.3947,-5.6154,-4.7609,-4.2726,-3.4181,-1.8311,0.4883,1.709,4.0284,8.0569,13.794,19.044,23.438,25.513,27.589,29.054,28.443,27.345,25.636,22.462,20.142,17.945,14.893,12.696,4.0284,-7.2024,-25.88,-36.378,-31.983,-25.025,-21.363,-10.01,31.007,37.599,39.308,38.453,40.651,44.801,47.853,-4.0284
-1.709,-4.3947,-6.4699,-8.6673,-10.254,-9.3997,-8.301,-5.3713,-0.73244,5.2492,11.109,14.283,18.067,22.34,25.147,26.124,29.054,32.716,37.721,44.679,50.417,51.637,49.806,46.51,43.214,41.871,45.045,50.417,53.957,60.671,69.826,84.109,99.002,107.06,115.36,125.49,132.33,130.01,121.22,110.48,98.392,84.841,69.582,54.689,43.58,42.604,45.9,51.149,60.671,78.494,94.485,99.124,95.706,98.392,84.475,60.549,34.669,13.55,-3.296,-14.771,-24.049,-32.96,-45.045,-52.736,-62.258,-70.803
-70.681,-68.361,-69.338,-70.437,-71.535,-70.315,-66.897,-62.624,-54.445,-45.656,-33.448,-19.898,-8.9114,-3.1739,-1.8311,-3.296,-6.8361,-11.963,-16.724,-20.631,-24.537,-24.903,-25.025,-22.95,-22.095,-20.264,-16.602,-11.719,-8.5452,-4.883,-1.4649,1.0987,1.709,1.709,2.8077,3.6622,3.6622,4.3947,5.9816,6.7141,7.8127,10.743,13.672,15.015,15.748,15.503,15.625,17.579,20.386,20.508,16.602,13.672,6.8361,2.0753,6.2258,8.0569,9.0335,11.231,21.851,38.575,48.463,50.905,58.107,55.422,42.238,34.669
4.0284,-1.0987,-7.8127,-12.452,-15.381,-14.527,-13.062,-8.6673,-3.6622,-0.36622,0.4883,1.2207,1.8311,1.8311,4.6388,9.2776,11.963,18.799,26.49,32.838,37.843,41.383,43.336,45.656,47.609,50.295,52.492,53.591,52.492,51.149,50.295,50.905,53.346,55.666,58.229,59.45,59.45,59.328,60.305,57.985,52.736,54.445,57.985,59.694,69.704,82.4,93.875,102.79,103.27,94.852,81.668,71.902,62.136,52.248,39.552,27.955,19.41,15.748,10.743,3.7843,-0.36622,-4.6388,-9.2776,-8.179,-6.2258,-6.2258
-7.5686,-19.776,-11.353,-7.3244,-7.2024,-8.0569,-9.888,-12.452,-17.579,-26.002,-32.594,-37.233,-39.552,-42.482,-44.679,-46.022,-43.58,-39.674,-36.378,-33.204,-30.519,-28.199,-25.758,-24.171,-23.682,-23.316,-21.241,-16.724,-11.597,-7.4465,-4.5167,-2.4415,1.3428,6.4699,9.5218,10.498,9.3997,9.3997,9.6438,9.0335,7.8127,8.6673,10.743,14.039,18.677,22.217,25.88,27.833,29.42,30.03,32.838,35.524,38.209,38.453,40.284,43.092,49.684,57.375,58.962,59.694,66.164,70.315,62.868,58.596,53.102,50.05
46.388,-3.7843,-2.4415,0.12207,4.3947,8.5452,11.475,13.306,14.161,13.794,13.184,12.94,12.207,11.719,11.353,11.475,11.719,13.428,14.893,16.846,19.776,23.438,26.978,29.786,31.617,33.326,34.547,36.256,39.43,42.97,45.778,49.684,52.98,56.764,60.793,61.647,65.92,68.606,69.704,73.366,77.639,83.132,85.208,80.691,71.413,63.478,60.183,59.694,63.234,61.525,57.863,54.811,49.44,42.848,35.89,30.763,24.049,17.212,13.306,3.1739,-8.7893,-22.462,-39.43,-56.887,-63.601,-66.408
-62.746,-91.556,-95.706,-94.974,-87.893,-76.296,-62.868,-46.999,-28.809,-15.259,-3.296,1.709,-0.12207,-8.5452,-17.457,-25.758,-32.228,-36.622,-39.064,-38.087,-31.983,-24.415,-17.212,-9.3997,-1.8311,4.6388,11.475,17.09,20.875,22.584,23.072,22.828,22.34,22.828,23.927,26.246,28.199,34.303,42.848,42.482,42.97,44.557,47.975,49.318,45.9,43.58,42.116,38.331,35.279,34.547,34.059,33.326,31.617,31.251,32.35,36.134,39.552,45.9,55.788,65.31,65.065,59.084,67.019,65.065,59.084,52.126
50.172,-7.6907,-8.301,-9.3997,-9.5218,-9.3997,-8.9114,-8.9114,-8.0569,-7.5686,-6.7141,-4.3947,-0.97659,2.5636,6.4699,10.01,12.696,15.503,18.433,20.508,22.706,25.88,28.321,30.885,34.425,39.186,43.58,46.266,48.463,50.905,53.591,57.131,58.84,61.892,62.502,66.286,66.652,65.31,64.089,63.478,62.136,60.183,56.398,54.323,49.318,41.627,36.988,31.983,28.321,26.978,22.095,22.95,28.321,28.809,25.513,20.508,17.335,16.846,14.527,8.301,-0.4883,-8.5452,-13.55,-17.09,-20.142,-23.316
-18.799,-60.305,-57.253,-47.487,-35.279,-22.095,-8.4231,4.0284,13.916,17.09,12.207,2.8077,-5.4933,-10.743,-17.335,-22.217,-26.002,-28.443,-29.298,-27.223,-23.438,-17.945,-12.574,-9.0335,-5.8596,-4.2726,-2.8077,-3.0519,-3.296,-1.0987,2.0753,5.2492,8.179,11.353,12.329,14.039,18.067,21.363,24.659,26.978,31.129,34.425,37.233,38.82,40.895,42.848,44.191,45.289,46.388,49.806,52.492,53.591,55.055,52.858,48.219,43.336,38.942,34.425,39.064,37.233,50.295,69.582,84.353,93.02,94.363,95.096
97.781,-3.7843,1.3428,0.85452,-3.296,-6.592,-12.207,-15.625,-35.157,-19.654,-3.296,-20.631,-28.809,-10.865,-9.3997,-10.376,-9.888,-13.916,6.8361,34.669,34.669,41.749,38.82,52.126,-1.709,-15.748,-12.94,-27.833,-42.116,-45.534,-42.604,-36.012,-28.199,-26.856,-27.1,-27.711,-25.025,-27.223,-27.589,-22.217,-21.729,-18.433,-22.706,-23.56,-30.519,-32.35,-37.233,-42.36,-46.51,-46.144,-49.928,-65.798,-81.79,-82.888,-85.94,-106.57,-116.58,-109.26,-101.57,-97.415,-92.776,-79.104,-62.624,-45.656,-32.472,-18.921
-7.0803,-22.34,-10.62,1.709,9.3997,10.01,9.6438,9.1556,1.2207,-7.0803,-9.7659,-11.475,-10.987,-8.4231,-6.8361,-5.1271,-4.0284,-2.6856,-1.9532,-2.8077,-4.3947,-5.6154,-5.9816,-5.7375,-2.5636,2.3194,7.0803,10.498,12.574,14.893,17.212,18.433,20.02,21.607,23.804,24.537,25.025,25.88,27.711,29.542,31.373,32.472,33.937,32.838,32.594,30.763,29.664,27.589,25.513,25.269,23.682,17.212,16.358,16.724,16.602,14.527,14.283,17.09,15.748,15.381,22.828,30.885,36.744,35.89,38.575,44.313
46.876,-9.5218,-12.085,-12.574,-13.184,-12.94,-11.597,-9.888,-8.179,-6.4699,-5.7375,-3.5401,-1.0987,1.2207,3.5401,6.592,11.353,15.503,17.212,20.508,24.659,26.124,27.833,27.589,27.955,28.687,27.711,27.467,29.542,31.739,30.763,31.495,31.983,32.96,34.913,38.575,41.627,47.243,52.004,53.224,53.713,54.689,57.253,61.647,57.619,49.684,47.487,46.999,43.703,39.308,36.256,32.594,28.932,24.415,20.631,18.067,11.597,5.4933,2.4415,-4.3947,-12.574,-21.363,-30.641,-37.843,-41.749,-42.848
-46.388,-37.721,-26.856,-13.794,-0.36622,8.4231,10.865,6.7141,1.0987,-4.1505,-10.132,-16.236,-21.241,-25.636,-27.589,-27.955,-26.856,-24.293,-21.485,-18.433,-13.672,-9.6438,-6.1037,-1.8311,-1.3428,-0.36622,0.97659,2.1973,3.0519,4.0284,5.8596,7.0803,7.9348,9.1556,12.085,14.771,17.212,20.631,23.316,24.293,25.025,25.88,25.513,25.513,26.856,28.443,28.199,30.641,34.303,36.988,43.092,41.627,37.843,36.622,41.261,37.843,33.448,34.181,33.326,34.181,35.279,41.627,37.965,29.298,16.236,10.865
20.753,-6.7141,-4.883,-3.0519,-0.4883,1.3428,1.587,4.2726,6.592,9.5218,13.794,17.823,23.56,27.345,27.711,26.368,27.467,27.955,28.077,29.42,30.885,33.204,34.913,36.744,39.064,41.749,44.923,46.388,47.243,49.318,48.341,47.487,46.144,45.778,47.853,50.661,53.224,54.933,55.788,54.201,53.835,56.642,53.713,49.074,45.412,42.848,37.721,33.204,31.495,33.692,33.815,31.861,32.96,32.96,30.519,26.734,25.758,22.095,20.508,12.696,1.9532,-8.301,-15.87,-21.119,-26.246,-28.565
-0.61037,-4.3947,-8.6673,-13.062,-15.503,-18.433,-23.804,-28.443,-28.687,-26.49,-24.659,-24.049,-23.194,-19.41,-15.259,-12.085,-9.1556,-7.5686,-9.1556,-12.818,-15.992,-17.09,-18.433,-20.875,-22.217,-20.508,-16.602,-11.841,-8.7893,-6.2258,-2.4415,-0.24415,1.0987,2.8077,6.3478,9.3997,13.306,17.701,21.973,24.903,27.833,29.42,30.274,30.396,29.664,29.542,28.809,25.636,25.025,27.711,26.734,28.443,29.176,30.396,30.885,31.251,35.524,39.796,41.261,46.632,56.154,59.084,58.229,57.863,59.572,58.962
-5.1271,-6.1037,-8.9114,-11.719,-13.55,-13.306,-11.841,-9.0335,-5.4933,-1.4649,1.9532,3.7843,4.0284,3.6622,4.0284,4.2726,4.5167,6.8361,9.2776,11.841,14.283,16.236,19.898,24.415,29.42,33.204,36.134,38.087,39.552,42.238,48.463,50.172,52.37,55.177,55.666,57.253,61.647,60.793,60.549,62.746,60.06,53.713,49.928,48.219,46.266,44.313,44.557,47.365,42.482,31.251,23.804,18.311,13.672,10.743,10.01,10.743,8.179,0.97659,-3.9064,-6.9582,-15.259,-27.345,-29.176,-24.415,-23.682,-23.804
-22.584,-16.236,-63.845,-69.826,-72.634,-66.164,-59.206,-52.736,-48.708,-30.274,-9.2776,1.2207,-1.0987,-1.3428,3.9064,4.6388,-1.587,-10.743,-13.062,-9.0335,-4.2726,-0.12207,2.3194,3.9064,6.9582,11.353,14.161,14.771,14.405,13.184,12.329,10.865,10.132,10.62,12.329,13.672,12.085,9.888,7.4465,9.888,16.48,19.532,18.189,20.264,24.537,25.269,27.1,28.565,28.077,28.565,28.932,27.345,23.194,18.677,14.405,4.883,-5.005,-11.719,-7.2024,-1.709,4.883,10.254,18.311,19.654,17.09,17.457
28.199,35.646,5.005,7.6907,10.376,13.672,15.625,17.457,20.631,23.438,26.002,29.298,32.472,32.96,36.866,38.82,41.017,42.97,44.313,45.9,47.487,49.562,50.905,52.614,55.91,57.375,59.938,60.671,60.305,58.107,58.107,58.229,56.032,57.253,58.84,59.938,63.112,66.897,68.361,67.385,67.141,67.751,67.995,65.188,60.305,57.131,51.881,47.609,45.9,39.186,34.303,28.321,19.532,10.254,1.2207,-5.3713,-5.3713,-6.8361,-13.916,-20.997,-28.077,-35.768,-41.139,-43.58,-42.848,-37.355
-16.968,2.0753,19.166,29.542,31.251,22.34,8.7893,-5.4933,-15.503,-22.095,-26.002,-27.467,-26.612,-24.415,-20.386,-17.212,-15.748,-13.794,-8.7893,-2.8077,6.7141,12.818,15.137,16.724,17.09,15.503,15.137,16.968,19.532,24.537,27.589,28.932,28.077,25.758,23.56,22.584,21.729,21.851,23.682,25.758,28.321,30.641,32.105,32.105,31.129,29.176,26.002,23.927,24.659,27.1,28.809,28.809,28.687,32.472,32.105,33.326,38.087,49.196,50.295,50.172,56.032,58.107,60.671,47.243,32.105,13.062
-0.36622,2.1973,2.0753,1.709,1.709,0.24415,-2.9298,-4.883,-4.6388,-2.0753,0.61037,3.4181,6.9582,11.109,15.748,20.02,23.438,26.002,26.124,25.147,21.851,20.02,20.142,21.485,22.462,25.269,27.711,31.007,31.861,35.401,40.04,44.679,50.417,55.788,55.544,56.398,60.671,60.305,61.037,65.065,65.188,65.188,64.577,65.92,63.601,56.398,49.44,45.045,39.796,30.763,19.654,11.353,13.672,12.94,8.4231,5.2492,12.207,26.002,36.256,38.453,42.482,40.407,31.373,14.527,-2.3194,-12.452
-9.5218,-0.61037,4.2726,4.0284,4.1505,-6.2258,-12.94,-18.433,-18.921,-19.41,-20.142,-18.799,-17.457,-17.335,-17.945,-17.701,-16.48,-20.02,-25.147,-26.978,-28.565,-27.223,-27.467,-30.274,-30.152,-28.077,-23.927,-19.044,-16.724,-12.818,-5.7375,-1.0987,1.8311,5.2492,8.0569,10.376,13.184,15.625,17.09,17.823,16.968,16.846,16.724,17.945,21.363,23.56,24.415,22.584,19.41,16.358,12.574,8.6673,4.1505,2.9298,5.1271,11.841,17.579,28.199,40.895,50.417,51.027,55.666,54.811,56.887,53.957,-22.95
-17.335,-11.841,-8.179,-5.4933,-2.9298,-2.3194,-0.85452,0.97659,2.6856,4.883,5.9816,7.5686,9.888,13.062,16.846,18.921,21.119,22.584,23.438,23.682,25.88,27.467,27.467,28.321,30.641,32.35,31.617,31.007,31.129,31.739,32.594,32.716,35.157,37.721,41.871,47.243,54.201,60.427,54.811,58.596,55.544,51.881,48.463,48.341,43.092,37.843,34.547,31.129,28.932,27.833,29.176,28.443,25.269,21.973,19.41,14.649,7.0803,0.12207,-7.2024,-12.452,-10.01,-7.0803,-1.709,4.7609,-9.5218,-16.846
-21.363,-25.025,-23.56,-20.508,-17.701,-13.55,-9.2776,-6.4699,-4.7609,-3.1739,-4.0284,-6.7141,-8.7893,-11.231,-14.161,-15.015,-14.527,-13.184,-10.865,-5.9816,-4.0284,-1.8311,-0.24415,0.85452,1.709,2.5636,4.0284,5.6154,8.0569,10.01,11.475,13.916,15.992,19.288,21.729,22.706,24.171,24.293,22.706,20.753,18.555,18.677,20.142,20.875,21.241,20.386,15.748,10.254,-1.9532,-12.574,-13.916,-16.236,-11.963,-6.592,3.0519,12.574,20.631,26.612,30.396,33.937,32.228,24.171,22.706,14.771,15.503,15.625
14.649,13.672,12.574,11.109,10.376,8.9114,7.6907,9.7659,12.818,15.381,19.898,23.194,26.124,29.786,32.838,35.035,36.866,39.674,42.604,44.313,47.365,51.637,54.079,55.177,56.398,57.497,57.497,58.229,59.694,61.159,61.647,64.455,60.305,54.445,49.562,46.388,44.923,45.167,49.196,54.323,55.788,56.154,62.014,66.164,62.502,57.741,54.079,52.736,49.928,43.58,32.716,20.142,6.2258,-7.6907,-17.09,-24.781,-31.495,-37.111,-37.965,-37.111,-37.111,-36.256,-31.373,22.706,16.358,6.9582
-5.2492,-15.625,-23.56,-28.077,-30.396,-30.03,-27.589,-23.438,-19.532,-16.724,-14.771,-14.161,-13.062,-14.161,-15.87,-18.067,-20.508,-20.753,-20.508,-19.166,-16.114,-12.329,-8.4231,-3.6622,0.4883,3.4181,5.9816,7.8127,9.0335,10.62,12.085,13.916,17.212,20.508,22.828,25.391,27.955,30.274,31.983,32.838,34.181,34.547,35.768,36.744,36.866,36.134,36.256,35.768,35.646,37.233,39.552,36.378,37.721,42.97,51.393,56.52,63.601,64.211,66.286,67.385,60.305,54.811,46.876,7.0803,6.1037,5.6154
4.883,3.7843,2.1973,-0.12207,-1.2207,-3.5401,-5.1271,-2.5636,1.8311,7.3244,13.428,19.532,26.002,30.763,33.815,36.866,40.04,44.069,46.388,45.167,45.167,38.82,25.513,15.137,12.085,11.231,13.062,18.311,28.687,33.937,44.435,47.731,54.689,58.962,58.473,58.84,59.572,59.206,56.032,55.3,55.3,51.515,46.632,45.534,51.515,53.468,54.567,55.666,54.445,48.952,34.547,18.433,6.4699,-1.8311,-4.3947,-7.4465,-12.574,-16.114,-16.724,-17.212,-16.114,-11.109,-7.5686,-21.485,-14.039,-7.0803
-0.4883,3.4181,2.9298,-0.85452,-5.2492,-9.7659,-15.748,-21.851,-27.345,-32.594,-35.646,-36.5,-35.89,-33.937,-30.641,-28.809,-26.368,-23.927,-20.997,-19.044,-17.701,-15.625,-14.161,-13.184,-12.207,-9.2776,-4.7609,-0.73244,4.7609,10.743,16.602,20.631,23.804,25.025,25.636,25.758,26.734,27.1,27.589,27.345,25.269,22.217,18.677,14.649,11.231,9.3997,10.62,13.184,15.87,16.724,18.433,18.677,13.916,10.865,10.987,5.3713,6.7141,0.97659,-20.508,-29.786,-36.744,-42.238,-33.082,-29.054,-33.204,-34.303
-31.495,-29.42,-27.711,-26.734,-26.246,-27.223,-27.345,-23.56,-15.137,-5.6154,1.4649,5.8596,10.498,14.039,16.48,19.41,20.508,20.753,20.753,22.34,24.903,24.659,27.223,30.152,33.082,37.233,40.284,40.773,40.04,39.674,39.43,37.111,36.744,29.786,19.288,8.4231,6.8361,0.24415,-6.592,-7.3244,-12.329,-21.729,-22.34,-29.542,-30.519,-27.589,-26.124,-25.88,-22.706,-16.968,-13.672,-13.184,-16.48,-20.264,-22.217,-20.142,-16.114,-10.62,-4.1505,0.73244,8.4231,13.184,-11.353,-7.3244,-7.0803,-9.0335
-10.376,-10.01,-11.963,-14.771,-15.381,-16.602,-16.602,-16.48,-15.381,-12.94,-12.085,-12.818,-11.719,-11.231,-9.888,-7.0803,-5.1271,-1.8311,0.73244,4.2726,9.0335,14.161,18.799,21.363,21.851,22.462,23.072,23.927,22.706,20.508,20.631,19.41,19.044,16.968,15.381,13.672,13.184,15.259,16.724,17.701,14.649,8.9114,4.7609,0.24415,-4.7609,-8.5452,-9.6438,-7.3244,-6.1037,-5.005,-2.3194,9.6438,31.983,49.074,51.759,51.393,51.881,47.365,45.656,45.9,45.9,44.923,-53.346,-50.905,-43.825,-35.035
-25.269,-16.48,-8.4231,-1.4649,3.1739,5.005,5.3713,5.005,5.8596,5.6154,9.0335,16.114,25.025,30.885,35.646,36.378,36.134,37.477,41.261,44.069,47.243,49.928,53.713,59.45,63.112,63.601,63.234,61.892,60.793,65.798,68.85,62.136,62.99,62.746,60.915,51.149,49.806,50.05,54.323,63.723,66.042,63.967,62.868,58.107,56.398,48.097,33.57,22.584,19.776,22.584,24.903,18.433,6.9582,5.2492,5.7375,-0.97659,1.4649,13.428,22.828,22.095,15.015,-8.5452,0.73244,5.1271,7.4465,4.1505
4.2726,5.005,0.36622,-4.3947,-10.01,-16.358,-19.898,-19.532,-19.776,-20.875,-20.997,-20.386,-17.212,-11.475,-7.3244,-5.4933,-4.7609,-4.2726,-6.1037,-8.179,-11.719,-14.527,-14.649,-13.062,-11.109,-8.4231,-5.005,-4.0284,-3.4181,-4.2726,-4.0284,-1.0987,0.24415,1.3428,1.0987,1.4649,3.6622,7.0803,8.0569,7.4465,8.5452,9.7659,9.3997,9.3997,11.719,21.363,38.575,48.83,49.562,54.567,65.432,65.188,58.84,57.253,56.032,54.567,52.858,55.91,62.258,75.076,94.974,-9.0335,-9.3997,-7.5686,-9.6438,-11.231
-9.7659,-6.1037,-1.587,5.1271,10.498,15.015,18.677,19.898,20.631,20.02,20.753,22.584,23.072,24.293,25.636,27.467,34.669,38.697,38.209,39.552,40.284,39.674,38.331,35.279,31.617,29.054,23.56,21.973,22.095,20.997,22.584,26.856,29.054,31.861,28.443,18.067,9.7659,2.8077,-1.9532,-7.8127,-13.794,-20.264,-26.368,-30.03,-35.768,-40.407,-39.674,-37.355,-41.749,-47.243,-46.144,-54.079,-69.094,-72.756,-68.972,-62.99,-57.741,-55.788,-57.497,-52.248,-39.308,-27.223,-16.358,-18.921,-32.472,-44.191
-54.201,-61.281,-64.577,-72.878,-85.452,-90.823,-91.678,-89.48,-85.574,-78.372,-66.652,-53.468,-42.97,-38.697,-33.937,-29.298,-27.1,-27.223,-28.687,-30.519,-32.96,-35.646,-37.477,-36.134,-32.96,-27.1,-13.428,-17.457,-20.264,-23.316,-26.734,-32.105,-40.407,-53.102,-64.211,-84.353,-127.57,-167.49,-140.87,-133.06,-148.44,-145.27,-153.69,-149.91,-154.79,-185.06,-191.78,-184.33,-157.96,-118.9,-86.062,-82.4,-81.668,-70.193,-97.171,-125.86,-142.22,-164.07,-199.59,-0.97659,-1.3428,-1.3428,-1.709,-2.3194,-2.5636,-2.1973
-1.4649,-0.85452,-0.4883,-0.4883,-1.2207,-2.3194,-2.3194,-1.709,0.73244,2.4415,2.3194,0.97659,-1.4649,-3.9064,-5.6154,-5.1271,-4.1505,-2.9298,-1.4649,-0.85452,0.24415,0.85452,1.709,2.3194,3.1739,3.296,2.9298,1.587,1.2207,1.4649,1.9532,2.8077,3.5401,4.6388,7.5686,11.231,14.039,16.114,16.968,17.579,17.823,17.457,14.771,10.743,4.2726,-8.301,-20.02,-32.96,-42.97,-44.679,-49.074,-60.549,-63.967,-57.009,-51.515,-56.887,-52.614,-54.445,-143.19,-1.9532,-0.24415,0.85452,2.1973,2.4415,2.3194,1.4649
0.61037,0.24415,-0.12207,0.4883,0.85452,1.3428,1.2207,-0.12207,-0.97659,-1.2207,-0.85452,-0.12207,0.73244,2.1973,3.1739,3.4181,4.1505,3.4181,1.8311,0.97659,1.2207,2.4415,3.6622,4.1505,2.1973,-1.0987,-4.6388,-7.0803,-7.3244,-6.8361,-3.7843,-0.85452,-4.7609,-14.527,-19.898,-15.87,-3.0519,7.4465,11.353,9.0335,3.0519,-5.2492,-6.2258,-11.109,-20.264,-36.866,-55.055,-69.338,-85.208,-105.23,-107.55,-110.35,-101.44,-81.301,-79.348,-72.878,-60.549,-66.652,-82.4,18.799,20.997,23.804,26.124,26.002,24.293,22.095
21.851,22.095,22.706,24.781,29.664,36.622,42.238,46.266,48.463,51.759,55.055,57.131,57.741,58.229,58.596,60.793,67.385,75.808,84.231,86.428,85.696,89.358,95.462,91.067,80.203,69.338,56.276,47.487,45.534,47.365,48.219,46.022,37.599,26.002,17.09,13.428,11.231,8.179,5.005,4.883,12.574,26.368,32.838,36.988,44.435,55.177,65.676,72.634,79.104,92.776,115.48,134.16,141.61,148.44,150.03,154.06,145.02,141.73,131.35,109.01,0.12207,1.0987,2.5636,2.9298,2.5636,1.587
1.0987,0.73244,-0.12207,-1.2207,-2.5636,-2.5636,-2.3194,-2.1973,-1.4649,-0.97659,-0.85452,-0.24415,-0.36622,-2.6856,-3.6622,-1.3428,1.4649,3.4181,4.7609,6.2258,7.6907,10.376,13.794,16.236,13.428,16.724,16.114,19.532,19.41,22.584,32.838,36.256,40.284,48.097,65.432,92.654,121.34,141,158.57,169.44,172.98,171.64,157.48,136.23,129.15,116.21,96.072,77.639,74.099,72.756,70.193,59.816,50.783,48.463,45.412,46.266,48.952,54.323,55.422,58.229,-10.865,-11.475,-12.207,-12.574,-12.207,-11.475
-10.376,-8.9114,-6.2258,-2.8077,0.61037,3.5401,6.1037,8.9114,10.743,11.109,9.888,6.2258,1.0987,-5.3713,-9.0335,-10.132,-11.597,-14.771,-20.508,-29.908,-36.988,-38.697,-36.622,-34.669,-36.988,-43.214,-49.562,-51.149,-50.295,-47.487,-43.703,-37.355,-27.1,-14.039,-3.5401,1.587,-11.109,-29.298,-44.923,-71.535,-101.81,-114.87,-112.19,-107.91,-100.47,-84.964,-70.681,-66.897,-73,-88.015,-78.005,-64.211,-60.427,-66.408,-69.216,-69.216,-74.953,-77.395,-75.198,-102.05,-2.8077,-2.0753,-1.0987,-0.24415,0.73244,1.4649
1.9532,2.0753,1.587,0.85452,1.4649,1.9532,2.8077,1.2207,-0.85452,-3.4181,-6.592,-9.6438,-10.62,-9.6438,-7.5686,-5.6154,-6.2258,-7.6907,-8.5452,-11.475,-15.748,-20.997,-25.88,-30.763,-36.134,-41.139,-45.167,-47.609,-49.562,-52.004,-55.177,-60.06,-63.967,-64.699,-65.554,-67.385,-69.704,-75.32,-81.668,-85.574,-87.039,-86.917,-82.522,-78.86,-81.057,-81.668,-77.151,-66.652,-48.952,-30.519,-13.672,3.296,10.376,24.293,45.778,66.164,88.992,108.89,88.382,-52.37,-0.73244,-0.85452,-1.2207,-1.3428,-1.587,-2.0753
-2.8077,-4.2726,-5.1271,-5.8596,-5.4933,-5.9816,-6.2258,-6.592,-7.0803,-7.5686,-7.3244,-6.7141,-5.9816,-5.005,-4.0284,-2.8077,-2.1973,-1.8311,-1.9532,-1.709,-1.0987,-0.97659,-1.587,-1.709,-4.1505,-10.987,-13.794,-10.498,-9.888,-6.4699,-6.2258,-3.7843,-12.818,-19.654,-23.804,-28.932,-34.181,-37.233,-41.017,-47.365,-56.398,-60.183,-52.858,-45.412,-38.209,-29.054,-21.241,-13.184,0.73244,18.677,36.134,46.022,56.887,77.029,100.96,125.49,152.84,198.74,167.36,51.759,-5.4933,-4.2726,-3.296,-2.4415,-1.0987,0.4883
1.587,1.4649,0.61037,-0.36622,-1.9532,-3.7843,-4.5167,-4.7609,-5.6154,-6.7141,-7.4465,-7.5686,-7.3244,-7.8127,-9.1556,-9.7659,-9.3997,-9.3997,-10.01,-10.865,-11.109,-11.963,-14.527,-16.846,-18.067,-17.823,-18.433,-21.241,-24.659,-29.542,-35.401,-44.191,-54.445,-67.629,-86.062,-105.96,-119.02,-122.2,-112.43,-94.485,-74.099,-55.055,-42.726,-40.651,-51.637,-65.065,-78.005,-88.992,-94.729,-101.93,-118.17,-131.6,-142.34,-143.8,-141.73,-132.45,-120.37,-108.4,-119.75,-172.12,1.9532,1.8311,1.8311,1.3428,0.73244,0.4883
1.2207,1.587,1.709,1.8311,2.3194,3.0519,3.7843,2.8077,2.0753,2.3194,2.6856,3.4181,4.5167,4.883,5.005,5.9816,5.3713,3.5401,3.5401,3.5401,3.1739,1.8311,0.61037,0.61037,0.12207,0.24415,-0.36622,-1.2207,-0.12207,3.4181,6.1037,9.1556,12.329,17.945,26.612,36.134,51.637,66.408,82.278,85.94,95.218,99.002,101.81,109.38,113.28,120.37,135.75,131.72,147.95,148.32,147.59,144.05,142.46,142.95,139.29,129.89,134.16,140.75,155.64,211.43,-6.8361,-5.4933,-3.6622,-1.9532,-0.12207,1.8311
4.2726,6.1037,7.0803,7.9348,7.9348,8.301,9.0335,9.6438,9.7659,9.3997,8.4231,6.2258,5.8596,7.2024,9.3997,9.888,7.6907,5.8596,5.8596,5.8596,5.6154,4.1505,3.4181,3.0519,2.8077,2.1973,3.5401,5.005,5.9816,8.301,12.574,17.457,20.753,18.921,10.498,-2.1973,-19.288,-35.157,-48.463,-54.079,-69.582,-105.11,-122.93,-121.34,-122.93,-145.02,-166.75,-172.37,-170.29,-164.8,-161.14,-156.13,-151.13,-147.34,-143.07,-143.07,-150.27,-161.38,-172.49,-232.31,-3.4181,-5.8596,-8.179,-9.888,-9.5218,-9.3997
-10.987,-13.55,-14.405,-7.0803,2.0753,9.3997,18.067,24.293,25.147,20.264,13.55,7.5686,2.3194,-3.296,-11.963,-22.34,-30.274,-33.204,-30.274,-23.316,-19.288,-20.631,-22.95,-27.589,-47.609,-77.883,-99.002,-114.14,-123.29,-124.76,-122.81,-108.77,-99.734,-97.293,-89.358,-71.902,-57.863,-47.121,-35.768,-31.251,-32.838,-33.326,-32.35,-38.209,-61.403,-90.457,-107.3,-106.81,-99.246,-101.32,-111.45,-116.34,-115.6,-110.35,-103.76,-104.98,-102.91,-91.556,-76.418,-85.33,2.1973,1.9532,2.4415,2.1973,2.0753,1.9532
0.85452,-1.0987,-2.6856,-3.7843,-4.2726,-6.3478,-9.1556,-12.574,-16.968,-20.02,-21.729,-25.758,-31.739,-38.331,-46.632,-53.102,-57.497,-60.183,-63.723,-68.484,-73.244,-78.494,-85.94,-96.316,-106.45,-117.92,-128.91,-140.26,-154.91,-172,-177.5,-174.32,-164.19,-154.42,-151.62,-158.21,-170.66,-176.64,-172.37,-160.16,-155.64,-163.34,-181.04,-187.51,-174.57,-136.97,-77.273,2.6856,64.333,0.73244,-3.7843,-6.4699,-7.9348,-8.9114,-10.376,-11.109,-11.109,-10.865,-10.498,-9.7659,-9.1556,-9.1556,-9.0335,-8.9114,-8.5452,-7.9348
-7.6907,-6.9582,-5.8596,-4.7609,-3.7843,-2.8077,-2.5636,-2.0753,-1.709,-1.4649,-1.8311,-1.9532,-1.587,-1.3428,-0.85452,-1.4649,-3.296,-5.2492,-6.9582,-7.6907,-8.179,-9.888,-12.085,-14.405,-18.189,-22.462,-27.345,-32.472,-37.721,-43.703,-48.952,-54.567,-58.596,-67.507,-88.015,-105.96,-143.44,-176.27,-189.58,-191.78,-193.12,-183.48,-167.49,-156.62,-147.83,-133.55,-117.31,-102.42,-170.9,-0.4883,0.24415,0.24415,-0.4883,-0.73244,-0.24415,-0.24415,-0.97659,-0.61037,0.12207,-0.12207,0,-0.24415,-0.36622,-0.24415,-0.12207,-0.24415
0,0.24415,-0.4883,-1.0987,-1.2207,0.24415,1.8311,2.8077,2.1973,2.5636,3.4181,3.7843,3.296,2.9298,1.3428,-0.24415,-1.8311,-3.0519,-3.0519,-2.5636,-2.3194,-1.9532,-1.9532,-0.73244,-0.73244,0.24415,-0.24415,0.36622,0.73244,0.61037,0,-1.4649,-2.4415,-1.4649,-0.12207,-1.4649,-3.296,-3.0519,-0.61037,2.4415,3.6622,4.7609,7.5686,12.94,16.236,18.555,22.584,23.194,17.09,6.7141,4.883,4.6388,7.2024,10.376,12.452,12.085,10.132,8.0569,6.4699,6.9582,8.6673,11.963,16.48,19.044,16.236,9.1556
3.9064,0.73244,-1.4649,-3.9064,-7.8127,-11.963,-14.283,-14.283,-14.161,-13.55,-13.916,-17.457,-23.927,-30.152,-35.279,-39.918,-42.36,-44.191,-52.248,-58.718,-66.897,-73.366,-78.616,-91.189,-105.84,-103.4,-105.59,-110.72,-116.95,-125.61,-140.26,-150.27,-157.35,-157.48,-139.77,-128.67,-118.78,-97.903,-82.888,-76.54,-77.029,-89.969,-109.74,-119.27,-121.95,-120.37,-115.97,-136.23,-175.66,-6.1037,-8.5452,-13.184,-20.02,-25.88,-34.547,-42.604,-56.032,-72.512,-87.649,-100.96,-116.82,-141,-176.03,-200.32,-216.93,-236.7
-246.1,-238.65,-235.6,-237.68,-240.73,-237.68,-231.94,-228.77,-225.47,-221.2,-218.27,-221.81,-226.94,-229.99,-227.3,-219.98,-207.28,-187.38,-168.83,-153.57,-131.11,-118.05,-112.43,-102.54,-84.597,-67.629,-49.318,-30.152,-15.015,-2.4415,20.631,55.055,98.758,133.06,146.37,146.24,133.92,117.68,107.06,103.89,108.28,116.58,121.34,119.39,109.62,99.857,98.148,99.246,36.5,-7.6907,-9.1556,-10.987,-11.719,-10.987,-9.888,-8.4231,-7.8127,-7.8127,-6.9582,-6.8361,-6.4699,-4.3947,-3.6622,-2.5636,-1.587,-2.1973
-1.8311,-0.73244,1.9532,2.6856,3.5401,4.6388,5.6154,6.8361,6.7141,5.4933,4.3947,3.5401,2.5636,2.6856,2.1973,1.709,1.0987,-0.12207,-2.1973,-3.6622,-4.2726,-4.6388,-4.5167,-4.0284,-5.4933,-5.1271,-3.6622,-2.4415,-2.4415,-1.4649,-1.3428,-1.4649,-0.4883,-0.61037,-0.12207,1.9532,7.4465,15.137,17.212,17.823,25.636,33.204,40.162,50.295,67.141,94.485,77.273,35.646,28.932,49.196,56.154,69.582,78.86,81.668,87.405,98.758,112.8,5.4933,4.6388,4.2726,3.4181,2.8077,3.0519,4.3947,4.5167,3.9064
3.6622,3.9064,3.7843,4.5167,4.2726,4.2726,4.1505,6.2258,-0.97659,-10.01,-19.044,-25.88,-31.129,-36.622,-51.393,-69.216,-86.795,-110.35,-137.21,-170.66,-196.17,-212.9,-232.92,-228.64,-220.22,-206.06,-188.6,-169.8,-161.14,-155.03,-143.44,-131.72,-120.12,-110.84,-108.04,-105.35,-93.265,-72.756,-50.905,-34.913,-29.542,-25.025,-19.532,-11.353,-10.987,-18.799,-26.734,-28.321,-62.38,-4.883,-5.7375,-8.0569,-10.865,-13.428,-15.625,-16.724,-16.968,-15.992,-15.015,-13.916,-11.597,-8.6673,-5.9816,-3.7843,-1.9532,-1.3428
-2.0753,-4.3947,-8.7893,-14.283,-21.607,-31.739,-45.045,-59.084,-74.221,-92.532,-108.16,-117.19,-127.2,-126.96,-118.66,-116.34,-121.22,-123.66,-122.07,-123.05,-126.71,-131.96,-135.62,-139.65,-145.76,-152.71,-158.21,-146.12,-124.64,-106.08,-91.067,-82.644,-88.504,-99.368,-104.13,-104.25,-106.08,-110.72,-115.24,-111.09,-96.927,-66.164,-21.119,18.799,36.378,35.035,30.03,10.01,-48.463,12.207,9.7659,6.8361,4.0284,1.709,-0.73244,-3.4181,-6.3478,-8.6673,-10.498,-11.597,-12.085,-11.841,-12.085,-13.306,-14.893,-13.428
-10.62,-13.916,-13.916,-17.579,-21.729,-29.054,-34.303,-37.965,-45.167,-65.432,-74.221,-77.761,-86.917,-94.729,-87.405,-74.953,-77.639,-93.753,-118.41,-139.9,-165.41,-187.38,-201.91,-204.96,-195.32,-183.23,-174.2,-160.77,-146.12,-139.77,-148.56,-146.12,-131.84,-123.66,-122.2,-128.67,-129.15,-116.82,-98.514,-79.47,-61.525,-49.074,-39.064,-31.251,-23.072,3.0519,44.435,-36.134,-95.096,46.022,-1.3428,-1.587,-1.587,-1.8311,-1.9532,-2.0753,-2.0753,-1.587,-1.0987,-0.61037,-0.24415,-0.61037,-0.73244,-0.97659,-1.4649,-1.709
-2.9298,-3.9064,-5.1271,-5.3713,-4.6388,-3.7843,-1.709,3.6622,8.301,5.005,0,-2.4415,-2.0753,0.24415,2.4415,2.1973,-0.85452,-3.0519,-3.0519,-1.2207,-1.709,-3.1739,-4.7609,-5.005,-4.5167,-2.5636,-0.36622,0.36622,0.4883,2.0753,4.2726,6.592,9.7659,14.527,17.823,24.781,44.801,69.094,85.33,102.54,124.64,134.65,142.7,152.1,158.82,165.65,174.93,189.7,201.67,213.02,16.358,16.236,16.846,17.579,17.09,15.87,13.55,11.597,9.7659,8.179,7.2024,6.592,5.7375,4.6388,3.9064,3.1739
2.5636,2.1973,0.61037,-1.709,-4.6388,-6.8361,-8.5452,-10.01,-8.9114,-8.179,-14.161,-22.462,-31.739,-39.064,-48.952,-61.647,-76.052,-93.02,-116.09,-137.7,-160.89,-181.77,-211.19,-237.92,-247.08,-242.44,-227.06,-205.45,-187.02,-169.19,-144.9,-116.7,-95.706,-83.254,-81.912,-77.395,-66.286,-62.136,-63.601,-72.878,-87.039,-100.47,-110.72,-113.77,-106.94,-93.387,-81.179,-70.559,-58.351,-79.592,-6.3478,-6.8361,-8.179,-9.5218,-10.498,-11.109,-10.865,-10.254,-8.0569,-4.883,-1.3428,2.4415,4.7609,6.3478,6.592,8.179
7.4465,10.254,10.254,2.9298,-3.5401,-6.7141,-12.085,-12.574,-7.8127,-9.888,-17.579,-19.41,-11.841,-4.1505,-0.85452,-0.24415,3.296,8.179,6.7141,9.7659,18.189,13.916,5.8596,4.2726,7.9348,15.992,18.189,21.729,26.978,29.054,25.88,26.978,31.739,54.567,67.751,83.132,108.16,119.63,131.6,141.61,147.47,159.06,172,193,219.24,253.3,271.37,269.66,269.05,271.49,-0.36622,0.12207,0.4883,0.61037,0.97659,1.2207,1.0987,0,0,-0.61037,-2.3194,-2.3194,-2.9298,-3.0519,-2.1973,-0.24415
0.97659,0.97659,0.73244,0.73244,1.587,2.5636,2.3194,1.3428,0.36622,0.4883,2.0753,3.4181,4.6388,5.3713,5.9816,6.8361,7.8127,8.4231,6.9582,2.8077,-3.9064,-9.6438,-13.306,-18.799,-30.763,-45.167,-65.798,-79.47,-86.673,-92.532,-101.81,-112.43,-115.36,-111.09,-118.29,-136.48,-146.49,-138.8,-133.06,-132.33,-126.83,-107.18,-86.795,-75.442,-74.465,-67.873,-51.759,-34.913,-69.338,-222.3,0.12207,0.4883,0.85452,0.24415,-2.1973,-5.6154,-6.3478,-4.1505,-1.9532,-0.73244,2.0753,5.005,5.9816,5.6154,4.6388,3.4181
1.587,0.24415,-1.0987,-3.1739,-4.5167,-6.2258,-7.0803,-7.3244,-6.8361,-5.8596,-5.3713,-4.883,-4.1505,-3.7843,-4.1505,-4.5167,-4.7609,-6.2258,-8.4231,-10.254,-9.888,-7.5686,-6.3478,-8.179,-8.301,-4.3947,-3.6622,-2.1973,-3.4181,-4.5167,-4.6388,-5.6154,-5.7375,-5.2492,-4.883,-3.4181,-0.61037,1.9532,3.0519,5.7375,10.865,15.137,19.776,23.438,28.199,37.111,51.759,65.432,73.489,96.805,0.24415,0.24415,0.12207,0.24415,-0.24415,-0.85452,-0.4883,-0.85452,-2.6856,-3.5401,-3.5401,-3.9064,-4.3947,-5.4933,-7.5686,-9.5218
-10.62,-12.085,-12.94,-13.062,-14.405,-15.87,-16.48,-18.189,-24.293,-31.495,-36.988,-36.256,-35.89,-43.336,-55.544,-64.821,-69.338,-80.813,-97.293,-118.17,-131.96,-146,-153.2,-153.69,-158.94,-167.85,-171.39,-164.43,-148.81,-139.41,-113.53,-94.485,-92.166,-88.748,-82.4,-79.47,-73.489,-73.611,-79.714,-101.93,-171.51,-201.79,-175.91,-148.08,-138.92,-123.05,-110.35,-114.63,-109.74,-67.629,-0.24415,-1.9532,-3.7843,-3.296,-2.1973,-1.587,-1.2207,-1.2207,-0.12207,1.0987,0.4883,-0.61037,-1.3428,-1.3428,-0.85452,-0.85452
-1.3428,-1.8311,-1.587,-1.8311,-2.1973,-2.5636,-2.0753,-2.1973,-2.1973,-1.9532,-1.0987,-0.36622,-0.4883,-0.36622,-0.73244,-1.4649,-2.3194,-3.4181,-3.1739,-2.1973,-1.8311,-1.8311,-3.0519,-4.0284,-3.7843,-1.587,0,0,-1.0987,-3.0519,-2.8077,-3.6622,-3.6622,-3.5401,-1.4649,-1.0987,-1.0987,-0.61037,0.85452,1.4649,2.3194,3.4181,6.1037,9.1556,14.161,18.677,25.269,31.007,30.763,22.95,28.199,50.661,75.564,91.556,107.79,0.24415,0.36622,1.0987,1.709,2.0753,2.3194,0.85452,-1.9532,-5.7375,-7.5686,-8.301
-7.9348,-6.9582,-4.6388,-2.8077,-4.1505,-6.3478,-4.7609,-10.376,-18.433,-25.025,-29.908,-32.228,-30.152,-28.199,-25.269,-19.41,-8.9114,-0.85452,1.709,-3.1739,-13.306,-27.711,-47.731,-65.065,-77.883,-91.189,-106.08,-114.02,-113.77,-106.81,-95.462,-89.358,-80.935,-79.592,-86.795,-99.368,-121.59,-138.07,-146.86,-150.88,-159.43,-168.46,-175.3,-174.2,-160.53,-138.92,-127.57,-123.05,-120.73,-116.21,-103.27,-83.621,-64.699,-59.328,-155.77,7.4465,4.1505,2.8077,2.4415,1.8311,0.24415,-0.85452,-1.3428,-1.709,-2.1973,-3.6622
-4.7609,-4.5167,-5.9816,-6.9582,-8.179,-8.4231,-8.5452,-7.5686,-6.2258,-6.2258,-4.7609,-2.5636,-1.0987,0.4883,2.3194,3.1739,4.3947,6.8361,8.6673,9.1556,9.6438,9.7659,9.2776,10.376,14.283,16.968,17.212,18.799,24.415,36.866,47.731,39.918,34.913,58.229,74.221,84.597,99.246,121.59,130.99,131.96,131.11,129.15,132.57,143.44,161.26,181.4,199.96,214.61,236.21,253.55,256.11,245.49,233.89,207.16,146.49,124.39,3.5401,-16.114,-31.861,-44.191,-52.004,-57.009,-58.473,-57.619,-54.079,-51.637
-51.393,-52.37,-53.591,-53.713,-52.858,-50.295,-45.289,-37.233,-28.443,-19.776,-11.597,-4.5167,3.4181,10.498,13.672,11.231,5.9816,0.73244,-4.6388,-9.3997,-10.01,-9.6438,-11.353,-16.358,-19.288,-21.851,-25.636,-26.368,-23.072,-17.945,-17.335,-16.236,-9.7659,-4.3947,-3.1739,-8.0569,-17.212,-33.57,-55.3,-78.616,-97.049,-103.52,-97.659,-86.184,-79.958,-82.766,-103.89,-122.81,-133.67,-126.35,-101.2,-65.188,-16.602,36.988,79.348,-131.23,1.0987,2.8077,5.1271,6.2258,6.3478,5.7375,5.005,5.005,5.005,4.883
3.6622,2.0753,1.709,1.2207,-0.36622,-0.4883,-1.8311,-1.3428,-1.709,0.4883,0.85452,1.709,0.4883,-1.8311,-3.296,-3.296,-2.3194,-1.709,-1.2207,-1.8311,0.85452,2.9298,-0.12207,-2.9298,-7.3244,-11.353,-13.794,-15.015,-20.753,-37.965,-39.186,-46.876,-54.689,-59.694,-60.793,-53.224,-41.749,-22.584,0.61037,15.503,10.62,-2.0753,-14.039,-29.298,-46.876,-80.447,-114.51,-145.63,-168.22,-168.58,-157.35,-133.43,-95.096,-35.157,19.044,-26.49,3.4181,3.9064,3.7843,3.1739,3.4181,3.5401,3.0519,2.5636,1.3428,0.61037
0.36622,-1.3428,-2.9298,-2.3194,-0.61037,0.97659,1.709,2.6856,3.0519,3.296,1.9532,2.5636,0.4883,7.6907,11.109,12.94,16.846,18.921,20.264,22.95,29.42,39.308,48.219,58.84,70.925,75.686,77.395,76.662,77.517,86.55,107.3,115.97,137.94,159.31,165.78,178.35,167.36,140.63,115.48,114.63,108.52,98.148,91.311,102.54,113.77,112.31,112.92,116.34,113.16,110.11,109.01,102.05,104.98,105.84,105.84,106.33,2.9298,2.8077,2.5636,2.6856,2.1973,1.587,1.4649,1.9532,2.5636,3.0519
3.296,3.5401,4.1505,5.1271,6.2258,7.3244,9.0335,11.353,12.818,14.039,15.137,16.724,16.968,18.189,18.921,18.921,19.044,18.433,17.335,15.625,13.062,9.2776,5.1271,1.587,0.4883,-0.12207,-4.883,-12.94,-21.485,-25.147,-26.246,-25.636,-31.983,-36.5,-35.157,-29.542,-32.716,-56.52,-60.671,-52.736,-53.713,-55.788,-64.821,-75.686,-83.865,-93.265,-105.47,-112.67,-118.05,-116.7,-112.31,-102.54,-86.184,-61.403,-59.328,-206.55,1.9532,2.4415,1.9532,2.0753,2.5636,3.6622,4.0284,2.6856,2.6856,5.4933
8.301,7.4465,5.1271,7.3244,6.3478,4.1505,2.0753,7.5686,17.335,29.786,37.111,41.383,46.51,52.98,57.619,63.478,73,77.639,84.719,91.311,108.28,126.35,129.28,123.29,123.42,123.54,95.828,76.785,81.301,77.761,74.953,82.034,81.057,83.132,85.208,86.55,85.696,88.626,89.48,98.392,97.049,102.91,113.16,123.05,133.55,141,137.09,138.31,154.67,169.93,178.84,190.44,188.24,178.23,156.01,15.87,13.916,11.841,9.6438,8.179,6.592,5.4933,5.8596,4.6388,0.85452,-4.6388
-9.3997,-11.841,-11.841,-10.62,-9.2776,-8.179,-6.2258,-3.4181,0.61037,3.296,4.3947,4.883,3.7843,-0.12207,-3.7843,-3.7843,-9.6438,-16.968,-39.186,-31.739,-10.01,-17.945,-33.937,-36.988,-32.472,-30.03,-28.687,-27.467,-30.641,-37.111,-44.557,-55.055,-68.361,-84.964,-130.62,-169.19,-179.82,-170.42,-168.46,-175.05,-179.82,-172.86,-160.65,-159.31,-168.1,-168.71,-170.29,-158.09,-160.53,-167.12,-149.05,-112.55,-80.813,-75.564,-152.59,-2.9298,-4.3947,-4.2726,-3.9064,-3.0519,-2.3194,-1.9532,-2.5636,-2.9298,-2.6856,-6.7141
-30.641,-20.264,-7.4465,-1.709,-24.903,-29.176,-15.381,5.2492,11.475,13.062,16.358,22.095,28.443,28.809,43.092,32.105,34.059,2.3194,25.025,31.251,42.604,47.243,46.876,59.084,68.606,67.385,77.761,98.758,109.74,110.23,129.03,139.65,155.16,150.52,137.82,129.03,124.15,109.26,90.335,90.701,98.392,97.293,94.485,96.194,98.758,102.91,115.97,127.08,138.31,150.76,157.6,170.78,193.37,232.67,226.08,-6.592,-5.9816,-6.3478,-6.1037,-5.8596,-5.8596,-6.4699,-7.5686,-9.7659,-11.963,-12.574
-12.574,-11.963,-10.987,-10.01,-10.01,-9.888,-10.376,-13.306,-17.945,-22.095,-23.804,-25.147,-24.293,-21.119,-19.654,-17.457,-14.893,-13.672,-13.428,-13.306,-12.329,-9.6438,-4.5167,-0.61037,1.709,3.7843,7.6907,11.597,11.353,8.179,5.1271,5.2492,6.1037,6.7141,6.4699,4.7609,5.4933,7.5686,9.2776,7.2024,-1.8311,-21.485,-44.313,-57.985,-66.408,-82.888,-98.392,-102.79,-104.98,-102.91,-89.846,-60.06,-27.955,7.2024,-62.014,-3.7843,-2.1973,-0.61037,1.2207,2.5636,2.3194,1.8311,2.3194,3.0519,3.6622,5.1271
6.2258,7.9348,7.8127,6.2258,4.7609,3.7843,2.6856,1.9532,1.587,1.2207,0.61037,1.3428,2.0753,1.587,0.4883,-1.709,-3.0519,-2.6856,-1.9532,-3.0519,-6.8361,-10.865,-16.48,-22.34,-32.716,-37.843,-43.336,-34.425,-17.09,0.24415,13.062,20.508,14.283,5.4933,-1.9532,-12.207,-26.734,-44.313,-67.751,-87.283,-105.96,-135.26,-163.82,-175.18,-178.84,-179.94,-181.65,-169.32,-143.8,-115.73,-91.311,-64.821,-28.809,9.5218,-243.29,0.73244,-0.97659,-1.8311,-3.296,-2.8077,-2.0753,-1.8311,-1.709,-0.85452,-0.85452,-2.0753
-2.5636,-1.9532,-0.85452,0.12207,0.4883,0.24415,0.36622,0.97659,0.97659,-0.24415,-2.5636,-3.4181,-3.296,-3.9064,-5.4933,-6.592,-6.9582,-7.0803,-6.7141,-6.7141,-8.6673,-11.963,-18.921,-27.833,-38.453,-46.632,-50.417,-47.853,-42.848,-40.895,-41.261,-39.186,-34.303,-28.565,-26.368,-28.321,-34.425,-48.708,-60.793,-64.577,-65.31,-67.995,-65.065,-57.009,-57.741,-56.398,-47.365,-34.303,-30.396,-25.269,-20.875,-2.6856,41.139,-38.453,-229.26,-0.73244,-0.85452,-1.2207,-1.2207,-1.0987,-1.587,-1.8311,-1.2207,-0.97659,-1.0987,-1.587
-1.8311,-1.3428,-0.61037,-0.61037,-1.2207,-1.4649,-1.8311,-2.0753,-2.1973,-2.1973,-1.9532,-1.709,-2.5636,-3.296,-4.6388,-6.1037,-7.3244,-7.6907,-10.01,-12.696,-17.335,-20.875,-21.729,-22.95,-28.932,-34.303,-39.552,-45.167,-48.463,-47.975,-48.708,-54.079,-61.647,-61.159,-63.723,-67.507,-68.484,-63.478,-53.713,-51.393,-47.365,-28.932,-7.2024,13.428,39.064,62.868,85.208,105.96,122.2,140.51,160.89,127.81,96.072,107.79,123.66,-1.9532,-1.2207,-1.709,-2.3194,-3.296,-4.0284,-4.1505,-3.9064,-3.6622,-3.296,-3.5401
-4.2726,-4.6388,-4.883,-6.7141,-10.01,-13.672,-16.602,-19.776,-21.973,-22.34,-23.56,-27.833,-33.448,-38.697,-43.458,-46.754,-52.248,-61.647,-68.972,-70.925,-68.484,-62.868,-57.497,-56.154,-51.881,-50.661,-56.032,-66.164,-65.188,-57.497,-49.928,-51.637,-56.032,-59.572,-66.408,-81.301,-91.556,-97.415,-106.45,-129.15,-131.35,-117.8,-106.2,-103.76,-107.79,-109.13,-111.09,-116.46,-126.83,-135.5,-137.58,-135.99,-131.6,-132.57,-229.5,-6.1037,-6.1037,-5.7375,-4.3947,-3.5401,-4.2726,-7.4465,-9.888,-11.353,-12.696,-14.039
-15.137,-16.236,-18.067,-21.485,-25.025,-27.467,-29.298,-32.228,-36.134,-37.233,-37.477,-38.331,-40.407,-41.261,-43.947,-47.365,-50.661,-55.422,-60.305,-68.484,-76.052,-79.47,-75.564,-69.216,-65.676,-66.53,-68.728,-72.878,-75.198,-75.198,-75.686,-77.761,-80.081,-81.79,-93.753,-100.22,-102.66,-102.42,-102.66,-112.06,-120.12,-122.56,-120.61,-114.51,-105.84,-102.66,-101.81,-100.59,-102.05,-104.01,-99.246,-88.504,-69.948,-59.694,-220.95,-8.301,-7.2024,-5.4933,-4.0284,-2.1973,0.61037,3.0519,4.6388,4.7609,3.7843,2.3194
0.97659,0.24415,-0.36622,1.9532,3.9064,2.6856,-3.1739,-10.132,-16.114,-23.804,-29.542,-33.57,-42.482,-51.515,-57.619,-61.525,-62.136,-66.53,-90.213,-103.4,-105.84,-98.148,-111.7,-126.1,-143.07,-144.78,-138.68,-141.85,-144.17,-142.7,-137.46,-124.64,-114.38,-106.69,-87.771,-67.019,-62.624,-77.151,-88.137,-95.95,-104.13,-111.33,-116.95,-122.56,-129.28,-134.16,-135.99,-137.82,-138.31,-141,-141.97,-134.53,-115.24,-97.903,-127.69,-0.73244,1.587,4.6388,6.592,7.9348,8.4231,-3.296,-5.7375,-8.7893,-16.114,-24.171
-28.199,-37.477,-42.848,-44.069,-46.388,-47.609,-46.876,-44.069,-42.36,-41.139,-39.43,-44.435,-57.619,-59.694,-64.943,-79.958,-99.612,-110.48,-114.63,-128.42,-135.62,-147.22,-161.75,-174.93,-189.83,-200.93,-204.35,-196.05,-182.74,-159.67,-144.17,-138.92,-136.97,-128.18,-114.99,-104.01,-98.392,-87.771,-80.325,-85.574,-89.969,-82.888,-85.94,-101.69,-110.6,-118.41,-124.39,-125,-129.89,-127.45,-114.14,-80.447,-28.809,37.965,21.485,-112.19,-47.121,-34.425,-33.57,-34.669,-53.224,-57.131,-43.092,-28.077,-21.607,-18.921
